row,key,column,before,after,source
1933,케이아이에스정보통신(주),top_addr,,서울특별시 구로구 새말로 97 센터포인트웨스트 22,R3_사명교차전파
1933,케이아이에스정보통신(주),top_region,,서울,R3_사명교차전파
1934,케이아이에스정보통신(주),top_addr,,서울특별시 구로구 새말로 97 센터포인트웨스트 22,R3_사명교차전파
1934,케이아이에스정보통신(주),top_region,,서울,R3_사명교차전파
1935,케이아이에스정보통신(주),top_addr,,서울특별시 구로구 새말로 97 센터포인트웨스트 22,R3_사명교차전파
1935,케이아이에스정보통신(주),top_region,,서울,R3_사명교차전파
1936,케이아이에스정보통신(주),top_addr,,서울특별시 구로구 새말로 97 센터포인트웨스트 22,R3_사명교차전파
1936,케이아이에스정보통신(주),top_region,,서울,R3_사명교차전파
1937,케이아이에스정보통신(주),top_addr,,서울특별시 구로구 새말로 97 센터포인트웨스트 22,R3_사명교차전파
1937,케이아이에스정보통신(주),top_region,,서울,R3_사명교차전파
1938,케이아이에스정보통신(주),top_addr,,서울특별시 구로구 새말로 97 센터포인트웨스트 22,R3_사명교차전파
1938,케이아이에스정보통신(주),top_region,,서울,R3_사명교차전파
1939,케이아이에스정보통신(주),top_addr,,서울특별시 구로구 새말로 97 센터포인트웨스트 22,R3_사명교차전파
1939,케이아이에스정보통신(주),top_region,,서울,R3_사명교차전파
1940,케이아이에스정보통신(주),top_addr,,서울특별시 구로구 새말로 97 센터포인트웨스트 22,R3_사명교차전파
1940,케이아이에스정보통신(주),top_region,,서울,R3_사명교차전파
1941,케이아이에스정보통신(주),top_addr,,서울특별시 구로구 새말로 97 센터포인트웨스트 22,R3_사명교차전파
1941,케이아이에스정보통신(주),top_region,,서울,R3_사명교차전파
1950,현대캐피탈(주),top_addr,,서울특별시 중구 세종대로 14,R3_사명교차전파
1950,현대캐피탈(주),top_region,,서울,R3_사명교차전파
1951,현대캐피탈(주),top_addr,,서울특별시 중구 세종대로 14,R3_사명교차전파
1951,현대캐피탈(주),top_region,,서울,R3_사명교차전파
1952,현대캐피탈(주),top_addr,,서울특별시 중구 세종대로 14,R3_사명교차전파
1952,현대캐피탈(주),top_region,,서울,R3_사명교차전파
1953,현대캐피탈(주),top_addr,,서울특별시 중구 세종대로 14,R3_사명교차전파
1953,현대캐피탈(주),top_region,,서울,R3_사명교차전파
1954,현대캐피탈(주),top_addr,,서울특별시 중구 세종대로 14,R3_사명교차전파
1954,현대캐피탈(주),top_region,,서울,R3_사명교차전파
1955,현대캐피탈(주),top_addr,,서울특별시 중구 세종대로 14,R3_사명교차전파
1955,현대캐피탈(주),top_region,,서울,R3_사명교차전파
1956,현대캐피탈(주),top_addr,,서울특별시 중구 세종대로 14,R3_사명교차전파
1956,현대캐피탈(주),top_region,,서울,R3_사명교차전파
1957,현대캐피탈(주),top_addr,,서울특별시 중구 세종대로 14,R3_사명교차전파
1957,현대캐피탈(주),top_region,,서울,R3_사명교차전파
1958,현대캐피탈(주),top_addr,,서울특별시 중구 세종대로 14,R3_사명교차전파
1958,현대캐피탈(주),top_region,,서울,R3_사명교차전파
1959,현대캐피탈(주),top_addr,,서울특별시 중구 세종대로 14,R3_사명교차전파
1959,현대캐피탈(주),top_region,,서울,R3_사명교차전파
1960,현대캐피탈(주),top_addr,,서울특별시 중구 세종대로 14,R3_사명교차전파
1960,현대캐피탈(주),top_region,,서울,R3_사명교차전파
1961,현대캐피탈(주),top_addr,,서울특별시 중구 세종대로 14,R3_사명교차전파
1961,현대캐피탈(주),top_region,,서울,R3_사명교차전파
1962,현대캐피탈(주),top_addr,,서울특별시 중구 세종대로 14,R3_사명교차전파
1962,현대캐피탈(주),top_region,,서울,R3_사명교차전파
1963,현대캐피탈(주),top_addr,,서울특별시 중구 세종대로 14,R3_사명교차전파
1963,현대캐피탈(주),top_region,,서울,R3_사명교차전파
1964,현대캐피탈(주),top_addr,,서울특별시 중구 세종대로 14,R3_사명교차전파
1964,현대캐피탈(주),top_region,,서울,R3_사명교차전파
1965,현대캐피탈(주),top_addr,,서울특별시 중구 세종대로 14,R3_사명교차전파
1965,현대캐피탈(주),top_region,,서울,R3_사명교차전파
1966,현대캐피탈(주),top_addr,,서울특별시 중구 세종대로 14,R3_사명교차전파
1966,현대캐피탈(주),top_region,,서울,R3_사명교차전파
1967,현대캐피탈(주),top_addr,,서울특별시 중구 세종대로 14,R3_사명교차전파
1967,현대캐피탈(주),top_region,,서울,R3_사명교차전파
1968,현대캐피탈(주),top_addr,,서울특별시 중구 세종대로 14,R3_사명교차전파
1968,현대캐피탈(주),top_region,,서울,R3_사명교차전파
1969,지에스엠비즈(주),top_addr,,서울특별시 영등포구 선유로43길 19,R3_사명교차전파
1969,지에스엠비즈(주),top_region,,서울,R3_사명교차전파
1970,지에스엠비즈(주),top_addr,,서울특별시 영등포구 선유로43길 19,R3_사명교차전파
1970,지에스엠비즈(주),top_region,,서울,R3_사명교차전파
1971,지에스엠비즈(주),top_addr,,서울특별시 영등포구 선유로43길 19,R3_사명교차전파
1971,지에스엠비즈(주),top_region,,서울,R3_사명교차전파
1972,지에스엠비즈(주),top_addr,,서울특별시 영등포구 선유로43길 19,R3_사명교차전파
1972,지에스엠비즈(주),top_region,,서울,R3_사명교차전파
1973,지에스엠비즈(주),top_addr,,서울특별시 영등포구 선유로43길 19,R3_사명교차전파
1973,지에스엠비즈(주),top_region,,서울,R3_사명교차전파
1974,지에스엠비즈(주),top_addr,,서울특별시 영등포구 선유로43길 19,R3_사명교차전파
1974,지에스엠비즈(주),top_region,,서울,R3_사명교차전파
1975,지에스엠비즈(주),top_addr,,서울특별시 영등포구 선유로43길 19,R3_사명교차전파
1975,지에스엠비즈(주),top_region,,서울,R3_사명교차전파
1976,지에스엠비즈(주),top_addr,,서울특별시 영등포구 선유로43길 19,R3_사명교차전파
1976,지에스엠비즈(주),top_region,,서울,R3_사명교차전파
1977,지에스엠비즈(주),top_addr,,서울특별시 영등포구 선유로43길 19,R3_사명교차전파
1977,지에스엠비즈(주),top_region,,서울,R3_사명교차전파
1978,지에스엠비즈(주),top_addr,,서울특별시 영등포구 선유로43길 19,R3_사명교차전파
1978,지에스엠비즈(주),top_region,,서울,R3_사명교차전파
1979,지에스엠비즈(주),top_addr,,서울특별시 영등포구 선유로43길 19,R3_사명교차전파
1979,지에스엠비즈(주),top_region,,서울,R3_사명교차전파
1980,지에스엠비즈(주),top_addr,,서울특별시 영등포구 선유로43길 19,R3_사명교차전파
1980,지에스엠비즈(주),top_region,,서울,R3_사명교차전파
1981,지에스엠비즈(주),top_addr,,서울특별시 영등포구 선유로43길 19,R3_사명교차전파
1981,지에스엠비즈(주),top_region,,서울,R3_사명교차전파
1982,지에스엠비즈(주),top_addr,,서울특별시 영등포구 선유로43길 19,R3_사명교차전파
1982,지에스엠비즈(주),top_region,,서울,R3_사명교차전파
1983,지에스엠비즈(주),top_addr,,서울특별시 영등포구 선유로43길 19,R3_사명교차전파
1983,지에스엠비즈(주),top_region,,서울,R3_사명교차전파
2021,씨제이올리브네트웍스(주),top_addr,,서울특별시 용산구 한강대로 366 트윈시티 10층,R3_사명교차전파
2021,씨제이올리브네트웍스(주),top_region,,서울,R3_사명교차전파
2022,씨제이올리브네트웍스(주),top_addr,,서울특별시 용산구 한강대로 366 트윈시티 10층,R3_사명교차전파
2022,씨제이올리브네트웍스(주),top_region,,서울,R3_사명교차전파
2023,씨제이올리브네트웍스(주),top_addr,,서울특별시 용산구 한강대로 366 트윈시티 10층,R3_사명교차전파
2023,씨제이올리브네트웍스(주),top_region,,서울,R3_사명교차전파
2024,씨제이올리브네트웍스(주),top_addr,,서울특별시 용산구 한강대로 366 트윈시티 10층,R3_사명교차전파
2024,씨제이올리브네트웍스(주),top_region,,서울,R3_사명교차전파
2025,씨제이올리브네트웍스(주),top_addr,,서울특별시 용산구 한강대로 366 트윈시티 10층,R3_사명교차전파
2025,씨제이올리브네트웍스(주),top_region,,서울,R3_사명교차전파
2026,씨제이올리브네트웍스(주),top_addr,,서울특별시 용산구 한강대로 366 트윈시티 10층,R3_사명교차전파
2026,씨제이올리브네트웍스(주),top_region,,서울,R3_사명교차전파
2027,씨제이올리브네트웍스(주),top_addr,,서울특별시 용산구 한강대로 366 트윈시티 10층,R3_사명교차전파
2027,씨제이올리브네트웍스(주),top_region,,서울,R3_사명교차전파
2028,씨제이올리브네트웍스(주),top_addr,,서울특별시 용산구 한강대로 366 트윈시티 10층,R3_사명교차전파
2028,씨제이올리브네트웍스(주),top_region,,서울,R3_사명교차전파
2029,씨제이올리브네트웍스(주),top_addr,,서울특별시 용산구 한강대로 366 트윈시티 10층,R3_사명교차전파
2029,씨제이올리브네트웍스(주),top_region,,서울,R3_사명교차전파
2030,씨제이올리브네트웍스(주),top_addr,,서울특별시 용산구 한강대로 366 트윈시티 10층,R3_사명교차전파
2030,씨제이올리브네트웍스(주),top_region,,서울,R3_사명교차전파
2046,(주)풀무원푸드앤컬처,top_addr,,서울 송파구 송파대로34길 29,R3_사명교차전파
2046,(주)풀무원푸드앤컬처,top_region,,서울,R3_사명교차전파
2047,(주)풀무원푸드앤컬처,top_addr,,서울 송파구 송파대로34길 29,R3_사명교차전파
2047,(주)풀무원푸드앤컬처,top_region,,서울,R3_사명교차전파
2048,(주)풀무원푸드앤컬처,top_addr,,서울 송파구 송파대로34길 29,R3_사명교차전파
2048,(주)풀무원푸드앤컬처,top_region,,서울,R3_사명교차전파
2049,(주)풀무원푸드앤컬처,top_addr,,서울 송파구 송파대로34길 29,R3_사명교차전파
2049,(주)풀무원푸드앤컬처,top_region,,서울,R3_사명교차전파
2050,(주)풀무원푸드앤컬처,top_addr,,서울 송파구 송파대로34길 29,R3_사명교차전파
2050,(주)풀무원푸드앤컬처,top_region,,서울,R3_사명교차전파
2051,(주)풀무원푸드앤컬처,top_addr,,서울 송파구 송파대로34길 29,R3_사명교차전파
2051,(주)풀무원푸드앤컬처,top_region,,서울,R3_사명교차전파
2052,(주)풀무원푸드앤컬처,top_addr,,서울 송파구 송파대로34길 29,R3_사명교차전파
2052,(주)풀무원푸드앤컬처,top_region,,서울,R3_사명교차전파
2053,(주)풀무원푸드앤컬처,top_addr,,서울 송파구 송파대로34길 29,R3_사명교차전파
2053,(주)풀무원푸드앤컬처,top_region,,서울,R3_사명교차전파
2112,(주)한국토지신탁,top_addr,,서울시 강남구 테헤란로 137 코레이트타워 16~20층,R3_사명교차전파
2112,(주)한국토지신탁,top_region,,서울,R3_사명교차전파
2113,(주)한국토지신탁,top_addr,,서울시 강남구 테헤란로 137 코레이트타워 16~20층,R3_사명교차전파
2113,(주)한국토지신탁,top_region,,서울,R3_사명교차전파
2114,(주)한국토지신탁,top_addr,,서울시 강남구 테헤란로 137 코레이트타워 16~20층,R3_사명교차전파
2114,(주)한국토지신탁,top_region,,서울,R3_사명교차전파
2206,동국시스템즈(주),top_addr,,서울특별시 중구 을지로 5길 19 (페럼타워),R3_사명교차전파
2206,동국시스템즈(주),top_region,,서울,R3_사명교차전파
2207,동국시스템즈(주),top_addr,,서울특별시 중구 을지로 5길 19 (페럼타워),R3_사명교차전파
2207,동국시스템즈(주),top_region,,서울,R3_사명교차전파
2330,키움인베스트먼트(주),top_addr,,서울 영등포구 의사당대로96 10층,R3_사명교차전파
2330,키움인베스트먼트(주),top_region,,서울,R3_사명교차전파
2331,키움인베스트먼트(주),top_addr,,서울 영등포구 의사당대로96 10층,R3_사명교차전파
2331,키움인베스트먼트(주),top_region,,서울,R3_사명교차전파
2332,키움인베스트먼트(주),top_addr,,서울 영등포구 의사당대로96 10층,R3_사명교차전파
2332,키움인베스트먼트(주),top_region,,서울,R3_사명교차전파
2333,키움인베스트먼트(주),top_addr,,서울 영등포구 의사당대로96 10층,R3_사명교차전파
2333,키움인베스트먼트(주),top_region,,서울,R3_사명교차전파
2334,키움인베스트먼트(주),top_addr,,서울 영등포구 의사당대로96 10층,R3_사명교차전파
2334,키움인베스트먼트(주),top_region,,서울,R3_사명교차전파
2335,키움인베스트먼트(주),top_addr,,서울 영등포구 의사당대로96 10층,R3_사명교차전파
2335,키움인베스트먼트(주),top_region,,서울,R3_사명교차전파
2336,키움인베스트먼트(주),top_addr,,서울 영등포구 의사당대로96 10층,R3_사명교차전파
2336,키움인베스트먼트(주),top_region,,서울,R3_사명교차전파
2337,키움인베스트먼트(주),top_addr,,서울 영등포구 의사당대로96 10층,R3_사명교차전파
2337,키움인베스트먼트(주),top_region,,서울,R3_사명교차전파
2338,키움인베스트먼트(주),top_addr,,서울 영등포구 의사당대로96 10층,R3_사명교차전파
2338,키움인베스트먼트(주),top_region,,서울,R3_사명교차전파
2339,키움인베스트먼트(주),top_addr,,서울 영등포구 의사당대로96 10층,R3_사명교차전파
2339,키움인베스트먼트(주),top_region,,서울,R3_사명교차전파
2340,씨제이씨지브이(주),top_addr,,서울특별시 용산구 한강대로23길 55 아이파크몰 6층,R3_사명교차전파
2340,씨제이씨지브이(주),top_region,,서울,R3_사명교차전파
2341,씨제이씨지브이(주),top_addr,,서울특별시 용산구 한강대로23길 55 아이파크몰 6층,R3_사명교차전파
2341,씨제이씨지브이(주),top_region,,서울,R3_사명교차전파
2342,씨제이씨지브이(주),top_addr,,서울특별시 용산구 한강대로23길 55 아이파크몰 6층,R3_사명교차전파
2342,씨제이씨지브이(주),top_region,,서울,R3_사명교차전파
2343,씨제이씨지브이(주),top_addr,,서울특별시 용산구 한강대로23길 55 아이파크몰 6층,R3_사명교차전파
2343,씨제이씨지브이(주),top_region,,서울,R3_사명교차전파
2344,씨제이씨지브이(주),top_addr,,서울특별시 용산구 한강대로23길 55 아이파크몰 6층,R3_사명교차전파
2344,씨제이씨지브이(주),top_region,,서울,R3_사명교차전파
2345,씨제이씨지브이(주),top_addr,,서울특별시 용산구 한강대로23길 55 아이파크몰 6층,R3_사명교차전파
2345,씨제이씨지브이(주),top_region,,서울,R3_사명교차전파
2346,씨제이씨지브이(주),top_addr,,서울특별시 용산구 한강대로23길 55 아이파크몰 6층,R3_사명교차전파
2346,씨제이씨지브이(주),top_region,,서울,R3_사명교차전파
2347,씨제이씨지브이(주),top_addr,,서울특별시 용산구 한강대로23길 55 아이파크몰 6층,R3_사명교차전파
2347,씨제이씨지브이(주),top_region,,서울,R3_사명교차전파
2348,씨제이씨지브이(주),top_addr,,서울특별시 용산구 한강대로23길 55 아이파크몰 6층,R3_사명교차전파
2348,씨제이씨지브이(주),top_region,,서울,R3_사명교차전파
2349,씨제이씨지브이(주),top_addr,,서울특별시 용산구 한강대로23길 55 아이파크몰 6층,R3_사명교차전파
2349,씨제이씨지브이(주),top_region,,서울,R3_사명교차전파
2355,미래에셋벤처투자(주),top_addr,,경기도 성남시 분당구 판교역 로 241번길 20 지하1층 (삼평동 미래에셋벤처타워빌 딩),R3_사명교차전파
2355,미래에셋벤처투자(주),top_region,,경기,R3_사명교차전파
2356,미래에셋벤처투자(주),top_addr,,경기도 성남시 분당구 판교역 로 241번길 20 지하1층 (삼평동 미래에셋벤처타워빌 딩),R3_사명교차전파
2356,미래에셋벤처투자(주),top_region,,경기,R3_사명교차전파
2357,미래에셋벤처투자(주),top_addr,,경기도 성남시 분당구 판교역 로 241번길 20 지하1층 (삼평동 미래에셋벤처타워빌 딩),R3_사명교차전파
2357,미래에셋벤처투자(주),top_region,,경기,R3_사명교차전파
2358,미래에셋벤처투자(주),top_addr,,경기도 성남시 분당구 판교역 로 241번길 20 지하1층 (삼평동 미래에셋벤처타워빌 딩),R3_사명교차전파
2358,미래에셋벤처투자(주),top_region,,경기,R3_사명교차전파
2359,미래에셋벤처투자(주),top_addr,,경기도 성남시 분당구 판교역 로 241번길 20 지하1층 (삼평동 미래에셋벤처타워빌 딩),R3_사명교차전파
2359,미래에셋벤처투자(주),top_region,,경기,R3_사명교차전파
2408,메가박스중앙(주),top_addr,,서울시 성동구 왕십리로 50,R3_사명교차전파
2408,메가박스중앙(주),top_region,,서울,R3_사명교차전파
2409,메가박스중앙(주),top_addr,,서울시 성동구 왕십리로 50,R3_사명교차전파
2409,메가박스중앙(주),top_region,,서울,R3_사명교차전파
2410,메가박스중앙(주),top_addr,,서울시 성동구 왕십리로 50,R3_사명교차전파
2410,메가박스중앙(주),top_region,,서울,R3_사명교차전파
2411,메가박스중앙(주),top_addr,,서울시 성동구 왕십리로 50,R3_사명교차전파
2411,메가박스중앙(주),top_region,,서울,R3_사명교차전파
2412,메가박스중앙(주),top_addr,,서울시 성동구 왕십리로 50,R3_사명교차전파
2412,메가박스중앙(주),top_region,,서울,R3_사명교차전파
2438,이데일리(주),top_addr,,서울특별시 중구 통일로 92 KG타워 18층 19층,R3_사명교차전파
2438,이데일리(주),top_region,,서울,R3_사명교차전파
2439,이데일리(주),top_addr,,서울특별시 중구 통일로 92 KG타워 18층 19층,R3_사명교차전파
2439,이데일리(주),top_region,,서울,R3_사명교차전파
2440,이데일리(주),top_addr,,서울특별시 중구 통일로 92 KG타워 18층 19층,R3_사명교차전파
2440,이데일리(주),top_region,,서울,R3_사명교차전파
2441,이데일리(주),top_addr,,서울특별시 중구 통일로 92 KG타워 18층 19층,R3_사명교차전파
2441,이데일리(주),top_region,,서울,R3_사명교차전파
2442,이데일리(주),top_addr,,서울특별시 중구 통일로 92 KG타워 18층 19층,R3_사명교차전파
2442,이데일리(주),top_region,,서울,R3_사명교차전파
2443,이데일리(주),top_addr,,서울특별시 중구 통일로 92 KG타워 18층 19층,R3_사명교차전파
2443,이데일리(주),top_region,,서울,R3_사명교차전파
2444,이데일리(주),top_addr,,서울특별시 중구 통일로 92 KG타워 18층 19층,R3_사명교차전파
2444,이데일리(주),top_region,,서울,R3_사명교차전파
2445,이데일리(주),top_addr,,서울특별시 중구 통일로 92 KG타워 18층 19층,R3_사명교차전파
2445,이데일리(주),top_region,,서울,R3_사명교차전파
2446,이데일리(주),top_addr,,서울특별시 중구 통일로 92 KG타워 18층 19층,R3_사명교차전파
2446,이데일리(주),top_region,,서울,R3_사명교차전파
2447,(주)아워홈,top_addr,,서울특별시 강서구 마곡중앙10로 91,R3_사명교차전파
2447,(주)아워홈,top_region,,서울,R3_사명교차전파
2448,키움증권(주),top_addr,,서울특별시 영등포구 의사당대로96,R3_사명교차전파
2448,키움증권(주),top_region,,서울,R3_사명교차전파
2449,키움증권(주),top_addr,,서울특별시 영등포구 의사당대로96,R3_사명교차전파
2449,키움증권(주),top_region,,서울,R3_사명교차전파
2450,키움증권(주),top_addr,,서울특별시 영등포구 의사당대로96,R3_사명교차전파
2450,키움증권(주),top_region,,서울,R3_사명교차전파
2451,키움증권(주),top_addr,,서울특별시 영등포구 의사당대로96,R3_사명교차전파
2451,키움증권(주),top_region,,서울,R3_사명교차전파
2452,키움증권(주),top_addr,,서울특별시 영등포구 의사당대로96,R3_사명교차전파
2452,키움증권(주),top_region,,서울,R3_사명교차전파
2453,키움증권(주),top_addr,,서울특별시 영등포구 의사당대로96,R3_사명교차전파
2453,키움증권(주),top_region,,서울,R3_사명교차전파
2454,키움증권(주),top_addr,,서울특별시 영등포구 의사당대로96,R3_사명교차전파
2454,키움증권(주),top_region,,서울,R3_사명교차전파
2455,키움증권(주),top_addr,,서울특별시 영등포구 의사당대로96,R3_사명교차전파
2455,키움증권(주),top_region,,서울,R3_사명교차전파
2456,키움증권(주),top_addr,,서울특별시 영등포구 의사당대로96,R3_사명교차전파
2456,키움증권(주),top_region,,서울,R3_사명교차전파
2457,키움증권(주),top_addr,,서울특별시 영등포구 의사당대로96,R3_사명교차전파
2457,키움증권(주),top_region,,서울,R3_사명교차전파
2555,(주)푸드머스,top_addr,,경기 용인시 처인구 원삼면 맹리로2번길 31,R3_사명교차전파
2555,(주)푸드머스,top_region,,경기,R3_사명교차전파
2556,(주)푸드머스,top_addr,,경기 용인시 처인구 원삼면 맹리로2번길 31,R3_사명교차전파
2556,(주)푸드머스,top_region,,경기,R3_사명교차전파
2557,(주)푸드머스,top_addr,,경기 용인시 처인구 원삼면 맹리로2번길 31,R3_사명교차전파
2557,(주)푸드머스,top_region,,경기,R3_사명교차전파
2558,(주)푸드머스,top_addr,,경기 용인시 처인구 원삼면 맹리로2번길 31,R3_사명교차전파
2558,(주)푸드머스,top_region,,경기,R3_사명교차전파
2559,(주)푸드머스,top_addr,,경기 용인시 처인구 원삼면 맹리로2번길 31,R3_사명교차전파
2559,(주)푸드머스,top_region,,경기,R3_사명교차전파
2560,(주)푸드머스,top_addr,,경기 용인시 처인구 원삼면 맹리로2번길 31,R3_사명교차전파
2560,(주)푸드머스,top_region,,경기,R3_사명교차전파
2561,(주)푸드머스,top_addr,,경기 용인시 처인구 원삼면 맹리로2번길 31,R3_사명교차전파
2561,(주)푸드머스,top_region,,경기,R3_사명교차전파
2562,(주)푸드머스,top_addr,,경기 용인시 처인구 원삼면 맹리로2번길 31,R3_사명교차전파
2562,(주)푸드머스,top_region,,경기,R3_사명교차전파
2579,(주)케이지에듀원,top_addr,,서울시 중구 통일로 92 KG타워 12층,R3_사명교차전파
2579,(주)케이지에듀원,top_region,,서울,R3_사명교차전파
2580,(주)케이지에듀원,top_addr,,서울시 중구 통일로 92 KG타워 12층,R3_사명교차전파
2580,(주)케이지에듀원,top_region,,서울,R3_사명교차전파
2581,(주)케이지에듀원,top_addr,,서울시 중구 통일로 92 KG타워 12층,R3_사명교차전파
2581,(주)케이지에듀원,top_region,,서울,R3_사명교차전파
2582,(주)케이지에듀원,top_addr,,서울시 중구 통일로 92 KG타워 12층,R3_사명교차전파
2582,(주)케이지에듀원,top_region,,서울,R3_사명교차전파
2583,(주)케이지에듀원,top_addr,,서울시 중구 통일로 92 KG타워 12층,R3_사명교차전파
2583,(주)케이지에듀원,top_region,,서울,R3_사명교차전파
2584,(주)케이지에듀원,top_addr,,서울시 중구 통일로 92 KG타워 12층,R3_사명교차전파
2584,(주)케이지에듀원,top_region,,서울,R3_사명교차전파
2585,(주)케이지에듀원,top_addr,,서울시 중구 통일로 92 KG타워 12층,R3_사명교차전파
2585,(주)케이지에듀원,top_region,,서울,R3_사명교차전파
2586,(주)케이지에듀원,top_addr,,서울시 중구 통일로 92 KG타워 12층,R3_사명교차전파
2586,(주)케이지에듀원,top_region,,서울,R3_사명교차전파
2587,(주)케이지에듀원,top_addr,,서울시 중구 통일로 92 KG타워 12층,R3_사명교차전파
2587,(주)케이지에듀원,top_region,,서울,R3_사명교차전파
2606,(주)동원에프앤비,top_addr,,서울특별시 서초구 마방로 68,R3_사명교차전파
2606,(주)동원에프앤비,top_region,,서울,R3_사명교차전파
2607,(주)동원에프앤비,top_addr,,서울특별시 서초구 마방로 68,R3_사명교차전파
2607,(주)동원에프앤비,top_region,,서울,R3_사명교차전파
2608,(주)동원에프앤비,top_addr,,서울특별시 서초구 마방로 68,R3_사명교차전파
2608,(주)동원에프앤비,top_region,,서울,R3_사명교차전파
2609,(주)동원에프앤비,top_addr,,서울특별시 서초구 마방로 68,R3_사명교차전파
2609,(주)동원에프앤비,top_region,,서울,R3_사명교차전파
2610,(주)동원에프앤비,top_addr,,서울특별시 서초구 마방로 68,R3_사명교차전파
2610,(주)동원에프앤비,top_region,,서울,R3_사명교차전파
2611,(주)동원에프앤비,top_addr,,서울특별시 서초구 마방로 68,R3_사명교차전파
2611,(주)동원에프앤비,top_region,,서울,R3_사명교차전파
2612,(주)동원에프앤비,top_addr,,서울특별시 서초구 마방로 68,R3_사명교차전파
2612,(주)동원에프앤비,top_region,,서울,R3_사명교차전파
2613,(주)동원에프앤비,top_addr,,서울특별시 서초구 마방로 68,R3_사명교차전파
2613,(주)동원에프앤비,top_region,,서울,R3_사명교차전파
2614,(주)동원에프앤비,top_addr,,서울특별시 서초구 마방로 68,R3_사명교차전파
2614,(주)동원에프앤비,top_region,,서울,R3_사명교차전파
2615,(주)셀트리온제약,top_addr,,충청북도 청주시 청원군 오창읍 2산단로 82,R3_사명교차전파
2615,(주)셀트리온제약,top_region,,충북,R3_사명교차전파
2616,(주)셀트리온제약,top_addr,,충청북도 청주시 청원군 오창읍 2산단로 82,R3_사명교차전파
2616,(주)셀트리온제약,top_region,,충북,R3_사명교차전파
2633,현대엔지니어링(주),top_addr,,서울시 종로구,R3_사명교차전파
2633,현대엔지니어링(주),top_region,,서울,R3_사명교차전파
2634,현대엔지니어링(주),top_addr,,서울시 종로구,R3_사명교차전파
2634,현대엔지니어링(주),top_region,,서울,R3_사명교차전파
2635,현대엔지니어링(주),top_addr,,서울시 종로구,R3_사명교차전파
2635,현대엔지니어링(주),top_region,,서울,R3_사명교차전파
2636,현대엔지니어링(주),top_addr,,서울시 종로구,R3_사명교차전파
2636,현대엔지니어링(주),top_region,,서울,R3_사명교차전파
2637,현대엔지니어링(주),top_addr,,서울시 종로구,R3_사명교차전파
2637,현대엔지니어링(주),top_region,,서울,R3_사명교차전파
2638,현대엔지니어링(주),top_addr,,서울시 종로구,R3_사명교차전파
2638,현대엔지니어링(주),top_region,,서울,R3_사명교차전파
2639,현대엔지니어링(주),top_addr,,서울시 종로구,R3_사명교차전파
2639,현대엔지니어링(주),top_region,,서울,R3_사명교차전파
2640,현대엔지니어링(주),top_addr,,서울시 종로구,R3_사명교차전파
2640,현대엔지니어링(주),top_region,,서울,R3_사명교차전파
2641,현대엔지니어링(주),top_addr,,서울시 종로구,R3_사명교차전파
2641,현대엔지니어링(주),top_region,,서울,R3_사명교차전파
2642,현대엔지니어링(주),top_addr,,서울시 종로구,R3_사명교차전파
2642,현대엔지니어링(주),top_region,,서울,R3_사명교차전파
2643,현대엔지니어링(주),top_addr,,서울시 종로구,R3_사명교차전파
2643,현대엔지니어링(주),top_region,,서울,R3_사명교차전파
2644,현대엔지니어링(주),top_addr,,서울시 종로구,R3_사명교차전파
2644,현대엔지니어링(주),top_region,,서울,R3_사명교차전파
2645,현대엔지니어링(주),top_addr,,서울시 종로구,R3_사명교차전파
2645,현대엔지니어링(주),top_region,,서울,R3_사명교차전파
2646,현대엔지니어링(주),top_addr,,서울시 종로구,R3_사명교차전파
2646,현대엔지니어링(주),top_region,,서울,R3_사명교차전파
2647,현대엔지니어링(주),top_addr,,서울시 종로구,R3_사명교차전파
2647,현대엔지니어링(주),top_region,,서울,R3_사명교차전파
2648,현대엔지니어링(주),top_addr,,서울시 종로구,R3_사명교차전파
2648,현대엔지니어링(주),top_region,,서울,R3_사명교차전파
2649,현대엔지니어링(주),top_addr,,서울시 종로구,R3_사명교차전파
2649,현대엔지니어링(주),top_region,,서울,R3_사명교차전파
2650,현대엔지니어링(주),top_addr,,서울시 종로구,R3_사명교차전파
2650,현대엔지니어링(주),top_region,,서울,R3_사명교차전파
2651,현대엔지니어링(주),top_addr,,서울시 종로구,R3_사명교차전파
2651,현대엔지니어링(주),top_region,,서울,R3_사명교차전파
2674,한국수력원자력(주),top_addr,,경상북도 경주시 불국로 1655,R3_사명교차전파
2674,한국수력원자력(주),top_region,,경북,R3_사명교차전파
2675,한국수력원자력(주),top_addr,,경상북도 경주시 불국로 1655,R3_사명교차전파
2675,한국수력원자력(주),top_region,,경북,R3_사명교차전파
2676,한국수력원자력(주),top_addr,,경상북도 경주시 불국로 1655,R3_사명교차전파
2676,한국수력원자력(주),top_region,,경북,R3_사명교차전파
2677,한국수력원자력(주),top_addr,,경상북도 경주시 불국로 1655,R3_사명교차전파
2677,한국수력원자력(주),top_region,,경북,R3_사명교차전파
2678,한국수력원자력(주),top_addr,,경상북도 경주시 불국로 1655,R3_사명교차전파
2678,한국수력원자력(주),top_region,,경북,R3_사명교차전파
2679,한국남부발전(주),top_addr,,부산광역시 남구 문현금융로 40 부산국제금융센터,R3_사명교차전파
2679,한국남부발전(주),top_region,,부산,R3_사명교차전파
2680,한국남부발전(주),top_addr,,부산광역시 남구 문현금융로 40 부산국제금융센터,R3_사명교차전파
2680,한국남부발전(주),top_region,,부산,R3_사명교차전파
2681,한국남부발전(주),top_addr,,부산광역시 남구 문현금융로 40 부산국제금융센터,R3_사명교차전파
2681,한국남부발전(주),top_region,,부산,R3_사명교차전파
2682,한국남부발전(주),top_addr,,부산광역시 남구 문현금융로 40 부산국제금융센터,R3_사명교차전파
2682,한국남부발전(주),top_region,,부산,R3_사명교차전파
2683,한국남부발전(주),top_addr,,부산광역시 남구 문현금융로 40 부산국제금융센터,R3_사명교차전파
2683,한국남부발전(주),top_region,,부산,R3_사명교차전파
2684,한국서부발전(주),top_addr,,충청남도 태안군 태안읍 중앙로 285,R3_사명교차전파
2684,한국서부발전(주),top_region,,충남,R3_사명교차전파
2685,한국서부발전(주),top_addr,,충청남도 태안군 태안읍 중앙로 285,R3_사명교차전파
2685,한국서부발전(주),top_region,,충남,R3_사명교차전파
2686,한국서부발전(주),top_addr,,충청남도 태안군 태안읍 중앙로 285,R3_사명교차전파
2686,한국서부발전(주),top_region,,충남,R3_사명교차전파
2687,한국서부발전(주),top_addr,,충청남도 태안군 태안읍 중앙로 285,R3_사명교차전파
2687,한국서부발전(주),top_region,,충남,R3_사명교차전파
2688,한국서부발전(주),top_addr,,충청남도 태안군 태안읍 중앙로 285,R3_사명교차전파
2688,한국서부발전(주),top_region,,충남,R3_사명교차전파
2705,(주)현대홈쇼핑,top_addr,,ㆍ서울특별시 강동구 올림픽로70길 34,R3_사명교차전파
2705,(주)현대홈쇼핑,top_region,,서울,R3_사명교차전파
2706,(주)현대홈쇼핑,top_addr,,ㆍ서울특별시 강동구 올림픽로70길 34,R3_사명교차전파
2706,(주)현대홈쇼핑,top_region,,서울,R3_사명교차전파
2707,(주)현대홈쇼핑,top_addr,,ㆍ서울특별시 강동구 올림픽로70길 34,R3_사명교차전파
2707,(주)현대홈쇼핑,top_region,,서울,R3_사명교차전파
2708,(주)엔에스쇼핑,top_addr,,경기 성남시 분당구 판교로 228번길 15,R3_사명교차전파
2708,(주)엔에스쇼핑,top_region,,경기,R3_사명교차전파
2709,(주)엔에스쇼핑,top_addr,,경기 성남시 분당구 판교로 228번길 15,R3_사명교차전파
2709,(주)엔에스쇼핑,top_region,,경기,R3_사명교차전파
2710,(주)엔에스쇼핑,top_addr,,경기 성남시 분당구 판교로 228번길 15,R3_사명교차전파
2710,(주)엔에스쇼핑,top_region,,경기,R3_사명교차전파
2711,(주)엔에스쇼핑,top_addr,,경기 성남시 분당구 판교로 228번길 15,R3_사명교차전파
2711,(주)엔에스쇼핑,top_region,,경기,R3_사명교차전파
2712,(주)엔에스쇼핑,top_addr,,경기 성남시 분당구 판교로 228번길 15,R3_사명교차전파
2712,(주)엔에스쇼핑,top_region,,경기,R3_사명교차전파
2713,(주)엔에스쇼핑,top_addr,,경기 성남시 분당구 판교로 228번길 15,R3_사명교차전파
2713,(주)엔에스쇼핑,top_region,,경기,R3_사명교차전파
2714,(주)엔에스쇼핑,top_addr,,경기 성남시 분당구 판교로 228번길 15,R3_사명교차전파
2714,(주)엔에스쇼핑,top_region,,경기,R3_사명교차전파
2715,(주)엔에스쇼핑,top_addr,,경기 성남시 분당구 판교로 228번길 15,R3_사명교차전파
2715,(주)엔에스쇼핑,top_region,,경기,R3_사명교차전파
2716,(주)엔에스쇼핑,top_addr,,경기 성남시 분당구 판교로 228번길 15,R3_사명교차전파
2716,(주)엔에스쇼핑,top_region,,경기,R3_사명교차전파
2717,(주)엔에스쇼핑,top_addr,,경기 성남시 분당구 판교로 228번길 15,R3_사명교차전파
2717,(주)엔에스쇼핑,top_region,,경기,R3_사명교차전파
2718,(주)엔에스쇼핑,top_addr,,경기 성남시 분당구 판교로 228번길 15,R3_사명교차전파
2718,(주)엔에스쇼핑,top_region,,경기,R3_사명교차전파
2719,(주)엔에스쇼핑,top_addr,,경기 성남시 분당구 판교로 228번길 15,R3_사명교차전파
2719,(주)엔에스쇼핑,top_region,,경기,R3_사명교차전파
2720,(주)엔에스쇼핑,top_addr,,경기 성남시 분당구 판교로 228번길 15,R3_사명교차전파
2720,(주)엔에스쇼핑,top_region,,경기,R3_사명교차전파
2721,(주)엔에스쇼핑,top_addr,,경기 성남시 분당구 판교로 228번길 15,R3_사명교차전파
2721,(주)엔에스쇼핑,top_region,,경기,R3_사명교차전파
2722,(주)엔에스쇼핑,top_addr,,경기 성남시 분당구 판교로 228번길 15,R3_사명교차전파
2722,(주)엔에스쇼핑,top_region,,경기,R3_사명교차전파
2723,(주)엔에스쇼핑,top_addr,,경기 성남시 분당구 판교로 228번길 15,R3_사명교차전파
2723,(주)엔에스쇼핑,top_region,,경기,R3_사명교차전파
2724,(주)엔에스쇼핑,top_addr,,경기 성남시 분당구 판교로 228번길 15,R3_사명교차전파
2724,(주)엔에스쇼핑,top_region,,경기,R3_사명교차전파
2725,(주)엔에스쇼핑,top_addr,,경기 성남시 분당구 판교로 228번길 15,R3_사명교차전파
2725,(주)엔에스쇼핑,top_region,,경기,R3_사명교차전파
2726,(주)케이티아이에스,top_addr,,서울시 영등포구 여의대로 14 KT빌딩 10층,R3_사명교차전파
2726,(주)케이티아이에스,top_region,,서울,R3_사명교차전파
2727,(주)케이티아이에스,top_addr,,서울시 영등포구 여의대로 14 KT빌딩 10층,R3_사명교차전파
2727,(주)케이티아이에스,top_region,,서울,R3_사명교차전파
2728,(주)케이티아이에스,top_addr,,서울시 영등포구 여의대로 14 KT빌딩 10층,R3_사명교차전파
2728,(주)케이티아이에스,top_region,,서울,R3_사명교차전파
2729,(주)케이티아이에스,top_addr,,서울시 영등포구 여의대로 14 KT빌딩 10층,R3_사명교차전파
2729,(주)케이티아이에스,top_region,,서울,R3_사명교차전파
2730,(주)케이티아이에스,top_addr,,서울시 영등포구 여의대로 14 KT빌딩 10층,R3_사명교차전파
2730,(주)케이티아이에스,top_region,,서울,R3_사명교차전파
2731,(주)케이티아이에스,top_addr,,서울시 영등포구 여의대로 14 KT빌딩 10층,R3_사명교차전파
2731,(주)케이티아이에스,top_region,,서울,R3_사명교차전파
2732,(주)케이티아이에스,top_addr,,서울시 영등포구 여의대로 14 KT빌딩 10층,R3_사명교차전파
2732,(주)케이티아이에스,top_region,,서울,R3_사명교차전파
2781,(주)코람코자산신탁,top_addr,,서울특별시 강남구 삼성로 511(삼성동 골든타워),R3_사명교차전파
2781,(주)코람코자산신탁,top_region,,서울,R3_사명교차전파
2782,(주)코람코자산신탁,top_addr,,서울특별시 강남구 삼성로 511(삼성동 골든타워),R3_사명교차전파
2782,(주)코람코자산신탁,top_region,,서울,R3_사명교차전파
2783,(주)코람코자산신탁,top_addr,,서울특별시 강남구 삼성로 511(삼성동 골든타워),R3_사명교차전파
2783,(주)코람코자산신탁,top_region,,서울,R3_사명교차전파
2784,(주)코람코자산신탁,top_addr,,서울특별시 강남구 삼성로 511(삼성동 골든타워),R3_사명교차전파
2784,(주)코람코자산신탁,top_region,,서울,R3_사명교차전파
2785,(주)코람코자산신탁,top_addr,,서울특별시 강남구 삼성로 511(삼성동 골든타워),R3_사명교차전파
2785,(주)코람코자산신탁,top_region,,서울,R3_사명교차전파
2788,대용무역(주),top_addr,,서울시 마포구 마포대로 19 1112층 (마포동 신화빌딩),R3_사명교차전파
2788,대용무역(주),top_region,,서울,R3_사명교차전파
2789,(주)종근당바이오,top_addr,,서울 서대문구 충정로 8,R3_사명교차전파
2789,(주)종근당바이오,top_region,,서울,R3_사명교차전파
2790,(주)종근당바이오,top_addr,,서울 서대문구 충정로 8,R3_사명교차전파
2790,(주)종근당바이오,top_region,,서울,R3_사명교차전파
2791,(주)종근당바이오,top_addr,,서울 서대문구 충정로 8,R3_사명교차전파
2791,(주)종근당바이오,top_region,,서울,R3_사명교차전파
2792,대신에프앤아이(주),top_addr,,서울특별시 중구 삼일대로 343 (저동1가 대신파이낸스센터),R3_사명교차전파
2792,대신에프앤아이(주),top_region,,서울,R3_사명교차전파
2794,현대알루미늄(주),top_addr,,충남 논산시 가야곡면 원앙로 503번길 117,R3_사명교차전파
2794,현대알루미늄(주),top_region,,충남,R3_사명교차전파
2795,현대알루미늄(주),top_addr,,충남 논산시 가야곡면 원앙로 503번길 117,R3_사명교차전파
2795,현대알루미늄(주),top_region,,충남,R3_사명교차전파
2796,현대알루미늄(주),top_addr,,충남 논산시 가야곡면 원앙로 503번길 117,R3_사명교차전파
2796,현대알루미늄(주),top_region,,충남,R3_사명교차전파
2956,보령컨슈머헬스케어 주식회사,top_addr,,대한민국 서울시,R3_사명교차전파
2956,보령컨슈머헬스케어 주식회사,top_region,,서울,R3_사명교차전파
2957,보령컨슈머헬스케어 주식회사,top_addr,,대한민국 서울시,R3_사명교차전파
2957,보령컨슈머헬스케어 주식회사,top_region,,서울,R3_사명교차전파
2961,모델솔루션(주),top_addr,,서울특별시 금천구,R3_사명교차전파
2961,모델솔루션(주),top_region,,서울,R3_사명교차전파
2981,(주)에코프로이노베이션,top_addr,,경북 포항시 북구 흥해읍,R3_사명교차전파
2981,(주)에코프로이노베이션,top_region,,경북,R3_사명교차전파
2982,(주)에코프로이노베이션,top_addr,,경북 포항시 북구 흥해읍,R3_사명교차전파
2982,(주)에코프로이노베이션,top_region,,경북,R3_사명교차전파
2983,(주)에코프로이노베이션,top_addr,,경북 포항시 북구 흥해읍,R3_사명교차전파
2983,(주)에코프로이노베이션,top_region,,경북,R3_사명교차전파
3013,엘에스글로벌인코퍼레이티드(주),top_addr,,경기도 군포시 산본동 1026-8번지 중산빌딩 5층,R3_사명교차전파
3013,엘에스글로벌인코퍼레이티드(주),top_region,,경기,R3_사명교차전파
3014,엘에스글로벌인코퍼레이티드(주),top_addr,,경기도 군포시 산본동 1026-8번지 중산빌딩 5층,R3_사명교차전파
3014,엘에스글로벌인코퍼레이티드(주),top_region,,경기,R3_사명교차전파
3015,엘에스글로벌인코퍼레이티드(주),top_addr,,경기도 군포시 산본동 1026-8번지 중산빌딩 5층,R3_사명교차전파
3015,엘에스글로벌인코퍼레이티드(주),top_region,,경기,R3_사명교차전파
3016,엘에스글로벌인코퍼레이티드(주),top_addr,,경기도 군포시 산본동 1026-8번지 중산빌딩 5층,R3_사명교차전파
3016,엘에스글로벌인코퍼레이티드(주),top_region,,경기,R3_사명교차전파
3017,엘에스글로벌인코퍼레이티드(주),top_addr,,경기도 군포시 산본동 1026-8번지 중산빌딩 5층,R3_사명교차전파
3017,엘에스글로벌인코퍼레이티드(주),top_region,,경기,R3_사명교차전파
3018,엘에스글로벌인코퍼레이티드(주),top_addr,,경기도 군포시 산본동 1026-8번지 중산빌딩 5층,R3_사명교차전파
3018,엘에스글로벌인코퍼레이티드(주),top_region,,경기,R3_사명교차전파
3019,엘에스글로벌인코퍼레이티드(주),top_addr,,경기도 군포시 산본동 1026-8번지 중산빌딩 5층,R3_사명교차전파
3019,엘에스글로벌인코퍼레이티드(주),top_region,,경기,R3_사명교차전파
3020,엘에스글로벌인코퍼레이티드(주),top_addr,,경기도 군포시 산본동 1026-8번지 중산빌딩 5층,R3_사명교차전파
3020,엘에스글로벌인코퍼레이티드(주),top_region,,경기,R3_사명교차전파
3021,엘에스글로벌인코퍼레이티드(주),top_addr,,경기도 군포시 산본동 1026-8번지 중산빌딩 5층,R3_사명교차전파
3021,엘에스글로벌인코퍼레이티드(주),top_region,,경기,R3_사명교차전파
3022,엘에스글로벌인코퍼레이티드(주),top_addr,,경기도 군포시 산본동 1026-8번지 중산빌딩 5층,R3_사명교차전파
3022,엘에스글로벌인코퍼레이티드(주),top_region,,경기,R3_사명교차전파
3023,엘에스글로벌인코퍼레이티드(주),top_addr,,경기도 군포시 산본동 1026-8번지 중산빌딩 5층,R3_사명교차전파
3023,엘에스글로벌인코퍼레이티드(주),top_region,,경기,R3_사명교차전파
3024,엘에스글로벌인코퍼레이티드(주),top_addr,,경기도 군포시 산본동 1026-8번지 중산빌딩 5층,R3_사명교차전파
3024,엘에스글로벌인코퍼레이티드(주),top_region,,경기,R3_사명교차전파
3025,엘에스글로벌인코퍼레이티드(주),top_addr,,경기도 군포시 산본동 1026-8번지 중산빌딩 5층,R3_사명교차전파
3025,엘에스글로벌인코퍼레이티드(주),top_region,,경기,R3_사명교차전파
3026,엘에스글로벌인코퍼레이티드(주),top_addr,,경기도 군포시 산본동 1026-8번지 중산빌딩 5층,R3_사명교차전파
3026,엘에스글로벌인코퍼레이티드(주),top_region,,경기,R3_사명교차전파
3027,엘에스글로벌인코퍼레이티드(주),top_addr,,경기도 군포시 산본동 1026-8번지 중산빌딩 5층,R3_사명교차전파
3027,엘에스글로벌인코퍼레이티드(주),top_region,,경기,R3_사명교차전파
3028,엘에스글로벌인코퍼레이티드(주),top_addr,,경기도 군포시 산본동 1026-8번지 중산빌딩 5층,R3_사명교차전파
3028,엘에스글로벌인코퍼레이티드(주),top_region,,경기,R3_사명교차전파
3029,엘에스글로벌인코퍼레이티드(주),top_addr,,경기도 군포시 산본동 1026-8번지 중산빌딩 5층,R3_사명교차전파
3029,엘에스글로벌인코퍼레이티드(주),top_region,,경기,R3_사명교차전파
3030,엘에스글로벌인코퍼레이티드(주),top_addr,,경기도 군포시 산본동 1026-8번지 중산빌딩 5층,R3_사명교차전파
3030,엘에스글로벌인코퍼레이티드(주),top_region,,경기,R3_사명교차전파
3031,엘에스글로벌인코퍼레이티드(주),top_addr,,경기도 군포시 산본동 1026-8번지 중산빌딩 5층,R3_사명교차전파
3031,엘에스글로벌인코퍼레이티드(주),top_region,,경기,R3_사명교차전파
3032,엘에스글로벌인코퍼레이티드(주),top_addr,,경기도 군포시 산본동 1026-8번지 중산빌딩 5층,R3_사명교차전파
3032,엘에스글로벌인코퍼레이티드(주),top_region,,경기,R3_사명교차전파
3033,하이트진로음료(주),top_addr,,경기도 안산시 단원구 별망로79번길 55 (성곡동) ☎ 031-488-5516,R3_사명교차전파
3033,하이트진로음료(주),top_region,,경기,R3_사명교차전파
3034,하이트진로음료(주),top_addr,,경기도 안산시 단원구 별망로79번길 55 (성곡동) ☎ 031-488-5516,R3_사명교차전파
3034,하이트진로음료(주),top_region,,경기,R3_사명교차전파
3035,하이트진로음료(주),top_addr,,경기도 안산시 단원구 별망로79번길 55 (성곡동) ☎ 031-488-5516,R3_사명교차전파
3035,하이트진로음료(주),top_region,,경기,R3_사명교차전파
3036,하이트진로음료(주),top_addr,,경기도 안산시 단원구 별망로79번길 55 (성곡동) ☎ 031-488-5516,R3_사명교차전파
3036,하이트진로음료(주),top_region,,경기,R3_사명교차전파
3041,(주)케이이씨,top_addr,,서울시 서초구 마방로 10길 5,R3_사명교차전파
3041,(주)케이이씨,top_region,,서울,R3_사명교차전파
3042,(주)케이이씨,top_addr,,서울시 서초구 마방로 10길 5,R3_사명교차전파
3042,(주)케이이씨,top_region,,서울,R3_사명교차전파
3048,케이티텔레캅(주),top_addr,,서울특별시 구로구 가마산로 291 KT텔레캅빌딩,R3_사명교차전파
3048,케이티텔레캅(주),top_region,,서울,R3_사명교차전파
3049,케이티텔레캅(주),top_addr,,서울특별시 구로구 가마산로 291 KT텔레캅빌딩,R3_사명교차전파
3049,케이티텔레캅(주),top_region,,서울,R3_사명교차전파
3050,케이티텔레캅(주),top_addr,,서울특별시 구로구 가마산로 291 KT텔레캅빌딩,R3_사명교차전파
3050,케이티텔레캅(주),top_region,,서울,R3_사명교차전파
3051,케이티텔레캅(주),top_addr,,서울특별시 구로구 가마산로 291 KT텔레캅빌딩,R3_사명교차전파
3051,케이티텔레캅(주),top_region,,서울,R3_사명교차전파
3052,케이티텔레캅(주),top_addr,,서울특별시 구로구 가마산로 291 KT텔레캅빌딩,R3_사명교차전파
3052,케이티텔레캅(주),top_region,,서울,R3_사명교차전파
3053,케이티텔레캅(주),top_addr,,서울특별시 구로구 가마산로 291 KT텔레캅빌딩,R3_사명교차전파
3053,케이티텔레캅(주),top_region,,서울,R3_사명교차전파
3054,케이티텔레캅(주),top_addr,,서울특별시 구로구 가마산로 291 KT텔레캅빌딩,R3_사명교차전파
3054,케이티텔레캅(주),top_region,,서울,R3_사명교차전파
3058,(주)흥아로지스틱스,top_addr,,서울시,R3_사명교차전파
3058,(주)흥아로지스틱스,top_region,,서울,R3_사명교차전파
3059,(주)흥아로지스틱스,top_addr,,서울시,R3_사명교차전파
3059,(주)흥아로지스틱스,top_region,,서울,R3_사명교차전파
3060,(주)흥아로지스틱스,top_addr,,서울시,R3_사명교차전파
3060,(주)흥아로지스틱스,top_region,,서울,R3_사명교차전파
3061,(주)흥아로지스틱스,top_addr,,서울시,R3_사명교차전파
3061,(주)흥아로지스틱스,top_region,,서울,R3_사명교차전파
3083,(주)에프엠케이,top_addr,,서울시 강남구,R3_사명교차전파
3083,(주)에프엠케이,top_region,,서울,R3_사명교차전파
3084,(주)에프엠케이,top_addr,,서울시 강남구,R3_사명교차전파
3084,(주)에프엠케이,top_region,,서울,R3_사명교차전파
3085,(주)에프엠케이,top_addr,,서울시 강남구,R3_사명교차전파
3085,(주)에프엠케이,top_region,,서울,R3_사명교차전파
3086,(주)에프엠케이,top_addr,,서울시 강남구,R3_사명교차전파
3086,(주)에프엠케이,top_region,,서울,R3_사명교차전파
3087,(주)에프엠케이,top_addr,,서울시 강남구,R3_사명교차전파
3087,(주)에프엠케이,top_region,,서울,R3_사명교차전파
3088,(주)에프엠케이,top_addr,,서울시 강남구,R3_사명교차전파
3088,(주)에프엠케이,top_region,,서울,R3_사명교차전파
3089,(주)에프엠케이,top_addr,,서울시 강남구,R3_사명교차전파
3089,(주)에프엠케이,top_region,,서울,R3_사명교차전파
3090,(주)에프엠케이,top_addr,,서울시 강남구,R3_사명교차전파
3090,(주)에프엠케이,top_region,,서울,R3_사명교차전파
3091,(주)에프엠케이,top_addr,,서울시 강남구,R3_사명교차전파
3091,(주)에프엠케이,top_region,,서울,R3_사명교차전파
3092,(주)에프엠케이,top_addr,,서울시 강남구,R3_사명교차전파
3092,(주)에프엠케이,top_region,,서울,R3_사명교차전파
3093,(주)에프엠케이,top_addr,,서울시 강남구,R3_사명교차전파
3093,(주)에프엠케이,top_region,,서울,R3_사명교차전파
3094,(주)에프엠케이,top_addr,,서울시 강남구,R3_사명교차전파
3094,(주)에프엠케이,top_region,,서울,R3_사명교차전파
3095,(주)에프엠케이,top_addr,,서울시 강남구,R3_사명교차전파
3095,(주)에프엠케이,top_region,,서울,R3_사명교차전파
3096,(주)에프엠케이,top_addr,,서울시 강남구,R3_사명교차전파
3096,(주)에프엠케이,top_region,,서울,R3_사명교차전파
3113,(주)엘에프푸드,top_addr,,서울특별시 강남구 언주로 174길 11,R3_사명교차전파
3113,(주)엘에프푸드,top_region,,서울,R3_사명교차전파
3114,(주)엘에프푸드,top_addr,,서울특별시 강남구 언주로 174길 11,R3_사명교차전파
3114,(주)엘에프푸드,top_region,,서울,R3_사명교차전파
3115,(주)엘에프푸드,top_addr,,서울특별시 강남구 언주로 174길 11,R3_사명교차전파
3115,(주)엘에프푸드,top_region,,서울,R3_사명교차전파
3116,(주)엘에프푸드,top_addr,,서울특별시 강남구 언주로 174길 11,R3_사명교차전파
3116,(주)엘에프푸드,top_region,,서울,R3_사명교차전파
3117,(주)엘에프푸드,top_addr,,서울특별시 강남구 언주로 174길 11,R3_사명교차전파
3117,(주)엘에프푸드,top_region,,서울,R3_사명교차전파
3153,동원팜스(주),top_addr,,충청남도 논산시 가야곡면 동안로 1281,R3_사명교차전파
3153,동원팜스(주),top_region,,충남,R3_사명교차전파
3154,동원팜스(주),top_addr,,충청남도 논산시 가야곡면 동안로 1281,R3_사명교차전파
3154,동원팜스(주),top_region,,충남,R3_사명교차전파
3155,동원팜스(주),top_addr,,충청남도 논산시 가야곡면 동안로 1281,R3_사명교차전파
3155,동원팜스(주),top_region,,충남,R3_사명교차전파
3156,동원팜스(주),top_addr,,충청남도 논산시 가야곡면 동안로 1281,R3_사명교차전파
3156,동원팜스(주),top_region,,충남,R3_사명교차전파
3157,동원팜스(주),top_addr,,충청남도 논산시 가야곡면 동안로 1281,R3_사명교차전파
3157,동원팜스(주),top_region,,충남,R3_사명교차전파
3158,동원팜스(주),top_addr,,충청남도 논산시 가야곡면 동안로 1281,R3_사명교차전파
3158,동원팜스(주),top_region,,충남,R3_사명교차전파
3159,동원팜스(주),top_addr,,충청남도 논산시 가야곡면 동안로 1281,R3_사명교차전파
3159,동원팜스(주),top_region,,충남,R3_사명교차전파
3160,동원팜스(주),top_addr,,충청남도 논산시 가야곡면 동안로 1281,R3_사명교차전파
3160,동원팜스(주),top_region,,충남,R3_사명교차전파
3161,동원팜스(주),top_addr,,충청남도 논산시 가야곡면 동안로 1281,R3_사명교차전파
3161,동원팜스(주),top_region,,충남,R3_사명교차전파
3168,디케이동신(주),top_addr,,경북 포항시 남구 대송로 154,R3_사명교차전파
3168,디케이동신(주),top_region,,경북,R3_사명교차전파
3169,디케이동신(주),top_addr,,경북 포항시 남구 대송로 154,R3_사명교차전파
3169,디케이동신(주),top_region,,경북,R3_사명교차전파
3170,에이제이토탈(주),top_addr,,서울특별시 송파구 정의로8길 9 15층(문정동 에이제이빌딩),R3_사명교차전파
3170,에이제이토탈(주),top_region,,서울,R3_사명교차전파
3171,에이제이토탈(주),top_addr,,서울특별시 송파구 정의로8길 9 15층(문정동 에이제이빌딩),R3_사명교차전파
3171,에이제이토탈(주),top_region,,서울,R3_사명교차전파
3172,에이제이토탈(주),top_addr,,서울특별시 송파구 정의로8길 9 15층(문정동 에이제이빌딩),R3_사명교차전파
3172,에이제이토탈(주),top_region,,서울,R3_사명교차전파
3173,에이제이토탈(주),top_addr,,서울특별시 송파구 정의로8길 9 15층(문정동 에이제이빌딩),R3_사명교차전파
3173,에이제이토탈(주),top_region,,서울,R3_사명교차전파
3174,에이제이토탈(주),top_addr,,서울특별시 송파구 정의로8길 9 15층(문정동 에이제이빌딩),R3_사명교차전파
3174,에이제이토탈(주),top_region,,서울,R3_사명교차전파
3175,일진디앤코(주),top_addr,,서울시 마포구 마포대로 45,R3_사명교차전파
3175,일진디앤코(주),top_region,,서울,R3_사명교차전파
3176,일진디앤코(주),top_addr,,서울시 마포구 마포대로 45,R3_사명교차전파
3176,일진디앤코(주),top_region,,서울,R3_사명교차전파
3177,일진디앤코(주),top_addr,,서울시 마포구 마포대로 45,R3_사명교차전파
3177,일진디앤코(주),top_region,,서울,R3_사명교차전파
3178,일진디앤코(주),top_addr,,서울시 마포구 마포대로 45,R3_사명교차전파
3178,일진디앤코(주),top_region,,서울,R3_사명교차전파
3179,일진디앤코(주),top_addr,,서울시 마포구 마포대로 45,R3_사명교차전파
3179,일진디앤코(주),top_region,,서울,R3_사명교차전파
3180,일진디앤코(주),top_addr,,서울시 마포구 마포대로 45,R3_사명교차전파
3180,일진디앤코(주),top_region,,서울,R3_사명교차전파
3181,나이스씨엠에스(주),top_addr,,서울특별시 마포구 마포대로 130,R3_사명교차전파
3181,나이스씨엠에스(주),top_region,,서울,R3_사명교차전파
3182,나이스씨엠에스(주),top_addr,,서울특별시 마포구 마포대로 130,R3_사명교차전파
3182,나이스씨엠에스(주),top_region,,서울,R3_사명교차전파
3183,나이스씨엠에스(주),top_addr,,서울특별시 마포구 마포대로 130,R3_사명교차전파
3183,나이스씨엠에스(주),top_region,,서울,R3_사명교차전파
3184,나이스씨엠에스(주),top_addr,,서울특별시 마포구 마포대로 130,R3_사명교차전파
3184,나이스씨엠에스(주),top_region,,서울,R3_사명교차전파
3185,나이스씨엠에스(주),top_addr,,서울특별시 마포구 마포대로 130,R3_사명교차전파
3185,나이스씨엠에스(주),top_region,,서울,R3_사명교차전파
3186,나이스씨엠에스(주),top_addr,,서울특별시 마포구 마포대로 130,R3_사명교차전파
3186,나이스씨엠에스(주),top_region,,서울,R3_사명교차전파
3187,나이스씨엠에스(주),top_addr,,서울특별시 마포구 마포대로 130,R3_사명교차전파
3187,나이스씨엠에스(주),top_region,,서울,R3_사명교차전파
3188,나이스씨엠에스(주),top_addr,,서울특별시 마포구 마포대로 130,R3_사명교차전파
3188,나이스씨엠에스(주),top_region,,서울,R3_사명교차전파
3189,나이스씨엠에스(주),top_addr,,서울특별시 마포구 마포대로 130,R3_사명교차전파
3189,나이스씨엠에스(주),top_region,,서울,R3_사명교차전파
3223,(주)경주환경에너지,top_addr,,경상북도 경주시,R3_사명교차전파
3223,(주)경주환경에너지,top_region,,경북,R3_사명교차전파
3224,(주)경주환경에너지,top_addr,,경상북도 경주시,R3_사명교차전파
3224,(주)경주환경에너지,top_region,,경북,R3_사명교차전파
3225,(주)경주환경에너지,top_addr,,경상북도 경주시,R3_사명교차전파
3225,(주)경주환경에너지,top_region,,경북,R3_사명교차전파
3226,무림캐피탈(주),top_addr,,서울시 종로구,R3_사명교차전파
3226,무림캐피탈(주),top_region,,서울,R3_사명교차전파
3227,무림캐피탈(주),top_addr,,서울시 종로구,R3_사명교차전파
3227,무림캐피탈(주),top_region,,서울,R3_사명교차전파
3228,무림캐피탈(주),top_addr,,서울시 종로구,R3_사명교차전파
3228,무림캐피탈(주),top_region,,서울,R3_사명교차전파
3229,무림캐피탈(주),top_addr,,서울시 종로구,R3_사명교차전파
3229,무림캐피탈(주),top_region,,서울,R3_사명교차전파
3230,(주)제주해양과학관,top_addr,,제주특별자치도 서귀포시 섭지코지로 95,R3_사명교차전파
3230,(주)제주해양과학관,top_region,,제주,R3_사명교차전파
3231,(주)제주해양과학관,top_addr,,제주특별자치도 서귀포시 섭지코지로 95,R3_사명교차전파
3231,(주)제주해양과학관,top_region,,제주,R3_사명교차전파
3232,(주)제주해양과학관,top_addr,,제주특별자치도 서귀포시 섭지코지로 95,R3_사명교차전파
3232,(주)제주해양과학관,top_region,,제주,R3_사명교차전파
3233,(주)제주해양과학관,top_addr,,제주특별자치도 서귀포시 섭지코지로 95,R3_사명교차전파
3233,(주)제주해양과학관,top_region,,제주,R3_사명교차전파
3234,(주)제주해양과학관,top_addr,,제주특별자치도 서귀포시 섭지코지로 95,R3_사명교차전파
3234,(주)제주해양과학관,top_region,,제주,R3_사명교차전파
3235,(주)제주해양과학관,top_addr,,제주특별자치도 서귀포시 섭지코지로 95,R3_사명교차전파
3235,(주)제주해양과학관,top_region,,제주,R3_사명교차전파
3236,(주)제주해양과학관,top_addr,,제주특별자치도 서귀포시 섭지코지로 95,R3_사명교차전파
3236,(주)제주해양과학관,top_region,,제주,R3_사명교차전파
3237,(주)제주해양과학관,top_addr,,제주특별자치도 서귀포시 섭지코지로 95,R3_사명교차전파
3237,(주)제주해양과학관,top_region,,제주,R3_사명교차전파
3238,(주)제주해양과학관,top_addr,,제주특별자치도 서귀포시 섭지코지로 95,R3_사명교차전파
3238,(주)제주해양과학관,top_region,,제주,R3_사명교차전파
3239,(주)제주해양과학관,top_addr,,제주특별자치도 서귀포시 섭지코지로 95,R3_사명교차전파
3239,(주)제주해양과학관,top_region,,제주,R3_사명교차전파
3240,(주)제주해양과학관,top_addr,,제주특별자치도 서귀포시 섭지코지로 95,R3_사명교차전파
3240,(주)제주해양과학관,top_region,,제주,R3_사명교차전파
3241,(주)제주해양과학관,top_addr,,제주특별자치도 서귀포시 섭지코지로 95,R3_사명교차전파
3241,(주)제주해양과학관,top_region,,제주,R3_사명교차전파
3242,(주)제주해양과학관,top_addr,,제주특별자치도 서귀포시 섭지코지로 95,R3_사명교차전파
3242,(주)제주해양과학관,top_region,,제주,R3_사명교차전파
3243,(주)제주해양과학관,top_addr,,제주특별자치도 서귀포시 섭지코지로 95,R3_사명교차전파
3243,(주)제주해양과학관,top_region,,제주,R3_사명교차전파
3244,(주)제주해양과학관,top_addr,,제주특별자치도 서귀포시 섭지코지로 95,R3_사명교차전파
3244,(주)제주해양과학관,top_region,,제주,R3_사명교차전파
3245,(주)제주해양과학관,top_addr,,제주특별자치도 서귀포시 섭지코지로 95,R3_사명교차전파
3245,(주)제주해양과학관,top_region,,제주,R3_사명교차전파
3246,(주)제주해양과학관,top_addr,,제주특별자치도 서귀포시 섭지코지로 95,R3_사명교차전파
3246,(주)제주해양과학관,top_region,,제주,R3_사명교차전파
3247,(주)제주해양과학관,top_addr,,제주특별자치도 서귀포시 섭지코지로 95,R3_사명교차전파
3247,(주)제주해양과학관,top_region,,제주,R3_사명교차전파
3259,(주)에이치엠티메가라인,top_addr,,서울시 중구 무교로15 남강타워14층,R3_사명교차전파
3259,(주)에이치엠티메가라인,top_region,,서울,R3_사명교차전파
3260,(주)에이치엠티메가라인,top_addr,,서울시 중구 무교로15 남강타워14층,R3_사명교차전파
3260,(주)에이치엠티메가라인,top_region,,서울,R3_사명교차전파
3261,(주)한화도시개발,top_addr,,충남 아산시 둔포면 해위안길 62번길 16 (신항리),R3_사명교차전파
3261,(주)한화도시개발,top_region,,충남,R3_사명교차전파
3262,(주)한화도시개발,top_addr,,충남 아산시 둔포면 해위안길 62번길 16 (신항리),R3_사명교차전파
3262,(주)한화도시개발,top_region,,충남,R3_사명교차전파
3263,(주)한화도시개발,top_addr,,충남 아산시 둔포면 해위안길 62번길 16 (신항리),R3_사명교차전파
3263,(주)한화도시개발,top_region,,충남,R3_사명교차전파
3264,(주)한화도시개발,top_addr,,충남 아산시 둔포면 해위안길 62번길 16 (신항리),R3_사명교차전파
3264,(주)한화도시개발,top_region,,충남,R3_사명교차전파
3265,(주)한화도시개발,top_addr,,충남 아산시 둔포면 해위안길 62번길 16 (신항리),R3_사명교차전파
3265,(주)한화도시개발,top_region,,충남,R3_사명교차전파
3266,(주)한화도시개발,top_addr,,충남 아산시 둔포면 해위안길 62번길 16 (신항리),R3_사명교차전파
3266,(주)한화도시개발,top_region,,충남,R3_사명교차전파
3267,(주)한화도시개발,top_addr,,충남 아산시 둔포면 해위안길 62번길 16 (신항리),R3_사명교차전파
3267,(주)한화도시개발,top_region,,충남,R3_사명교차전파
3268,(주)한화도시개발,top_addr,,충남 아산시 둔포면 해위안길 62번길 16 (신항리),R3_사명교차전파
3268,(주)한화도시개발,top_region,,충남,R3_사명교차전파
3269,(주)한화도시개발,top_addr,,충남 아산시 둔포면 해위안길 62번길 16 (신항리),R3_사명교차전파
3269,(주)한화도시개발,top_region,,충남,R3_사명교차전파
3270,(주)한화도시개발,top_addr,,충남 아산시 둔포면 해위안길 62번길 16 (신항리),R3_사명교차전파
3270,(주)한화도시개발,top_region,,충남,R3_사명교차전파
3271,(주)한화도시개발,top_addr,,충남 아산시 둔포면 해위안길 62번길 16 (신항리),R3_사명교차전파
3271,(주)한화도시개발,top_region,,충남,R3_사명교차전파
3272,(주)한화도시개발,top_addr,,충남 아산시 둔포면 해위안길 62번길 16 (신항리),R3_사명교차전파
3272,(주)한화도시개발,top_region,,충남,R3_사명교차전파
3273,(주)한화도시개발,top_addr,,충남 아산시 둔포면 해위안길 62번길 16 (신항리),R3_사명교차전파
3273,(주)한화도시개발,top_region,,충남,R3_사명교차전파
3274,(주)한화도시개발,top_addr,,충남 아산시 둔포면 해위안길 62번길 16 (신항리),R3_사명교차전파
3274,(주)한화도시개발,top_region,,충남,R3_사명교차전파
3275,(주)한화도시개발,top_addr,,충남 아산시 둔포면 해위안길 62번길 16 (신항리),R3_사명교차전파
3275,(주)한화도시개발,top_region,,충남,R3_사명교차전파
3276,(주)한화도시개발,top_addr,,충남 아산시 둔포면 해위안길 62번길 16 (신항리),R3_사명교차전파
3276,(주)한화도시개발,top_region,,충남,R3_사명교차전파
3277,(주)한화도시개발,top_addr,,충남 아산시 둔포면 해위안길 62번길 16 (신항리),R3_사명교차전파
3277,(주)한화도시개발,top_region,,충남,R3_사명교차전파
3278,(주)한화도시개발,top_addr,,충남 아산시 둔포면 해위안길 62번길 16 (신항리),R3_사명교차전파
3278,(주)한화도시개발,top_region,,충남,R3_사명교차전파
3279,(주)대륜발전,top_addr,,경기도 양주시 화합로 1710번길 125,R3_사명교차전파
3279,(주)대륜발전,top_region,,경기,R3_사명교차전파
3280,(주)대륜발전,top_addr,,경기도 양주시 화합로 1710번길 125,R3_사명교차전파
3280,(주)대륜발전,top_region,,경기,R3_사명교차전파
3295,(주)참트레이딩,top_addr,,서울 강남구 도산대로 130 6층,R3_사명교차전파
3295,(주)참트레이딩,top_region,,서울,R3_사명교차전파
3296,(주)참트레이딩,top_addr,,서울 강남구 도산대로 130 6층,R3_사명교차전파
3296,(주)참트레이딩,top_region,,서울,R3_사명교차전파
3297,(주)참트레이딩,top_addr,,서울 강남구 도산대로 130 6층,R3_사명교차전파
3297,(주)참트레이딩,top_region,,서울,R3_사명교차전파
3298,(주)참트레이딩,top_addr,,서울 강남구 도산대로 130 6층,R3_사명교차전파
3298,(주)참트레이딩,top_region,,서울,R3_사명교차전파
3299,(주)참트레이딩,top_addr,,서울 강남구 도산대로 130 6층,R3_사명교차전파
3299,(주)참트레이딩,top_region,,서울,R3_사명교차전파
3300,(주)참트레이딩,top_addr,,서울 강남구 도산대로 130 6층,R3_사명교차전파
3300,(주)참트레이딩,top_region,,서울,R3_사명교차전파
3301,(주)참트레이딩,top_addr,,서울 강남구 도산대로 130 6층,R3_사명교차전파
3301,(주)참트레이딩,top_region,,서울,R3_사명교차전파
3302,(주)참트레이딩,top_addr,,서울 강남구 도산대로 130 6층,R3_사명교차전파
3302,(주)참트레이딩,top_region,,서울,R3_사명교차전파
3303,(주)참트레이딩,top_addr,,서울 강남구 도산대로 130 6층,R3_사명교차전파
3303,(주)참트레이딩,top_region,,서울,R3_사명교차전파
3304,(주)참트레이딩,top_addr,,서울 강남구 도산대로 130 6층,R3_사명교차전파
3304,(주)참트레이딩,top_region,,서울,R3_사명교차전파
3305,(주)참트레이딩,top_addr,,서울 강남구 도산대로 130 6층,R3_사명교차전파
3305,(주)참트레이딩,top_region,,서울,R3_사명교차전파
3306,(주)참트레이딩,top_addr,,서울 강남구 도산대로 130 6층,R3_사명교차전파
3306,(주)참트레이딩,top_region,,서울,R3_사명교차전파
3307,(주)참트레이딩,top_addr,,서울 강남구 도산대로 130 6층,R3_사명교차전파
3307,(주)참트레이딩,top_region,,서울,R3_사명교차전파
3308,(주)참트레이딩,top_addr,,서울 강남구 도산대로 130 6층,R3_사명교차전파
3308,(주)참트레이딩,top_region,,서울,R3_사명교차전파
3309,(주)참트레이딩,top_addr,,서울 강남구 도산대로 130 6층,R3_사명교차전파
3309,(주)참트레이딩,top_region,,서울,R3_사명교차전파
3310,(주)참트레이딩,top_addr,,서울 강남구 도산대로 130 6층,R3_사명교차전파
3310,(주)참트레이딩,top_region,,서울,R3_사명교차전파
3311,(주)참트레이딩,top_addr,,서울 강남구 도산대로 130 6층,R3_사명교차전파
3311,(주)참트레이딩,top_region,,서울,R3_사명교차전파
3312,(주)참트레이딩,top_addr,,서울 강남구 도산대로 130 6층,R3_사명교차전파
3312,(주)참트레이딩,top_region,,서울,R3_사명교차전파
3313,지에스바이오(주),top_addr,,전라남도 여수시 여수산단로 923-106,R3_사명교차전파
3313,지에스바이오(주),top_region,,전남,R3_사명교차전파
3314,지에스바이오(주),top_addr,,전라남도 여수시 여수산단로 923-106,R3_사명교차전파
3314,지에스바이오(주),top_region,,전남,R3_사명교차전파
3315,지에스바이오(주),top_addr,,전라남도 여수시 여수산단로 923-106,R3_사명교차전파
3315,지에스바이오(주),top_region,,전남,R3_사명교차전파
3316,지에스바이오(주),top_addr,,전라남도 여수시 여수산단로 923-106,R3_사명교차전파
3316,지에스바이오(주),top_region,,전남,R3_사명교차전파
3317,지에스바이오(주),top_addr,,전라남도 여수시 여수산단로 923-106,R3_사명교차전파
3317,지에스바이오(주),top_region,,전남,R3_사명교차전파
3318,지에스바이오(주),top_addr,,전라남도 여수시 여수산단로 923-106,R3_사명교차전파
3318,지에스바이오(주),top_region,,전남,R3_사명교차전파
3319,지에스바이오(주),top_addr,,전라남도 여수시 여수산단로 923-106,R3_사명교차전파
3319,지에스바이오(주),top_region,,전남,R3_사명교차전파
3320,지에스바이오(주),top_addr,,전라남도 여수시 여수산단로 923-106,R3_사명교차전파
3320,지에스바이오(주),top_region,,전남,R3_사명교차전파
3321,지에스바이오(주),top_addr,,전라남도 여수시 여수산단로 923-106,R3_사명교차전파
3321,지에스바이오(주),top_region,,전남,R3_사명교차전파
3322,지에스바이오(주),top_addr,,전라남도 여수시 여수산단로 923-106,R3_사명교차전파
3322,지에스바이오(주),top_region,,전남,R3_사명교차전파
3323,지에스바이오(주),top_addr,,전라남도 여수시 여수산단로 923-106,R3_사명교차전파
3323,지에스바이오(주),top_region,,전남,R3_사명교차전파
3324,지에스바이오(주),top_addr,,전라남도 여수시 여수산단로 923-106,R3_사명교차전파
3324,지에스바이오(주),top_region,,전남,R3_사명교차전파
3325,지에스바이오(주),top_addr,,전라남도 여수시 여수산단로 923-106,R3_사명교차전파
3325,지에스바이오(주),top_region,,전남,R3_사명교차전파
3326,지에스바이오(주),top_addr,,전라남도 여수시 여수산단로 923-106,R3_사명교차전파
3326,지에스바이오(주),top_region,,전남,R3_사명교차전파
3327,지에스바이오(주),top_addr,,전라남도 여수시 여수산단로 923-106,R3_사명교차전파
3327,지에스바이오(주),top_region,,전남,R3_사명교차전파
3352,대성산업(주),top_addr,,서울시 구로구 경인로 662,R3_사명교차전파
3352,대성산업(주),top_region,,서울,R3_사명교차전파
3353,대성산업(주),top_addr,,서울시 구로구 경인로 662,R3_사명교차전파
3353,대성산업(주),top_region,,서울,R3_사명교차전파
3354,대성산업(주),top_addr,,서울시 구로구 경인로 662,R3_사명교차전파
3354,대성산업(주),top_region,,서울,R3_사명교차전파
3370,(주)케이티에스테이트,top_addr,,서울특별시 강남구 테헤란로 422 KT타워 17층,R3_사명교차전파
3370,(주)케이티에스테이트,top_region,,서울,R3_사명교차전파
3371,(주)케이티에스테이트,top_addr,,서울특별시 강남구 테헤란로 422 KT타워 17층,R3_사명교차전파
3371,(주)케이티에스테이트,top_region,,서울,R3_사명교차전파
3372,(주)케이티에스테이트,top_addr,,서울특별시 강남구 테헤란로 422 KT타워 17층,R3_사명교차전파
3372,(주)케이티에스테이트,top_region,,서울,R3_사명교차전파
3373,(주)케이티에스테이트,top_addr,,서울특별시 강남구 테헤란로 422 KT타워 17층,R3_사명교차전파
3373,(주)케이티에스테이트,top_region,,서울,R3_사명교차전파
3374,(주)케이티에스테이트,top_addr,,서울특별시 강남구 테헤란로 422 KT타워 17층,R3_사명교차전파
3374,(주)케이티에스테이트,top_region,,서울,R3_사명교차전파
3375,(주)케이티에스테이트,top_addr,,서울특별시 강남구 테헤란로 422 KT타워 17층,R3_사명교차전파
3375,(주)케이티에스테이트,top_region,,서울,R3_사명교차전파
3376,(주)케이티에스테이트,top_addr,,서울특별시 강남구 테헤란로 422 KT타워 17층,R3_사명교차전파
3376,(주)케이티에스테이트,top_region,,서울,R3_사명교차전파
3377,청진이삼프로젝트(주),top_addr,,서울시 종로구 종로3길 17(청진동),R3_사명교차전파
3377,청진이삼프로젝트(주),top_region,,서울,R3_사명교차전파
3378,청진이삼프로젝트(주),top_addr,,서울시 종로구 종로3길 17(청진동),R3_사명교차전파
3378,청진이삼프로젝트(주),top_region,,서울,R3_사명교차전파
3379,청진이삼프로젝트(주),top_addr,,서울시 종로구 종로3길 17(청진동),R3_사명교차전파
3379,청진이삼프로젝트(주),top_region,,서울,R3_사명교차전파
3380,청진이삼프로젝트(주),top_addr,,서울시 종로구 종로3길 17(청진동),R3_사명교차전파
3380,청진이삼프로젝트(주),top_region,,서울,R3_사명교차전파
3381,청진이삼프로젝트(주),top_addr,,서울시 종로구 종로3길 17(청진동),R3_사명교차전파
3381,청진이삼프로젝트(주),top_region,,서울,R3_사명교차전파
3382,청진이삼프로젝트(주),top_addr,,서울시 종로구 종로3길 17(청진동),R3_사명교차전파
3382,청진이삼프로젝트(주),top_region,,서울,R3_사명교차전파
3383,청진이삼프로젝트(주),top_addr,,서울시 종로구 종로3길 17(청진동),R3_사명교차전파
3383,청진이삼프로젝트(주),top_region,,서울,R3_사명교차전파
3419,현대종합특수강(주),top_addr,,경기도 안양시 동안구 시민대로 161,R3_사명교차전파
3419,현대종합특수강(주),top_region,,경기,R3_사명교차전파
3420,현대종합특수강(주),top_addr,,경기도 안양시 동안구 시민대로 161,R3_사명교차전파
3420,현대종합특수강(주),top_region,,경기,R3_사명교차전파
3421,현대종합특수강(주),top_addr,,경기도 안양시 동안구 시민대로 161,R3_사명교차전파
3421,현대종합특수강(주),top_region,,경기,R3_사명교차전파
3422,현대종합특수강(주),top_addr,,경기도 안양시 동안구 시민대로 161,R3_사명교차전파
3422,현대종합특수강(주),top_region,,경기,R3_사명교차전파
3423,현대종합특수강(주),top_addr,,경기도 안양시 동안구 시민대로 161,R3_사명교차전파
3423,현대종합특수강(주),top_region,,경기,R3_사명교차전파
3424,현대종합특수강(주),top_addr,,경기도 안양시 동안구 시민대로 161,R3_사명교차전파
3424,현대종합특수강(주),top_region,,경기,R3_사명교차전파
3425,현대종합특수강(주),top_addr,,경기도 안양시 동안구 시민대로 161,R3_사명교차전파
3425,현대종합특수강(주),top_region,,경기,R3_사명교차전파
3426,현대종합특수강(주),top_addr,,경기도 안양시 동안구 시민대로 161,R3_사명교차전파
3426,현대종합특수강(주),top_region,,경기,R3_사명교차전파
3427,현대종합특수강(주),top_addr,,경기도 안양시 동안구 시민대로 161,R3_사명교차전파
3427,현대종합특수강(주),top_region,,경기,R3_사명교차전파
3428,현대종합특수강(주),top_addr,,경기도 안양시 동안구 시민대로 161,R3_사명교차전파
3428,현대종합특수강(주),top_region,,경기,R3_사명교차전파
3429,현대종합특수강(주),top_addr,,경기도 안양시 동안구 시민대로 161,R3_사명교차전파
3429,현대종합특수강(주),top_region,,경기,R3_사명교차전파
3430,현대종합특수강(주),top_addr,,경기도 안양시 동안구 시민대로 161,R3_사명교차전파
3430,현대종합특수강(주),top_region,,경기,R3_사명교차전파
3431,현대종합특수강(주),top_addr,,경기도 안양시 동안구 시민대로 161,R3_사명교차전파
3431,현대종합특수강(주),top_region,,경기,R3_사명교차전파
3432,현대종합특수강(주),top_addr,,경기도 안양시 동안구 시민대로 161,R3_사명교차전파
3432,현대종합특수강(주),top_region,,경기,R3_사명교차전파
3433,현대종합특수강(주),top_addr,,경기도 안양시 동안구 시민대로 161,R3_사명교차전파
3433,현대종합특수강(주),top_region,,경기,R3_사명교차전파
3434,현대종합특수강(주),top_addr,,경기도 안양시 동안구 시민대로 161,R3_사명교차전파
3434,현대종합특수강(주),top_region,,경기,R3_사명교차전파
3435,현대종합특수강(주),top_addr,,경기도 안양시 동안구 시민대로 161,R3_사명교차전파
3435,현대종합특수강(주),top_region,,경기,R3_사명교차전파
3436,현대종합특수강(주),top_addr,,경기도 안양시 동안구 시민대로 161,R3_사명교차전파
3436,현대종합특수강(주),top_region,,경기,R3_사명교차전파
3437,현대종합특수강(주),top_addr,,경기도 안양시 동안구 시민대로 161,R3_사명교차전파
3437,현대종합특수강(주),top_region,,경기,R3_사명교차전파
3438,동원로엑스(주),top_addr,,서울 서초구 마방로68(양재동) 동원산업빌딩,R3_사명교차전파
3438,동원로엑스(주),top_region,,서울,R3_사명교차전파
3439,동원로엑스(주),top_addr,,서울 서초구 마방로68(양재동) 동원산업빌딩,R3_사명교차전파
3439,동원로엑스(주),top_region,,서울,R3_사명교차전파
3440,동원로엑스(주),top_addr,,서울 서초구 마방로68(양재동) 동원산업빌딩,R3_사명교차전파
3440,동원로엑스(주),top_region,,서울,R3_사명교차전파
3441,동원로엑스(주),top_addr,,서울 서초구 마방로68(양재동) 동원산업빌딩,R3_사명교차전파
3441,동원로엑스(주),top_region,,서울,R3_사명교차전파
3442,동원로엑스(주),top_addr,,서울 서초구 마방로68(양재동) 동원산업빌딩,R3_사명교차전파
3442,동원로엑스(주),top_region,,서울,R3_사명교차전파
3443,동원로엑스(주),top_addr,,서울 서초구 마방로68(양재동) 동원산업빌딩,R3_사명교차전파
3443,동원로엑스(주),top_region,,서울,R3_사명교차전파
3444,동원로엑스(주),top_addr,,서울 서초구 마방로68(양재동) 동원산업빌딩,R3_사명교차전파
3444,동원로엑스(주),top_region,,서울,R3_사명교차전파
3445,동원로엑스(주),top_addr,,서울 서초구 마방로68(양재동) 동원산업빌딩,R3_사명교차전파
3445,동원로엑스(주),top_region,,서울,R3_사명교차전파
3446,동원로엑스(주),top_addr,,서울 서초구 마방로68(양재동) 동원산업빌딩,R3_사명교차전파
3446,동원로엑스(주),top_region,,서울,R3_사명교차전파
3603,(주)삼양사,top_addr,,서울특별시 종로구 종로33길 31,R3_사명교차전파
3603,(주)삼양사,top_region,,서울,R3_사명교차전파
3604,(주)삼양사,top_addr,,서울특별시 종로구 종로33길 31,R3_사명교차전파
3604,(주)삼양사,top_region,,서울,R3_사명교차전파
3605,(주)삼양사,top_addr,,서울특별시 종로구 종로33길 31,R3_사명교차전파
3605,(주)삼양사,top_region,,서울,R3_사명교차전파
3606,(주)삼양사,top_addr,,서울특별시 종로구 종로33길 31,R3_사명교차전파
3606,(주)삼양사,top_region,,서울,R3_사명교차전파
3607,(주)삼양사,top_addr,,서울특별시 종로구 종로33길 31,R3_사명교차전파
3607,(주)삼양사,top_region,,서울,R3_사명교차전파
3641,(주)나무경영아카데미,top_addr,,서울 종로구 서린동 70,R3_사명교차전파
3641,(주)나무경영아카데미,top_region,,서울,R3_사명교차전파
3646,메리츠캐피탈(주),top_addr,,서울특별시 영등포구 국제금융로 10 Three IFC 23층,R3_사명교차전파
3646,메리츠캐피탈(주),top_region,,서울,R3_사명교차전파
3647,메리츠캐피탈(주),top_addr,,서울특별시 영등포구 국제금융로 10 Three IFC 23층,R3_사명교차전파
3647,메리츠캐피탈(주),top_region,,서울,R3_사명교차전파
3648,한국자산캐피탈(주),top_addr,,서울시 강남구 테헤란로 306,R3_사명교차전파
3648,한국자산캐피탈(주),top_region,,서울,R3_사명교차전파
3649,한국자산캐피탈(주),top_addr,,서울시 강남구 테헤란로 306,R3_사명교차전파
3649,한국자산캐피탈(주),top_region,,서울,R3_사명교차전파
3650,한국자산캐피탈(주),top_addr,,서울시 강남구 테헤란로 306,R3_사명교차전파
3650,한국자산캐피탈(주),top_region,,서울,R3_사명교차전파
3651,나래에너지서비스(주),top_addr,,서울시 종로구 서린동 88 한국화장품 건물 2층 위례에너지서비스,R3_사명교차전파
3651,나래에너지서비스(주),top_region,,서울,R3_사명교차전파
3652,나래에너지서비스(주),top_addr,,서울시 종로구 서린동 88 한국화장품 건물 2층 위례에너지서비스,R3_사명교차전파
3652,나래에너지서비스(주),top_region,,서울,R3_사명교차전파
3653,나래에너지서비스(주),top_addr,,서울시 종로구 서린동 88 한국화장품 건물 2층 위례에너지서비스,R3_사명교차전파
3653,나래에너지서비스(주),top_region,,서울,R3_사명교차전파
3654,나래에너지서비스(주),top_addr,,서울시 종로구 서린동 88 한국화장품 건물 2층 위례에너지서비스,R3_사명교차전파
3654,나래에너지서비스(주),top_region,,서울,R3_사명교차전파
3655,나래에너지서비스(주),top_addr,,서울시 종로구 서린동 88 한국화장품 건물 2층 위례에너지서비스,R3_사명교차전파
3655,나래에너지서비스(주),top_region,,서울,R3_사명교차전파
3656,나래에너지서비스(주),top_addr,,서울시 종로구 서린동 88 한국화장품 건물 2층 위례에너지서비스,R3_사명교차전파
3656,나래에너지서비스(주),top_region,,서울,R3_사명교차전파
3657,나래에너지서비스(주),top_addr,,서울시 종로구 서린동 88 한국화장품 건물 2층 위례에너지서비스,R3_사명교차전파
3657,나래에너지서비스(주),top_region,,서울,R3_사명교차전파
3658,나래에너지서비스(주),top_addr,,서울시 종로구 서린동 88 한국화장품 건물 2층 위례에너지서비스,R3_사명교차전파
3658,나래에너지서비스(주),top_region,,서울,R3_사명교차전파
3659,나래에너지서비스(주),top_addr,,서울시 종로구 서린동 88 한국화장품 건물 2층 위례에너지서비스,R3_사명교차전파
3659,나래에너지서비스(주),top_region,,서울,R3_사명교차전파
3660,나래에너지서비스(주),top_addr,,서울시 종로구 서린동 88 한국화장품 건물 2층 위례에너지서비스,R3_사명교차전파
3660,나래에너지서비스(주),top_region,,서울,R3_사명교차전파
3661,나래에너지서비스(주),top_addr,,서울시 종로구 서린동 88 한국화장품 건물 2층 위례에너지서비스,R3_사명교차전파
3661,나래에너지서비스(주),top_region,,서울,R3_사명교차전파
3662,나래에너지서비스(주),top_addr,,서울시 종로구 서린동 88 한국화장품 건물 2층 위례에너지서비스,R3_사명교차전파
3662,나래에너지서비스(주),top_region,,서울,R3_사명교차전파
3663,나래에너지서비스(주),top_addr,,서울시 종로구 서린동 88 한국화장품 건물 2층 위례에너지서비스,R3_사명교차전파
3663,나래에너지서비스(주),top_region,,서울,R3_사명교차전파
3664,나래에너지서비스(주),top_addr,,서울시 종로구 서린동 88 한국화장품 건물 2층 위례에너지서비스,R3_사명교차전파
3664,나래에너지서비스(주),top_region,,서울,R3_사명교차전파
3665,나래에너지서비스(주),top_addr,,서울시 종로구 서린동 88 한국화장품 건물 2층 위례에너지서비스,R3_사명교차전파
3665,나래에너지서비스(주),top_region,,서울,R3_사명교차전파
3666,나래에너지서비스(주),top_addr,,서울시 종로구 서린동 88 한국화장품 건물 2층 위례에너지서비스,R3_사명교차전파
3666,나래에너지서비스(주),top_region,,서울,R3_사명교차전파
3667,나래에너지서비스(주),top_addr,,서울시 종로구 서린동 88 한국화장품 건물 2층 위례에너지서비스,R3_사명교차전파
3667,나래에너지서비스(주),top_region,,서울,R3_사명교차전파
3668,나래에너지서비스(주),top_addr,,서울시 종로구 서린동 88 한국화장품 건물 2층 위례에너지서비스,R3_사명교차전파
3668,나래에너지서비스(주),top_region,,서울,R3_사명교차전파
3669,나래에너지서비스(주),top_addr,,서울시 종로구 서린동 88 한국화장품 건물 2층 위례에너지서비스,R3_사명교차전파
3669,나래에너지서비스(주),top_region,,서울,R3_사명교차전파
3670,나래에너지서비스(주),top_addr,,서울시 종로구 서린동 88 한국화장품 건물 2층 위례에너지서비스,R3_사명교차전파
3670,나래에너지서비스(주),top_region,,서울,R3_사명교차전파
3671,나래에너지서비스(주),top_addr,,서울시 종로구 서린동 88 한국화장품 건물 2층 위례에너지서비스,R3_사명교차전파
3671,나래에너지서비스(주),top_region,,서울,R3_사명교차전파
3672,나래에너지서비스(주),top_addr,,서울시 종로구 서린동 88 한국화장품 건물 2층 위례에너지서비스,R3_사명교차전파
3672,나래에너지서비스(주),top_region,,서울,R3_사명교차전파
3673,나래에너지서비스(주),top_addr,,서울시 종로구 서린동 88 한국화장품 건물 2층 위례에너지서비스,R3_사명교차전파
3673,나래에너지서비스(주),top_region,,서울,R3_사명교차전파
3674,나래에너지서비스(주),top_addr,,서울시 종로구 서린동 88 한국화장품 건물 2층 위례에너지서비스,R3_사명교차전파
3674,나래에너지서비스(주),top_region,,서울,R3_사명교차전파
3675,나래에너지서비스(주),top_addr,,서울시 종로구 서린동 88 한국화장품 건물 2층 위례에너지서비스,R3_사명교차전파
3675,나래에너지서비스(주),top_region,,서울,R3_사명교차전파
3676,나래에너지서비스(주),top_addr,,서울시 종로구 서린동 88 한국화장품 건물 2층 위례에너지서비스,R3_사명교차전파
3676,나래에너지서비스(주),top_region,,서울,R3_사명교차전파
3677,나래에너지서비스(주),top_addr,,서울시 종로구 서린동 88 한국화장품 건물 2층 위례에너지서비스,R3_사명교차전파
3677,나래에너지서비스(주),top_region,,서울,R3_사명교차전파
3678,나래에너지서비스(주),top_addr,,서울시 종로구 서린동 88 한국화장품 건물 2층 위례에너지서비스,R3_사명교차전파
3678,나래에너지서비스(주),top_region,,서울,R3_사명교차전파
3679,나래에너지서비스(주),top_addr,,서울시 종로구 서린동 88 한국화장품 건물 2층 위례에너지서비스,R3_사명교차전파
3679,나래에너지서비스(주),top_region,,서울,R3_사명교차전파
3680,나래에너지서비스(주),top_addr,,서울시 종로구 서린동 88 한국화장품 건물 2층 위례에너지서비스,R3_사명교차전파
3680,나래에너지서비스(주),top_region,,서울,R3_사명교차전파
3681,나래에너지서비스(주),top_addr,,서울시 종로구 서린동 88 한국화장품 건물 2층 위례에너지서비스,R3_사명교차전파
3681,나래에너지서비스(주),top_region,,서울,R3_사명교차전파
3682,나래에너지서비스(주),top_addr,,서울시 종로구 서린동 88 한국화장품 건물 2층 위례에너지서비스,R3_사명교차전파
3682,나래에너지서비스(주),top_region,,서울,R3_사명교차전파
3683,나래에너지서비스(주),top_addr,,서울시 종로구 서린동 88 한국화장품 건물 2층 위례에너지서비스,R3_사명교차전파
3683,나래에너지서비스(주),top_region,,서울,R3_사명교차전파
3684,나래에너지서비스(주),top_addr,,서울시 종로구 서린동 88 한국화장품 건물 2층 위례에너지서비스,R3_사명교차전파
3684,나래에너지서비스(주),top_region,,서울,R3_사명교차전파
3685,나래에너지서비스(주),top_addr,,서울시 종로구 서린동 88 한국화장품 건물 2층 위례에너지서비스,R3_사명교차전파
3685,나래에너지서비스(주),top_region,,서울,R3_사명교차전파
3721,동아제약(주),top_addr,,서울 동대문구 천호대로 64,R3_사명교차전파
3721,동아제약(주),top_region,,서울,R3_사명교차전파
3722,동아제약(주),top_addr,,서울 동대문구 천호대로 64,R3_사명교차전파
3722,동아제약(주),top_region,,서울,R3_사명교차전파
3723,동아제약(주),top_addr,,서울 동대문구 천호대로 64,R3_사명교차전파
3723,동아제약(주),top_region,,서울,R3_사명교차전파
3724,동아제약(주),top_addr,,서울 동대문구 천호대로 64,R3_사명교차전파
3724,동아제약(주),top_region,,서울,R3_사명교차전파
3725,동아제약(주),top_addr,,서울 동대문구 천호대로 64,R3_사명교차전파
3725,동아제약(주),top_region,,서울,R3_사명교차전파
3726,동아제약(주),top_addr,,서울 동대문구 천호대로 64,R3_사명교차전파
3726,동아제약(주),top_region,,서울,R3_사명교차전파
3767,(주)베스트토요타,top_addr,,- 주소 : 서울 용산구 한강대로 92 (한강로2가 LS용산타워1층) - 전화 : 02) 2122-7701 - 홈페이지 : http://www.toyotayongsan.co.kr,R3_사명교차전파
3767,(주)베스트토요타,top_region,,서울,R3_사명교차전파
3768,(주)베스트토요타,top_addr,,- 주소 : 서울 용산구 한강대로 92 (한강로2가 LS용산타워1층) - 전화 : 02) 2122-7701 - 홈페이지 : http://www.toyotayongsan.co.kr,R3_사명교차전파
3768,(주)베스트토요타,top_region,,서울,R3_사명교차전파
3769,(주)베스트토요타,top_addr,,- 주소 : 서울 용산구 한강대로 92 (한강로2가 LS용산타워1층) - 전화 : 02) 2122-7701 - 홈페이지 : http://www.toyotayongsan.co.kr,R3_사명교차전파
3769,(주)베스트토요타,top_region,,서울,R3_사명교차전파
3770,(주)베스트토요타,top_addr,,- 주소 : 서울 용산구 한강대로 92 (한강로2가 LS용산타워1층) - 전화 : 02) 2122-7701 - 홈페이지 : http://www.toyotayongsan.co.kr,R3_사명교차전파
3770,(주)베스트토요타,top_region,,서울,R3_사명교차전파
3771,(주)베스트토요타,top_addr,,- 주소 : 서울 용산구 한강대로 92 (한강로2가 LS용산타워1층) - 전화 : 02) 2122-7701 - 홈페이지 : http://www.toyotayongsan.co.kr,R3_사명교차전파
3771,(주)베스트토요타,top_region,,서울,R3_사명교차전파
3772,(주)베스트토요타,top_addr,,- 주소 : 서울 용산구 한강대로 92 (한강로2가 LS용산타워1층) - 전화 : 02) 2122-7701 - 홈페이지 : http://www.toyotayongsan.co.kr,R3_사명교차전파
3772,(주)베스트토요타,top_region,,서울,R3_사명교차전파
3773,(주)베스트토요타,top_addr,,- 주소 : 서울 용산구 한강대로 92 (한강로2가 LS용산타워1층) - 전화 : 02) 2122-7701 - 홈페이지 : http://www.toyotayongsan.co.kr,R3_사명교차전파
3773,(주)베스트토요타,top_region,,서울,R3_사명교차전파
3774,(주)베스트토요타,top_addr,,- 주소 : 서울 용산구 한강대로 92 (한강로2가 LS용산타워1층) - 전화 : 02) 2122-7701 - 홈페이지 : http://www.toyotayongsan.co.kr,R3_사명교차전파
3774,(주)베스트토요타,top_region,,서울,R3_사명교차전파
3775,(주)베스트토요타,top_addr,,- 주소 : 서울 용산구 한강대로 92 (한강로2가 LS용산타워1층) - 전화 : 02) 2122-7701 - 홈페이지 : http://www.toyotayongsan.co.kr,R3_사명교차전파
3775,(주)베스트토요타,top_region,,서울,R3_사명교차전파
3776,(주)베스트토요타,top_addr,,- 주소 : 서울 용산구 한강대로 92 (한강로2가 LS용산타워1층) - 전화 : 02) 2122-7701 - 홈페이지 : http://www.toyotayongsan.co.kr,R3_사명교차전파
3776,(주)베스트토요타,top_region,,서울,R3_사명교차전파
3777,(주)베스트토요타,top_addr,,- 주소 : 서울 용산구 한강대로 92 (한강로2가 LS용산타워1층) - 전화 : 02) 2122-7701 - 홈페이지 : http://www.toyotayongsan.co.kr,R3_사명교차전파
3777,(주)베스트토요타,top_region,,서울,R3_사명교차전파
3778,(주)베스트토요타,top_addr,,- 주소 : 서울 용산구 한강대로 92 (한강로2가 LS용산타워1층) - 전화 : 02) 2122-7701 - 홈페이지 : http://www.toyotayongsan.co.kr,R3_사명교차전파
3778,(주)베스트토요타,top_region,,서울,R3_사명교차전파
3779,(주)베스트토요타,top_addr,,- 주소 : 서울 용산구 한강대로 92 (한강로2가 LS용산타워1층) - 전화 : 02) 2122-7701 - 홈페이지 : http://www.toyotayongsan.co.kr,R3_사명교차전파
3779,(주)베스트토요타,top_region,,서울,R3_사명교차전파
3780,(주)베스트토요타,top_addr,,- 주소 : 서울 용산구 한강대로 92 (한강로2가 LS용산타워1층) - 전화 : 02) 2122-7701 - 홈페이지 : http://www.toyotayongsan.co.kr,R3_사명교차전파
3780,(주)베스트토요타,top_region,,서울,R3_사명교차전파
3781,(주)베스트토요타,top_addr,,- 주소 : 서울 용산구 한강대로 92 (한강로2가 LS용산타워1층) - 전화 : 02) 2122-7701 - 홈페이지 : http://www.toyotayongsan.co.kr,R3_사명교차전파
3781,(주)베스트토요타,top_region,,서울,R3_사명교차전파
3782,(주)베스트토요타,top_addr,,- 주소 : 서울 용산구 한강대로 92 (한강로2가 LS용산타워1층) - 전화 : 02) 2122-7701 - 홈페이지 : http://www.toyotayongsan.co.kr,R3_사명교차전파
3782,(주)베스트토요타,top_region,,서울,R3_사명교차전파
3783,(주)베스트토요타,top_addr,,- 주소 : 서울 용산구 한강대로 92 (한강로2가 LS용산타워1층) - 전화 : 02) 2122-7701 - 홈페이지 : http://www.toyotayongsan.co.kr,R3_사명교차전파
3783,(주)베스트토요타,top_region,,서울,R3_사명교차전파
3784,(주)베스트토요타,top_addr,,- 주소 : 서울 용산구 한강대로 92 (한강로2가 LS용산타워1층) - 전화 : 02) 2122-7701 - 홈페이지 : http://www.toyotayongsan.co.kr,R3_사명교차전파
3784,(주)베스트토요타,top_region,,서울,R3_사명교차전파
3785,(주)베스트토요타,top_addr,,- 주소 : 서울 용산구 한강대로 92 (한강로2가 LS용산타워1층) - 전화 : 02) 2122-7701 - 홈페이지 : http://www.toyotayongsan.co.kr,R3_사명교차전파
3785,(주)베스트토요타,top_region,,서울,R3_사명교차전파
3786,(주)베스트토요타,top_addr,,- 주소 : 서울 용산구 한강대로 92 (한강로2가 LS용산타워1층) - 전화 : 02) 2122-7701 - 홈페이지 : http://www.toyotayongsan.co.kr,R3_사명교차전파
3786,(주)베스트토요타,top_region,,서울,R3_사명교차전파
3787,(주)와이즈버즈,top_addr,,경기도 성남시 수정구 금토로69 5층(금토동 다우디지털스퀘어),R3_사명교차전파
3787,(주)와이즈버즈,top_region,,경기,R3_사명교차전파
3788,(주)와이즈버즈,top_addr,,경기도 성남시 수정구 금토로69 5층(금토동 다우디지털스퀘어),R3_사명교차전파
3788,(주)와이즈버즈,top_region,,경기,R3_사명교차전파
3789,(주)와이즈버즈,top_addr,,경기도 성남시 수정구 금토로69 5층(금토동 다우디지털스퀘어),R3_사명교차전파
3789,(주)와이즈버즈,top_region,,경기,R3_사명교차전파
3790,(주)와이즈버즈,top_addr,,경기도 성남시 수정구 금토로69 5층(금토동 다우디지털스퀘어),R3_사명교차전파
3790,(주)와이즈버즈,top_region,,경기,R3_사명교차전파
3791,(주)와이즈버즈,top_addr,,경기도 성남시 수정구 금토로69 5층(금토동 다우디지털스퀘어),R3_사명교차전파
3791,(주)와이즈버즈,top_region,,경기,R3_사명교차전파
3792,(주)와이즈버즈,top_addr,,경기도 성남시 수정구 금토로69 5층(금토동 다우디지털스퀘어),R3_사명교차전파
3792,(주)와이즈버즈,top_region,,경기,R3_사명교차전파
3793,(주)와이즈버즈,top_addr,,경기도 성남시 수정구 금토로69 5층(금토동 다우디지털스퀘어),R3_사명교차전파
3793,(주)와이즈버즈,top_region,,경기,R3_사명교차전파
3794,(주)와이즈버즈,top_addr,,경기도 성남시 수정구 금토로69 5층(금토동 다우디지털스퀘어),R3_사명교차전파
3794,(주)와이즈버즈,top_region,,경기,R3_사명교차전파
3795,(주)와이즈버즈,top_addr,,경기도 성남시 수정구 금토로69 5층(금토동 다우디지털스퀘어),R3_사명교차전파
3795,(주)와이즈버즈,top_region,,경기,R3_사명교차전파
3796,(주)와이즈버즈,top_addr,,경기도 성남시 수정구 금토로69 5층(금토동 다우디지털스퀘어),R3_사명교차전파
3796,(주)와이즈버즈,top_region,,경기,R3_사명교차전파
3797,엠즈씨드(주),top_addr,,서울특별시 강남구 도산대로 75길 20,R3_사명교차전파
3797,엠즈씨드(주),top_region,,서울,R3_사명교차전파
3798,엠즈씨드(주),top_addr,,서울특별시 강남구 도산대로 75길 20,R3_사명교차전파
3798,엠즈씨드(주),top_region,,서울,R3_사명교차전파
3799,엠즈씨드(주),top_addr,,서울특별시 강남구 도산대로 75길 20,R3_사명교차전파
3799,엠즈씨드(주),top_region,,서울,R3_사명교차전파
3800,엠즈씨드(주),top_addr,,서울특별시 강남구 도산대로 75길 20,R3_사명교차전파
3800,엠즈씨드(주),top_region,,서울,R3_사명교차전파
3819,아세아시멘트(주),top_addr,,서울시 강남구 논현로 430,R3_사명교차전파
3819,아세아시멘트(주),top_region,,서울,R3_사명교차전파
3820,아세아시멘트(주),top_addr,,서울시 강남구 논현로 430,R3_사명교차전파
3820,아세아시멘트(주),top_region,,서울,R3_사명교차전파
3821,아세아시멘트(주),top_addr,,서울시 강남구 논현로 430,R3_사명교차전파
3821,아세아시멘트(주),top_region,,서울,R3_사명교차전파
3822,아세아시멘트(주),top_addr,,서울시 강남구 논현로 430,R3_사명교차전파
3822,아세아시멘트(주),top_region,,서울,R3_사명교차전파
3823,아세아시멘트(주),top_addr,,서울시 강남구 논현로 430,R3_사명교차전파
3823,아세아시멘트(주),top_region,,서울,R3_사명교차전파
3824,아세아시멘트(주),top_addr,,서울시 강남구 논현로 430,R3_사명교차전파
3824,아세아시멘트(주),top_region,,서울,R3_사명교차전파
3836,(주)신세계프라퍼티,top_addr,,서울시 강남구 테헤란로 231 22층,R3_사명교차전파
3836,(주)신세계프라퍼티,top_region,,서울,R3_사명교차전파
3837,(주)신세계프라퍼티,top_addr,,서울시 강남구 테헤란로 231 22층,R3_사명교차전파
3837,(주)신세계프라퍼티,top_region,,서울,R3_사명교차전파
3838,(주)신세계프라퍼티,top_addr,,서울시 강남구 테헤란로 231 22층,R3_사명교차전파
3838,(주)신세계프라퍼티,top_region,,서울,R3_사명교차전파
3839,(주)신세계프라퍼티,top_addr,,서울시 강남구 테헤란로 231 22층,R3_사명교차전파
3839,(주)신세계프라퍼티,top_region,,서울,R3_사명교차전파
3840,(주)신세계프라퍼티,top_addr,,서울시 강남구 테헤란로 231 22층,R3_사명교차전파
3840,(주)신세계프라퍼티,top_region,,서울,R3_사명교차전파
3841,(주)신세계프라퍼티,top_addr,,서울시 강남구 테헤란로 231 22층,R3_사명교차전파
3841,(주)신세계프라퍼티,top_region,,서울,R3_사명교차전파
3842,(주)신세계프라퍼티,top_addr,,서울시 강남구 테헤란로 231 22층,R3_사명교차전파
3842,(주)신세계프라퍼티,top_region,,서울,R3_사명교차전파
3843,(주)신세계프라퍼티,top_addr,,서울시 강남구 테헤란로 231 22층,R3_사명교차전파
3843,(주)신세계프라퍼티,top_region,,서울,R3_사명교차전파
3844,(주)신세계프라퍼티,top_addr,,서울시 강남구 테헤란로 231 22층,R3_사명교차전파
3844,(주)신세계프라퍼티,top_region,,서울,R3_사명교차전파
3845,(주)신세계프라퍼티,top_addr,,서울시 강남구 테헤란로 231 22층,R3_사명교차전파
3845,(주)신세계프라퍼티,top_region,,서울,R3_사명교차전파
3846,(주)신세계프라퍼티,top_addr,,서울시 강남구 테헤란로 231 22층,R3_사명교차전파
3846,(주)신세계프라퍼티,top_region,,서울,R3_사명교차전파
3847,(주)신세계프라퍼티,top_addr,,서울시 강남구 테헤란로 231 22층,R3_사명교차전파
3847,(주)신세계프라퍼티,top_region,,서울,R3_사명교차전파
3848,(주)신세계프라퍼티,top_addr,,서울시 강남구 테헤란로 231 22층,R3_사명교차전파
3848,(주)신세계프라퍼티,top_region,,서울,R3_사명교차전파
3849,훼미리식품(주),top_addr,,서울시 용산구,R3_사명교차전파
3849,훼미리식품(주),top_region,,서울,R3_사명교차전파
3850,훼미리식품(주),top_addr,,서울시 용산구,R3_사명교차전파
3850,훼미리식품(주),top_region,,서울,R3_사명교차전파
3851,훼미리식품(주),top_addr,,서울시 용산구,R3_사명교차전파
3851,훼미리식품(주),top_region,,서울,R3_사명교차전파
3852,칼라앤터치(주),top_addr,,서울 영등포구 은행로 25,R3_사명교차전파
3852,칼라앤터치(주),top_region,,서울,R3_사명교차전파
3853,칼라앤터치(주),top_addr,,서울 영등포구 은행로 25,R3_사명교차전파
3853,칼라앤터치(주),top_region,,서울,R3_사명교차전파
3854,칼라앤터치(주),top_addr,,서울 영등포구 은행로 25,R3_사명교차전파
3854,칼라앤터치(주),top_region,,서울,R3_사명교차전파
3855,칼라앤터치(주),top_addr,,서울 영등포구 은행로 25,R3_사명교차전파
3855,칼라앤터치(주),top_region,,서울,R3_사명교차전파
3892,에이치케이이노엔(주),top_addr,,청주시 흥덕구,R3_사명교차전파
3893,에이치케이이노엔(주),top_addr,,청주시 흥덕구,R3_사명교차전파
3894,에이치케이이노엔(주),top_addr,,청주시 흥덕구,R3_사명교차전파
3895,에이치케이이노엔(주),top_addr,,청주시 흥덕구,R3_사명교차전파
3896,에이치케이이노엔(주),top_addr,,청주시 흥덕구,R3_사명교차전파
3917,(주)정다운,top_addr,,나주,R3_사명교차전파
3918,(주)정다운,top_addr,,나주,R3_사명교차전파
3919,(주)정다운,top_addr,,나주,R3_사명교차전파
3920,(주)정다운,top_addr,,나주,R3_사명교차전파
3921,(주)정다운,top_addr,,나주,R3_사명교차전파
3922,(주)정다운,top_addr,,나주,R3_사명교차전파
3923,(주)정다운,top_addr,,나주,R3_사명교차전파
3924,(주)삼양패키징,top_addr,,서울시 종로구 종로 33길 31,R3_사명교차전파
3924,(주)삼양패키징,top_region,,서울,R3_사명교차전파
3925,(주)삼양패키징,top_addr,,서울시 종로구 종로 33길 31,R3_사명교차전파
3925,(주)삼양패키징,top_region,,서울,R3_사명교차전파
3926,(주)삼양패키징,top_addr,,서울시 종로구 종로 33길 31,R3_사명교차전파
3926,(주)삼양패키징,top_region,,서울,R3_사명교차전파
3927,(주)삼양패키징,top_addr,,서울시 종로구 종로 33길 31,R3_사명교차전파
3927,(주)삼양패키징,top_region,,서울,R3_사명교차전파
3928,(주)삼양패키징,top_addr,,서울시 종로구 종로 33길 31,R3_사명교차전파
3928,(주)삼양패키징,top_region,,서울,R3_사명교차전파
3939,(주)에스쁘아,top_addr,,서울 용산구 한강대로 100,R3_사명교차전파
3939,(주)에스쁘아,top_region,,서울,R3_사명교차전파
3940,(주)에스쁘아,top_addr,,서울 용산구 한강대로 100,R3_사명교차전파
3940,(주)에스쁘아,top_region,,서울,R3_사명교차전파
3941,(주)에스쁘아,top_addr,,서울 용산구 한강대로 100,R3_사명교차전파
3941,(주)에스쁘아,top_region,,서울,R3_사명교차전파
3942,(주)에스쁘아,top_addr,,서울 용산구 한강대로 100,R3_사명교차전파
3942,(주)에스쁘아,top_region,,서울,R3_사명교차전파
3956,(주)케이티엠모바일,top_addr,,서울특별시 강남구 테헤란로 422 (대치동 KT타워),R3_사명교차전파
3956,(주)케이티엠모바일,top_region,,서울,R3_사명교차전파
3957,(주)케이티엠모바일,top_addr,,서울특별시 강남구 테헤란로 422 (대치동 KT타워),R3_사명교차전파
3957,(주)케이티엠모바일,top_region,,서울,R3_사명교차전파
3958,(주)케이티엠모바일,top_addr,,서울특별시 강남구 테헤란로 422 (대치동 KT타워),R3_사명교차전파
3958,(주)케이티엠모바일,top_region,,서울,R3_사명교차전파
3959,(주)케이티엠모바일,top_addr,,서울특별시 강남구 테헤란로 422 (대치동 KT타워),R3_사명교차전파
3959,(주)케이티엠모바일,top_region,,서울,R3_사명교차전파
3960,(주)케이티엠모바일,top_addr,,서울특별시 강남구 테헤란로 422 (대치동 KT타워),R3_사명교차전파
3960,(주)케이티엠모바일,top_region,,서울,R3_사명교차전파
3961,(주)케이티엠모바일,top_addr,,서울특별시 강남구 테헤란로 422 (대치동 KT타워),R3_사명교차전파
3961,(주)케이티엠모바일,top_region,,서울,R3_사명교차전파
3962,(주)케이티엠모바일,top_addr,,서울특별시 강남구 테헤란로 422 (대치동 KT타워),R3_사명교차전파
3962,(주)케이티엠모바일,top_region,,서울,R3_사명교차전파
3963,(주)신세계디에프,top_addr,,서울시 중구 퇴계로 77,R3_사명교차전파
3963,(주)신세계디에프,top_region,,서울,R3_사명교차전파
3964,(주)신세계디에프,top_addr,,서울시 중구 퇴계로 77,R3_사명교차전파
3964,(주)신세계디에프,top_region,,서울,R3_사명교차전파
3965,(주)신세계디에프,top_addr,,서울시 중구 퇴계로 77,R3_사명교차전파
3965,(주)신세계디에프,top_region,,서울,R3_사명교차전파
3966,(주)신세계디에프,top_addr,,서울시 중구 퇴계로 77,R3_사명교차전파
3966,(주)신세계디에프,top_region,,서울,R3_사명교차전파
3967,(주)신세계디에프,top_addr,,서울시 중구 퇴계로 77,R3_사명교차전파
3967,(주)신세계디에프,top_region,,서울,R3_사명교차전파
3968,(주)신세계디에프,top_addr,,서울시 중구 퇴계로 77,R3_사명교차전파
3968,(주)신세계디에프,top_region,,서울,R3_사명교차전파
3969,(주)신세계디에프,top_addr,,서울시 중구 퇴계로 77,R3_사명교차전파
3969,(주)신세계디에프,top_region,,서울,R3_사명교차전파
3970,(주)신세계디에프,top_addr,,서울시 중구 퇴계로 77,R3_사명교차전파
3970,(주)신세계디에프,top_region,,서울,R3_사명교차전파
3971,(주)신세계디에프,top_addr,,서울시 중구 퇴계로 77,R3_사명교차전파
3971,(주)신세계디에프,top_region,,서울,R3_사명교차전파
3972,(주)신세계디에프,top_addr,,서울시 중구 퇴계로 77,R3_사명교차전파
3972,(주)신세계디에프,top_region,,서울,R3_사명교차전파
3973,(주)신세계디에프,top_addr,,서울시 중구 퇴계로 77,R3_사명교차전파
3973,(주)신세계디에프,top_region,,서울,R3_사명교차전파
3974,(주)신세계디에프,top_addr,,서울시 중구 퇴계로 77,R3_사명교차전파
3974,(주)신세계디에프,top_region,,서울,R3_사명교차전파
3975,(주)신세계디에프,top_addr,,서울시 중구 퇴계로 77,R3_사명교차전파
3975,(주)신세계디에프,top_region,,서울,R3_사명교차전파
3988,(주)유성강업,top_addr,,서울시 서초구,R3_사명교차전파
3988,(주)유성강업,top_region,,서울,R3_사명교차전파
3989,(주)유성강업,top_addr,,서울시 서초구,R3_사명교차전파
3989,(주)유성강업,top_region,,서울,R3_사명교차전파
3990,(주)유성강업,top_addr,,서울시 서초구,R3_사명교차전파
3990,(주)유성강업,top_region,,서울,R3_사명교차전파
3997,(주)매그너스홀딩스,top_addr,,서울특별시 성북구 보문로 35,R3_사명교차전파
3997,(주)매그너스홀딩스,top_region,,서울,R3_사명교차전파
4006,나이스페이먼츠(주),top_addr,,서울특별시 영등포구 문래로28길 25 세미콜론문래N타워 9층,R3_사명교차전파
4006,나이스페이먼츠(주),top_region,,서울,R3_사명교차전파
4007,나이스페이먼츠(주),top_addr,,서울특별시 영등포구 문래로28길 25 세미콜론문래N타워 9층,R3_사명교차전파
4007,나이스페이먼츠(주),top_region,,서울,R3_사명교차전파
4008,나이스페이먼츠(주),top_addr,,서울특별시 영등포구 문래로28길 25 세미콜론문래N타워 9층,R3_사명교차전파
4008,나이스페이먼츠(주),top_region,,서울,R3_사명교차전파
4009,나이스페이먼츠(주),top_addr,,서울특별시 영등포구 문래로28길 25 세미콜론문래N타워 9층,R3_사명교차전파
4009,나이스페이먼츠(주),top_region,,서울,R3_사명교차전파
4010,나이스페이먼츠(주),top_addr,,서울특별시 영등포구 문래로28길 25 세미콜론문래N타워 9층,R3_사명교차전파
4010,나이스페이먼츠(주),top_region,,서울,R3_사명교차전파
4011,나이스페이먼츠(주),top_addr,,서울특별시 영등포구 문래로28길 25 세미콜론문래N타워 9층,R3_사명교차전파
4011,나이스페이먼츠(주),top_region,,서울,R3_사명교차전파
4012,나이스페이먼츠(주),top_addr,,서울특별시 영등포구 문래로28길 25 세미콜론문래N타워 9층,R3_사명교차전파
4012,나이스페이먼츠(주),top_region,,서울,R3_사명교차전파
4013,나이스페이먼츠(주),top_addr,,서울특별시 영등포구 문래로28길 25 세미콜론문래N타워 9층,R3_사명교차전파
4013,나이스페이먼츠(주),top_region,,서울,R3_사명교차전파
4014,나이스페이먼츠(주),top_addr,,서울특별시 영등포구 문래로28길 25 세미콜론문래N타워 9층,R3_사명교차전파
4014,나이스페이먼츠(주),top_region,,서울,R3_사명교차전파
4015,일동제약(주),top_addr,,서울특별시 서초구 바우뫼로 27길 2,R3_사명교차전파
4015,일동제약(주),top_region,,서울,R3_사명교차전파
4030,(주)크라운제과,top_addr,,서울시 용산구,R3_사명교차전파
4030,(주)크라운제과,top_region,,서울,R3_사명교차전파
4031,(주)크라운제과,top_addr,,서울시 용산구,R3_사명교차전파
4031,(주)크라운제과,top_region,,서울,R3_사명교차전파
4032,(주)크라운제과,top_addr,,서울시 용산구,R3_사명교차전파
4032,(주)크라운제과,top_region,,서울,R3_사명교차전파
4060,매일유업(주),top_addr,,서울특별시 종로구 종로1길 50,R3_사명교차전파
4060,매일유업(주),top_region,,서울,R3_사명교차전파
4061,매일유업(주),top_addr,,서울특별시 종로구 종로1길 50,R3_사명교차전파
4061,매일유업(주),top_region,,서울,R3_사명교차전파
4062,매일유업(주),top_addr,,서울특별시 종로구 종로1길 50,R3_사명교차전파
4062,매일유업(주),top_region,,서울,R3_사명교차전파
4063,매일유업(주),top_addr,,서울특별시 종로구 종로1길 50,R3_사명교차전파
4063,매일유업(주),top_region,,서울,R3_사명교차전파
4074,에스케이넥실리스,top_addr,,전라북도 정읍시 북면 3산단2길 2,R3_사명교차전파
4074,에스케이넥실리스,top_region,,전북,R3_사명교차전파
4075,에스케이넥실리스,top_addr,,전라북도 정읍시 북면 3산단2길 2,R3_사명교차전파
4075,에스케이넥실리스,top_region,,전북,R3_사명교차전파
4076,에스케이넥실리스,top_addr,,전라북도 정읍시 북면 3산단2길 2,R3_사명교차전파
4076,에스케이넥실리스,top_region,,전북,R3_사명교차전파
4077,에스케이넥실리스,top_addr,,전라북도 정읍시 북면 3산단2길 2,R3_사명교차전파
4077,에스케이넥실리스,top_region,,전북,R3_사명교차전파
4078,에스케이넥실리스,top_addr,,전라북도 정읍시 북면 3산단2길 2,R3_사명교차전파
4078,에스케이넥실리스,top_region,,전북,R3_사명교차전파
4079,에스케이넥실리스,top_addr,,전라북도 정읍시 북면 3산단2길 2,R3_사명교차전파
4079,에스케이넥실리스,top_region,,전북,R3_사명교차전파
4080,에스케이넥실리스,top_addr,,전라북도 정읍시 북면 3산단2길 2,R3_사명교차전파
4080,에스케이넥실리스,top_region,,전북,R3_사명교차전파
4081,에스케이넥실리스,top_addr,,전라북도 정읍시 북면 3산단2길 2,R3_사명교차전파
4081,에스케이넥실리스,top_region,,전북,R3_사명교차전파
4082,에스케이넥실리스,top_addr,,전라북도 정읍시 북면 3산단2길 2,R3_사명교차전파
4082,에스케이넥실리스,top_region,,전북,R3_사명교차전파
4083,에스케이넥실리스,top_addr,,전라북도 정읍시 북면 3산단2길 2,R3_사명교차전파
4083,에스케이넥실리스,top_region,,전북,R3_사명교차전파
4084,에스케이넥실리스,top_addr,,전라북도 정읍시 북면 3산단2길 2,R3_사명교차전파
4084,에스케이넥실리스,top_region,,전북,R3_사명교차전파
4085,에스케이넥실리스,top_addr,,전라북도 정읍시 북면 3산단2길 2,R3_사명교차전파
4085,에스케이넥실리스,top_region,,전북,R3_사명교차전파
4086,에스케이넥실리스,top_addr,,전라북도 정읍시 북면 3산단2길 2,R3_사명교차전파
4086,에스케이넥실리스,top_region,,전북,R3_사명교차전파
4087,에스케이넥실리스,top_addr,,전라북도 정읍시 북면 3산단2길 2,R3_사명교차전파
4087,에스케이넥실리스,top_region,,전북,R3_사명교차전파
4088,에스케이넥실리스,top_addr,,전라북도 정읍시 북면 3산단2길 2,R3_사명교차전파
4088,에스케이넥실리스,top_region,,전북,R3_사명교차전파
4089,에스케이넥실리스,top_addr,,전라북도 정읍시 북면 3산단2길 2,R3_사명교차전파
4089,에스케이넥실리스,top_region,,전북,R3_사명교차전파
4090,에스케이넥실리스,top_addr,,전라북도 정읍시 북면 3산단2길 2,R3_사명교차전파
4090,에스케이넥실리스,top_region,,전북,R3_사명교차전파
4091,에스케이넥실리스,top_addr,,전라북도 정읍시 북면 3산단2길 2,R3_사명교차전파
4091,에스케이넥실리스,top_region,,전북,R3_사명교차전파
4092,에스케이넥실리스,top_addr,,전라북도 정읍시 북면 3산단2길 2,R3_사명교차전파
4092,에스케이넥실리스,top_region,,전북,R3_사명교차전파
4093,에스케이넥실리스,top_addr,,전라북도 정읍시 북면 3산단2길 2,R3_사명교차전파
4093,에스케이넥실리스,top_region,,전북,R3_사명교차전파
4094,에스케이넥실리스,top_addr,,전라북도 정읍시 북면 3산단2길 2,R3_사명교차전파
4094,에스케이넥실리스,top_region,,전북,R3_사명교차전파
4095,에스케이넥실리스,top_addr,,전라북도 정읍시 북면 3산단2길 2,R3_사명교차전파
4095,에스케이넥실리스,top_region,,전북,R3_사명교차전파
4096,에스케이넥실리스,top_addr,,전라북도 정읍시 북면 3산단2길 2,R3_사명교차전파
4096,에스케이넥실리스,top_region,,전북,R3_사명교차전파
4097,에스케이넥실리스,top_addr,,전라북도 정읍시 북면 3산단2길 2,R3_사명교차전파
4097,에스케이넥실리스,top_region,,전북,R3_사명교차전파
4098,에스케이넥실리스,top_addr,,전라북도 정읍시 북면 3산단2길 2,R3_사명교차전파
4098,에스케이넥실리스,top_region,,전북,R3_사명교차전파
4099,에스케이넥실리스,top_addr,,전라북도 정읍시 북면 3산단2길 2,R3_사명교차전파
4099,에스케이넥실리스,top_region,,전북,R3_사명교차전파
4100,에스케이넥실리스,top_addr,,전라북도 정읍시 북면 3산단2길 2,R3_사명교차전파
4100,에스케이넥실리스,top_region,,전북,R3_사명교차전파
4101,에스케이넥실리스,top_addr,,전라북도 정읍시 북면 3산단2길 2,R3_사명교차전파
4101,에스케이넥실리스,top_region,,전북,R3_사명교차전파
4102,에스케이넥실리스,top_addr,,전라북도 정읍시 북면 3산단2길 2,R3_사명교차전파
4102,에스케이넥실리스,top_region,,전북,R3_사명교차전파
4103,에스케이넥실리스,top_addr,,전라북도 정읍시 북면 3산단2길 2,R3_사명교차전파
4103,에스케이넥실리스,top_region,,전북,R3_사명교차전파
4104,에스케이넥실리스,top_addr,,전라북도 정읍시 북면 3산단2길 2,R3_사명교차전파
4104,에스케이넥실리스,top_region,,전북,R3_사명교차전파
4105,에스케이넥실리스,top_addr,,전라북도 정읍시 북면 3산단2길 2,R3_사명교차전파
4105,에스케이넥실리스,top_region,,전북,R3_사명교차전파
4106,에스케이넥실리스,top_addr,,전라북도 정읍시 북면 3산단2길 2,R3_사명교차전파
4106,에스케이넥실리스,top_region,,전북,R3_사명교차전파
4107,에스케이넥실리스,top_addr,,전라북도 정읍시 북면 3산단2길 2,R3_사명교차전파
4107,에스케이넥실리스,top_region,,전북,R3_사명교차전파
4108,에스케이넥실리스,top_addr,,전라북도 정읍시 북면 3산단2길 2,R3_사명교차전파
4108,에스케이넥실리스,top_region,,전북,R3_사명교차전파
4136,(주)예스코,top_addr,,서울특별시 성동구 자동차시장길 23,R3_사명교차전파
4136,(주)예스코,top_region,,서울,R3_사명교차전파
4137,(주)예스코,top_addr,,서울특별시 성동구 자동차시장길 23,R3_사명교차전파
4137,(주)예스코,top_region,,서울,R3_사명교차전파
4138,(주)예스코,top_addr,,서울특별시 성동구 자동차시장길 23,R3_사명교차전파
4138,(주)예스코,top_region,,서울,R3_사명교차전파
4139,(주)예스코,top_addr,,서울특별시 성동구 자동차시장길 23,R3_사명교차전파
4139,(주)예스코,top_region,,서울,R3_사명교차전파
4140,(주)예스코,top_addr,,서울특별시 성동구 자동차시장길 23,R3_사명교차전파
4140,(주)예스코,top_region,,서울,R3_사명교차전파
4141,(주)예스코,top_addr,,서울특별시 성동구 자동차시장길 23,R3_사명교차전파
4141,(주)예스코,top_region,,서울,R3_사명교차전파
4142,(주)예스코,top_addr,,서울특별시 성동구 자동차시장길 23,R3_사명교차전파
4142,(주)예스코,top_region,,서울,R3_사명교차전파
4143,(주)예스코,top_addr,,서울특별시 성동구 자동차시장길 23,R3_사명교차전파
4143,(주)예스코,top_region,,서울,R3_사명교차전파
4144,(주)예스코,top_addr,,서울특별시 성동구 자동차시장길 23,R3_사명교차전파
4144,(주)예스코,top_region,,서울,R3_사명교차전파
4145,(주)예스코,top_addr,,서울특별시 성동구 자동차시장길 23,R3_사명교차전파
4145,(주)예스코,top_region,,서울,R3_사명교차전파
4146,(주)예스코,top_addr,,서울특별시 성동구 자동차시장길 23,R3_사명교차전파
4146,(주)예스코,top_region,,서울,R3_사명교차전파
4147,(주)예스코,top_addr,,서울특별시 성동구 자동차시장길 23,R3_사명교차전파
4147,(주)예스코,top_region,,서울,R3_사명교차전파
4148,(주)예스코,top_addr,,서울특별시 성동구 자동차시장길 23,R3_사명교차전파
4148,(주)예스코,top_region,,서울,R3_사명교차전파
4149,(주)예스코,top_addr,,서울특별시 성동구 자동차시장길 23,R3_사명교차전파
4149,(주)예스코,top_region,,서울,R3_사명교차전파
4150,(주)예스코,top_addr,,서울특별시 성동구 자동차시장길 23,R3_사명교차전파
4150,(주)예스코,top_region,,서울,R3_사명교차전파
4151,(주)예스코,top_addr,,서울특별시 성동구 자동차시장길 23,R3_사명교차전파
4151,(주)예스코,top_region,,서울,R3_사명교차전파
4152,(주)예스코,top_addr,,서울특별시 성동구 자동차시장길 23,R3_사명교차전파
4152,(주)예스코,top_region,,서울,R3_사명교차전파
4153,(주)예스코,top_addr,,서울특별시 성동구 자동차시장길 23,R3_사명교차전파
4153,(주)예스코,top_region,,서울,R3_사명교차전파
4154,(주)예스코,top_addr,,서울특별시 성동구 자동차시장길 23,R3_사명교차전파
4154,(주)예스코,top_region,,서울,R3_사명교차전파
4155,(주)예스코,top_addr,,서울특별시 성동구 자동차시장길 23,R3_사명교차전파
4155,(주)예스코,top_region,,서울,R3_사명교차전파
4162,롯데컬처웍스(주),top_addr,,서울특별시 송파구 올림픽로 295 롯데월드타워 18층,R3_사명교차전파
4162,롯데컬처웍스(주),top_region,,서울,R3_사명교차전파
4163,롯데컬처웍스(주),top_addr,,서울특별시 송파구 올림픽로 295 롯데월드타워 18층,R3_사명교차전파
4163,롯데컬처웍스(주),top_region,,서울,R3_사명교차전파
4164,롯데컬처웍스(주),top_addr,,서울특별시 송파구 올림픽로 295 롯데월드타워 18층,R3_사명교차전파
4164,롯데컬처웍스(주),top_region,,서울,R3_사명교차전파
4165,롯데컬처웍스(주),top_addr,,서울특별시 송파구 올림픽로 295 롯데월드타워 18층,R3_사명교차전파
4165,롯데컬처웍스(주),top_region,,서울,R3_사명교차전파
4166,롯데컬처웍스(주),top_addr,,서울특별시 송파구 올림픽로 295 롯데월드타워 18층,R3_사명교차전파
4166,롯데컬처웍스(주),top_region,,서울,R3_사명교차전파
4167,롯데컬처웍스(주),top_addr,,서울특별시 송파구 올림픽로 295 롯데월드타워 18층,R3_사명교차전파
4167,롯데컬처웍스(주),top_region,,서울,R3_사명교차전파
4168,롯데컬처웍스(주),top_addr,,서울특별시 송파구 올림픽로 295 롯데월드타워 18층,R3_사명교차전파
4168,롯데컬처웍스(주),top_region,,서울,R3_사명교차전파
4169,롯데컬처웍스(주),top_addr,,서울특별시 송파구 올림픽로 295 롯데월드타워 18층,R3_사명교차전파
4169,롯데컬처웍스(주),top_region,,서울,R3_사명교차전파
4170,롯데컬처웍스(주),top_addr,,서울특별시 송파구 올림픽로 295 롯데월드타워 18층,R3_사명교차전파
4170,롯데컬처웍스(주),top_region,,서울,R3_사명교차전파
4171,롯데컬처웍스(주),top_addr,,서울특별시 송파구 올림픽로 295 롯데월드타워 18층,R3_사명교차전파
4171,롯데컬처웍스(주),top_region,,서울,R3_사명교차전파
4172,롯데컬처웍스(주),top_addr,,서울특별시 송파구 올림픽로 295 롯데월드타워 18층,R3_사명교차전파
4172,롯데컬처웍스(주),top_region,,서울,R3_사명교차전파
4173,롯데컬처웍스(주),top_addr,,서울특별시 송파구 올림픽로 295 롯데월드타워 18층,R3_사명교차전파
4173,롯데컬처웍스(주),top_region,,서울,R3_사명교차전파
4174,롯데컬처웍스(주),top_addr,,서울특별시 송파구 올림픽로 295 롯데월드타워 18층,R3_사명교차전파
4174,롯데컬처웍스(주),top_region,,서울,R3_사명교차전파
4175,롯데컬처웍스(주),top_addr,,서울특별시 송파구 올림픽로 295 롯데월드타워 18층,R3_사명교차전파
4175,롯데컬처웍스(주),top_region,,서울,R3_사명교차전파
4176,롯데컬처웍스(주),top_addr,,서울특별시 송파구 올림픽로 295 롯데월드타워 18층,R3_사명교차전파
4176,롯데컬처웍스(주),top_region,,서울,R3_사명교차전파
4177,롯데컬처웍스(주),top_addr,,서울특별시 송파구 올림픽로 295 롯데월드타워 18층,R3_사명교차전파
4177,롯데컬처웍스(주),top_region,,서울,R3_사명교차전파
4178,롯데컬처웍스(주),top_addr,,서울특별시 송파구 올림픽로 295 롯데월드타워 18층,R3_사명교차전파
4178,롯데컬처웍스(주),top_region,,서울,R3_사명교차전파
4179,롯데컬처웍스(주),top_addr,,서울특별시 송파구 올림픽로 295 롯데월드타워 18층,R3_사명교차전파
4179,롯데컬처웍스(주),top_region,,서울,R3_사명교차전파
4180,롯데컬처웍스(주),top_addr,,서울특별시 송파구 올림픽로 295 롯데월드타워 18층,R3_사명교차전파
4180,롯데컬처웍스(주),top_region,,서울,R3_사명교차전파
4237,한일시멘트(주),top_addr,,서울시 서초구 서초동 1587,R3_사명교차전파
4237,한일시멘트(주),top_region,,서울,R3_사명교차전파
4238,한일시멘트(주),top_addr,,서울시 서초구 서초동 1587,R3_사명교차전파
4238,한일시멘트(주),top_region,,서울,R3_사명교차전파
4239,한일시멘트(주),top_addr,,서울시 서초구 서초동 1587,R3_사명교차전파
4239,한일시멘트(주),top_region,,서울,R3_사명교차전파
4240,한일시멘트(주),top_addr,,서울시 서초구 서초동 1587,R3_사명교차전파
4240,한일시멘트(주),top_region,,서울,R3_사명교차전파
4241,한일시멘트(주),top_addr,,서울시 서초구 서초동 1587,R3_사명교차전파
4241,한일시멘트(주),top_region,,서울,R3_사명교차전파
4242,한일시멘트(주),top_addr,,서울시 서초구 서초동 1587,R3_사명교차전파
4242,한일시멘트(주),top_region,,서울,R3_사명교차전파
4247,키움캐피탈(주),top_addr,,서울 영등포구 여의대로 66 17층,R3_사명교차전파
4247,키움캐피탈(주),top_region,,서울,R3_사명교차전파
4248,키움캐피탈(주),top_addr,,서울 영등포구 여의대로 66 17층,R3_사명교차전파
4248,키움캐피탈(주),top_region,,서울,R3_사명교차전파
4249,키움캐피탈(주),top_addr,,서울 영등포구 여의대로 66 17층,R3_사명교차전파
4249,키움캐피탈(주),top_region,,서울,R3_사명교차전파
4250,키움캐피탈(주),top_addr,,서울 영등포구 여의대로 66 17층,R3_사명교차전파
4250,키움캐피탈(주),top_region,,서울,R3_사명교차전파
4251,키움캐피탈(주),top_addr,,서울 영등포구 여의대로 66 17층,R3_사명교차전파
4251,키움캐피탈(주),top_region,,서울,R3_사명교차전파
4252,키움캐피탈(주),top_addr,,서울 영등포구 여의대로 66 17층,R3_사명교차전파
4252,키움캐피탈(주),top_region,,서울,R3_사명교차전파
4253,키움캐피탈(주),top_addr,,서울 영등포구 여의대로 66 17층,R3_사명교차전파
4253,키움캐피탈(주),top_region,,서울,R3_사명교차전파
4254,키움캐피탈(주),top_addr,,서울 영등포구 여의대로 66 17층,R3_사명교차전파
4254,키움캐피탈(주),top_region,,서울,R3_사명교차전파
4255,키움캐피탈(주),top_addr,,서울 영등포구 여의대로 66 17층,R3_사명교차전파
4255,키움캐피탈(주),top_region,,서울,R3_사명교차전파
4256,키움캐피탈(주),top_addr,,서울 영등포구 여의대로 66 17층,R3_사명교차전파
4256,키움캐피탈(주),top_region,,서울,R3_사명교차전파
4257,(주)세아제강,top_addr,,서울 마포구,R3_사명교차전파
4257,(주)세아제강,top_region,,서울,R3_사명교차전파
4258,(주)세아제강,top_addr,,서울 마포구,R3_사명교차전파
4258,(주)세아제강,top_region,,서울,R3_사명교차전파
4259,(주)세아제강,top_addr,,서울 마포구,R3_사명교차전파
4259,(주)세아제강,top_region,,서울,R3_사명교차전파
4260,(주)세아제강,top_addr,,서울 마포구,R3_사명교차전파
4260,(주)세아제강,top_region,,서울,R3_사명교차전파
4261,(주)세아제강,top_addr,,서울 마포구,R3_사명교차전파
4261,(주)세아제강,top_region,,서울,R3_사명교차전파
4262,(주)세아제강,top_addr,,서울 마포구,R3_사명교차전파
4262,(주)세아제강,top_region,,서울,R3_사명교차전파
4263,(주)세아제강,top_addr,,서울 마포구,R3_사명교차전파
4263,(주)세아제강,top_region,,서울,R3_사명교차전파
4267,롯데위탁관리부동산투자회사(주),top_addr,,서울특별시 송파구 올림픽로 300 롯데월드타워 30층,R3_사명교차전파
4267,롯데위탁관리부동산투자회사(주),top_region,,서울,R3_사명교차전파
4268,롯데위탁관리부동산투자회사(주),top_addr,,서울특별시 송파구 올림픽로 300 롯데월드타워 30층,R3_사명교차전파
4268,롯데위탁관리부동산투자회사(주),top_region,,서울,R3_사명교차전파
4269,롯데위탁관리부동산투자회사(주),top_addr,,서울특별시 송파구 올림픽로 300 롯데월드타워 30층,R3_사명교차전파
4269,롯데위탁관리부동산투자회사(주),top_region,,서울,R3_사명교차전파
4270,롯데위탁관리부동산투자회사(주),top_addr,,서울특별시 송파구 올림픽로 300 롯데월드타워 30층,R3_사명교차전파
4270,롯데위탁관리부동산투자회사(주),top_region,,서울,R3_사명교차전파
4271,롯데위탁관리부동산투자회사(주),top_addr,,서울특별시 송파구 올림픽로 300 롯데월드타워 30층,R3_사명교차전파
4271,롯데위탁관리부동산투자회사(주),top_region,,서울,R3_사명교차전파
4272,롯데위탁관리부동산투자회사(주),top_addr,,서울특별시 송파구 올림픽로 300 롯데월드타워 30층,R3_사명교차전파
4272,롯데위탁관리부동산투자회사(주),top_region,,서울,R3_사명교차전파
4273,롯데위탁관리부동산투자회사(주),top_addr,,서울특별시 송파구 올림픽로 300 롯데월드타워 30층,R3_사명교차전파
4273,롯데위탁관리부동산투자회사(주),top_region,,서울,R3_사명교차전파
4274,롯데위탁관리부동산투자회사(주),top_addr,,서울특별시 송파구 올림픽로 300 롯데월드타워 30층,R3_사명교차전파
4274,롯데위탁관리부동산투자회사(주),top_region,,서울,R3_사명교차전파
4275,롯데위탁관리부동산투자회사(주),top_addr,,서울특별시 송파구 올림픽로 300 롯데월드타워 30층,R3_사명교차전파
4275,롯데위탁관리부동산투자회사(주),top_region,,서울,R3_사명교차전파
4276,롯데위탁관리부동산투자회사(주),top_addr,,서울특별시 송파구 올림픽로 300 롯데월드타워 30층,R3_사명교차전파
4276,롯데위탁관리부동산투자회사(주),top_region,,서울,R3_사명교차전파
4277,롯데위탁관리부동산투자회사(주),top_addr,,서울특별시 송파구 올림픽로 300 롯데월드타워 30층,R3_사명교차전파
4277,롯데위탁관리부동산투자회사(주),top_region,,서울,R3_사명교차전파
4278,롯데위탁관리부동산투자회사(주),top_addr,,서울특별시 송파구 올림픽로 300 롯데월드타워 30층,R3_사명교차전파
4278,롯데위탁관리부동산투자회사(주),top_region,,서울,R3_사명교차전파
4279,롯데위탁관리부동산투자회사(주),top_addr,,서울특별시 송파구 올림픽로 300 롯데월드타워 30층,R3_사명교차전파
4279,롯데위탁관리부동산투자회사(주),top_region,,서울,R3_사명교차전파
4280,롯데위탁관리부동산투자회사(주),top_addr,,서울특별시 송파구 올림픽로 300 롯데월드타워 30층,R3_사명교차전파
4280,롯데위탁관리부동산투자회사(주),top_region,,서울,R3_사명교차전파
4281,롯데위탁관리부동산투자회사(주),top_addr,,서울특별시 송파구 올림픽로 300 롯데월드타워 30층,R3_사명교차전파
4281,롯데위탁관리부동산투자회사(주),top_region,,서울,R3_사명교차전파
4282,롯데위탁관리부동산투자회사(주),top_addr,,서울특별시 송파구 올림픽로 300 롯데월드타워 30층,R3_사명교차전파
4282,롯데위탁관리부동산투자회사(주),top_region,,서울,R3_사명교차전파
4283,롯데위탁관리부동산투자회사(주),top_addr,,서울특별시 송파구 올림픽로 300 롯데월드타워 30층,R3_사명교차전파
4283,롯데위탁관리부동산투자회사(주),top_region,,서울,R3_사명교차전파
4284,롯데위탁관리부동산투자회사(주),top_addr,,서울특별시 송파구 올림픽로 300 롯데월드타워 30층,R3_사명교차전파
4284,롯데위탁관리부동산투자회사(주),top_region,,서울,R3_사명교차전파
4285,롯데위탁관리부동산투자회사(주),top_addr,,서울특별시 송파구 올림픽로 300 롯데월드타워 30층,R3_사명교차전파
4285,롯데위탁관리부동산투자회사(주),top_region,,서울,R3_사명교차전파
4286,씨제이올리브영(주),top_addr,,서울특별시 용산구 동자동 45 24층,R3_사명교차전파
4286,씨제이올리브영(주),top_region,,서울,R3_사명교차전파
4287,씨제이올리브영(주),top_addr,,서울특별시 용산구 동자동 45 24층,R3_사명교차전파
4287,씨제이올리브영(주),top_region,,서울,R3_사명교차전파
4288,씨제이올리브영(주),top_addr,,서울특별시 용산구 동자동 45 24층,R3_사명교차전파
4288,씨제이올리브영(주),top_region,,서울,R3_사명교차전파
4289,씨제이올리브영(주),top_addr,,서울특별시 용산구 동자동 45 24층,R3_사명교차전파
4289,씨제이올리브영(주),top_region,,서울,R3_사명교차전파
4290,씨제이올리브영(주),top_addr,,서울특별시 용산구 동자동 45 24층,R3_사명교차전파
4290,씨제이올리브영(주),top_region,,서울,R3_사명교차전파
4291,씨제이올리브영(주),top_addr,,서울특별시 용산구 동자동 45 24층,R3_사명교차전파
4291,씨제이올리브영(주),top_region,,서울,R3_사명교차전파
4292,씨제이올리브영(주),top_addr,,서울특별시 용산구 동자동 45 24층,R3_사명교차전파
4292,씨제이올리브영(주),top_region,,서울,R3_사명교차전파
4293,씨제이올리브영(주),top_addr,,서울특별시 용산구 동자동 45 24층,R3_사명교차전파
4293,씨제이올리브영(주),top_region,,서울,R3_사명교차전파
4294,씨제이올리브영(주),top_addr,,서울특별시 용산구 동자동 45 24층,R3_사명교차전파
4294,씨제이올리브영(주),top_region,,서울,R3_사명교차전파
4295,씨제이올리브영(주),top_addr,,서울특별시 용산구 동자동 45 24층,R3_사명교차전파
4295,씨제이올리브영(주),top_region,,서울,R3_사명교차전파
4353,오뚜기냉동식품(주),top_addr,,경기도 파주시 파주읍 파발로 65,R3_사명교차전파
4353,오뚜기냉동식품(주),top_region,,경기,R3_사명교차전파
4354,오뚜기냉동식품(주),top_addr,,경기도 파주시 파주읍 파발로 65,R3_사명교차전파
4354,오뚜기냉동식품(주),top_region,,경기,R3_사명교차전파
4355,오뚜기냉동식품(주),top_addr,,경기도 파주시 파주읍 파발로 65,R3_사명교차전파
4355,오뚜기냉동식품(주),top_region,,경기,R3_사명교차전파
4356,오뚜기냉동식품(주),top_addr,,경기도 파주시 파주읍 파발로 65,R3_사명교차전파
4356,오뚜기냉동식품(주),top_region,,경기,R3_사명교차전파
4357,오뚜기냉동식품(주),top_addr,,경기도 파주시 파주읍 파발로 65,R3_사명교차전파
4357,오뚜기냉동식품(주),top_region,,경기,R3_사명교차전파
4358,오뚜기냉동식품(주),top_addr,,경기도 파주시 파주읍 파발로 65,R3_사명교차전파
4358,오뚜기냉동식품(주),top_region,,경기,R3_사명교차전파
4359,(주)하츠,top_addr,,경기도 평택시 진위면 동부대로 202,R3_사명교차전파
4359,(주)하츠,top_region,,경기,R3_사명교차전파
4360,(주)웅진북센,top_addr,,경기도 파주시 교하읍 문발리,R3_사명교차전파
4360,(주)웅진북센,top_region,,경기,R3_사명교차전파
4361,(주)웅진북센,top_addr,,경기도 파주시 교하읍 문발리,R3_사명교차전파
4361,(주)웅진북센,top_region,,경기,R3_사명교차전파
4392,이건산업(주),top_addr,,인천광역시 미추홀구 염전로 91,R3_사명교차전파
4392,이건산업(주),top_region,,인천,R3_사명교차전파
4393,이건산업(주),top_addr,,인천광역시 미추홀구 염전로 91,R3_사명교차전파
4393,이건산업(주),top_region,,인천,R3_사명교차전파
4394,이건산업(주),top_addr,,인천광역시 미추홀구 염전로 91,R3_사명교차전파
4394,이건산업(주),top_region,,인천,R3_사명교차전파
4395,이건산업(주),top_addr,,인천광역시 미추홀구 염전로 91,R3_사명교차전파
4395,이건산업(주),top_region,,인천,R3_사명교차전파
4406,동화기업(주),top_addr,,전남 장성군,R3_사명교차전파
4406,동화기업(주),top_region,,전남,R3_사명교차전파
4407,동화기업(주),top_addr,,전남 장성군,R3_사명교차전파
4407,동화기업(주),top_region,,전남,R3_사명교차전파
4408,동화기업(주),top_addr,,전남 장성군,R3_사명교차전파
4408,동화기업(주),top_region,,전남,R3_사명교차전파
4410,삼송캐스터,top_addr,,인천 부평,R3_사명교차전파
4410,삼송캐스터,top_region,,인천,R3_사명교차전파
4411,삼송캐스터,top_addr,,인천 부평,R3_사명교차전파
4411,삼송캐스터,top_region,,인천,R3_사명교차전파
4412,삼송캐스터,top_addr,,인천 부평,R3_사명교차전파
4412,삼송캐스터,top_region,,인천,R3_사명교차전파
4430,코스모신소재(주),top_addr,,충북 충주시 충주호수로 36,R3_사명교차전파
4430,코스모신소재(주),top_region,,충북,R3_사명교차전파
4439,(주)태우,top_addr,,경기도 안산시 단원구 시화로 133 (성곡동),R3_사명교차전파
4439,(주)태우,top_region,,경기,R3_사명교차전파
4440,(주)태우,top_addr,,경기도 안산시 단원구 시화로 133 (성곡동),R3_사명교차전파
4440,(주)태우,top_region,,경기,R3_사명교차전파
4441,(주)태우,top_addr,,경기도 안산시 단원구 시화로 133 (성곡동),R3_사명교차전파
4441,(주)태우,top_region,,경기,R3_사명교차전파
4442,(주)태우,top_addr,,경기도 안산시 단원구 시화로 133 (성곡동),R3_사명교차전파
4442,(주)태우,top_region,,경기,R3_사명교차전파
4457,(주)에쎈테크,top_addr,,경기도 안산시 단원구 시화로 133 (성곡동),R3_사명교차전파
4457,(주)에쎈테크,top_region,,경기,R3_사명교차전파
4458,(주)에쎈테크,top_addr,,경기도 안산시 단원구 시화로 133 (성곡동),R3_사명교차전파
4458,(주)에쎈테크,top_region,,경기,R3_사명교차전파
4459,(주)에쎈테크,top_addr,,경기도 안산시 단원구 시화로 133 (성곡동),R3_사명교차전파
4459,(주)에쎈테크,top_region,,경기,R3_사명교차전파
4460,(주)에쎈테크,top_addr,,경기도 안산시 단원구 시화로 133 (성곡동),R3_사명교차전파
4460,(주)에쎈테크,top_region,,경기,R3_사명교차전파
4461,태양합성(주),top_addr,,인천광역시 남동구 남동대로 79번길 34,R3_사명교차전파
4461,태양합성(주),top_region,,인천,R3_사명교차전파
4462,태양합성(주),top_addr,,인천광역시 남동구 남동대로 79번길 34,R3_사명교차전파
4462,태양합성(주),top_region,,인천,R3_사명교차전파
4463,태양합성(주),top_addr,,인천광역시 남동구 남동대로 79번길 34,R3_사명교차전파
4463,태양합성(주),top_region,,인천,R3_사명교차전파
4464,(주)테이팩스,top_addr,,경기도 수원시 영통구 대학4로 17 8층 812813호,R3_사명교차전파
4464,(주)테이팩스,top_region,,경기,R3_사명교차전파
4465,(주)테이팩스,top_addr,,경기도 수원시 영통구 대학4로 17 8층 812813호,R3_사명교차전파
4465,(주)테이팩스,top_region,,경기,R3_사명교차전파
4466,(주)테이팩스,top_addr,,경기도 수원시 영통구 대학4로 17 8층 812813호,R3_사명교차전파
4466,(주)테이팩스,top_region,,경기,R3_사명교차전파
4467,(주)테이팩스,top_addr,,경기도 수원시 영통구 대학4로 17 8층 812813호,R3_사명교차전파
4467,(주)테이팩스,top_region,,경기,R3_사명교차전파
4468,(주)테이팩스,top_addr,,경기도 수원시 영통구 대학4로 17 8층 812813호,R3_사명교차전파
4468,(주)테이팩스,top_region,,경기,R3_사명교차전파
4469,(주)테이팩스,top_addr,,경기도 수원시 영통구 대학4로 17 8층 812813호,R3_사명교차전파
4469,(주)테이팩스,top_region,,경기,R3_사명교차전파
4470,(주)테이팩스,top_addr,,경기도 수원시 영통구 대학4로 17 8층 812813호,R3_사명교차전파
4470,(주)테이팩스,top_region,,경기,R3_사명교차전파
4471,(주)테이팩스,top_addr,,경기도 수원시 영통구 대학4로 17 8층 812813호,R3_사명교차전파
4471,(주)테이팩스,top_region,,경기,R3_사명교차전파
4472,(주)테이팩스,top_addr,,경기도 수원시 영통구 대학4로 17 8층 812813호,R3_사명교차전파
4472,(주)테이팩스,top_region,,경기,R3_사명교차전파
4473,(주)테이팩스,top_addr,,경기도 수원시 영통구 대학4로 17 8층 812813호,R3_사명교차전파
4473,(주)테이팩스,top_region,,경기,R3_사명교차전파
4522,(주)진에어,top_addr,,서울특별시 강서구 공항대로 453,R3_사명교차전파
4522,(주)진에어,top_region,,서울,R3_사명교차전파
4523,(주)진에어,top_addr,,서울특별시 강서구 공항대로 453,R3_사명교차전파
4523,(주)진에어,top_region,,서울,R3_사명교차전파
4524,(주)진에어,top_addr,,서울특별시 강서구 공항대로 453,R3_사명교차전파
4524,(주)진에어,top_region,,서울,R3_사명교차전파
4525,(주)진에어,top_addr,,서울특별시 강서구 공항대로 453,R3_사명교차전파
4525,(주)진에어,top_region,,서울,R3_사명교차전파
4526,(주)진에어,top_addr,,서울특별시 강서구 공항대로 453,R3_사명교차전파
4526,(주)진에어,top_region,,서울,R3_사명교차전파
4527,(주)진에어,top_addr,,서울특별시 강서구 공항대로 453,R3_사명교차전파
4527,(주)진에어,top_region,,서울,R3_사명교차전파
4528,(주)진에어,top_addr,,서울특별시 강서구 공항대로 453,R3_사명교차전파
4528,(주)진에어,top_region,,서울,R3_사명교차전파
4529,풍산특수금속(주),top_addr,,인천광역시 강화군 강화읍 강화산단로 274 (전화 : 032-540-7114),R3_사명교차전파
4529,풍산특수금속(주),top_region,,인천,R3_사명교차전파
4530,풍산특수금속(주),top_addr,,인천광역시 강화군 강화읍 강화산단로 274 (전화 : 032-540-7114),R3_사명교차전파
4530,풍산특수금속(주),top_region,,인천,R3_사명교차전파
4543,이건에너지(주),top_addr,,인천광역시 남구 송림로307번길 132 (도화동),R3_사명교차전파
4543,이건에너지(주),top_region,,인천,R3_사명교차전파
4544,이건에너지(주),top_addr,,인천광역시 남구 송림로307번길 132 (도화동),R3_사명교차전파
4544,이건에너지(주),top_region,,인천,R3_사명교차전파
4545,이건에너지(주),top_addr,,인천광역시 남구 송림로307번길 132 (도화동),R3_사명교차전파
4545,이건에너지(주),top_region,,인천,R3_사명교차전파
4546,이건에너지(주),top_addr,,인천광역시 남구 송림로307번길 132 (도화동),R3_사명교차전파
4546,이건에너지(주),top_region,,인천,R3_사명교차전파
4549,선광신컨테이너터미널(주),top_addr,,인천광역시 연수구 인천신항대로 707 운영동,R3_사명교차전파
4549,선광신컨테이너터미널(주),top_region,,인천,R3_사명교차전파
4550,선광신컨테이너터미널(주),top_addr,,인천광역시 연수구 인천신항대로 707 운영동,R3_사명교차전파
4550,선광신컨테이너터미널(주),top_region,,인천,R3_사명교차전파
4551,선광신컨테이너터미널(주),top_addr,,인천광역시 연수구 인천신항대로 707 운영동,R3_사명교차전파
4551,선광신컨테이너터미널(주),top_region,,인천,R3_사명교차전파
4552,삼성바이오로직스(주),top_addr,,인천광역시 연수구,R3_사명교차전파
4552,삼성바이오로직스(주),top_region,,인천,R3_사명교차전파
4553,삼성바이오로직스(주),top_addr,,인천광역시 연수구,R3_사명교차전파
4553,삼성바이오로직스(주),top_region,,인천,R3_사명교차전파
4554,삼성바이오로직스(주),top_addr,,인천광역시 연수구,R3_사명교차전파
4554,삼성바이오로직스(주),top_region,,인천,R3_사명교차전파
4555,삼성바이오로직스(주),top_addr,,인천광역시 연수구,R3_사명교차전파
4555,삼성바이오로직스(주),top_region,,인천,R3_사명교차전파
4556,삼성바이오로직스(주),top_addr,,인천광역시 연수구,R3_사명교차전파
4556,삼성바이오로직스(주),top_region,,인천,R3_사명교차전파
4557,삼성바이오로직스(주),top_addr,,인천광역시 연수구,R3_사명교차전파
4557,삼성바이오로직스(주),top_region,,인천,R3_사명교차전파
4558,삼성바이오로직스(주),top_addr,,인천광역시 연수구,R3_사명교차전파
4558,삼성바이오로직스(주),top_region,,인천,R3_사명교차전파
4559,삼성바이오로직스(주),top_addr,,인천광역시 연수구,R3_사명교차전파
4559,삼성바이오로직스(주),top_region,,인천,R3_사명교차전파
4560,삼성바이오로직스(주),top_addr,,인천광역시 연수구,R3_사명교차전파
4560,삼성바이오로직스(주),top_region,,인천,R3_사명교차전파
4561,삼성바이오로직스(주),top_addr,,인천광역시 연수구,R3_사명교차전파
4561,삼성바이오로직스(주),top_region,,인천,R3_사명교차전파
4565,(주)왕산레저개발,top_addr,,인천광역시 중구 왕산마리나길 143,R3_사명교차전파
4565,(주)왕산레저개발,top_region,,인천,R3_사명교차전파
4566,(주)왕산레저개발,top_addr,,인천광역시 중구 왕산마리나길 143,R3_사명교차전파
4566,(주)왕산레저개발,top_region,,인천,R3_사명교차전파
4567,(주)왕산레저개발,top_addr,,인천광역시 중구 왕산마리나길 143,R3_사명교차전파
4567,(주)왕산레저개발,top_region,,인천,R3_사명교차전파
4568,(주)왕산레저개발,top_addr,,인천광역시 중구 왕산마리나길 143,R3_사명교차전파
4568,(주)왕산레저개발,top_region,,인천,R3_사명교차전파
4569,(주)왕산레저개발,top_addr,,인천광역시 중구 왕산마리나길 143,R3_사명교차전파
4569,(주)왕산레저개발,top_region,,인천,R3_사명교차전파
4570,(주)왕산레저개발,top_addr,,인천광역시 중구 왕산마리나길 143,R3_사명교차전파
4570,(주)왕산레저개발,top_region,,인천,R3_사명교차전파
4571,(주)왕산레저개발,top_addr,,인천광역시 중구 왕산마리나길 143,R3_사명교차전파
4571,(주)왕산레저개발,top_region,,인천,R3_사명교차전파
4577,삼성바이오에피스(주),top_addr,,인천광역시 연수구,R3_사명교차전파
4577,삼성바이오에피스(주),top_region,,인천,R3_사명교차전파
4578,삼성바이오에피스(주),top_addr,,인천광역시 연수구,R3_사명교차전파
4578,삼성바이오에피스(주),top_region,,인천,R3_사명교차전파
4579,삼성바이오에피스(주),top_addr,,인천광역시 연수구,R3_사명교차전파
4579,삼성바이오에피스(주),top_region,,인천,R3_사명교차전파
4580,삼성바이오에피스(주),top_addr,,인천광역시 연수구,R3_사명교차전파
4580,삼성바이오에피스(주),top_region,,인천,R3_사명교차전파
4581,삼성바이오에피스(주),top_addr,,인천광역시 연수구,R3_사명교차전파
4581,삼성바이오에피스(주),top_region,,인천,R3_사명교차전파
4582,삼성바이오에피스(주),top_addr,,인천광역시 연수구,R3_사명교차전파
4582,삼성바이오에피스(주),top_region,,인천,R3_사명교차전파
4583,삼성바이오에피스(주),top_addr,,인천광역시 연수구,R3_사명교차전파
4583,삼성바이오에피스(주),top_region,,인천,R3_사명교차전파
4584,삼성바이오에피스(주),top_addr,,인천광역시 연수구,R3_사명교차전파
4584,삼성바이오에피스(주),top_region,,인천,R3_사명교차전파
4585,삼성바이오에피스(주),top_addr,,인천광역시 연수구,R3_사명교차전파
4585,삼성바이오에피스(주),top_region,,인천,R3_사명교차전파
4586,삼성바이오에피스(주),top_addr,,인천광역시 연수구,R3_사명교차전파
4586,삼성바이오에피스(주),top_region,,인천,R3_사명교차전파
4588,(주)파라다이스세가사미,top_addr,,인천광역시,R3_사명교차전파
4588,(주)파라다이스세가사미,top_region,,인천,R3_사명교차전파
4589,SK인천석유화학(주),top_addr,,인천 서구 봉수대로 415,R3_사명교차전파
4589,SK인천석유화학(주),top_region,,인천,R3_사명교차전파
4590,SK인천석유화학(주),top_addr,,인천 서구 봉수대로 415,R3_사명교차전파
4590,SK인천석유화학(주),top_region,,인천,R3_사명교차전파
4591,SK인천석유화학(주),top_addr,,인천 서구 봉수대로 415,R3_사명교차전파
4591,SK인천석유화학(주),top_region,,인천,R3_사명교차전파
4592,SK인천석유화학(주),top_addr,,인천 서구 봉수대로 415,R3_사명교차전파
4592,SK인천석유화학(주),top_region,,인천,R3_사명교차전파
4593,SK인천석유화학(주),top_addr,,인천 서구 봉수대로 415,R3_사명교차전파
4593,SK인천석유화학(주),top_region,,인천,R3_사명교차전파
4594,SK인천석유화학(주),top_addr,,인천 서구 봉수대로 415,R3_사명교차전파
4594,SK인천석유화학(주),top_region,,인천,R3_사명교차전파
4595,SK인천석유화학(주),top_addr,,인천 서구 봉수대로 415,R3_사명교차전파
4595,SK인천석유화학(주),top_region,,인천,R3_사명교차전파
4596,SK인천석유화학(주),top_addr,,인천 서구 봉수대로 415,R3_사명교차전파
4596,SK인천석유화학(주),top_region,,인천,R3_사명교차전파
4597,SK인천석유화학(주),top_addr,,인천 서구 봉수대로 415,R3_사명교차전파
4597,SK인천석유화학(주),top_region,,인천,R3_사명교차전파
4598,SK인천석유화학(주),top_addr,,인천 서구 봉수대로 415,R3_사명교차전파
4598,SK인천석유화학(주),top_region,,인천,R3_사명교차전파
4599,SK인천석유화학(주),top_addr,,인천 서구 봉수대로 415,R3_사명교차전파
4599,SK인천석유화학(주),top_region,,인천,R3_사명교차전파
4600,SK인천석유화학(주),top_addr,,인천 서구 봉수대로 415,R3_사명교차전파
4600,SK인천석유화학(주),top_region,,인천,R3_사명교차전파
4601,SK인천석유화학(주),top_addr,,인천 서구 봉수대로 415,R3_사명교차전파
4601,SK인천석유화학(주),top_region,,인천,R3_사명교차전파
4602,SK인천석유화학(주),top_addr,,인천 서구 봉수대로 415,R3_사명교차전파
4602,SK인천석유화학(주),top_region,,인천,R3_사명교차전파
4603,SK인천석유화학(주),top_addr,,인천 서구 봉수대로 415,R3_사명교차전파
4603,SK인천석유화학(주),top_region,,인천,R3_사명교차전파
4604,SK인천석유화학(주),top_addr,,인천 서구 봉수대로 415,R3_사명교차전파
4604,SK인천석유화학(주),top_region,,인천,R3_사명교차전파
4605,SK인천석유화학(주),top_addr,,인천 서구 봉수대로 415,R3_사명교차전파
4605,SK인천석유화학(주),top_region,,인천,R3_사명교차전파
4606,SK인천석유화학(주),top_addr,,인천 서구 봉수대로 415,R3_사명교차전파
4606,SK인천석유화학(주),top_region,,인천,R3_사명교차전파
4607,SK인천석유화학(주),top_addr,,인천 서구 봉수대로 415,R3_사명교차전파
4607,SK인천석유화학(주),top_region,,인천,R3_사명교차전파
4608,SK인천석유화학(주),top_addr,,인천 서구 봉수대로 415,R3_사명교차전파
4608,SK인천석유화학(주),top_region,,인천,R3_사명교차전파
4609,SK인천석유화학(주),top_addr,,인천 서구 봉수대로 415,R3_사명교차전파
4609,SK인천석유화학(주),top_region,,인천,R3_사명교차전파
4610,SK인천석유화학(주),top_addr,,인천 서구 봉수대로 415,R3_사명교차전파
4610,SK인천석유화학(주),top_region,,인천,R3_사명교차전파
4611,SK인천석유화학(주),top_addr,,인천 서구 봉수대로 415,R3_사명교차전파
4611,SK인천석유화학(주),top_region,,인천,R3_사명교차전파
4612,SK인천석유화학(주),top_addr,,인천 서구 봉수대로 415,R3_사명교차전파
4612,SK인천석유화학(주),top_region,,인천,R3_사명교차전파
4613,SK인천석유화학(주),top_addr,,인천 서구 봉수대로 415,R3_사명교차전파
4613,SK인천석유화학(주),top_region,,인천,R3_사명교차전파
4614,SK인천석유화학(주),top_addr,,인천 서구 봉수대로 415,R3_사명교차전파
4614,SK인천석유화학(주),top_region,,인천,R3_사명교차전파
4615,SK인천석유화학(주),top_addr,,인천 서구 봉수대로 415,R3_사명교차전파
4615,SK인천석유화학(주),top_region,,인천,R3_사명교차전파
4616,SK인천석유화학(주),top_addr,,인천 서구 봉수대로 415,R3_사명교차전파
4616,SK인천석유화학(주),top_region,,인천,R3_사명교차전파
4617,SK인천석유화학(주),top_addr,,인천 서구 봉수대로 415,R3_사명교차전파
4617,SK인천석유화학(주),top_region,,인천,R3_사명교차전파
4618,SK인천석유화학(주),top_addr,,인천 서구 봉수대로 415,R3_사명교차전파
4618,SK인천석유화학(주),top_region,,인천,R3_사명교차전파
4619,SK인천석유화학(주),top_addr,,인천 서구 봉수대로 415,R3_사명교차전파
4619,SK인천석유화학(주),top_region,,인천,R3_사명교차전파
4620,SK인천석유화학(주),top_addr,,인천 서구 봉수대로 415,R3_사명교차전파
4620,SK인천석유화학(주),top_region,,인천,R3_사명교차전파
4621,SK인천석유화학(주),top_addr,,인천 서구 봉수대로 415,R3_사명교차전파
4621,SK인천석유화학(주),top_region,,인천,R3_사명교차전파
4622,SK인천석유화학(주),top_addr,,인천 서구 봉수대로 415,R3_사명교차전파
4622,SK인천석유화학(주),top_region,,인천,R3_사명교차전파
4623,SK인천석유화학(주),top_addr,,인천 서구 봉수대로 415,R3_사명교차전파
4623,SK인천석유화학(주),top_region,,인천,R3_사명교차전파
4624,한진인천컨테이너터미널(주),top_addr,,인천 연수구 인천신항대로 777,R3_사명교차전파
4624,한진인천컨테이너터미널(주),top_region,,인천,R3_사명교차전파
4625,한진인천컨테이너터미널(주),top_addr,,인천 연수구 인천신항대로 777,R3_사명교차전파
4625,한진인천컨테이너터미널(주),top_region,,인천,R3_사명교차전파
4626,한진인천컨테이너터미널(주),top_addr,,인천 연수구 인천신항대로 777,R3_사명교차전파
4626,한진인천컨테이너터미널(주),top_region,,인천,R3_사명교차전파
4627,한진인천컨테이너터미널(주),top_addr,,인천 연수구 인천신항대로 777,R3_사명교차전파
4627,한진인천컨테이너터미널(주),top_region,,인천,R3_사명교차전파
4628,한진인천컨테이너터미널(주),top_addr,,인천 연수구 인천신항대로 777,R3_사명교차전파
4628,한진인천컨테이너터미널(주),top_region,,인천,R3_사명교차전파
4629,한진인천컨테이너터미널(주),top_addr,,인천 연수구 인천신항대로 777,R3_사명교차전파
4629,한진인천컨테이너터미널(주),top_region,,인천,R3_사명교차전파
4630,한진인천컨테이너터미널(주),top_addr,,인천 연수구 인천신항대로 777,R3_사명교차전파
4630,한진인천컨테이너터미널(주),top_region,,인천,R3_사명교차전파
4636,(주)이건창호,top_addr,,인천광역시 미추홀구 염전로 91,R3_사명교차전파
4636,(주)이건창호,top_region,,인천,R3_사명교차전파
4637,(주)이건창호,top_addr,,인천광역시 미추홀구 염전로 91,R3_사명교차전파
4637,(주)이건창호,top_region,,인천,R3_사명교차전파
4638,(주)이건창호,top_addr,,인천광역시 미추홀구 염전로 91,R3_사명교차전파
4638,(주)이건창호,top_region,,인천,R3_사명교차전파
4639,(주)이건창호,top_addr,,인천광역시 미추홀구 염전로 91,R3_사명교차전파
4639,(주)이건창호,top_region,,인천,R3_사명교차전파
4715,케이비아이알로이(주),top_addr,,충남 아산시 남성길 256,R3_사명교차전파
4715,케이비아이알로이(주),top_region,,충남,R3_사명교차전파
4716,케이비아이알로이(주),top_addr,,충남 아산시 남성길 256,R3_사명교차전파
4716,케이비아이알로이(주),top_region,,충남,R3_사명교차전파
4717,케이비아이알로이(주),top_addr,,충남 아산시 남성길 256,R3_사명교차전파
4717,케이비아이알로이(주),top_region,,충남,R3_사명교차전파
4718,케이비아이알로이(주),top_addr,,충남 아산시 남성길 256,R3_사명교차전파
4718,케이비아이알로이(주),top_region,,충남,R3_사명교차전파
4719,케이비아이알로이(주),top_addr,,충남 아산시 남성길 256,R3_사명교차전파
4719,케이비아이알로이(주),top_region,,충남,R3_사명교차전파
4720,케이비아이알로이(주),top_addr,,충남 아산시 남성길 256,R3_사명교차전파
4720,케이비아이알로이(주),top_region,,충남,R3_사명교차전파
4721,케이비아이알로이(주),top_addr,,충남 아산시 남성길 256,R3_사명교차전파
4721,케이비아이알로이(주),top_region,,충남,R3_사명교차전파
4728,(주)이건그린텍,top_addr,,경기도 김포시 대명항로 205번길 49-38,R3_사명교차전파
4728,(주)이건그린텍,top_region,,경기,R3_사명교차전파
4729,(주)이건그린텍,top_addr,,경기도 김포시 대명항로 205번길 49-38,R3_사명교차전파
4729,(주)이건그린텍,top_region,,경기,R3_사명교차전파
4730,(주)이건그린텍,top_addr,,경기도 김포시 대명항로 205번길 49-38,R3_사명교차전파
4730,(주)이건그린텍,top_region,,경기,R3_사명교차전파
4731,(주)이건그린텍,top_addr,,경기도 김포시 대명항로 205번길 49-38,R3_사명교차전파
4731,(주)이건그린텍,top_region,,경기,R3_사명교차전파
4732,SKC(주),top_addr,,경기 수원시 장안구 장안로 309번길 84,R3_사명교차전파
4732,SKC(주),top_region,,경기,R3_사명교차전파
4733,SKC(주),top_addr,,경기 수원시 장안구 장안로 309번길 84,R3_사명교차전파
4733,SKC(주),top_region,,경기,R3_사명교차전파
4734,SKC(주),top_addr,,경기 수원시 장안구 장안로 309번길 84,R3_사명교차전파
4734,SKC(주),top_region,,경기,R3_사명교차전파
4735,SKC(주),top_addr,,경기 수원시 장안구 장안로 309번길 84,R3_사명교차전파
4735,SKC(주),top_region,,경기,R3_사명교차전파
4736,SKC(주),top_addr,,경기 수원시 장안구 장안로 309번길 84,R3_사명교차전파
4736,SKC(주),top_region,,경기,R3_사명교차전파
4737,SKC(주),top_addr,,경기 수원시 장안구 장안로 309번길 84,R3_사명교차전파
4737,SKC(주),top_region,,경기,R3_사명교차전파
4738,SKC(주),top_addr,,경기 수원시 장안구 장안로 309번길 84,R3_사명교차전파
4738,SKC(주),top_region,,경기,R3_사명교차전파
4739,SKC(주),top_addr,,경기 수원시 장안구 장안로 309번길 84,R3_사명교차전파
4739,SKC(주),top_region,,경기,R3_사명교차전파
4740,SKC(주),top_addr,,경기 수원시 장안구 장안로 309번길 84,R3_사명교차전파
4740,SKC(주),top_region,,경기,R3_사명교차전파
4741,SKC(주),top_addr,,경기 수원시 장안구 장안로 309번길 84,R3_사명교차전파
4741,SKC(주),top_region,,경기,R3_사명교차전파
4742,SKC(주),top_addr,,경기 수원시 장안구 장안로 309번길 84,R3_사명교차전파
4742,SKC(주),top_region,,경기,R3_사명교차전파
4743,SKC(주),top_addr,,경기 수원시 장안구 장안로 309번길 84,R3_사명교차전파
4743,SKC(주),top_region,,경기,R3_사명교차전파
4744,SKC(주),top_addr,,경기 수원시 장안구 장안로 309번길 84,R3_사명교차전파
4744,SKC(주),top_region,,경기,R3_사명교차전파
4745,SKC(주),top_addr,,경기 수원시 장안구 장안로 309번길 84,R3_사명교차전파
4745,SKC(주),top_region,,경기,R3_사명교차전파
4746,SKC(주),top_addr,,경기 수원시 장안구 장안로 309번길 84,R3_사명교차전파
4746,SKC(주),top_region,,경기,R3_사명교차전파
4747,SKC(주),top_addr,,경기 수원시 장안구 장안로 309번길 84,R3_사명교차전파
4747,SKC(주),top_region,,경기,R3_사명교차전파
4748,SKC(주),top_addr,,경기 수원시 장안구 장안로 309번길 84,R3_사명교차전파
4748,SKC(주),top_region,,경기,R3_사명교차전파
4749,SKC(주),top_addr,,경기 수원시 장안구 장안로 309번길 84,R3_사명교차전파
4749,SKC(주),top_region,,경기,R3_사명교차전파
4750,SKC(주),top_addr,,경기 수원시 장안구 장안로 309번길 84,R3_사명교차전파
4750,SKC(주),top_region,,경기,R3_사명교차전파
4751,SKC(주),top_addr,,경기 수원시 장안구 장안로 309번길 84,R3_사명교차전파
4751,SKC(주),top_region,,경기,R3_사명교차전파
4752,SKC(주),top_addr,,경기 수원시 장안구 장안로 309번길 84,R3_사명교차전파
4752,SKC(주),top_region,,경기,R3_사명교차전파
4753,SKC(주),top_addr,,경기 수원시 장안구 장안로 309번길 84,R3_사명교차전파
4753,SKC(주),top_region,,경기,R3_사명교차전파
4754,SKC(주),top_addr,,경기 수원시 장안구 장안로 309번길 84,R3_사명교차전파
4754,SKC(주),top_region,,경기,R3_사명교차전파
4755,SKC(주),top_addr,,경기 수원시 장안구 장안로 309번길 84,R3_사명교차전파
4755,SKC(주),top_region,,경기,R3_사명교차전파
4756,SKC(주),top_addr,,경기 수원시 장안구 장안로 309번길 84,R3_사명교차전파
4756,SKC(주),top_region,,경기,R3_사명교차전파
4757,SKC(주),top_addr,,경기 수원시 장안구 장안로 309번길 84,R3_사명교차전파
4757,SKC(주),top_region,,경기,R3_사명교차전파
4758,SKC(주),top_addr,,경기 수원시 장안구 장안로 309번길 84,R3_사명교차전파
4758,SKC(주),top_region,,경기,R3_사명교차전파
4759,SKC(주),top_addr,,경기 수원시 장안구 장안로 309번길 84,R3_사명교차전파
4759,SKC(주),top_region,,경기,R3_사명교차전파
4760,SKC(주),top_addr,,경기 수원시 장안구 장안로 309번길 84,R3_사명교차전파
4760,SKC(주),top_region,,경기,R3_사명교차전파
4761,SKC(주),top_addr,,경기 수원시 장안구 장안로 309번길 84,R3_사명교차전파
4761,SKC(주),top_region,,경기,R3_사명교차전파
4762,SKC(주),top_addr,,경기 수원시 장안구 장안로 309번길 84,R3_사명교차전파
4762,SKC(주),top_region,,경기,R3_사명교차전파
4763,SKC(주),top_addr,,경기 수원시 장안구 장안로 309번길 84,R3_사명교차전파
4763,SKC(주),top_region,,경기,R3_사명교차전파
4764,SKC(주),top_addr,,경기 수원시 장안구 장안로 309번길 84,R3_사명교차전파
4764,SKC(주),top_region,,경기,R3_사명교차전파
4765,SKC(주),top_addr,,경기 수원시 장안구 장안로 309번길 84,R3_사명교차전파
4765,SKC(주),top_region,,경기,R3_사명교차전파
4766,SKC(주),top_addr,,경기 수원시 장안구 장안로 309번길 84,R3_사명교차전파
4766,SKC(주),top_region,,경기,R3_사명교차전파
4767,SK네트웍스(주),top_addr,,경기도 수원시 장안구 경수대로 795,R3_사명교차전파
4767,SK네트웍스(주),top_region,,경기,R3_사명교차전파
4768,SK네트웍스(주),top_addr,,경기도 수원시 장안구 경수대로 795,R3_사명교차전파
4768,SK네트웍스(주),top_region,,경기,R3_사명교차전파
4769,SK네트웍스(주),top_addr,,경기도 수원시 장안구 경수대로 795,R3_사명교차전파
4769,SK네트웍스(주),top_region,,경기,R3_사명교차전파
4770,SK네트웍스(주),top_addr,,경기도 수원시 장안구 경수대로 795,R3_사명교차전파
4770,SK네트웍스(주),top_region,,경기,R3_사명교차전파
4771,SK네트웍스(주),top_addr,,경기도 수원시 장안구 경수대로 795,R3_사명교차전파
4771,SK네트웍스(주),top_region,,경기,R3_사명교차전파
4772,SK네트웍스(주),top_addr,,경기도 수원시 장안구 경수대로 795,R3_사명교차전파
4772,SK네트웍스(주),top_region,,경기,R3_사명교차전파
4773,SK네트웍스(주),top_addr,,경기도 수원시 장안구 경수대로 795,R3_사명교차전파
4773,SK네트웍스(주),top_region,,경기,R3_사명교차전파
4774,SK네트웍스(주),top_addr,,경기도 수원시 장안구 경수대로 795,R3_사명교차전파
4774,SK네트웍스(주),top_region,,경기,R3_사명교차전파
4775,SK네트웍스(주),top_addr,,경기도 수원시 장안구 경수대로 795,R3_사명교차전파
4775,SK네트웍스(주),top_region,,경기,R3_사명교차전파
4776,SK네트웍스(주),top_addr,,경기도 수원시 장안구 경수대로 795,R3_사명교차전파
4776,SK네트웍스(주),top_region,,경기,R3_사명교차전파
4777,SK네트웍스(주),top_addr,,경기도 수원시 장안구 경수대로 795,R3_사명교차전파
4777,SK네트웍스(주),top_region,,경기,R3_사명교차전파
4778,SK네트웍스(주),top_addr,,경기도 수원시 장안구 경수대로 795,R3_사명교차전파
4778,SK네트웍스(주),top_region,,경기,R3_사명교차전파
4779,SK네트웍스(주),top_addr,,경기도 수원시 장안구 경수대로 795,R3_사명교차전파
4779,SK네트웍스(주),top_region,,경기,R3_사명교차전파
4780,SK네트웍스(주),top_addr,,경기도 수원시 장안구 경수대로 795,R3_사명교차전파
4780,SK네트웍스(주),top_region,,경기,R3_사명교차전파
4781,SK네트웍스(주),top_addr,,경기도 수원시 장안구 경수대로 795,R3_사명교차전파
4781,SK네트웍스(주),top_region,,경기,R3_사명교차전파
4782,SK네트웍스(주),top_addr,,경기도 수원시 장안구 경수대로 795,R3_사명교차전파
4782,SK네트웍스(주),top_region,,경기,R3_사명교차전파
4783,SK네트웍스(주),top_addr,,경기도 수원시 장안구 경수대로 795,R3_사명교차전파
4783,SK네트웍스(주),top_region,,경기,R3_사명교차전파
4784,SK네트웍스(주),top_addr,,경기도 수원시 장안구 경수대로 795,R3_사명교차전파
4784,SK네트웍스(주),top_region,,경기,R3_사명교차전파
4785,SK네트웍스(주),top_addr,,경기도 수원시 장안구 경수대로 795,R3_사명교차전파
4785,SK네트웍스(주),top_region,,경기,R3_사명교차전파
4786,SK네트웍스(주),top_addr,,경기도 수원시 장안구 경수대로 795,R3_사명교차전파
4786,SK네트웍스(주),top_region,,경기,R3_사명교차전파
4787,SK네트웍스(주),top_addr,,경기도 수원시 장안구 경수대로 795,R3_사명교차전파
4787,SK네트웍스(주),top_region,,경기,R3_사명교차전파
4788,SK네트웍스(주),top_addr,,경기도 수원시 장안구 경수대로 795,R3_사명교차전파
4788,SK네트웍스(주),top_region,,경기,R3_사명교차전파
4789,SK네트웍스(주),top_addr,,경기도 수원시 장안구 경수대로 795,R3_사명교차전파
4789,SK네트웍스(주),top_region,,경기,R3_사명교차전파
4790,SK네트웍스(주),top_addr,,경기도 수원시 장안구 경수대로 795,R3_사명교차전파
4790,SK네트웍스(주),top_region,,경기,R3_사명교차전파
4791,SK네트웍스(주),top_addr,,경기도 수원시 장안구 경수대로 795,R3_사명교차전파
4791,SK네트웍스(주),top_region,,경기,R3_사명교차전파
4792,SK네트웍스(주),top_addr,,경기도 수원시 장안구 경수대로 795,R3_사명교차전파
4792,SK네트웍스(주),top_region,,경기,R3_사명교차전파
4793,SK네트웍스(주),top_addr,,경기도 수원시 장안구 경수대로 795,R3_사명교차전파
4793,SK네트웍스(주),top_region,,경기,R3_사명교차전파
4794,SK네트웍스(주),top_addr,,경기도 수원시 장안구 경수대로 795,R3_사명교차전파
4794,SK네트웍스(주),top_region,,경기,R3_사명교차전파
4795,SK네트웍스(주),top_addr,,경기도 수원시 장안구 경수대로 795,R3_사명교차전파
4795,SK네트웍스(주),top_region,,경기,R3_사명교차전파
4796,SK네트웍스(주),top_addr,,경기도 수원시 장안구 경수대로 795,R3_사명교차전파
4796,SK네트웍스(주),top_region,,경기,R3_사명교차전파
4797,SK네트웍스(주),top_addr,,경기도 수원시 장안구 경수대로 795,R3_사명교차전파
4797,SK네트웍스(주),top_region,,경기,R3_사명교차전파
4798,SK네트웍스(주),top_addr,,경기도 수원시 장안구 경수대로 795,R3_사명교차전파
4798,SK네트웍스(주),top_region,,경기,R3_사명교차전파
4799,SK네트웍스(주),top_addr,,경기도 수원시 장안구 경수대로 795,R3_사명교차전파
4799,SK네트웍스(주),top_region,,경기,R3_사명교차전파
4800,SK네트웍스(주),top_addr,,경기도 수원시 장안구 경수대로 795,R3_사명교차전파
4800,SK네트웍스(주),top_region,,경기,R3_사명교차전파
4801,SK네트웍스(주),top_addr,,경기도 수원시 장안구 경수대로 795,R3_사명교차전파
4801,SK네트웍스(주),top_region,,경기,R3_사명교차전파
4819,(주)대창,top_addr,,경기도 시흥시 공단1대로 391,R3_사명교차전파
4819,(주)대창,top_region,,경기,R3_사명교차전파
4820,(주)대창,top_addr,,경기도 시흥시 공단1대로 391,R3_사명교차전파
4820,(주)대창,top_region,,경기,R3_사명교차전파
4821,(주)대창,top_addr,,경기도 시흥시 공단1대로 391,R3_사명교차전파
4821,(주)대창,top_region,,경기,R3_사명교차전파
4822,(주)대창,top_addr,,경기도 시흥시 공단1대로 391,R3_사명교차전파
4822,(주)대창,top_region,,경기,R3_사명교차전파
4823,대원정밀공업(주),top_addr,,경기 안산시 단원구 범지기로 141번길 100,R3_사명교차전파
4823,대원정밀공업(주),top_region,,경기,R3_사명교차전파
4824,대원정밀공업(주),top_addr,,경기 안산시 단원구 범지기로 141번길 100,R3_사명교차전파
4824,대원정밀공업(주),top_region,,경기,R3_사명교차전파
4825,대원정밀공업(주),top_addr,,경기 안산시 단원구 범지기로 141번길 100,R3_사명교차전파
4825,대원정밀공업(주),top_region,,경기,R3_사명교차전파
4827,(주)지앤피,top_addr,,충청북도 충주시 국원대로 448,R3_사명교차전파
4827,(주)지앤피,top_region,,충북,R3_사명교차전파
4828,(주)지앤피,top_addr,,충청북도 충주시 국원대로 448,R3_사명교차전파
4828,(주)지앤피,top_region,,충북,R3_사명교차전파
4829,(주)지앤피,top_addr,,충청북도 충주시 국원대로 448,R3_사명교차전파
4829,(주)지앤피,top_region,,충북,R3_사명교차전파
4830,(주)지앤피,top_addr,,충청북도 충주시 국원대로 448,R3_사명교차전파
4830,(주)지앤피,top_region,,충북,R3_사명교차전파
4831,(주)지앤피,top_addr,,충청북도 충주시 국원대로 448,R3_사명교차전파
4831,(주)지앤피,top_region,,충북,R3_사명교차전파
4832,(주)지앤피,top_addr,,충청북도 충주시 국원대로 448,R3_사명교차전파
4832,(주)지앤피,top_region,,충북,R3_사명교차전파
4833,(주)지앤피,top_addr,,충청북도 충주시 국원대로 448,R3_사명교차전파
4833,(주)지앤피,top_region,,충북,R3_사명교차전파
4834,(주)지앤피,top_addr,,충청북도 충주시 국원대로 448,R3_사명교차전파
4834,(주)지앤피,top_region,,충북,R3_사명교차전파
4835,(주)지앤피,top_addr,,충청북도 충주시 국원대로 448,R3_사명교차전파
4835,(주)지앤피,top_region,,충북,R3_사명교차전파
4836,(주)지앤피,top_addr,,충청북도 충주시 국원대로 448,R3_사명교차전파
4836,(주)지앤피,top_region,,충북,R3_사명교차전파
4837,(주)지앤피,top_addr,,충청북도 충주시 국원대로 448,R3_사명교차전파
4837,(주)지앤피,top_region,,충북,R3_사명교차전파
4838,(주)지앤피,top_addr,,충청북도 충주시 국원대로 448,R3_사명교차전파
4838,(주)지앤피,top_region,,충북,R3_사명교차전파
4839,(주)지앤피,top_addr,,충청북도 충주시 국원대로 448,R3_사명교차전파
4839,(주)지앤피,top_region,,충북,R3_사명교차전파
4840,(주)지앤피,top_addr,,충청북도 충주시 국원대로 448,R3_사명교차전파
4840,(주)지앤피,top_region,,충북,R3_사명교차전파
4841,(주)지앤피,top_addr,,충청북도 충주시 국원대로 448,R3_사명교차전파
4841,(주)지앤피,top_region,,충북,R3_사명교차전파
4842,(주)지앤피,top_addr,,충청북도 충주시 국원대로 448,R3_사명교차전파
4842,(주)지앤피,top_region,,충북,R3_사명교차전파
4843,(주)지앤피,top_addr,,충청북도 충주시 국원대로 448,R3_사명교차전파
4843,(주)지앤피,top_region,,충북,R3_사명교차전파
4844,(주)지앤피,top_addr,,충청북도 충주시 국원대로 448,R3_사명교차전파
4844,(주)지앤피,top_region,,충북,R3_사명교차전파
4845,(주)지앤피,top_addr,,충청북도 충주시 국원대로 448,R3_사명교차전파
4845,(주)지앤피,top_region,,충북,R3_사명교차전파
4846,(주)지앤피,top_addr,,충청북도 충주시 국원대로 448,R3_사명교차전파
4846,(주)지앤피,top_region,,충북,R3_사명교차전파
4860,(주)코리아써키트,top_addr,,경기 안산시 단원구 강촌로 139번길 9,R3_사명교차전파
4860,(주)코리아써키트,top_region,,경기,R3_사명교차전파
4861,(주)코리아써키트,top_addr,,경기 안산시 단원구 강촌로 139번길 9,R3_사명교차전파
4861,(주)코리아써키트,top_region,,경기,R3_사명교차전파
4862,(주)코리아써키트,top_addr,,경기 안산시 단원구 강촌로 139번길 9,R3_사명교차전파
4862,(주)코리아써키트,top_region,,경기,R3_사명교차전파
4863,(주)코리아써키트,top_addr,,경기 안산시 단원구 강촌로 139번길 9,R3_사명교차전파
4863,(주)코리아써키트,top_region,,경기,R3_사명교차전파
4900,(주)하이프라자,top_addr,,서울특별시 강서구 마곡중앙5로 18,R3_사명교차전파
4900,(주)하이프라자,top_region,,서울,R3_사명교차전파
4901,(주)하이프라자,top_addr,,서울특별시 강서구 마곡중앙5로 18,R3_사명교차전파
4901,(주)하이프라자,top_region,,서울,R3_사명교차전파
4902,(주)하이프라자,top_addr,,서울특별시 강서구 마곡중앙5로 18,R3_사명교차전파
4902,(주)하이프라자,top_region,,서울,R3_사명교차전파
4903,(주)하이프라자,top_addr,,서울특별시 강서구 마곡중앙5로 18,R3_사명교차전파
4903,(주)하이프라자,top_region,,서울,R3_사명교차전파
4904,(주)하이프라자,top_addr,,서울특별시 강서구 마곡중앙5로 18,R3_사명교차전파
4904,(주)하이프라자,top_region,,서울,R3_사명교차전파
4905,(주)하이프라자,top_addr,,서울특별시 강서구 마곡중앙5로 18,R3_사명교차전파
4905,(주)하이프라자,top_region,,서울,R3_사명교차전파
4906,(주)하이프라자,top_addr,,서울특별시 강서구 마곡중앙5로 18,R3_사명교차전파
4906,(주)하이프라자,top_region,,서울,R3_사명교차전파
4907,(주)하이프라자,top_addr,,서울특별시 강서구 마곡중앙5로 18,R3_사명교차전파
4907,(주)하이프라자,top_region,,서울,R3_사명교차전파
4908,(주)하이프라자,top_addr,,서울특별시 강서구 마곡중앙5로 18,R3_사명교차전파
4908,(주)하이프라자,top_region,,서울,R3_사명교차전파
4909,(주)하이프라자,top_addr,,서울특별시 강서구 마곡중앙5로 18,R3_사명교차전파
4909,(주)하이프라자,top_region,,서울,R3_사명교차전파
4910,(주)하이프라자,top_addr,,서울특별시 강서구 마곡중앙5로 18,R3_사명교차전파
4910,(주)하이프라자,top_region,,서울,R3_사명교차전파
4911,(주)지아이티,top_addr,,서울시 송파구 마천로87 지아이티빌딩,R3_사명교차전파
4911,(주)지아이티,top_region,,서울,R3_사명교차전파
4912,(주)지아이티,top_addr,,서울시 송파구 마천로87 지아이티빌딩,R3_사명교차전파
4912,(주)지아이티,top_region,,서울,R3_사명교차전파
4913,(주)지아이티,top_addr,,서울시 송파구 마천로87 지아이티빌딩,R3_사명교차전파
4913,(주)지아이티,top_region,,서울,R3_사명교차전파
4914,(주)지아이티,top_addr,,서울시 송파구 마천로87 지아이티빌딩,R3_사명교차전파
4914,(주)지아이티,top_region,,서울,R3_사명교차전파
4915,(주)지아이티,top_addr,,서울시 송파구 마천로87 지아이티빌딩,R3_사명교차전파
4915,(주)지아이티,top_region,,서울,R3_사명교차전파
4916,(주)지아이티,top_addr,,서울시 송파구 마천로87 지아이티빌딩,R3_사명교차전파
4916,(주)지아이티,top_region,,서울,R3_사명교차전파
4917,(주)지아이티,top_addr,,서울시 송파구 마천로87 지아이티빌딩,R3_사명교차전파
4917,(주)지아이티,top_region,,서울,R3_사명교차전파
4918,(주)지아이티,top_addr,,서울시 송파구 마천로87 지아이티빌딩,R3_사명교차전파
4918,(주)지아이티,top_region,,서울,R3_사명교차전파
4919,(주)지아이티,top_addr,,서울시 송파구 마천로87 지아이티빌딩,R3_사명교차전파
4919,(주)지아이티,top_region,,서울,R3_사명교차전파
4920,(주)지아이티,top_addr,,서울시 송파구 마천로87 지아이티빌딩,R3_사명교차전파
4920,(주)지아이티,top_region,,서울,R3_사명교차전파
4921,(주)지아이티,top_addr,,서울시 송파구 마천로87 지아이티빌딩,R3_사명교차전파
4921,(주)지아이티,top_region,,서울,R3_사명교차전파
4922,(주)지아이티,top_addr,,서울시 송파구 마천로87 지아이티빌딩,R3_사명교차전파
4922,(주)지아이티,top_region,,서울,R3_사명교차전파
4923,(주)지아이티,top_addr,,서울시 송파구 마천로87 지아이티빌딩,R3_사명교차전파
4923,(주)지아이티,top_region,,서울,R3_사명교차전파
4924,(주)지아이티,top_addr,,서울시 송파구 마천로87 지아이티빌딩,R3_사명교차전파
4924,(주)지아이티,top_region,,서울,R3_사명교차전파
4925,(주)지아이티,top_addr,,서울시 송파구 마천로87 지아이티빌딩,R3_사명교차전파
4925,(주)지아이티,top_region,,서울,R3_사명교차전파
4926,(주)지아이티,top_addr,,서울시 송파구 마천로87 지아이티빌딩,R3_사명교차전파
4926,(주)지아이티,top_region,,서울,R3_사명교차전파
4927,(주)지아이티,top_addr,,서울시 송파구 마천로87 지아이티빌딩,R3_사명교차전파
4927,(주)지아이티,top_region,,서울,R3_사명교차전파
4928,(주)지아이티,top_addr,,서울시 송파구 마천로87 지아이티빌딩,R3_사명교차전파
4928,(주)지아이티,top_region,,서울,R3_사명교차전파
4929,(주)지아이티,top_addr,,서울시 송파구 마천로87 지아이티빌딩,R3_사명교차전파
4929,(주)지아이티,top_region,,서울,R3_사명교차전파
4948,(주)팜스코,top_addr,,경기 안성시 미양면 제2공단 4길 33,R3_사명교차전파
4948,(주)팜스코,top_region,,경기,R3_사명교차전파
4949,(주)팜스코,top_addr,,경기 안성시 미양면 제2공단 4길 33,R3_사명교차전파
4949,(주)팜스코,top_region,,경기,R3_사명교차전파
4950,(주)팜스코,top_addr,,경기 안성시 미양면 제2공단 4길 33,R3_사명교차전파
4950,(주)팜스코,top_region,,경기,R3_사명교차전파
4951,(주)팜스코,top_addr,,경기 안성시 미양면 제2공단 4길 33,R3_사명교차전파
4951,(주)팜스코,top_region,,경기,R3_사명교차전파
4952,(주)팜스코,top_addr,,경기 안성시 미양면 제2공단 4길 33,R3_사명교차전파
4952,(주)팜스코,top_region,,경기,R3_사명교차전파
4953,(주)팜스코,top_addr,,경기 안성시 미양면 제2공단 4길 33,R3_사명교차전파
4953,(주)팜스코,top_region,,경기,R3_사명교차전파
4954,(주)팜스코,top_addr,,경기 안성시 미양면 제2공단 4길 33,R3_사명교차전파
4954,(주)팜스코,top_region,,경기,R3_사명교차전파
4955,(주)팜스코,top_addr,,경기 안성시 미양면 제2공단 4길 33,R3_사명교차전파
4955,(주)팜스코,top_region,,경기,R3_사명교차전파
4956,(주)팜스코,top_addr,,경기 안성시 미양면 제2공단 4길 33,R3_사명교차전파
4956,(주)팜스코,top_region,,경기,R3_사명교차전파
4957,(주)팜스코,top_addr,,경기 안성시 미양면 제2공단 4길 33,R3_사명교차전파
4957,(주)팜스코,top_region,,경기,R3_사명교차전파
4958,(주)팜스코,top_addr,,경기 안성시 미양면 제2공단 4길 33,R3_사명교차전파
4958,(주)팜스코,top_region,,경기,R3_사명교차전파
4959,(주)팜스코,top_addr,,경기 안성시 미양면 제2공단 4길 33,R3_사명교차전파
4959,(주)팜스코,top_region,,경기,R3_사명교차전파
4960,(주)팜스코,top_addr,,경기 안성시 미양면 제2공단 4길 33,R3_사명교차전파
4960,(주)팜스코,top_region,,경기,R3_사명교차전파
4961,(주)팜스코,top_addr,,경기 안성시 미양면 제2공단 4길 33,R3_사명교차전파
4961,(주)팜스코,top_region,,경기,R3_사명교차전파
4962,(주)팜스코,top_addr,,경기 안성시 미양면 제2공단 4길 33,R3_사명교차전파
4962,(주)팜스코,top_region,,경기,R3_사명교차전파
4963,(주)팜스코,top_addr,,경기 안성시 미양면 제2공단 4길 33,R3_사명교차전파
4963,(주)팜스코,top_region,,경기,R3_사명교차전파
4964,(주)팜스코,top_addr,,경기 안성시 미양면 제2공단 4길 33,R3_사명교차전파
4964,(주)팜스코,top_region,,경기,R3_사명교차전파
4965,(주)팜스코,top_addr,,경기 안성시 미양면 제2공단 4길 33,R3_사명교차전파
4965,(주)팜스코,top_region,,경기,R3_사명교차전파
5019,(주)하림산업,top_addr,,전라북도 익산시 중앙로 121,R3_사명교차전파
5019,(주)하림산업,top_region,,전북,R3_사명교차전파
5020,(주)하림산업,top_addr,,전라북도 익산시 중앙로 121,R3_사명교차전파
5020,(주)하림산업,top_region,,전북,R3_사명교차전파
5021,(주)하림산업,top_addr,,전라북도 익산시 중앙로 121,R3_사명교차전파
5021,(주)하림산업,top_region,,전북,R3_사명교차전파
5022,(주)하림산업,top_addr,,전라북도 익산시 중앙로 121,R3_사명교차전파
5022,(주)하림산업,top_region,,전북,R3_사명교차전파
5023,(주)하림산업,top_addr,,전라북도 익산시 중앙로 121,R3_사명교차전파
5023,(주)하림산업,top_region,,전북,R3_사명교차전파
5024,(주)하림산업,top_addr,,전라북도 익산시 중앙로 121,R3_사명교차전파
5024,(주)하림산업,top_region,,전북,R3_사명교차전파
5025,(주)하림산업,top_addr,,전라북도 익산시 중앙로 121,R3_사명교차전파
5025,(주)하림산업,top_region,,전북,R3_사명교차전파
5026,(주)하림산업,top_addr,,전라북도 익산시 중앙로 121,R3_사명교차전파
5026,(주)하림산업,top_region,,전북,R3_사명교차전파
5027,(주)하림산업,top_addr,,전라북도 익산시 중앙로 121,R3_사명교차전파
5027,(주)하림산업,top_region,,전북,R3_사명교차전파
5028,(주)하림산업,top_addr,,전라북도 익산시 중앙로 121,R3_사명교차전파
5028,(주)하림산업,top_region,,전북,R3_사명교차전파
5029,(주)하림산업,top_addr,,전라북도 익산시 중앙로 121,R3_사명교차전파
5029,(주)하림산업,top_region,,전북,R3_사명교차전파
5030,(주)하림산업,top_addr,,전라북도 익산시 중앙로 121,R3_사명교차전파
5030,(주)하림산업,top_region,,전북,R3_사명교차전파
5031,(주)하림산업,top_addr,,전라북도 익산시 중앙로 121,R3_사명교차전파
5031,(주)하림산업,top_region,,전북,R3_사명교차전파
5032,(주)하림산업,top_addr,,전라북도 익산시 중앙로 121,R3_사명교차전파
5032,(주)하림산업,top_region,,전북,R3_사명교차전파
5033,(주)하림산업,top_addr,,전라북도 익산시 중앙로 121,R3_사명교차전파
5033,(주)하림산업,top_region,,전북,R3_사명교차전파
5034,(주)하림산업,top_addr,,전라북도 익산시 중앙로 121,R3_사명교차전파
5034,(주)하림산업,top_region,,전북,R3_사명교차전파
5035,(주)하림산업,top_addr,,전라북도 익산시 중앙로 121,R3_사명교차전파
5035,(주)하림산업,top_region,,전북,R3_사명교차전파
5036,(주)하림산업,top_addr,,전라북도 익산시 중앙로 121,R3_사명교차전파
5036,(주)하림산업,top_region,,전북,R3_사명교차전파
5037,동원건설산업(주),top_addr,,경기도 안양시 동안구 시민대로 327번길 7-512,R3_사명교차전파
5037,동원건설산업(주),top_region,,경기,R3_사명교차전파
5038,동원건설산업(주),top_addr,,경기도 안양시 동안구 시민대로 327번길 7-512,R3_사명교차전파
5038,동원건설산업(주),top_region,,경기,R3_사명교차전파
5039,동원건설산업(주),top_addr,,경기도 안양시 동안구 시민대로 327번길 7-512,R3_사명교차전파
5039,동원건설산업(주),top_region,,경기,R3_사명교차전파
5040,동원건설산업(주),top_addr,,경기도 안양시 동안구 시민대로 327번길 7-512,R3_사명교차전파
5040,동원건설산업(주),top_region,,경기,R3_사명교차전파
5041,동원건설산업(주),top_addr,,경기도 안양시 동안구 시민대로 327번길 7-512,R3_사명교차전파
5041,동원건설산업(주),top_region,,경기,R3_사명교차전파
5042,동원건설산업(주),top_addr,,경기도 안양시 동안구 시민대로 327번길 7-512,R3_사명교차전파
5042,동원건설산업(주),top_region,,경기,R3_사명교차전파
5043,동원건설산업(주),top_addr,,경기도 안양시 동안구 시민대로 327번길 7-512,R3_사명교차전파
5043,동원건설산업(주),top_region,,경기,R3_사명교차전파
5044,동원건설산업(주),top_addr,,경기도 안양시 동안구 시민대로 327번길 7-512,R3_사명교차전파
5044,동원건설산업(주),top_region,,경기,R3_사명교차전파
5045,동원건설산업(주),top_addr,,경기도 안양시 동안구 시민대로 327번길 7-512,R3_사명교차전파
5045,동원건설산업(주),top_region,,경기,R3_사명교차전파
5050,(주)케이브랜즈,top_addr,,경기도 성남시 수정구 창업로,R3_사명교차전파
5050,(주)케이브랜즈,top_region,,경기,R3_사명교차전파
5051,(주)케이브랜즈,top_addr,,경기도 성남시 수정구 창업로,R3_사명교차전파
5051,(주)케이브랜즈,top_region,,경기,R3_사명교차전파
5052,(주)케이브랜즈,top_addr,,경기도 성남시 수정구 창업로,R3_사명교차전파
5052,(주)케이브랜즈,top_region,,경기,R3_사명교차전파
5053,(주)케이브랜즈,top_addr,,경기도 성남시 수정구 창업로,R3_사명교차전파
5053,(주)케이브랜즈,top_region,,경기,R3_사명교차전파
5054,(주)케이브랜즈,top_addr,,경기도 성남시 수정구 창업로,R3_사명교차전파
5054,(주)케이브랜즈,top_region,,경기,R3_사명교차전파
5058,에스파워(주),top_addr,,대전,R3_사명교차전파
5058,에스파워(주),top_region,,대전,R3_사명교차전파
5059,에스파워(주),top_addr,,대전,R3_사명교차전파
5059,에스파워(주),top_region,,대전,R3_사명교차전파
5060,에스퓨얼셀(주),top_addr,,경기도 성남시,R3_사명교차전파
5060,에스퓨얼셀(주),top_region,,경기,R3_사명교차전파
5061,에스퓨얼셀(주),top_addr,,경기도 성남시,R3_사명교차전파
5061,에스퓨얼셀(주),top_region,,경기,R3_사명교차전파
5071,켐코(주),top_addr,,서울특별시 종로구 종로 33 그랑서울,R3_사명교차전파
5071,켐코(주),top_region,,서울,R3_사명교차전파
5072,켐코(주),top_addr,,서울특별시 종로구 종로 33 그랑서울,R3_사명교차전파
5072,켐코(주),top_region,,서울,R3_사명교차전파
5073,켐코(주),top_addr,,서울특별시 종로구 종로 33 그랑서울,R3_사명교차전파
5073,켐코(주),top_region,,서울,R3_사명교차전파
5074,켐코(주),top_addr,,서울특별시 종로구 종로 33 그랑서울,R3_사명교차전파
5074,켐코(주),top_region,,서울,R3_사명교차전파
5075,(주)카카오모빌리티,top_addr,,경기도 성남시 분당구 판교역로 152 13층,R3_사명교차전파
5075,(주)카카오모빌리티,top_region,,경기,R3_사명교차전파
5194,평택에너지서비스(주),top_addr,,경기도 평택시 오성면 서동대로 2427-177,R3_사명교차전파
5194,평택에너지서비스(주),top_region,,경기,R3_사명교차전파
5217,엠즈푸드시스템(주),top_addr,,경기도 용인시 남사면 통삼로 282-21,R3_사명교차전파
5217,엠즈푸드시스템(주),top_region,,경기,R3_사명교차전파
5218,엠즈푸드시스템(주),top_addr,,경기도 용인시 남사면 통삼로 282-21,R3_사명교차전파
5218,엠즈푸드시스템(주),top_region,,경기,R3_사명교차전파
5219,엠즈푸드시스템(주),top_addr,,경기도 용인시 남사면 통삼로 282-21,R3_사명교차전파
5219,엠즈푸드시스템(주),top_region,,경기,R3_사명교차전파
5220,엠즈푸드시스템(주),top_addr,,경기도 용인시 남사면 통삼로 282-21,R3_사명교차전파
5220,엠즈푸드시스템(주),top_region,,경기,R3_사명교차전파
5230,삼보오토(주),top_addr,,충남 예산군 응봉면 산단1길 66,R3_사명교차전파
5230,삼보오토(주),top_region,,충남,R3_사명교차전파
5253,가온전선(주),top_addr,,경기도 군포시 엘에스로 45번길 120,R3_사명교차전파
5253,가온전선(주),top_region,,경기,R3_사명교차전파
5254,가온전선(주),top_addr,,경기도 군포시 엘에스로 45번길 120,R3_사명교차전파
5254,가온전선(주),top_region,,경기,R3_사명교차전파
5255,가온전선(주),top_addr,,경기도 군포시 엘에스로 45번길 120,R3_사명교차전파
5255,가온전선(주),top_region,,경기,R3_사명교차전파
5256,가온전선(주),top_addr,,경기도 군포시 엘에스로 45번길 120,R3_사명교차전파
5256,가온전선(주),top_region,,경기,R3_사명교차전파
5257,가온전선(주),top_addr,,경기도 군포시 엘에스로 45번길 120,R3_사명교차전파
5257,가온전선(주),top_region,,경기,R3_사명교차전파
5258,가온전선(주),top_addr,,경기도 군포시 엘에스로 45번길 120,R3_사명교차전파
5258,가온전선(주),top_region,,경기,R3_사명교차전파
5259,가온전선(주),top_addr,,경기도 군포시 엘에스로 45번길 120,R3_사명교차전파
5259,가온전선(주),top_region,,경기,R3_사명교차전파
5260,가온전선(주),top_addr,,경기도 군포시 엘에스로 45번길 120,R3_사명교차전파
5260,가온전선(주),top_region,,경기,R3_사명교차전파
5261,가온전선(주),top_addr,,경기도 군포시 엘에스로 45번길 120,R3_사명교차전파
5261,가온전선(주),top_region,,경기,R3_사명교차전파
5262,가온전선(주),top_addr,,경기도 군포시 엘에스로 45번길 120,R3_사명교차전파
5262,가온전선(주),top_region,,경기,R3_사명교차전파
5263,가온전선(주),top_addr,,경기도 군포시 엘에스로 45번길 120,R3_사명교차전파
5263,가온전선(주),top_region,,경기,R3_사명교차전파
5264,가온전선(주),top_addr,,경기도 군포시 엘에스로 45번길 120,R3_사명교차전파
5264,가온전선(주),top_region,,경기,R3_사명교차전파
5265,가온전선(주),top_addr,,경기도 군포시 엘에스로 45번길 120,R3_사명교차전파
5265,가온전선(주),top_region,,경기,R3_사명교차전파
5266,가온전선(주),top_addr,,경기도 군포시 엘에스로 45번길 120,R3_사명교차전파
5266,가온전선(주),top_region,,경기,R3_사명교차전파
5267,가온전선(주),top_addr,,경기도 군포시 엘에스로 45번길 120,R3_사명교차전파
5267,가온전선(주),top_region,,경기,R3_사명교차전파
5268,가온전선(주),top_addr,,경기도 군포시 엘에스로 45번길 120,R3_사명교차전파
5268,가온전선(주),top_region,,경기,R3_사명교차전파
5269,가온전선(주),top_addr,,경기도 군포시 엘에스로 45번길 120,R3_사명교차전파
5269,가온전선(주),top_region,,경기,R3_사명교차전파
5270,가온전선(주),top_addr,,경기도 군포시 엘에스로 45번길 120,R3_사명교차전파
5270,가온전선(주),top_region,,경기,R3_사명교차전파
5271,가온전선(주),top_addr,,경기도 군포시 엘에스로 45번길 120,R3_사명교차전파
5271,가온전선(주),top_region,,경기,R3_사명교차전파
5272,가온전선(주),top_addr,,경기도 군포시 엘에스로 45번길 120,R3_사명교차전파
5272,가온전선(주),top_region,,경기,R3_사명교차전파
5273,서진산업(주),top_addr,,경기도 시흥시,R3_사명교차전파
5273,서진산업(주),top_region,,경기,R3_사명교차전파
5274,서진산업(주),top_addr,,경기도 시흥시,R3_사명교차전파
5274,서진산업(주),top_region,,경기,R3_사명교차전파
5275,서진산업(주),top_addr,,경기도 시흥시,R3_사명교차전파
5275,서진산업(주),top_region,,경기,R3_사명교차전파
5276,서진산업(주),top_addr,,경기도 시흥시,R3_사명교차전파
5276,서진산업(주),top_region,,경기,R3_사명교차전파
5277,서진산업(주),top_addr,,경기도 시흥시,R3_사명교차전파
5277,서진산업(주),top_region,,경기,R3_사명교차전파
5278,서진산업(주),top_addr,,경기도 시흥시,R3_사명교차전파
5278,서진산업(주),top_region,,경기,R3_사명교차전파
5279,서진산업(주),top_addr,,경기도 시흥시,R3_사명교차전파
5279,서진산업(주),top_region,,경기,R3_사명교차전파
5288,하이트진로산업(주),top_addr,,경기도 안산시 단원구 별망로 79번길 55 (성곡동),R3_사명교차전파
5288,하이트진로산업(주),top_region,,경기,R3_사명교차전파
5289,하이트진로산업(주),top_addr,,경기도 안산시 단원구 별망로 79번길 55 (성곡동),R3_사명교차전파
5289,하이트진로산업(주),top_region,,경기,R3_사명교차전파
5290,하이트진로산업(주),top_addr,,경기도 안산시 단원구 별망로 79번길 55 (성곡동),R3_사명교차전파
5290,하이트진로산업(주),top_region,,경기,R3_사명교차전파
5291,하이트진로산업(주),top_addr,,경기도 안산시 단원구 별망로 79번길 55 (성곡동),R3_사명교차전파
5291,하이트진로산업(주),top_region,,경기,R3_사명교차전파
5309,동원시스템즈(주),top_addr,,성남시 중원구 갈마치로 302,R3_사명교차전파
5309,동원시스템즈(주),top_region,,충남,R3_사명교차전파
5310,동원시스템즈(주),top_addr,,성남시 중원구 갈마치로 302,R3_사명교차전파
5310,동원시스템즈(주),top_region,,충남,R3_사명교차전파
5311,동원시스템즈(주),top_addr,,성남시 중원구 갈마치로 302,R3_사명교차전파
5311,동원시스템즈(주),top_region,,충남,R3_사명교차전파
5312,동원시스템즈(주),top_addr,,성남시 중원구 갈마치로 302,R3_사명교차전파
5312,동원시스템즈(주),top_region,,충남,R3_사명교차전파
5313,동원시스템즈(주),top_addr,,성남시 중원구 갈마치로 302,R3_사명교차전파
5313,동원시스템즈(주),top_region,,충남,R3_사명교차전파
5314,동원시스템즈(주),top_addr,,성남시 중원구 갈마치로 302,R3_사명교차전파
5314,동원시스템즈(주),top_region,,충남,R3_사명교차전파
5315,동원시스템즈(주),top_addr,,성남시 중원구 갈마치로 302,R3_사명교차전파
5315,동원시스템즈(주),top_region,,충남,R3_사명교차전파
5316,동원시스템즈(주),top_addr,,성남시 중원구 갈마치로 302,R3_사명교차전파
5316,동원시스템즈(주),top_region,,충남,R3_사명교차전파
5317,동원시스템즈(주),top_addr,,성남시 중원구 갈마치로 302,R3_사명교차전파
5317,동원시스템즈(주),top_region,,충남,R3_사명교차전파
5373,(주)노루페인트,top_addr,,경기도 안양시 만안구 박달로 351,R3_사명교차전파
5373,(주)노루페인트,top_region,,경기,R3_사명교차전파
5374,(주)노루페인트,top_addr,,경기도 안양시 만안구 박달로 351,R3_사명교차전파
5374,(주)노루페인트,top_region,,경기,R3_사명교차전파
5375,(주)노루페인트,top_addr,,경기도 안양시 만안구 박달로 351,R3_사명교차전파
5375,(주)노루페인트,top_region,,경기,R3_사명교차전파
5376,(주)노루페인트,top_addr,,경기도 안양시 만안구 박달로 351,R3_사명교차전파
5376,(주)노루페인트,top_region,,경기,R3_사명교차전파
5377,(주)노루페인트,top_addr,,경기도 안양시 만안구 박달로 351,R3_사명교차전파
5377,(주)노루페인트,top_region,,경기,R3_사명교차전파
5378,엘에스엠트론(주),top_addr,,경기도 안양시 동안구 LS로 127,R3_사명교차전파
5378,엘에스엠트론(주),top_region,,경기,R3_사명교차전파
5379,엘에스엠트론(주),top_addr,,경기도 안양시 동안구 LS로 127,R3_사명교차전파
5379,엘에스엠트론(주),top_region,,경기,R3_사명교차전파
5380,엘에스엠트론(주),top_addr,,경기도 안양시 동안구 LS로 127,R3_사명교차전파
5380,엘에스엠트론(주),top_region,,경기,R3_사명교차전파
5381,엘에스엠트론(주),top_addr,,경기도 안양시 동안구 LS로 127,R3_사명교차전파
5381,엘에스엠트론(주),top_region,,경기,R3_사명교차전파
5382,엘에스엠트론(주),top_addr,,경기도 안양시 동안구 LS로 127,R3_사명교차전파
5382,엘에스엠트론(주),top_region,,경기,R3_사명교차전파
5383,엘에스엠트론(주),top_addr,,경기도 안양시 동안구 LS로 127,R3_사명교차전파
5383,엘에스엠트론(주),top_region,,경기,R3_사명교차전파
5384,엘에스엠트론(주),top_addr,,경기도 안양시 동안구 LS로 127,R3_사명교차전파
5384,엘에스엠트론(주),top_region,,경기,R3_사명교차전파
5385,엘에스엠트론(주),top_addr,,경기도 안양시 동안구 LS로 127,R3_사명교차전파
5385,엘에스엠트론(주),top_region,,경기,R3_사명교차전파
5386,엘에스엠트론(주),top_addr,,경기도 안양시 동안구 LS로 127,R3_사명교차전파
5386,엘에스엠트론(주),top_region,,경기,R3_사명교차전파
5387,엘에스엠트론(주),top_addr,,경기도 안양시 동안구 LS로 127,R3_사명교차전파
5387,엘에스엠트론(주),top_region,,경기,R3_사명교차전파
5388,엘에스엠트론(주),top_addr,,경기도 안양시 동안구 LS로 127,R3_사명교차전파
5388,엘에스엠트론(주),top_region,,경기,R3_사명교차전파
5389,엘에스엠트론(주),top_addr,,경기도 안양시 동안구 LS로 127,R3_사명교차전파
5389,엘에스엠트론(주),top_region,,경기,R3_사명교차전파
5390,엘에스엠트론(주),top_addr,,경기도 안양시 동안구 LS로 127,R3_사명교차전파
5390,엘에스엠트론(주),top_region,,경기,R3_사명교차전파
5391,엘에스엠트론(주),top_addr,,경기도 안양시 동안구 LS로 127,R3_사명교차전파
5391,엘에스엠트론(주),top_region,,경기,R3_사명교차전파
5392,엘에스엠트론(주),top_addr,,경기도 안양시 동안구 LS로 127,R3_사명교차전파
5392,엘에스엠트론(주),top_region,,경기,R3_사명교차전파
5393,엘에스엠트론(주),top_addr,,경기도 안양시 동안구 LS로 127,R3_사명교차전파
5393,엘에스엠트론(주),top_region,,경기,R3_사명교차전파
5394,엘에스엠트론(주),top_addr,,경기도 안양시 동안구 LS로 127,R3_사명교차전파
5394,엘에스엠트론(주),top_region,,경기,R3_사명교차전파
5395,엘에스엠트론(주),top_addr,,경기도 안양시 동안구 LS로 127,R3_사명교차전파
5395,엘에스엠트론(주),top_region,,경기,R3_사명교차전파
5396,엘에스엠트론(주),top_addr,,경기도 안양시 동안구 LS로 127,R3_사명교차전파
5396,엘에스엠트론(주),top_region,,경기,R3_사명교차전파
5397,엘에스엠트론(주),top_addr,,경기도 안양시 동안구 LS로 127,R3_사명교차전파
5397,엘에스엠트론(주),top_region,,경기,R3_사명교차전파
5418,롯데오토리스(주),top_addr,,경기도 안양시 동안구 전파로 88 8층(호계동 신원비젼타워),R3_사명교차전파
5418,롯데오토리스(주),top_region,,경기,R3_사명교차전파
5419,롯데오토리스(주),top_addr,,경기도 안양시 동안구 전파로 88 8층(호계동 신원비젼타워),R3_사명교차전파
5419,롯데오토리스(주),top_region,,경기,R3_사명교차전파
5420,롯데오토리스(주),top_addr,,경기도 안양시 동안구 전파로 88 8층(호계동 신원비젼타워),R3_사명교차전파
5420,롯데오토리스(주),top_region,,경기,R3_사명교차전파
5421,롯데오토리스(주),top_addr,,경기도 안양시 동안구 전파로 88 8층(호계동 신원비젼타워),R3_사명교차전파
5421,롯데오토리스(주),top_region,,경기,R3_사명교차전파
5422,롯데오토리스(주),top_addr,,경기도 안양시 동안구 전파로 88 8층(호계동 신원비젼타워),R3_사명교차전파
5422,롯데오토리스(주),top_region,,경기,R3_사명교차전파
5423,롯데오토리스(주),top_addr,,경기도 안양시 동안구 전파로 88 8층(호계동 신원비젼타워),R3_사명교차전파
5423,롯데오토리스(주),top_region,,경기,R3_사명교차전파
5424,롯데오토리스(주),top_addr,,경기도 안양시 동안구 전파로 88 8층(호계동 신원비젼타워),R3_사명교차전파
5424,롯데오토리스(주),top_region,,경기,R3_사명교차전파
5425,롯데오토리스(주),top_addr,,경기도 안양시 동안구 전파로 88 8층(호계동 신원비젼타워),R3_사명교차전파
5425,롯데오토리스(주),top_region,,경기,R3_사명교차전파
5426,롯데오토리스(주),top_addr,,경기도 안양시 동안구 전파로 88 8층(호계동 신원비젼타워),R3_사명교차전파
5426,롯데오토리스(주),top_region,,경기,R3_사명교차전파
5427,롯데오토리스(주),top_addr,,경기도 안양시 동안구 전파로 88 8층(호계동 신원비젼타워),R3_사명교차전파
5427,롯데오토리스(주),top_region,,경기,R3_사명교차전파
5428,롯데오토리스(주),top_addr,,경기도 안양시 동안구 전파로 88 8층(호계동 신원비젼타워),R3_사명교차전파
5428,롯데오토리스(주),top_region,,경기,R3_사명교차전파
5429,롯데오토리스(주),top_addr,,경기도 안양시 동안구 전파로 88 8층(호계동 신원비젼타워),R3_사명교차전파
5429,롯데오토리스(주),top_region,,경기,R3_사명교차전파
5430,롯데오토리스(주),top_addr,,경기도 안양시 동안구 전파로 88 8층(호계동 신원비젼타워),R3_사명교차전파
5430,롯데오토리스(주),top_region,,경기,R3_사명교차전파
5431,롯데오토리스(주),top_addr,,경기도 안양시 동안구 전파로 88 8층(호계동 신원비젼타워),R3_사명교차전파
5431,롯데오토리스(주),top_region,,경기,R3_사명교차전파
5432,롯데오토리스(주),top_addr,,경기도 안양시 동안구 전파로 88 8층(호계동 신원비젼타워),R3_사명교차전파
5432,롯데오토리스(주),top_region,,경기,R3_사명교차전파
5433,롯데오토리스(주),top_addr,,경기도 안양시 동안구 전파로 88 8층(호계동 신원비젼타워),R3_사명교차전파
5433,롯데오토리스(주),top_region,,경기,R3_사명교차전파
5434,롯데오토리스(주),top_addr,,경기도 안양시 동안구 전파로 88 8층(호계동 신원비젼타워),R3_사명교차전파
5434,롯데오토리스(주),top_region,,경기,R3_사명교차전파
5435,롯데오토리스(주),top_addr,,경기도 안양시 동안구 전파로 88 8층(호계동 신원비젼타워),R3_사명교차전파
5435,롯데오토리스(주),top_region,,경기,R3_사명교차전파
5436,롯데오토리스(주),top_addr,,경기도 안양시 동안구 전파로 88 8층(호계동 신원비젼타워),R3_사명교차전파
5436,롯데오토리스(주),top_region,,경기,R3_사명교차전파
5457,(주)쏠리드윈텍,top_addr,,경기도 용인시 기흥구,R3_사명교차전파
5457,(주)쏠리드윈텍,top_region,,경기,R3_사명교차전파
5498,엘에스이브이코리아(주),top_addr,,경기도 군포시 공단로140번길 27,R3_사명교차전파
5498,엘에스이브이코리아(주),top_region,,경기,R3_사명교차전파
5499,엘에스이브이코리아(주),top_addr,,경기도 군포시 공단로140번길 27,R3_사명교차전파
5499,엘에스이브이코리아(주),top_region,,경기,R3_사명교차전파
5500,엘에스이브이코리아(주),top_addr,,경기도 군포시 공단로140번길 27,R3_사명교차전파
5500,엘에스이브이코리아(주),top_region,,경기,R3_사명교차전파
5501,엘에스이브이코리아(주),top_addr,,경기도 군포시 공단로140번길 27,R3_사명교차전파
5501,엘에스이브이코리아(주),top_region,,경기,R3_사명교차전파
5502,엘에스이브이코리아(주),top_addr,,경기도 군포시 공단로140번길 27,R3_사명교차전파
5502,엘에스이브이코리아(주),top_region,,경기,R3_사명교차전파
5503,엘에스이브이코리아(주),top_addr,,경기도 군포시 공단로140번길 27,R3_사명교차전파
5503,엘에스이브이코리아(주),top_region,,경기,R3_사명교차전파
5504,엘에스이브이코리아(주),top_addr,,경기도 군포시 공단로140번길 27,R3_사명교차전파
5504,엘에스이브이코리아(주),top_region,,경기,R3_사명교차전파
5505,엘에스이브이코리아(주),top_addr,,경기도 군포시 공단로140번길 27,R3_사명교차전파
5505,엘에스이브이코리아(주),top_region,,경기,R3_사명교차전파
5506,엘에스이브이코리아(주),top_addr,,경기도 군포시 공단로140번길 27,R3_사명교차전파
5506,엘에스이브이코리아(주),top_region,,경기,R3_사명교차전파
5507,엘에스이브이코리아(주),top_addr,,경기도 군포시 공단로140번길 27,R3_사명교차전파
5507,엘에스이브이코리아(주),top_region,,경기,R3_사명교차전파
5508,엘에스이브이코리아(주),top_addr,,경기도 군포시 공단로140번길 27,R3_사명교차전파
5508,엘에스이브이코리아(주),top_region,,경기,R3_사명교차전파
5509,엘에스이브이코리아(주),top_addr,,경기도 군포시 공단로140번길 27,R3_사명교차전파
5509,엘에스이브이코리아(주),top_region,,경기,R3_사명교차전파
5510,엘에스이브이코리아(주),top_addr,,경기도 군포시 공단로140번길 27,R3_사명교차전파
5510,엘에스이브이코리아(주),top_region,,경기,R3_사명교차전파
5511,엘에스이브이코리아(주),top_addr,,경기도 군포시 공단로140번길 27,R3_사명교차전파
5511,엘에스이브이코리아(주),top_region,,경기,R3_사명교차전파
5512,엘에스이브이코리아(주),top_addr,,경기도 군포시 공단로140번길 27,R3_사명교차전파
5512,엘에스이브이코리아(주),top_region,,경기,R3_사명교차전파
5513,엘에스이브이코리아(주),top_addr,,경기도 군포시 공단로140번길 27,R3_사명교차전파
5513,엘에스이브이코리아(주),top_region,,경기,R3_사명교차전파
5514,엘에스이브이코리아(주),top_addr,,경기도 군포시 공단로140번길 27,R3_사명교차전파
5514,엘에스이브이코리아(주),top_region,,경기,R3_사명교차전파
5515,엘에스이브이코리아(주),top_addr,,경기도 군포시 공단로140번길 27,R3_사명교차전파
5515,엘에스이브이코리아(주),top_region,,경기,R3_사명교차전파
5516,엘에스이브이코리아(주),top_addr,,경기도 군포시 공단로140번길 27,R3_사명교차전파
5516,엘에스이브이코리아(주),top_region,,경기,R3_사명교차전파
5517,엘에스이브이코리아(주),top_addr,,경기도 군포시 공단로140번길 27,R3_사명교차전파
5517,엘에스이브이코리아(주),top_region,,경기,R3_사명교차전파
5610,(주)선진에프에스,top_addr,,경기 이천시 대월면 사동로 76,R3_사명교차전파
5610,(주)선진에프에스,top_region,,경기,R3_사명교차전파
5611,(주)선진에프에스,top_addr,,경기 이천시 대월면 사동로 76,R3_사명교차전파
5611,(주)선진에프에스,top_region,,경기,R3_사명교차전파
5612,(주)선진에프에스,top_addr,,경기 이천시 대월면 사동로 76,R3_사명교차전파
5612,(주)선진에프에스,top_region,,경기,R3_사명교차전파
5613,(주)선진에프에스,top_addr,,경기 이천시 대월면 사동로 76,R3_사명교차전파
5613,(주)선진에프에스,top_region,,경기,R3_사명교차전파
5614,(주)선진에프에스,top_addr,,경기 이천시 대월면 사동로 76,R3_사명교차전파
5614,(주)선진에프에스,top_region,,경기,R3_사명교차전파
5615,(주)선진에프에스,top_addr,,경기 이천시 대월면 사동로 76,R3_사명교차전파
5615,(주)선진에프에스,top_region,,경기,R3_사명교차전파
5616,(주)선진에프에스,top_addr,,경기 이천시 대월면 사동로 76,R3_사명교차전파
5616,(주)선진에프에스,top_region,,경기,R3_사명교차전파
5617,(주)선진에프에스,top_addr,,경기 이천시 대월면 사동로 76,R3_사명교차전파
5617,(주)선진에프에스,top_region,,경기,R3_사명교차전파
5618,(주)선진에프에스,top_addr,,경기 이천시 대월면 사동로 76,R3_사명교차전파
5618,(주)선진에프에스,top_region,,경기,R3_사명교차전파
5619,(주)선진에프에스,top_addr,,경기 이천시 대월면 사동로 76,R3_사명교차전파
5619,(주)선진에프에스,top_region,,경기,R3_사명교차전파
5620,(주)선진에프에스,top_addr,,경기 이천시 대월면 사동로 76,R3_사명교차전파
5620,(주)선진에프에스,top_region,,경기,R3_사명교차전파
5621,(주)선진에프에스,top_addr,,경기 이천시 대월면 사동로 76,R3_사명교차전파
5621,(주)선진에프에스,top_region,,경기,R3_사명교차전파
5622,(주)선진에프에스,top_addr,,경기 이천시 대월면 사동로 76,R3_사명교차전파
5622,(주)선진에프에스,top_region,,경기,R3_사명교차전파
5623,(주)선진에프에스,top_addr,,경기 이천시 대월면 사동로 76,R3_사명교차전파
5623,(주)선진에프에스,top_region,,경기,R3_사명교차전파
5624,(주)선진에프에스,top_addr,,경기 이천시 대월면 사동로 76,R3_사명교차전파
5624,(주)선진에프에스,top_region,,경기,R3_사명교차전파
5625,(주)선진에프에스,top_addr,,경기 이천시 대월면 사동로 76,R3_사명교차전파
5625,(주)선진에프에스,top_region,,경기,R3_사명교차전파
5626,(주)선진에프에스,top_addr,,경기 이천시 대월면 사동로 76,R3_사명교차전파
5626,(주)선진에프에스,top_region,,경기,R3_사명교차전파
5627,(주)선진에프에스,top_addr,,경기 이천시 대월면 사동로 76,R3_사명교차전파
5627,(주)선진에프에스,top_region,,경기,R3_사명교차전파
5634,(주)선진,top_addr,,경기 이천시 대월면 사동로 76,R3_사명교차전파
5634,(주)선진,top_region,,경기,R3_사명교차전파
5635,(주)선진,top_addr,,경기 이천시 대월면 사동로 76,R3_사명교차전파
5635,(주)선진,top_region,,경기,R3_사명교차전파
5636,(주)선진,top_addr,,경기 이천시 대월면 사동로 76,R3_사명교차전파
5636,(주)선진,top_region,,경기,R3_사명교차전파
5637,(주)선진,top_addr,,경기 이천시 대월면 사동로 76,R3_사명교차전파
5637,(주)선진,top_region,,경기,R3_사명교차전파
5638,(주)선진,top_addr,,경기 이천시 대월면 사동로 76,R3_사명교차전파
5638,(주)선진,top_region,,경기,R3_사명교차전파
5639,(주)선진,top_addr,,경기 이천시 대월면 사동로 76,R3_사명교차전파
5639,(주)선진,top_region,,경기,R3_사명교차전파
5640,(주)선진,top_addr,,경기 이천시 대월면 사동로 76,R3_사명교차전파
5640,(주)선진,top_region,,경기,R3_사명교차전파
5641,(주)선진,top_addr,,경기 이천시 대월면 사동로 76,R3_사명교차전파
5641,(주)선진,top_region,,경기,R3_사명교차전파
5642,(주)선진,top_addr,,경기 이천시 대월면 사동로 76,R3_사명교차전파
5642,(주)선진,top_region,,경기,R3_사명교차전파
5643,(주)선진,top_addr,,경기 이천시 대월면 사동로 76,R3_사명교차전파
5643,(주)선진,top_region,,경기,R3_사명교차전파
5644,(주)선진,top_addr,,경기 이천시 대월면 사동로 76,R3_사명교차전파
5644,(주)선진,top_region,,경기,R3_사명교차전파
5645,(주)선진,top_addr,,경기 이천시 대월면 사동로 76,R3_사명교차전파
5645,(주)선진,top_region,,경기,R3_사명교차전파
5646,(주)선진,top_addr,,경기 이천시 대월면 사동로 76,R3_사명교차전파
5646,(주)선진,top_region,,경기,R3_사명교차전파
5647,(주)선진,top_addr,,경기 이천시 대월면 사동로 76,R3_사명교차전파
5647,(주)선진,top_region,,경기,R3_사명교차전파
5648,(주)선진,top_addr,,경기 이천시 대월면 사동로 76,R3_사명교차전파
5648,(주)선진,top_region,,경기,R3_사명교차전파
5649,(주)선진,top_addr,,경기 이천시 대월면 사동로 76,R3_사명교차전파
5649,(주)선진,top_region,,경기,R3_사명교차전파
5650,(주)선진,top_addr,,경기 이천시 대월면 사동로 76,R3_사명교차전파
5650,(주)선진,top_region,,경기,R3_사명교차전파
5651,(주)선진,top_addr,,경기 이천시 대월면 사동로 76,R3_사명교차전파
5651,(주)선진,top_region,,경기,R3_사명교차전파
5652,(주)농업회사법인팜스코바이오인티,top_addr,,경기도 이천시 부발읍 부흥로 81번길 140-81,R3_사명교차전파
5652,(주)농업회사법인팜스코바이오인티,top_region,,경기,R3_사명교차전파
5653,(주)농업회사법인팜스코바이오인티,top_addr,,경기도 이천시 부발읍 부흥로 81번길 140-81,R3_사명교차전파
5653,(주)농업회사법인팜스코바이오인티,top_region,,경기,R3_사명교차전파
5654,(주)농업회사법인팜스코바이오인티,top_addr,,경기도 이천시 부발읍 부흥로 81번길 140-81,R3_사명교차전파
5654,(주)농업회사법인팜스코바이오인티,top_region,,경기,R3_사명교차전파
5655,(주)농업회사법인팜스코바이오인티,top_addr,,경기도 이천시 부발읍 부흥로 81번길 140-81,R3_사명교차전파
5655,(주)농업회사법인팜스코바이오인티,top_region,,경기,R3_사명교차전파
5656,(주)농업회사법인팜스코바이오인티,top_addr,,경기도 이천시 부발읍 부흥로 81번길 140-81,R3_사명교차전파
5656,(주)농업회사법인팜스코바이오인티,top_region,,경기,R3_사명교차전파
5657,(주)농업회사법인팜스코바이오인티,top_addr,,경기도 이천시 부발읍 부흥로 81번길 140-81,R3_사명교차전파
5657,(주)농업회사법인팜스코바이오인티,top_region,,경기,R3_사명교차전파
5658,(주)농업회사법인팜스코바이오인티,top_addr,,경기도 이천시 부발읍 부흥로 81번길 140-81,R3_사명교차전파
5658,(주)농업회사법인팜스코바이오인티,top_region,,경기,R3_사명교차전파
5659,(주)농업회사법인팜스코바이오인티,top_addr,,경기도 이천시 부발읍 부흥로 81번길 140-81,R3_사명교차전파
5659,(주)농업회사법인팜스코바이오인티,top_region,,경기,R3_사명교차전파
5660,(주)농업회사법인팜스코바이오인티,top_addr,,경기도 이천시 부발읍 부흥로 81번길 140-81,R3_사명교차전파
5660,(주)농업회사법인팜스코바이오인티,top_region,,경기,R3_사명교차전파
5661,(주)농업회사법인팜스코바이오인티,top_addr,,경기도 이천시 부발읍 부흥로 81번길 140-81,R3_사명교차전파
5661,(주)농업회사법인팜스코바이오인티,top_region,,경기,R3_사명교차전파
5662,(주)농업회사법인팜스코바이오인티,top_addr,,경기도 이천시 부발읍 부흥로 81번길 140-81,R3_사명교차전파
5662,(주)농업회사법인팜스코바이오인티,top_region,,경기,R3_사명교차전파
5663,(주)농업회사법인팜스코바이오인티,top_addr,,경기도 이천시 부발읍 부흥로 81번길 140-81,R3_사명교차전파
5663,(주)농업회사법인팜스코바이오인티,top_region,,경기,R3_사명교차전파
5664,(주)농업회사법인팜스코바이오인티,top_addr,,경기도 이천시 부발읍 부흥로 81번길 140-81,R3_사명교차전파
5664,(주)농업회사법인팜스코바이오인티,top_region,,경기,R3_사명교차전파
5665,(주)농업회사법인팜스코바이오인티,top_addr,,경기도 이천시 부발읍 부흥로 81번길 140-81,R3_사명교차전파
5665,(주)농업회사법인팜스코바이오인티,top_region,,경기,R3_사명교차전파
5666,(주)농업회사법인팜스코바이오인티,top_addr,,경기도 이천시 부발읍 부흥로 81번길 140-81,R3_사명교차전파
5666,(주)농업회사법인팜스코바이오인티,top_region,,경기,R3_사명교차전파
5667,(주)농업회사법인팜스코바이오인티,top_addr,,경기도 이천시 부발읍 부흥로 81번길 140-81,R3_사명교차전파
5667,(주)농업회사법인팜스코바이오인티,top_region,,경기,R3_사명교차전파
5668,(주)농업회사법인팜스코바이오인티,top_addr,,경기도 이천시 부발읍 부흥로 81번길 140-81,R3_사명교차전파
5668,(주)농업회사법인팜스코바이오인티,top_region,,경기,R3_사명교차전파
5669,(주)농업회사법인팜스코바이오인티,top_addr,,경기도 이천시 부발읍 부흥로 81번길 140-81,R3_사명교차전파
5669,(주)농업회사법인팜스코바이오인티,top_region,,경기,R3_사명교차전파
5683,(주)에뛰드,top_addr,,서울 용산구 한강대로 100,R3_사명교차전파
5683,(주)에뛰드,top_region,,서울,R3_사명교차전파
5684,(주)에뛰드,top_addr,,서울 용산구 한강대로 100,R3_사명교차전파
5684,(주)에뛰드,top_region,,서울,R3_사명교차전파
5685,(주)에뛰드,top_addr,,서울 용산구 한강대로 100,R3_사명교차전파
5685,(주)에뛰드,top_region,,서울,R3_사명교차전파
5686,(주)에뛰드,top_addr,,서울 용산구 한강대로 100,R3_사명교차전파
5686,(주)에뛰드,top_region,,서울,R3_사명교차전파
5687,(주)마니커,top_addr,,용인,R3_사명교차전파
5688,(주)마니커,top_addr,,용인,R3_사명교차전파
5689,(주)마니커,top_addr,,용인,R3_사명교차전파
5690,(주)마니커,top_addr,,용인,R3_사명교차전파
5691,(주)마니커,top_addr,,용인,R3_사명교차전파
5692,(주)마니커,top_addr,,용인,R3_사명교차전파
5693,(주)마니커,top_addr,,용인,R3_사명교차전파
5694,제일산업(주),top_addr,,경기도 화성시 양감면 은행나무로 456,R3_사명교차전파
5694,제일산업(주),top_region,,경기,R3_사명교차전파
5695,제일산업(주),top_addr,,경기도 화성시 양감면 은행나무로 456,R3_사명교차전파
5695,제일산업(주),top_region,,경기,R3_사명교차전파
5696,제일산업(주),top_addr,,경기도 화성시 양감면 은행나무로 456,R3_사명교차전파
5696,제일산업(주),top_region,,경기,R3_사명교차전파
5697,제일산업(주),top_addr,,경기도 화성시 양감면 은행나무로 456,R3_사명교차전파
5697,제일산업(주),top_region,,경기,R3_사명교차전파
5698,제일산업(주),top_addr,,경기도 화성시 양감면 은행나무로 456,R3_사명교차전파
5698,제일산업(주),top_region,,경기,R3_사명교차전파
5699,제일산업(주),top_addr,,경기도 화성시 양감면 은행나무로 456,R3_사명교차전파
5699,제일산업(주),top_region,,경기,R3_사명교차전파
5703,(주)선진햄,top_addr,,충북 음성군 대소면 태생리 40-16,R3_사명교차전파
5703,(주)선진햄,top_region,,충북,R3_사명교차전파
5704,(주)선진햄,top_addr,,충북 음성군 대소면 태생리 40-16,R3_사명교차전파
5704,(주)선진햄,top_region,,충북,R3_사명교차전파
5705,(주)선진햄,top_addr,,충북 음성군 대소면 태생리 40-16,R3_사명교차전파
5705,(주)선진햄,top_region,,충북,R3_사명교차전파
5706,(주)선진햄,top_addr,,충북 음성군 대소면 태생리 40-16,R3_사명교차전파
5706,(주)선진햄,top_region,,충북,R3_사명교차전파
5707,(주)선진햄,top_addr,,충북 음성군 대소면 태생리 40-16,R3_사명교차전파
5707,(주)선진햄,top_region,,충북,R3_사명교차전파
5708,(주)선진햄,top_addr,,충북 음성군 대소면 태생리 40-16,R3_사명교차전파
5708,(주)선진햄,top_region,,충북,R3_사명교차전파
5709,(주)선진햄,top_addr,,충북 음성군 대소면 태생리 40-16,R3_사명교차전파
5709,(주)선진햄,top_region,,충북,R3_사명교차전파
5710,(주)선진햄,top_addr,,충북 음성군 대소면 태생리 40-16,R3_사명교차전파
5710,(주)선진햄,top_region,,충북,R3_사명교차전파
5711,(주)선진햄,top_addr,,충북 음성군 대소면 태생리 40-16,R3_사명교차전파
5711,(주)선진햄,top_region,,충북,R3_사명교차전파
5712,(주)선진햄,top_addr,,충북 음성군 대소면 태생리 40-16,R3_사명교차전파
5712,(주)선진햄,top_region,,충북,R3_사명교차전파
5713,(주)선진햄,top_addr,,충북 음성군 대소면 태생리 40-16,R3_사명교차전파
5713,(주)선진햄,top_region,,충북,R3_사명교차전파
5714,(주)선진햄,top_addr,,충북 음성군 대소면 태생리 40-16,R3_사명교차전파
5714,(주)선진햄,top_region,,충북,R3_사명교차전파
5715,(주)선진햄,top_addr,,충북 음성군 대소면 태생리 40-16,R3_사명교차전파
5715,(주)선진햄,top_region,,충북,R3_사명교차전파
5716,(주)선진햄,top_addr,,충북 음성군 대소면 태생리 40-16,R3_사명교차전파
5716,(주)선진햄,top_region,,충북,R3_사명교차전파
5717,(주)선진햄,top_addr,,충북 음성군 대소면 태생리 40-16,R3_사명교차전파
5717,(주)선진햄,top_region,,충북,R3_사명교차전파
5718,(주)선진햄,top_addr,,충북 음성군 대소면 태생리 40-16,R3_사명교차전파
5718,(주)선진햄,top_region,,충북,R3_사명교차전파
5719,(주)선진햄,top_addr,,충북 음성군 대소면 태생리 40-16,R3_사명교차전파
5719,(주)선진햄,top_region,,충북,R3_사명교차전파
5720,(주)선진햄,top_addr,,충북 음성군 대소면 태생리 40-16,R3_사명교차전파
5720,(주)선진햄,top_region,,충북,R3_사명교차전파
5735,(주)녹십자엠에스,top_addr,,경기도 용인시 기흥구 용구대로2469번길 15,R3_사명교차전파
5735,(주)녹십자엠에스,top_region,,경기,R3_사명교차전파
5736,(주)녹십자엠에스,top_addr,,경기도 용인시 기흥구 용구대로2469번길 15,R3_사명교차전파
5736,(주)녹십자엠에스,top_region,,경기,R3_사명교차전파
5737,(주)녹십자엠에스,top_addr,,경기도 용인시 기흥구 용구대로2469번길 15,R3_사명교차전파
5737,(주)녹십자엠에스,top_region,,경기,R3_사명교차전파
5738,(주)녹십자엠에스,top_addr,,경기도 용인시 기흥구 용구대로2469번길 15,R3_사명교차전파
5738,(주)녹십자엠에스,top_region,,경기,R3_사명교차전파
5739,(주)녹십자엠에스,top_addr,,경기도 용인시 기흥구 용구대로2469번길 15,R3_사명교차전파
5739,(주)녹십자엠에스,top_region,,경기,R3_사명교차전파
5740,(주)녹십자엠에스,top_addr,,경기도 용인시 기흥구 용구대로2469번길 15,R3_사명교차전파
5740,(주)녹십자엠에스,top_region,,경기,R3_사명교차전파
5741,(주)녹십자엠에스,top_addr,,경기도 용인시 기흥구 용구대로2469번길 15,R3_사명교차전파
5741,(주)녹십자엠에스,top_region,,경기,R3_사명교차전파
5742,(주)녹십자엠에스,top_addr,,경기도 용인시 기흥구 용구대로2469번길 15,R3_사명교차전파
5742,(주)녹십자엠에스,top_region,,경기,R3_사명교차전파
5743,(주)마니커에프앤지,top_addr,,용인,R3_사명교차전파
5744,(주)마니커에프앤지,top_addr,,용인,R3_사명교차전파
5745,(주)마니커에프앤지,top_addr,,용인,R3_사명교차전파
5746,(주)마니커에프앤지,top_addr,,용인,R3_사명교차전파
5747,(주)마니커에프앤지,top_addr,,용인,R3_사명교차전파
5748,(주)마니커에프앤지,top_addr,,용인,R3_사명교차전파
5749,(주)마니커에프앤지,top_addr,,용인,R3_사명교차전파
5750,(주)녹십자웰빙,top_addr,,서울시 성동구 왕십리로 241,R3_사명교차전파
5750,(주)녹십자웰빙,top_region,,서울,R3_사명교차전파
5751,(주)녹십자웰빙,top_addr,,서울시 성동구 왕십리로 241,R3_사명교차전파
5751,(주)녹십자웰빙,top_region,,서울,R3_사명교차전파
5752,(주)녹십자웰빙,top_addr,,서울시 성동구 왕십리로 241,R3_사명교차전파
5752,(주)녹십자웰빙,top_region,,서울,R3_사명교차전파
5753,(주)녹십자웰빙,top_addr,,서울시 성동구 왕십리로 241,R3_사명교차전파
5753,(주)녹십자웰빙,top_region,,서울,R3_사명교차전파
5754,(주)녹십자웰빙,top_addr,,서울시 성동구 왕십리로 241,R3_사명교차전파
5754,(주)녹십자웰빙,top_region,,서울,R3_사명교차전파
5755,(주)녹십자웰빙,top_addr,,서울시 성동구 왕십리로 241,R3_사명교차전파
5755,(주)녹십자웰빙,top_region,,서울,R3_사명교차전파
5756,(주)녹십자웰빙,top_addr,,서울시 성동구 왕십리로 241,R3_사명교차전파
5756,(주)녹십자웰빙,top_region,,서울,R3_사명교차전파
5757,(주)녹십자웰빙,top_addr,,서울시 성동구 왕십리로 241,R3_사명교차전파
5757,(주)녹십자웰빙,top_region,,서울,R3_사명교차전파
5768,(주)코스비전,top_addr,,대전 대덕구 대화로 80,R3_사명교차전파
5768,(주)코스비전,top_region,,대전,R3_사명교차전파
5769,(주)코스비전,top_addr,,대전 대덕구 대화로 80,R3_사명교차전파
5769,(주)코스비전,top_region,,대전,R3_사명교차전파
5770,(주)코스비전,top_addr,,대전 대덕구 대화로 80,R3_사명교차전파
5770,(주)코스비전,top_region,,대전,R3_사명교차전파
5771,(주)코스비전,top_addr,,대전 대덕구 대화로 80,R3_사명교차전파
5771,(주)코스비전,top_region,,대전,R3_사명교차전파
5782,(주)휴맥스,top_addr,,경기도 용인시 처인구 영문로 2(유방동),R3_사명교차전파
5782,(주)휴맥스,top_region,,경기,R3_사명교차전파
5783,(주)휴맥스,top_addr,,경기도 용인시 처인구 영문로 2(유방동),R3_사명교차전파
5783,(주)휴맥스,top_region,,경기,R3_사명교차전파
5801,삼성디스플레이(주),top_addr,,경기도 용인시 기흥구 삼성로 1(농서동),R3_사명교차전파
5801,삼성디스플레이(주),top_region,,경기,R3_사명교차전파
5802,삼성디스플레이(주),top_addr,,경기도 용인시 기흥구 삼성로 1(농서동),R3_사명교차전파
5802,삼성디스플레이(주),top_region,,경기,R3_사명교차전파
5803,삼성디스플레이(주),top_addr,,경기도 용인시 기흥구 삼성로 1(농서동),R3_사명교차전파
5803,삼성디스플레이(주),top_region,,경기,R3_사명교차전파
5804,삼성디스플레이(주),top_addr,,경기도 용인시 기흥구 삼성로 1(농서동),R3_사명교차전파
5804,삼성디스플레이(주),top_region,,경기,R3_사명교차전파
5805,삼성디스플레이(주),top_addr,,경기도 용인시 기흥구 삼성로 1(농서동),R3_사명교차전파
5805,삼성디스플레이(주),top_region,,경기,R3_사명교차전파
5806,삼성디스플레이(주),top_addr,,경기도 용인시 기흥구 삼성로 1(농서동),R3_사명교차전파
5806,삼성디스플레이(주),top_region,,경기,R3_사명교차전파
5807,삼성디스플레이(주),top_addr,,경기도 용인시 기흥구 삼성로 1(농서동),R3_사명교차전파
5807,삼성디스플레이(주),top_region,,경기,R3_사명교차전파
5808,삼성디스플레이(주),top_addr,,경기도 용인시 기흥구 삼성로 1(농서동),R3_사명교차전파
5808,삼성디스플레이(주),top_region,,경기,R3_사명교차전파
5809,삼성디스플레이(주),top_addr,,경기도 용인시 기흥구 삼성로 1(농서동),R3_사명교차전파
5809,삼성디스플레이(주),top_region,,경기,R3_사명교차전파
5810,삼성디스플레이(주),top_addr,,경기도 용인시 기흥구 삼성로 1(농서동),R3_사명교차전파
5810,삼성디스플레이(주),top_region,,경기,R3_사명교차전파
5845,오뚜기라면(주),top_addr,,경기도 평택시 안중읍 서해로 1427,R3_사명교차전파
5845,오뚜기라면(주),top_region,,경기,R3_사명교차전파
5846,오뚜기라면(주),top_addr,,경기도 평택시 안중읍 서해로 1427,R3_사명교차전파
5846,오뚜기라면(주),top_region,,경기,R3_사명교차전파
5847,오뚜기라면(주),top_addr,,경기도 평택시 안중읍 서해로 1427,R3_사명교차전파
5847,오뚜기라면(주),top_region,,경기,R3_사명교차전파
5848,오뚜기라면(주),top_addr,,경기도 평택시 안중읍 서해로 1427,R3_사명교차전파
5848,오뚜기라면(주),top_region,,경기,R3_사명교차전파
5849,오뚜기라면(주),top_addr,,경기도 평택시 안중읍 서해로 1427,R3_사명교차전파
5849,오뚜기라면(주),top_region,,경기,R3_사명교차전파
5850,오뚜기라면(주),top_addr,,경기도 평택시 안중읍 서해로 1427,R3_사명교차전파
5850,오뚜기라면(주),top_region,,경기,R3_사명교차전파
5886,(주)고려제지,top_addr,,경기 시흥시 군자천로 99,R3_사명교차전파
5886,(주)고려제지,top_region,,경기,R3_사명교차전파
5887,(주)고려제지,top_addr,,경기 시흥시 군자천로 99,R3_사명교차전파
5887,(주)고려제지,top_region,,경기,R3_사명교차전파
5888,(주)고려제지,top_addr,,경기 시흥시 군자천로 99,R3_사명교차전파
5888,(주)고려제지,top_region,,경기,R3_사명교차전파
5898,(주)코모스,top_addr,,주소 : 경기 화성 우성 멱우 122-11 전화번호 : 031-359-1122 홈페이지 : www.secokomos.com,R3_사명교차전파
5898,(주)코모스,top_region,,경기,R3_사명교차전파
5899,(주)코모스,top_addr,,주소 : 경기 화성 우성 멱우 122-11 전화번호 : 031-359-1122 홈페이지 : www.secokomos.com,R3_사명교차전파
5899,(주)코모스,top_region,,경기,R3_사명교차전파
5900,(주)코모스,top_addr,,주소 : 경기 화성 우성 멱우 122-11 전화번호 : 031-359-1122 홈페이지 : www.secokomos.com,R3_사명교차전파
5900,(주)코모스,top_region,,경기,R3_사명교차전파
5901,(주)코모스,top_addr,,주소 : 경기 화성 우성 멱우 122-11 전화번호 : 031-359-1122 홈페이지 : www.secokomos.com,R3_사명교차전파
5901,(주)코모스,top_region,,경기,R3_사명교차전파
5902,(주)코모스,top_addr,,주소 : 경기 화성 우성 멱우 122-11 전화번호 : 031-359-1122 홈페이지 : www.secokomos.com,R3_사명교차전파
5902,(주)코모스,top_region,,경기,R3_사명교차전파
5903,(주)코모스,top_addr,,주소 : 경기 화성 우성 멱우 122-11 전화번호 : 031-359-1122 홈페이지 : www.secokomos.com,R3_사명교차전파
5903,(주)코모스,top_region,,경기,R3_사명교차전파
5904,(주)코모스,top_addr,,주소 : 경기 화성 우성 멱우 122-11 전화번호 : 031-359-1122 홈페이지 : www.secokomos.com,R3_사명교차전파
5904,(주)코모스,top_region,,경기,R3_사명교차전파
5928,엑소후레쉬물류(주),top_addr,,경기 용인시 기흥구 천명산로 2,R3_사명교차전파
5928,엑소후레쉬물류(주),top_region,,경기,R3_사명교차전파
5929,엑소후레쉬물류(주),top_addr,,경기 용인시 기흥구 천명산로 2,R3_사명교차전파
5929,엑소후레쉬물류(주),top_region,,경기,R3_사명교차전파
5930,엑소후레쉬물류(주),top_addr,,경기 용인시 기흥구 천명산로 2,R3_사명교차전파
5930,엑소후레쉬물류(주),top_region,,경기,R3_사명교차전파
5931,엑소후레쉬물류(주),top_addr,,경기 용인시 기흥구 천명산로 2,R3_사명교차전파
5931,엑소후레쉬물류(주),top_region,,경기,R3_사명교차전파
5932,엑소후레쉬물류(주),top_addr,,경기 용인시 기흥구 천명산로 2,R3_사명교차전파
5932,엑소후레쉬물류(주),top_region,,경기,R3_사명교차전파
5933,엑소후레쉬물류(주),top_addr,,경기 용인시 기흥구 천명산로 2,R3_사명교차전파
5933,엑소후레쉬물류(주),top_region,,경기,R3_사명교차전파
5934,엑소후레쉬물류(주),top_addr,,경기 용인시 기흥구 천명산로 2,R3_사명교차전파
5934,엑소후레쉬물류(주),top_region,,경기,R3_사명교차전파
5935,엑소후레쉬물류(주),top_addr,,경기 용인시 기흥구 천명산로 2,R3_사명교차전파
5935,엑소후레쉬물류(주),top_region,,경기,R3_사명교차전파
5936,(주)나이스엘엠에스,top_addr,,충남 예산군 응봉면 응봉로 50-10 (지석리),R3_사명교차전파
5936,(주)나이스엘엠에스,top_region,,충남,R3_사명교차전파
5937,(주)나이스엘엠에스,top_addr,,충남 예산군 응봉면 응봉로 50-10 (지석리),R3_사명교차전파
5937,(주)나이스엘엠에스,top_region,,충남,R3_사명교차전파
5938,(주)나이스엘엠에스,top_addr,,충남 예산군 응봉면 응봉로 50-10 (지석리),R3_사명교차전파
5938,(주)나이스엘엠에스,top_region,,충남,R3_사명교차전파
5939,(주)나이스엘엠에스,top_addr,,충남 예산군 응봉면 응봉로 50-10 (지석리),R3_사명교차전파
5939,(주)나이스엘엠에스,top_region,,충남,R3_사명교차전파
5940,(주)나이스엘엠에스,top_addr,,충남 예산군 응봉면 응봉로 50-10 (지석리),R3_사명교차전파
5940,(주)나이스엘엠에스,top_region,,충남,R3_사명교차전파
5941,(주)나이스엘엠에스,top_addr,,충남 예산군 응봉면 응봉로 50-10 (지석리),R3_사명교차전파
5941,(주)나이스엘엠에스,top_region,,충남,R3_사명교차전파
5942,(주)나이스엘엠에스,top_addr,,충남 예산군 응봉면 응봉로 50-10 (지석리),R3_사명교차전파
5942,(주)나이스엘엠에스,top_region,,충남,R3_사명교차전파
5943,(주)나이스엘엠에스,top_addr,,충남 예산군 응봉면 응봉로 50-10 (지석리),R3_사명교차전파
5943,(주)나이스엘엠에스,top_region,,충남,R3_사명교차전파
5944,(주)나이스엘엠에스,top_addr,,충남 예산군 응봉면 응봉로 50-10 (지석리),R3_사명교차전파
5944,(주)나이스엘엠에스,top_region,,충남,R3_사명교차전파
5969,일진전기(주),top_addr,,경기도 화성시 만년로 905-17,R3_사명교차전파
5969,일진전기(주),top_region,,경기,R3_사명교차전파
5970,일진전기(주),top_addr,,경기도 화성시 만년로 905-17,R3_사명교차전파
5970,일진전기(주),top_region,,경기,R3_사명교차전파
5971,일진전기(주),top_addr,,경기도 화성시 만년로 905-17,R3_사명교차전파
5971,일진전기(주),top_region,,경기,R3_사명교차전파
5972,일진전기(주),top_addr,,경기도 화성시 만년로 905-17,R3_사명교차전파
5972,일진전기(주),top_region,,경기,R3_사명교차전파
5973,일진전기(주),top_addr,,경기도 화성시 만년로 905-17,R3_사명교차전파
5973,일진전기(주),top_region,,경기,R3_사명교차전파
5974,일진전기(주),top_addr,,경기도 화성시 만년로 905-17,R3_사명교차전파
5974,일진전기(주),top_region,,경기,R3_사명교차전파
5979,경기그린에너지(주),top_addr,,경기도 화성시 향남읍 발안공단로 3길 77,R3_사명교차전파
5979,경기그린에너지(주),top_region,,경기,R3_사명교차전파
5980,경기그린에너지(주),top_addr,,경기도 화성시 향남읍 발안공단로 3길 77,R3_사명교차전파
5980,경기그린에너지(주),top_region,,경기,R3_사명교차전파
5981,경기그린에너지(주),top_addr,,경기도 화성시 향남읍 발안공단로 3길 77,R3_사명교차전파
5981,경기그린에너지(주),top_region,,경기,R3_사명교차전파
5982,경기그린에너지(주),top_addr,,경기도 화성시 향남읍 발안공단로 3길 77,R3_사명교차전파
5982,경기그린에너지(주),top_region,,경기,R3_사명교차전파
5983,경기그린에너지(주),top_addr,,경기도 화성시 향남읍 발안공단로 3길 77,R3_사명교차전파
5983,경기그린에너지(주),top_region,,경기,R3_사명교차전파
5984,핸즈식스(주),top_addr,,경기도 화성시 마도면 마도공단로6길 12,R3_사명교차전파
5984,핸즈식스(주),top_region,,경기,R3_사명교차전파
6018,(주)백학음료,top_addr,,경기도 연천군 백학면 장백로 589,R3_사명교차전파
6018,(주)백학음료,top_region,,경기,R3_사명교차전파
6019,(주)백학음료,top_addr,,경기도 연천군 백학면 장백로 589,R3_사명교차전파
6019,(주)백학음료,top_region,,경기,R3_사명교차전파
6020,(주)백학음료,top_addr,,경기도 연천군 백학면 장백로 589,R3_사명교차전파
6020,(주)백학음료,top_region,,경기,R3_사명교차전파
6021,(주)백학음료,top_addr,,경기도 연천군 백학면 장백로 589,R3_사명교차전파
6021,(주)백학음료,top_region,,경기,R3_사명교차전파
6022,(주)백학음료,top_addr,,경기도 연천군 백학면 장백로 589,R3_사명교차전파
6022,(주)백학음료,top_region,,경기,R3_사명교차전파
6023,(주)백학음료,top_addr,,경기도 연천군 백학면 장백로 589,R3_사명교차전파
6023,(주)백학음료,top_region,,경기,R3_사명교차전파
6024,(주)백학음료,top_addr,,경기도 연천군 백학면 장백로 589,R3_사명교차전파
6024,(주)백학음료,top_region,,경기,R3_사명교차전파
6025,(주)백학음료,top_addr,,경기도 연천군 백학면 장백로 589,R3_사명교차전파
6025,(주)백학음료,top_region,,경기,R3_사명교차전파
6026,(주)백학음료,top_addr,,경기도 연천군 백학면 장백로 589,R3_사명교차전파
6026,(주)백학음료,top_region,,경기,R3_사명교차전파
6027,(주)백학음료,top_addr,,경기도 연천군 백학면 장백로 589,R3_사명교차전파
6027,(주)백학음료,top_region,,경기,R3_사명교차전파
6028,(주)백학음료,top_addr,,경기도 연천군 백학면 장백로 589,R3_사명교차전파
6028,(주)백학음료,top_region,,경기,R3_사명교차전파
6029,(주)백학음료,top_addr,,경기도 연천군 백학면 장백로 589,R3_사명교차전파
6029,(주)백학음료,top_region,,경기,R3_사명교차전파
6030,(주)백학음료,top_addr,,경기도 연천군 백학면 장백로 589,R3_사명교차전파
6030,(주)백학음료,top_region,,경기,R3_사명교차전파
6031,(주)백학음료,top_addr,,경기도 연천군 백학면 장백로 589,R3_사명교차전파
6031,(주)백학음료,top_region,,경기,R3_사명교차전파
6032,(주)백학음료,top_addr,,경기도 연천군 백학면 장백로 589,R3_사명교차전파
6032,(주)백학음료,top_region,,경기,R3_사명교차전파
6033,(주)백학음료,top_addr,,경기도 연천군 백학면 장백로 589,R3_사명교차전파
6033,(주)백학음료,top_region,,경기,R3_사명교차전파
6034,(주)백학음료,top_addr,,경기도 연천군 백학면 장백로 589,R3_사명교차전파
6034,(주)백학음료,top_region,,경기,R3_사명교차전파
6035,(주)백학음료,top_addr,,경기도 연천군 백학면 장백로 589,R3_사명교차전파
6035,(주)백학음료,top_region,,경기,R3_사명교차전파
6036,(주)백학음료,top_addr,,경기도 연천군 백학면 장백로 589,R3_사명교차전파
6036,(주)백학음료,top_region,,경기,R3_사명교차전파
6037,아이아(주),top_addr,,주소 : 경기도 안산시 단원구 성곡동 636-2 전화번호 : 031-491-7968 홈페이지 : www.aia21.co.kr,R3_사명교차전파
6037,아이아(주),top_region,,경기,R3_사명교차전파
6038,아이아(주),top_addr,,주소 : 경기도 안산시 단원구 성곡동 636-2 전화번호 : 031-491-7968 홈페이지 : www.aia21.co.kr,R3_사명교차전파
6038,아이아(주),top_region,,경기,R3_사명교차전파
6039,아이아(주),top_addr,,주소 : 경기도 안산시 단원구 성곡동 636-2 전화번호 : 031-491-7968 홈페이지 : www.aia21.co.kr,R3_사명교차전파
6039,아이아(주),top_region,,경기,R3_사명교차전파
6040,아이아(주),top_addr,,주소 : 경기도 안산시 단원구 성곡동 636-2 전화번호 : 031-491-7968 홈페이지 : www.aia21.co.kr,R3_사명교차전파
6040,아이아(주),top_region,,경기,R3_사명교차전파
6041,아이아(주),top_addr,,주소 : 경기도 안산시 단원구 성곡동 636-2 전화번호 : 031-491-7968 홈페이지 : www.aia21.co.kr,R3_사명교차전파
6041,아이아(주),top_region,,경기,R3_사명교차전파
6042,아이아(주),top_addr,,주소 : 경기도 안산시 단원구 성곡동 636-2 전화번호 : 031-491-7968 홈페이지 : www.aia21.co.kr,R3_사명교차전파
6042,아이아(주),top_region,,경기,R3_사명교차전파
6043,아이아(주),top_addr,,주소 : 경기도 안산시 단원구 성곡동 636-2 전화번호 : 031-491-7968 홈페이지 : www.aia21.co.kr,R3_사명교차전파
6043,아이아(주),top_region,,경기,R3_사명교차전파
6048,(주)노루케미칼,top_addr,,경기도 안산시 단원구 첨단로285번길 7,R3_사명교차전파
6048,(주)노루케미칼,top_region,,경기,R3_사명교차전파
6049,(주)노루케미칼,top_addr,,경기도 안산시 단원구 첨단로285번길 7,R3_사명교차전파
6049,(주)노루케미칼,top_region,,경기,R3_사명교차전파
6050,(주)노루케미칼,top_addr,,경기도 안산시 단원구 첨단로285번길 7,R3_사명교차전파
6050,(주)노루케미칼,top_region,,경기,R3_사명교차전파
6051,(주)노루케미칼,top_addr,,경기도 안산시 단원구 첨단로285번길 7,R3_사명교차전파
6051,(주)노루케미칼,top_region,,경기,R3_사명교차전파
6052,(주)노루케미칼,top_addr,,경기도 안산시 단원구 첨단로285번길 7,R3_사명교차전파
6052,(주)노루케미칼,top_region,,경기,R3_사명교차전파
6065,영풍전자(주),top_addr,,경기 안산시 단원구 범지기로 141번길 62,R3_사명교차전파
6065,영풍전자(주),top_region,,경기,R3_사명교차전파
6066,영풍전자(주),top_addr,,경기 안산시 단원구 범지기로 141번길 62,R3_사명교차전파
6066,영풍전자(주),top_region,,경기,R3_사명교차전파
6067,영풍전자(주),top_addr,,경기 안산시 단원구 범지기로 141번길 62,R3_사명교차전파
6067,영풍전자(주),top_region,,경기,R3_사명교차전파
6068,영풍전자(주),top_addr,,경기 안산시 단원구 범지기로 141번길 62,R3_사명교차전파
6068,영풍전자(주),top_region,,경기,R3_사명교차전파
6072,신한캐피탈(주),top_addr,,경기도 안산시 단원구 당곡로 17,R3_사명교차전파
6072,신한캐피탈(주),top_region,,경기,R3_사명교차전파
6073,신한캐피탈(주),top_addr,,경기도 안산시 단원구 당곡로 17,R3_사명교차전파
6073,신한캐피탈(주),top_region,,경기,R3_사명교차전파
6074,신한캐피탈(주),top_addr,,경기도 안산시 단원구 당곡로 17,R3_사명교차전파
6074,신한캐피탈(주),top_region,,경기,R3_사명교차전파
6086,(주)한국팩키지,top_addr,,경기도 안산시 단원구 해안로 227,R3_사명교차전파
6086,(주)한국팩키지,top_region,,경기,R3_사명교차전파
6087,(주)한국팩키지,top_addr,,경기도 안산시 단원구 해안로 227,R3_사명교차전파
6087,(주)한국팩키지,top_region,,경기,R3_사명교차전파
6088,(주)한국팩키지,top_addr,,경기도 안산시 단원구 해안로 227,R3_사명교차전파
6088,(주)한국팩키지,top_region,,경기,R3_사명교차전파
6089,(주)한국팩키지,top_addr,,경기도 안산시 단원구 해안로 227,R3_사명교차전파
6089,(주)한국팩키지,top_region,,경기,R3_사명교차전파
6098,종근당건강(주),top_addr,,충청남도 당진시 합덕읍 인더스파크로 170,R3_사명교차전파
6098,종근당건강(주),top_region,,충남,R3_사명교차전파
6099,종근당건강(주),top_addr,,충청남도 당진시 합덕읍 인더스파크로 170,R3_사명교차전파
6099,종근당건강(주),top_region,,충남,R3_사명교차전파
6100,종근당건강(주),top_addr,,충청남도 당진시 합덕읍 인더스파크로 170,R3_사명교차전파
6100,종근당건강(주),top_region,,충남,R3_사명교차전파
6102,(주)토리컴,top_addr,,충청남도 아산시 둔포면 아산밸리동로 78,R3_사명교차전파
6102,(주)토리컴,top_region,,충남,R3_사명교차전파
6103,(주)토리컴,top_addr,,충청남도 아산시 둔포면 아산밸리동로 78,R3_사명교차전파
6103,(주)토리컴,top_region,,충남,R3_사명교차전파
6104,(주)토리컴,top_addr,,충청남도 아산시 둔포면 아산밸리동로 78,R3_사명교차전파
6104,(주)토리컴,top_region,,충남,R3_사명교차전파
6105,(주)토리컴,top_addr,,충청남도 아산시 둔포면 아산밸리동로 78,R3_사명교차전파
6105,(주)토리컴,top_region,,충남,R3_사명교차전파
6106,(주)토리컴,top_addr,,충청남도 아산시 둔포면 아산밸리동로 78,R3_사명교차전파
6106,(주)토리컴,top_region,,충남,R3_사명교차전파
6107,(주)토리컴,top_addr,,충청남도 아산시 둔포면 아산밸리동로 78,R3_사명교차전파
6107,(주)토리컴,top_region,,충남,R3_사명교차전파
6108,(주)토리컴,top_addr,,충청남도 아산시 둔포면 아산밸리동로 78,R3_사명교차전파
6108,(주)토리컴,top_region,,충남,R3_사명교차전파
6109,(주)토리컴,top_addr,,충청남도 아산시 둔포면 아산밸리동로 78,R3_사명교차전파
6109,(주)토리컴,top_region,,충남,R3_사명교차전파
6110,(주)토리컴,top_addr,,충청남도 아산시 둔포면 아산밸리동로 78,R3_사명교차전파
6110,(주)토리컴,top_region,,충남,R3_사명교차전파
6111,(주)토리컴,top_addr,,충청남도 아산시 둔포면 아산밸리동로 78,R3_사명교차전파
6111,(주)토리컴,top_region,,충남,R3_사명교차전파
6112,(주)토리컴,top_addr,,충청남도 아산시 둔포면 아산밸리동로 78,R3_사명교차전파
6112,(주)토리컴,top_region,,충남,R3_사명교차전파
6113,(주)토리컴,top_addr,,충청남도 아산시 둔포면 아산밸리동로 78,R3_사명교차전파
6113,(주)토리컴,top_region,,충남,R3_사명교차전파
6114,(주)토리컴,top_addr,,충청남도 아산시 둔포면 아산밸리동로 78,R3_사명교차전파
6114,(주)토리컴,top_region,,충남,R3_사명교차전파
6115,(주)토리컴,top_addr,,충청남도 아산시 둔포면 아산밸리동로 78,R3_사명교차전파
6115,(주)토리컴,top_region,,충남,R3_사명교차전파
6116,(주)토리컴,top_addr,,충청남도 아산시 둔포면 아산밸리동로 78,R3_사명교차전파
6116,(주)토리컴,top_region,,충남,R3_사명교차전파
6117,(주)토리컴,top_addr,,충청남도 아산시 둔포면 아산밸리동로 78,R3_사명교차전파
6117,(주)토리컴,top_region,,충남,R3_사명교차전파
6118,(주)토리컴,top_addr,,충청남도 아산시 둔포면 아산밸리동로 78,R3_사명교차전파
6118,(주)토리컴,top_region,,충남,R3_사명교차전파
6119,(주)토리컴,top_addr,,충청남도 아산시 둔포면 아산밸리동로 78,R3_사명교차전파
6119,(주)토리컴,top_region,,충남,R3_사명교차전파
6120,(주)토리컴,top_addr,,충청남도 아산시 둔포면 아산밸리동로 78,R3_사명교차전파
6120,(주)토리컴,top_region,,충남,R3_사명교차전파
6121,(주)토리컴,top_addr,,충청남도 아산시 둔포면 아산밸리동로 78,R3_사명교차전파
6121,(주)토리컴,top_region,,충남,R3_사명교차전파
6164,서울바이오시스(주),top_addr,,경기도 안산시 단원구 원시동 727-51블럭 36,R3_사명교차전파
6164,서울바이오시스(주),top_region,,경기,R3_사명교차전파
6250,코오롱베니트(주),top_addr,,경기도 과천시 별양동 1-23,R3_사명교차전파
6250,코오롱베니트(주),top_region,,경기,R3_사명교차전파
6251,코오롱베니트(주),top_addr,,경기도 과천시 별양동 1-23,R3_사명교차전파
6251,코오롱베니트(주),top_region,,경기,R3_사명교차전파
6252,코오롱베니트(주),top_addr,,경기도 과천시 별양동 1-23,R3_사명교차전파
6252,코오롱베니트(주),top_region,,경기,R3_사명교차전파
6253,코오롱베니트(주),top_addr,,경기도 과천시 별양동 1-23,R3_사명교차전파
6253,코오롱베니트(주),top_region,,경기,R3_사명교차전파
6254,코오롱베니트(주),top_addr,,경기도 과천시 별양동 1-23,R3_사명교차전파
6254,코오롱베니트(주),top_region,,경기,R3_사명교차전파
6255,코오롱베니트(주),top_addr,,경기도 과천시 별양동 1-23,R3_사명교차전파
6255,코오롱베니트(주),top_region,,경기,R3_사명교차전파
6256,코오롱베니트(주),top_addr,,경기도 과천시 별양동 1-23,R3_사명교차전파
6256,코오롱베니트(주),top_region,,경기,R3_사명교차전파
6257,코오롱베니트(주),top_addr,,경기도 과천시 별양동 1-23,R3_사명교차전파
6257,코오롱베니트(주),top_region,,경기,R3_사명교차전파
6258,코오롱베니트(주),top_addr,,경기도 과천시 별양동 1-23,R3_사명교차전파
6258,코오롱베니트(주),top_region,,경기,R3_사명교차전파
6259,코오롱베니트(주),top_addr,,경기도 과천시 별양동 1-23,R3_사명교차전파
6259,코오롱베니트(주),top_region,,경기,R3_사명교차전파
6260,코오롱베니트(주),top_addr,,경기도 과천시 별양동 1-23,R3_사명교차전파
6260,코오롱베니트(주),top_region,,경기,R3_사명교차전파
6261,코오롱베니트(주),top_addr,,경기도 과천시 별양동 1-23,R3_사명교차전파
6261,코오롱베니트(주),top_region,,경기,R3_사명교차전파
6262,코오롱베니트(주),top_addr,,경기도 과천시 별양동 1-23,R3_사명교차전파
6262,코오롱베니트(주),top_region,,경기,R3_사명교차전파
6263,코오롱베니트(주),top_addr,,경기도 과천시 별양동 1-23,R3_사명교차전파
6263,코오롱베니트(주),top_region,,경기,R3_사명교차전파
6337,SK네트웍스서비스(주),top_addr,,경기도 수원시 팔달구 인계로 166번길 48-21,R3_사명교차전파
6337,SK네트웍스서비스(주),top_region,,경기,R3_사명교차전파
6338,SK네트웍스서비스(주),top_addr,,경기도 수원시 팔달구 인계로 166번길 48-21,R3_사명교차전파
6338,SK네트웍스서비스(주),top_region,,경기,R3_사명교차전파
6339,SK네트웍스서비스(주),top_addr,,경기도 수원시 팔달구 인계로 166번길 48-21,R3_사명교차전파
6339,SK네트웍스서비스(주),top_region,,경기,R3_사명교차전파
6340,SK네트웍스서비스(주),top_addr,,경기도 수원시 팔달구 인계로 166번길 48-21,R3_사명교차전파
6340,SK네트웍스서비스(주),top_region,,경기,R3_사명교차전파
6341,SK네트웍스서비스(주),top_addr,,경기도 수원시 팔달구 인계로 166번길 48-21,R3_사명교차전파
6341,SK네트웍스서비스(주),top_region,,경기,R3_사명교차전파
6342,SK네트웍스서비스(주),top_addr,,경기도 수원시 팔달구 인계로 166번길 48-21,R3_사명교차전파
6342,SK네트웍스서비스(주),top_region,,경기,R3_사명교차전파
6343,SK네트웍스서비스(주),top_addr,,경기도 수원시 팔달구 인계로 166번길 48-21,R3_사명교차전파
6343,SK네트웍스서비스(주),top_region,,경기,R3_사명교차전파
6344,SK네트웍스서비스(주),top_addr,,경기도 수원시 팔달구 인계로 166번길 48-21,R3_사명교차전파
6344,SK네트웍스서비스(주),top_region,,경기,R3_사명교차전파
6345,SK네트웍스서비스(주),top_addr,,경기도 수원시 팔달구 인계로 166번길 48-21,R3_사명교차전파
6345,SK네트웍스서비스(주),top_region,,경기,R3_사명교차전파
6346,SK네트웍스서비스(주),top_addr,,경기도 수원시 팔달구 인계로 166번길 48-21,R3_사명교차전파
6346,SK네트웍스서비스(주),top_region,,경기,R3_사명교차전파
6347,SK네트웍스서비스(주),top_addr,,경기도 수원시 팔달구 인계로 166번길 48-21,R3_사명교차전파
6347,SK네트웍스서비스(주),top_region,,경기,R3_사명교차전파
6348,SK네트웍스서비스(주),top_addr,,경기도 수원시 팔달구 인계로 166번길 48-21,R3_사명교차전파
6348,SK네트웍스서비스(주),top_region,,경기,R3_사명교차전파
6349,SK네트웍스서비스(주),top_addr,,경기도 수원시 팔달구 인계로 166번길 48-21,R3_사명교차전파
6349,SK네트웍스서비스(주),top_region,,경기,R3_사명교차전파
6350,SK네트웍스서비스(주),top_addr,,경기도 수원시 팔달구 인계로 166번길 48-21,R3_사명교차전파
6350,SK네트웍스서비스(주),top_region,,경기,R3_사명교차전파
6351,SK네트웍스서비스(주),top_addr,,경기도 수원시 팔달구 인계로 166번길 48-21,R3_사명교차전파
6351,SK네트웍스서비스(주),top_region,,경기,R3_사명교차전파
6352,SK네트웍스서비스(주),top_addr,,경기도 수원시 팔달구 인계로 166번길 48-21,R3_사명교차전파
6352,SK네트웍스서비스(주),top_region,,경기,R3_사명교차전파
6353,SK네트웍스서비스(주),top_addr,,경기도 수원시 팔달구 인계로 166번길 48-21,R3_사명교차전파
6353,SK네트웍스서비스(주),top_region,,경기,R3_사명교차전파
6354,SK네트웍스서비스(주),top_addr,,경기도 수원시 팔달구 인계로 166번길 48-21,R3_사명교차전파
6354,SK네트웍스서비스(주),top_region,,경기,R3_사명교차전파
6355,SK네트웍스서비스(주),top_addr,,경기도 수원시 팔달구 인계로 166번길 48-21,R3_사명교차전파
6355,SK네트웍스서비스(주),top_region,,경기,R3_사명교차전파
6356,SK네트웍스서비스(주),top_addr,,경기도 수원시 팔달구 인계로 166번길 48-21,R3_사명교차전파
6356,SK네트웍스서비스(주),top_region,,경기,R3_사명교차전파
6357,SK네트웍스서비스(주),top_addr,,경기도 수원시 팔달구 인계로 166번길 48-21,R3_사명교차전파
6357,SK네트웍스서비스(주),top_region,,경기,R3_사명교차전파
6358,SK네트웍스서비스(주),top_addr,,경기도 수원시 팔달구 인계로 166번길 48-21,R3_사명교차전파
6358,SK네트웍스서비스(주),top_region,,경기,R3_사명교차전파
6359,SK네트웍스서비스(주),top_addr,,경기도 수원시 팔달구 인계로 166번길 48-21,R3_사명교차전파
6359,SK네트웍스서비스(주),top_region,,경기,R3_사명교차전파
6360,SK네트웍스서비스(주),top_addr,,경기도 수원시 팔달구 인계로 166번길 48-21,R3_사명교차전파
6360,SK네트웍스서비스(주),top_region,,경기,R3_사명교차전파
6361,SK네트웍스서비스(주),top_addr,,경기도 수원시 팔달구 인계로 166번길 48-21,R3_사명교차전파
6361,SK네트웍스서비스(주),top_region,,경기,R3_사명교차전파
6362,SK네트웍스서비스(주),top_addr,,경기도 수원시 팔달구 인계로 166번길 48-21,R3_사명교차전파
6362,SK네트웍스서비스(주),top_region,,경기,R3_사명교차전파
6363,SK네트웍스서비스(주),top_addr,,경기도 수원시 팔달구 인계로 166번길 48-21,R3_사명교차전파
6363,SK네트웍스서비스(주),top_region,,경기,R3_사명교차전파
6364,SK네트웍스서비스(주),top_addr,,경기도 수원시 팔달구 인계로 166번길 48-21,R3_사명교차전파
6364,SK네트웍스서비스(주),top_region,,경기,R3_사명교차전파
6365,SK네트웍스서비스(주),top_addr,,경기도 수원시 팔달구 인계로 166번길 48-21,R3_사명교차전파
6365,SK네트웍스서비스(주),top_region,,경기,R3_사명교차전파
6366,SK네트웍스서비스(주),top_addr,,경기도 수원시 팔달구 인계로 166번길 48-21,R3_사명교차전파
6366,SK네트웍스서비스(주),top_region,,경기,R3_사명교차전파
6367,SK네트웍스서비스(주),top_addr,,경기도 수원시 팔달구 인계로 166번길 48-21,R3_사명교차전파
6367,SK네트웍스서비스(주),top_region,,경기,R3_사명교차전파
6368,SK네트웍스서비스(주),top_addr,,경기도 수원시 팔달구 인계로 166번길 48-21,R3_사명교차전파
6368,SK네트웍스서비스(주),top_region,,경기,R3_사명교차전파
6369,SK네트웍스서비스(주),top_addr,,경기도 수원시 팔달구 인계로 166번길 48-21,R3_사명교차전파
6369,SK네트웍스서비스(주),top_region,,경기,R3_사명교차전파
6370,SK네트웍스서비스(주),top_addr,,경기도 수원시 팔달구 인계로 166번길 48-21,R3_사명교차전파
6370,SK네트웍스서비스(주),top_region,,경기,R3_사명교차전파
6371,SK네트웍스서비스(주),top_addr,,경기도 수원시 팔달구 인계로 166번길 48-21,R3_사명교차전파
6371,SK네트웍스서비스(주),top_region,,경기,R3_사명교차전파
6375,강원도시가스(주),top_addr,,강원 춘천시 삭주로 163,R3_사명교차전파
6375,강원도시가스(주),top_region,,강원,R3_사명교차전파
6376,강원도시가스(주),top_addr,,강원 춘천시 삭주로 163,R3_사명교차전파
6376,강원도시가스(주),top_region,,강원,R3_사명교차전파
6377,강원도시가스(주),top_addr,,강원 춘천시 삭주로 163,R3_사명교차전파
6377,강원도시가스(주),top_region,,강원,R3_사명교차전파
6378,강원도시가스(주),top_addr,,강원 춘천시 삭주로 163,R3_사명교차전파
6378,강원도시가스(주),top_region,,강원,R3_사명교차전파
6379,강원도시가스(주),top_addr,,강원 춘천시 삭주로 163,R3_사명교차전파
6379,강원도시가스(주),top_region,,강원,R3_사명교차전파
6380,강원도시가스(주),top_addr,,강원 춘천시 삭주로 163,R3_사명교차전파
6380,강원도시가스(주),top_region,,강원,R3_사명교차전파
6381,강원도시가스(주),top_addr,,강원 춘천시 삭주로 163,R3_사명교차전파
6381,강원도시가스(주),top_region,,강원,R3_사명교차전파
6382,강원도시가스(주),top_addr,,강원 춘천시 삭주로 163,R3_사명교차전파
6382,강원도시가스(주),top_region,,강원,R3_사명교차전파
6383,강원도시가스(주),top_addr,,강원 춘천시 삭주로 163,R3_사명교차전파
6383,강원도시가스(주),top_region,,강원,R3_사명교차전파
6384,강원도시가스(주),top_addr,,강원 춘천시 삭주로 163,R3_사명교차전파
6384,강원도시가스(주),top_region,,강원,R3_사명교차전파
6385,강원도시가스(주),top_addr,,강원 춘천시 삭주로 163,R3_사명교차전파
6385,강원도시가스(주),top_region,,강원,R3_사명교차전파
6386,강원도시가스(주),top_addr,,강원 춘천시 삭주로 163,R3_사명교차전파
6386,강원도시가스(주),top_region,,강원,R3_사명교차전파
6387,강원도시가스(주),top_addr,,강원 춘천시 삭주로 163,R3_사명교차전파
6387,강원도시가스(주),top_region,,강원,R3_사명교차전파
6388,강원도시가스(주),top_addr,,강원 춘천시 삭주로 163,R3_사명교차전파
6388,강원도시가스(주),top_region,,강원,R3_사명교차전파
6389,강원도시가스(주),top_addr,,강원 춘천시 삭주로 163,R3_사명교차전파
6389,강원도시가스(주),top_region,,강원,R3_사명교차전파
6390,강원도시가스(주),top_addr,,강원 춘천시 삭주로 163,R3_사명교차전파
6390,강원도시가스(주),top_region,,강원,R3_사명교차전파
6391,강원도시가스(주),top_addr,,강원 춘천시 삭주로 163,R3_사명교차전파
6391,강원도시가스(주),top_region,,강원,R3_사명교차전파
6392,강원도시가스(주),top_addr,,강원 춘천시 삭주로 163,R3_사명교차전파
6392,강원도시가스(주),top_region,,강원,R3_사명교차전파
6393,강원도시가스(주),top_addr,,강원 춘천시 삭주로 163,R3_사명교차전파
6393,강원도시가스(주),top_region,,강원,R3_사명교차전파
6394,강원도시가스(주),top_addr,,강원 춘천시 삭주로 163,R3_사명교차전파
6394,강원도시가스(주),top_region,,강원,R3_사명교차전파
6395,강원도시가스(주),top_addr,,강원 춘천시 삭주로 163,R3_사명교차전파
6395,강원도시가스(주),top_region,,강원,R3_사명교차전파
6396,강원도시가스(주),top_addr,,강원 춘천시 삭주로 163,R3_사명교차전파
6396,강원도시가스(주),top_region,,강원,R3_사명교차전파
6397,강원도시가스(주),top_addr,,강원 춘천시 삭주로 163,R3_사명교차전파
6397,강원도시가스(주),top_region,,강원,R3_사명교차전파
6398,강원도시가스(주),top_addr,,강원 춘천시 삭주로 163,R3_사명교차전파
6398,강원도시가스(주),top_region,,강원,R3_사명교차전파
6399,강원도시가스(주),top_addr,,강원 춘천시 삭주로 163,R3_사명교차전파
6399,강원도시가스(주),top_region,,강원,R3_사명교차전파
6400,강원도시가스(주),top_addr,,강원 춘천시 삭주로 163,R3_사명교차전파
6400,강원도시가스(주),top_region,,강원,R3_사명교차전파
6401,강원도시가스(주),top_addr,,강원 춘천시 삭주로 163,R3_사명교차전파
6401,강원도시가스(주),top_region,,강원,R3_사명교차전파
6402,강원도시가스(주),top_addr,,강원 춘천시 삭주로 163,R3_사명교차전파
6402,강원도시가스(주),top_region,,강원,R3_사명교차전파
6403,강원도시가스(주),top_addr,,강원 춘천시 삭주로 163,R3_사명교차전파
6403,강원도시가스(주),top_region,,강원,R3_사명교차전파
6404,강원도시가스(주),top_addr,,강원 춘천시 삭주로 163,R3_사명교차전파
6404,강원도시가스(주),top_region,,강원,R3_사명교차전파
6405,강원도시가스(주),top_addr,,강원 춘천시 삭주로 163,R3_사명교차전파
6405,강원도시가스(주),top_region,,강원,R3_사명교차전파
6406,강원도시가스(주),top_addr,,강원 춘천시 삭주로 163,R3_사명교차전파
6406,강원도시가스(주),top_region,,강원,R3_사명교차전파
6407,강원도시가스(주),top_addr,,강원 춘천시 삭주로 163,R3_사명교차전파
6407,강원도시가스(주),top_region,,강원,R3_사명교차전파
6408,강원도시가스(주),top_addr,,강원 춘천시 삭주로 163,R3_사명교차전파
6408,강원도시가스(주),top_region,,강원,R3_사명교차전파
6409,강원도시가스(주),top_addr,,강원 춘천시 삭주로 163,R3_사명교차전파
6409,강원도시가스(주),top_region,,강원,R3_사명교차전파
6410,(주)피피이씨춘천,top_addr,,강원 춘천시 서면 당림리 602,R3_사명교차전파
6410,(주)피피이씨춘천,top_region,,강원,R3_사명교차전파
6411,(주)피피이씨춘천,top_addr,,강원 춘천시 서면 당림리 602,R3_사명교차전파
6411,(주)피피이씨춘천,top_region,,강원,R3_사명교차전파
6412,(주)피피이씨춘천,top_addr,,강원 춘천시 서면 당림리 602,R3_사명교차전파
6412,(주)피피이씨춘천,top_region,,강원,R3_사명교차전파
6413,(주)피피이씨춘천,top_addr,,강원 춘천시 서면 당림리 602,R3_사명교차전파
6413,(주)피피이씨춘천,top_region,,강원,R3_사명교차전파
6414,(주)피피이씨춘천,top_addr,,강원 춘천시 서면 당림리 602,R3_사명교차전파
6414,(주)피피이씨춘천,top_region,,강원,R3_사명교차전파
6415,(주)피피이씨춘천,top_addr,,강원 춘천시 서면 당림리 602,R3_사명교차전파
6415,(주)피피이씨춘천,top_region,,강원,R3_사명교차전파
6416,(주)피피이씨춘천,top_addr,,강원 춘천시 서면 당림리 602,R3_사명교차전파
6416,(주)피피이씨춘천,top_region,,강원,R3_사명교차전파
6417,(주)피피이씨춘천,top_addr,,강원 춘천시 서면 당림리 602,R3_사명교차전파
6417,(주)피피이씨춘천,top_region,,강원,R3_사명교차전파
6418,(주)강원학교태양광,top_addr,,강원도 강릉시 성덕포남로188번길 9(포남동),R3_사명교차전파
6418,(주)강원학교태양광,top_region,,강원,R3_사명교차전파
6419,(주)강원학교태양광,top_addr,,강원도 강릉시 성덕포남로188번길 9(포남동),R3_사명교차전파
6419,(주)강원학교태양광,top_region,,강원,R3_사명교차전파
6420,(주)강원학교태양광,top_addr,,강원도 강릉시 성덕포남로188번길 9(포남동),R3_사명교차전파
6420,(주)강원학교태양광,top_region,,강원,R3_사명교차전파
6421,(주)강원학교태양광,top_addr,,강원도 강릉시 성덕포남로188번길 9(포남동),R3_사명교차전파
6421,(주)강원학교태양광,top_region,,강원,R3_사명교차전파
6422,한라시멘트(주),top_addr,,강원도 강릉시 옥계면 산계길 225,R3_사명교차전파
6422,한라시멘트(주),top_region,,강원,R3_사명교차전파
6423,한라시멘트(주),top_addr,,강원도 강릉시 옥계면 산계길 225,R3_사명교차전파
6423,한라시멘트(주),top_region,,강원,R3_사명교차전파
6424,한라시멘트(주),top_addr,,강원도 강릉시 옥계면 산계길 225,R3_사명교차전파
6424,한라시멘트(주),top_region,,강원,R3_사명교차전파
6425,한라시멘트(주),top_addr,,강원도 강릉시 옥계면 산계길 225,R3_사명교차전파
6425,한라시멘트(주),top_region,,강원,R3_사명교차전파
6426,한라시멘트(주),top_addr,,강원도 강릉시 옥계면 산계길 225,R3_사명교차전파
6426,한라시멘트(주),top_region,,강원,R3_사명교차전파
6427,한라시멘트(주),top_addr,,강원도 강릉시 옥계면 산계길 225,R3_사명교차전파
6427,한라시멘트(주),top_region,,강원,R3_사명교차전파
6435,(주)이랜드파크,top_addr,,강원도 고성군 토성면 신평골길 8-25,R3_사명교차전파
6435,(주)이랜드파크,top_region,,강원,R3_사명교차전파
6436,(주)이랜드파크,top_addr,,강원도 고성군 토성면 신평골길 8-25,R3_사명교차전파
6436,(주)이랜드파크,top_region,,강원,R3_사명교차전파
6437,(주)이랜드파크,top_addr,,강원도 고성군 토성면 신평골길 8-25,R3_사명교차전파
6437,(주)이랜드파크,top_region,,강원,R3_사명교차전파
6438,삼표자원개발(주),top_addr,,강원도 삼척시 근덕면 시목길 225,R3_사명교차전파
6438,삼표자원개발(주),top_region,,강원,R3_사명교차전파
6439,삼표자원개발(주),top_addr,,강원도 삼척시 근덕면 시목길 225,R3_사명교차전파
6439,삼표자원개발(주),top_region,,강원,R3_사명교차전파
6440,삼표자원개발(주),top_addr,,강원도 삼척시 근덕면 시목길 225,R3_사명교차전파
6440,삼표자원개발(주),top_region,,강원,R3_사명교차전파
6441,삼표자원개발(주),top_addr,,강원도 삼척시 근덕면 시목길 225,R3_사명교차전파
6441,삼표자원개발(주),top_region,,강원,R3_사명교차전파
6442,삼표자원개발(주),top_addr,,강원도 삼척시 근덕면 시목길 225,R3_사명교차전파
6442,삼표자원개발(주),top_region,,강원,R3_사명교차전파
6443,삼표자원개발(주),top_addr,,강원도 삼척시 근덕면 시목길 225,R3_사명교차전파
6443,삼표자원개발(주),top_region,,강원,R3_사명교차전파
6444,삼표자원개발(주),top_addr,,강원도 삼척시 근덕면 시목길 225,R3_사명교차전파
6444,삼표자원개발(주),top_region,,강원,R3_사명교차전파
6445,삼표자원개발(주),top_addr,,강원도 삼척시 근덕면 시목길 225,R3_사명교차전파
6445,삼표자원개발(주),top_region,,강원,R3_사명교차전파
6467,한덕철광산업(주),top_addr,,강원도 정선군 신동읍 조동1길 154,R3_사명교차전파
6467,한덕철광산업(주),top_region,,강원,R3_사명교차전파
6468,한덕철광산업(주),top_addr,,강원도 정선군 신동읍 조동1길 154,R3_사명교차전파
6468,한덕철광산업(주),top_region,,강원,R3_사명교차전파
6469,한덕철광산업(주),top_addr,,강원도 정선군 신동읍 조동1길 154,R3_사명교차전파
6469,한덕철광산업(주),top_region,,강원,R3_사명교차전파
6470,한덕철광산업(주),top_addr,,강원도 정선군 신동읍 조동1길 154,R3_사명교차전파
6470,한덕철광산업(주),top_region,,강원,R3_사명교차전파
6471,한덕철광산업(주),top_addr,,강원도 정선군 신동읍 조동1길 154,R3_사명교차전파
6471,한덕철광산업(주),top_region,,강원,R3_사명교차전파
6472,한덕철광산업(주),top_addr,,강원도 정선군 신동읍 조동1길 154,R3_사명교차전파
6472,한덕철광산업(주),top_region,,강원,R3_사명교차전파
6473,한덕철광산업(주),top_addr,,강원도 정선군 신동읍 조동1길 154,R3_사명교차전파
6473,한덕철광산업(주),top_region,,강원,R3_사명교차전파
6474,한덕철광산업(주),top_addr,,강원도 정선군 신동읍 조동1길 154,R3_사명교차전파
6474,한덕철광산업(주),top_region,,강원,R3_사명교차전파
6475,한덕철광산업(주),top_addr,,강원도 정선군 신동읍 조동1길 154,R3_사명교차전파
6475,한덕철광산업(주),top_region,,강원,R3_사명교차전파
6476,한덕철광산업(주),top_addr,,강원도 정선군 신동읍 조동1길 154,R3_사명교차전파
6476,한덕철광산업(주),top_region,,강원,R3_사명교차전파
6477,한덕철광산업(주),top_addr,,강원도 정선군 신동읍 조동1길 154,R3_사명교차전파
6477,한덕철광산업(주),top_region,,강원,R3_사명교차전파
6478,한덕철광산업(주),top_addr,,강원도 정선군 신동읍 조동1길 154,R3_사명교차전파
6478,한덕철광산업(주),top_region,,강원,R3_사명교차전파
6481,(주)한청판지,top_addr,,충북 청주시 상당구 문의면 남계길 22-66,R3_사명교차전파
6481,(주)한청판지,top_region,,충북,R3_사명교차전파
6482,(주)한청판지,top_addr,,충북 청주시 상당구 문의면 남계길 22-66,R3_사명교차전파
6482,(주)한청판지,top_region,,충북,R3_사명교차전파
6483,(주)한청판지,top_addr,,충북 청주시 상당구 문의면 남계길 22-66,R3_사명교차전파
6483,(주)한청판지,top_region,,충북,R3_사명교차전파
6485,충청에너지서비스(주),top_addr,,충북 청주시 흥덕구 산단로 244,R3_사명교차전파
6485,충청에너지서비스(주),top_region,,충북,R3_사명교차전파
6486,충청에너지서비스(주),top_addr,,충북 청주시 흥덕구 산단로 244,R3_사명교차전파
6486,충청에너지서비스(주),top_region,,충북,R3_사명교차전파
6487,충청에너지서비스(주),top_addr,,충북 청주시 흥덕구 산단로 244,R3_사명교차전파
6487,충청에너지서비스(주),top_region,,충북,R3_사명교차전파
6488,충청에너지서비스(주),top_addr,,충북 청주시 흥덕구 산단로 244,R3_사명교차전파
6488,충청에너지서비스(주),top_region,,충북,R3_사명교차전파
6489,충청에너지서비스(주),top_addr,,충북 청주시 흥덕구 산단로 244,R3_사명교차전파
6489,충청에너지서비스(주),top_region,,충북,R3_사명교차전파
6490,충청에너지서비스(주),top_addr,,충북 청주시 흥덕구 산단로 244,R3_사명교차전파
6490,충청에너지서비스(주),top_region,,충북,R3_사명교차전파
6491,충청에너지서비스(주),top_addr,,충북 청주시 흥덕구 산단로 244,R3_사명교차전파
6491,충청에너지서비스(주),top_region,,충북,R3_사명교차전파
6492,충청에너지서비스(주),top_addr,,충북 청주시 흥덕구 산단로 244,R3_사명교차전파
6492,충청에너지서비스(주),top_region,,충북,R3_사명교차전파
6493,충청에너지서비스(주),top_addr,,충북 청주시 흥덕구 산단로 244,R3_사명교차전파
6493,충청에너지서비스(주),top_region,,충북,R3_사명교차전파
6494,충청에너지서비스(주),top_addr,,충북 청주시 흥덕구 산단로 244,R3_사명교차전파
6494,충청에너지서비스(주),top_region,,충북,R3_사명교차전파
6495,충청에너지서비스(주),top_addr,,충북 청주시 흥덕구 산단로 244,R3_사명교차전파
6495,충청에너지서비스(주),top_region,,충북,R3_사명교차전파
6496,충청에너지서비스(주),top_addr,,충북 청주시 흥덕구 산단로 244,R3_사명교차전파
6496,충청에너지서비스(주),top_region,,충북,R3_사명교차전파
6497,충청에너지서비스(주),top_addr,,충북 청주시 흥덕구 산단로 244,R3_사명교차전파
6497,충청에너지서비스(주),top_region,,충북,R3_사명교차전파
6498,충청에너지서비스(주),top_addr,,충북 청주시 흥덕구 산단로 244,R3_사명교차전파
6498,충청에너지서비스(주),top_region,,충북,R3_사명교차전파
6499,충청에너지서비스(주),top_addr,,충북 청주시 흥덕구 산단로 244,R3_사명교차전파
6499,충청에너지서비스(주),top_region,,충북,R3_사명교차전파
6500,충청에너지서비스(주),top_addr,,충북 청주시 흥덕구 산단로 244,R3_사명교차전파
6500,충청에너지서비스(주),top_region,,충북,R3_사명교차전파
6501,충청에너지서비스(주),top_addr,,충북 청주시 흥덕구 산단로 244,R3_사명교차전파
6501,충청에너지서비스(주),top_region,,충북,R3_사명교차전파
6502,충청에너지서비스(주),top_addr,,충북 청주시 흥덕구 산단로 244,R3_사명교차전파
6502,충청에너지서비스(주),top_region,,충북,R3_사명교차전파
6503,충청에너지서비스(주),top_addr,,충북 청주시 흥덕구 산단로 244,R3_사명교차전파
6503,충청에너지서비스(주),top_region,,충북,R3_사명교차전파
6504,충청에너지서비스(주),top_addr,,충북 청주시 흥덕구 산단로 244,R3_사명교차전파
6504,충청에너지서비스(주),top_region,,충북,R3_사명교차전파
6505,충청에너지서비스(주),top_addr,,충북 청주시 흥덕구 산단로 244,R3_사명교차전파
6505,충청에너지서비스(주),top_region,,충북,R3_사명교차전파
6506,충청에너지서비스(주),top_addr,,충북 청주시 흥덕구 산단로 244,R3_사명교차전파
6506,충청에너지서비스(주),top_region,,충북,R3_사명교차전파
6507,충청에너지서비스(주),top_addr,,충북 청주시 흥덕구 산단로 244,R3_사명교차전파
6507,충청에너지서비스(주),top_region,,충북,R3_사명교차전파
6508,충청에너지서비스(주),top_addr,,충북 청주시 흥덕구 산단로 244,R3_사명교차전파
6508,충청에너지서비스(주),top_region,,충북,R3_사명교차전파
6509,충청에너지서비스(주),top_addr,,충북 청주시 흥덕구 산단로 244,R3_사명교차전파
6509,충청에너지서비스(주),top_region,,충북,R3_사명교차전파
6510,충청에너지서비스(주),top_addr,,충북 청주시 흥덕구 산단로 244,R3_사명교차전파
6510,충청에너지서비스(주),top_region,,충북,R3_사명교차전파
6511,충청에너지서비스(주),top_addr,,충북 청주시 흥덕구 산단로 244,R3_사명교차전파
6511,충청에너지서비스(주),top_region,,충북,R3_사명교차전파
6512,충청에너지서비스(주),top_addr,,충북 청주시 흥덕구 산단로 244,R3_사명교차전파
6512,충청에너지서비스(주),top_region,,충북,R3_사명교차전파
6513,충청에너지서비스(주),top_addr,,충북 청주시 흥덕구 산단로 244,R3_사명교차전파
6513,충청에너지서비스(주),top_region,,충북,R3_사명교차전파
6514,충청에너지서비스(주),top_addr,,충북 청주시 흥덕구 산단로 244,R3_사명교차전파
6514,충청에너지서비스(주),top_region,,충북,R3_사명교차전파
6515,충청에너지서비스(주),top_addr,,충북 청주시 흥덕구 산단로 244,R3_사명교차전파
6515,충청에너지서비스(주),top_region,,충북,R3_사명교차전파
6516,충청에너지서비스(주),top_addr,,충북 청주시 흥덕구 산단로 244,R3_사명교차전파
6516,충청에너지서비스(주),top_region,,충북,R3_사명교차전파
6517,충청에너지서비스(주),top_addr,,충북 청주시 흥덕구 산단로 244,R3_사명교차전파
6517,충청에너지서비스(주),top_region,,충북,R3_사명교차전파
6518,충청에너지서비스(주),top_addr,,충북 청주시 흥덕구 산단로 244,R3_사명교차전파
6518,충청에너지서비스(주),top_region,,충북,R3_사명교차전파
6519,충청에너지서비스(주),top_addr,,충북 청주시 흥덕구 산단로 244,R3_사명교차전파
6519,충청에너지서비스(주),top_region,,충북,R3_사명교차전파
6523,(주)삼천리모터스,top_addr,,경기도 군포시 당정로27번길 11,R3_사명교차전파
6523,(주)삼천리모터스,top_region,,경기,R3_사명교차전파
6524,(주)삼천리모터스,top_addr,,경기도 군포시 당정로27번길 11,R3_사명교차전파
6524,(주)삼천리모터스,top_region,,경기,R3_사명교차전파
6525,(주)충북소주,top_addr,,충청북도 청주시 청원구 내수읍 우산길 57,R3_사명교차전파
6525,(주)충북소주,top_region,,충북,R3_사명교차전파
6526,(주)충북소주,top_addr,,충청북도 청주시 청원구 내수읍 우산길 57,R3_사명교차전파
6526,(주)충북소주,top_region,,충북,R3_사명교차전파
6527,(주)충북소주,top_addr,,충청북도 청주시 청원구 내수읍 우산길 57,R3_사명교차전파
6527,(주)충북소주,top_region,,충북,R3_사명교차전파
6528,(주)충북소주,top_addr,,충청북도 청주시 청원구 내수읍 우산길 57,R3_사명교차전파
6528,(주)충북소주,top_region,,충북,R3_사명교차전파
6529,(주)충북소주,top_addr,,충청북도 청주시 청원구 내수읍 우산길 57,R3_사명교차전파
6529,(주)충북소주,top_region,,충북,R3_사명교차전파
6530,(주)충북소주,top_addr,,충청북도 청주시 청원구 내수읍 우산길 57,R3_사명교차전파
6530,(주)충북소주,top_region,,충북,R3_사명교차전파
6531,(주)충북소주,top_addr,,충청북도 청주시 청원구 내수읍 우산길 57,R3_사명교차전파
6531,(주)충북소주,top_region,,충북,R3_사명교차전파
6532,(주)충북소주,top_addr,,충청북도 청주시 청원구 내수읍 우산길 57,R3_사명교차전파
6532,(주)충북소주,top_region,,충북,R3_사명교차전파
6533,(주)충북소주,top_addr,,충청북도 청주시 청원구 내수읍 우산길 57,R3_사명교차전파
6533,(주)충북소주,top_region,,충북,R3_사명교차전파
6534,(주)충북소주,top_addr,,충청북도 청주시 청원구 내수읍 우산길 57,R3_사명교차전파
6534,(주)충북소주,top_region,,충북,R3_사명교차전파
6535,(주)충북소주,top_addr,,충청북도 청주시 청원구 내수읍 우산길 57,R3_사명교차전파
6535,(주)충북소주,top_region,,충북,R3_사명교차전파
6536,(주)충북소주,top_addr,,충청북도 청주시 청원구 내수읍 우산길 57,R3_사명교차전파
6536,(주)충북소주,top_region,,충북,R3_사명교차전파
6537,(주)충북소주,top_addr,,충청북도 청주시 청원구 내수읍 우산길 57,R3_사명교차전파
6537,(주)충북소주,top_region,,충북,R3_사명교차전파
6538,(주)충북소주,top_addr,,충청북도 청주시 청원구 내수읍 우산길 57,R3_사명교차전파
6538,(주)충북소주,top_region,,충북,R3_사명교차전파
6539,(주)충북소주,top_addr,,충청북도 청주시 청원구 내수읍 우산길 57,R3_사명교차전파
6539,(주)충북소주,top_region,,충북,R3_사명교차전파
6540,(주)충북소주,top_addr,,충청북도 청주시 청원구 내수읍 우산길 57,R3_사명교차전파
6540,(주)충북소주,top_region,,충북,R3_사명교차전파
6541,(주)충북소주,top_addr,,충청북도 청주시 청원구 내수읍 우산길 57,R3_사명교차전파
6541,(주)충북소주,top_region,,충북,R3_사명교차전파
6542,(주)충북소주,top_addr,,충청북도 청주시 청원구 내수읍 우산길 57,R3_사명교차전파
6542,(주)충북소주,top_region,,충북,R3_사명교차전파
6543,(주)충북소주,top_addr,,충청북도 청주시 청원구 내수읍 우산길 57,R3_사명교차전파
6543,(주)충북소주,top_region,,충북,R3_사명교차전파
6553,(주)심텍,top_addr,,충청북도 청주시 흥덕구 산단로 73,R3_사명교차전파
6553,(주)심텍,top_region,,충북,R3_사명교차전파
6554,(주)에코프로비엠,top_addr,,충북 청주시 청원구 오창읍,R3_사명교차전파
6554,(주)에코프로비엠,top_region,,충북,R3_사명교차전파
6555,(주)에코프로비엠,top_addr,,충북 청주시 청원구 오창읍,R3_사명교차전파
6555,(주)에코프로비엠,top_region,,충북,R3_사명교차전파
6556,(주)에코프로비엠,top_addr,,충북 청주시 청원구 오창읍,R3_사명교차전파
6556,(주)에코프로비엠,top_region,,충북,R3_사명교차전파
6557,나투라페이퍼(주),top_addr,,충북 청주시 흥덕구 오송읍 상정쌍청로 171,R3_사명교차전파
6557,나투라페이퍼(주),top_region,,충북,R3_사명교차전파
6558,나투라페이퍼(주),top_addr,,충북 청주시 흥덕구 오송읍 상정쌍청로 171,R3_사명교차전파
6558,나투라페이퍼(주),top_region,,충북,R3_사명교차전파
6559,나투라페이퍼(주),top_addr,,충북 청주시 흥덕구 오송읍 상정쌍청로 171,R3_사명교차전파
6559,나투라페이퍼(주),top_region,,충북,R3_사명교차전파
6560,나투라페이퍼(주),top_addr,,충북 청주시 흥덕구 오송읍 상정쌍청로 171,R3_사명교차전파
6560,나투라페이퍼(주),top_region,,충북,R3_사명교차전파
6561,나투라페이퍼(주),top_addr,,충북 청주시 흥덕구 오송읍 상정쌍청로 171,R3_사명교차전파
6561,나투라페이퍼(주),top_region,,충북,R3_사명교차전파
6562,나투라페이퍼(주),top_addr,,충북 청주시 흥덕구 오송읍 상정쌍청로 171,R3_사명교차전파
6562,나투라페이퍼(주),top_region,,충북,R3_사명교차전파
6563,나투라페이퍼(주),top_addr,,충북 청주시 흥덕구 오송읍 상정쌍청로 171,R3_사명교차전파
6563,나투라페이퍼(주),top_region,,충북,R3_사명교차전파
6564,나투라페이퍼(주),top_addr,,충북 청주시 흥덕구 오송읍 상정쌍청로 171,R3_사명교차전파
6564,나투라페이퍼(주),top_region,,충북,R3_사명교차전파
6565,(주)네패스아크,top_addr,,충북 청주시 청원구 오창읍 과학산업 2로 587-32,R3_사명교차전파
6565,(주)네패스아크,top_region,,충북,R3_사명교차전파
6566,(주)세아엘앤에스,top_addr,,경상북도 포항시 남구,R3_사명교차전파
6566,(주)세아엘앤에스,top_region,,경북,R3_사명교차전파
6567,(주)세아엘앤에스,top_addr,,경상북도 포항시 남구,R3_사명교차전파
6567,(주)세아엘앤에스,top_region,,경북,R3_사명교차전파
6568,(주)세아엘앤에스,top_addr,,경상북도 포항시 남구,R3_사명교차전파
6568,(주)세아엘앤에스,top_region,,경북,R3_사명교차전파
6569,(주)세아엘앤에스,top_addr,,경상북도 포항시 남구,R3_사명교차전파
6569,(주)세아엘앤에스,top_region,,경북,R3_사명교차전파
6570,(주)세아엘앤에스,top_addr,,경상북도 포항시 남구,R3_사명교차전파
6570,(주)세아엘앤에스,top_region,,경북,R3_사명교차전파
6571,(주)세아엘앤에스,top_addr,,경상북도 포항시 남구,R3_사명교차전파
6571,(주)세아엘앤에스,top_region,,경북,R3_사명교차전파
6572,(주)세아엘앤에스,top_addr,,경상북도 포항시 남구,R3_사명교차전파
6572,(주)세아엘앤에스,top_region,,경북,R3_사명교차전파
6577,에스와이스틸텍(주),top_addr,,충북 충주시 엄정면,R3_사명교차전파
6577,에스와이스틸텍(주),top_region,,충북,R3_사명교차전파
6578,에스와이스틸텍(주),top_addr,,충북 충주시 엄정면,R3_사명교차전파
6578,에스와이스틸텍(주),top_region,,충북,R3_사명교차전파
6579,에스와이스틸텍(주),top_addr,,충북 충주시 엄정면,R3_사명교차전파
6579,에스와이스틸텍(주),top_region,,충북,R3_사명교차전파
6589,(주)팜스토리,top_addr,,서울,R3_사명교차전파
6589,(주)팜스토리,top_region,,서울,R3_사명교차전파
6590,(주)팜스토리,top_addr,,서울,R3_사명교차전파
6590,(주)팜스토리,top_region,,서울,R3_사명교차전파
6591,(주)팜스토리,top_addr,,서울,R3_사명교차전파
6591,(주)팜스토리,top_region,,서울,R3_사명교차전파
6592,(주)팜스토리,top_addr,,서울,R3_사명교차전파
6592,(주)팜스토리,top_region,,서울,R3_사명교차전파
6593,(주)팜스토리,top_addr,,서울,R3_사명교차전파
6593,(주)팜스토리,top_region,,서울,R3_사명교차전파
6594,(주)팜스토리,top_addr,,서울,R3_사명교차전파
6594,(주)팜스토리,top_region,,서울,R3_사명교차전파
6595,(주)팜스토리,top_addr,,서울,R3_사명교차전파
6595,(주)팜스토리,top_region,,서울,R3_사명교차전파
6599,(주)삼아벤처,top_addr,,충북 진천군 이월면 이덕로 566,R3_사명교차전파
6599,(주)삼아벤처,top_region,,충북,R3_사명교차전파
6600,(주)삼아벤처,top_addr,,충북 진천군 이월면 이덕로 566,R3_사명교차전파
6600,(주)삼아벤처,top_region,,충북,R3_사명교차전파
6601,(주)삼아벤처,top_addr,,충북 진천군 이월면 이덕로 566,R3_사명교차전파
6601,(주)삼아벤처,top_region,,충북,R3_사명교차전파
6602,(주)삼아벤처,top_addr,,충북 진천군 이월면 이덕로 566,R3_사명교차전파
6602,(주)삼아벤처,top_region,,충북,R3_사명교차전파
6603,(주)삼아벤처,top_addr,,충북 진천군 이월면 이덕로 566,R3_사명교차전파
6603,(주)삼아벤처,top_region,,충북,R3_사명교차전파
6604,(주)삼아벤처,top_addr,,충북 진천군 이월면 이덕로 566,R3_사명교차전파
6604,(주)삼아벤처,top_region,,충북,R3_사명교차전파
6605,(주)삼아벤처,top_addr,,충북 진천군 이월면 이덕로 566,R3_사명교차전파
6605,(주)삼아벤처,top_region,,충북,R3_사명교차전파
6610,(주)대우에스티,top_addr,,충청북도 진천군 덕산면 한삼로 289,R3_사명교차전파
6610,(주)대우에스티,top_region,,충북,R3_사명교차전파
6611,(주)대우에스티,top_addr,,충청북도 진천군 덕산면 한삼로 289,R3_사명교차전파
6611,(주)대우에스티,top_region,,충북,R3_사명교차전파
6612,(주)대우에스티,top_addr,,충청북도 진천군 덕산면 한삼로 289,R3_사명교차전파
6612,(주)대우에스티,top_region,,충북,R3_사명교차전파
6636,(주)피피이씨음성생면,top_addr,,충북 음성군 대소면 삼양로 730-27,R3_사명교차전파
6636,(주)피피이씨음성생면,top_region,,충북,R3_사명교차전파
6637,(주)피피이씨음성생면,top_addr,,충북 음성군 대소면 삼양로 730-27,R3_사명교차전파
6637,(주)피피이씨음성생면,top_region,,충북,R3_사명교차전파
6638,(주)피피이씨음성생면,top_addr,,충북 음성군 대소면 삼양로 730-27,R3_사명교차전파
6638,(주)피피이씨음성생면,top_region,,충북,R3_사명교차전파
6639,(주)피피이씨음성생면,top_addr,,충북 음성군 대소면 삼양로 730-27,R3_사명교차전파
6639,(주)피피이씨음성생면,top_region,,충북,R3_사명교차전파
6640,(주)피피이씨음성생면,top_addr,,충북 음성군 대소면 삼양로 730-27,R3_사명교차전파
6640,(주)피피이씨음성생면,top_region,,충북,R3_사명교차전파
6641,(주)피피이씨음성생면,top_addr,,충북 음성군 대소면 삼양로 730-27,R3_사명교차전파
6641,(주)피피이씨음성생면,top_region,,충북,R3_사명교차전파
6642,(주)피피이씨음성생면,top_addr,,충북 음성군 대소면 삼양로 730-27,R3_사명교차전파
6642,(주)피피이씨음성생면,top_region,,충북,R3_사명교차전파
6643,(주)피피이씨음성생면,top_addr,,충북 음성군 대소면 삼양로 730-27,R3_사명교차전파
6643,(주)피피이씨음성생면,top_region,,충북,R3_사명교차전파
6644,(주)피피이씨음성나물,top_addr,,충북 음성군 대소면 삼양로 730-27,R3_사명교차전파
6644,(주)피피이씨음성나물,top_region,,충북,R3_사명교차전파
6645,(주)피피이씨음성나물,top_addr,,충북 음성군 대소면 삼양로 730-27,R3_사명교차전파
6645,(주)피피이씨음성나물,top_region,,충북,R3_사명교차전파
6646,(주)피피이씨음성나물,top_addr,,충북 음성군 대소면 삼양로 730-27,R3_사명교차전파
6646,(주)피피이씨음성나물,top_region,,충북,R3_사명교차전파
6647,(주)피피이씨음성나물,top_addr,,충북 음성군 대소면 삼양로 730-27,R3_사명교차전파
6647,(주)피피이씨음성나물,top_region,,충북,R3_사명교차전파
6648,(주)피피이씨음성나물,top_addr,,충북 음성군 대소면 삼양로 730-27,R3_사명교차전파
6648,(주)피피이씨음성나물,top_region,,충북,R3_사명교차전파
6649,(주)피피이씨음성나물,top_addr,,충북 음성군 대소면 삼양로 730-27,R3_사명교차전파
6649,(주)피피이씨음성나물,top_region,,충북,R3_사명교차전파
6650,(주)피피이씨음성나물,top_addr,,충북 음성군 대소면 삼양로 730-27,R3_사명교차전파
6650,(주)피피이씨음성나물,top_region,,충북,R3_사명교차전파
6651,(주)피피이씨음성나물,top_addr,,충북 음성군 대소면 삼양로 730-27,R3_사명교차전파
6651,(주)피피이씨음성나물,top_region,,충북,R3_사명교차전파
6663,농업회사법인(주)지리산하이포지피,top_addr,,경남 산청군 단성면 창촌리 산 6,R3_사명교차전파
6663,농업회사법인(주)지리산하이포지피,top_region,,경남,R3_사명교차전파
6664,농업회사법인(주)지리산하이포지피,top_addr,,경남 산청군 단성면 창촌리 산 6,R3_사명교차전파
6664,농업회사법인(주)지리산하이포지피,top_region,,경남,R3_사명교차전파
6665,농업회사법인(주)지리산하이포지피,top_addr,,경남 산청군 단성면 창촌리 산 6,R3_사명교차전파
6665,농업회사법인(주)지리산하이포지피,top_region,,경남,R3_사명교차전파
6666,농업회사법인(주)지리산하이포지피,top_addr,,경남 산청군 단성면 창촌리 산 6,R3_사명교차전파
6666,농업회사법인(주)지리산하이포지피,top_region,,경남,R3_사명교차전파
6667,농업회사법인(주)지리산하이포지피,top_addr,,경남 산청군 단성면 창촌리 산 6,R3_사명교차전파
6667,농업회사법인(주)지리산하이포지피,top_region,,경남,R3_사명교차전파
6668,농업회사법인(주)지리산하이포지피,top_addr,,경남 산청군 단성면 창촌리 산 6,R3_사명교차전파
6668,농업회사법인(주)지리산하이포지피,top_region,,경남,R3_사명교차전파
6669,농업회사법인(주)지리산하이포지피,top_addr,,경남 산청군 단성면 창촌리 산 6,R3_사명교차전파
6669,농업회사법인(주)지리산하이포지피,top_region,,경남,R3_사명교차전파
6670,풀무원식품(주),top_addr,,충북 음성군 대소면 삼양로 730-27,R3_사명교차전파
6670,풀무원식품(주),top_region,,충북,R3_사명교차전파
6671,풀무원식품(주),top_addr,,충북 음성군 대소면 삼양로 730-27,R3_사명교차전파
6671,풀무원식품(주),top_region,,충북,R3_사명교차전파
6672,풀무원식품(주),top_addr,,충북 음성군 대소면 삼양로 730-27,R3_사명교차전파
6672,풀무원식품(주),top_region,,충북,R3_사명교차전파
6673,풀무원식품(주),top_addr,,충북 음성군 대소면 삼양로 730-27,R3_사명교차전파
6673,풀무원식품(주),top_region,,충북,R3_사명교차전파
6674,풀무원식품(주),top_addr,,충북 음성군 대소면 삼양로 730-27,R3_사명교차전파
6674,풀무원식품(주),top_region,,충북,R3_사명교차전파
6675,풀무원식품(주),top_addr,,충북 음성군 대소면 삼양로 730-27,R3_사명교차전파
6675,풀무원식품(주),top_region,,충북,R3_사명교차전파
6676,풀무원식품(주),top_addr,,충북 음성군 대소면 삼양로 730-27,R3_사명교차전파
6676,풀무원식품(주),top_region,,충북,R3_사명교차전파
6677,풀무원식품(주),top_addr,,충북 음성군 대소면 삼양로 730-27,R3_사명교차전파
6677,풀무원식품(주),top_region,,충북,R3_사명교차전파
6686,오뚜기제유(주),top_addr,,충청북도 음성군 생극면 음성로 1506-27,R3_사명교차전파
6686,오뚜기제유(주),top_region,,충북,R3_사명교차전파
6687,오뚜기제유(주),top_addr,,충청북도 음성군 생극면 음성로 1506-27,R3_사명교차전파
6687,오뚜기제유(주),top_region,,충북,R3_사명교차전파
6688,오뚜기제유(주),top_addr,,충청북도 음성군 생극면 음성로 1506-27,R3_사명교차전파
6688,오뚜기제유(주),top_region,,충북,R3_사명교차전파
6689,오뚜기제유(주),top_addr,,충청북도 음성군 생극면 음성로 1506-27,R3_사명교차전파
6689,오뚜기제유(주),top_region,,충북,R3_사명교차전파
6690,오뚜기제유(주),top_addr,,충청북도 음성군 생극면 음성로 1506-27,R3_사명교차전파
6690,오뚜기제유(주),top_region,,충북,R3_사명교차전파
6691,오뚜기제유(주),top_addr,,충청북도 음성군 생극면 음성로 1506-27,R3_사명교차전파
6691,오뚜기제유(주),top_region,,충북,R3_사명교차전파
6692,(주)지알엠,top_addr,,경기도 김포시 통진읍 김포대로 1979,R3_사명교차전파
6692,(주)지알엠,top_region,,경기,R3_사명교차전파
6693,(주)지알엠,top_addr,,경기도 김포시 통진읍 김포대로 1979,R3_사명교차전파
6693,(주)지알엠,top_region,,경기,R3_사명교차전파
6694,(주)지알엠,top_addr,,경기도 김포시 통진읍 김포대로 1979,R3_사명교차전파
6694,(주)지알엠,top_region,,경기,R3_사명교차전파
6695,(주)지알엠,top_addr,,경기도 김포시 통진읍 김포대로 1979,R3_사명교차전파
6695,(주)지알엠,top_region,,경기,R3_사명교차전파
6696,(주)지알엠,top_addr,,경기도 김포시 통진읍 김포대로 1979,R3_사명교차전파
6696,(주)지알엠,top_region,,경기,R3_사명교차전파
6697,(주)지알엠,top_addr,,경기도 김포시 통진읍 김포대로 1979,R3_사명교차전파
6697,(주)지알엠,top_region,,경기,R3_사명교차전파
6698,(주)지알엠,top_addr,,경기도 김포시 통진읍 김포대로 1979,R3_사명교차전파
6698,(주)지알엠,top_region,,경기,R3_사명교차전파
6699,(주)지알엠,top_addr,,경기도 김포시 통진읍 김포대로 1979,R3_사명교차전파
6699,(주)지알엠,top_region,,경기,R3_사명교차전파
6700,(주)지알엠,top_addr,,경기도 김포시 통진읍 김포대로 1979,R3_사명교차전파
6700,(주)지알엠,top_region,,경기,R3_사명교차전파
6701,(주)지알엠,top_addr,,경기도 김포시 통진읍 김포대로 1979,R3_사명교차전파
6701,(주)지알엠,top_region,,경기,R3_사명교차전파
6702,(주)지알엠,top_addr,,경기도 김포시 통진읍 김포대로 1979,R3_사명교차전파
6702,(주)지알엠,top_region,,경기,R3_사명교차전파
6703,(주)지알엠,top_addr,,경기도 김포시 통진읍 김포대로 1979,R3_사명교차전파
6703,(주)지알엠,top_region,,경기,R3_사명교차전파
6704,(주)지알엠,top_addr,,경기도 김포시 통진읍 김포대로 1979,R3_사명교차전파
6704,(주)지알엠,top_region,,경기,R3_사명교차전파
6705,(주)지알엠,top_addr,,경기도 김포시 통진읍 김포대로 1979,R3_사명교차전파
6705,(주)지알엠,top_region,,경기,R3_사명교차전파
6706,(주)지알엠,top_addr,,경기도 김포시 통진읍 김포대로 1979,R3_사명교차전파
6706,(주)지알엠,top_region,,경기,R3_사명교차전파
6707,(주)지알엠,top_addr,,경기도 김포시 통진읍 김포대로 1979,R3_사명교차전파
6707,(주)지알엠,top_region,,경기,R3_사명교차전파
6708,(주)지알엠,top_addr,,경기도 김포시 통진읍 김포대로 1979,R3_사명교차전파
6708,(주)지알엠,top_region,,경기,R3_사명교차전파
6709,(주)지알엠,top_addr,,경기도 김포시 통진읍 김포대로 1979,R3_사명교차전파
6709,(주)지알엠,top_region,,경기,R3_사명교차전파
6710,(주)지알엠,top_addr,,경기도 김포시 통진읍 김포대로 1979,R3_사명교차전파
6710,(주)지알엠,top_region,,경기,R3_사명교차전파
6711,(주)지알엠,top_addr,,경기도 김포시 통진읍 김포대로 1979,R3_사명교차전파
6711,(주)지알엠,top_region,,경기,R3_사명교차전파
6712,계룡산업(주),top_addr,,대전광역시 서구 월평중로,R3_사명교차전파
6712,계룡산업(주),top_region,,대전,R3_사명교차전파
6713,계룡산업(주),top_addr,,대전광역시 서구 월평중로,R3_사명교차전파
6713,계룡산업(주),top_region,,대전,R3_사명교차전파
6714,계룡산업(주),top_addr,,대전광역시 서구 월평중로,R3_사명교차전파
6714,계룡산업(주),top_region,,대전,R3_사명교차전파
6725,(주)한화갤러리아타임월드,top_addr,,대전광역시 서구 대덕대로 211 (둔산동 갤러리아타임월드백화점),R3_사명교차전파
6725,(주)한화갤러리아타임월드,top_region,,대전,R3_사명교차전파
6726,(주)한화갤러리아타임월드,top_addr,,대전광역시 서구 대덕대로 211 (둔산동 갤러리아타임월드백화점),R3_사명교차전파
6726,(주)한화갤러리아타임월드,top_region,,대전,R3_사명교차전파
6727,(주)한화갤러리아타임월드,top_addr,,대전광역시 서구 대덕대로 211 (둔산동 갤러리아타임월드백화점),R3_사명교차전파
6727,(주)한화갤러리아타임월드,top_region,,대전,R3_사명교차전파
6728,(주)한화갤러리아타임월드,top_addr,,대전광역시 서구 대덕대로 211 (둔산동 갤러리아타임월드백화점),R3_사명교차전파
6728,(주)한화갤러리아타임월드,top_region,,대전,R3_사명교차전파
6729,(주)한화갤러리아타임월드,top_addr,,대전광역시 서구 대덕대로 211 (둔산동 갤러리아타임월드백화점),R3_사명교차전파
6729,(주)한화갤러리아타임월드,top_region,,대전,R3_사명교차전파
6730,(주)한화갤러리아타임월드,top_addr,,대전광역시 서구 대덕대로 211 (둔산동 갤러리아타임월드백화점),R3_사명교차전파
6730,(주)한화갤러리아타임월드,top_region,,대전,R3_사명교차전파
6731,(주)한화갤러리아타임월드,top_addr,,대전광역시 서구 대덕대로 211 (둔산동 갤러리아타임월드백화점),R3_사명교차전파
6731,(주)한화갤러리아타임월드,top_region,,대전,R3_사명교차전파
6732,(주)한화갤러리아타임월드,top_addr,,대전광역시 서구 대덕대로 211 (둔산동 갤러리아타임월드백화점),R3_사명교차전파
6732,(주)한화갤러리아타임월드,top_region,,대전,R3_사명교차전파
6733,(주)한화갤러리아타임월드,top_addr,,대전광역시 서구 대덕대로 211 (둔산동 갤러리아타임월드백화점),R3_사명교차전파
6733,(주)한화갤러리아타임월드,top_region,,대전,R3_사명교차전파
6734,(주)한화갤러리아타임월드,top_addr,,대전광역시 서구 대덕대로 211 (둔산동 갤러리아타임월드백화점),R3_사명교차전파
6734,(주)한화갤러리아타임월드,top_region,,대전,R3_사명교차전파
6735,(주)한화갤러리아타임월드,top_addr,,대전광역시 서구 대덕대로 211 (둔산동 갤러리아타임월드백화점),R3_사명교차전파
6735,(주)한화갤러리아타임월드,top_region,,대전,R3_사명교차전파
6736,(주)한화갤러리아타임월드,top_addr,,대전광역시 서구 대덕대로 211 (둔산동 갤러리아타임월드백화점),R3_사명교차전파
6736,(주)한화갤러리아타임월드,top_region,,대전,R3_사명교차전파
6737,(주)한화갤러리아타임월드,top_addr,,대전광역시 서구 대덕대로 211 (둔산동 갤러리아타임월드백화점),R3_사명교차전파
6737,(주)한화갤러리아타임월드,top_region,,대전,R3_사명교차전파
6738,(주)한화갤러리아타임월드,top_addr,,대전광역시 서구 대덕대로 211 (둔산동 갤러리아타임월드백화점),R3_사명교차전파
6738,(주)한화갤러리아타임월드,top_region,,대전,R3_사명교차전파
6739,(주)한화갤러리아타임월드,top_addr,,대전광역시 서구 대덕대로 211 (둔산동 갤러리아타임월드백화점),R3_사명교차전파
6739,(주)한화갤러리아타임월드,top_region,,대전,R3_사명교차전파
6740,(주)한화갤러리아타임월드,top_addr,,대전광역시 서구 대덕대로 211 (둔산동 갤러리아타임월드백화점),R3_사명교차전파
6740,(주)한화갤러리아타임월드,top_region,,대전,R3_사명교차전파
6741,(주)한화갤러리아타임월드,top_addr,,대전광역시 서구 대덕대로 211 (둔산동 갤러리아타임월드백화점),R3_사명교차전파
6741,(주)한화갤러리아타임월드,top_region,,대전,R3_사명교차전파
6742,(주)한화갤러리아타임월드,top_addr,,대전광역시 서구 대덕대로 211 (둔산동 갤러리아타임월드백화점),R3_사명교차전파
6742,(주)한화갤러리아타임월드,top_region,,대전,R3_사명교차전파
6781,한전원자력연료(주),top_addr,,대전광역시 유성구 대덕대로 989번길 242,R3_사명교차전파
6781,한전원자력연료(주),top_region,,대전,R3_사명교차전파
6782,한전원자력연료(주),top_addr,,대전광역시 유성구 대덕대로 989번길 242,R3_사명교차전파
6782,한전원자력연료(주),top_region,,대전,R3_사명교차전파
6783,한전원자력연료(주),top_addr,,대전광역시 유성구 대덕대로 989번길 242,R3_사명교차전파
6783,한전원자력연료(주),top_region,,대전,R3_사명교차전파
6784,한전원자력연료(주),top_addr,,대전광역시 유성구 대덕대로 989번길 242,R3_사명교차전파
6784,한전원자력연료(주),top_region,,대전,R3_사명교차전파
6785,한전원자력연료(주),top_addr,,대전광역시 유성구 대덕대로 989번길 242,R3_사명교차전파
6785,한전원자력연료(주),top_region,,대전,R3_사명교차전파
6786,미래에셋생명보험(주),top_addr,,서울특별시 영등포구 국제금융로 56 (여의도동 미래에셋증권빌딩),R3_사명교차전파
6786,미래에셋생명보험(주),top_region,,서울,R3_사명교차전파
6787,미래에셋생명보험(주),top_addr,,서울특별시 영등포구 국제금융로 56 (여의도동 미래에셋증권빌딩),R3_사명교차전파
6787,미래에셋생명보험(주),top_region,,서울,R3_사명교차전파
6788,미래에셋생명보험(주),top_addr,,서울특별시 영등포구 국제금융로 56 (여의도동 미래에셋증권빌딩),R3_사명교차전파
6788,미래에셋생명보험(주),top_region,,서울,R3_사명교차전파
6789,미래에셋생명보험(주),top_addr,,서울특별시 영등포구 국제금융로 56 (여의도동 미래에셋증권빌딩),R3_사명교차전파
6789,미래에셋생명보험(주),top_region,,서울,R3_사명교차전파
6790,미래에셋생명보험(주),top_addr,,서울특별시 영등포구 국제금융로 56 (여의도동 미래에셋증권빌딩),R3_사명교차전파
6790,미래에셋생명보험(주),top_region,,서울,R3_사명교차전파
6812,(주)농업회사법인주원산오리,top_addr,,충북 진천군 광혜원면 진광로 941-5,R3_사명교차전파
6812,(주)농업회사법인주원산오리,top_region,,충북,R3_사명교차전파
6813,(주)농업회사법인주원산오리,top_addr,,충북 진천군 광혜원면 진광로 941-5,R3_사명교차전파
6813,(주)농업회사법인주원산오리,top_region,,충북,R3_사명교차전파
6814,(주)농업회사법인주원산오리,top_addr,,충북 진천군 광혜원면 진광로 941-5,R3_사명교차전파
6814,(주)농업회사법인주원산오리,top_region,,충북,R3_사명교차전파
6815,(주)농업회사법인주원산오리,top_addr,,충북 진천군 광혜원면 진광로 941-5,R3_사명교차전파
6815,(주)농업회사법인주원산오리,top_region,,충북,R3_사명교차전파
6816,(주)농업회사법인주원산오리,top_addr,,충북 진천군 광혜원면 진광로 941-5,R3_사명교차전파
6816,(주)농업회사법인주원산오리,top_region,,충북,R3_사명교차전파
6817,(주)농업회사법인주원산오리,top_addr,,충북 진천군 광혜원면 진광로 941-5,R3_사명교차전파
6817,(주)농업회사법인주원산오리,top_region,,충북,R3_사명교차전파
6818,(주)농업회사법인주원산오리,top_addr,,충북 진천군 광혜원면 진광로 941-5,R3_사명교차전파
6818,(주)농업회사법인주원산오리,top_region,,충북,R3_사명교차전파
6819,(주)농업회사법인주원산오리,top_addr,,충북 진천군 광혜원면 진광로 941-5,R3_사명교차전파
6819,(주)농업회사법인주원산오리,top_region,,충북,R3_사명교차전파
6820,(주)농업회사법인주원산오리,top_addr,,충북 진천군 광혜원면 진광로 941-5,R3_사명교차전파
6820,(주)농업회사법인주원산오리,top_region,,충북,R3_사명교차전파
6821,(주)농업회사법인주원산오리,top_addr,,충북 진천군 광혜원면 진광로 941-5,R3_사명교차전파
6821,(주)농업회사법인주원산오리,top_region,,충북,R3_사명교차전파
6822,(주)농업회사법인주원산오리,top_addr,,충북 진천군 광혜원면 진광로 941-5,R3_사명교차전파
6822,(주)농업회사법인주원산오리,top_region,,충북,R3_사명교차전파
6823,(주)농업회사법인주원산오리,top_addr,,충북 진천군 광혜원면 진광로 941-5,R3_사명교차전파
6823,(주)농업회사법인주원산오리,top_region,,충북,R3_사명교차전파
6824,(주)농업회사법인주원산오리,top_addr,,충북 진천군 광혜원면 진광로 941-5,R3_사명교차전파
6824,(주)농업회사법인주원산오리,top_region,,충북,R3_사명교차전파
6825,(주)농업회사법인주원산오리,top_addr,,충북 진천군 광혜원면 진광로 941-5,R3_사명교차전파
6825,(주)농업회사법인주원산오리,top_region,,충북,R3_사명교차전파
6826,(주)농업회사법인주원산오리,top_addr,,충북 진천군 광혜원면 진광로 941-5,R3_사명교차전파
6826,(주)농업회사법인주원산오리,top_region,,충북,R3_사명교차전파
6827,(주)농업회사법인주원산오리,top_addr,,충북 진천군 광혜원면 진광로 941-5,R3_사명교차전파
6827,(주)농업회사법인주원산오리,top_region,,충북,R3_사명교차전파
6828,(주)농업회사법인주원산오리,top_addr,,충북 진천군 광혜원면 진광로 941-5,R3_사명교차전파
6828,(주)농업회사법인주원산오리,top_region,,충북,R3_사명교차전파
6829,(주)농업회사법인주원산오리,top_addr,,충북 진천군 광혜원면 진광로 941-5,R3_사명교차전파
6829,(주)농업회사법인주원산오리,top_region,,충북,R3_사명교차전파
6830,코닉오토메이션(주),top_addr,,경기도 화성시 동탄산단9길 23-12,R3_사명교차전파
6830,코닉오토메이션(주),top_region,,경기,R3_사명교차전파
6831,코닉오토메이션(주),top_addr,,경기도 화성시 동탄산단9길 23-12,R3_사명교차전파
6831,코닉오토메이션(주),top_region,,경기,R3_사명교차전파
6832,코닉오토메이션(주),top_addr,,경기도 화성시 동탄산단9길 23-12,R3_사명교차전파
6832,코닉오토메이션(주),top_region,,경기,R3_사명교차전파
6833,코닉오토메이션(주),top_addr,,경기도 화성시 동탄산단9길 23-12,R3_사명교차전파
6833,코닉오토메이션(주),top_region,,경기,R3_사명교차전파
6834,코닉오토메이션(주),top_addr,,경기도 화성시 동탄산단9길 23-12,R3_사명교차전파
6834,코닉오토메이션(주),top_region,,경기,R3_사명교차전파
6835,코닉오토메이션(주),top_addr,,경기도 화성시 동탄산단9길 23-12,R3_사명교차전파
6835,코닉오토메이션(주),top_region,,경기,R3_사명교차전파
6849,케이알유통(주),top_addr,,대전광역시 동구 은어송로,R3_사명교차전파
6849,케이알유통(주),top_region,,대전,R3_사명교차전파
6850,케이알유통(주),top_addr,,대전광역시 동구 은어송로,R3_사명교차전파
6850,케이알유통(주),top_region,,대전,R3_사명교차전파
6851,케이알유통(주),top_addr,,대전광역시 동구 은어송로,R3_사명교차전파
6851,케이알유통(주),top_region,,대전,R3_사명교차전파
6852,씨제이포디플렉스(주),top_addr,,서울시 용산구 한강대로 23길 55 아이파크몰 6층(한강로3가),R3_사명교차전파
6852,씨제이포디플렉스(주),top_region,,서울,R3_사명교차전파
6853,씨제이포디플렉스(주),top_addr,,서울시 용산구 한강대로 23길 55 아이파크몰 6층(한강로3가),R3_사명교차전파
6853,씨제이포디플렉스(주),top_region,,서울,R3_사명교차전파
6854,씨제이포디플렉스(주),top_addr,,서울시 용산구 한강대로 23길 55 아이파크몰 6층(한강로3가),R3_사명교차전파
6854,씨제이포디플렉스(주),top_region,,서울,R3_사명교차전파
6855,씨제이포디플렉스(주),top_addr,,서울시 용산구 한강대로 23길 55 아이파크몰 6층(한강로3가),R3_사명교차전파
6855,씨제이포디플렉스(주),top_region,,서울,R3_사명교차전파
6856,씨제이포디플렉스(주),top_addr,,서울시 용산구 한강대로 23길 55 아이파크몰 6층(한강로3가),R3_사명교차전파
6856,씨제이포디플렉스(주),top_region,,서울,R3_사명교차전파
6857,씨제이포디플렉스(주),top_addr,,서울시 용산구 한강대로 23길 55 아이파크몰 6층(한강로3가),R3_사명교차전파
6857,씨제이포디플렉스(주),top_region,,서울,R3_사명교차전파
6858,씨제이포디플렉스(주),top_addr,,서울시 용산구 한강대로 23길 55 아이파크몰 6층(한강로3가),R3_사명교차전파
6858,씨제이포디플렉스(주),top_region,,서울,R3_사명교차전파
6859,씨제이포디플렉스(주),top_addr,,서울시 용산구 한강대로 23길 55 아이파크몰 6층(한강로3가),R3_사명교차전파
6859,씨제이포디플렉스(주),top_region,,서울,R3_사명교차전파
6860,씨제이포디플렉스(주),top_addr,,서울시 용산구 한강대로 23길 55 아이파크몰 6층(한강로3가),R3_사명교차전파
6860,씨제이포디플렉스(주),top_region,,서울,R3_사명교차전파
6861,씨제이포디플렉스(주),top_addr,,서울시 용산구 한강대로 23길 55 아이파크몰 6층(한강로3가),R3_사명교차전파
6861,씨제이포디플렉스(주),top_region,,서울,R3_사명교차전파
6862,제일사료(주),top_addr,,대전시 대덕구 대전로 1331번길 240,R3_사명교차전파
6862,제일사료(주),top_region,,대전,R3_사명교차전파
6863,제일사료(주),top_addr,,대전시 대덕구 대전로 1331번길 240,R3_사명교차전파
6863,제일사료(주),top_region,,대전,R3_사명교차전파
6864,제일사료(주),top_addr,,대전시 대덕구 대전로 1331번길 240,R3_사명교차전파
6864,제일사료(주),top_region,,대전,R3_사명교차전파
6865,제일사료(주),top_addr,,대전시 대덕구 대전로 1331번길 240,R3_사명교차전파
6865,제일사료(주),top_region,,대전,R3_사명교차전파
6866,제일사료(주),top_addr,,대전시 대덕구 대전로 1331번길 240,R3_사명교차전파
6866,제일사료(주),top_region,,대전,R3_사명교차전파
6867,제일사료(주),top_addr,,대전시 대덕구 대전로 1331번길 240,R3_사명교차전파
6867,제일사료(주),top_region,,대전,R3_사명교차전파
6868,제일사료(주),top_addr,,대전시 대덕구 대전로 1331번길 240,R3_사명교차전파
6868,제일사료(주),top_region,,대전,R3_사명교차전파
6869,제일사료(주),top_addr,,대전시 대덕구 대전로 1331번길 240,R3_사명교차전파
6869,제일사료(주),top_region,,대전,R3_사명교차전파
6870,제일사료(주),top_addr,,대전시 대덕구 대전로 1331번길 240,R3_사명교차전파
6870,제일사료(주),top_region,,대전,R3_사명교차전파
6871,제일사료(주),top_addr,,대전시 대덕구 대전로 1331번길 240,R3_사명교차전파
6871,제일사료(주),top_region,,대전,R3_사명교차전파
6872,제일사료(주),top_addr,,대전시 대덕구 대전로 1331번길 240,R3_사명교차전파
6872,제일사료(주),top_region,,대전,R3_사명교차전파
6873,제일사료(주),top_addr,,대전시 대덕구 대전로 1331번길 240,R3_사명교차전파
6873,제일사료(주),top_region,,대전,R3_사명교차전파
6874,제일사료(주),top_addr,,대전시 대덕구 대전로 1331번길 240,R3_사명교차전파
6874,제일사료(주),top_region,,대전,R3_사명교차전파
6875,제일사료(주),top_addr,,대전시 대덕구 대전로 1331번길 240,R3_사명교차전파
6875,제일사료(주),top_region,,대전,R3_사명교차전파
6876,제일사료(주),top_addr,,대전시 대덕구 대전로 1331번길 240,R3_사명교차전파
6876,제일사료(주),top_region,,대전,R3_사명교차전파
6877,제일사료(주),top_addr,,대전시 대덕구 대전로 1331번길 240,R3_사명교차전파
6877,제일사료(주),top_region,,대전,R3_사명교차전파
6878,제일사료(주),top_addr,,대전시 대덕구 대전로 1331번길 240,R3_사명교차전파
6878,제일사료(주),top_region,,대전,R3_사명교차전파
6879,제일사료(주),top_addr,,대전시 대덕구 대전로 1331번길 240,R3_사명교차전파
6879,제일사료(주),top_region,,대전,R3_사명교차전파
6915,아세아산업개발(주),top_addr,,충청남도 공주시 우성면 방흥리 산32-9,R3_사명교차전파
6915,아세아산업개발(주),top_region,,충남,R3_사명교차전파
6916,아세아산업개발(주),top_addr,,충청남도 공주시 우성면 방흥리 산32-9,R3_사명교차전파
6916,아세아산업개발(주),top_region,,충남,R3_사명교차전파
6917,아세아산업개발(주),top_addr,,충청남도 공주시 우성면 방흥리 산32-9,R3_사명교차전파
6917,아세아산업개발(주),top_region,,충남,R3_사명교차전파
6918,아세아산업개발(주),top_addr,,충청남도 공주시 우성면 방흥리 산32-9,R3_사명교차전파
6918,아세아산업개발(주),top_region,,충남,R3_사명교차전파
6919,아세아산업개발(주),top_addr,,충청남도 공주시 우성면 방흥리 산32-9,R3_사명교차전파
6919,아세아산업개발(주),top_region,,충남,R3_사명교차전파
6920,아세아산업개발(주),top_addr,,충청남도 공주시 우성면 방흥리 산32-9,R3_사명교차전파
6920,아세아산업개발(주),top_region,,충남,R3_사명교차전파
7042,현대에코에너지(주),top_addr,,충남 서산시,R3_사명교차전파
7042,현대에코에너지(주),top_region,,충남,R3_사명교차전파
7043,현대에코에너지(주),top_addr,,충남 서산시,R3_사명교차전파
7043,현대에코에너지(주),top_region,,충남,R3_사명교차전파
7044,현대에코에너지(주),top_addr,,충남 서산시,R3_사명교차전파
7044,현대에코에너지(주),top_region,,충남,R3_사명교차전파
7045,현대에코에너지(주),top_addr,,충남 서산시,R3_사명교차전파
7045,현대에코에너지(주),top_region,,충남,R3_사명교차전파
7046,현대에코에너지(주),top_addr,,충남 서산시,R3_사명교차전파
7046,현대에코에너지(주),top_region,,충남,R3_사명교차전파
7047,현대에코에너지(주),top_addr,,충남 서산시,R3_사명교차전파
7047,현대에코에너지(주),top_region,,충남,R3_사명교차전파
7048,현대에코에너지(주),top_addr,,충남 서산시,R3_사명교차전파
7048,현대에코에너지(주),top_region,,충남,R3_사명교차전파
7049,현대에코에너지(주),top_addr,,충남 서산시,R3_사명교차전파
7049,현대에코에너지(주),top_region,,충남,R3_사명교차전파
7050,현대에코에너지(주),top_addr,,충남 서산시,R3_사명교차전파
7050,현대에코에너지(주),top_region,,충남,R3_사명교차전파
7051,현대에코에너지(주),top_addr,,충남 서산시,R3_사명교차전파
7051,현대에코에너지(주),top_region,,충남,R3_사명교차전파
7052,현대에코에너지(주),top_addr,,충남 서산시,R3_사명교차전파
7052,현대에코에너지(주),top_region,,충남,R3_사명교차전파
7053,현대에코에너지(주),top_addr,,충남 서산시,R3_사명교차전파
7053,현대에코에너지(주),top_region,,충남,R3_사명교차전파
7054,현대에코에너지(주),top_addr,,충남 서산시,R3_사명교차전파
7054,현대에코에너지(주),top_region,,충남,R3_사명교차전파
7055,현대에코에너지(주),top_addr,,충남 서산시,R3_사명교차전파
7055,현대에코에너지(주),top_region,,충남,R3_사명교차전파
7056,현대에코에너지(주),top_addr,,충남 서산시,R3_사명교차전파
7056,현대에코에너지(주),top_region,,충남,R3_사명교차전파
7057,현대에코에너지(주),top_addr,,충남 서산시,R3_사명교차전파
7057,현대에코에너지(주),top_region,,충남,R3_사명교차전파
7058,현대에코에너지(주),top_addr,,충남 서산시,R3_사명교차전파
7058,현대에코에너지(주),top_region,,충남,R3_사명교차전파
7059,현대에코에너지(주),top_addr,,충남 서산시,R3_사명교차전파
7059,현대에코에너지(주),top_region,,충남,R3_사명교차전파
7060,현대에코에너지(주),top_addr,,충남 서산시,R3_사명교차전파
7060,현대에코에너지(주),top_region,,충남,R3_사명교차전파
7074,세메스(주),top_addr,,충청남도 천안시 서북구 직산읍 4산단5길 77,R3_사명교차전파
7074,세메스(주),top_region,,충남,R3_사명교차전파
7075,세메스(주),top_addr,,충청남도 천안시 서북구 직산읍 4산단5길 77,R3_사명교차전파
7075,세메스(주),top_region,,충남,R3_사명교차전파
7076,세메스(주),top_addr,,충청남도 천안시 서북구 직산읍 4산단5길 77,R3_사명교차전파
7076,세메스(주),top_region,,충남,R3_사명교차전파
7077,세메스(주),top_addr,,충청남도 천안시 서북구 직산읍 4산단5길 77,R3_사명교차전파
7077,세메스(주),top_region,,충남,R3_사명교차전파
7078,세메스(주),top_addr,,충청남도 천안시 서북구 직산읍 4산단5길 77,R3_사명교차전파
7078,세메스(주),top_region,,충남,R3_사명교차전파
7079,세메스(주),top_addr,,충청남도 천안시 서북구 직산읍 4산단5길 77,R3_사명교차전파
7079,세메스(주),top_region,,충남,R3_사명교차전파
7080,세메스(주),top_addr,,충청남도 천안시 서북구 직산읍 4산단5길 77,R3_사명교차전파
7080,세메스(주),top_region,,충남,R3_사명교차전파
7081,세메스(주),top_addr,,충청남도 천안시 서북구 직산읍 4산단5길 77,R3_사명교차전파
7081,세메스(주),top_region,,충남,R3_사명교차전파
7082,세메스(주),top_addr,,충청남도 천안시 서북구 직산읍 4산단5길 77,R3_사명교차전파
7082,세메스(주),top_region,,충남,R3_사명교차전파
7083,세메스(주),top_addr,,충청남도 천안시 서북구 직산읍 4산단5길 77,R3_사명교차전파
7083,세메스(주),top_region,,충남,R3_사명교차전파
7084,천안기업(주),top_addr,,충남 천안시,R3_사명교차전파
7084,천안기업(주),top_region,,충남,R3_사명교차전파
7085,천안기업(주),top_addr,,충남 천안시,R3_사명교차전파
7085,천안기업(주),top_region,,충남,R3_사명교차전파
7086,천안기업(주),top_addr,,충남 천안시,R3_사명교차전파
7086,천안기업(주),top_region,,충남,R3_사명교차전파
7087,천안기업(주),top_addr,,충남 천안시,R3_사명교차전파
7087,천안기업(주),top_region,,충남,R3_사명교차전파
7088,천안기업(주),top_addr,,충남 천안시,R3_사명교차전파
7088,천안기업(주),top_region,,충남,R3_사명교차전파
7089,천안기업(주),top_addr,,충남 천안시,R3_사명교차전파
7089,천안기업(주),top_region,,충남,R3_사명교차전파
7090,천안기업(주),top_addr,,충남 천안시,R3_사명교차전파
7090,천안기업(주),top_region,,충남,R3_사명교차전파
7091,천안기업(주),top_addr,,충남 천안시,R3_사명교차전파
7091,천안기업(주),top_region,,충남,R3_사명교차전파
7092,천안기업(주),top_addr,,충남 천안시,R3_사명교차전파
7092,천안기업(주),top_region,,충남,R3_사명교차전파
7101,(주)동원홈푸드,top_addr,,서울특별시 서초구 마방로 68,R3_사명교차전파
7101,(주)동원홈푸드,top_region,,서울,R3_사명교차전파
7102,(주)동원홈푸드,top_addr,,서울특별시 서초구 마방로 68,R3_사명교차전파
7102,(주)동원홈푸드,top_region,,서울,R3_사명교차전파
7103,(주)동원홈푸드,top_addr,,서울특별시 서초구 마방로 68,R3_사명교차전파
7103,(주)동원홈푸드,top_region,,서울,R3_사명교차전파
7104,(주)동원홈푸드,top_addr,,서울특별시 서초구 마방로 68,R3_사명교차전파
7104,(주)동원홈푸드,top_region,,서울,R3_사명교차전파
7105,(주)동원홈푸드,top_addr,,서울특별시 서초구 마방로 68,R3_사명교차전파
7105,(주)동원홈푸드,top_region,,서울,R3_사명교차전파
7106,(주)동원홈푸드,top_addr,,서울특별시 서초구 마방로 68,R3_사명교차전파
7106,(주)동원홈푸드,top_region,,서울,R3_사명교차전파
7107,(주)동원홈푸드,top_addr,,서울특별시 서초구 마방로 68,R3_사명교차전파
7107,(주)동원홈푸드,top_region,,서울,R3_사명교차전파
7108,(주)동원홈푸드,top_addr,,서울특별시 서초구 마방로 68,R3_사명교차전파
7108,(주)동원홈푸드,top_region,,서울,R3_사명교차전파
7109,(주)동원홈푸드,top_addr,,서울특별시 서초구 마방로 68,R3_사명교차전파
7109,(주)동원홈푸드,top_region,,서울,R3_사명교차전파
7114,해태제과식품(주),top_addr,,충청남도 천안시,R3_사명교차전파
7114,해태제과식품(주),top_region,,충남,R3_사명교차전파
7115,해태제과식품(주),top_addr,,충청남도 천안시,R3_사명교차전파
7115,해태제과식품(주),top_region,,충남,R3_사명교차전파
7116,해태제과식품(주),top_addr,,충청남도 천안시,R3_사명교차전파
7116,해태제과식품(주),top_region,,충남,R3_사명교차전파
7123,(주)서연오토비전,top_addr,,충청남도 당진시 합덕읍 거섬들 2길 45,R3_사명교차전파
7123,(주)서연오토비전,top_region,,충남,R3_사명교차전파
7124,(주)서연오토비전,top_addr,,충청남도 당진시 합덕읍 거섬들 2길 45,R3_사명교차전파
7124,(주)서연오토비전,top_region,,충남,R3_사명교차전파
7125,(주)서연오토비전,top_addr,,충청남도 당진시 합덕읍 거섬들 2길 45,R3_사명교차전파
7125,(주)서연오토비전,top_region,,충남,R3_사명교차전파
7126,(주)서연오토비전,top_addr,,충청남도 당진시 합덕읍 거섬들 2길 45,R3_사명교차전파
7126,(주)서연오토비전,top_region,,충남,R3_사명교차전파
7127,(주)서연오토비전,top_addr,,충청남도 당진시 합덕읍 거섬들 2길 45,R3_사명교차전파
7127,(주)서연오토비전,top_region,,충남,R3_사명교차전파
7128,(주)제니스월드,top_addr,,충북 진천군 이월면 밤디길 68,R3_사명교차전파
7128,(주)제니스월드,top_region,,충북,R3_사명교차전파
7129,(주)제니스월드,top_addr,,충북 진천군 이월면 밤디길 68,R3_사명교차전파
7129,(주)제니스월드,top_region,,충북,R3_사명교차전파
7130,(주)제니스월드,top_addr,,충북 진천군 이월면 밤디길 68,R3_사명교차전파
7130,(주)제니스월드,top_region,,충북,R3_사명교차전파
7131,(주)제니스월드,top_addr,,충북 진천군 이월면 밤디길 68,R3_사명교차전파
7131,(주)제니스월드,top_region,,충북,R3_사명교차전파
7132,(주)제니스월드,top_addr,,충북 진천군 이월면 밤디길 68,R3_사명교차전파
7132,(주)제니스월드,top_region,,충북,R3_사명교차전파
7133,(주)제니스월드,top_addr,,충북 진천군 이월면 밤디길 68,R3_사명교차전파
7133,(주)제니스월드,top_region,,충북,R3_사명교차전파
7148,하나머티리얼즈(주),top_addr,,충남 천안시 서북구 3공단 3로 42,R3_사명교차전파
7148,하나머티리얼즈(주),top_region,,충남,R3_사명교차전파
7154,(주)이지팜스,top_addr,,천안,R3_사명교차전파
7155,(주)이지팜스,top_addr,,천안,R3_사명교차전파
7156,(주)이지팜스,top_addr,,천안,R3_사명교차전파
7157,(주)이지팜스,top_addr,,천안,R3_사명교차전파
7158,(주)이지팜스,top_addr,,천안,R3_사명교차전파
7159,(주)이지팜스,top_addr,,천안,R3_사명교차전파
7160,(주)이지팜스,top_addr,,천안,R3_사명교차전파
7164,상미식품(주),top_addr,,충청남도 천안시 동남구 수신면 수신로 503,R3_사명교차전파
7164,상미식품(주),top_region,,충남,R3_사명교차전파
7165,상미식품(주),top_addr,,충청남도 천안시 동남구 수신면 수신로 503,R3_사명교차전파
7165,상미식품(주),top_region,,충남,R3_사명교차전파
7166,상미식품(주),top_addr,,충청남도 천안시 동남구 수신면 수신로 503,R3_사명교차전파
7166,상미식품(주),top_region,,충남,R3_사명교차전파
7167,상미식품(주),top_addr,,충청남도 천안시 동남구 수신면 수신로 503,R3_사명교차전파
7167,상미식품(주),top_region,,충남,R3_사명교차전파
7168,상미식품(주),top_addr,,충청남도 천안시 동남구 수신면 수신로 503,R3_사명교차전파
7168,상미식품(주),top_region,,충남,R3_사명교차전파
7169,상미식품(주),top_addr,,충청남도 천안시 동남구 수신면 수신로 503,R3_사명교차전파
7169,상미식품(주),top_region,,충남,R3_사명교차전파
7180,(주)농업회사법인한국원종,top_addr,,충북 청주시 청원구 오창읍 중부로 1555 3층,R3_사명교차전파
7180,(주)농업회사법인한국원종,top_region,,충북,R3_사명교차전파
7181,(주)농업회사법인한국원종,top_addr,,충북 청주시 청원구 오창읍 중부로 1555 3층,R3_사명교차전파
7181,(주)농업회사법인한국원종,top_region,,충북,R3_사명교차전파
7182,(주)농업회사법인한국원종,top_addr,,충북 청주시 청원구 오창읍 중부로 1555 3층,R3_사명교차전파
7182,(주)농업회사법인한국원종,top_region,,충북,R3_사명교차전파
7248,(주)경보제약,top_addr,,충남 아산시 실옥동 345-6,R3_사명교차전파
7248,(주)경보제약,top_region,,충남,R3_사명교차전파
7249,(주)경보제약,top_addr,,충남 아산시 실옥동 345-6,R3_사명교차전파
7249,(주)경보제약,top_region,,충남,R3_사명교차전파
7250,(주)경보제약,top_addr,,충남 아산시 실옥동 345-6,R3_사명교차전파
7250,(주)경보제약,top_region,,충남,R3_사명교차전파
7254,(주)명신,top_addr,,군산,R3_사명교차전파
7255,(주)명신,top_addr,,군산,R3_사명교차전파
7256,(주)명신,top_addr,,군산,R3_사명교차전파
7266,(주)신원,top_addr,,서울특별시 마포구  독막로 328 신원빌딩,R3_사명교차전파
7266,(주)신원,top_region,,서울,R3_사명교차전파
7266,(주)신원,top_sicNm,,여자용 겉옷 제조업,R3_사명교차전파
7267,(주)신원,top_addr,,서울특별시 마포구  독막로 328 신원빌딩,R3_사명교차전파
7267,(주)신원,top_region,,서울,R3_사명교차전파
7267,(주)신원,top_sicNm,,여자용 겉옷 제조업,R3_사명교차전파
7279,에스와이빌드(주),top_addr,,충남 아산시 인주면,R3_사명교차전파
7279,에스와이빌드(주),top_region,,충남,R3_사명교차전파
7280,에스와이빌드(주),top_addr,,충남 아산시 인주면,R3_사명교차전파
7280,에스와이빌드(주),top_region,,충남,R3_사명교차전파
7281,에스와이빌드(주),top_addr,,충남 아산시 인주면,R3_사명교차전파
7281,에스와이빌드(주),top_region,,충남,R3_사명교차전파
7293,(주)엔티엠,top_addr,,충남 아산시 인주면 인주로 304-88,R3_사명교차전파
7293,(주)엔티엠,top_region,,충남,R3_사명교차전파
7294,(주)엔티엠,top_addr,,충남 아산시 인주면 인주로 304-88,R3_사명교차전파
7294,(주)엔티엠,top_region,,충남,R3_사명교차전파
7295,(주)엔티엠,top_addr,,충남 아산시 인주면 인주로 304-88,R3_사명교차전파
7295,(주)엔티엠,top_region,,충남,R3_사명교차전파
7296,(주)엔티엠,top_addr,,충남 아산시 인주면 인주로 304-88,R3_사명교차전파
7296,(주)엔티엠,top_region,,충남,R3_사명교차전파
7297,(주)엔티엠,top_addr,,충남 아산시 인주면 인주로 304-88,R3_사명교차전파
7297,(주)엔티엠,top_region,,충남,R3_사명교차전파
7298,(주)엔티엠,top_addr,,충남 아산시 인주면 인주로 304-88,R3_사명교차전파
7298,(주)엔티엠,top_region,,충남,R3_사명교차전파
7301,(주)신암정유,top_addr,,충남 예산군 신암면 조곡리 9-30번지,R3_사명교차전파
7301,(주)신암정유,top_region,,충남,R3_사명교차전파
7326,(주)미래엔서해에너지,top_addr,,충청남도 당진시 시곡로 348,R3_사명교차전파
7326,(주)미래엔서해에너지,top_region,,충남,R3_사명교차전파
7327,(주)미래엔서해에너지,top_addr,,충청남도 당진시 시곡로 348,R3_사명교차전파
7327,(주)미래엔서해에너지,top_region,,충남,R3_사명교차전파
7328,(주)미래엔서해에너지,top_addr,,충청남도 당진시 시곡로 348,R3_사명교차전파
7328,(주)미래엔서해에너지,top_region,,충남,R3_사명교차전파
7455,평화기공(주),top_addr,,대구시 달성군,R3_사명교차전파
7455,평화기공(주),top_region,,대구,R3_사명교차전파
7456,평화기공(주),top_addr,,대구시 달성군,R3_사명교차전파
7456,평화기공(주),top_region,,대구,R3_사명교차전파
7457,평화기공(주),top_addr,,대구시 달성군,R3_사명교차전파
7457,평화기공(주),top_region,,대구,R3_사명교차전파
7458,평화기공(주),top_addr,,대구시 달성군,R3_사명교차전파
7458,평화기공(주),top_region,,대구,R3_사명교차전파
7459,평화기공(주),top_addr,,대구시 달성군,R3_사명교차전파
7459,평화기공(주),top_region,,대구,R3_사명교차전파
7463,경창정공(주),top_addr,,대구광역시 달성군 구지면 국가산단대로 33길,R3_사명교차전파
7463,경창정공(주),top_region,,대구,R3_사명교차전파
7464,경창정공(주),top_addr,,대구광역시 달성군 구지면 국가산단대로 33길,R3_사명교차전파
7464,경창정공(주),top_region,,대구,R3_사명교차전파
7472,동원파이프(주),top_addr,,대구 이현동,R3_사명교차전파
7472,동원파이프(주),top_region,,대구,R3_사명교차전파
7494,하이드로텍(주),top_addr,,대구 달서구 갈산동 성서로68길 3,R3_사명교차전파
7494,하이드로텍(주),top_region,,대구,R3_사명교차전파
7495,하이드로텍(주),top_addr,,대구 달서구 갈산동 성서로68길 3,R3_사명교차전파
7495,하이드로텍(주),top_region,,대구,R3_사명교차전파
7496,하이드로텍(주),top_addr,,대구 달서구 갈산동 성서로68길 3,R3_사명교차전파
7496,하이드로텍(주),top_region,,대구,R3_사명교차전파
7497,하이드로텍(주),top_addr,,대구 달서구 갈산동 성서로68길 3,R3_사명교차전파
7497,하이드로텍(주),top_region,,대구,R3_사명교차전파
7507,(주)평화이엔지,top_addr,,대구시 달성군,R3_사명교차전파
7507,(주)평화이엔지,top_region,,대구,R3_사명교차전파
7508,(주)평화이엔지,top_addr,,대구시 달성군,R3_사명교차전파
7508,(주)평화이엔지,top_region,,대구,R3_사명교차전파
7509,(주)평화이엔지,top_addr,,대구시 달성군,R3_사명교차전파
7509,(주)평화이엔지,top_region,,대구,R3_사명교차전파
7510,(주)평화이엔지,top_addr,,대구시 달성군,R3_사명교차전파
7510,(주)평화이엔지,top_region,,대구,R3_사명교차전파
7511,(주)평화이엔지,top_addr,,대구시 달성군,R3_사명교차전파
7511,(주)평화이엔지,top_region,,대구,R3_사명교차전파
7512,(주)이월드,top_addr,,대구광역시 달서구 두류공원로 200,R3_사명교차전파
7512,(주)이월드,top_region,,대구,R3_사명교차전파
7513,(주)이월드,top_addr,,대구광역시 달서구 두류공원로 200,R3_사명교차전파
7513,(주)이월드,top_region,,대구,R3_사명교차전파
7514,(주)이월드,top_addr,,대구광역시 달서구 두류공원로 200,R3_사명교차전파
7514,(주)이월드,top_region,,대구,R3_사명교차전파
7515,평화산업(주),top_addr,,대구시 달성군,R3_사명교차전파
7515,평화산업(주),top_region,,대구,R3_사명교차전파
7516,평화산업(주),top_addr,,대구시 달성군,R3_사명교차전파
7516,평화산업(주),top_region,,대구,R3_사명교차전파
7517,평화산업(주),top_addr,,대구시 달성군,R3_사명교차전파
7517,평화산업(주),top_region,,대구,R3_사명교차전파
7518,평화산업(주),top_addr,,대구시 달성군,R3_사명교차전파
7518,평화산업(주),top_region,,대구,R3_사명교차전파
7519,평화산업(주),top_addr,,대구시 달성군,R3_사명교차전파
7519,평화산업(주),top_region,,대구,R3_사명교차전파
7520,알피니언메디칼시스템(주),top_addr,,경기도 화성시 만년로 905-17,R3_사명교차전파
7520,알피니언메디칼시스템(주),top_region,,경기,R3_사명교차전파
7521,알피니언메디칼시스템(주),top_addr,,경기도 화성시 만년로 905-17,R3_사명교차전파
7521,알피니언메디칼시스템(주),top_region,,경기,R3_사명교차전파
7522,알피니언메디칼시스템(주),top_addr,,경기도 화성시 만년로 905-17,R3_사명교차전파
7522,알피니언메디칼시스템(주),top_region,,경기,R3_사명교차전파
7523,알피니언메디칼시스템(주),top_addr,,경기도 화성시 만년로 905-17,R3_사명교차전파
7523,알피니언메디칼시스템(주),top_region,,경기,R3_사명교차전파
7524,알피니언메디칼시스템(주),top_addr,,경기도 화성시 만년로 905-17,R3_사명교차전파
7524,알피니언메디칼시스템(주),top_region,,경기,R3_사명교차전파
7525,알피니언메디칼시스템(주),top_addr,,경기도 화성시 만년로 905-17,R3_사명교차전파
7525,알피니언메디칼시스템(주),top_region,,경기,R3_사명교차전파
7526,(주)신세계동대구복합환승센터,top_addr,,대구시 동구 동부로 149,R3_사명교차전파
7526,(주)신세계동대구복합환승센터,top_region,,대구,R3_사명교차전파
7527,(주)신세계동대구복합환승센터,top_addr,,대구시 동구 동부로 149,R3_사명교차전파
7527,(주)신세계동대구복합환승센터,top_region,,대구,R3_사명교차전파
7528,(주)신세계동대구복합환승센터,top_addr,,대구시 동구 동부로 149,R3_사명교차전파
7528,(주)신세계동대구복합환승센터,top_region,,대구,R3_사명교차전파
7529,(주)신세계동대구복합환승센터,top_addr,,대구시 동구 동부로 149,R3_사명교차전파
7529,(주)신세계동대구복합환승센터,top_region,,대구,R3_사명교차전파
7530,(주)신세계동대구복합환승센터,top_addr,,대구시 동구 동부로 149,R3_사명교차전파
7530,(주)신세계동대구복합환승센터,top_region,,대구,R3_사명교차전파
7531,(주)신세계동대구복합환승센터,top_addr,,대구시 동구 동부로 149,R3_사명교차전파
7531,(주)신세계동대구복합환승센터,top_region,,대구,R3_사명교차전파
7532,(주)신세계동대구복합환승센터,top_addr,,대구시 동구 동부로 149,R3_사명교차전파
7532,(주)신세계동대구복합환승센터,top_region,,대구,R3_사명교차전파
7533,(주)신세계동대구복합환승센터,top_addr,,대구시 동구 동부로 149,R3_사명교차전파
7533,(주)신세계동대구복합환승센터,top_region,,대구,R3_사명교차전파
7534,(주)신세계동대구복합환승센터,top_addr,,대구시 동구 동부로 149,R3_사명교차전파
7534,(주)신세계동대구복합환승센터,top_region,,대구,R3_사명교차전파
7535,(주)신세계동대구복합환승센터,top_addr,,대구시 동구 동부로 149,R3_사명교차전파
7535,(주)신세계동대구복합환승센터,top_region,,대구,R3_사명교차전파
7536,(주)신세계동대구복합환승센터,top_addr,,대구시 동구 동부로 149,R3_사명교차전파
7536,(주)신세계동대구복합환승센터,top_region,,대구,R3_사명교차전파
7537,(주)신세계동대구복합환승센터,top_addr,,대구시 동구 동부로 149,R3_사명교차전파
7537,(주)신세계동대구복합환승센터,top_region,,대구,R3_사명교차전파
7538,(주)신세계동대구복합환승센터,top_addr,,대구시 동구 동부로 149,R3_사명교차전파
7538,(주)신세계동대구복합환승센터,top_region,,대구,R3_사명교차전파
7539,에이비테크(주),top_addr,,대구광역시 달성군 구지면 달성2차4로 75,R3_사명교차전파
7539,에이비테크(주),top_region,,대구,R3_사명교차전파
7540,에이비테크(주),top_addr,,대구광역시 달성군 구지면 달성2차4로 75,R3_사명교차전파
7540,에이비테크(주),top_region,,대구,R3_사명교차전파
7565,명신산업(주),top_addr,,경주,R3_사명교차전파
7566,명신산업(주),top_addr,,경주,R3_사명교차전파
7567,명신산업(주),top_addr,,경주,R3_사명교차전파
7575,(주)케이알산업,top_addr,,경기도 이천시 부발읍 경충대로,R3_사명교차전파
7575,(주)케이알산업,top_region,,경기,R3_사명교차전파
7576,(주)케이알산업,top_addr,,경기도 이천시 부발읍 경충대로,R3_사명교차전파
7576,(주)케이알산업,top_region,,경기,R3_사명교차전파
7577,(주)케이알산업,top_addr,,경기도 이천시 부발읍 경충대로,R3_사명교차전파
7577,(주)케이알산업,top_region,,경기,R3_사명교차전파
7615,김천에너지서비스(주),top_addr,,경북 김천시 공단4길 118-10,R3_사명교차전파
7615,김천에너지서비스(주),top_region,,경북,R3_사명교차전파
7636,(주)노루코일코팅,top_addr,,경상북도 포항시 남구 장흥로39번길 54,R3_사명교차전파
7636,(주)노루코일코팅,top_region,,경북,R3_사명교차전파
7637,(주)노루코일코팅,top_addr,,경상북도 포항시 남구 장흥로39번길 54,R3_사명교차전파
7637,(주)노루코일코팅,top_region,,경북,R3_사명교차전파
7638,(주)노루코일코팅,top_addr,,경상북도 포항시 남구 장흥로39번길 54,R3_사명교차전파
7638,(주)노루코일코팅,top_region,,경북,R3_사명교차전파
7639,(주)노루코일코팅,top_addr,,경상북도 포항시 남구 장흥로39번길 54,R3_사명교차전파
7639,(주)노루코일코팅,top_region,,경북,R3_사명교차전파
7640,(주)노루코일코팅,top_addr,,경상북도 포항시 남구 장흥로39번길 54,R3_사명교차전파
7640,(주)노루코일코팅,top_region,,경북,R3_사명교차전파
7653,대동금속(주),top_addr,,대구 달성군 논공읍 논공로 605,R3_사명교차전파
7653,대동금속(주),top_region,,대구,R3_사명교차전파
7654,대동금속(주),top_addr,,대구 달성군 논공읍 논공로 605,R3_사명교차전파
7654,대동금속(주),top_region,,대구,R3_사명교차전파
7655,대동금속(주),top_addr,,대구 달성군 논공읍 논공로 605,R3_사명교차전파
7655,대동금속(주),top_region,,대구,R3_사명교차전파
7656,대동금속(주),top_addr,,대구 달성군 논공읍 논공로 605,R3_사명교차전파
7656,대동금속(주),top_region,,대구,R3_사명교차전파
7657,산도테크 (주),top_addr,,경북 고령군 다산면 다산산단 1길 7,R3_사명교차전파
7657,산도테크 (주),top_region,,경북,R3_사명교차전파
7658,산도테크 (주),top_addr,,경북 고령군 다산면 다산산단 1길 7,R3_사명교차전파
7658,산도테크 (주),top_region,,경북,R3_사명교차전파
7659,평화씨엠비(주),top_addr,,대구시 달성군,R3_사명교차전파
7659,평화씨엠비(주),top_region,,대구,R3_사명교차전파
7660,평화씨엠비(주),top_addr,,대구시 달성군,R3_사명교차전파
7660,평화씨엠비(주),top_region,,대구,R3_사명교차전파
7661,평화씨엠비(주),top_addr,,대구시 달성군,R3_사명교차전파
7661,평화씨엠비(주),top_region,,대구,R3_사명교차전파
7662,평화씨엠비(주),top_addr,,대구시 달성군,R3_사명교차전파
7662,평화씨엠비(주),top_region,,대구,R3_사명교차전파
7663,평화씨엠비(주),top_addr,,대구시 달성군,R3_사명교차전파
7663,평화씨엠비(주),top_region,,대구,R3_사명교차전파
7702,(주)포스코에이앤씨건축사사무소,top_addr,,인천광역시 연수구 컨벤시아대로 165 포스코타워 송도 24층,R3_사명교차전파
7702,(주)포스코에이앤씨건축사사무소,top_region,,인천,R3_사명교차전파
7703,(주)포스코에이앤씨건축사사무소,top_addr,,인천광역시 연수구 컨벤시아대로 165 포스코타워 송도 24층,R3_사명교차전파
7703,(주)포스코에이앤씨건축사사무소,top_region,,인천,R3_사명교차전파
7704,(주)포스코에이앤씨건축사사무소,top_addr,,인천광역시 연수구 컨벤시아대로 165 포스코타워 송도 24층,R3_사명교차전파
7704,(주)포스코에이앤씨건축사사무소,top_region,,인천,R3_사명교차전파
7705,(주)포스코에이앤씨건축사사무소,top_addr,,인천광역시 연수구 컨벤시아대로 165 포스코타워 송도 24층,R3_사명교차전파
7705,(주)포스코에이앤씨건축사사무소,top_region,,인천,R3_사명교차전파
7706,(주)포스코에이앤씨건축사사무소,top_addr,,인천광역시 연수구 컨벤시아대로 165 포스코타워 송도 24층,R3_사명교차전파
7706,(주)포스코에이앤씨건축사사무소,top_region,,인천,R3_사명교차전파
7707,(주)포스코에이앤씨건축사사무소,top_addr,,인천광역시 연수구 컨벤시아대로 165 포스코타워 송도 24층,R3_사명교차전파
7707,(주)포스코에이앤씨건축사사무소,top_region,,인천,R3_사명교차전파
7708,(주)포스코에이앤씨건축사사무소,top_addr,,인천광역시 연수구 컨벤시아대로 165 포스코타워 송도 24층,R3_사명교차전파
7708,(주)포스코에이앤씨건축사사무소,top_region,,인천,R3_사명교차전파
7709,(주)포스코에이앤씨건축사사무소,top_addr,,인천광역시 연수구 컨벤시아대로 165 포스코타워 송도 24층,R3_사명교차전파
7709,(주)포스코에이앤씨건축사사무소,top_region,,인천,R3_사명교차전파
7710,(주)포스코에이앤씨건축사사무소,top_addr,,인천광역시 연수구 컨벤시아대로 165 포스코타워 송도 24층,R3_사명교차전파
7710,(주)포스코에이앤씨건축사사무소,top_region,,인천,R3_사명교차전파
7711,(주)포스코에이앤씨건축사사무소,top_addr,,인천광역시 연수구 컨벤시아대로 165 포스코타워 송도 24층,R3_사명교차전파
7711,(주)포스코에이앤씨건축사사무소,top_region,,인천,R3_사명교차전파
7712,(주)포스코에이앤씨건축사사무소,top_addr,,인천광역시 연수구 컨벤시아대로 165 포스코타워 송도 24층,R3_사명교차전파
7712,(주)포스코에이앤씨건축사사무소,top_region,,인천,R3_사명교차전파
7713,세아특수강(주),top_addr,,경상북도 포항시 남구,R3_사명교차전파
7713,세아특수강(주),top_region,,경북,R3_사명교차전파
7714,세아특수강(주),top_addr,,경상북도 포항시 남구,R3_사명교차전파
7714,세아특수강(주),top_region,,경북,R3_사명교차전파
7715,세아특수강(주),top_addr,,경상북도 포항시 남구,R3_사명교차전파
7715,세아특수강(주),top_region,,경북,R3_사명교차전파
7716,세아특수강(주),top_addr,,경상북도 포항시 남구,R3_사명교차전파
7716,세아특수강(주),top_region,,경북,R3_사명교차전파
7717,세아특수강(주),top_addr,,경상북도 포항시 남구,R3_사명교차전파
7717,세아특수강(주),top_region,,경북,R3_사명교차전파
7718,세아특수강(주),top_addr,,경상북도 포항시 남구,R3_사명교차전파
7718,세아특수강(주),top_region,,경북,R3_사명교차전파
7719,세아특수강(주),top_addr,,경상북도 포항시 남구,R3_사명교차전파
7719,세아특수강(주),top_region,,경북,R3_사명교차전파
7731,(주)디케이씨,top_addr,,전라북도 익산시 석암로 7길 73-4,R3_사명교차전파
7731,(주)디케이씨,top_region,,전북,R3_사명교차전파
7732,(주)디케이씨,top_addr,,전라북도 익산시 석암로 7길 73-4,R3_사명교차전파
7732,(주)디케이씨,top_region,,전북,R3_사명교차전파
7733,(주)삼원강재,top_addr,,경북 포항시 남구 대송면 동국로66번길 40,R3_사명교차전파
7733,(주)삼원강재,top_region,,경북,R3_사명교차전파
7734,(주)삼원강재,top_addr,,경북 포항시 남구 대송면 동국로66번길 40,R3_사명교차전파
7734,(주)삼원강재,top_region,,경북,R3_사명교차전파
7735,(주)삼원강재,top_addr,,경북 포항시 남구 대송면 동국로66번길 40,R3_사명교차전파
7735,(주)삼원강재,top_region,,경북,R3_사명교차전파
7747,(주)신영,top_addr,,"서울특별시 강남구 영동대로 517 (삼성동, 아셈타워) 14층",R3_사명교차전파
7747,(주)신영,top_region,,서울,R3_사명교차전파
7747,(주)신영,top_sicNm,,기타 부동산 개발 및 공급업,R3_사명교차전파
7748,(주)신영,top_addr,,"서울특별시 강남구 영동대로 517 (삼성동, 아셈타워) 14층",R3_사명교차전파
7748,(주)신영,top_region,,서울,R3_사명교차전파
7748,(주)신영,top_sicNm,,기타 부동산 개발 및 공급업,R3_사명교차전파
7749,(주)체리푸드,top_addr,,경상북도 영천시 금호읍 금창로 165,R3_사명교차전파
7749,(주)체리푸드,top_region,,경북,R3_사명교차전파
7750,(주)체리푸드,top_addr,,경상북도 영천시 금호읍 금창로 165,R3_사명교차전파
7750,(주)체리푸드,top_region,,경북,R3_사명교차전파
7751,(주)체리푸드,top_addr,,경상북도 영천시 금호읍 금창로 165,R3_사명교차전파
7751,(주)체리푸드,top_region,,경북,R3_사명교차전파
7752,경산제지(주),top_addr,,대구광역시 달성군 유가면 비슬로 96길 35,R3_사명교차전파
7752,경산제지(주),top_region,,대구,R3_사명교차전파
7753,경산제지(주),top_addr,,대구광역시 달성군 유가면 비슬로 96길 35,R3_사명교차전파
7753,경산제지(주),top_region,,대구,R3_사명교차전파
7754,경산제지(주),top_addr,,대구광역시 달성군 유가면 비슬로 96길 35,R3_사명교차전파
7754,경산제지(주),top_region,,대구,R3_사명교차전파
7755,경산제지(주),top_addr,,대구광역시 달성군 유가면 비슬로 96길 35,R3_사명교차전파
7755,경산제지(주),top_region,,대구,R3_사명교차전파
7756,경산제지(주),top_addr,,대구광역시 달성군 유가면 비슬로 96길 35,R3_사명교차전파
7756,경산제지(주),top_region,,대구,R3_사명교차전파
7757,경산제지(주),top_addr,,대구광역시 달성군 유가면 비슬로 96길 35,R3_사명교차전파
7757,경산제지(주),top_region,,대구,R3_사명교차전파
7771,제이에이치화학공업(주),top_addr,,경북 김천시 어모면,R3_사명교차전파
7771,제이에이치화학공업(주),top_region,,경북,R3_사명교차전파
7772,제이에이치화학공업(주),top_addr,,경북 김천시 어모면,R3_사명교차전파
7772,제이에이치화학공업(주),top_region,,경북,R3_사명교차전파
7773,제이에이치화학공업(주),top_addr,,경북 김천시 어모면,R3_사명교차전파
7773,제이에이치화학공업(주),top_region,,경북,R3_사명교차전파
7856,한화시스템(주),top_addr,,경상북도 구미시 1공단로 244,R3_사명교차전파
7856,한화시스템(주),top_region,,경북,R3_사명교차전파
7857,한화시스템(주),top_addr,,경상북도 구미시 1공단로 244,R3_사명교차전파
7857,한화시스템(주),top_region,,경북,R3_사명교차전파
7858,한화시스템(주),top_addr,,경상북도 구미시 1공단로 244,R3_사명교차전파
7858,한화시스템(주),top_region,,경북,R3_사명교차전파
7859,한화시스템(주),top_addr,,경상북도 구미시 1공단로 244,R3_사명교차전파
7859,한화시스템(주),top_region,,경북,R3_사명교차전파
7860,한화시스템(주),top_addr,,경상북도 구미시 1공단로 244,R3_사명교차전파
7860,한화시스템(주),top_region,,경북,R3_사명교차전파
7861,한화시스템(주),top_addr,,경상북도 구미시 1공단로 244,R3_사명교차전파
7861,한화시스템(주),top_region,,경북,R3_사명교차전파
7862,한화시스템(주),top_addr,,경상북도 구미시 1공단로 244,R3_사명교차전파
7862,한화시스템(주),top_region,,경북,R3_사명교차전파
7863,한화시스템(주),top_addr,,경상북도 구미시 1공단로 244,R3_사명교차전파
7863,한화시스템(주),top_region,,경북,R3_사명교차전파
7864,한화시스템(주),top_addr,,경상북도 구미시 1공단로 244,R3_사명교차전파
7864,한화시스템(주),top_region,,경북,R3_사명교차전파
7865,한화시스템(주),top_addr,,경상북도 구미시 1공단로 244,R3_사명교차전파
7865,한화시스템(주),top_region,,경북,R3_사명교차전파
7866,한화시스템(주),top_addr,,경상북도 구미시 1공단로 244,R3_사명교차전파
7866,한화시스템(주),top_region,,경북,R3_사명교차전파
7867,한화시스템(주),top_addr,,경상북도 구미시 1공단로 244,R3_사명교차전파
7867,한화시스템(주),top_region,,경북,R3_사명교차전파
7868,한화시스템(주),top_addr,,경상북도 구미시 1공단로 244,R3_사명교차전파
7868,한화시스템(주),top_region,,경북,R3_사명교차전파
7869,한화시스템(주),top_addr,,경상북도 구미시 1공단로 244,R3_사명교차전파
7869,한화시스템(주),top_region,,경북,R3_사명교차전파
7870,한화시스템(주),top_addr,,경상북도 구미시 1공단로 244,R3_사명교차전파
7870,한화시스템(주),top_region,,경북,R3_사명교차전파
7871,한화시스템(주),top_addr,,경상북도 구미시 1공단로 244,R3_사명교차전파
7871,한화시스템(주),top_region,,경북,R3_사명교차전파
7872,한화시스템(주),top_addr,,경상북도 구미시 1공단로 244,R3_사명교차전파
7872,한화시스템(주),top_region,,경북,R3_사명교차전파
7873,한화시스템(주),top_addr,,경상북도 구미시 1공단로 244,R3_사명교차전파
7873,한화시스템(주),top_region,,경북,R3_사명교차전파
7886,고려산업(주),top_addr,,부산광역시 중구 중앙대로 22 (중앙동6가),R3_사명교차전파
7886,고려산업(주),top_region,,부산,R3_사명교차전파
7887,고려산업(주),top_addr,,부산광역시 중구 중앙대로 22 (중앙동6가),R3_사명교차전파
7887,고려산업(주),top_region,,부산,R3_사명교차전파
7888,고려산업(주),top_addr,,부산광역시 중구 중앙대로 22 (중앙동6가),R3_사명교차전파
7888,고려산업(주),top_region,,부산,R3_사명교차전파
7889,인터지스(주),top_addr,,부산광역시 중구 충장대로 9번길 52 마린센터 13층,R3_사명교차전파
7889,인터지스(주),top_region,,부산,R3_사명교차전파
7890,인터지스(주),top_addr,,부산광역시 중구 충장대로 9번길 52 마린센터 13층,R3_사명교차전파
7890,인터지스(주),top_region,,부산,R3_사명교차전파
7923,(주)화승티엔드씨,top_addr,,경상남도 양산시 어곡공단 5길 39,R3_사명교차전파
7923,(주)화승티엔드씨,top_region,,경남,R3_사명교차전파
7924,(주)화승티엔드씨,top_addr,,경상남도 양산시 어곡공단 5길 39,R3_사명교차전파
7924,(주)화승티엔드씨,top_region,,경남,R3_사명교차전파
7925,(주)화승티엔드씨,top_addr,,경상남도 양산시 어곡공단 5길 39,R3_사명교차전파
7925,(주)화승티엔드씨,top_region,,경남,R3_사명교차전파
7926,(주)화승티엔드씨,top_addr,,경상남도 양산시 어곡공단 5길 39,R3_사명교차전파
7926,(주)화승티엔드씨,top_region,,경남,R3_사명교차전파
7927,(주)화승티엔드씨,top_addr,,경상남도 양산시 어곡공단 5길 39,R3_사명교차전파
7927,(주)화승티엔드씨,top_region,,경남,R3_사명교차전파
7928,(주)화승티엔드씨,top_addr,,경상남도 양산시 어곡공단 5길 39,R3_사명교차전파
7928,(주)화승티엔드씨,top_region,,경남,R3_사명교차전파
7931,(주)디아이씨,top_addr,,경기도 화성시,R3_사명교차전파
7931,(주)디아이씨,top_region,,경기,R3_사명교차전파
7932,(주)디아이씨,top_addr,,경기도 화성시,R3_사명교차전파
7932,(주)디아이씨,top_region,,경기,R3_사명교차전파
7996,(주)영풍기계,top_addr,,경상북도 경주시,R3_사명교차전파
7996,(주)영풍기계,top_region,,경북,R3_사명교차전파
7997,(주)영풍기계,top_addr,,경상북도 경주시,R3_사명교차전파
7997,(주)영풍기계,top_region,,경북,R3_사명교차전파
7998,(주)영풍기계,top_addr,,경상북도 경주시,R3_사명교차전파
7998,(주)영풍기계,top_region,,경북,R3_사명교차전파
7999,(주)영풍기계,top_addr,,경상북도 경주시,R3_사명교차전파
7999,(주)영풍기계,top_region,,경북,R3_사명교차전파
8000,(주)영풍기계,top_addr,,경상북도 경주시,R3_사명교차전파
8000,(주)영풍기계,top_region,,경북,R3_사명교차전파
8001,(주)영풍기계,top_addr,,경상북도 경주시,R3_사명교차전파
8001,(주)영풍기계,top_region,,경북,R3_사명교차전파
8002,(주)영풍기계,top_addr,,경상북도 경주시,R3_사명교차전파
8002,(주)영풍기계,top_region,,경북,R3_사명교차전파
8009,씨제이프레시웨이(주),top_addr,,경기도 용인시 기흥구 기곡로 32,R3_사명교차전파
8009,씨제이프레시웨이(주),top_region,,경기,R3_사명교차전파
8010,씨제이프레시웨이(주),top_addr,,경기도 용인시 기흥구 기곡로 32,R3_사명교차전파
8010,씨제이프레시웨이(주),top_region,,경기,R3_사명교차전파
8011,씨제이프레시웨이(주),top_addr,,경기도 용인시 기흥구 기곡로 32,R3_사명교차전파
8011,씨제이프레시웨이(주),top_region,,경기,R3_사명교차전파
8012,씨제이프레시웨이(주),top_addr,,경기도 용인시 기흥구 기곡로 32,R3_사명교차전파
8012,씨제이프레시웨이(주),top_region,,경기,R3_사명교차전파
8013,씨제이프레시웨이(주),top_addr,,경기도 용인시 기흥구 기곡로 32,R3_사명교차전파
8013,씨제이프레시웨이(주),top_region,,경기,R3_사명교차전파
8014,씨제이프레시웨이(주),top_addr,,경기도 용인시 기흥구 기곡로 32,R3_사명교차전파
8014,씨제이프레시웨이(주),top_region,,경기,R3_사명교차전파
8015,씨제이프레시웨이(주),top_addr,,경기도 용인시 기흥구 기곡로 32,R3_사명교차전파
8015,씨제이프레시웨이(주),top_region,,경기,R3_사명교차전파
8016,씨제이프레시웨이(주),top_addr,,경기도 용인시 기흥구 기곡로 32,R3_사명교차전파
8016,씨제이프레시웨이(주),top_region,,경기,R3_사명교차전파
8017,씨제이프레시웨이(주),top_addr,,경기도 용인시 기흥구 기곡로 32,R3_사명교차전파
8017,씨제이프레시웨이(주),top_region,,경기,R3_사명교차전파
8018,씨제이프레시웨이(주),top_addr,,경기도 용인시 기흥구 기곡로 32,R3_사명교차전파
8018,씨제이프레시웨이(주),top_region,,경기,R3_사명교차전파
8021,신흥글로벌(주),top_addr,,경남 창원,R3_사명교차전파
8021,신흥글로벌(주),top_region,,경남,R3_사명교차전파
8022,신흥글로벌(주),top_addr,,경남 창원,R3_사명교차전파
8022,신흥글로벌(주),top_region,,경남,R3_사명교차전파
8050,(주)엔케이텍,top_addr,,경기도 오산시 남부대로 380,R3_사명교차전파
8050,(주)엔케이텍,top_region,,경기,R3_사명교차전파
8051,(주)엔케이텍,top_addr,,경기도 오산시 남부대로 380,R3_사명교차전파
8051,(주)엔케이텍,top_region,,경기,R3_사명교차전파
8052,(주)엔케이텍,top_addr,,경기도 오산시 남부대로 380,R3_사명교차전파
8052,(주)엔케이텍,top_region,,경기,R3_사명교차전파
8055,(주)젤텍,top_addr,,부산광역시 강서구 송정동,R3_사명교차전파
8055,(주)젤텍,top_region,,부산,R3_사명교차전파
8060,(주)케이에스피,top_addr,,부산 강서구 녹산산업북로 147 (송정동),R3_사명교차전파
8060,(주)케이에스피,top_region,,부산,R3_사명교차전파
8061,(주)케이에스피,top_addr,,부산 강서구 녹산산업북로 147 (송정동),R3_사명교차전파
8061,(주)케이에스피,top_region,,부산,R3_사명교차전파
8062,(주)케이에스피,top_addr,,부산 강서구 녹산산업북로 147 (송정동),R3_사명교차전파
8062,(주)케이에스피,top_region,,부산,R3_사명교차전파
8069,(주)이엔케이,top_addr,,부산광역시 강서구 과학산단로 502(지사동),R3_사명교차전파
8069,(주)이엔케이,top_region,,부산,R3_사명교차전파
8070,(주)이엔케이,top_addr,,부산광역시 강서구 과학산단로 502(지사동),R3_사명교차전파
8070,(주)이엔케이,top_region,,부산,R3_사명교차전파
8071,(주)이엔케이,top_addr,,부산광역시 강서구 과학산단로 502(지사동),R3_사명교차전파
8071,(주)이엔케이,top_region,,부산,R3_사명교차전파
8082,(주)화승네트웍스,top_addr,,부산광역시 연제구 중앙대로 1079,R3_사명교차전파
8082,(주)화승네트웍스,top_region,,부산,R3_사명교차전파
8083,(주)화승네트웍스,top_addr,,부산광역시 연제구 중앙대로 1079,R3_사명교차전파
8083,(주)화승네트웍스,top_region,,부산,R3_사명교차전파
8084,(주)화승네트웍스,top_addr,,부산광역시 연제구 중앙대로 1079,R3_사명교차전파
8084,(주)화승네트웍스,top_region,,부산,R3_사명교차전파
8085,(주)화승네트웍스,top_addr,,부산광역시 연제구 중앙대로 1079,R3_사명교차전파
8085,(주)화승네트웍스,top_region,,부산,R3_사명교차전파
8086,(주)화승네트웍스,top_addr,,부산광역시 연제구 중앙대로 1079,R3_사명교차전파
8086,(주)화승네트웍스,top_region,,부산,R3_사명교차전파
8087,(주)화승네트웍스,top_addr,,부산광역시 연제구 중앙대로 1079,R3_사명교차전파
8087,(주)화승네트웍스,top_region,,부산,R3_사명교차전파
8111,케이엔로지스틱스(주),top_addr,,경남 창원시 진해구 신항5로 15-41,R3_사명교차전파
8111,케이엔로지스틱스(주),top_region,,경남,R3_사명교차전파
8112,케이엔로지스틱스(주),top_addr,,경남 창원시 진해구 신항5로 15-41,R3_사명교차전파
8112,케이엔로지스틱스(주),top_region,,경남,R3_사명교차전파
8113,대한네트웍스(주),top_addr,,부산광역시 강서구송정길13,R3_사명교차전파
8113,대한네트웍스(주),top_region,,부산,R3_사명교차전파
8114,대한네트웍스(주),top_addr,,부산광역시 강서구송정길13,R3_사명교차전파
8114,대한네트웍스(주),top_region,,부산,R3_사명교차전파
8145,한선엔지니어링(주),top_addr,,부산시 강서구,R3_사명교차전파
8145,한선엔지니어링(주),top_region,,부산,R3_사명교차전파
8146,(주)아난티코브,top_addr,,부산광역시 기장군 기장읍 기장해안로 268-31,R3_사명교차전파
8146,(주)아난티코브,top_region,,부산,R3_사명교차전파
8154,동원로엑스냉장(주),top_addr,,부산광역시 중구 중앙대로 70,R3_사명교차전파
8154,동원로엑스냉장(주),top_region,,부산,R3_사명교차전파
8155,동원로엑스냉장(주),top_addr,,부산광역시 중구 중앙대로 70,R3_사명교차전파
8155,동원로엑스냉장(주),top_region,,부산,R3_사명교차전파
8156,동원로엑스냉장(주),top_addr,,부산광역시 중구 중앙대로 70,R3_사명교차전파
8156,동원로엑스냉장(주),top_region,,부산,R3_사명교차전파
8157,동원로엑스냉장(주),top_addr,,부산광역시 중구 중앙대로 70,R3_사명교차전파
8157,동원로엑스냉장(주),top_region,,부산,R3_사명교차전파
8158,동원로엑스냉장(주),top_addr,,부산광역시 중구 중앙대로 70,R3_사명교차전파
8158,동원로엑스냉장(주),top_region,,부산,R3_사명교차전파
8159,동원로엑스냉장(주),top_addr,,부산광역시 중구 중앙대로 70,R3_사명교차전파
8159,동원로엑스냉장(주),top_region,,부산,R3_사명교차전파
8160,동원로엑스냉장(주),top_addr,,부산광역시 중구 중앙대로 70,R3_사명교차전파
8160,동원로엑스냉장(주),top_region,,부산,R3_사명교차전파
8161,동원로엑스냉장(주),top_addr,,부산광역시 중구 중앙대로 70,R3_사명교차전파
8161,동원로엑스냉장(주),top_region,,부산,R3_사명교차전파
8162,동원로엑스냉장(주),top_addr,,부산광역시 중구 중앙대로 70,R3_사명교차전파
8162,동원로엑스냉장(주),top_region,,부산,R3_사명교차전파
8163,케이씨엘엔지테크(주),top_addr,,부산광역시 해운대구 센텀2로 24 센텀다이아몬드빌딩 10층,R3_사명교차전파
8163,케이씨엘엔지테크(주),top_region,,부산,R3_사명교차전파
8166,삼표해운(주),top_addr,,부산광역시 서구 원양로 268(암남동),R3_사명교차전파
8166,삼표해운(주),top_region,,부산,R3_사명교차전파
8167,삼표해운(주),top_addr,,부산광역시 서구 원양로 268(암남동),R3_사명교차전파
8167,삼표해운(주),top_region,,부산,R3_사명교차전파
8168,삼표해운(주),top_addr,,부산광역시 서구 원양로 268(암남동),R3_사명교차전파
8168,삼표해운(주),top_region,,부산,R3_사명교차전파
8169,삼표해운(주),top_addr,,부산광역시 서구 원양로 268(암남동),R3_사명교차전파
8169,삼표해운(주),top_region,,부산,R3_사명교차전파
8170,삼표해운(주),top_addr,,부산광역시 서구 원양로 268(암남동),R3_사명교차전파
8170,삼표해운(주),top_region,,부산,R3_사명교차전파
8171,삼표해운(주),top_addr,,부산광역시 서구 원양로 268(암남동),R3_사명교차전파
8171,삼표해운(주),top_region,,부산,R3_사명교차전파
8172,삼표해운(주),top_addr,,부산광역시 서구 원양로 268(암남동),R3_사명교차전파
8172,삼표해운(주),top_region,,부산,R3_사명교차전파
8173,삼표해운(주),top_addr,,부산광역시 서구 원양로 268(암남동),R3_사명교차전파
8173,삼표해운(주),top_region,,부산,R3_사명교차전파
8197,(주)화승케미칼,top_addr,,부산광역시 연제구 중앙대로 1079 6층(연산동 장천빌딩),R3_사명교차전파
8197,(주)화승케미칼,top_region,,부산,R3_사명교차전파
8198,(주)화승케미칼,top_addr,,부산광역시 연제구 중앙대로 1079 6층(연산동 장천빌딩),R3_사명교차전파
8198,(주)화승케미칼,top_region,,부산,R3_사명교차전파
8199,(주)화승케미칼,top_addr,,부산광역시 연제구 중앙대로 1079 6층(연산동 장천빌딩),R3_사명교차전파
8199,(주)화승케미칼,top_region,,부산,R3_사명교차전파
8200,(주)화승케미칼,top_addr,,부산광역시 연제구 중앙대로 1079 6층(연산동 장천빌딩),R3_사명교차전파
8200,(주)화승케미칼,top_region,,부산,R3_사명교차전파
8201,(주)화승케미칼,top_addr,,부산광역시 연제구 중앙대로 1079 6층(연산동 장천빌딩),R3_사명교차전파
8201,(주)화승케미칼,top_region,,부산,R3_사명교차전파
8202,(주)화승케미칼,top_addr,,부산광역시 연제구 중앙대로 1079 6층(연산동 장천빌딩),R3_사명교차전파
8202,(주)화승케미칼,top_region,,부산,R3_사명교차전파
8225,무림P&P(주),top_addr,,울산광역시 울주군,R3_사명교차전파
8225,무림P&P(주),top_region,,울산,R3_사명교차전파
8226,무림P&P(주),top_addr,,울산광역시 울주군,R3_사명교차전파
8226,무림P&P(주),top_region,,울산,R3_사명교차전파
8227,무림P&P(주),top_addr,,울산광역시 울주군,R3_사명교차전파
8227,무림P&P(주),top_region,,울산,R3_사명교차전파
8228,무림P&P(주),top_addr,,울산광역시 울주군,R3_사명교차전파
8228,무림P&P(주),top_region,,울산,R3_사명교차전파
8251,(주)한주,top_addr,,울산광역시 남구 사평로 60 (부곡동 625번지),R3_사명교차전파
8251,(주)한주,top_region,,울산,R3_사명교차전파
8252,(주)한주,top_addr,,울산광역시 남구 사평로 60 (부곡동 625번지),R3_사명교차전파
8252,(주)한주,top_region,,울산,R3_사명교차전파
8253,(주)경동에버런,top_addr,,충북 충주시 앙성면 가곡로 1334,R3_사명교차전파
8253,(주)경동에버런,top_region,,충북,R3_사명교차전파
8254,(주)경동에버런,top_addr,,충북 충주시 앙성면 가곡로 1334,R3_사명교차전파
8254,(주)경동에버런,top_region,,충북,R3_사명교차전파
8290,(주)제이엠씨,top_addr,,울산광역시 울주군 온산읍 화산리125,R3_사명교차전파
8290,(주)제이엠씨,top_region,,울산,R3_사명교차전파
8291,(주)에이팩,top_addr,,경상남도 양산시 산막공단남5길 12,R3_사명교차전파
8291,(주)에이팩,top_region,,경남,R3_사명교차전파
8292,(주)에이팩,top_addr,,경상남도 양산시 산막공단남5길 12,R3_사명교차전파
8292,(주)에이팩,top_region,,경남,R3_사명교차전파
8293,(주)에이팩,top_addr,,경상남도 양산시 산막공단남5길 12,R3_사명교차전파
8293,(주)에이팩,top_region,,경남,R3_사명교차전파
8294,(주)에이팩,top_addr,,경상남도 양산시 산막공단남5길 12,R3_사명교차전파
8294,(주)에이팩,top_region,,경남,R3_사명교차전파
8295,(주)에이팩,top_addr,,경상남도 양산시 산막공단남5길 12,R3_사명교차전파
8295,(주)에이팩,top_region,,경남,R3_사명교차전파
8296,(주)에이팩,top_addr,,경상남도 양산시 산막공단남5길 12,R3_사명교차전파
8296,(주)에이팩,top_region,,경남,R3_사명교차전파
8389,대동기어(주),top_addr,,경상남도 사천시 사남면 공단1로 42,R3_사명교차전파
8389,대동기어(주),top_region,,경남,R3_사명교차전파
8390,대동기어(주),top_addr,,경상남도 사천시 사남면 공단1로 42,R3_사명교차전파
8390,대동기어(주),top_region,,경남,R3_사명교차전파
8391,대동기어(주),top_addr,,경상남도 사천시 사남면 공단1로 42,R3_사명교차전파
8391,대동기어(주),top_region,,경남,R3_사명교차전파
8392,대동기어(주),top_addr,,경상남도 사천시 사남면 공단1로 42,R3_사명교차전파
8392,대동기어(주),top_region,,경남,R3_사명교차전파
8397,무림파워텍(주),top_addr,,경상남도 진주시,R3_사명교차전파
8397,무림파워텍(주),top_region,,경남,R3_사명교차전파
8398,무림파워텍(주),top_addr,,경상남도 진주시,R3_사명교차전파
8398,무림파워텍(주),top_region,,경남,R3_사명교차전파
8399,무림파워텍(주),top_addr,,경상남도 진주시,R3_사명교차전파
8399,무림파워텍(주),top_region,,경남,R3_사명교차전파
8400,무림파워텍(주),top_addr,,경상남도 진주시,R3_사명교차전파
8400,무림파워텍(주),top_region,,경남,R3_사명교차전파
8410,한화에어로스페이스(주),top_addr,,경남 창원시 성산구 창원대로 1204 (성주동),R3_사명교차전파
8410,한화에어로스페이스(주),top_region,,경남,R3_사명교차전파
8411,한화에어로스페이스(주),top_addr,,경남 창원시 성산구 창원대로 1204 (성주동),R3_사명교차전파
8411,한화에어로스페이스(주),top_region,,경남,R3_사명교차전파
8412,한화에어로스페이스(주),top_addr,,경남 창원시 성산구 창원대로 1204 (성주동),R3_사명교차전파
8412,한화에어로스페이스(주),top_region,,경남,R3_사명교차전파
8413,한화에어로스페이스(주),top_addr,,경남 창원시 성산구 창원대로 1204 (성주동),R3_사명교차전파
8413,한화에어로스페이스(주),top_region,,경남,R3_사명교차전파
8414,한화에어로스페이스(주),top_addr,,경남 창원시 성산구 창원대로 1204 (성주동),R3_사명교차전파
8414,한화에어로스페이스(주),top_region,,경남,R3_사명교차전파
8415,한화에어로스페이스(주),top_addr,,경남 창원시 성산구 창원대로 1204 (성주동),R3_사명교차전파
8415,한화에어로스페이스(주),top_region,,경남,R3_사명교차전파
8416,한화에어로스페이스(주),top_addr,,경남 창원시 성산구 창원대로 1204 (성주동),R3_사명교차전파
8416,한화에어로스페이스(주),top_region,,경남,R3_사명교차전파
8417,한화에어로스페이스(주),top_addr,,경남 창원시 성산구 창원대로 1204 (성주동),R3_사명교차전파
8417,한화에어로스페이스(주),top_region,,경남,R3_사명교차전파
8418,한화에어로스페이스(주),top_addr,,경남 창원시 성산구 창원대로 1204 (성주동),R3_사명교차전파
8418,한화에어로스페이스(주),top_region,,경남,R3_사명교차전파
8419,한화에어로스페이스(주),top_addr,,경남 창원시 성산구 창원대로 1204 (성주동),R3_사명교차전파
8419,한화에어로스페이스(주),top_region,,경남,R3_사명교차전파
8420,한화에어로스페이스(주),top_addr,,경남 창원시 성산구 창원대로 1204 (성주동),R3_사명교차전파
8420,한화에어로스페이스(주),top_region,,경남,R3_사명교차전파
8421,한화에어로스페이스(주),top_addr,,경남 창원시 성산구 창원대로 1204 (성주동),R3_사명교차전파
8421,한화에어로스페이스(주),top_region,,경남,R3_사명교차전파
8422,한화에어로스페이스(주),top_addr,,경남 창원시 성산구 창원대로 1204 (성주동),R3_사명교차전파
8422,한화에어로스페이스(주),top_region,,경남,R3_사명교차전파
8423,한화에어로스페이스(주),top_addr,,경남 창원시 성산구 창원대로 1204 (성주동),R3_사명교차전파
8423,한화에어로스페이스(주),top_region,,경남,R3_사명교차전파
8424,한화에어로스페이스(주),top_addr,,경남 창원시 성산구 창원대로 1204 (성주동),R3_사명교차전파
8424,한화에어로스페이스(주),top_region,,경남,R3_사명교차전파
8425,한화에어로스페이스(주),top_addr,,경남 창원시 성산구 창원대로 1204 (성주동),R3_사명교차전파
8425,한화에어로스페이스(주),top_region,,경남,R3_사명교차전파
8426,한화에어로스페이스(주),top_addr,,경남 창원시 성산구 창원대로 1204 (성주동),R3_사명교차전파
8426,한화에어로스페이스(주),top_region,,경남,R3_사명교차전파
8427,한화에어로스페이스(주),top_addr,,경남 창원시 성산구 창원대로 1204 (성주동),R3_사명교차전파
8427,한화에어로스페이스(주),top_region,,경남,R3_사명교차전파
8441,(주)세아창원특수강,top_addr,,경남 창원시,R3_사명교차전파
8441,(주)세아창원특수강,top_region,,경남,R3_사명교차전파
8442,(주)세아창원특수강,top_addr,,경남 창원시,R3_사명교차전파
8442,(주)세아창원특수강,top_region,,경남,R3_사명교차전파
8443,(주)세아창원특수강,top_addr,,경남 창원시,R3_사명교차전파
8443,(주)세아창원특수강,top_region,,경남,R3_사명교차전파
8444,(주)세아창원특수강,top_addr,,경남 창원시,R3_사명교차전파
8444,(주)세아창원특수강,top_region,,경남,R3_사명교차전파
8445,(주)세아창원특수강,top_addr,,경남 창원시,R3_사명교차전파
8445,(주)세아창원특수강,top_region,,경남,R3_사명교차전파
8446,(주)세아창원특수강,top_addr,,경남 창원시,R3_사명교차전파
8446,(주)세아창원특수강,top_region,,경남,R3_사명교차전파
8447,(주)세아창원특수강,top_addr,,경남 창원시,R3_사명교차전파
8447,(주)세아창원특수강,top_region,,경남,R3_사명교차전파
8449,현대로템(주),top_addr,,경남 창원시 의창구 창원대로 488,R3_사명교차전파
8449,현대로템(주),top_region,,경남,R3_사명교차전파
8450,현대로템(주),top_addr,,경남 창원시 의창구 창원대로 488,R3_사명교차전파
8450,현대로템(주),top_region,,경남,R3_사명교차전파
8451,현대로템(주),top_addr,,경남 창원시 의창구 창원대로 488,R3_사명교차전파
8451,현대로템(주),top_region,,경남,R3_사명교차전파
8452,현대로템(주),top_addr,,경남 창원시 의창구 창원대로 488,R3_사명교차전파
8452,현대로템(주),top_region,,경남,R3_사명교차전파
8453,현대로템(주),top_addr,,경남 창원시 의창구 창원대로 488,R3_사명교차전파
8453,현대로템(주),top_region,,경남,R3_사명교차전파
8454,현대로템(주),top_addr,,경남 창원시 의창구 창원대로 488,R3_사명교차전파
8454,현대로템(주),top_region,,경남,R3_사명교차전파
8455,현대로템(주),top_addr,,경남 창원시 의창구 창원대로 488,R3_사명교차전파
8455,현대로템(주),top_region,,경남,R3_사명교차전파
8456,현대로템(주),top_addr,,경남 창원시 의창구 창원대로 488,R3_사명교차전파
8456,현대로템(주),top_region,,경남,R3_사명교차전파
8457,현대로템(주),top_addr,,경남 창원시 의창구 창원대로 488,R3_사명교차전파
8457,현대로템(주),top_region,,경남,R3_사명교차전파
8458,현대로템(주),top_addr,,경남 창원시 의창구 창원대로 488,R3_사명교차전파
8458,현대로템(주),top_region,,경남,R3_사명교차전파
8459,현대로템(주),top_addr,,경남 창원시 의창구 창원대로 488,R3_사명교차전파
8459,현대로템(주),top_region,,경남,R3_사명교차전파
8460,현대로템(주),top_addr,,경남 창원시 의창구 창원대로 488,R3_사명교차전파
8460,현대로템(주),top_region,,경남,R3_사명교차전파
8461,현대로템(주),top_addr,,경남 창원시 의창구 창원대로 488,R3_사명교차전파
8461,현대로템(주),top_region,,경남,R3_사명교차전파
8462,현대로템(주),top_addr,,경남 창원시 의창구 창원대로 488,R3_사명교차전파
8462,현대로템(주),top_region,,경남,R3_사명교차전파
8463,현대로템(주),top_addr,,경남 창원시 의창구 창원대로 488,R3_사명교차전파
8463,현대로템(주),top_region,,경남,R3_사명교차전파
8464,현대로템(주),top_addr,,경남 창원시 의창구 창원대로 488,R3_사명교차전파
8464,현대로템(주),top_region,,경남,R3_사명교차전파
8465,현대로템(주),top_addr,,경남 창원시 의창구 창원대로 488,R3_사명교차전파
8465,현대로템(주),top_region,,경남,R3_사명교차전파
8466,현대로템(주),top_addr,,경남 창원시 의창구 창원대로 488,R3_사명교차전파
8466,현대로템(주),top_region,,경남,R3_사명교차전파
8467,현대로템(주),top_addr,,경남 창원시 의창구 창원대로 488,R3_사명교차전파
8467,현대로템(주),top_region,,경남,R3_사명교차전파
8473,신성에스티 주식회사,top_addr,,경남 창원,R3_사명교차전파
8473,신성에스티 주식회사,top_region,,경남,R3_사명교차전파
8474,신성에스티 주식회사,top_addr,,경남 창원,R3_사명교차전파
8474,신성에스티 주식회사,top_region,,경남,R3_사명교차전파
8487,해성디에스(주),top_addr,,서울특별시 강남구 테헤란로 508 (해성2빌딩) 8층,R3_사명교차전파
8487,해성디에스(주),top_region,,서울,R3_사명교차전파
8488,해성디에스(주),top_addr,,서울특별시 강남구 테헤란로 508 (해성2빌딩) 8층,R3_사명교차전파
8488,해성디에스(주),top_region,,서울,R3_사명교차전파
8489,해성디에스(주),top_addr,,서울특별시 강남구 테헤란로 508 (해성2빌딩) 8층,R3_사명교차전파
8489,해성디에스(주),top_region,,서울,R3_사명교차전파
8490,해성디에스(주),top_addr,,서울특별시 강남구 테헤란로 508 (해성2빌딩) 8층,R3_사명교차전파
8490,해성디에스(주),top_region,,서울,R3_사명교차전파
8491,(주)경남은행,top_addr,,경남 창원시 마산회원구 3.15대로 642(석전동),R3_사명교차전파
8491,(주)경남은행,top_region,,경남,R3_사명교차전파
8492,(주)경남은행,top_addr,,경남 창원시 마산회원구 3.15대로 642(석전동),R3_사명교차전파
8492,(주)경남은행,top_region,,경남,R3_사명교차전파
8571,(주)상상인선박기계,top_addr,,경상남도 함안군 군북면 석교천길 223,R3_사명교차전파
8571,(주)상상인선박기계,top_region,,경남,R3_사명교차전파
8572,산청음료(주),top_addr,,경상남도 산청군 시천면 남명로 59-61,R3_사명교차전파
8572,산청음료(주),top_region,,경남,R3_사명교차전파
8573,산청음료(주),top_addr,,경상남도 산청군 시천면 남명로 59-61,R3_사명교차전파
8573,산청음료(주),top_region,,경남,R3_사명교차전파
8574,산청음료(주),top_addr,,경상남도 산청군 시천면 남명로 59-61,R3_사명교차전파
8574,산청음료(주),top_region,,경남,R3_사명교차전파
8575,산청음료(주),top_addr,,경상남도 산청군 시천면 남명로 59-61,R3_사명교차전파
8575,산청음료(주),top_region,,경남,R3_사명교차전파
8576,산청음료(주),top_addr,,경상남도 산청군 시천면 남명로 59-61,R3_사명교차전파
8576,산청음료(주),top_region,,경남,R3_사명교차전파
8577,산청음료(주),top_addr,,경상남도 산청군 시천면 남명로 59-61,R3_사명교차전파
8577,산청음료(주),top_region,,경남,R3_사명교차전파
8578,산청음료(주),top_addr,,경상남도 산청군 시천면 남명로 59-61,R3_사명교차전파
8578,산청음료(주),top_region,,경남,R3_사명교차전파
8579,산청음료(주),top_addr,,경상남도 산청군 시천면 남명로 59-61,R3_사명교차전파
8579,산청음료(주),top_region,,경남,R3_사명교차전파
8580,산청음료(주),top_addr,,경상남도 산청군 시천면 남명로 59-61,R3_사명교차전파
8580,산청음료(주),top_region,,경남,R3_사명교차전파
8581,산청음료(주),top_addr,,경상남도 산청군 시천면 남명로 59-61,R3_사명교차전파
8581,산청음료(주),top_region,,경남,R3_사명교차전파
8582,산청음료(주),top_addr,,경상남도 산청군 시천면 남명로 59-61,R3_사명교차전파
8582,산청음료(주),top_region,,경남,R3_사명교차전파
8583,산청음료(주),top_addr,,경상남도 산청군 시천면 남명로 59-61,R3_사명교차전파
8583,산청음료(주),top_region,,경남,R3_사명교차전파
8584,산청음료(주),top_addr,,경상남도 산청군 시천면 남명로 59-61,R3_사명교차전파
8584,산청음료(주),top_region,,경남,R3_사명교차전파
8585,산청음료(주),top_addr,,경상남도 산청군 시천면 남명로 59-61,R3_사명교차전파
8585,산청음료(주),top_region,,경남,R3_사명교차전파
8586,산청음료(주),top_addr,,경상남도 산청군 시천면 남명로 59-61,R3_사명교차전파
8586,산청음료(주),top_region,,경남,R3_사명교차전파
8587,산청음료(주),top_addr,,경상남도 산청군 시천면 남명로 59-61,R3_사명교차전파
8587,산청음료(주),top_region,,경남,R3_사명교차전파
8588,산청음료(주),top_addr,,경상남도 산청군 시천면 남명로 59-61,R3_사명교차전파
8588,산청음료(주),top_region,,경남,R3_사명교차전파
8589,산청음료(주),top_addr,,경상남도 산청군 시천면 남명로 59-61,R3_사명교차전파
8589,산청음료(주),top_region,,경남,R3_사명교차전파
8590,산청음료(주),top_addr,,경상남도 산청군 시천면 남명로 59-61,R3_사명교차전파
8590,산청음료(주),top_region,,경남,R3_사명교차전파
8593,에스앤케이항공(주),top_addr,,경상남도 사천시,R3_사명교차전파
8593,에스앤케이항공(주),top_region,,경남,R3_사명교차전파
8622,(주)나전,top_addr,,광주광역시 광산구 평동산단로 239-20,R3_사명교차전파
8622,(주)나전,top_region,,광주,R3_사명교차전파
8623,(주)나전,top_addr,,광주광역시 광산구 평동산단로 239-20,R3_사명교차전파
8623,(주)나전,top_region,,광주,R3_사명교차전파
8624,(주)나전,top_addr,,광주광역시 광산구 평동산단로 239-20,R3_사명교차전파
8624,(주)나전,top_region,,광주,R3_사명교차전파
8625,(주)나전,top_addr,,광주광역시 광산구 평동산단로 239-20,R3_사명교차전파
8625,(주)나전,top_region,,광주,R3_사명교차전파
8672,수완에너지(주),top_addr,,광주광역시,R3_사명교차전파
8672,수완에너지(주),top_region,,광주,R3_사명교차전파
8673,수완에너지(주),top_addr,,광주광역시,R3_사명교차전파
8673,수완에너지(주),top_region,,광주,R3_사명교차전파
8674,수완에너지(주),top_addr,,광주광역시,R3_사명교차전파
8674,수완에너지(주),top_region,,광주,R3_사명교차전파
8699,한솔페이퍼텍(주),top_addr,,전남 담양군 대전면 대치7길 80,R3_사명교차전파
8699,한솔페이퍼텍(주),top_region,,전남,R3_사명교차전파
8700,한솔페이퍼텍(주),top_addr,,전남 담양군 대전면 대치7길 80,R3_사명교차전파
8700,한솔페이퍼텍(주),top_region,,전남,R3_사명교차전파
8701,한솔페이퍼텍(주),top_addr,,전남 담양군 대전면 대치7길 80,R3_사명교차전파
8701,한솔페이퍼텍(주),top_region,,전남,R3_사명교차전파
8702,한솔페이퍼텍(주),top_addr,,전남 담양군 대전면 대치7길 80,R3_사명교차전파
8702,한솔페이퍼텍(주),top_region,,전남,R3_사명교차전파
8703,한솔페이퍼텍(주),top_addr,,전남 담양군 대전면 대치7길 80,R3_사명교차전파
8703,한솔페이퍼텍(주),top_region,,전남,R3_사명교차전파
8704,한솔페이퍼텍(주),top_addr,,전남 담양군 대전면 대치7길 80,R3_사명교차전파
8704,한솔페이퍼텍(주),top_region,,전남,R3_사명교차전파
8705,한솔페이퍼텍(주),top_addr,,전남 담양군 대전면 대치7길 80,R3_사명교차전파
8705,한솔페이퍼텍(주),top_region,,전남,R3_사명교차전파
8706,한솔페이퍼텍(주),top_addr,,전남 담양군 대전면 대치7길 80,R3_사명교차전파
8706,한솔페이퍼텍(주),top_region,,전남,R3_사명교차전파
8707,한솔페이퍼텍(주),top_addr,,전남 담양군 대전면 대치7길 80,R3_사명교차전파
8707,한솔페이퍼텍(주),top_region,,전남,R3_사명교차전파
8708,한솔페이퍼텍(주),top_addr,,전남 담양군 대전면 대치7길 80,R3_사명교차전파
8708,한솔페이퍼텍(주),top_region,,전남,R3_사명교차전파
8756,농업회사법인인백팜(주),top_addr,,전남 화순군 화순읍 산단길 40,R3_사명교차전파
8756,농업회사법인인백팜(주),top_region,,전남,R3_사명교차전파
8757,농업회사법인인백팜(주),top_addr,,전남 화순군 화순읍 산단길 40,R3_사명교차전파
8757,농업회사법인인백팜(주),top_region,,전남,R3_사명교차전파
8758,농업회사법인인백팜(주),top_addr,,전남 화순군 화순읍 산단길 40,R3_사명교차전파
8758,농업회사법인인백팜(주),top_region,,전남,R3_사명교차전파
8759,농업회사법인인백팜(주),top_addr,,전남 화순군 화순읍 산단길 40,R3_사명교차전파
8759,농업회사법인인백팜(주),top_region,,전남,R3_사명교차전파
8760,농업회사법인인백팜(주),top_addr,,전남 화순군 화순읍 산단길 40,R3_사명교차전파
8760,농업회사법인인백팜(주),top_region,,전남,R3_사명교차전파
8761,농업회사법인인백팜(주),top_addr,,전남 화순군 화순읍 산단길 40,R3_사명교차전파
8761,농업회사법인인백팜(주),top_region,,전남,R3_사명교차전파
8762,농업회사법인인백팜(주),top_addr,,전남 화순군 화순읍 산단길 40,R3_사명교차전파
8762,농업회사법인인백팜(주),top_region,,전남,R3_사명교차전파
8763,농업회사법인인백팜(주),top_addr,,전남 화순군 화순읍 산단길 40,R3_사명교차전파
8763,농업회사법인인백팜(주),top_region,,전남,R3_사명교차전파
8777,케이씨(주),top_addr,,경기도 안성시 미양면 제2공단3길 30 -,R3_사명교차전파
8777,케이씨(주),top_region,,경기,R3_사명교차전파
8777,케이씨(주),top_sicNm,,반도체 제조용 기계 제조업,R3_사명교차전파
8778,케이씨(주),top_addr,,경기도 안성시 미양면 제2공단3길 30 -,R3_사명교차전파
8778,케이씨(주),top_region,,경기,R3_사명교차전파
8778,케이씨(주),top_sicNm,,반도체 제조용 기계 제조업,R3_사명교차전파
8779,케이씨(주),top_addr,,경기도 안성시 미양면 제2공단3길 30 -,R3_사명교차전파
8779,케이씨(주),top_region,,경기,R3_사명교차전파
8779,케이씨(주),top_sicNm,,반도체 제조용 기계 제조업,R3_사명교차전파
8780,케이씨(주),top_addr,,경기도 안성시 미양면 제2공단3길 30 -,R3_사명교차전파
8780,케이씨(주),top_region,,경기,R3_사명교차전파
8780,케이씨(주),top_sicNm,,반도체 제조용 기계 제조업,R3_사명교차전파
8781,케이씨(주),top_addr,,경기도 안성시 미양면 제2공단3길 30 -,R3_사명교차전파
8781,케이씨(주),top_region,,경기,R3_사명교차전파
8781,케이씨(주),top_sicNm,,반도체 제조용 기계 제조업,R3_사명교차전파
8782,케이씨(주),top_addr,,경기도 안성시 미양면 제2공단3길 30 -,R3_사명교차전파
8782,케이씨(주),top_region,,경기,R3_사명교차전파
8782,케이씨(주),top_sicNm,,반도체 제조용 기계 제조업,R3_사명교차전파
8783,현대개발(주),top_addr,,광주시 광산구,R3_사명교차전파
8783,현대개발(주),top_region,,광주,R3_사명교차전파
8784,현대개발(주),top_addr,,광주시 광산구,R3_사명교차전파
8784,현대개발(주),top_region,,광주,R3_사명교차전파
8785,현대개발(주),top_addr,,광주시 광산구,R3_사명교차전파
8785,현대개발(주),top_region,,광주,R3_사명교차전파
8786,현대개발(주),top_addr,,광주시 광산구,R3_사명교차전파
8786,현대개발(주),top_region,,광주,R3_사명교차전파
8787,현대개발(주),top_addr,,광주시 광산구,R3_사명교차전파
8787,현대개발(주),top_region,,광주,R3_사명교차전파
8788,현대개발(주),top_addr,,광주시 광산구,R3_사명교차전파
8788,현대개발(주),top_region,,광주,R3_사명교차전파
8789,현대개발(주),top_addr,,광주시 광산구,R3_사명교차전파
8789,현대개발(주),top_region,,광주,R3_사명교차전파
8790,현대개발(주),top_addr,,광주시 광산구,R3_사명교차전파
8790,현대개발(주),top_region,,광주,R3_사명교차전파
8791,현대개발(주),top_addr,,광주시 광산구,R3_사명교차전파
8791,현대개발(주),top_region,,광주,R3_사명교차전파
8804,농업회사법인(주)팜스월드지지피,top_addr,,전남 영광군 법성면 신장길 5길 38,R3_사명교차전파
8804,농업회사법인(주)팜스월드지지피,top_region,,전남,R3_사명교차전파
8805,농업회사법인(주)팜스월드지지피,top_addr,,전남 영광군 법성면 신장길 5길 38,R3_사명교차전파
8805,농업회사법인(주)팜스월드지지피,top_region,,전남,R3_사명교차전파
8806,농업회사법인(주)팜스월드지지피,top_addr,,전남 영광군 법성면 신장길 5길 38,R3_사명교차전파
8806,농업회사법인(주)팜스월드지지피,top_region,,전남,R3_사명교차전파
8807,농업회사법인(주)팜스월드지지피,top_addr,,전남 영광군 법성면 신장길 5길 38,R3_사명교차전파
8807,농업회사법인(주)팜스월드지지피,top_region,,전남,R3_사명교차전파
8808,농업회사법인(주)팜스월드지지피,top_addr,,전남 영광군 법성면 신장길 5길 38,R3_사명교차전파
8808,농업회사법인(주)팜스월드지지피,top_region,,전남,R3_사명교차전파
8809,농업회사법인(주)팜스월드지지피,top_addr,,전남 영광군 법성면 신장길 5길 38,R3_사명교차전파
8809,농업회사법인(주)팜스월드지지피,top_region,,전남,R3_사명교차전파
8810,농업회사법인(주)팜스월드지지피,top_addr,,전남 영광군 법성면 신장길 5길 38,R3_사명교차전파
8810,농업회사법인(주)팜스월드지지피,top_region,,전남,R3_사명교차전파
8811,동화기업(주),top_addr,,전남 장성군,R3_사명교차전파
8811,동화기업(주),top_region,,전남,R3_사명교차전파
8812,동화기업(주),top_addr,,전남 장성군,R3_사명교차전파
8812,동화기업(주),top_region,,전남,R3_사명교차전파
8813,동화기업(주),top_addr,,전남 장성군,R3_사명교차전파
8813,동화기업(주),top_region,,전남,R3_사명교차전파
8814,동화기업(주),top_addr,,전남 장성군,R3_사명교차전파
8814,동화기업(주),top_region,,전남,R3_사명교차전파
8815,동화기업(주),top_addr,,전남 장성군,R3_사명교차전파
8815,동화기업(주),top_region,,전남,R3_사명교차전파
8816,동화기업(주),top_addr,,전남 장성군,R3_사명교차전파
8816,동화기업(주),top_region,,전남,R3_사명교차전파
8817,동화기업(주),top_addr,,전남 장성군,R3_사명교차전파
8817,동화기업(주),top_region,,전남,R3_사명교차전파
8818,동화기업(주),top_addr,,전남 장성군,R3_사명교차전파
8818,동화기업(주),top_region,,전남,R3_사명교차전파
8819,동화기업(주),top_addr,,전남 장성군,R3_사명교차전파
8819,동화기업(주),top_region,,전남,R3_사명교차전파
8833,금호피앤비화학(주),top_addr,,전남 여수시 여수산단2로 218,R3_사명교차전파
8833,금호피앤비화학(주),top_region,,전남,R3_사명교차전파
8834,금호피앤비화학(주),top_addr,,전남 여수시 여수산단2로 218,R3_사명교차전파
8834,금호피앤비화학(주),top_region,,전남,R3_사명교차전파
8835,금호피앤비화학(주),top_addr,,전남 여수시 여수산단2로 218,R3_사명교차전파
8835,금호피앤비화학(주),top_region,,전남,R3_사명교차전파
8836,금호피앤비화학(주),top_addr,,전남 여수시 여수산단2로 218,R3_사명교차전파
8836,금호피앤비화학(주),top_region,,전남,R3_사명교차전파
8837,금호티앤엘(주),top_addr,,전남 여수시 여수산단로 1469-100,R3_사명교차전파
8837,금호티앤엘(주),top_region,,전남,R3_사명교차전파
8838,금호티앤엘(주),top_addr,,전남 여수시 여수산단로 1469-100,R3_사명교차전파
8838,금호티앤엘(주),top_region,,전남,R3_사명교차전파
8839,금호티앤엘(주),top_addr,,전남 여수시 여수산단로 1469-100,R3_사명교차전파
8839,금호티앤엘(주),top_region,,전남,R3_사명교차전파
8840,금호티앤엘(주),top_addr,,전남 여수시 여수산단로 1469-100,R3_사명교차전파
8840,금호티앤엘(주),top_region,,전남,R3_사명교차전파
8953,(주)세아씨엠,top_addr,,전라북도 군산,R3_사명교차전파
8953,(주)세아씨엠,top_region,,전북,R3_사명교차전파
8954,(주)세아씨엠,top_addr,,전라북도 군산,R3_사명교차전파
8954,(주)세아씨엠,top_region,,전북,R3_사명교차전파
8955,(주)세아씨엠,top_addr,,전라북도 군산,R3_사명교차전파
8955,(주)세아씨엠,top_region,,전북,R3_사명교차전파
8956,(주)세아씨엠,top_addr,,전라북도 군산,R3_사명교차전파
8956,(주)세아씨엠,top_region,,전북,R3_사명교차전파
8957,(주)세아씨엠,top_addr,,전라북도 군산,R3_사명교차전파
8957,(주)세아씨엠,top_region,,전북,R3_사명교차전파
8958,(주)세아씨엠,top_addr,,전라북도 군산,R3_사명교차전파
8958,(주)세아씨엠,top_region,,전북,R3_사명교차전파
8959,(주)세아씨엠,top_addr,,전라북도 군산,R3_사명교차전파
8959,(주)세아씨엠,top_region,,전북,R3_사명교차전파
8963,우리손에프앤지농업회사법인(주),top_addr,,나주,R3_사명교차전파
8964,우리손에프앤지농업회사법인(주),top_addr,,나주,R3_사명교차전파
8965,우리손에프앤지농업회사법인(주),top_addr,,나주,R3_사명교차전파
8966,우리손에프앤지농업회사법인(주),top_addr,,나주,R3_사명교차전파
8967,우리손에프앤지농업회사법인(주),top_addr,,나주,R3_사명교차전파
8968,우리손에프앤지농업회사법인(주),top_addr,,나주,R3_사명교차전파
8969,우리손에프앤지농업회사법인(주),top_addr,,나주,R3_사명교차전파
8976,농업회사법인(주)사조원,top_addr,,전북 김제시 금산면 구성6길 122,R3_사명교차전파
8976,농업회사법인(주)사조원,top_region,,전북,R3_사명교차전파
8977,농업회사법인(주)사조원,top_addr,,전북 김제시 금산면 구성6길 122,R3_사명교차전파
8977,농업회사법인(주)사조원,top_region,,전북,R3_사명교차전파
8978,농업회사법인(주)사조원,top_addr,,전북 김제시 금산면 구성6길 122,R3_사명교차전파
8978,농업회사법인(주)사조원,top_region,,전북,R3_사명교차전파
8979,농업회사법인(주)사조원,top_addr,,전북 김제시 금산면 구성6길 122,R3_사명교차전파
8979,농업회사법인(주)사조원,top_region,,전북,R3_사명교차전파
8980,농업회사법인(주)사조원,top_addr,,전북 김제시 금산면 구성6길 122,R3_사명교차전파
8980,농업회사법인(주)사조원,top_region,,전북,R3_사명교차전파
8981,농업회사법인(주)사조원,top_addr,,전북 김제시 금산면 구성6길 122,R3_사명교차전파
8981,농업회사법인(주)사조원,top_region,,전북,R3_사명교차전파
8982,농업회사법인(주)사조원,top_addr,,전북 김제시 금산면 구성6길 122,R3_사명교차전파
8982,농업회사법인(주)사조원,top_region,,전북,R3_사명교차전파
8983,(주)서연인테크,top_addr,,전북 익산시 석암로 17길 137,R3_사명교차전파
8983,(주)서연인테크,top_region,,전북,R3_사명교차전파
8984,(주)서연인테크,top_addr,,전북 익산시 석암로 17길 137,R3_사명교차전파
8984,(주)서연인테크,top_region,,전북,R3_사명교차전파
8985,(주)서연인테크,top_addr,,전북 익산시 석암로 17길 137,R3_사명교차전파
8985,(주)서연인테크,top_region,,전북,R3_사명교차전파
8986,(주)서연인테크,top_addr,,전북 익산시 석암로 17길 137,R3_사명교차전파
8986,(주)서연인테크,top_region,,전북,R3_사명교차전파
8987,(주)서연인테크,top_addr,,전북 익산시 석암로 17길 137,R3_사명교차전파
8987,(주)서연인테크,top_region,,전북,R3_사명교차전파
8988,(주)하림,top_addr,,전북 익산시 망성면 망성로 14,R3_사명교차전파
8988,(주)하림,top_region,,전북,R3_사명교차전파
8989,(주)하림,top_addr,,전북 익산시 망성면 망성로 14,R3_사명교차전파
8989,(주)하림,top_region,,전북,R3_사명교차전파
8990,(주)하림,top_addr,,전북 익산시 망성면 망성로 14,R3_사명교차전파
8990,(주)하림,top_region,,전북,R3_사명교차전파
8991,(주)하림,top_addr,,전북 익산시 망성면 망성로 14,R3_사명교차전파
8991,(주)하림,top_region,,전북,R3_사명교차전파
8992,(주)하림,top_addr,,전북 익산시 망성면 망성로 14,R3_사명교차전파
8992,(주)하림,top_region,,전북,R3_사명교차전파
8993,(주)하림,top_addr,,전북 익산시 망성면 망성로 14,R3_사명교차전파
8993,(주)하림,top_region,,전북,R3_사명교차전파
8994,(주)하림,top_addr,,전북 익산시 망성면 망성로 14,R3_사명교차전파
8994,(주)하림,top_region,,전북,R3_사명교차전파
8995,(주)하림,top_addr,,전북 익산시 망성면 망성로 14,R3_사명교차전파
8995,(주)하림,top_region,,전북,R3_사명교차전파
8996,(주)하림,top_addr,,전북 익산시 망성면 망성로 14,R3_사명교차전파
8996,(주)하림,top_region,,전북,R3_사명교차전파
8997,(주)하림,top_addr,,전북 익산시 망성면 망성로 14,R3_사명교차전파
8997,(주)하림,top_region,,전북,R3_사명교차전파
8998,(주)하림,top_addr,,전북 익산시 망성면 망성로 14,R3_사명교차전파
8998,(주)하림,top_region,,전북,R3_사명교차전파
8999,(주)하림,top_addr,,전북 익산시 망성면 망성로 14,R3_사명교차전파
8999,(주)하림,top_region,,전북,R3_사명교차전파
9000,(주)하림,top_addr,,전북 익산시 망성면 망성로 14,R3_사명교차전파
9000,(주)하림,top_region,,전북,R3_사명교차전파
9001,(주)하림,top_addr,,전북 익산시 망성면 망성로 14,R3_사명교차전파
9001,(주)하림,top_region,,전북,R3_사명교차전파
9002,(주)하림,top_addr,,전북 익산시 망성면 망성로 14,R3_사명교차전파
9002,(주)하림,top_region,,전북,R3_사명교차전파
9003,(주)하림,top_addr,,전북 익산시 망성면 망성로 14,R3_사명교차전파
9003,(주)하림,top_region,,전북,R3_사명교차전파
9004,(주)하림,top_addr,,전북 익산시 망성면 망성로 14,R3_사명교차전파
9004,(주)하림,top_region,,전북,R3_사명교차전파
9005,(주)하림,top_addr,,전북 익산시 망성면 망성로 14,R3_사명교차전파
9005,(주)하림,top_region,,전북,R3_사명교차전파
9023,두산퓨얼셀(주),top_addr,,전라북도 익산시 석암로7길 100,R3_사명교차전파
9023,두산퓨얼셀(주),top_region,,전북,R3_사명교차전파
9024,두산퓨얼셀(주),top_addr,,전라북도 익산시 석암로7길 100,R3_사명교차전파
9024,두산퓨얼셀(주),top_region,,전북,R3_사명교차전파
9025,두산퓨얼셀(주),top_addr,,전라북도 익산시 석암로7길 100,R3_사명교차전파
9025,두산퓨얼셀(주),top_region,,전북,R3_사명교차전파
9026,두산퓨얼셀(주),top_addr,,전라북도 익산시 석암로7길 100,R3_사명교차전파
9026,두산퓨얼셀(주),top_region,,전북,R3_사명교차전파
9027,두산퓨얼셀(주),top_addr,,전라북도 익산시 석암로7길 100,R3_사명교차전파
9027,두산퓨얼셀(주),top_region,,전북,R3_사명교차전파
9029,(주)제주항공,top_addr,,제주특별자치도 제주시 신대로 64 (연동건설공제회관3층),R3_사명교차전파
9029,(주)제주항공,top_region,,제주,R3_사명교차전파
9030,(주)제주항공,top_addr,,제주특별자치도 제주시 신대로 64 (연동건설공제회관3층),R3_사명교차전파
9030,(주)제주항공,top_region,,제주,R3_사명교차전파
9031,(주)제주항공,top_addr,,제주특별자치도 제주시 신대로 64 (연동건설공제회관3층),R3_사명교차전파
9031,(주)제주항공,top_region,,제주,R3_사명교차전파
9032,(주)제주항공,top_addr,,제주특별자치도 제주시 신대로 64 (연동건설공제회관3층),R3_사명교차전파
9032,(주)제주항공,top_region,,제주,R3_사명교차전파
9033,(주)제주항공,top_addr,,제주특별자치도 제주시 신대로 64 (연동건설공제회관3층),R3_사명교차전파
9033,(주)제주항공,top_region,,제주,R3_사명교차전파
9034,(주)제주항공,top_addr,,제주특별자치도 제주시 신대로 64 (연동건설공제회관3층),R3_사명교차전파
9034,(주)제주항공,top_region,,제주,R3_사명교차전파
9035,(주)제주항공,top_addr,,제주특별자치도 제주시 신대로 64 (연동건설공제회관3층),R3_사명교차전파
9035,(주)제주항공,top_region,,제주,R3_사명교차전파
9036,(주)제주항공,top_addr,,제주특별자치도 제주시 신대로 64 (연동건설공제회관3층),R3_사명교차전파
9036,(주)제주항공,top_region,,제주,R3_사명교차전파
9037,(주)제주항공,top_addr,,제주특별자치도 제주시 신대로 64 (연동건설공제회관3층),R3_사명교차전파
9037,(주)제주항공,top_region,,제주,R3_사명교차전파
9038,(주)제주항공,top_addr,,제주특별자치도 제주시 신대로 64 (연동건설공제회관3층),R3_사명교차전파
9038,(주)제주항공,top_region,,제주,R3_사명교차전파
9041,(주)오션스위츠,top_addr,,제주특별자치도 제주시 탑동 해안로 74,R3_사명교차전파
9041,(주)오션스위츠,top_region,,제주,R3_사명교차전파
9042,(주)오션스위츠,top_addr,,제주특별자치도 제주시 탑동 해안로 74,R3_사명교차전파
9042,(주)오션스위츠,top_region,,제주,R3_사명교차전파
9043,(주)오션스위츠,top_addr,,제주특별자치도 제주시 탑동 해안로 74,R3_사명교차전파
9043,(주)오션스위츠,top_region,,제주,R3_사명교차전파
9049,(주)한텍,top_addr,,울산광역시 울주군 온산읍 연자로 51,R3_사명교차전파
9049,(주)한텍,top_region,,울산,R3_사명교차전파
9050,(주)한텍,top_addr,,울산광역시 울주군 온산읍 연자로 51,R3_사명교차전파
9050,(주)한텍,top_region,,울산,R3_사명교차전파
9051,(주)한텍,top_addr,,울산광역시 울주군 온산읍 연자로 51,R3_사명교차전파
9051,(주)한텍,top_region,,울산,R3_사명교차전파
9052,(주)한텍,top_addr,,울산광역시 울주군 온산읍 연자로 51,R3_사명교차전파
9052,(주)한텍,top_region,,울산,R3_사명교차전파
9053,(주)한텍,top_addr,,울산광역시 울주군 온산읍 연자로 51,R3_사명교차전파
9053,(주)한텍,top_region,,울산,R3_사명교차전파
9054,(주)한텍,top_addr,,울산광역시 울주군 온산읍 연자로 51,R3_사명교차전파
9054,(주)한텍,top_region,,울산,R3_사명교차전파
9084,엔브이에이치오버헤드시스템(주),top_addr,,울산 북구 모듈화산업로 207-14,R3_사명교차전파
9084,엔브이에이치오버헤드시스템(주),top_region,,울산,R3_사명교차전파
9085,엔브이에이치오버헤드시스템(주),top_addr,,울산 북구 모듈화산업로 207-14,R3_사명교차전파
9085,엔브이에이치오버헤드시스템(주),top_region,,울산,R3_사명교차전파
9086,엔브이에이치오버헤드시스템(주),top_addr,,울산 북구 모듈화산업로 207-14,R3_사명교차전파
9086,엔브이에이치오버헤드시스템(주),top_region,,울산,R3_사명교차전파
9087,엔브이에이치오버헤드시스템(주),top_addr,,울산 북구 모듈화산업로 207-14,R3_사명교차전파
9087,엔브이에이치오버헤드시스템(주),top_region,,울산,R3_사명교차전파
9088,엔브이에이치오버헤드시스템(주),top_addr,,울산 북구 모듈화산업로 207-14,R3_사명교차전파
9088,엔브이에이치오버헤드시스템(주),top_region,,울산,R3_사명교차전파
9089,엔브이에이치오버헤드시스템(주),top_addr,,울산 북구 모듈화산업로 207-14,R3_사명교차전파
9089,엔브이에이치오버헤드시스템(주),top_region,,울산,R3_사명교차전파
9094,(주)코리아에어텍,top_addr,,울산광역시 울주군 온산읍 온산로 134 (처용리),R3_사명교차전파
9094,(주)코리아에어텍,top_region,,울산,R3_사명교차전파
9095,(주)코리아에어텍,top_addr,,울산광역시 울주군 온산읍 온산로 134 (처용리),R3_사명교차전파
9095,(주)코리아에어텍,top_region,,울산,R3_사명교차전파
9192,(주)제인모터스,top_addr,,대구광역시 달성군,R3_사명교차전파
9192,(주)제인모터스,top_region,,대구,R3_사명교차전파
9193,(주)제인모터스,top_addr,,대구광역시 달성군,R3_사명교차전파
9193,(주)제인모터스,top_region,,대구,R3_사명교차전파
9194,(주)서연씨엔에프,top_addr,,울산시 울주군 두서면 전읍농공길 13(전읍리),R3_사명교차전파
9194,(주)서연씨엔에프,top_region,,울산,R3_사명교차전파
9195,(주)서연씨엔에프,top_addr,,울산시 울주군 두서면 전읍농공길 13(전읍리),R3_사명교차전파
9195,(주)서연씨엔에프,top_region,,울산,R3_사명교차전파
9196,(주)서연씨엔에프,top_addr,,울산시 울주군 두서면 전읍농공길 13(전읍리),R3_사명교차전파
9196,(주)서연씨엔에프,top_region,,울산,R3_사명교차전파
9197,(주)서연씨엔에프,top_addr,,울산시 울주군 두서면 전읍농공길 13(전읍리),R3_사명교차전파
9197,(주)서연씨엔에프,top_region,,울산,R3_사명교차전파
9198,(주)서연씨엔에프,top_addr,,울산시 울주군 두서면 전읍농공길 13(전읍리),R3_사명교차전파
9198,(주)서연씨엔에프,top_region,,울산,R3_사명교차전파
9280,(주)웅진씽크빅,top_addr,,경기도 파주시 회동길,R3_사명교차전파
9280,(주)웅진씽크빅,top_region,,경기,R3_사명교차전파
9281,(주)웅진씽크빅,top_addr,,경기도 파주시 회동길,R3_사명교차전파
9281,(주)웅진씽크빅,top_region,,경기,R3_사명교차전파
9307,(주)애그리로보텍,top_addr,,경기 이천시 부발읍 신아로 58,R3_사명교차전파
9307,(주)애그리로보텍,top_region,,경기,R3_사명교차전파
9308,(주)애그리로보텍,top_addr,,경기 이천시 부발읍 신아로 58,R3_사명교차전파
9308,(주)애그리로보텍,top_region,,경기,R3_사명교차전파
9309,(주)애그리로보텍,top_addr,,경기 이천시 부발읍 신아로 58,R3_사명교차전파
9309,(주)애그리로보텍,top_region,,경기,R3_사명교차전파
9310,(주)애그리로보텍,top_addr,,경기 이천시 부발읍 신아로 58,R3_사명교차전파
9310,(주)애그리로보텍,top_region,,경기,R3_사명교차전파
9311,(주)애그리로보텍,top_addr,,경기 이천시 부발읍 신아로 58,R3_사명교차전파
9311,(주)애그리로보텍,top_region,,경기,R3_사명교차전파
9312,(주)애그리로보텍,top_addr,,경기 이천시 부발읍 신아로 58,R3_사명교차전파
9312,(주)애그리로보텍,top_region,,경기,R3_사명교차전파
9313,(주)애그리로보텍,top_addr,,경기 이천시 부발읍 신아로 58,R3_사명교차전파
9313,(주)애그리로보텍,top_region,,경기,R3_사명교차전파
9314,(주)애그리로보텍,top_addr,,경기 이천시 부발읍 신아로 58,R3_사명교차전파
9314,(주)애그리로보텍,top_region,,경기,R3_사명교차전파
9315,(주)애그리로보텍,top_addr,,경기 이천시 부발읍 신아로 58,R3_사명교차전파
9315,(주)애그리로보텍,top_region,,경기,R3_사명교차전파
9316,(주)애그리로보텍,top_addr,,경기 이천시 부발읍 신아로 58,R3_사명교차전파
9316,(주)애그리로보텍,top_region,,경기,R3_사명교차전파
9317,(주)애그리로보텍,top_addr,,경기 이천시 부발읍 신아로 58,R3_사명교차전파
9317,(주)애그리로보텍,top_region,,경기,R3_사명교차전파
9318,(주)애그리로보텍,top_addr,,경기 이천시 부발읍 신아로 58,R3_사명교차전파
9318,(주)애그리로보텍,top_region,,경기,R3_사명교차전파
9319,(주)애그리로보텍,top_addr,,경기 이천시 부발읍 신아로 58,R3_사명교차전파
9319,(주)애그리로보텍,top_region,,경기,R3_사명교차전파
9320,(주)애그리로보텍,top_addr,,경기 이천시 부발읍 신아로 58,R3_사명교차전파
9320,(주)애그리로보텍,top_region,,경기,R3_사명교차전파
9321,(주)애그리로보텍,top_addr,,경기 이천시 부발읍 신아로 58,R3_사명교차전파
9321,(주)애그리로보텍,top_region,,경기,R3_사명교차전파
9322,(주)애그리로보텍,top_addr,,경기 이천시 부발읍 신아로 58,R3_사명교차전파
9322,(주)애그리로보텍,top_region,,경기,R3_사명교차전파
9323,(주)애그리로보텍,top_addr,,경기 이천시 부발읍 신아로 58,R3_사명교차전파
9323,(주)애그리로보텍,top_region,,경기,R3_사명교차전파
9324,(주)애그리로보텍,top_addr,,경기 이천시 부발읍 신아로 58,R3_사명교차전파
9324,(주)애그리로보텍,top_region,,경기,R3_사명교차전파
9349,현대캐피탈(주),top_addr,,서울특별시 중구 세종대로 14,R3_사명교차전파
9349,현대캐피탈(주),top_region,,서울,R3_사명교차전파
9356,(주)동원에프앤비,top_addr,,서울특별시 서초구 마방로 68,R3_사명교차전파
9356,(주)동원에프앤비,top_region,,서울,R3_사명교차전파
9361,현대엔지니어링(주),top_addr,,서울시 종로구,R3_사명교차전파
9361,현대엔지니어링(주),top_region,,서울,R3_사명교차전파
9365,솔브레인옵토스(주),top_addr,,경기도 안성시 양성면,R3_사명교차전파
9365,솔브레인옵토스(주),top_region,,경기,R3_사명교차전파
9368,내트럭(주),top_addr,,서울시 중구 삼일대로 363,R3_사명교차전파
9368,내트럭(주),top_region,,서울,R3_사명교차전파
9369,내트럭(주),top_addr,,서울시 중구 삼일대로 363,R3_사명교차전파
9369,내트럭(주),top_region,,서울,R3_사명교차전파
9370,내트럭(주),top_addr,,서울시 중구 삼일대로 363,R3_사명교차전파
9370,내트럭(주),top_region,,서울,R3_사명교차전파
9371,내트럭(주),top_addr,,서울시 중구 삼일대로 363,R3_사명교차전파
9371,내트럭(주),top_region,,서울,R3_사명교차전파
9372,내트럭(주),top_addr,,서울시 중구 삼일대로 363,R3_사명교차전파
9372,내트럭(주),top_region,,서울,R3_사명교차전파
9373,내트럭(주),top_addr,,서울시 중구 삼일대로 363,R3_사명교차전파
9373,내트럭(주),top_region,,서울,R3_사명교차전파
9374,내트럭(주),top_addr,,서울시 중구 삼일대로 363,R3_사명교차전파
9374,내트럭(주),top_region,,서울,R3_사명교차전파
9375,내트럭(주),top_addr,,서울시 중구 삼일대로 363,R3_사명교차전파
9375,내트럭(주),top_region,,서울,R3_사명교차전파
9376,내트럭(주),top_addr,,서울시 중구 삼일대로 363,R3_사명교차전파
9376,내트럭(주),top_region,,서울,R3_사명교차전파
9377,내트럭(주),top_addr,,서울시 중구 삼일대로 363,R3_사명교차전파
9377,내트럭(주),top_region,,서울,R3_사명교차전파
9378,내트럭(주),top_addr,,서울시 중구 삼일대로 363,R3_사명교차전파
9378,내트럭(주),top_region,,서울,R3_사명교차전파
9379,내트럭(주),top_addr,,서울시 중구 삼일대로 363,R3_사명교차전파
9379,내트럭(주),top_region,,서울,R3_사명교차전파
9380,내트럭(주),top_addr,,서울시 중구 삼일대로 363,R3_사명교차전파
9380,내트럭(주),top_region,,서울,R3_사명교차전파
9381,내트럭(주),top_addr,,서울시 중구 삼일대로 363,R3_사명교차전파
9381,내트럭(주),top_region,,서울,R3_사명교차전파
9382,내트럭(주),top_addr,,서울시 중구 삼일대로 363,R3_사명교차전파
9382,내트럭(주),top_region,,서울,R3_사명교차전파
9383,내트럭(주),top_addr,,서울시 중구 삼일대로 363,R3_사명교차전파
9383,내트럭(주),top_region,,서울,R3_사명교차전파
9384,내트럭(주),top_addr,,서울시 중구 삼일대로 363,R3_사명교차전파
9384,내트럭(주),top_region,,서울,R3_사명교차전파
9385,내트럭(주),top_addr,,서울시 중구 삼일대로 363,R3_사명교차전파
9385,내트럭(주),top_region,,서울,R3_사명교차전파
9386,내트럭(주),top_addr,,서울시 중구 삼일대로 363,R3_사명교차전파
9386,내트럭(주),top_region,,서울,R3_사명교차전파
9387,내트럭(주),top_addr,,서울시 중구 삼일대로 363,R3_사명교차전파
9387,내트럭(주),top_region,,서울,R3_사명교차전파
9388,내트럭(주),top_addr,,서울시 중구 삼일대로 363,R3_사명교차전파
9388,내트럭(주),top_region,,서울,R3_사명교차전파
9389,내트럭(주),top_addr,,서울시 중구 삼일대로 363,R3_사명교차전파
9389,내트럭(주),top_region,,서울,R3_사명교차전파
9390,내트럭(주),top_addr,,서울시 중구 삼일대로 363,R3_사명교차전파
9390,내트럭(주),top_region,,서울,R3_사명교차전파
9391,내트럭(주),top_addr,,서울시 중구 삼일대로 363,R3_사명교차전파
9391,내트럭(주),top_region,,서울,R3_사명교차전파
9392,내트럭(주),top_addr,,서울시 중구 삼일대로 363,R3_사명교차전파
9392,내트럭(주),top_region,,서울,R3_사명교차전파
9393,내트럭(주),top_addr,,서울시 중구 삼일대로 363,R3_사명교차전파
9393,내트럭(주),top_region,,서울,R3_사명교차전파
9394,내트럭(주),top_addr,,서울시 중구 삼일대로 363,R3_사명교차전파
9394,내트럭(주),top_region,,서울,R3_사명교차전파
9395,내트럭(주),top_addr,,서울시 중구 삼일대로 363,R3_사명교차전파
9395,내트럭(주),top_region,,서울,R3_사명교차전파
9396,내트럭(주),top_addr,,서울시 중구 삼일대로 363,R3_사명교차전파
9396,내트럭(주),top_region,,서울,R3_사명교차전파
9397,내트럭(주),top_addr,,서울시 중구 삼일대로 363,R3_사명교차전파
9397,내트럭(주),top_region,,서울,R3_사명교차전파
9398,내트럭(주),top_addr,,서울시 중구 삼일대로 363,R3_사명교차전파
9398,내트럭(주),top_region,,서울,R3_사명교차전파
9399,내트럭(주),top_addr,,서울시 중구 삼일대로 363,R3_사명교차전파
9399,내트럭(주),top_region,,서울,R3_사명교차전파
9400,내트럭(주),top_addr,,서울시 중구 삼일대로 363,R3_사명교차전파
9400,내트럭(주),top_region,,서울,R3_사명교차전파
9401,내트럭(주),top_addr,,서울시 중구 삼일대로 363,R3_사명교차전파
9401,내트럭(주),top_region,,서울,R3_사명교차전파
9402,내트럭(주),top_addr,,서울시 중구 삼일대로 363,R3_사명교차전파
9402,내트럭(주),top_region,,서울,R3_사명교차전파
9403,내트럭(주),top_addr,,서울시 중구 삼일대로 363,R3_사명교차전파
9403,내트럭(주),top_region,,서울,R3_사명교차전파
9405,동원팜스(주),top_addr,,충청남도 논산시 가야곡면 동안로 1281,R3_사명교차전파
9405,동원팜스(주),top_region,,충남,R3_사명교차전파
9408,현대종합특수강(주),top_addr,,경기도 안양시 동안구 시민대로 161,R3_사명교차전파
9408,현대종합특수강(주),top_region,,경기,R3_사명교차전파
9409,동원로엑스(주),top_addr,,서울 서초구 마방로68(양재동) 동원산업빌딩,R3_사명교차전파
9409,동원로엑스(주),top_region,,서울,R3_사명교차전파
9421,나래에너지서비스(주),top_addr,,서울시 종로구 서린동 88 한국화장품 건물 2층 위례에너지서비스,R3_사명교차전파
9421,나래에너지서비스(주),top_region,,서울,R3_사명교차전파
9428,(주)정다운,top_addr,,나주,R3_사명교차전파
9429,(주)매그너스홀딩스,top_addr,,서울특별시 성북구 보문로 35,R3_사명교차전파
9429,(주)매그너스홀딩스,top_region,,서울,R3_사명교차전파
9430,에스케이넥실리스,top_addr,,전라북도 정읍시 북면 3산단2길 2,R3_사명교차전파
9430,에스케이넥실리스,top_region,,전북,R3_사명교차전파
9433,(주)웅진북센,top_addr,,경기도 파주시 교하읍 문발리,R3_사명교차전파
9433,(주)웅진북센,top_region,,경기,R3_사명교차전파
9435,동원로엑스인천(주),top_addr,,인천광역시 서구 북항로 309번길 84,R3_사명교차전파
9435,동원로엑스인천(주),top_region,,인천,R3_사명교차전파
9436,동원로엑스인천(주),top_addr,,인천광역시 서구 북항로 309번길 84,R3_사명교차전파
9436,동원로엑스인천(주),top_region,,인천,R3_사명교차전파
9437,동원로엑스인천(주),top_addr,,인천광역시 서구 북항로 309번길 84,R3_사명교차전파
9437,동원로엑스인천(주),top_region,,인천,R3_사명교차전파
9438,동원로엑스인천(주),top_addr,,인천광역시 서구 북항로 309번길 84,R3_사명교차전파
9438,동원로엑스인천(주),top_region,,인천,R3_사명교차전파
9439,동원로엑스인천(주),top_addr,,인천광역시 서구 북항로 309번길 84,R3_사명교차전파
9439,동원로엑스인천(주),top_region,,인천,R3_사명교차전파
9440,동원로엑스인천(주),top_addr,,인천광역시 서구 북항로 309번길 84,R3_사명교차전파
9440,동원로엑스인천(주),top_region,,인천,R3_사명교차전파
9441,동원로엑스인천(주),top_addr,,인천광역시 서구 북항로 309번길 84,R3_사명교차전파
9441,동원로엑스인천(주),top_region,,인천,R3_사명교차전파
9442,동원로엑스인천(주),top_addr,,인천광역시 서구 북항로 309번길 84,R3_사명교차전파
9442,동원로엑스인천(주),top_region,,인천,R3_사명교차전파
9443,동원로엑스인천(주),top_addr,,인천광역시 서구 북항로 309번길 84,R3_사명교차전파
9443,동원로엑스인천(주),top_region,,인천,R3_사명교차전파
9444,동원로엑스인천(주),top_addr,,인천광역시 서구 북항로 309번길 84,R3_사명교차전파
9444,동원로엑스인천(주),top_region,,인천,R3_사명교차전파
9445,(주)진에어,top_addr,,서울특별시 강서구 공항대로 453,R3_사명교차전파
9445,(주)진에어,top_region,,서울,R3_사명교차전파
9446,(주)왕산레저개발,top_addr,,인천광역시 중구 왕산마리나길 143,R3_사명교차전파
9446,(주)왕산레저개발,top_region,,인천,R3_사명교차전파
9447,SK인천석유화학(주),top_addr,,인천 서구 봉수대로 415,R3_사명교차전파
9447,SK인천석유화학(주),top_region,,인천,R3_사명교차전파
9448,한진인천컨테이너터미널(주),top_addr,,인천 연수구 인천신항대로 777,R3_사명교차전파
9448,한진인천컨테이너터미널(주),top_region,,인천,R3_사명교차전파
9449,SKC(주),top_addr,,경기 수원시 장안구 장안로 309번길 84,R3_사명교차전파
9449,SKC(주),top_region,,경기,R3_사명교차전파
9450,SK네트웍스(주),top_addr,,경기도 수원시 장안구 경수대로 795,R3_사명교차전파
9450,SK네트웍스(주),top_region,,경기,R3_사명교차전파
9452,(주)지아이티,top_addr,,서울시 송파구 마천로87 지아이티빌딩,R3_사명교차전파
9452,(주)지아이티,top_region,,서울,R3_사명교차전파
9454,동원건설산업(주),top_addr,,경기도 안양시 동안구 시민대로 327번길 7-512,R3_사명교차전파
9454,동원건설산업(주),top_region,,경기,R3_사명교차전파
9457,동원시스템즈(주),top_addr,,성남시 중원구 갈마치로 302,R3_사명교차전파
9457,동원시스템즈(주),top_region,,충남,R3_사명교차전파
9460,(주)마니커,top_addr,,용인,R3_사명교차전파
9461,(주)마니커에프앤지,top_addr,,용인,R3_사명교차전파
9466,SK네트웍스서비스(주),top_addr,,경기도 수원시 팔달구 인계로 166번길 48-21,R3_사명교차전파
9466,SK네트웍스서비스(주),top_region,,경기,R3_사명교차전파
9467,강원도시가스(주),top_addr,,강원 춘천시 삭주로 163,R3_사명교차전파
9467,강원도시가스(주),top_region,,강원,R3_사명교차전파
9468,충청에너지서비스(주),top_addr,,충북 청주시 흥덕구 산단로 244,R3_사명교차전파
9468,충청에너지서비스(주),top_region,,충북,R3_사명교차전파
9469,(주)팜스토리,top_addr,,서울,R3_사명교차전파
9469,(주)팜스토리,top_region,,서울,R3_사명교차전파
9470,농업회사법인(주)지리산하이포지피,top_addr,,경남 산청군 단성면 창촌리 산 6,R3_사명교차전파
9470,농업회사법인(주)지리산하이포지피,top_region,,경남,R3_사명교차전파
9474,현대파텍스(주),top_addr,,충남 서산시 지곡면 무장길 29,R3_사명교차전파
9474,현대파텍스(주),top_region,,충남,R3_사명교차전파
9475,현대파텍스(주),top_addr,,충남 서산시 지곡면 무장길 29,R3_사명교차전파
9475,현대파텍스(주),top_region,,충남,R3_사명교차전파
9476,현대파텍스(주),top_addr,,충남 서산시 지곡면 무장길 29,R3_사명교차전파
9476,현대파텍스(주),top_region,,충남,R3_사명교차전파
9477,현대파텍스(주),top_addr,,충남 서산시 지곡면 무장길 29,R3_사명교차전파
9477,현대파텍스(주),top_region,,충남,R3_사명교차전파
9478,현대파텍스(주),top_addr,,충남 서산시 지곡면 무장길 29,R3_사명교차전파
9478,현대파텍스(주),top_region,,충남,R3_사명교차전파
9479,현대파텍스(주),top_addr,,충남 서산시 지곡면 무장길 29,R3_사명교차전파
9479,현대파텍스(주),top_region,,충남,R3_사명교차전파
9480,현대파텍스(주),top_addr,,충남 서산시 지곡면 무장길 29,R3_사명교차전파
9480,현대파텍스(주),top_region,,충남,R3_사명교차전파
9481,현대파텍스(주),top_addr,,충남 서산시 지곡면 무장길 29,R3_사명교차전파
9481,현대파텍스(주),top_region,,충남,R3_사명교차전파
9482,현대파텍스(주),top_addr,,충남 서산시 지곡면 무장길 29,R3_사명교차전파
9482,현대파텍스(주),top_region,,충남,R3_사명교차전파
9483,현대파텍스(주),top_addr,,충남 서산시 지곡면 무장길 29,R3_사명교차전파
9483,현대파텍스(주),top_region,,충남,R3_사명교차전파
9484,현대파텍스(주),top_addr,,충남 서산시 지곡면 무장길 29,R3_사명교차전파
9484,현대파텍스(주),top_region,,충남,R3_사명교차전파
9485,현대파텍스(주),top_addr,,충남 서산시 지곡면 무장길 29,R3_사명교차전파
9485,현대파텍스(주),top_region,,충남,R3_사명교차전파
9486,현대파텍스(주),top_addr,,충남 서산시 지곡면 무장길 29,R3_사명교차전파
9486,현대파텍스(주),top_region,,충남,R3_사명교차전파
9487,현대파텍스(주),top_addr,,충남 서산시 지곡면 무장길 29,R3_사명교차전파
9487,현대파텍스(주),top_region,,충남,R3_사명교차전파
9488,현대파텍스(주),top_addr,,충남 서산시 지곡면 무장길 29,R3_사명교차전파
9488,현대파텍스(주),top_region,,충남,R3_사명교차전파
9489,현대파텍스(주),top_addr,,충남 서산시 지곡면 무장길 29,R3_사명교차전파
9489,현대파텍스(주),top_region,,충남,R3_사명교차전파
9490,현대파텍스(주),top_addr,,충남 서산시 지곡면 무장길 29,R3_사명교차전파
9490,현대파텍스(주),top_region,,충남,R3_사명교차전파
9491,현대파텍스(주),top_addr,,충남 서산시 지곡면 무장길 29,R3_사명교차전파
9491,현대파텍스(주),top_region,,충남,R3_사명교차전파
9492,현대파텍스(주),top_addr,,충남 서산시 지곡면 무장길 29,R3_사명교차전파
9492,현대파텍스(주),top_region,,충남,R3_사명교차전파
9493,현대파텍스(주),top_addr,,충남 서산시 지곡면 무장길 29,R3_사명교차전파
9493,현대파텍스(주),top_region,,충남,R3_사명교차전파
9494,현대에코에너지(주),top_addr,,충남 서산시,R3_사명교차전파
9494,현대에코에너지(주),top_region,,충남,R3_사명교차전파
9496,(주)동원홈푸드,top_addr,,서울특별시 서초구 마방로 68,R3_사명교차전파
9496,(주)동원홈푸드,top_region,,서울,R3_사명교차전파
9497,(주)이지팜스,top_addr,,천안,R3_사명교차전파
9505,동원로엑스냉장(주),top_addr,,부산광역시 중구 중앙대로 70,R3_사명교차전파
9505,동원로엑스냉장(주),top_region,,부산,R3_사명교차전파
9507,현대로템(주),top_addr,,경남 창원시 의창구 창원대로 488,R3_사명교차전파
9507,현대로템(주),top_region,,경남,R3_사명교차전파
9508,농업회사법인(주)팜스월드지지피,top_addr,,전남 영광군 법성면 신장길 5길 38,R3_사명교차전파
9508,농업회사법인(주)팜스월드지지피,top_region,,전남,R3_사명교차전파
9509,우리손에프앤지농업회사법인(주),top_addr,,나주,R3_사명교차전파
9512,(주)웅진씽크빅,top_addr,,경기도 파주시 회동길,R3_사명교차전파
9512,(주)웅진씽크빅,top_region,,경기,R3_사명교차전파
10158,SK(주),top_sicNm,,시스템 소프트웨어 개발 및 공급업,R3_사명교차전파
10159,SK(주),top_sicNm,,시스템 소프트웨어 개발 및 공급업,R3_사명교차전파
10160,SK(주),top_sicNm,,시스템 소프트웨어 개발 및 공급업,R3_사명교차전파
10161,SK(주),top_sicNm,,시스템 소프트웨어 개발 및 공급업,R3_사명교차전파
10162,SK(주),top_sicNm,,시스템 소프트웨어 개발 및 공급업,R3_사명교차전파
10163,SK(주),top_sicNm,,시스템 소프트웨어 개발 및 공급업,R3_사명교차전파
10164,SK(주),top_sicNm,,시스템 소프트웨어 개발 및 공급업,R3_사명교차전파
10165,SK(주),top_sicNm,,시스템 소프트웨어 개발 및 공급업,R3_사명교차전파
10166,SK(주),top_sicNm,,시스템 소프트웨어 개발 및 공급업,R3_사명교차전파
10167,SK(주),top_sicNm,,시스템 소프트웨어 개발 및 공급업,R3_사명교차전파
10168,SK(주),top_sicNm,,시스템 소프트웨어 개발 및 공급업,R3_사명교차전파
10169,SK(주),top_sicNm,,시스템 소프트웨어 개발 및 공급업,R3_사명교차전파
10170,SK(주),top_sicNm,,시스템 소프트웨어 개발 및 공급업,R3_사명교차전파
10171,SK(주),top_sicNm,,시스템 소프트웨어 개발 및 공급업,R3_사명교차전파
10172,SK(주),top_sicNm,,시스템 소프트웨어 개발 및 공급업,R3_사명교차전파
10173,SK(주),top_sicNm,,시스템 소프트웨어 개발 및 공급업,R3_사명교차전파
10174,SK(주),top_sicNm,,시스템 소프트웨어 개발 및 공급업,R3_사명교차전파
10175,SK(주),top_sicNm,,시스템 소프트웨어 개발 및 공급업,R3_사명교차전파
10176,SK(주),top_sicNm,,시스템 소프트웨어 개발 및 공급업,R3_사명교차전파
10177,SK(주),top_sicNm,,시스템 소프트웨어 개발 및 공급업,R3_사명교차전파
10178,SK(주),top_sicNm,,시스템 소프트웨어 개발 및 공급업,R3_사명교차전파
10179,SK(주),top_sicNm,,시스템 소프트웨어 개발 및 공급업,R3_사명교차전파
10180,SK(주),top_sicNm,,시스템 소프트웨어 개발 및 공급업,R3_사명교차전파
10181,SK(주),top_sicNm,,시스템 소프트웨어 개발 및 공급업,R3_사명교차전파
10182,SK(주),top_sicNm,,시스템 소프트웨어 개발 및 공급업,R3_사명교차전파
10183,SK(주),top_sicNm,,시스템 소프트웨어 개발 및 공급업,R3_사명교차전파
10184,SK(주),top_sicNm,,시스템 소프트웨어 개발 및 공급업,R3_사명교차전파
10185,SK(주),top_sicNm,,시스템 소프트웨어 개발 및 공급업,R3_사명교차전파
10186,SK(주),top_sicNm,,시스템 소프트웨어 개발 및 공급업,R3_사명교차전파
10187,SK(주),top_sicNm,,시스템 소프트웨어 개발 및 공급업,R3_사명교차전파
10188,SK(주),top_sicNm,,시스템 소프트웨어 개발 및 공급업,R3_사명교차전파
10189,SK(주),top_sicNm,,시스템 소프트웨어 개발 및 공급업,R3_사명교차전파
10190,SK(주),top_sicNm,,시스템 소프트웨어 개발 및 공급업,R3_사명교차전파
10191,SK(주),top_sicNm,,시스템 소프트웨어 개발 및 공급업,R3_사명교차전파
10192,SK(주),top_sicNm,,시스템 소프트웨어 개발 및 공급업,R3_사명교차전파
10193,SK(주),top_sicNm,,시스템 소프트웨어 개발 및 공급업,R3_사명교차전파
10194,SK(주),top_sicNm,,시스템 소프트웨어 개발 및 공급업,R3_사명교차전파
10195,SK(주),top_sicNm,,시스템 소프트웨어 개발 및 공급업,R3_사명교차전파
10196,SK(주),top_sicNm,,시스템 소프트웨어 개발 및 공급업,R3_사명교차전파
10197,SK(주),top_sicNm,,시스템 소프트웨어 개발 및 공급업,R3_사명교차전파
10198,SK(주),top_sicNm,,시스템 소프트웨어 개발 및 공급업,R3_사명교차전파
10199,SK(주),top_sicNm,,시스템 소프트웨어 개발 및 공급업,R3_사명교차전파
10200,SK(주),top_sicNm,,시스템 소프트웨어 개발 및 공급업,R3_사명교차전파
10201,SK(주),top_sicNm,,시스템 소프트웨어 개발 및 공급업,R3_사명교차전파
10202,SK(주),top_sicNm,,시스템 소프트웨어 개발 및 공급업,R3_사명교차전파
10203,SK(주),top_sicNm,,시스템 소프트웨어 개발 및 공급업,R3_사명교차전파
10204,SK(주),top_sicNm,,시스템 소프트웨어 개발 및 공급업,R3_사명교차전파
10205,SK(주),top_sicNm,,시스템 소프트웨어 개발 및 공급업,R3_사명교차전파
10206,SK(주),top_sicNm,,시스템 소프트웨어 개발 및 공급업,R3_사명교차전파
10207,SK(주),top_sicNm,,시스템 소프트웨어 개발 및 공급업,R3_사명교차전파
10208,SK(주),top_sicNm,,시스템 소프트웨어 개발 및 공급업,R3_사명교차전파
10209,SK(주),top_sicNm,,시스템 소프트웨어 개발 및 공급업,R3_사명교차전파
10210,SK(주),top_sicNm,,시스템 소프트웨어 개발 및 공급업,R3_사명교차전파
10211,SK(주),top_sicNm,,시스템 소프트웨어 개발 및 공급업,R3_사명교차전파
10212,SK(주),top_sicNm,,시스템 소프트웨어 개발 및 공급업,R3_사명교차전파
10213,SK(주),top_sicNm,,시스템 소프트웨어 개발 및 공급업,R3_사명교차전파
10214,SK(주),top_sicNm,,시스템 소프트웨어 개발 및 공급업,R3_사명교차전파
10215,SK(주),top_sicNm,,시스템 소프트웨어 개발 및 공급업,R3_사명교차전파
10216,SK(주),top_sicNm,,시스템 소프트웨어 개발 및 공급업,R3_사명교차전파
10217,SK(주),top_sicNm,,시스템 소프트웨어 개발 및 공급업,R3_사명교차전파
10218,SK(주),top_sicNm,,시스템 소프트웨어 개발 및 공급업,R3_사명교차전파
10219,SK(주),top_sicNm,,시스템 소프트웨어 개발 및 공급업,R3_사명교차전파
10220,SK(주),top_sicNm,,시스템 소프트웨어 개발 및 공급업,R3_사명교차전파
10221,SK(주),top_sicNm,,시스템 소프트웨어 개발 및 공급업,R3_사명교차전파
10222,SK(주),top_sicNm,,시스템 소프트웨어 개발 및 공급업,R3_사명교차전파
10223,SK(주),top_sicNm,,시스템 소프트웨어 개발 및 공급업,R3_사명교차전파
10224,SK(주),top_sicNm,,시스템 소프트웨어 개발 및 공급업,R3_사명교차전파
10225,SK(주),top_sicNm,,시스템 소프트웨어 개발 및 공급업,R3_사명교차전파
11814,솔브레인옵토스(주),top_addr,,경기도 안성시 양성면,R3_사명교차전파
11814,솔브레인옵토스(주),top_region,,경기,R3_사명교차전파
11815,솔브레인옵토스(주),top_addr,,경기도 안성시 양성면,R3_사명교차전파
11815,솔브레인옵토스(주),top_region,,경기,R3_사명교차전파
11816,솔브레인옵토스(주),top_addr,,경기도 안성시 양성면,R3_사명교차전파
11816,솔브레인옵토스(주),top_region,,경기,R3_사명교차전파
11817,솔브레인옵토스(주),top_addr,,경기도 안성시 양성면,R3_사명교차전파
11817,솔브레인옵토스(주),top_region,,경기,R3_사명교차전파
11818,솔브레인옵토스(주),top_addr,,경기도 안성시 양성면,R3_사명교차전파
11818,솔브레인옵토스(주),top_region,,경기,R3_사명교차전파
11819,솔브레인옵토스(주),top_addr,,경기도 안성시 양성면,R3_사명교차전파
11819,솔브레인옵토스(주),top_region,,경기,R3_사명교차전파
11820,솔브레인옵토스(주),top_addr,,경기도 안성시 양성면,R3_사명교차전파
11820,솔브레인옵토스(주),top_region,,경기,R3_사명교차전파
11821,솔브레인옵토스(주),top_addr,,경기도 안성시 양성면,R3_사명교차전파
11821,솔브레인옵토스(주),top_region,,경기,R3_사명교차전파
11822,솔브레인옵토스(주),top_addr,,경기도 안성시 양성면,R3_사명교차전파
11822,솔브레인옵토스(주),top_region,,경기,R3_사명교차전파
11823,솔브레인옵토스(주),top_addr,,경기도 안성시 양성면,R3_사명교차전파
11823,솔브레인옵토스(주),top_region,,경기,R3_사명교차전파
11824,솔브레인옵토스(주),top_addr,,경기도 안성시 양성면,R3_사명교차전파
11824,솔브레인옵토스(주),top_region,,경기,R3_사명교차전파
11825,솔브레인옵토스(주),top_addr,,경기도 안성시 양성면,R3_사명교차전파
11825,솔브레인옵토스(주),top_region,,경기,R3_사명교차전파
11826,솔브레인옵토스(주),top_addr,,경기도 안성시 양성면,R3_사명교차전파
11826,솔브레인옵토스(주),top_region,,경기,R3_사명교차전파
11827,솔브레인옵토스(주),top_addr,,경기도 안성시 양성면,R3_사명교차전파
11827,솔브레인옵토스(주),top_region,,경기,R3_사명교차전파
12012,(주)카카오모빌리티,top_addr,,경기도 성남시 분당구 판교역로 152 13층,R3_사명교차전파
12012,(주)카카오모빌리티,top_region,,경기,R3_사명교차전파
12013,(주)카카오모빌리티,top_addr,,경기도 성남시 분당구 판교역로 152 13층,R3_사명교차전파
12013,(주)카카오모빌리티,top_region,,경기,R3_사명교차전파
12014,(주)카카오모빌리티,top_addr,,경기도 성남시 분당구 판교역로 152 13층,R3_사명교차전파
12014,(주)카카오모빌리티,top_region,,경기,R3_사명교차전파
12015,(주)카카오모빌리티,top_addr,,경기도 성남시 분당구 판교역로 152 13층,R3_사명교차전파
12015,(주)카카오모빌리티,top_region,,경기,R3_사명교차전파
12016,(주)카카오모빌리티,top_addr,,경기도 성남시 분당구 판교역로 152 13층,R3_사명교차전파
12016,(주)카카오모빌리티,top_region,,경기,R3_사명교차전파
12017,(주)카카오모빌리티,top_addr,,경기도 성남시 분당구 판교역로 152 13층,R3_사명교차전파
12017,(주)카카오모빌리티,top_region,,경기,R3_사명교차전파
12018,(주)카카오모빌리티,top_addr,,경기도 성남시 분당구 판교역로 152 13층,R3_사명교차전파
12018,(주)카카오모빌리티,top_region,,경기,R3_사명교차전파
12019,(주)카카오모빌리티,top_addr,,경기도 성남시 분당구 판교역로 152 13층,R3_사명교차전파
12019,(주)카카오모빌리티,top_region,,경기,R3_사명교차전파
12020,(주)카카오모빌리티,top_addr,,경기도 성남시 분당구 판교역로 152 13층,R3_사명교차전파
12020,(주)카카오모빌리티,top_region,,경기,R3_사명교차전파
12021,(주)카카오모빌리티,top_addr,,경기도 성남시 분당구 판교역로 152 13층,R3_사명교차전파
12021,(주)카카오모빌리티,top_region,,경기,R3_사명교차전파
12022,(주)카카오모빌리티,top_addr,,경기도 성남시 분당구 판교역로 152 13층,R3_사명교차전파
12022,(주)카카오모빌리티,top_region,,경기,R3_사명교차전파
12023,(주)카카오모빌리티,top_addr,,경기도 성남시 분당구 판교역로 152 13층,R3_사명교차전파
12023,(주)카카오모빌리티,top_region,,경기,R3_사명교차전파
12024,(주)카카오모빌리티,top_addr,,경기도 성남시 분당구 판교역로 152 13층,R3_사명교차전파
12024,(주)카카오모빌리티,top_region,,경기,R3_사명교차전파
12025,(주)카카오모빌리티,top_addr,,경기도 성남시 분당구 판교역로 152 13층,R3_사명교차전파
12025,(주)카카오모빌리티,top_region,,경기,R3_사명교차전파
12026,(주)카카오모빌리티,top_addr,,경기도 성남시 분당구 판교역로 152 13층,R3_사명교차전파
12026,(주)카카오모빌리티,top_region,,경기,R3_사명교차전파
12027,(주)카카오모빌리티,top_addr,,경기도 성남시 분당구 판교역로 152 13층,R3_사명교차전파
12027,(주)카카오모빌리티,top_region,,경기,R3_사명교차전파
12028,(주)카카오모빌리티,top_addr,,경기도 성남시 분당구 판교역로 152 13층,R3_사명교차전파
12028,(주)카카오모빌리티,top_region,,경기,R3_사명교차전파
12029,(주)카카오모빌리티,top_addr,,경기도 성남시 분당구 판교역로 152 13층,R3_사명교차전파
12029,(주)카카오모빌리티,top_region,,경기,R3_사명교차전파
12030,(주)카카오모빌리티,top_addr,,경기도 성남시 분당구 판교역로 152 13층,R3_사명교차전파
12030,(주)카카오모빌리티,top_region,,경기,R3_사명교차전파
12031,(주)카카오모빌리티,top_addr,,경기도 성남시 분당구 판교역로 152 13층,R3_사명교차전파
12031,(주)카카오모빌리티,top_region,,경기,R3_사명교차전파
12032,(주)카카오모빌리티,top_addr,,경기도 성남시 분당구 판교역로 152 13층,R3_사명교차전파
12032,(주)카카오모빌리티,top_region,,경기,R3_사명교차전파
12033,(주)카카오모빌리티,top_addr,,경기도 성남시 분당구 판교역로 152 13층,R3_사명교차전파
12033,(주)카카오모빌리티,top_region,,경기,R3_사명교차전파
12034,(주)카카오모빌리티,top_addr,,경기도 성남시 분당구 판교역로 152 13층,R3_사명교차전파
12034,(주)카카오모빌리티,top_region,,경기,R3_사명교차전파
12035,(주)카카오모빌리티,top_addr,,경기도 성남시 분당구 판교역로 152 13층,R3_사명교차전파
12035,(주)카카오모빌리티,top_region,,경기,R3_사명교차전파
12036,(주)카카오모빌리티,top_addr,,경기도 성남시 분당구 판교역로 152 13층,R3_사명교차전파
12036,(주)카카오모빌리티,top_region,,경기,R3_사명교차전파
12037,(주)카카오모빌리티,top_addr,,경기도 성남시 분당구 판교역로 152 13층,R3_사명교차전파
12037,(주)카카오모빌리티,top_region,,경기,R3_사명교차전파
12038,(주)카카오모빌리티,top_addr,,경기도 성남시 분당구 판교역로 152 13층,R3_사명교차전파
12038,(주)카카오모빌리티,top_region,,경기,R3_사명교차전파
12039,(주)카카오모빌리티,top_addr,,경기도 성남시 분당구 판교역로 152 13층,R3_사명교차전파
12039,(주)카카오모빌리티,top_region,,경기,R3_사명교차전파
12040,(주)카카오모빌리티,top_addr,,경기도 성남시 분당구 판교역로 152 13층,R3_사명교차전파
12040,(주)카카오모빌리티,top_region,,경기,R3_사명교차전파
12041,(주)카카오모빌리티,top_addr,,경기도 성남시 분당구 판교역로 152 13층,R3_사명교차전파
12041,(주)카카오모빌리티,top_region,,경기,R3_사명교차전파
12042,(주)카카오모빌리티,top_addr,,경기도 성남시 분당구 판교역로 152 13층,R3_사명교차전파
12042,(주)카카오모빌리티,top_region,,경기,R3_사명교차전파
12043,(주)카카오모빌리티,top_addr,,경기도 성남시 분당구 판교역로 152 13층,R3_사명교차전파
12043,(주)카카오모빌리티,top_region,,경기,R3_사명교차전파
12044,(주)카카오모빌리티,top_addr,,경기도 성남시 분당구 판교역로 152 13층,R3_사명교차전파
12044,(주)카카오모빌리티,top_region,,경기,R3_사명교차전파
12045,(주)카카오모빌리티,top_addr,,경기도 성남시 분당구 판교역로 152 13층,R3_사명교차전파
12045,(주)카카오모빌리티,top_region,,경기,R3_사명교차전파
12046,(주)카카오모빌리티,top_addr,,경기도 성남시 분당구 판교역로 152 13층,R3_사명교차전파
12046,(주)카카오모빌리티,top_region,,경기,R3_사명교차전파
12047,(주)카카오모빌리티,top_addr,,경기도 성남시 분당구 판교역로 152 13층,R3_사명교차전파
12047,(주)카카오모빌리티,top_region,,경기,R3_사명교차전파
12048,(주)카카오모빌리티,top_addr,,경기도 성남시 분당구 판교역로 152 13층,R3_사명교차전파
12048,(주)카카오모빌리티,top_region,,경기,R3_사명교차전파
12049,(주)카카오모빌리티,top_addr,,경기도 성남시 분당구 판교역로 152 13층,R3_사명교차전파
12049,(주)카카오모빌리티,top_region,,경기,R3_사명교차전파
12050,(주)카카오모빌리티,top_addr,,경기도 성남시 분당구 판교역로 152 13층,R3_사명교차전파
12050,(주)카카오모빌리티,top_region,,경기,R3_사명교차전파
12051,(주)카카오모빌리티,top_addr,,경기도 성남시 분당구 판교역로 152 13층,R3_사명교차전파
12051,(주)카카오모빌리티,top_region,,경기,R3_사명교차전파
12052,(주)카카오모빌리티,top_addr,,경기도 성남시 분당구 판교역로 152 13층,R3_사명교차전파
12052,(주)카카오모빌리티,top_region,,경기,R3_사명교차전파
12053,(주)카카오모빌리티,top_addr,,경기도 성남시 분당구 판교역로 152 13층,R3_사명교차전파
12053,(주)카카오모빌리티,top_region,,경기,R3_사명교차전파
12054,(주)카카오모빌리티,top_addr,,경기도 성남시 분당구 판교역로 152 13층,R3_사명교차전파
12054,(주)카카오모빌리티,top_region,,경기,R3_사명교차전파
12055,(주)카카오모빌리티,top_addr,,경기도 성남시 분당구 판교역로 152 13층,R3_사명교차전파
12055,(주)카카오모빌리티,top_region,,경기,R3_사명교차전파
12056,(주)카카오모빌리티,top_addr,,경기도 성남시 분당구 판교역로 152 13층,R3_사명교차전파
12056,(주)카카오모빌리티,top_region,,경기,R3_사명교차전파
12057,(주)카카오모빌리티,top_addr,,경기도 성남시 분당구 판교역로 152 13층,R3_사명교차전파
12057,(주)카카오모빌리티,top_region,,경기,R3_사명교차전파
12058,(주)카카오모빌리티,top_addr,,경기도 성남시 분당구 판교역로 152 13층,R3_사명교차전파
12058,(주)카카오모빌리티,top_region,,경기,R3_사명교차전파
12059,(주)카카오모빌리티,top_addr,,경기도 성남시 분당구 판교역로 152 13층,R3_사명교차전파
12059,(주)카카오모빌리티,top_region,,경기,R3_사명교차전파
12060,(주)카카오모빌리티,top_addr,,경기도 성남시 분당구 판교역로 152 13층,R3_사명교차전파
12060,(주)카카오모빌리티,top_region,,경기,R3_사명교차전파
12061,(주)카카오모빌리티,top_addr,,경기도 성남시 분당구 판교역로 152 13층,R3_사명교차전파
12061,(주)카카오모빌리티,top_region,,경기,R3_사명교차전파
12062,(주)카카오모빌리티,top_addr,,경기도 성남시 분당구 판교역로 152 13층,R3_사명교차전파
12062,(주)카카오모빌리티,top_region,,경기,R3_사명교차전파
12063,(주)카카오모빌리티,top_addr,,경기도 성남시 분당구 판교역로 152 13층,R3_사명교차전파
12063,(주)카카오모빌리티,top_region,,경기,R3_사명교차전파
12064,(주)카카오모빌리티,top_addr,,경기도 성남시 분당구 판교역로 152 13층,R3_사명교차전파
12064,(주)카카오모빌리티,top_region,,경기,R3_사명교차전파
12065,(주)카카오모빌리티,top_addr,,경기도 성남시 분당구 판교역로 152 13층,R3_사명교차전파
12065,(주)카카오모빌리티,top_region,,경기,R3_사명교차전파
12066,(주)카카오모빌리티,top_addr,,경기도 성남시 분당구 판교역로 152 13층,R3_사명교차전파
12066,(주)카카오모빌리티,top_region,,경기,R3_사명교차전파
12067,(주)카카오모빌리티,top_addr,,경기도 성남시 분당구 판교역로 152 13층,R3_사명교차전파
12067,(주)카카오모빌리티,top_region,,경기,R3_사명교차전파
12068,(주)카카오모빌리티,top_addr,,경기도 성남시 분당구 판교역로 152 13층,R3_사명교차전파
12068,(주)카카오모빌리티,top_region,,경기,R3_사명교차전파
12069,(주)카카오모빌리티,top_addr,,경기도 성남시 분당구 판교역로 152 13층,R3_사명교차전파
12069,(주)카카오모빌리티,top_region,,경기,R3_사명교차전파
12070,(주)카카오모빌리티,top_addr,,경기도 성남시 분당구 판교역로 152 13층,R3_사명교차전파
12070,(주)카카오모빌리티,top_region,,경기,R3_사명교차전파
12071,(주)카카오모빌리티,top_addr,,경기도 성남시 분당구 판교역로 152 13층,R3_사명교차전파
12071,(주)카카오모빌리티,top_region,,경기,R3_사명교차전파
12072,(주)카카오모빌리티,top_addr,,경기도 성남시 분당구 판교역로 152 13층,R3_사명교차전파
12072,(주)카카오모빌리티,top_region,,경기,R3_사명교차전파
12073,(주)카카오모빌리티,top_addr,,경기도 성남시 분당구 판교역로 152 13층,R3_사명교차전파
12073,(주)카카오모빌리티,top_region,,경기,R3_사명교차전파
12074,(주)카카오모빌리티,top_addr,,경기도 성남시 분당구 판교역로 152 13층,R3_사명교차전파
12074,(주)카카오모빌리티,top_region,,경기,R3_사명교차전파
12075,(주)카카오모빌리티,top_addr,,경기도 성남시 분당구 판교역로 152 13층,R3_사명교차전파
12075,(주)카카오모빌리티,top_region,,경기,R3_사명교차전파
12076,(주)카카오모빌리티,top_addr,,경기도 성남시 분당구 판교역로 152 13층,R3_사명교차전파
12076,(주)카카오모빌리티,top_region,,경기,R3_사명교차전파
12077,(주)카카오모빌리티,top_addr,,경기도 성남시 분당구 판교역로 152 13층,R3_사명교차전파
12077,(주)카카오모빌리티,top_region,,경기,R3_사명교차전파
12078,(주)카카오모빌리티,top_addr,,경기도 성남시 분당구 판교역로 152 13층,R3_사명교차전파
12078,(주)카카오모빌리티,top_region,,경기,R3_사명교차전파
12079,(주)카카오모빌리티,top_addr,,경기도 성남시 분당구 판교역로 152 13층,R3_사명교차전파
12079,(주)카카오모빌리티,top_region,,경기,R3_사명교차전파
12080,(주)카카오모빌리티,top_addr,,경기도 성남시 분당구 판교역로 152 13층,R3_사명교차전파
12080,(주)카카오모빌리티,top_region,,경기,R3_사명교차전파
12081,(주)카카오모빌리티,top_addr,,경기도 성남시 분당구 판교역로 152 13층,R3_사명교차전파
12081,(주)카카오모빌리티,top_region,,경기,R3_사명교차전파
12082,(주)카카오모빌리티,top_addr,,경기도 성남시 분당구 판교역로 152 13층,R3_사명교차전파
12082,(주)카카오모빌리티,top_region,,경기,R3_사명교차전파
12083,(주)카카오모빌리티,top_addr,,경기도 성남시 분당구 판교역로 152 13층,R3_사명교차전파
12083,(주)카카오모빌리티,top_region,,경기,R3_사명교차전파
12084,(주)카카오모빌리티,top_addr,,경기도 성남시 분당구 판교역로 152 13층,R3_사명교차전파
12084,(주)카카오모빌리티,top_region,,경기,R3_사명교차전파
12085,(주)카카오모빌리티,top_addr,,경기도 성남시 분당구 판교역로 152 13층,R3_사명교차전파
12085,(주)카카오모빌리티,top_region,,경기,R3_사명교차전파
12086,(주)카카오모빌리티,top_addr,,경기도 성남시 분당구 판교역로 152 13층,R3_사명교차전파
12086,(주)카카오모빌리티,top_region,,경기,R3_사명교차전파
12087,(주)카카오모빌리티,top_addr,,경기도 성남시 분당구 판교역로 152 13층,R3_사명교차전파
12087,(주)카카오모빌리티,top_region,,경기,R3_사명교차전파
12088,(주)카카오모빌리티,top_addr,,경기도 성남시 분당구 판교역로 152 13층,R3_사명교차전파
12088,(주)카카오모빌리티,top_region,,경기,R3_사명교차전파
12089,(주)카카오모빌리티,top_addr,,경기도 성남시 분당구 판교역로 152 13층,R3_사명교차전파
12089,(주)카카오모빌리티,top_region,,경기,R3_사명교차전파
12090,(주)카카오모빌리티,top_addr,,경기도 성남시 분당구 판교역로 152 13층,R3_사명교차전파
12090,(주)카카오모빌리티,top_region,,경기,R3_사명교차전파
12091,(주)카카오모빌리티,top_addr,,경기도 성남시 분당구 판교역로 152 13층,R3_사명교차전파
12091,(주)카카오모빌리티,top_region,,경기,R3_사명교차전파
12092,(주)카카오모빌리티,top_addr,,경기도 성남시 분당구 판교역로 152 13층,R3_사명교차전파
12092,(주)카카오모빌리티,top_region,,경기,R3_사명교차전파
12093,(주)카카오모빌리티,top_addr,,경기도 성남시 분당구 판교역로 152 13층,R3_사명교차전파
12093,(주)카카오모빌리티,top_region,,경기,R3_사명교차전파
12094,(주)카카오모빌리티,top_addr,,경기도 성남시 분당구 판교역로 152 13층,R3_사명교차전파
12094,(주)카카오모빌리티,top_region,,경기,R3_사명교차전파
12095,(주)카카오모빌리티,top_addr,,경기도 성남시 분당구 판교역로 152 13층,R3_사명교차전파
12095,(주)카카오모빌리티,top_region,,경기,R3_사명교차전파
12096,(주)카카오모빌리티,top_addr,,경기도 성남시 분당구 판교역로 152 13층,R3_사명교차전파
12096,(주)카카오모빌리티,top_region,,경기,R3_사명교차전파
12097,(주)카카오모빌리티,top_addr,,경기도 성남시 분당구 판교역로 152 13층,R3_사명교차전파
12097,(주)카카오모빌리티,top_region,,경기,R3_사명교차전파
12098,(주)카카오모빌리티,top_addr,,경기도 성남시 분당구 판교역로 152 13층,R3_사명교차전파
12098,(주)카카오모빌리티,top_region,,경기,R3_사명교차전파
12099,(주)카카오모빌리티,top_addr,,경기도 성남시 분당구 판교역로 152 13층,R3_사명교차전파
12099,(주)카카오모빌리티,top_region,,경기,R3_사명교차전파
12153,에스앤케이항공(주),top_addr,,경상남도 사천시,R3_사명교차전파
12153,에스앤케이항공(주),top_region,,경남,R3_사명교차전파
12154,에스앤케이항공(주),top_addr,,경상남도 사천시,R3_사명교차전파
12154,에스앤케이항공(주),top_region,,경남,R3_사명교차전파
12155,에스앤케이항공(주),top_addr,,경상남도 사천시,R3_사명교차전파
12155,에스앤케이항공(주),top_region,,경남,R3_사명교차전파
12156,에스앤케이항공(주),top_addr,,경상남도 사천시,R3_사명교차전파
12156,에스앤케이항공(주),top_region,,경남,R3_사명교차전파
12157,에스앤케이항공(주),top_addr,,경상남도 사천시,R3_사명교차전파
12157,에스앤케이항공(주),top_region,,경남,R3_사명교차전파
12730,모델솔루션(주),top_addr,,서울특별시 금천구,R3_사명교차전파
12730,모델솔루션(주),top_region,,서울,R3_사명교차전파
12731,모델솔루션(주),top_addr,,서울특별시 금천구,R3_사명교차전파
12731,모델솔루션(주),top_region,,서울,R3_사명교차전파
12732,모델솔루션(주),top_addr,,서울특별시 금천구,R3_사명교차전파
12732,모델솔루션(주),top_region,,서울,R3_사명교차전파
12733,모델솔루션(주),top_addr,,서울특별시 금천구,R3_사명교차전파
12733,모델솔루션(주),top_region,,서울,R3_사명교차전파
12734,모델솔루션(주),top_addr,,서울특별시 금천구,R3_사명교차전파
12734,모델솔루션(주),top_region,,서울,R3_사명교차전파
12735,모델솔루션(주),top_addr,,서울특별시 금천구,R3_사명교차전파
12735,모델솔루션(주),top_region,,서울,R3_사명교차전파
12736,모델솔루션(주),top_addr,,서울특별시 금천구,R3_사명교차전파
12736,모델솔루션(주),top_region,,서울,R3_사명교차전파
12737,모델솔루션(주),top_addr,,서울특별시 금천구,R3_사명교차전파
12737,모델솔루션(주),top_region,,서울,R3_사명교차전파
12738,모델솔루션(주),top_addr,,서울특별시 금천구,R3_사명교차전파
12738,모델솔루션(주),top_region,,서울,R3_사명교차전파
12739,모델솔루션(주),top_addr,,서울특별시 금천구,R3_사명교차전파
12739,모델솔루션(주),top_region,,서울,R3_사명교차전파
12740,모델솔루션(주),top_addr,,서울특별시 금천구,R3_사명교차전파
12740,모델솔루션(주),top_region,,서울,R3_사명교차전파
13009,(주)심텍,top_addr,,충청북도 청주시 흥덕구 산단로 73,R3_사명교차전파
13009,(주)심텍,top_region,,충북,R3_사명교차전파
13010,(주)심텍,top_addr,,충청북도 청주시 흥덕구 산단로 73,R3_사명교차전파
13010,(주)심텍,top_region,,충북,R3_사명교차전파
13011,(주)심텍,top_addr,,충청북도 청주시 흥덕구 산단로 73,R3_사명교차전파
13011,(주)심텍,top_region,,충북,R3_사명교차전파
13012,(주)심텍,top_addr,,충청북도 청주시 흥덕구 산단로 73,R3_사명교차전파
13012,(주)심텍,top_region,,충북,R3_사명교차전파
13017,(주)네패스아크,top_addr,,충북 청주시 청원구 오창읍 과학산업 2로 587-32,R3_사명교차전파
13017,(주)네패스아크,top_region,,충북,R3_사명교차전파
13018,(주)네패스아크,top_addr,,충북 청주시 청원구 오창읍 과학산업 2로 587-32,R3_사명교차전파
13018,(주)네패스아크,top_region,,충북,R3_사명교차전파
13019,(주)네패스아크,top_addr,,충북 청주시 청원구 오창읍 과학산업 2로 587-32,R3_사명교차전파
13019,(주)네패스아크,top_region,,충북,R3_사명교차전파
13020,(주)네패스아크,top_addr,,충북 청주시 청원구 오창읍 과학산업 2로 587-32,R3_사명교차전파
13020,(주)네패스아크,top_region,,충북,R3_사명교차전파
13021,(주)네패스아크,top_addr,,충북 청주시 청원구 오창읍 과학산업 2로 587-32,R3_사명교차전파
13021,(주)네패스아크,top_region,,충북,R3_사명교차전파
13287,대신에프앤아이(주),top_addr,,서울특별시 중구 삼일대로 343 (저동1가 대신파이낸스센터),R3_사명교차전파
13287,대신에프앤아이(주),top_region,,서울,R3_사명교차전파
13288,대신에프앤아이(주),top_addr,,서울특별시 중구 삼일대로 343 (저동1가 대신파이낸스센터),R3_사명교차전파
13288,대신에프앤아이(주),top_region,,서울,R3_사명교차전파
13289,대신에프앤아이(주),top_addr,,서울특별시 중구 삼일대로 343 (저동1가 대신파이낸스센터),R3_사명교차전파
13289,대신에프앤아이(주),top_region,,서울,R3_사명교차전파
13290,대신에프앤아이(주),top_addr,,서울특별시 중구 삼일대로 343 (저동1가 대신파이낸스센터),R3_사명교차전파
13290,대신에프앤아이(주),top_region,,서울,R3_사명교차전파
13291,대신에프앤아이(주),top_addr,,서울특별시 중구 삼일대로 343 (저동1가 대신파이낸스센터),R3_사명교차전파
13291,대신에프앤아이(주),top_region,,서울,R3_사명교차전파
13292,대신에프앤아이(주),top_addr,,서울특별시 중구 삼일대로 343 (저동1가 대신파이낸스센터),R3_사명교차전파
13292,대신에프앤아이(주),top_region,,서울,R3_사명교차전파
13293,대신에프앤아이(주),top_addr,,서울특별시 중구 삼일대로 343 (저동1가 대신파이낸스센터),R3_사명교차전파
13293,대신에프앤아이(주),top_region,,서울,R3_사명교차전파
13294,대신에프앤아이(주),top_addr,,서울특별시 중구 삼일대로 343 (저동1가 대신파이낸스센터),R3_사명교차전파
13294,대신에프앤아이(주),top_region,,서울,R3_사명교차전파
13295,대신에프앤아이(주),top_addr,,서울특별시 중구 삼일대로 343 (저동1가 대신파이낸스센터),R3_사명교차전파
13295,대신에프앤아이(주),top_region,,서울,R3_사명교차전파
13296,대신에프앤아이(주),top_addr,,서울특별시 중구 삼일대로 343 (저동1가 대신파이낸스센터),R3_사명교차전파
13296,대신에프앤아이(주),top_region,,서울,R3_사명교차전파
13297,대신에프앤아이(주),top_addr,,서울특별시 중구 삼일대로 343 (저동1가 대신파이낸스센터),R3_사명교차전파
13297,대신에프앤아이(주),top_region,,서울,R3_사명교차전파
13298,대신에프앤아이(주),top_addr,,서울특별시 중구 삼일대로 343 (저동1가 대신파이낸스센터),R3_사명교차전파
13298,대신에프앤아이(주),top_region,,서울,R3_사명교차전파
13299,대신에프앤아이(주),top_addr,,서울특별시 중구 삼일대로 343 (저동1가 대신파이낸스센터),R3_사명교차전파
13299,대신에프앤아이(주),top_region,,서울,R3_사명교차전파
13300,대신에프앤아이(주),top_addr,,서울특별시 중구 삼일대로 343 (저동1가 대신파이낸스센터),R3_사명교차전파
13300,대신에프앤아이(주),top_region,,서울,R3_사명교차전파
13301,대신에프앤아이(주),top_addr,,서울특별시 중구 삼일대로 343 (저동1가 대신파이낸스센터),R3_사명교차전파
13301,대신에프앤아이(주),top_region,,서울,R3_사명교차전파
13302,대신에프앤아이(주),top_addr,,서울특별시 중구 삼일대로 343 (저동1가 대신파이낸스센터),R3_사명교차전파
13302,대신에프앤아이(주),top_region,,서울,R3_사명교차전파
13303,대신에프앤아이(주),top_addr,,서울특별시 중구 삼일대로 343 (저동1가 대신파이낸스센터),R3_사명교차전파
13303,대신에프앤아이(주),top_region,,서울,R3_사명교차전파
13304,대신에프앤아이(주),top_addr,,서울특별시 중구 삼일대로 343 (저동1가 대신파이낸스센터),R3_사명교차전파
13304,대신에프앤아이(주),top_region,,서울,R3_사명교차전파
13305,대신에프앤아이(주),top_addr,,서울특별시 중구 삼일대로 343 (저동1가 대신파이낸스센터),R3_사명교차전파
13305,대신에프앤아이(주),top_region,,서울,R3_사명교차전파
13306,대신에프앤아이(주),top_addr,,서울특별시 중구 삼일대로 343 (저동1가 대신파이낸스센터),R3_사명교차전파
13306,대신에프앤아이(주),top_region,,서울,R3_사명교차전파
13307,대신에프앤아이(주),top_addr,,서울특별시 중구 삼일대로 343 (저동1가 대신파이낸스센터),R3_사명교차전파
13307,대신에프앤아이(주),top_region,,서울,R3_사명교차전파
13308,대신에프앤아이(주),top_addr,,서울특별시 중구 삼일대로 343 (저동1가 대신파이낸스센터),R3_사명교차전파
13308,대신에프앤아이(주),top_region,,서울,R3_사명교차전파
13309,대신에프앤아이(주),top_addr,,서울특별시 중구 삼일대로 343 (저동1가 대신파이낸스센터),R3_사명교차전파
13309,대신에프앤아이(주),top_region,,서울,R3_사명교차전파
13310,대신에프앤아이(주),top_addr,,서울특별시 중구 삼일대로 343 (저동1가 대신파이낸스센터),R3_사명교차전파
13310,대신에프앤아이(주),top_region,,서울,R3_사명교차전파
13311,대신에프앤아이(주),top_addr,,서울특별시 중구 삼일대로 343 (저동1가 대신파이낸스센터),R3_사명교차전파
13311,대신에프앤아이(주),top_region,,서울,R3_사명교차전파
13312,대신에프앤아이(주),top_addr,,서울특별시 중구 삼일대로 343 (저동1가 대신파이낸스센터),R3_사명교차전파
13312,대신에프앤아이(주),top_region,,서울,R3_사명교차전파
13313,대신에프앤아이(주),top_addr,,서울특별시 중구 삼일대로 343 (저동1가 대신파이낸스센터),R3_사명교차전파
13313,대신에프앤아이(주),top_region,,서울,R3_사명교차전파
13314,대신에프앤아이(주),top_addr,,서울특별시 중구 삼일대로 343 (저동1가 대신파이낸스센터),R3_사명교차전파
13314,대신에프앤아이(주),top_region,,서울,R3_사명교차전파
13315,대신에프앤아이(주),top_addr,,서울특별시 중구 삼일대로 343 (저동1가 대신파이낸스센터),R3_사명교차전파
13315,대신에프앤아이(주),top_region,,서울,R3_사명교차전파
13316,대신에프앤아이(주),top_addr,,서울특별시 중구 삼일대로 343 (저동1가 대신파이낸스센터),R3_사명교차전파
13316,대신에프앤아이(주),top_region,,서울,R3_사명교차전파
13317,대신에프앤아이(주),top_addr,,서울특별시 중구 삼일대로 343 (저동1가 대신파이낸스센터),R3_사명교차전파
13317,대신에프앤아이(주),top_region,,서울,R3_사명교차전파
13318,대신에프앤아이(주),top_addr,,서울특별시 중구 삼일대로 343 (저동1가 대신파이낸스센터),R3_사명교차전파
13318,대신에프앤아이(주),top_region,,서울,R3_사명교차전파
13319,대신에프앤아이(주),top_addr,,서울특별시 중구 삼일대로 343 (저동1가 대신파이낸스센터),R3_사명교차전파
13319,대신에프앤아이(주),top_region,,서울,R3_사명교차전파
13320,대신에프앤아이(주),top_addr,,서울특별시 중구 삼일대로 343 (저동1가 대신파이낸스센터),R3_사명교차전파
13320,대신에프앤아이(주),top_region,,서울,R3_사명교차전파
13321,대신에프앤아이(주),top_addr,,서울특별시 중구 삼일대로 343 (저동1가 대신파이낸스센터),R3_사명교차전파
13321,대신에프앤아이(주),top_region,,서울,R3_사명교차전파
13322,대신에프앤아이(주),top_addr,,서울특별시 중구 삼일대로 343 (저동1가 대신파이낸스센터),R3_사명교차전파
13322,대신에프앤아이(주),top_region,,서울,R3_사명교차전파
13323,대신에프앤아이(주),top_addr,,서울특별시 중구 삼일대로 343 (저동1가 대신파이낸스센터),R3_사명교차전파
13323,대신에프앤아이(주),top_region,,서울,R3_사명교차전파
13324,대신에프앤아이(주),top_addr,,서울특별시 중구 삼일대로 343 (저동1가 대신파이낸스센터),R3_사명교차전파
13324,대신에프앤아이(주),top_region,,서울,R3_사명교차전파
13325,대신에프앤아이(주),top_addr,,서울특별시 중구 삼일대로 343 (저동1가 대신파이낸스센터),R3_사명교차전파
13325,대신에프앤아이(주),top_region,,서울,R3_사명교차전파
13326,대신에프앤아이(주),top_addr,,서울특별시 중구 삼일대로 343 (저동1가 대신파이낸스센터),R3_사명교차전파
13326,대신에프앤아이(주),top_region,,서울,R3_사명교차전파
13327,대신에프앤아이(주),top_addr,,서울특별시 중구 삼일대로 343 (저동1가 대신파이낸스센터),R3_사명교차전파
13327,대신에프앤아이(주),top_region,,서울,R3_사명교차전파
13328,대신에프앤아이(주),top_addr,,서울특별시 중구 삼일대로 343 (저동1가 대신파이낸스센터),R3_사명교차전파
13328,대신에프앤아이(주),top_region,,서울,R3_사명교차전파
13329,대신에프앤아이(주),top_addr,,서울특별시 중구 삼일대로 343 (저동1가 대신파이낸스센터),R3_사명교차전파
13329,대신에프앤아이(주),top_region,,서울,R3_사명교차전파
13330,대신에프앤아이(주),top_addr,,서울특별시 중구 삼일대로 343 (저동1가 대신파이낸스센터),R3_사명교차전파
13330,대신에프앤아이(주),top_region,,서울,R3_사명교차전파
13331,대신에프앤아이(주),top_addr,,서울특별시 중구 삼일대로 343 (저동1가 대신파이낸스센터),R3_사명교차전파
13331,대신에프앤아이(주),top_region,,서울,R3_사명교차전파
13332,대신에프앤아이(주),top_addr,,서울특별시 중구 삼일대로 343 (저동1가 대신파이낸스센터),R3_사명교차전파
13332,대신에프앤아이(주),top_region,,서울,R3_사명교차전파
13333,대신에프앤아이(주),top_addr,,서울특별시 중구 삼일대로 343 (저동1가 대신파이낸스센터),R3_사명교차전파
13333,대신에프앤아이(주),top_region,,서울,R3_사명교차전파
13334,대신에프앤아이(주),top_addr,,서울특별시 중구 삼일대로 343 (저동1가 대신파이낸스센터),R3_사명교차전파
13334,대신에프앤아이(주),top_region,,서울,R3_사명교차전파
13335,대신에프앤아이(주),top_addr,,서울특별시 중구 삼일대로 343 (저동1가 대신파이낸스센터),R3_사명교차전파
13335,대신에프앤아이(주),top_region,,서울,R3_사명교차전파
13336,대신에프앤아이(주),top_addr,,서울특별시 중구 삼일대로 343 (저동1가 대신파이낸스센터),R3_사명교차전파
13336,대신에프앤아이(주),top_region,,서울,R3_사명교차전파
13337,대신에프앤아이(주),top_addr,,서울특별시 중구 삼일대로 343 (저동1가 대신파이낸스센터),R3_사명교차전파
13337,대신에프앤아이(주),top_region,,서울,R3_사명교차전파
13338,대신에프앤아이(주),top_addr,,서울특별시 중구 삼일대로 343 (저동1가 대신파이낸스센터),R3_사명교차전파
13338,대신에프앤아이(주),top_region,,서울,R3_사명교차전파
13339,대신에프앤아이(주),top_addr,,서울특별시 중구 삼일대로 343 (저동1가 대신파이낸스센터),R3_사명교차전파
13339,대신에프앤아이(주),top_region,,서울,R3_사명교차전파
13340,대신에프앤아이(주),top_addr,,서울특별시 중구 삼일대로 343 (저동1가 대신파이낸스센터),R3_사명교차전파
13340,대신에프앤아이(주),top_region,,서울,R3_사명교차전파
13341,대신에프앤아이(주),top_addr,,서울특별시 중구 삼일대로 343 (저동1가 대신파이낸스센터),R3_사명교차전파
13341,대신에프앤아이(주),top_region,,서울,R3_사명교차전파
13342,대신에프앤아이(주),top_addr,,서울특별시 중구 삼일대로 343 (저동1가 대신파이낸스센터),R3_사명교차전파
13342,대신에프앤아이(주),top_region,,서울,R3_사명교차전파
13343,대신에프앤아이(주),top_addr,,서울특별시 중구 삼일대로 343 (저동1가 대신파이낸스센터),R3_사명교차전파
13343,대신에프앤아이(주),top_region,,서울,R3_사명교차전파
13344,대신에프앤아이(주),top_addr,,서울특별시 중구 삼일대로 343 (저동1가 대신파이낸스센터),R3_사명교차전파
13344,대신에프앤아이(주),top_region,,서울,R3_사명교차전파
13345,대신에프앤아이(주),top_addr,,서울특별시 중구 삼일대로 343 (저동1가 대신파이낸스센터),R3_사명교차전파
13345,대신에프앤아이(주),top_region,,서울,R3_사명교차전파
13346,대신에프앤아이(주),top_addr,,서울특별시 중구 삼일대로 343 (저동1가 대신파이낸스센터),R3_사명교차전파
13346,대신에프앤아이(주),top_region,,서울,R3_사명교차전파
13347,대신에프앤아이(주),top_addr,,서울특별시 중구 삼일대로 343 (저동1가 대신파이낸스센터),R3_사명교차전파
13347,대신에프앤아이(주),top_region,,서울,R3_사명교차전파
13348,대신에프앤아이(주),top_addr,,서울특별시 중구 삼일대로 343 (저동1가 대신파이낸스센터),R3_사명교차전파
13348,대신에프앤아이(주),top_region,,서울,R3_사명교차전파
13349,대신에프앤아이(주),top_addr,,서울특별시 중구 삼일대로 343 (저동1가 대신파이낸스센터),R3_사명교차전파
13349,대신에프앤아이(주),top_region,,서울,R3_사명교차전파
13350,대신에프앤아이(주),top_addr,,서울특별시 중구 삼일대로 343 (저동1가 대신파이낸스센터),R3_사명교차전파
13350,대신에프앤아이(주),top_region,,서울,R3_사명교차전파
13351,대신에프앤아이(주),top_addr,,서울특별시 중구 삼일대로 343 (저동1가 대신파이낸스센터),R3_사명교차전파
13351,대신에프앤아이(주),top_region,,서울,R3_사명교차전파
13352,대신에프앤아이(주),top_addr,,서울특별시 중구 삼일대로 343 (저동1가 대신파이낸스센터),R3_사명교차전파
13352,대신에프앤아이(주),top_region,,서울,R3_사명교차전파
13353,대신에프앤아이(주),top_addr,,서울특별시 중구 삼일대로 343 (저동1가 대신파이낸스센터),R3_사명교차전파
13353,대신에프앤아이(주),top_region,,서울,R3_사명교차전파
13354,대신에프앤아이(주),top_addr,,서울특별시 중구 삼일대로 343 (저동1가 대신파이낸스센터),R3_사명교차전파
13354,대신에프앤아이(주),top_region,,서울,R3_사명교차전파
13355,대신에프앤아이(주),top_addr,,서울특별시 중구 삼일대로 343 (저동1가 대신파이낸스센터),R3_사명교차전파
13355,대신에프앤아이(주),top_region,,서울,R3_사명교차전파
13356,대신에프앤아이(주),top_addr,,서울특별시 중구 삼일대로 343 (저동1가 대신파이낸스센터),R3_사명교차전파
13356,대신에프앤아이(주),top_region,,서울,R3_사명교차전파
13357,대신에프앤아이(주),top_addr,,서울특별시 중구 삼일대로 343 (저동1가 대신파이낸스센터),R3_사명교차전파
13357,대신에프앤아이(주),top_region,,서울,R3_사명교차전파
13358,대신에프앤아이(주),top_addr,,서울특별시 중구 삼일대로 343 (저동1가 대신파이낸스센터),R3_사명교차전파
13358,대신에프앤아이(주),top_region,,서울,R3_사명교차전파
13359,대신에프앤아이(주),top_addr,,서울특별시 중구 삼일대로 343 (저동1가 대신파이낸스센터),R3_사명교차전파
13359,대신에프앤아이(주),top_region,,서울,R3_사명교차전파
13360,대신에프앤아이(주),top_addr,,서울특별시 중구 삼일대로 343 (저동1가 대신파이낸스센터),R3_사명교차전파
13360,대신에프앤아이(주),top_region,,서울,R3_사명교차전파
13361,대신에프앤아이(주),top_addr,,서울특별시 중구 삼일대로 343 (저동1가 대신파이낸스센터),R3_사명교차전파
13361,대신에프앤아이(주),top_region,,서울,R3_사명교차전파
13362,대신에프앤아이(주),top_addr,,서울특별시 중구 삼일대로 343 (저동1가 대신파이낸스센터),R3_사명교차전파
13362,대신에프앤아이(주),top_region,,서울,R3_사명교차전파
13363,대신에프앤아이(주),top_addr,,서울특별시 중구 삼일대로 343 (저동1가 대신파이낸스센터),R3_사명교차전파
13363,대신에프앤아이(주),top_region,,서울,R3_사명교차전파
13364,대신에프앤아이(주),top_addr,,서울특별시 중구 삼일대로 343 (저동1가 대신파이낸스센터),R3_사명교차전파
13364,대신에프앤아이(주),top_region,,서울,R3_사명교차전파
13365,대신에프앤아이(주),top_addr,,서울특별시 중구 삼일대로 343 (저동1가 대신파이낸스센터),R3_사명교차전파
13365,대신에프앤아이(주),top_region,,서울,R3_사명교차전파
13366,대신에프앤아이(주),top_addr,,서울특별시 중구 삼일대로 343 (저동1가 대신파이낸스센터),R3_사명교차전파
13366,대신에프앤아이(주),top_region,,서울,R3_사명교차전파
13367,대신에프앤아이(주),top_addr,,서울특별시 중구 삼일대로 343 (저동1가 대신파이낸스센터),R3_사명교차전파
13367,대신에프앤아이(주),top_region,,서울,R3_사명교차전파
13368,대신에프앤아이(주),top_addr,,서울특별시 중구 삼일대로 343 (저동1가 대신파이낸스센터),R3_사명교차전파
13368,대신에프앤아이(주),top_region,,서울,R3_사명교차전파
13369,대신에프앤아이(주),top_addr,,서울특별시 중구 삼일대로 343 (저동1가 대신파이낸스센터),R3_사명교차전파
13369,대신에프앤아이(주),top_region,,서울,R3_사명교차전파
13370,대신에프앤아이(주),top_addr,,서울특별시 중구 삼일대로 343 (저동1가 대신파이낸스센터),R3_사명교차전파
13370,대신에프앤아이(주),top_region,,서울,R3_사명교차전파
13371,대신에프앤아이(주),top_addr,,서울특별시 중구 삼일대로 343 (저동1가 대신파이낸스센터),R3_사명교차전파
13371,대신에프앤아이(주),top_region,,서울,R3_사명교차전파
13372,대신에프앤아이(주),top_addr,,서울특별시 중구 삼일대로 343 (저동1가 대신파이낸스센터),R3_사명교차전파
13372,대신에프앤아이(주),top_region,,서울,R3_사명교차전파
13373,대신에프앤아이(주),top_addr,,서울특별시 중구 삼일대로 343 (저동1가 대신파이낸스센터),R3_사명교차전파
13373,대신에프앤아이(주),top_region,,서울,R3_사명교차전파
13374,대신에프앤아이(주),top_addr,,서울특별시 중구 삼일대로 343 (저동1가 대신파이낸스센터),R3_사명교차전파
13374,대신에프앤아이(주),top_region,,서울,R3_사명교차전파
13375,대신에프앤아이(주),top_addr,,서울특별시 중구 삼일대로 343 (저동1가 대신파이낸스센터),R3_사명교차전파
13375,대신에프앤아이(주),top_region,,서울,R3_사명교차전파
13376,대신에프앤아이(주),top_addr,,서울특별시 중구 삼일대로 343 (저동1가 대신파이낸스센터),R3_사명교차전파
13376,대신에프앤아이(주),top_region,,서울,R3_사명교차전파
13377,대신에프앤아이(주),top_addr,,서울특별시 중구 삼일대로 343 (저동1가 대신파이낸스센터),R3_사명교차전파
13377,대신에프앤아이(주),top_region,,서울,R3_사명교차전파
13378,대신에프앤아이(주),top_addr,,서울특별시 중구 삼일대로 343 (저동1가 대신파이낸스센터),R3_사명교차전파
13378,대신에프앤아이(주),top_region,,서울,R3_사명교차전파
13379,대신에프앤아이(주),top_addr,,서울특별시 중구 삼일대로 343 (저동1가 대신파이낸스센터),R3_사명교차전파
13379,대신에프앤아이(주),top_region,,서울,R3_사명교차전파
13380,대신에프앤아이(주),top_addr,,서울특별시 중구 삼일대로 343 (저동1가 대신파이낸스센터),R3_사명교차전파
13380,대신에프앤아이(주),top_region,,서울,R3_사명교차전파
13381,대신에프앤아이(주),top_addr,,서울특별시 중구 삼일대로 343 (저동1가 대신파이낸스센터),R3_사명교차전파
13381,대신에프앤아이(주),top_region,,서울,R3_사명교차전파
13382,대신에프앤아이(주),top_addr,,서울특별시 중구 삼일대로 343 (저동1가 대신파이낸스센터),R3_사명교차전파
13382,대신에프앤아이(주),top_region,,서울,R3_사명교차전파
13383,대신에프앤아이(주),top_addr,,서울특별시 중구 삼일대로 343 (저동1가 대신파이낸스센터),R3_사명교차전파
13383,대신에프앤아이(주),top_region,,서울,R3_사명교차전파
13384,대신에프앤아이(주),top_addr,,서울특별시 중구 삼일대로 343 (저동1가 대신파이낸스센터),R3_사명교차전파
13384,대신에프앤아이(주),top_region,,서울,R3_사명교차전파
13385,대신에프앤아이(주),top_addr,,서울특별시 중구 삼일대로 343 (저동1가 대신파이낸스센터),R3_사명교차전파
13385,대신에프앤아이(주),top_region,,서울,R3_사명교차전파
13386,대신에프앤아이(주),top_addr,,서울특별시 중구 삼일대로 343 (저동1가 대신파이낸스센터),R3_사명교차전파
13386,대신에프앤아이(주),top_region,,서울,R3_사명교차전파
13387,대신에프앤아이(주),top_addr,,서울특별시 중구 삼일대로 343 (저동1가 대신파이낸스센터),R3_사명교차전파
13387,대신에프앤아이(주),top_region,,서울,R3_사명교차전파
13388,대신에프앤아이(주),top_addr,,서울특별시 중구 삼일대로 343 (저동1가 대신파이낸스센터),R3_사명교차전파
13388,대신에프앤아이(주),top_region,,서울,R3_사명교차전파
13389,대신에프앤아이(주),top_addr,,서울특별시 중구 삼일대로 343 (저동1가 대신파이낸스센터),R3_사명교차전파
13389,대신에프앤아이(주),top_region,,서울,R3_사명교차전파
13390,대신에프앤아이(주),top_addr,,서울특별시 중구 삼일대로 343 (저동1가 대신파이낸스센터),R3_사명교차전파
13390,대신에프앤아이(주),top_region,,서울,R3_사명교차전파
13391,대신에프앤아이(주),top_addr,,서울특별시 중구 삼일대로 343 (저동1가 대신파이낸스센터),R3_사명교차전파
13391,대신에프앤아이(주),top_region,,서울,R3_사명교차전파
13392,대신에프앤아이(주),top_addr,,서울특별시 중구 삼일대로 343 (저동1가 대신파이낸스센터),R3_사명교차전파
13392,대신에프앤아이(주),top_region,,서울,R3_사명교차전파
13393,대신에프앤아이(주),top_addr,,서울특별시 중구 삼일대로 343 (저동1가 대신파이낸스센터),R3_사명교차전파
13393,대신에프앤아이(주),top_region,,서울,R3_사명교차전파
13394,대신에프앤아이(주),top_addr,,서울특별시 중구 삼일대로 343 (저동1가 대신파이낸스센터),R3_사명교차전파
13394,대신에프앤아이(주),top_region,,서울,R3_사명교차전파
13395,대신에프앤아이(주),top_addr,,서울특별시 중구 삼일대로 343 (저동1가 대신파이낸스센터),R3_사명교차전파
13395,대신에프앤아이(주),top_region,,서울,R3_사명교차전파
13396,대신에프앤아이(주),top_addr,,서울특별시 중구 삼일대로 343 (저동1가 대신파이낸스센터),R3_사명교차전파
13396,대신에프앤아이(주),top_region,,서울,R3_사명교차전파
13397,대신에프앤아이(주),top_addr,,서울특별시 중구 삼일대로 343 (저동1가 대신파이낸스센터),R3_사명교차전파
13397,대신에프앤아이(주),top_region,,서울,R3_사명교차전파
13398,대신에프앤아이(주),top_addr,,서울특별시 중구 삼일대로 343 (저동1가 대신파이낸스센터),R3_사명교차전파
13398,대신에프앤아이(주),top_region,,서울,R3_사명교차전파
13399,대신에프앤아이(주),top_addr,,서울특별시 중구 삼일대로 343 (저동1가 대신파이낸스센터),R3_사명교차전파
13399,대신에프앤아이(주),top_region,,서울,R3_사명교차전파
13400,대신에프앤아이(주),top_addr,,서울특별시 중구 삼일대로 343 (저동1가 대신파이낸스센터),R3_사명교차전파
13400,대신에프앤아이(주),top_region,,서울,R3_사명교차전파
13401,대신에프앤아이(주),top_addr,,서울특별시 중구 삼일대로 343 (저동1가 대신파이낸스센터),R3_사명교차전파
13401,대신에프앤아이(주),top_region,,서울,R3_사명교차전파
13402,대신에프앤아이(주),top_addr,,서울특별시 중구 삼일대로 343 (저동1가 대신파이낸스센터),R3_사명교차전파
13402,대신에프앤아이(주),top_region,,서울,R3_사명교차전파
13403,대신에프앤아이(주),top_addr,,서울특별시 중구 삼일대로 343 (저동1가 대신파이낸스센터),R3_사명교차전파
13403,대신에프앤아이(주),top_region,,서울,R3_사명교차전파
13404,대신에프앤아이(주),top_addr,,서울특별시 중구 삼일대로 343 (저동1가 대신파이낸스센터),R3_사명교차전파
13404,대신에프앤아이(주),top_region,,서울,R3_사명교차전파
13405,대신에프앤아이(주),top_addr,,서울특별시 중구 삼일대로 343 (저동1가 대신파이낸스센터),R3_사명교차전파
13405,대신에프앤아이(주),top_region,,서울,R3_사명교차전파
13406,대신에프앤아이(주),top_addr,,서울특별시 중구 삼일대로 343 (저동1가 대신파이낸스센터),R3_사명교차전파
13406,대신에프앤아이(주),top_region,,서울,R3_사명교차전파
13407,대신에프앤아이(주),top_addr,,서울특별시 중구 삼일대로 343 (저동1가 대신파이낸스센터),R3_사명교차전파
13407,대신에프앤아이(주),top_region,,서울,R3_사명교차전파
13408,대신에프앤아이(주),top_addr,,서울특별시 중구 삼일대로 343 (저동1가 대신파이낸스센터),R3_사명교차전파
13408,대신에프앤아이(주),top_region,,서울,R3_사명교차전파
13409,대신에프앤아이(주),top_addr,,서울특별시 중구 삼일대로 343 (저동1가 대신파이낸스센터),R3_사명교차전파
13409,대신에프앤아이(주),top_region,,서울,R3_사명교차전파
13410,대신에프앤아이(주),top_addr,,서울특별시 중구 삼일대로 343 (저동1가 대신파이낸스센터),R3_사명교차전파
13410,대신에프앤아이(주),top_region,,서울,R3_사명교차전파
13411,대신에프앤아이(주),top_addr,,서울특별시 중구 삼일대로 343 (저동1가 대신파이낸스센터),R3_사명교차전파
13411,대신에프앤아이(주),top_region,,서울,R3_사명교차전파
13412,대신에프앤아이(주),top_addr,,서울특별시 중구 삼일대로 343 (저동1가 대신파이낸스센터),R3_사명교차전파
13412,대신에프앤아이(주),top_region,,서울,R3_사명교차전파
13413,대신에프앤아이(주),top_addr,,서울특별시 중구 삼일대로 343 (저동1가 대신파이낸스센터),R3_사명교차전파
13413,대신에프앤아이(주),top_region,,서울,R3_사명교차전파
13414,대신에프앤아이(주),top_addr,,서울특별시 중구 삼일대로 343 (저동1가 대신파이낸스센터),R3_사명교차전파
13414,대신에프앤아이(주),top_region,,서울,R3_사명교차전파
13415,대신에프앤아이(주),top_addr,,서울특별시 중구 삼일대로 343 (저동1가 대신파이낸스센터),R3_사명교차전파
13415,대신에프앤아이(주),top_region,,서울,R3_사명교차전파
13416,대신에프앤아이(주),top_addr,,서울특별시 중구 삼일대로 343 (저동1가 대신파이낸스센터),R3_사명교차전파
13416,대신에프앤아이(주),top_region,,서울,R3_사명교차전파
13417,대신에프앤아이(주),top_addr,,서울특별시 중구 삼일대로 343 (저동1가 대신파이낸스센터),R3_사명교차전파
13417,대신에프앤아이(주),top_region,,서울,R3_사명교차전파
13418,대신에프앤아이(주),top_addr,,서울특별시 중구 삼일대로 343 (저동1가 대신파이낸스센터),R3_사명교차전파
13418,대신에프앤아이(주),top_region,,서울,R3_사명교차전파
13419,대신에프앤아이(주),top_addr,,서울특별시 중구 삼일대로 343 (저동1가 대신파이낸스센터),R3_사명교차전파
13419,대신에프앤아이(주),top_region,,서울,R3_사명교차전파
13420,대신에프앤아이(주),top_addr,,서울특별시 중구 삼일대로 343 (저동1가 대신파이낸스센터),R3_사명교차전파
13420,대신에프앤아이(주),top_region,,서울,R3_사명교차전파
13421,대신에프앤아이(주),top_addr,,서울특별시 중구 삼일대로 343 (저동1가 대신파이낸스센터),R3_사명교차전파
13421,대신에프앤아이(주),top_region,,서울,R3_사명교차전파
13422,대신에프앤아이(주),top_addr,,서울특별시 중구 삼일대로 343 (저동1가 대신파이낸스센터),R3_사명교차전파
13422,대신에프앤아이(주),top_region,,서울,R3_사명교차전파
13423,대신에프앤아이(주),top_addr,,서울특별시 중구 삼일대로 343 (저동1가 대신파이낸스센터),R3_사명교차전파
13423,대신에프앤아이(주),top_region,,서울,R3_사명교차전파
13424,대신에프앤아이(주),top_addr,,서울특별시 중구 삼일대로 343 (저동1가 대신파이낸스센터),R3_사명교차전파
13424,대신에프앤아이(주),top_region,,서울,R3_사명교차전파
13425,대신에프앤아이(주),top_addr,,서울특별시 중구 삼일대로 343 (저동1가 대신파이낸스센터),R3_사명교차전파
13425,대신에프앤아이(주),top_region,,서울,R3_사명교차전파
13426,대신에프앤아이(주),top_addr,,서울특별시 중구 삼일대로 343 (저동1가 대신파이낸스센터),R3_사명교차전파
13426,대신에프앤아이(주),top_region,,서울,R3_사명교차전파
13427,대신에프앤아이(주),top_addr,,서울특별시 중구 삼일대로 343 (저동1가 대신파이낸스센터),R3_사명교차전파
13427,대신에프앤아이(주),top_region,,서울,R3_사명교차전파
13428,대신에프앤아이(주),top_addr,,서울특별시 중구 삼일대로 343 (저동1가 대신파이낸스센터),R3_사명교차전파
13428,대신에프앤아이(주),top_region,,서울,R3_사명교차전파
13429,대신에프앤아이(주),top_addr,,서울특별시 중구 삼일대로 343 (저동1가 대신파이낸스센터),R3_사명교차전파
13429,대신에프앤아이(주),top_region,,서울,R3_사명교차전파
13430,대신에프앤아이(주),top_addr,,서울특별시 중구 삼일대로 343 (저동1가 대신파이낸스센터),R3_사명교차전파
13430,대신에프앤아이(주),top_region,,서울,R3_사명교차전파
13431,대신에프앤아이(주),top_addr,,서울특별시 중구 삼일대로 343 (저동1가 대신파이낸스센터),R3_사명교차전파
13431,대신에프앤아이(주),top_region,,서울,R3_사명교차전파
13432,대신에프앤아이(주),top_addr,,서울특별시 중구 삼일대로 343 (저동1가 대신파이낸스센터),R3_사명교차전파
13432,대신에프앤아이(주),top_region,,서울,R3_사명교차전파
13433,대신에프앤아이(주),top_addr,,서울특별시 중구 삼일대로 343 (저동1가 대신파이낸스센터),R3_사명교차전파
13433,대신에프앤아이(주),top_region,,서울,R3_사명교차전파
13434,대신에프앤아이(주),top_addr,,서울특별시 중구 삼일대로 343 (저동1가 대신파이낸스센터),R3_사명교차전파
13434,대신에프앤아이(주),top_region,,서울,R3_사명교차전파
13435,대신에프앤아이(주),top_addr,,서울특별시 중구 삼일대로 343 (저동1가 대신파이낸스센터),R3_사명교차전파
13435,대신에프앤아이(주),top_region,,서울,R3_사명교차전파
13436,대신에프앤아이(주),top_addr,,서울특별시 중구 삼일대로 343 (저동1가 대신파이낸스센터),R3_사명교차전파
13436,대신에프앤아이(주),top_region,,서울,R3_사명교차전파
13437,대신에프앤아이(주),top_addr,,서울특별시 중구 삼일대로 343 (저동1가 대신파이낸스센터),R3_사명교차전파
13437,대신에프앤아이(주),top_region,,서울,R3_사명교차전파
13438,대신에프앤아이(주),top_addr,,서울특별시 중구 삼일대로 343 (저동1가 대신파이낸스센터),R3_사명교차전파
13438,대신에프앤아이(주),top_region,,서울,R3_사명교차전파
13439,대신에프앤아이(주),top_addr,,서울특별시 중구 삼일대로 343 (저동1가 대신파이낸스센터),R3_사명교차전파
13439,대신에프앤아이(주),top_region,,서울,R3_사명교차전파
13440,대신에프앤아이(주),top_addr,,서울특별시 중구 삼일대로 343 (저동1가 대신파이낸스센터),R3_사명교차전파
13440,대신에프앤아이(주),top_region,,서울,R3_사명교차전파
13441,대신에프앤아이(주),top_addr,,서울특별시 중구 삼일대로 343 (저동1가 대신파이낸스센터),R3_사명교차전파
13441,대신에프앤아이(주),top_region,,서울,R3_사명교차전파
13442,대신에프앤아이(주),top_addr,,서울특별시 중구 삼일대로 343 (저동1가 대신파이낸스센터),R3_사명교차전파
13442,대신에프앤아이(주),top_region,,서울,R3_사명교차전파
13443,대신에프앤아이(주),top_addr,,서울특별시 중구 삼일대로 343 (저동1가 대신파이낸스센터),R3_사명교차전파
13443,대신에프앤아이(주),top_region,,서울,R3_사명교차전파
13444,대신에프앤아이(주),top_addr,,서울특별시 중구 삼일대로 343 (저동1가 대신파이낸스센터),R3_사명교차전파
13444,대신에프앤아이(주),top_region,,서울,R3_사명교차전파
13445,대신에프앤아이(주),top_addr,,서울특별시 중구 삼일대로 343 (저동1가 대신파이낸스센터),R3_사명교차전파
13445,대신에프앤아이(주),top_region,,서울,R3_사명교차전파
13446,대신에프앤아이(주),top_addr,,서울특별시 중구 삼일대로 343 (저동1가 대신파이낸스센터),R3_사명교차전파
13446,대신에프앤아이(주),top_region,,서울,R3_사명교차전파
13447,대신에프앤아이(주),top_addr,,서울특별시 중구 삼일대로 343 (저동1가 대신파이낸스센터),R3_사명교차전파
13447,대신에프앤아이(주),top_region,,서울,R3_사명교차전파
13448,대신에프앤아이(주),top_addr,,서울특별시 중구 삼일대로 343 (저동1가 대신파이낸스센터),R3_사명교차전파
13448,대신에프앤아이(주),top_region,,서울,R3_사명교차전파
13449,대신에프앤아이(주),top_addr,,서울특별시 중구 삼일대로 343 (저동1가 대신파이낸스센터),R3_사명교차전파
13449,대신에프앤아이(주),top_region,,서울,R3_사명교차전파
13450,대신에프앤아이(주),top_addr,,서울특별시 중구 삼일대로 343 (저동1가 대신파이낸스센터),R3_사명교차전파
13450,대신에프앤아이(주),top_region,,서울,R3_사명교차전파
13451,대신에프앤아이(주),top_addr,,서울특별시 중구 삼일대로 343 (저동1가 대신파이낸스센터),R3_사명교차전파
13451,대신에프앤아이(주),top_region,,서울,R3_사명교차전파
13452,대신에프앤아이(주),top_addr,,서울특별시 중구 삼일대로 343 (저동1가 대신파이낸스센터),R3_사명교차전파
13452,대신에프앤아이(주),top_region,,서울,R3_사명교차전파
13453,대신에프앤아이(주),top_addr,,서울특별시 중구 삼일대로 343 (저동1가 대신파이낸스센터),R3_사명교차전파
13453,대신에프앤아이(주),top_region,,서울,R3_사명교차전파
13454,대신에프앤아이(주),top_addr,,서울특별시 중구 삼일대로 343 (저동1가 대신파이낸스센터),R3_사명교차전파
13454,대신에프앤아이(주),top_region,,서울,R3_사명교차전파
13455,대신에프앤아이(주),top_addr,,서울특별시 중구 삼일대로 343 (저동1가 대신파이낸스센터),R3_사명교차전파
13455,대신에프앤아이(주),top_region,,서울,R3_사명교차전파
13456,대신에프앤아이(주),top_addr,,서울특별시 중구 삼일대로 343 (저동1가 대신파이낸스센터),R3_사명교차전파
13456,대신에프앤아이(주),top_region,,서울,R3_사명교차전파
13457,대신에프앤아이(주),top_addr,,서울특별시 중구 삼일대로 343 (저동1가 대신파이낸스센터),R3_사명교차전파
13457,대신에프앤아이(주),top_region,,서울,R3_사명교차전파
13458,대신에프앤아이(주),top_addr,,서울특별시 중구 삼일대로 343 (저동1가 대신파이낸스센터),R3_사명교차전파
13458,대신에프앤아이(주),top_region,,서울,R3_사명교차전파
13459,대신에프앤아이(주),top_addr,,서울특별시 중구 삼일대로 343 (저동1가 대신파이낸스센터),R3_사명교차전파
13459,대신에프앤아이(주),top_region,,서울,R3_사명교차전파
13460,대신에프앤아이(주),top_addr,,서울특별시 중구 삼일대로 343 (저동1가 대신파이낸스센터),R3_사명교차전파
13460,대신에프앤아이(주),top_region,,서울,R3_사명교차전파
13461,대신에프앤아이(주),top_addr,,서울특별시 중구 삼일대로 343 (저동1가 대신파이낸스센터),R3_사명교차전파
13461,대신에프앤아이(주),top_region,,서울,R3_사명교차전파
13462,대신에프앤아이(주),top_addr,,서울특별시 중구 삼일대로 343 (저동1가 대신파이낸스센터),R3_사명교차전파
13462,대신에프앤아이(주),top_region,,서울,R3_사명교차전파
13463,대신에프앤아이(주),top_addr,,서울특별시 중구 삼일대로 343 (저동1가 대신파이낸스센터),R3_사명교차전파
13463,대신에프앤아이(주),top_region,,서울,R3_사명교차전파
13464,대신에프앤아이(주),top_addr,,서울특별시 중구 삼일대로 343 (저동1가 대신파이낸스센터),R3_사명교차전파
13464,대신에프앤아이(주),top_region,,서울,R3_사명교차전파
13465,대신에프앤아이(주),top_addr,,서울특별시 중구 삼일대로 343 (저동1가 대신파이낸스센터),R3_사명교차전파
13465,대신에프앤아이(주),top_region,,서울,R3_사명교차전파
13466,대신에프앤아이(주),top_addr,,서울특별시 중구 삼일대로 343 (저동1가 대신파이낸스센터),R3_사명교차전파
13466,대신에프앤아이(주),top_region,,서울,R3_사명교차전파
13467,대신에프앤아이(주),top_addr,,서울특별시 중구 삼일대로 343 (저동1가 대신파이낸스센터),R3_사명교차전파
13467,대신에프앤아이(주),top_region,,서울,R3_사명교차전파
13468,대신에프앤아이(주),top_addr,,서울특별시 중구 삼일대로 343 (저동1가 대신파이낸스센터),R3_사명교차전파
13468,대신에프앤아이(주),top_region,,서울,R3_사명교차전파
13469,대신에프앤아이(주),top_addr,,서울특별시 중구 삼일대로 343 (저동1가 대신파이낸스센터),R3_사명교차전파
13469,대신에프앤아이(주),top_region,,서울,R3_사명교차전파
13470,대신에프앤아이(주),top_addr,,서울특별시 중구 삼일대로 343 (저동1가 대신파이낸스센터),R3_사명교차전파
13470,대신에프앤아이(주),top_region,,서울,R3_사명교차전파
13471,대신에프앤아이(주),top_addr,,서울특별시 중구 삼일대로 343 (저동1가 대신파이낸스센터),R3_사명교차전파
13471,대신에프앤아이(주),top_region,,서울,R3_사명교차전파
13472,대신에프앤아이(주),top_addr,,서울특별시 중구 삼일대로 343 (저동1가 대신파이낸스센터),R3_사명교차전파
13472,대신에프앤아이(주),top_region,,서울,R3_사명교차전파
13473,대신에프앤아이(주),top_addr,,서울특별시 중구 삼일대로 343 (저동1가 대신파이낸스센터),R3_사명교차전파
13473,대신에프앤아이(주),top_region,,서울,R3_사명교차전파
13474,대신에프앤아이(주),top_addr,,서울특별시 중구 삼일대로 343 (저동1가 대신파이낸스센터),R3_사명교차전파
13474,대신에프앤아이(주),top_region,,서울,R3_사명교차전파
13475,대신에프앤아이(주),top_addr,,서울특별시 중구 삼일대로 343 (저동1가 대신파이낸스센터),R3_사명교차전파
13475,대신에프앤아이(주),top_region,,서울,R3_사명교차전파
13476,대신에프앤아이(주),top_addr,,서울특별시 중구 삼일대로 343 (저동1가 대신파이낸스센터),R3_사명교차전파
13476,대신에프앤아이(주),top_region,,서울,R3_사명교차전파
13477,대신에프앤아이(주),top_addr,,서울특별시 중구 삼일대로 343 (저동1가 대신파이낸스센터),R3_사명교차전파
13477,대신에프앤아이(주),top_region,,서울,R3_사명교차전파
13478,대신에프앤아이(주),top_addr,,서울특별시 중구 삼일대로 343 (저동1가 대신파이낸스센터),R3_사명교차전파
13478,대신에프앤아이(주),top_region,,서울,R3_사명교차전파
13479,대신에프앤아이(주),top_addr,,서울특별시 중구 삼일대로 343 (저동1가 대신파이낸스센터),R3_사명교차전파
13479,대신에프앤아이(주),top_region,,서울,R3_사명교차전파
13480,대신에프앤아이(주),top_addr,,서울특별시 중구 삼일대로 343 (저동1가 대신파이낸스센터),R3_사명교차전파
13480,대신에프앤아이(주),top_region,,서울,R3_사명교차전파
13481,대신에프앤아이(주),top_addr,,서울특별시 중구 삼일대로 343 (저동1가 대신파이낸스센터),R3_사명교차전파
13481,대신에프앤아이(주),top_region,,서울,R3_사명교차전파
13482,대신에프앤아이(주),top_addr,,서울특별시 중구 삼일대로 343 (저동1가 대신파이낸스센터),R3_사명교차전파
13482,대신에프앤아이(주),top_region,,서울,R3_사명교차전파
13483,대신에프앤아이(주),top_addr,,서울특별시 중구 삼일대로 343 (저동1가 대신파이낸스센터),R3_사명교차전파
13483,대신에프앤아이(주),top_region,,서울,R3_사명교차전파
13484,대신에프앤아이(주),top_addr,,서울특별시 중구 삼일대로 343 (저동1가 대신파이낸스센터),R3_사명교차전파
13484,대신에프앤아이(주),top_region,,서울,R3_사명교차전파
13485,대신에프앤아이(주),top_addr,,서울특별시 중구 삼일대로 343 (저동1가 대신파이낸스센터),R3_사명교차전파
13485,대신에프앤아이(주),top_region,,서울,R3_사명교차전파
13486,대신에프앤아이(주),top_addr,,서울특별시 중구 삼일대로 343 (저동1가 대신파이낸스센터),R3_사명교차전파
13486,대신에프앤아이(주),top_region,,서울,R3_사명교차전파
13487,대신에프앤아이(주),top_addr,,서울특별시 중구 삼일대로 343 (저동1가 대신파이낸스센터),R3_사명교차전파
13487,대신에프앤아이(주),top_region,,서울,R3_사명교차전파
13488,대신에프앤아이(주),top_addr,,서울특별시 중구 삼일대로 343 (저동1가 대신파이낸스센터),R3_사명교차전파
13488,대신에프앤아이(주),top_region,,서울,R3_사명교차전파
13489,대신에프앤아이(주),top_addr,,서울특별시 중구 삼일대로 343 (저동1가 대신파이낸스센터),R3_사명교차전파
13489,대신에프앤아이(주),top_region,,서울,R3_사명교차전파
13490,대신에프앤아이(주),top_addr,,서울특별시 중구 삼일대로 343 (저동1가 대신파이낸스센터),R3_사명교차전파
13490,대신에프앤아이(주),top_region,,서울,R3_사명교차전파
13491,대신에프앤아이(주),top_addr,,서울특별시 중구 삼일대로 343 (저동1가 대신파이낸스센터),R3_사명교차전파
13491,대신에프앤아이(주),top_region,,서울,R3_사명교차전파
13492,대신에프앤아이(주),top_addr,,서울특별시 중구 삼일대로 343 (저동1가 대신파이낸스센터),R3_사명교차전파
13492,대신에프앤아이(주),top_region,,서울,R3_사명교차전파
13493,대신에프앤아이(주),top_addr,,서울특별시 중구 삼일대로 343 (저동1가 대신파이낸스센터),R3_사명교차전파
13493,대신에프앤아이(주),top_region,,서울,R3_사명교차전파
13494,대신에프앤아이(주),top_addr,,서울특별시 중구 삼일대로 343 (저동1가 대신파이낸스센터),R3_사명교차전파
13494,대신에프앤아이(주),top_region,,서울,R3_사명교차전파
13495,대신에프앤아이(주),top_addr,,서울특별시 중구 삼일대로 343 (저동1가 대신파이낸스센터),R3_사명교차전파
13495,대신에프앤아이(주),top_region,,서울,R3_사명교차전파
13496,대신에프앤아이(주),top_addr,,서울특별시 중구 삼일대로 343 (저동1가 대신파이낸스센터),R3_사명교차전파
13496,대신에프앤아이(주),top_region,,서울,R3_사명교차전파
13497,대신에프앤아이(주),top_addr,,서울특별시 중구 삼일대로 343 (저동1가 대신파이낸스센터),R3_사명교차전파
13497,대신에프앤아이(주),top_region,,서울,R3_사명교차전파
13498,대신에프앤아이(주),top_addr,,서울특별시 중구 삼일대로 343 (저동1가 대신파이낸스센터),R3_사명교차전파
13498,대신에프앤아이(주),top_region,,서울,R3_사명교차전파
13499,대신에프앤아이(주),top_addr,,서울특별시 중구 삼일대로 343 (저동1가 대신파이낸스센터),R3_사명교차전파
13499,대신에프앤아이(주),top_region,,서울,R3_사명교차전파
13500,대신에프앤아이(주),top_addr,,서울특별시 중구 삼일대로 343 (저동1가 대신파이낸스센터),R3_사명교차전파
13500,대신에프앤아이(주),top_region,,서울,R3_사명교차전파
13501,대신에프앤아이(주),top_addr,,서울특별시 중구 삼일대로 343 (저동1가 대신파이낸스센터),R3_사명교차전파
13501,대신에프앤아이(주),top_region,,서울,R3_사명교차전파
13502,대신에프앤아이(주),top_addr,,서울특별시 중구 삼일대로 343 (저동1가 대신파이낸스센터),R3_사명교차전파
13502,대신에프앤아이(주),top_region,,서울,R3_사명교차전파
13503,대신에프앤아이(주),top_addr,,서울특별시 중구 삼일대로 343 (저동1가 대신파이낸스센터),R3_사명교차전파
13503,대신에프앤아이(주),top_region,,서울,R3_사명교차전파
13504,대신에프앤아이(주),top_addr,,서울특별시 중구 삼일대로 343 (저동1가 대신파이낸스센터),R3_사명교차전파
13504,대신에프앤아이(주),top_region,,서울,R3_사명교차전파
13505,대신에프앤아이(주),top_addr,,서울특별시 중구 삼일대로 343 (저동1가 대신파이낸스센터),R3_사명교차전파
13505,대신에프앤아이(주),top_region,,서울,R3_사명교차전파
13506,대신에프앤아이(주),top_addr,,서울특별시 중구 삼일대로 343 (저동1가 대신파이낸스센터),R3_사명교차전파
13506,대신에프앤아이(주),top_region,,서울,R3_사명교차전파
13507,대신에프앤아이(주),top_addr,,서울특별시 중구 삼일대로 343 (저동1가 대신파이낸스센터),R3_사명교차전파
13507,대신에프앤아이(주),top_region,,서울,R3_사명교차전파
13508,대신에프앤아이(주),top_addr,,서울특별시 중구 삼일대로 343 (저동1가 대신파이낸스센터),R3_사명교차전파
13508,대신에프앤아이(주),top_region,,서울,R3_사명교차전파
13509,대신에프앤아이(주),top_addr,,서울특별시 중구 삼일대로 343 (저동1가 대신파이낸스센터),R3_사명교차전파
13509,대신에프앤아이(주),top_region,,서울,R3_사명교차전파
13510,대신에프앤아이(주),top_addr,,서울특별시 중구 삼일대로 343 (저동1가 대신파이낸스센터),R3_사명교차전파
13510,대신에프앤아이(주),top_region,,서울,R3_사명교차전파
13511,대신에프앤아이(주),top_addr,,서울특별시 중구 삼일대로 343 (저동1가 대신파이낸스센터),R3_사명교차전파
13511,대신에프앤아이(주),top_region,,서울,R3_사명교차전파
13512,대신에프앤아이(주),top_addr,,서울특별시 중구 삼일대로 343 (저동1가 대신파이낸스센터),R3_사명교차전파
13512,대신에프앤아이(주),top_region,,서울,R3_사명교차전파
13513,대신에프앤아이(주),top_addr,,서울특별시 중구 삼일대로 343 (저동1가 대신파이낸스센터),R3_사명교차전파
13513,대신에프앤아이(주),top_region,,서울,R3_사명교차전파
13514,대신에프앤아이(주),top_addr,,서울특별시 중구 삼일대로 343 (저동1가 대신파이낸스센터),R3_사명교차전파
13514,대신에프앤아이(주),top_region,,서울,R3_사명교차전파
13515,대신에프앤아이(주),top_addr,,서울특별시 중구 삼일대로 343 (저동1가 대신파이낸스센터),R3_사명교차전파
13515,대신에프앤아이(주),top_region,,서울,R3_사명교차전파
13516,대신에프앤아이(주),top_addr,,서울특별시 중구 삼일대로 343 (저동1가 대신파이낸스센터),R3_사명교차전파
13516,대신에프앤아이(주),top_region,,서울,R3_사명교차전파
13517,대신에프앤아이(주),top_addr,,서울특별시 중구 삼일대로 343 (저동1가 대신파이낸스센터),R3_사명교차전파
13517,대신에프앤아이(주),top_region,,서울,R3_사명교차전파
13518,대신에프앤아이(주),top_addr,,서울특별시 중구 삼일대로 343 (저동1가 대신파이낸스센터),R3_사명교차전파
13518,대신에프앤아이(주),top_region,,서울,R3_사명교차전파
13519,대신에프앤아이(주),top_addr,,서울특별시 중구 삼일대로 343 (저동1가 대신파이낸스센터),R3_사명교차전파
13519,대신에프앤아이(주),top_region,,서울,R3_사명교차전파
13520,대신에프앤아이(주),top_addr,,서울특별시 중구 삼일대로 343 (저동1가 대신파이낸스센터),R3_사명교차전파
13520,대신에프앤아이(주),top_region,,서울,R3_사명교차전파
13521,대신에프앤아이(주),top_addr,,서울특별시 중구 삼일대로 343 (저동1가 대신파이낸스센터),R3_사명교차전파
13521,대신에프앤아이(주),top_region,,서울,R3_사명교차전파
13522,대신에프앤아이(주),top_addr,,서울특별시 중구 삼일대로 343 (저동1가 대신파이낸스센터),R3_사명교차전파
13522,대신에프앤아이(주),top_region,,서울,R3_사명교차전파
13523,대신에프앤아이(주),top_addr,,서울특별시 중구 삼일대로 343 (저동1가 대신파이낸스센터),R3_사명교차전파
13523,대신에프앤아이(주),top_region,,서울,R3_사명교차전파
13524,대신에프앤아이(주),top_addr,,서울특별시 중구 삼일대로 343 (저동1가 대신파이낸스센터),R3_사명교차전파
13524,대신에프앤아이(주),top_region,,서울,R3_사명교차전파
13525,대신에프앤아이(주),top_addr,,서울특별시 중구 삼일대로 343 (저동1가 대신파이낸스센터),R3_사명교차전파
13525,대신에프앤아이(주),top_region,,서울,R3_사명교차전파
13526,대신에프앤아이(주),top_addr,,서울특별시 중구 삼일대로 343 (저동1가 대신파이낸스센터),R3_사명교차전파
13526,대신에프앤아이(주),top_region,,서울,R3_사명교차전파
13551,(주)파라다이스세가사미,top_addr,,인천광역시,R3_사명교차전파
13551,(주)파라다이스세가사미,top_region,,인천,R3_사명교차전파
13552,(주)파라다이스세가사미,top_addr,,인천광역시,R3_사명교차전파
13552,(주)파라다이스세가사미,top_region,,인천,R3_사명교차전파
13640,대용무역(주),top_addr,,서울시 마포구 마포대로 19 1112층 (마포동 신화빌딩),R3_사명교차전파
13640,대용무역(주),top_region,,서울,R3_사명교차전파
13641,대용무역(주),top_addr,,서울시 마포구 마포대로 19 1112층 (마포동 신화빌딩),R3_사명교차전파
13641,대용무역(주),top_region,,서울,R3_사명교차전파
13642,대용무역(주),top_addr,,서울시 마포구 마포대로 19 1112층 (마포동 신화빌딩),R3_사명교차전파
13642,대용무역(주),top_region,,서울,R3_사명교차전파
13643,서울바이오시스(주),top_addr,,경기도 안산시 단원구 원시동 727-51블럭 36,R3_사명교차전파
13643,서울바이오시스(주),top_region,,경기,R3_사명교차전파
13665,(주)신암정유,top_addr,,충남 예산군 신암면 조곡리 9-30번지,R3_사명교차전파
13665,(주)신암정유,top_region,,충남,R3_사명교차전파
13666,(주)신암정유,top_addr,,충남 예산군 신암면 조곡리 9-30번지,R3_사명교차전파
13666,(주)신암정유,top_region,,충남,R3_사명교차전파
13667,(주)제이엠씨,top_addr,,울산광역시 울주군 온산읍 화산리125,R3_사명교차전파
13667,(주)제이엠씨,top_region,,울산,R3_사명교차전파
13668,(주)제이엠씨,top_addr,,울산광역시 울주군 온산읍 화산리125,R3_사명교차전파
13668,(주)제이엠씨,top_region,,울산,R3_사명교차전파
13669,(주)제이엠씨,top_addr,,울산광역시 울주군 온산읍 화산리125,R3_사명교차전파
13669,(주)제이엠씨,top_region,,울산,R3_사명교차전파
13670,(주)젤텍,top_addr,,부산광역시 강서구 송정동,R3_사명교차전파
13670,(주)젤텍,top_region,,부산,R3_사명교차전파
13671,(주)젤텍,top_addr,,부산광역시 강서구 송정동,R3_사명교차전파
13671,(주)젤텍,top_region,,부산,R3_사명교차전파
13672,(주)젤텍,top_addr,,부산광역시 강서구 송정동,R3_사명교차전파
13672,(주)젤텍,top_region,,부산,R3_사명교차전파
13673,(주)젤텍,top_addr,,부산광역시 강서구 송정동,R3_사명교차전파
13673,(주)젤텍,top_region,,부산,R3_사명교차전파
13703,하나머티리얼즈(주),top_addr,,충남 천안시 서북구 3공단 3로 42,R3_사명교차전파
13703,하나머티리얼즈(주),top_region,,충남,R3_사명교차전파
13704,하나머티리얼즈(주),top_addr,,충남 천안시 서북구 3공단 3로 42,R3_사명교차전파
13704,하나머티리얼즈(주),top_region,,충남,R3_사명교차전파
13705,하나머티리얼즈(주),top_addr,,충남 천안시 서북구 3공단 3로 42,R3_사명교차전파
13705,하나머티리얼즈(주),top_region,,충남,R3_사명교차전파
13706,하나머티리얼즈(주),top_addr,,충남 천안시 서북구 3공단 3로 42,R3_사명교차전파
13706,하나머티리얼즈(주),top_region,,충남,R3_사명교차전파
13707,하나머티리얼즈(주),top_addr,,충남 천안시 서북구 3공단 3로 42,R3_사명교차전파
13707,하나머티리얼즈(주),top_region,,충남,R3_사명교차전파
13708,하나머티리얼즈(주),top_addr,,충남 천안시 서북구 3공단 3로 42,R3_사명교차전파
13708,하나머티리얼즈(주),top_region,,충남,R3_사명교차전파
13709,하나머티리얼즈(주),top_addr,,충남 천안시 서북구 3공단 3로 42,R3_사명교차전파
13709,하나머티리얼즈(주),top_region,,충남,R3_사명교차전파
13710,하나머티리얼즈(주),top_addr,,충남 천안시 서북구 3공단 3로 42,R3_사명교차전파
13710,하나머티리얼즈(주),top_region,,충남,R3_사명교차전파
13711,하나머티리얼즈(주),top_addr,,충남 천안시 서북구 3공단 3로 42,R3_사명교차전파
13711,하나머티리얼즈(주),top_region,,충남,R3_사명교차전파
13712,하나머티리얼즈(주),top_addr,,충남 천안시 서북구 3공단 3로 42,R3_사명교차전파
13712,하나머티리얼즈(주),top_region,,충남,R3_사명교차전파
13713,하나머티리얼즈(주),top_addr,,충남 천안시 서북구 3공단 3로 42,R3_사명교차전파
13713,하나머티리얼즈(주),top_region,,충남,R3_사명교차전파
13728,한선엔지니어링(주),top_addr,,부산시 강서구,R3_사명교차전파
13728,한선엔지니어링(주),top_region,,부산,R3_사명교차전파
13729,한선엔지니어링(주),top_addr,,부산시 강서구,R3_사명교차전파
13729,한선엔지니어링(주),top_region,,부산,R3_사명교차전파
14280,(주)아난티코브,top_addr,,부산광역시 기장군 기장읍 기장해안로 268-31,R3_사명교차전파
14280,(주)아난티코브,top_region,,부산,R3_사명교차전파
14281,(주)아난티코브,top_addr,,부산광역시 기장군 기장읍 기장해안로 268-31,R3_사명교차전파
14281,(주)아난티코브,top_region,,부산,R3_사명교차전파
14282,(주)아난티코브,top_addr,,부산광역시 기장군 기장읍 기장해안로 268-31,R3_사명교차전파
14282,(주)아난티코브,top_region,,부산,R3_사명교차전파
14283,(주)아난티코브,top_addr,,부산광역시 기장군 기장읍 기장해안로 268-31,R3_사명교차전파
14283,(주)아난티코브,top_region,,부산,R3_사명교차전파
14284,(주)아난티코브,top_addr,,부산광역시 기장군 기장읍 기장해안로 268-31,R3_사명교차전파
14284,(주)아난티코브,top_region,,부산,R3_사명교차전파
14285,(주)아난티코브,top_addr,,부산광역시 기장군 기장읍 기장해안로 268-31,R3_사명교차전파
14285,(주)아난티코브,top_region,,부산,R3_사명교차전파
15708,(주)하츠,top_addr,,경기도 평택시 진위면 동부대로 202,R3_사명교차전파
15708,(주)하츠,top_region,,경기,R3_사명교차전파
15709,(주)하츠,top_addr,,경기도 평택시 진위면 동부대로 202,R3_사명교차전파
15709,(주)하츠,top_region,,경기,R3_사명교차전파
15710,(주)하츠,top_addr,,경기도 평택시 진위면 동부대로 202,R3_사명교차전파
15710,(주)하츠,top_region,,경기,R3_사명교차전파
15711,(주)하츠,top_addr,,경기도 평택시 진위면 동부대로 202,R3_사명교차전파
15711,(주)하츠,top_region,,경기,R3_사명교차전파
15712,(주)하츠,top_addr,,경기도 평택시 진위면 동부대로 202,R3_사명교차전파
15712,(주)하츠,top_region,,경기,R3_사명교차전파
15713,(주)하츠,top_addr,,경기도 평택시 진위면 동부대로 202,R3_사명교차전파
15713,(주)하츠,top_region,,경기,R3_사명교차전파
15714,(주)하츠,top_addr,,경기도 평택시 진위면 동부대로 202,R3_사명교차전파
15714,(주)하츠,top_region,,경기,R3_사명교차전파
15715,(주)하츠,top_addr,,경기도 평택시 진위면 동부대로 202,R3_사명교차전파
15715,(주)하츠,top_region,,경기,R3_사명교차전파
15716,(주)하츠,top_addr,,경기도 평택시 진위면 동부대로 202,R3_사명교차전파
15716,(주)하츠,top_region,,경기,R3_사명교차전파
15717,(주)하츠,top_addr,,경기도 평택시 진위면 동부대로 202,R3_사명교차전파
15717,(주)하츠,top_region,,경기,R3_사명교차전파
15917,케이씨엘엔지테크(주),top_addr,,부산광역시 해운대구 센텀2로 24 센텀다이아몬드빌딩 10층,R3_사명교차전파
15917,케이씨엘엔지테크(주),top_region,,부산,R3_사명교차전파
15918,케이씨엘엔지테크(주),top_addr,,부산광역시 해운대구 센텀2로 24 센텀다이아몬드빌딩 10층,R3_사명교차전파
15918,케이씨엘엔지테크(주),top_region,,부산,R3_사명교차전파
15919,케이씨엘엔지테크(주),top_addr,,부산광역시 해운대구 센텀2로 24 센텀다이아몬드빌딩 10층,R3_사명교차전파
15919,케이씨엘엔지테크(주),top_region,,부산,R3_사명교차전파
15920,케이씨엘엔지테크(주),top_addr,,부산광역시 해운대구 센텀2로 24 센텀다이아몬드빌딩 10층,R3_사명교차전파
15920,케이씨엘엔지테크(주),top_region,,부산,R3_사명교차전파
15921,케이씨엘엔지테크(주),top_addr,,부산광역시 해운대구 센텀2로 24 센텀다이아몬드빌딩 10층,R3_사명교차전파
15921,케이씨엘엔지테크(주),top_region,,부산,R3_사명교차전파
15922,케이씨엘엔지테크(주),top_addr,,부산광역시 해운대구 센텀2로 24 센텀다이아몬드빌딩 10층,R3_사명교차전파
15922,케이씨엘엔지테크(주),top_region,,부산,R3_사명교차전파
16090,(주)쏠리드윈텍,top_addr,,경기도 용인시 기흥구,R3_사명교차전파
16090,(주)쏠리드윈텍,top_region,,경기,R3_사명교차전파
16091,(주)쏠리드윈텍,top_addr,,경기도 용인시 기흥구,R3_사명교차전파
16091,(주)쏠리드윈텍,top_region,,경기,R3_사명교차전파
16092,(주)쏠리드윈텍,top_addr,,경기도 용인시 기흥구,R3_사명교차전파
16092,(주)쏠리드윈텍,top_region,,경기,R3_사명교차전파
16093,(주)쏠리드윈텍,top_addr,,경기도 용인시 기흥구,R3_사명교차전파
16093,(주)쏠리드윈텍,top_region,,경기,R3_사명교차전파
16094,(주)쏠리드윈텍,top_addr,,경기도 용인시 기흥구,R3_사명교차전파
16094,(주)쏠리드윈텍,top_region,,경기,R3_사명교차전파
16095,(주)쏠리드윈텍,top_addr,,경기도 용인시 기흥구,R3_사명교차전파
16095,(주)쏠리드윈텍,top_region,,경기,R3_사명교차전파
17078,삼보오토(주),top_addr,,충남 예산군 응봉면 산단1길 66,R3_사명교차전파
17078,삼보오토(주),top_region,,충남,R3_사명교차전파
17079,삼보오토(주),top_addr,,충남 예산군 응봉면 산단1길 66,R3_사명교차전파
17079,삼보오토(주),top_region,,충남,R3_사명교차전파
17294,코스모신소재(주),top_addr,,충북 충주시 충주호수로 36,R3_사명교차전파
17294,코스모신소재(주),top_region,,충북,R3_사명교차전파
17295,코스모신소재(주),top_addr,,충북 충주시 충주호수로 36,R3_사명교차전파
17295,코스모신소재(주),top_region,,충북,R3_사명교차전파
17311,동원파이프(주),top_addr,,대구 이현동,R3_사명교차전파
17311,동원파이프(주),top_region,,대구,R3_사명교차전파
17340,(주)나무경영아카데미,top_addr,,서울 종로구 서린동 70,R3_사명교차전파
17340,(주)나무경영아카데미,top_region,,서울,R3_사명교차전파
17341,(주)나무경영아카데미,top_addr,,서울 종로구 서린동 70,R3_사명교차전파
17341,(주)나무경영아카데미,top_region,,서울,R3_사명교차전파
17342,(주)나무경영아카데미,top_addr,,서울 종로구 서린동 70,R3_사명교차전파
17342,(주)나무경영아카데미,top_region,,서울,R3_사명교차전파
17343,(주)나무경영아카데미,top_addr,,서울 종로구 서린동 70,R3_사명교차전파
17343,(주)나무경영아카데미,top_region,,서울,R3_사명교차전파
17344,(주)나무경영아카데미,top_addr,,서울 종로구 서린동 70,R3_사명교차전파
17344,(주)나무경영아카데미,top_region,,서울,R3_사명교차전파
17345,(주)상상인선박기계,top_addr,,경상남도 함안군 군북면 석교천길 223,R3_사명교차전파
17345,(주)상상인선박기계,top_region,,경남,R3_사명교차전파
17346,(주)상상인선박기계,top_addr,,경상남도 함안군 군북면 석교천길 223,R3_사명교차전파
17346,(주)상상인선박기계,top_region,,경남,R3_사명교차전파
17347,(주)상상인선박기계,top_addr,,경상남도 함안군 군북면 석교천길 223,R3_사명교차전파
17347,(주)상상인선박기계,top_region,,경남,R3_사명교차전파
17348,(주)상상인선박기계,top_addr,,경상남도 함안군 군북면 석교천길 223,R3_사명교차전파
17348,(주)상상인선박기계,top_region,,경남,R3_사명교차전파
17349,(주)상상인선박기계,top_addr,,경상남도 함안군 군북면 석교천길 223,R3_사명교차전파
17349,(주)상상인선박기계,top_region,,경남,R3_사명교차전파
17350,(주)상상인선박기계,top_addr,,경상남도 함안군 군북면 석교천길 223,R3_사명교차전파
17350,(주)상상인선박기계,top_region,,경남,R3_사명교차전파
17351,(주)상상인선박기계,top_addr,,경상남도 함안군 군북면 석교천길 223,R3_사명교차전파
17351,(주)상상인선박기계,top_region,,경남,R3_사명교차전파
17352,(주)상상인선박기계,top_addr,,경상남도 함안군 군북면 석교천길 223,R3_사명교차전파
17352,(주)상상인선박기계,top_region,,경남,R3_사명교차전파
17353,(주)상상인선박기계,top_addr,,경상남도 함안군 군북면 석교천길 223,R3_사명교차전파
17353,(주)상상인선박기계,top_region,,경남,R3_사명교차전파
17354,(주)상상인선박기계,top_addr,,경상남도 함안군 군북면 석교천길 223,R3_사명교차전파
17354,(주)상상인선박기계,top_region,,경남,R3_사명교차전파
17355,(주)상상인선박기계,top_addr,,경상남도 함안군 군북면 석교천길 223,R3_사명교차전파
17355,(주)상상인선박기계,top_region,,경남,R3_사명교차전파
17356,(주)상상인선박기계,top_addr,,경상남도 함안군 군북면 석교천길 223,R3_사명교차전파
17356,(주)상상인선박기계,top_region,,경남,R3_사명교차전파
17357,(주)상상인선박기계,top_addr,,경상남도 함안군 군북면 석교천길 223,R3_사명교차전파
17357,(주)상상인선박기계,top_region,,경남,R3_사명교차전파
17358,(주)상상인선박기계,top_addr,,경상남도 함안군 군북면 석교천길 223,R3_사명교차전파
17358,(주)상상인선박기계,top_region,,경남,R3_사명교차전파
17359,(주)상상인선박기계,top_addr,,경상남도 함안군 군북면 석교천길 223,R3_사명교차전파
17359,(주)상상인선박기계,top_region,,경남,R3_사명교차전파
17360,(주)상상인선박기계,top_addr,,경상남도 함안군 군북면 석교천길 223,R3_사명교차전파
17360,(주)상상인선박기계,top_region,,경남,R3_사명교차전파
17361,(주)상상인선박기계,top_addr,,경상남도 함안군 군북면 석교천길 223,R3_사명교차전파
17361,(주)상상인선박기계,top_region,,경남,R3_사명교차전파
17362,(주)상상인선박기계,top_addr,,경상남도 함안군 군북면 석교천길 223,R3_사명교차전파
17362,(주)상상인선박기계,top_region,,경남,R3_사명교차전파
17363,(주)상상인선박기계,top_addr,,경상남도 함안군 군북면 석교천길 223,R3_사명교차전파
17363,(주)상상인선박기계,top_region,,경남,R3_사명교차전파
17364,(주)상상인선박기계,top_addr,,경상남도 함안군 군북면 석교천길 223,R3_사명교차전파
17364,(주)상상인선박기계,top_region,,경남,R3_사명교차전파
17365,(주)상상인선박기계,top_addr,,경상남도 함안군 군북면 석교천길 223,R3_사명교차전파
17365,(주)상상인선박기계,top_region,,경남,R3_사명교차전파
17383,핸즈식스(주),top_addr,,경기도 화성시 마도면 마도공단로6길 12,R3_사명교차전파
17383,핸즈식스(주),top_region,,경기,R3_사명교차전파
11,롯데컬처웍스(주),affiliate_addr,,서울특별시 송파구 올림픽로 295 롯데월드타워 18층,R3_사명교차전파
11,롯데컬처웍스(주),affiliate_region,,서울,R3_사명교차전파
12,롯데위탁관리부동산투자회사(주),affiliate_addr,,서울특별시 송파구 올림픽로 300 롯데월드타워 30층,R3_사명교차전파
12,롯데위탁관리부동산투자회사(주),affiliate_region,,서울,R3_사명교차전파
13,롯데오토리스(주),affiliate_addr,,경기도 안양시 동안구 전파로 88 8층(호계동 신원비젼타워),R3_사명교차전파
13,롯데오토리스(주),affiliate_region,,경기,R3_사명교차전파
14,(주)백학음료,affiliate_addr,,경기도 연천군 백학면 장백로 589,R3_사명교차전파
14,(주)백학음료,affiliate_region,,경기,R3_사명교차전파
15,(주)충북소주,affiliate_addr,,충청북도 청주시 청원구 내수읍 우산길 57,R3_사명교차전파
15,(주)충북소주,affiliate_region,,충북,R3_사명교차전파
16,산청음료(주),affiliate_addr,,경상남도 산청군 시천면 남명로 59-61,R3_사명교차전파
16,산청음료(주),affiliate_region,,경남,R3_사명교차전파
23,지에스엠비즈(주),affiliate_addr,,서울특별시 영등포구 선유로43길 19,R3_사명교차전파
23,지에스엠비즈(주),affiliate_region,,서울,R3_사명교차전파
24,지에스바이오(주),affiliate_addr,,전라남도 여수시 여수산단로 923-106,R3_사명교차전파
24,지에스바이오(주),affiliate_region,,전남,R3_사명교차전파
36,(주)한국팩키지,affiliate_addr,,경기도 안산시 단원구 해안로 227,R3_사명교차전파
36,(주)한국팩키지,affiliate_region,,경기,R3_사명교차전파
37,해성디에스(주),affiliate_addr,,서울특별시 강남구 테헤란로 508 (해성2빌딩) 8층,R3_사명교차전파
37,해성디에스(주),affiliate_region,,서울,R3_사명교차전파
47,한덕철광산업(주),affiliate_addr,,강원도 정선군 신동읍 조동1길 154,R3_사명교차전파
47,한덕철광산업(주),affiliate_region,,강원,R3_사명교차전파
56,(주)제주해양과학관,affiliate_addr,,제주특별자치도 서귀포시 섭지코지로 95,R3_사명교차전파
56,(주)제주해양과학관,affiliate_region,,제주,R3_사명교차전파
57,(주)한화도시개발,affiliate_addr,,충남 아산시 둔포면 해위안길 62번길 16 (신항리),R3_사명교차전파
57,(주)한화도시개발,affiliate_region,,충남,R3_사명교차전파
59,(주)한화갤러리아타임월드,affiliate_addr,,대전광역시 서구 대덕대로 211 (둔산동 갤러리아타임월드백화점),R3_사명교차전파
59,(주)한화갤러리아타임월드,affiliate_region,,대전,R3_사명교차전파
63,한화시스템(주),affiliate_addr,,경상북도 구미시 1공단로 244,R3_사명교차전파
63,한화시스템(주),affiliate_region,,경북,R3_사명교차전파
64,한화에어로스페이스(주),affiliate_addr,,경남 창원시 성산구 창원대로 1204 (성주동),R3_사명교차전파
64,한화에어로스페이스(주),affiliate_region,,경남,R3_사명교차전파
68,(주)동원에프앤비,affiliate_addr,,서울특별시 서초구 마방로 68,R3_사명교차전파
68,(주)동원에프앤비,affiliate_region,,서울,R3_사명교차전파
70,동원팜스(주),affiliate_addr,,충청남도 논산시 가야곡면 동안로 1281,R3_사명교차전파
70,동원팜스(주),affiliate_region,,충남,R3_사명교차전파
72,동원로엑스(주),affiliate_addr,,서울 서초구 마방로68(양재동) 동원산업빌딩,R3_사명교차전파
72,동원로엑스(주),affiliate_region,,서울,R3_사명교차전파
73,동원건설산업(주),affiliate_addr,,경기도 안양시 동안구 시민대로 327번길 7-512,R3_사명교차전파
73,동원건설산업(주),affiliate_region,,경기,R3_사명교차전파
74,동원시스템즈(주),affiliate_addr,,성남시 중원구 갈마치로 302,R3_사명교차전파
74,동원시스템즈(주),affiliate_region,,충남,R3_사명교차전파
75,(주)동원홈푸드,affiliate_addr,,서울특별시 서초구 마방로 68,R3_사명교차전파
75,(주)동원홈푸드,affiliate_region,,서울,R3_사명교차전파
76,동원로엑스냉장(주),affiliate_addr,,부산광역시 중구 중앙대로 70,R3_사명교차전파
76,동원로엑스냉장(주),affiliate_region,,부산,R3_사명교차전파
83,(주)제주해양과학관,affiliate_addr,,제주특별자치도 서귀포시 섭지코지로 95,R3_사명교차전파
83,(주)제주해양과학관,affiliate_region,,제주,R3_사명교차전파
84,(주)한화도시개발,affiliate_addr,,충남 아산시 둔포면 해위안길 62번길 16 (신항리),R3_사명교차전파
84,(주)한화도시개발,affiliate_region,,충남,R3_사명교차전파
86,(주)한화갤러리아타임월드,affiliate_addr,,대전광역시 서구 대덕대로 211 (둔산동 갤러리아타임월드백화점),R3_사명교차전파
86,(주)한화갤러리아타임월드,affiliate_region,,대전,R3_사명교차전파
90,한화시스템(주),affiliate_addr,,경상북도 구미시 1공단로 244,R3_사명교차전파
90,한화시스템(주),affiliate_region,,경북,R3_사명교차전파
91,한화에어로스페이스(주),affiliate_addr,,경남 창원시 성산구 창원대로 1204 (성주동),R3_사명교차전파
91,한화에어로스페이스(주),affiliate_region,,경남,R3_사명교차전파
103,(주)한텍,affiliate_addr,,울산광역시 울주군 온산읍 연자로 51,R3_사명교차전파
103,(주)한텍,affiliate_region,,울산,R3_사명교차전파
113,(주)하이프라자,affiliate_addr,,서울특별시 강서구 마곡중앙5로 18,R3_사명교차전파
113,(주)하이프라자,affiliate_region,,서울,R3_사명교차전파
118,(주)진에어,affiliate_addr,,서울특별시 강서구 공항대로 453,R3_사명교차전파
118,(주)진에어,affiliate_region,,서울,R3_사명교차전파
119,(주)왕산레저개발,affiliate_addr,,인천광역시 중구 왕산마리나길 143,R3_사명교차전파
119,(주)왕산레저개발,affiliate_region,,인천,R3_사명교차전파
120,한진인천컨테이너터미널(주),affiliate_addr,,인천 연수구 인천신항대로 777,R3_사명교차전파
120,한진인천컨테이너터미널(주),affiliate_region,,인천,R3_사명교차전파
124,엘에스글로벌인코퍼레이티드(주),affiliate_addr,,경기도 군포시 산본동 1026-8번지 중산빌딩 5층,R3_사명교차전파
124,엘에스글로벌인코퍼레이티드(주),affiliate_region,,경기,R3_사명교차전파
125,(주)베스트토요타,affiliate_addr,,- 주소 : 서울 용산구 한강대로 92 (한강로2가 LS용산타워1층) - 전화 : 02) 2122-7701 - 홈페이지 : http://www.toyotayongsan.co.kr,R3_사명교차전파
125,(주)베스트토요타,affiliate_region,,서울,R3_사명교차전파
126,(주)예스코,affiliate_addr,,서울특별시 성동구 자동차시장길 23,R3_사명교차전파
126,(주)예스코,affiliate_region,,서울,R3_사명교차전파
127,(주)지앤피,affiliate_addr,,충청북도 충주시 국원대로 448,R3_사명교차전파
127,(주)지앤피,affiliate_region,,충북,R3_사명교차전파
128,가온전선(주),affiliate_addr,,경기도 군포시 엘에스로 45번길 120,R3_사명교차전파
128,가온전선(주),affiliate_region,,경기,R3_사명교차전파
129,엘에스엠트론(주),affiliate_addr,,경기도 안양시 동안구 LS로 127,R3_사명교차전파
129,엘에스엠트론(주),affiliate_region,,경기,R3_사명교차전파
134,엘에스이브이코리아(주),affiliate_addr,,경기도 군포시 공단로140번길 27,R3_사명교차전파
134,엘에스이브이코리아(주),affiliate_region,,경기,R3_사명교차전파
135,(주)토리컴,affiliate_addr,,충청남도 아산시 둔포면 아산밸리동로 78,R3_사명교차전파
135,(주)토리컴,affiliate_region,,충남,R3_사명교차전파
136,(주)지알엠,affiliate_addr,,경기도 김포시 통진읍 김포대로 1979,R3_사명교차전파
136,(주)지알엠,affiliate_region,,경기,R3_사명교차전파
149,(주)신세계프라퍼티,affiliate_addr,,서울시 강남구 테헤란로 231 22층,R3_사명교차전파
149,(주)신세계프라퍼티,affiliate_region,,서울,R3_사명교차전파
151,(주)신세계디에프,affiliate_addr,,서울시 중구 퇴계로 77,R3_사명교차전파
151,(주)신세계디에프,affiliate_region,,서울,R3_사명교차전파
154,(주)신세계동대구복합환승센터,affiliate_addr,,대구시 동구 동부로 149,R3_사명교차전파
154,(주)신세계동대구복합환승센터,affiliate_region,,대구,R3_사명교차전파
155,(주)엔에스쇼핑,affiliate_addr,,경기 성남시 분당구 판교로 228번길 15,R3_사명교차전파
155,(주)엔에스쇼핑,affiliate_region,,경기,R3_사명교차전파
157,(주)참트레이딩,affiliate_addr,,서울 강남구 도산대로 130 6층,R3_사명교차전파
157,(주)참트레이딩,affiliate_region,,서울,R3_사명교차전파
161,(주)팜스코,affiliate_addr,,경기 안성시 미양면 제2공단 4길 33,R3_사명교차전파
161,(주)팜스코,affiliate_region,,경기,R3_사명교차전파
162,(주)하림산업,affiliate_addr,,전라북도 익산시 중앙로 121,R3_사명교차전파
162,(주)하림산업,affiliate_region,,전북,R3_사명교차전파
164,(주)선진에프에스,affiliate_addr,,경기 이천시 대월면 사동로 76,R3_사명교차전파
164,(주)선진에프에스,affiliate_region,,경기,R3_사명교차전파
165,(주)선진,affiliate_addr,,경기 이천시 대월면 사동로 76,R3_사명교차전파
165,(주)선진,affiliate_region,,경기,R3_사명교차전파
166,(주)농업회사법인팜스코바이오인티,affiliate_addr,,경기도 이천시 부발읍 부흥로 81번길 140-81,R3_사명교차전파
166,(주)농업회사법인팜스코바이오인티,affiliate_region,,경기,R3_사명교차전파
167,(주)선진햄,affiliate_addr,,충북 음성군 대소면 태생리 40-16,R3_사명교차전파
167,(주)선진햄,affiliate_region,,충북,R3_사명교차전파
169,(주)농업회사법인주원산오리,affiliate_addr,,충북 진천군 광혜원면 진광로 941-5,R3_사명교차전파
169,(주)농업회사법인주원산오리,affiliate_region,,충북,R3_사명교차전파
170,제일사료(주),affiliate_addr,,대전시 대덕구 대전로 1331번길 240,R3_사명교차전파
170,제일사료(주),affiliate_region,,대전,R3_사명교차전파
171,(주)하림,affiliate_addr,,전북 익산시 망성면 망성로 14,R3_사명교차전파
171,(주)하림,affiliate_region,,전북,R3_사명교차전파
172,(주)애그리로보텍,affiliate_addr,,경기 이천시 부발읍 신아로 58,R3_사명교차전파
172,(주)애그리로보텍,affiliate_region,,경기,R3_사명교차전파
182,(주)하이프라자,affiliate_addr,,서울특별시 강서구 마곡중앙5로 18,R3_사명교차전파
182,(주)하이프라자,affiliate_region,,서울,R3_사명교차전파
190,(주)테이팩스,affiliate_addr,,경기도 수원시 영통구 대학4로 17 8층 812813호,R3_사명교차전파
190,(주)테이팩스,affiliate_region,,경기,R3_사명교차전파
193,한솔페이퍼텍(주),affiliate_addr,,전남 담양군 대전면 대치7길 80,R3_사명교차전파
193,한솔페이퍼텍(주),affiliate_region,,전남,R3_사명교차전파
198,천안기업(주),affiliate_addr,,충남 천안시,R3_사명교차전파
198,천안기업(주),affiliate_region,,충남,R3_사명교차전파
200,현대개발(주),affiliate_addr,,광주시 광산구,R3_사명교차전파
200,현대개발(주),affiliate_region,,광주,R3_사명교차전파
201,동화기업(주),affiliate_addr,,전남 장성군,R3_사명교차전파
201,동화기업(주),affiliate_region,,전남,R3_사명교차전파
204,(주)삼천리모터스,affiliate_addr,,경기도 군포시 당정로27번길 11,R3_사명교차전파
204,(주)삼천리모터스,affiliate_region,,경기,R3_사명교차전파
210,삼성바이오로직스(주),affiliate_addr,,인천광역시 연수구,R3_사명교차전파
210,삼성바이오로직스(주),affiliate_region,,인천,R3_사명교차전파
211,삼성바이오에피스(주),affiliate_addr,,인천광역시 연수구,R3_사명교차전파
211,삼성바이오에피스(주),affiliate_region,,인천,R3_사명교차전파
213,삼성디스플레이(주),affiliate_addr,,경기도 용인시 기흥구 삼성로 1(농서동),R3_사명교차전파
213,삼성디스플레이(주),affiliate_region,,경기,R3_사명교차전파
214,세메스(주),affiliate_addr,,충청남도 천안시 서북구 직산읍 4산단5길 77,R3_사명교차전파
214,세메스(주),affiliate_region,,충남,R3_사명교차전파
219,씨제이올리브네트웍스(주),affiliate_addr,,서울특별시 용산구 한강대로 366 트윈시티 10층,R3_사명교차전파
219,씨제이올리브네트웍스(주),affiliate_region,,서울,R3_사명교차전파
220,씨제이씨지브이(주),affiliate_addr,,서울특별시 용산구 한강대로23길 55 아이파크몰 6층,R3_사명교차전파
220,씨제이씨지브이(주),affiliate_region,,서울,R3_사명교차전파
222,씨제이올리브영(주),affiliate_addr,,서울특별시 용산구 동자동 45 24층,R3_사명교차전파
222,씨제이올리브영(주),affiliate_region,,서울,R3_사명교차전파
223,씨제이포디플렉스(주),affiliate_addr,,서울시 용산구 한강대로 23길 55 아이파크몰 6층(한강로3가),R3_사명교차전파
223,씨제이포디플렉스(주),affiliate_region,,서울,R3_사명교차전파
224,씨제이프레시웨이(주),affiliate_addr,,경기도 용인시 기흥구 기곡로 32,R3_사명교차전파
224,씨제이프레시웨이(주),affiliate_region,,경기,R3_사명교차전파
225,아세아시멘트(주),affiliate_addr,,서울시 강남구 논현로 430,R3_사명교차전파
225,아세아시멘트(주),affiliate_region,,서울,R3_사명교차전파
226,제일산업(주),affiliate_addr,,경기도 화성시 양감면 은행나무로 456,R3_사명교차전파
226,제일산업(주),affiliate_region,,경기,R3_사명교차전파
227,한라시멘트(주),affiliate_addr,,강원도 강릉시 옥계면 산계길 225,R3_사명교차전파
227,한라시멘트(주),affiliate_region,,강원,R3_사명교차전파
228,아세아산업개발(주),affiliate_addr,,충청남도 공주시 우성면 방흥리 산32-9,R3_사명교차전파
228,아세아산업개발(주),affiliate_region,,충남,R3_사명교차전파
229,경산제지(주),affiliate_addr,,대구광역시 달성군 유가면 비슬로 96길 35,R3_사명교차전파
229,경산제지(주),affiliate_region,,대구,R3_사명교차전파
230,(주)에이팩,affiliate_addr,,경상남도 양산시 산막공단남5길 12,R3_사명교차전파
230,(주)에이팩,affiliate_region,,경남,R3_사명교차전파
237,(주)에프엠케이,affiliate_addr,,서울시 강남구,R3_사명교차전파
237,(주)에프엠케이,affiliate_region,,서울,R3_사명교차전파
252,현대캐피탈(주),affiliate_addr,,서울특별시 중구 세종대로 14,R3_사명교차전파
252,현대캐피탈(주),affiliate_region,,서울,R3_사명교차전파
254,현대엔지니어링(주),affiliate_addr,,서울시 종로구,R3_사명교차전파
254,현대엔지니어링(주),affiliate_region,,서울,R3_사명교차전파
257,현대종합특수강(주),affiliate_addr,,경기도 안양시 동안구 시민대로 161,R3_사명교차전파
257,현대종합특수강(주),affiliate_region,,경기,R3_사명교차전파
259,(주)지아이티,affiliate_addr,,서울시 송파구 마천로87 지아이티빌딩,R3_사명교차전파
259,(주)지아이티,affiliate_region,,서울,R3_사명교차전파
263,현대에코에너지(주),affiliate_addr,,충남 서산시,R3_사명교차전파
263,현대에코에너지(주),affiliate_region,,충남,R3_사명교차전파
265,현대로템(주),affiliate_addr,,경남 창원시 의창구 창원대로 488,R3_사명교차전파
265,현대로템(주),affiliate_region,,경남,R3_사명교차전파
275,한덕철광산업(주),affiliate_addr,,강원도 정선군 신동읍 조동1길 154,R3_사명교차전파
275,한덕철광산업(주),affiliate_region,,강원,R3_사명교차전파
287,한덕철광산업(주),affiliate_addr,,강원도 정선군 신동읍 조동1길 154,R3_사명교차전파
287,한덕철광산업(주),affiliate_region,,강원,R3_사명교차전파
299,미래에셋벤처투자(주),affiliate_addr,,경기도 성남시 분당구 판교역 로 241번길 20 지하1층 (삼평동 미래에셋벤처타워빌 딩),R3_사명교차전파
299,미래에셋벤처투자(주),affiliate_region,,경기,R3_사명교차전파
300,미래에셋생명보험(주),affiliate_addr,,서울특별시 영등포구 국제금융로 56 (여의도동 미래에셋증권빌딩),R3_사명교차전파
300,미래에셋생명보험(주),affiliate_region,,서울,R3_사명교차전파
303,보령컨슈머헬스케어 주식회사,affiliate_addr,,대한민국 서울시,R3_사명교차전파
303,보령컨슈머헬스케어 주식회사,affiliate_region,,서울,R3_사명교차전파
306,신한캐피탈(주),affiliate_addr,,경기도 안산시 단원구 당곡로 17,R3_사명교차전파
306,신한캐피탈(주),affiliate_region,,경기,R3_사명교차전파
309,하이트진로음료(주),affiliate_addr,,경기도 안산시 단원구 별망로79번길 55 (성곡동) ☎ 031-488-5516,R3_사명교차전파
309,하이트진로음료(주),affiliate_region,,경기,R3_사명교차전파
310,하이트진로산업(주),affiliate_addr,,경기도 안산시 단원구 별망로 79번길 55 (성곡동),R3_사명교차전파
310,하이트진로산업(주),affiliate_region,,경기,R3_사명교차전파
315,두산퓨얼셀(주),affiliate_addr,,전라북도 익산시 석암로7길 100,R3_사명교차전파
315,두산퓨얼셀(주),affiliate_region,,전북,R3_사명교차전파
317,오뚜기냉동식품(주),affiliate_addr,,경기도 파주시 파주읍 파발로 65,R3_사명교차전파
317,오뚜기냉동식품(주),affiliate_region,,경기,R3_사명교차전파
319,오뚜기라면(주),affiliate_addr,,경기도 평택시 안중읍 서해로 1427,R3_사명교차전파
319,오뚜기라면(주),affiliate_region,,경기,R3_사명교차전파
320,오뚜기제유(주),affiliate_addr,,충청북도 음성군 생극면 음성로 1506-27,R3_사명교차전파
320,오뚜기제유(주),affiliate_region,,충북,R3_사명교차전파
321,상미식품(주),affiliate_addr,,충청남도 천안시 동남구 수신면 수신로 503,R3_사명교차전파
321,상미식품(주),affiliate_region,,충남,R3_사명교차전파
333,롯데컬처웍스(주),affiliate_addr,,서울특별시 송파구 올림픽로 295 롯데월드타워 18층,R3_사명교차전파
333,롯데컬처웍스(주),affiliate_region,,서울,R3_사명교차전파
334,롯데위탁관리부동산투자회사(주),affiliate_addr,,서울특별시 송파구 올림픽로 300 롯데월드타워 30층,R3_사명교차전파
334,롯데위탁관리부동산투자회사(주),affiliate_region,,서울,R3_사명교차전파
335,롯데오토리스(주),affiliate_addr,,경기도 안양시 동안구 전파로 88 8층(호계동 신원비젼타워),R3_사명교차전파
335,롯데오토리스(주),affiliate_region,,경기,R3_사명교차전파
336,(주)백학음료,affiliate_addr,,경기도 연천군 백학면 장백로 589,R3_사명교차전파
336,(주)백학음료,affiliate_region,,경기,R3_사명교차전파
337,(주)충북소주,affiliate_addr,,충청북도 청주시 청원구 내수읍 우산길 57,R3_사명교차전파
337,(주)충북소주,affiliate_region,,충북,R3_사명교차전파
338,산청음료(주),affiliate_addr,,경상남도 산청군 시천면 남명로 59-61,R3_사명교차전파
338,산청음료(주),affiliate_region,,경남,R3_사명교차전파
342,대원정밀공업(주),affiliate_addr,,경기 안산시 단원구 범지기로 141번길 100,R3_사명교차전파
342,대원정밀공업(주),affiliate_region,,경기,R3_사명교차전파
343,(주)삼원강재,affiliate_addr,,경북 포항시 남구 대송면 동국로66번길 40,R3_사명교차전파
343,(주)삼원강재,affiliate_region,,경북,R3_사명교차전파
349,삼성바이오로직스(주),affiliate_addr,,인천광역시 연수구,R3_사명교차전파
349,삼성바이오로직스(주),affiliate_region,,인천,R3_사명교차전파
350,삼성바이오에피스(주),affiliate_addr,,인천광역시 연수구,R3_사명교차전파
350,삼성바이오에피스(주),affiliate_region,,인천,R3_사명교차전파
352,삼성디스플레이(주),affiliate_addr,,경기도 용인시 기흥구 삼성로 1(농서동),R3_사명교차전파
352,삼성디스플레이(주),affiliate_region,,경기,R3_사명교차전파
353,세메스(주),affiliate_addr,,충청남도 천안시 서북구 직산읍 4산단5길 77,R3_사명교차전파
353,세메스(주),affiliate_region,,충남,R3_사명교차전파
362,(주)테이팩스,affiliate_addr,,경기도 수원시 영통구 대학4로 17 8층 812813호,R3_사명교차전파
362,(주)테이팩스,affiliate_region,,경기,R3_사명교차전파
365,한솔페이퍼텍(주),affiliate_addr,,전남 담양군 대전면 대치7길 80,R3_사명교차전파
365,한솔페이퍼텍(주),affiliate_region,,전남,R3_사명교차전파
369,동아제약(주),affiliate_addr,,서울 동대문구 천호대로 64,R3_사명교차전파
369,동아제약(주),affiliate_region,,서울,R3_사명교차전파
374,오뚜기냉동식품(주),affiliate_addr,,경기도 파주시 파주읍 파발로 65,R3_사명교차전파
374,오뚜기냉동식품(주),affiliate_region,,경기,R3_사명교차전파
376,오뚜기라면(주),affiliate_addr,,경기도 평택시 안중읍 서해로 1427,R3_사명교차전파
376,오뚜기라면(주),affiliate_region,,경기,R3_사명교차전파
377,오뚜기제유(주),affiliate_addr,,충청북도 음성군 생극면 음성로 1506-27,R3_사명교차전파
377,오뚜기제유(주),affiliate_region,,충북,R3_사명교차전파
378,상미식품(주),affiliate_addr,,충청남도 천안시 동남구 수신면 수신로 503,R3_사명교차전파
378,상미식품(주),affiliate_region,,충남,R3_사명교차전파
390,한덕철광산업(주),affiliate_addr,,강원도 정선군 신동읍 조동1길 154,R3_사명교차전파
390,한덕철광산업(주),affiliate_region,,강원,R3_사명교차전파
394,(주)한주,affiliate_addr,,울산광역시 남구 사평로 60 (부곡동 625번지),R3_사명교차전파
394,(주)한주,affiliate_region,,울산,R3_사명교차전파
395,(주)코리아에어텍,affiliate_addr,,울산광역시 울주군 온산읍 온산로 134 (처용리),R3_사명교차전파
395,(주)코리아에어텍,affiliate_region,,울산,R3_사명교차전파
398,(주)삼양사,affiliate_addr,,서울특별시 종로구 종로33길 31,R3_사명교차전파
398,(주)삼양사,affiliate_region,,서울,R3_사명교차전파
400,(주)삼양패키징,affiliate_addr,,서울시 종로구 종로 33길 31,R3_사명교차전파
400,(주)삼양패키징,affiliate_region,,서울,R3_사명교차전파
407,(주)한국팩키지,affiliate_addr,,경기도 안산시 단원구 해안로 227,R3_사명교차전파
407,(주)한국팩키지,affiliate_region,,경기,R3_사명교차전파
408,해성디에스(주),affiliate_addr,,서울특별시 강남구 테헤란로 508 (해성2빌딩) 8층,R3_사명교차전파
408,해성디에스(주),affiliate_region,,서울,R3_사명교차전파
411,하이트진로음료(주),affiliate_addr,,경기도 안산시 단원구 별망로79번길 55 (성곡동) ☎ 031-488-5516,R3_사명교차전파
411,하이트진로음료(주),affiliate_region,,경기,R3_사명교차전파
412,하이트진로산업(주),affiliate_addr,,경기도 안산시 단원구 별망로 79번길 55 (성곡동),R3_사명교차전파
412,하이트진로산업(주),affiliate_region,,경기,R3_사명교차전파
420,(주)신세계프라퍼티,affiliate_addr,,서울시 강남구 테헤란로 231 22층,R3_사명교차전파
420,(주)신세계프라퍼티,affiliate_region,,서울,R3_사명교차전파
422,(주)신세계디에프,affiliate_addr,,서울시 중구 퇴계로 77,R3_사명교차전파
422,(주)신세계디에프,affiliate_region,,서울,R3_사명교차전파
425,(주)신세계동대구복합환승센터,affiliate_addr,,대구시 동구 동부로 149,R3_사명교차전파
425,(주)신세계동대구복합환승센터,affiliate_region,,대구,R3_사명교차전파
428,케이비아이알로이(주),affiliate_addr,,충남 아산시 남성길 256,R3_사명교차전파
428,케이비아이알로이(주),affiliate_region,,충남,R3_사명교차전파
442,(주)제주항공,affiliate_addr,,제주특별자치도 제주시 신대로 64 (연동건설공제회관3층),R3_사명교차전파
442,(주)제주항공,affiliate_region,,제주,R3_사명교차전파
449,(주)에프엠케이,affiliate_addr,,서울시 강남구,R3_사명교차전파
449,(주)에프엠케이,affiliate_region,,서울,R3_사명교차전파
464,코오롱베니트(주),affiliate_addr,,경기도 과천시 별양동 1-23,R3_사명교차전파
464,코오롱베니트(주),affiliate_region,,경기,R3_사명교차전파
471,동국시스템즈(주),affiliate_addr,,서울특별시 중구 을지로 5길 19 (페럼타워),R3_사명교차전파
471,동국시스템즈(주),affiliate_region,,서울,R3_사명교차전파
472,인터지스(주),affiliate_addr,,부산광역시 중구 충장대로 9번길 52 마린센터 13층,R3_사명교차전파
472,인터지스(주),affiliate_region,,부산,R3_사명교차전파
477,지에스엠비즈(주),affiliate_addr,,서울특별시 영등포구 선유로43길 19,R3_사명교차전파
477,지에스엠비즈(주),affiliate_region,,서울,R3_사명교차전파
478,지에스바이오(주),affiliate_addr,,전라남도 여수시 여수산단로 923-106,R3_사명교차전파
478,지에스바이오(주),affiliate_region,,전남,R3_사명교차전파
494,지에스엠비즈(주),affiliate_addr,,서울특별시 영등포구 선유로43길 19,R3_사명교차전파
494,지에스엠비즈(주),affiliate_region,,서울,R3_사명교차전파
495,지에스바이오(주),affiliate_addr,,전라남도 여수시 여수산단로 923-106,R3_사명교차전파
495,지에스바이오(주),affiliate_region,,전남,R3_사명교차전파
516,롯데컬처웍스(주),affiliate_addr,,서울특별시 송파구 올림픽로 295 롯데월드타워 18층,R3_사명교차전파
516,롯데컬처웍스(주),affiliate_region,,서울,R3_사명교차전파
517,롯데위탁관리부동산투자회사(주),affiliate_addr,,서울특별시 송파구 올림픽로 300 롯데월드타워 30층,R3_사명교차전파
517,롯데위탁관리부동산투자회사(주),affiliate_region,,서울,R3_사명교차전파
518,롯데오토리스(주),affiliate_addr,,경기도 안양시 동안구 전파로 88 8층(호계동 신원비젼타워),R3_사명교차전파
518,롯데오토리스(주),affiliate_region,,경기,R3_사명교차전파
519,(주)백학음료,affiliate_addr,,경기도 연천군 백학면 장백로 589,R3_사명교차전파
519,(주)백학음료,affiliate_region,,경기,R3_사명교차전파
520,(주)충북소주,affiliate_addr,,충청북도 청주시 청원구 내수읍 우산길 57,R3_사명교차전파
520,(주)충북소주,affiliate_region,,충북,R3_사명교차전파
521,산청음료(주),affiliate_addr,,경상남도 산청군 시천면 남명로 59-61,R3_사명교차전파
521,산청음료(주),affiliate_region,,경남,R3_사명교차전파
533,코오롱베니트(주),affiliate_addr,,경기도 과천시 별양동 1-23,R3_사명교차전파
533,코오롱베니트(주),affiliate_region,,경기,R3_사명교차전파
552,현대캐피탈(주),affiliate_addr,,서울특별시 중구 세종대로 14,R3_사명교차전파
552,현대캐피탈(주),affiliate_region,,서울,R3_사명교차전파
554,현대엔지니어링(주),affiliate_addr,,서울시 종로구,R3_사명교차전파
554,현대엔지니어링(주),affiliate_region,,서울,R3_사명교차전파
557,현대종합특수강(주),affiliate_addr,,경기도 안양시 동안구 시민대로 161,R3_사명교차전파
557,현대종합특수강(주),affiliate_region,,경기,R3_사명교차전파
559,(주)지아이티,affiliate_addr,,서울시 송파구 마천로87 지아이티빌딩,R3_사명교차전파
559,(주)지아이티,affiliate_region,,서울,R3_사명교차전파
563,현대에코에너지(주),affiliate_addr,,충남 서산시,R3_사명교차전파
563,현대에코에너지(주),affiliate_region,,충남,R3_사명교차전파
565,현대로템(주),affiliate_addr,,경남 창원시 의창구 창원대로 488,R3_사명교차전파
565,현대로템(주),affiliate_region,,경남,R3_사명교차전파
578,나래에너지서비스(주),affiliate_addr,,서울시 종로구 서린동 88 한국화장품 건물 2층 위례에너지서비스,R3_사명교차전파
578,나래에너지서비스(주),affiliate_region,,서울,R3_사명교차전파
581,에스케이넥실리스,affiliate_addr,,전라북도 정읍시 북면 3산단2길 2,R3_사명교차전파
581,에스케이넥실리스,affiliate_region,,전북,R3_사명교차전파
582,SK인천석유화학(주),affiliate_addr,,인천 서구 봉수대로 415,R3_사명교차전파
582,SK인천석유화학(주),affiliate_region,,인천,R3_사명교차전파
583,SKC(주),affiliate_addr,,경기 수원시 장안구 장안로 309번길 84,R3_사명교차전파
583,SKC(주),affiliate_region,,경기,R3_사명교차전파
584,SK네트웍스(주),affiliate_addr,,경기도 수원시 장안구 경수대로 795,R3_사명교차전파
584,SK네트웍스(주),affiliate_region,,경기,R3_사명교차전파
589,SK네트웍스서비스(주),affiliate_addr,,경기도 수원시 팔달구 인계로 166번길 48-21,R3_사명교차전파
589,SK네트웍스서비스(주),affiliate_region,,경기,R3_사명교차전파
590,강원도시가스(주),affiliate_addr,,강원 춘천시 삭주로 163,R3_사명교차전파
590,강원도시가스(주),affiliate_region,,강원,R3_사명교차전파
591,충청에너지서비스(주),affiliate_addr,,충북 청주시 흥덕구 산단로 244,R3_사명교차전파
591,충청에너지서비스(주),affiliate_region,,충북,R3_사명교차전파
603,한일시멘트(주),affiliate_addr,,서울시 서초구 서초동 1587,R3_사명교차전파
603,한일시멘트(주),affiliate_region,,서울,R3_사명교차전파
612,(주)삼아벤처,affiliate_addr,,충북 진천군 이월면 이덕로 566,R3_사명교차전파
612,(주)삼아벤처,affiliate_region,,충북,R3_사명교차전파
613,농업회사법인(주)사조원,affiliate_addr,,전북 김제시 금산면 구성6길 122,R3_사명교차전파
613,농업회사법인(주)사조원,affiliate_region,,전북,R3_사명교차전파
616,대신에프앤아이(주),affiliate_addr,,서울특별시 중구 삼일대로 343 (저동1가 대신파이낸스센터),R3_사명교차전파
616,대신에프앤아이(주),affiliate_region,,서울,R3_사명교차전파
623,메가박스중앙(주),affiliate_addr,,서울시 성동구 왕십리로 50,R3_사명교차전파
623,메가박스중앙(주),affiliate_region,,서울,R3_사명교차전파
635,청진이삼프로젝트(주),affiliate_addr,,서울시 종로구 종로3길 17(청진동),R3_사명교차전파
635,청진이삼프로젝트(주),affiliate_region,,서울,R3_사명교차전파
643,현대캐피탈(주),affiliate_addr,,서울특별시 중구 세종대로 14,R3_사명교차전파
643,현대캐피탈(주),affiliate_region,,서울,R3_사명교차전파
645,현대엔지니어링(주),affiliate_addr,,서울시 종로구,R3_사명교차전파
645,현대엔지니어링(주),affiliate_region,,서울,R3_사명교차전파
648,현대종합특수강(주),affiliate_addr,,경기도 안양시 동안구 시민대로 161,R3_사명교차전파
648,현대종합특수강(주),affiliate_region,,경기,R3_사명교차전파
650,(주)지아이티,affiliate_addr,,서울시 송파구 마천로87 지아이티빌딩,R3_사명교차전파
650,(주)지아이티,affiliate_region,,서울,R3_사명교차전파
654,현대에코에너지(주),affiliate_addr,,충남 서산시,R3_사명교차전파
654,현대에코에너지(주),affiliate_region,,충남,R3_사명교차전파
656,현대로템(주),affiliate_addr,,경남 창원시 의창구 창원대로 488,R3_사명교차전파
656,현대로템(주),affiliate_region,,경남,R3_사명교차전파
658,(주)코리아써키트,affiliate_addr,,경기 안산시 단원구 강촌로 139번길 9,R3_사명교차전파
658,(주)코리아써키트,affiliate_region,,경기,R3_사명교차전파
659,켐코(주),affiliate_addr,,서울특별시 종로구 종로 33 그랑서울,R3_사명교차전파
659,켐코(주),affiliate_region,,서울,R3_사명교차전파
660,영풍전자(주),affiliate_addr,,경기 안산시 단원구 범지기로 141번길 62,R3_사명교차전파
660,영풍전자(주),affiliate_region,,경기,R3_사명교차전파
666,삼표자원개발(주),affiliate_addr,,강원도 삼척시 근덕면 시목길 225,R3_사명교차전파
666,삼표자원개발(주),affiliate_region,,강원,R3_사명교차전파
667,삼표해운(주),affiliate_addr,,부산광역시 서구 원양로 268(암남동),R3_사명교차전파
667,삼표해운(주),affiliate_region,,부산,R3_사명교차전파
680,롯데컬처웍스(주),affiliate_addr,,서울특별시 송파구 올림픽로 295 롯데월드타워 18층,R3_사명교차전파
680,롯데컬처웍스(주),affiliate_region,,서울,R3_사명교차전파
681,롯데위탁관리부동산투자회사(주),affiliate_addr,,서울특별시 송파구 올림픽로 300 롯데월드타워 30층,R3_사명교차전파
681,롯데위탁관리부동산투자회사(주),affiliate_region,,서울,R3_사명교차전파
682,롯데오토리스(주),affiliate_addr,,경기도 안양시 동안구 전파로 88 8층(호계동 신원비젼타워),R3_사명교차전파
682,롯데오토리스(주),affiliate_region,,경기,R3_사명교차전파
683,(주)백학음료,affiliate_addr,,경기도 연천군 백학면 장백로 589,R3_사명교차전파
683,(주)백학음료,affiliate_region,,경기,R3_사명교차전파
684,(주)충북소주,affiliate_addr,,충청북도 청주시 청원구 내수읍 우산길 57,R3_사명교차전파
684,(주)충북소주,affiliate_region,,충북,R3_사명교차전파
685,산청음료(주),affiliate_addr,,경상남도 산청군 시천면 남명로 59-61,R3_사명교차전파
685,산청음료(주),affiliate_region,,경남,R3_사명교차전파
692,씨제이올리브네트웍스(주),affiliate_addr,,서울특별시 용산구 한강대로 366 트윈시티 10층,R3_사명교차전파
692,씨제이올리브네트웍스(주),affiliate_region,,서울,R3_사명교차전파
693,씨제이씨지브이(주),affiliate_addr,,서울특별시 용산구 한강대로23길 55 아이파크몰 6층,R3_사명교차전파
693,씨제이씨지브이(주),affiliate_region,,서울,R3_사명교차전파
695,씨제이올리브영(주),affiliate_addr,,서울특별시 용산구 동자동 45 24층,R3_사명교차전파
695,씨제이올리브영(주),affiliate_region,,서울,R3_사명교차전파
696,씨제이포디플렉스(주),affiliate_addr,,서울시 용산구 한강대로 23길 55 아이파크몰 6층(한강로3가),R3_사명교차전파
696,씨제이포디플렉스(주),affiliate_region,,서울,R3_사명교차전파
697,씨제이프레시웨이(주),affiliate_addr,,경기도 용인시 기흥구 기곡로 32,R3_사명교차전파
697,씨제이프레시웨이(주),affiliate_region,,경기,R3_사명교차전파
702,지에스엠비즈(주),affiliate_addr,,서울특별시 영등포구 선유로43길 19,R3_사명교차전파
702,지에스엠비즈(주),affiliate_region,,서울,R3_사명교차전파
703,지에스바이오(주),affiliate_addr,,전라남도 여수시 여수산단로 923-106,R3_사명교차전파
703,지에스바이오(주),affiliate_region,,전남,R3_사명교차전파
724,청진이삼프로젝트(주),affiliate_addr,,서울시 종로구 종로3길 17(청진동),R3_사명교차전파
724,청진이삼프로젝트(주),affiliate_region,,서울,R3_사명교차전파
732,현대캐피탈(주),affiliate_addr,,서울특별시 중구 세종대로 14,R3_사명교차전파
732,현대캐피탈(주),affiliate_region,,서울,R3_사명교차전파
734,현대엔지니어링(주),affiliate_addr,,서울시 종로구,R3_사명교차전파
734,현대엔지니어링(주),affiliate_region,,서울,R3_사명교차전파
737,현대종합특수강(주),affiliate_addr,,경기도 안양시 동안구 시민대로 161,R3_사명교차전파
737,현대종합특수강(주),affiliate_region,,경기,R3_사명교차전파
739,(주)지아이티,affiliate_addr,,서울시 송파구 마천로87 지아이티빌딩,R3_사명교차전파
739,(주)지아이티,affiliate_region,,서울,R3_사명교차전파
743,현대에코에너지(주),affiliate_addr,,충남 서산시,R3_사명교차전파
743,현대에코에너지(주),affiliate_region,,충남,R3_사명교차전파
745,현대로템(주),affiliate_addr,,경남 창원시 의창구 창원대로 488,R3_사명교차전파
745,현대로템(주),affiliate_region,,경남,R3_사명교차전파
752,디케이동신(주),affiliate_addr,,경북 포항시 남구 대송로 154,R3_사명교차전파
752,디케이동신(주),affiliate_region,,경북,R3_사명교차전파
773,훼미리식품(주),affiliate_addr,,서울시 용산구,R3_사명교차전파
773,훼미리식품(주),affiliate_region,,서울,R3_사명교차전파
774,(주)크라운제과,affiliate_addr,,서울시 용산구,R3_사명교차전파
774,(주)크라운제과,affiliate_region,,서울,R3_사명교차전파
775,해태제과식품(주),affiliate_addr,,충청남도 천안시,R3_사명교차전파
775,해태제과식품(주),affiliate_region,,충남,R3_사명교차전파
777,엠즈씨드(주),affiliate_addr,,서울특별시 강남구 도산대로 75길 20,R3_사명교차전파
777,엠즈씨드(주),affiliate_region,,서울,R3_사명교차전파
778,매일유업(주),affiliate_addr,,서울특별시 종로구 종로1길 50,R3_사명교차전파
778,매일유업(주),affiliate_region,,서울,R3_사명교차전파
779,엠즈푸드시스템(주),affiliate_addr,,경기도 용인시 남사면 통삼로 282-21,R3_사명교차전파
779,엠즈푸드시스템(주),affiliate_region,,경기,R3_사명교차전파
781,(주)케이이씨,affiliate_addr,,서울시 서초구 마방로 10길 5,R3_사명교차전파
781,(주)케이이씨,affiliate_region,,서울,R3_사명교차전파
791,(주)삼아벤처,affiliate_addr,,충북 진천군 이월면 이덕로 566,R3_사명교차전파
791,(주)삼아벤처,affiliate_region,,충북,R3_사명교차전파
792,농업회사법인(주)사조원,affiliate_addr,,전북 김제시 금산면 구성6길 122,R3_사명교차전파
792,농업회사법인(주)사조원,affiliate_region,,전북,R3_사명교차전파
793,무림캐피탈(주),affiliate_addr,,서울시 종로구,R3_사명교차전파
793,무림캐피탈(주),affiliate_region,,서울,R3_사명교차전파
795,무림P&P(주),affiliate_addr,,울산광역시 울주군,R3_사명교차전파
795,무림P&P(주),affiliate_region,,울산,R3_사명교차전파
797,무림파워텍(주),affiliate_addr,,경상남도 진주시,R3_사명교차전파
797,무림파워텍(주),affiliate_region,,경남,R3_사명교차전파
801,동아제약(주),affiliate_addr,,서울 동대문구 천호대로 64,R3_사명교차전파
801,동아제약(주),affiliate_region,,서울,R3_사명교차전파
807,(주)진에어,affiliate_addr,,서울특별시 강서구 공항대로 453,R3_사명교차전파
807,(주)진에어,affiliate_region,,서울,R3_사명교차전파
808,(주)왕산레저개발,affiliate_addr,,인천광역시 중구 왕산마리나길 143,R3_사명교차전파
808,(주)왕산레저개발,affiliate_region,,인천,R3_사명교차전파
809,한진인천컨테이너터미널(주),affiliate_addr,,인천 연수구 인천신항대로 777,R3_사명교차전파
809,한진인천컨테이너터미널(주),affiliate_region,,인천,R3_사명교차전파
814,(주)녹십자엠에스,affiliate_addr,,경기도 용인시 기흥구 용구대로2469번길 15,R3_사명교차전파
814,(주)녹십자엠에스,affiliate_region,,경기,R3_사명교차전파
815,(주)녹십자웰빙,affiliate_addr,,서울시 성동구 왕십리로 241,R3_사명교차전파
815,(주)녹십자웰빙,affiliate_region,,서울,R3_사명교차전파
818,농업회사법인인백팜(주),affiliate_addr,,전남 화순군 화순읍 산단길 40,R3_사명교차전파
818,농업회사법인인백팜(주),affiliate_region,,전남,R3_사명교차전파
821,한일시멘트(주),affiliate_addr,,서울시 서초구 서초동 1587,R3_사명교차전파
821,한일시멘트(주),affiliate_region,,서울,R3_사명교차전파
830,(주)삼아벤처,affiliate_addr,,충북 진천군 이월면 이덕로 566,R3_사명교차전파
830,(주)삼아벤처,affiliate_region,,충북,R3_사명교차전파
831,농업회사법인(주)사조원,affiliate_addr,,전북 김제시 금산면 구성6길 122,R3_사명교차전파
831,농업회사법인(주)사조원,affiliate_region,,전북,R3_사명교차전파
832,(주)하츠,affiliate_addr,,경기도 평택시 진위면 동부대로 202,R3_사명교차전파
832,(주)하츠,affiliate_region,,경기,R3_사명교차전파
852,(주)서연오토비전,affiliate_addr,,충청남도 당진시 합덕읍 거섬들 2길 45,R3_사명교차전파
852,(주)서연오토비전,affiliate_region,,충남,R3_사명교차전파
853,(주)서연인테크,affiliate_addr,,전북 익산시 석암로 17길 137,R3_사명교차전파
853,(주)서연인테크,affiliate_region,,전북,R3_사명교차전파
854,(주)서연씨엔에프,affiliate_addr,,울산시 울주군 두서면 전읍농공길 13(전읍리),R3_사명교차전파
854,(주)서연씨엔에프,affiliate_region,,울산,R3_사명교차전파
855,(주)파라다이스세가사미,affiliate_addr,,인천광역시,R3_사명교차전파
855,(주)파라다이스세가사미,affiliate_region,,인천,R3_사명교차전파
862,케이씨(주),affiliate_addr,,경기도 안성시 미양면 제2공단3길 30 -,R3_사명교차전파
862,케이씨(주),affiliate_region,,경기,R3_사명교차전파
862,케이씨(주),affiliate_sicNm,,반도체 제조용 기계 제조업,R3_사명교차전파
870,메리츠캐피탈(주),affiliate_addr,,서울특별시 영등포구 국제금융로 10 Three IFC 23층,R3_사명교차전파
870,메리츠캐피탈(주),affiliate_region,,서울,R3_사명교차전파
890,롯데컬처웍스(주),affiliate_addr,,서울특별시 송파구 올림픽로 295 롯데월드타워 18층,R3_사명교차전파
890,롯데컬처웍스(주),affiliate_region,,서울,R3_사명교차전파
891,롯데위탁관리부동산투자회사(주),affiliate_addr,,서울특별시 송파구 올림픽로 300 롯데월드타워 30층,R3_사명교차전파
891,롯데위탁관리부동산투자회사(주),affiliate_region,,서울,R3_사명교차전파
892,롯데오토리스(주),affiliate_addr,,경기도 안양시 동안구 전파로 88 8층(호계동 신원비젼타워),R3_사명교차전파
892,롯데오토리스(주),affiliate_region,,경기,R3_사명교차전파
893,(주)백학음료,affiliate_addr,,경기도 연천군 백학면 장백로 589,R3_사명교차전파
893,(주)백학음료,affiliate_region,,경기,R3_사명교차전파
894,(주)충북소주,affiliate_addr,,충청북도 청주시 청원구 내수읍 우산길 57,R3_사명교차전파
894,(주)충북소주,affiliate_region,,충북,R3_사명교차전파
895,산청음료(주),affiliate_addr,,경상남도 산청군 시천면 남명로 59-61,R3_사명교차전파
895,산청음료(주),affiliate_region,,경남,R3_사명교차전파
903,삼성바이오로직스(주),affiliate_addr,,인천광역시 연수구,R3_사명교차전파
903,삼성바이오로직스(주),affiliate_region,,인천,R3_사명교차전파
904,삼성바이오에피스(주),affiliate_addr,,인천광역시 연수구,R3_사명교차전파
904,삼성바이오에피스(주),affiliate_region,,인천,R3_사명교차전파
906,삼성디스플레이(주),affiliate_addr,,경기도 용인시 기흥구 삼성로 1(농서동),R3_사명교차전파
906,삼성디스플레이(주),affiliate_region,,경기,R3_사명교차전파
907,세메스(주),affiliate_addr,,충청남도 천안시 서북구 직산읍 4산단5길 77,R3_사명교차전파
907,세메스(주),affiliate_region,,충남,R3_사명교차전파
908,(주)에이치엠티메가라인,affiliate_addr,,서울시 중구 무교로15 남강타워14층,R3_사명교차전파
908,(주)에이치엠티메가라인,affiliate_region,,서울,R3_사명교차전파
909,케이엔로지스틱스(주),affiliate_addr,,경남 창원시 진해구 신항5로 15-41,R3_사명교차전파
909,케이엔로지스틱스(주),affiliate_region,,경남,R3_사명교차전파
916,(주)테이팩스,affiliate_addr,,경기도 수원시 영통구 대학4로 17 8층 812813호,R3_사명교차전파
916,(주)테이팩스,affiliate_region,,경기,R3_사명교차전파
919,한솔페이퍼텍(주),affiliate_addr,,전남 담양군 대전면 대치7길 80,R3_사명교차전파
919,한솔페이퍼텍(주),affiliate_region,,전남,R3_사명교차전파
920,코스모신소재(주),affiliate_addr,,충북 충주시 충주호수로 36,R3_사명교차전파
920,코스모신소재(주),affiliate_region,,충북,R3_사명교차전파
945,롯데컬처웍스(주),affiliate_addr,,서울특별시 송파구 올림픽로 295 롯데월드타워 18층,R3_사명교차전파
945,롯데컬처웍스(주),affiliate_region,,서울,R3_사명교차전파
946,롯데위탁관리부동산투자회사(주),affiliate_addr,,서울특별시 송파구 올림픽로 300 롯데월드타워 30층,R3_사명교차전파
946,롯데위탁관리부동산투자회사(주),affiliate_region,,서울,R3_사명교차전파
947,롯데오토리스(주),affiliate_addr,,경기도 안양시 동안구 전파로 88 8층(호계동 신원비젼타워),R3_사명교차전파
947,롯데오토리스(주),affiliate_region,,경기,R3_사명교차전파
948,(주)백학음료,affiliate_addr,,경기도 연천군 백학면 장백로 589,R3_사명교차전파
948,(주)백학음료,affiliate_region,,경기,R3_사명교차전파
949,(주)충북소주,affiliate_addr,,충청북도 청주시 청원구 내수읍 우산길 57,R3_사명교차전파
949,(주)충북소주,affiliate_region,,충북,R3_사명교차전파
950,산청음료(주),affiliate_addr,,경상남도 산청군 시천면 남명로 59-61,R3_사명교차전파
950,산청음료(주),affiliate_region,,경남,R3_사명교차전파
970,한일시멘트(주),affiliate_addr,,서울시 서초구 서초동 1587,R3_사명교차전파
970,한일시멘트(주),affiliate_region,,서울,R3_사명교차전파
976,(주)케이브랜즈,affiliate_addr,,경기도 성남시 수정구 창업로,R3_사명교차전파
976,(주)케이브랜즈,affiliate_region,,경기,R3_사명교차전파
986,(주)신세계프라퍼티,affiliate_addr,,서울시 강남구 테헤란로 231 22층,R3_사명교차전파
986,(주)신세계프라퍼티,affiliate_region,,서울,R3_사명교차전파
988,(주)신세계디에프,affiliate_addr,,서울시 중구 퇴계로 77,R3_사명교차전파
988,(주)신세계디에프,affiliate_region,,서울,R3_사명교차전파
991,(주)신세계동대구복합환승센터,affiliate_addr,,대구시 동구 동부로 149,R3_사명교차전파
991,(주)신세계동대구복합환승센터,affiliate_region,,대구,R3_사명교차전파
993,(주)코리아써키트,affiliate_addr,,경기 안산시 단원구 강촌로 139번길 9,R3_사명교차전파
993,(주)코리아써키트,affiliate_region,,경기,R3_사명교차전파
994,켐코(주),affiliate_addr,,서울특별시 종로구 종로 33 그랑서울,R3_사명교차전파
994,켐코(주),affiliate_region,,서울,R3_사명교차전파
995,영풍전자(주),affiliate_addr,,경기 안산시 단원구 범지기로 141번길 62,R3_사명교차전파
995,영풍전자(주),affiliate_region,,경기,R3_사명교차전파
1001,삼성바이오로직스(주),affiliate_addr,,인천광역시 연수구,R3_사명교차전파
1001,삼성바이오로직스(주),affiliate_region,,인천,R3_사명교차전파
1002,삼성바이오에피스(주),affiliate_addr,,인천광역시 연수구,R3_사명교차전파
1002,삼성바이오에피스(주),affiliate_region,,인천,R3_사명교차전파
1004,삼성디스플레이(주),affiliate_addr,,경기도 용인시 기흥구 삼성로 1(농서동),R3_사명교차전파
1004,삼성디스플레이(주),affiliate_region,,경기,R3_사명교차전파
1005,세메스(주),affiliate_addr,,충청남도 천안시 서북구 직산읍 4산단5길 77,R3_사명교차전파
1005,세메스(주),affiliate_region,,충남,R3_사명교차전파
1009,(주)나무경영아카데미,affiliate_addr,,서울 종로구 서린동 70,R3_사명교차전파
1009,(주)나무경영아카데미,affiliate_region,,서울,R3_사명교차전파
1028,(주)하이프라자,affiliate_addr,,서울특별시 강서구 마곡중앙5로 18,R3_사명교차전파
1028,(주)하이프라자,affiliate_region,,서울,R3_사명교차전파
1041,롯데컬처웍스(주),affiliate_addr,,서울특별시 송파구 올림픽로 295 롯데월드타워 18층,R3_사명교차전파
1041,롯데컬처웍스(주),affiliate_region,,서울,R3_사명교차전파
1042,롯데위탁관리부동산투자회사(주),affiliate_addr,,서울특별시 송파구 올림픽로 300 롯데월드타워 30층,R3_사명교차전파
1042,롯데위탁관리부동산투자회사(주),affiliate_region,,서울,R3_사명교차전파
1043,롯데오토리스(주),affiliate_addr,,경기도 안양시 동안구 전파로 88 8층(호계동 신원비젼타워),R3_사명교차전파
1043,롯데오토리스(주),affiliate_region,,경기,R3_사명교차전파
1044,(주)백학음료,affiliate_addr,,경기도 연천군 백학면 장백로 589,R3_사명교차전파
1044,(주)백학음료,affiliate_region,,경기,R3_사명교차전파
1045,(주)충북소주,affiliate_addr,,충청북도 청주시 청원구 내수읍 우산길 57,R3_사명교차전파
1045,(주)충북소주,affiliate_region,,충북,R3_사명교차전파
1046,산청음료(주),affiliate_addr,,경상남도 산청군 시천면 남명로 59-61,R3_사명교차전파
1046,산청음료(주),affiliate_region,,경남,R3_사명교차전파
1063,(주)제주해양과학관,affiliate_addr,,제주특별자치도 서귀포시 섭지코지로 95,R3_사명교차전파
1063,(주)제주해양과학관,affiliate_region,,제주,R3_사명교차전파
1064,(주)한화도시개발,affiliate_addr,,충남 아산시 둔포면 해위안길 62번길 16 (신항리),R3_사명교차전파
1064,(주)한화도시개발,affiliate_region,,충남,R3_사명교차전파
1066,(주)한화갤러리아타임월드,affiliate_addr,,대전광역시 서구 대덕대로 211 (둔산동 갤러리아타임월드백화점),R3_사명교차전파
1066,(주)한화갤러리아타임월드,affiliate_region,,대전,R3_사명교차전파
1070,한화시스템(주),affiliate_addr,,경상북도 구미시 1공단로 244,R3_사명교차전파
1070,한화시스템(주),affiliate_region,,경북,R3_사명교차전파
1071,한화에어로스페이스(주),affiliate_addr,,경남 창원시 성산구 창원대로 1204 (성주동),R3_사명교차전파
1071,한화에어로스페이스(주),affiliate_region,,경남,R3_사명교차전파
1076,(주)강원학교태양광,affiliate_addr,,강원도 강릉시 성덕포남로188번길 9(포남동),R3_사명교차전파
1076,(주)강원학교태양광,affiliate_region,,강원,R3_사명교차전파
1077,금호피앤비화학(주),affiliate_addr,,전남 여수시 여수산단2로 218,R3_사명교차전파
1077,금호피앤비화학(주),affiliate_region,,전남,R3_사명교차전파
1078,금호티앤엘(주),affiliate_addr,,전남 여수시 여수산단로 1469-100,R3_사명교차전파
1078,금호티앤엘(주),affiliate_region,,전남,R3_사명교차전파
1088,(주)하이프라자,affiliate_addr,,서울특별시 강서구 마곡중앙5로 18,R3_사명교차전파
1088,(주)하이프라자,affiliate_region,,서울,R3_사명교차전파
1097,(주)한국팩키지,affiliate_addr,,경기도 안산시 단원구 해안로 227,R3_사명교차전파
1097,(주)한국팩키지,affiliate_region,,경기,R3_사명교차전파
1098,해성디에스(주),affiliate_addr,,서울특별시 강남구 테헤란로 508 (해성2빌딩) 8층,R3_사명교차전파
1098,해성디에스(주),affiliate_region,,서울,R3_사명교차전파
1104,현대캐피탈(주),affiliate_addr,,서울특별시 중구 세종대로 14,R3_사명교차전파
1104,현대캐피탈(주),affiliate_region,,서울,R3_사명교차전파
1106,현대엔지니어링(주),affiliate_addr,,서울시 종로구,R3_사명교차전파
1106,현대엔지니어링(주),affiliate_region,,서울,R3_사명교차전파
1109,현대종합특수강(주),affiliate_addr,,경기도 안양시 동안구 시민대로 161,R3_사명교차전파
1109,현대종합특수강(주),affiliate_region,,경기,R3_사명교차전파
1111,(주)지아이티,affiliate_addr,,서울시 송파구 마천로87 지아이티빌딩,R3_사명교차전파
1111,(주)지아이티,affiliate_region,,서울,R3_사명교차전파
1115,현대에코에너지(주),affiliate_addr,,충남 서산시,R3_사명교차전파
1115,현대에코에너지(주),affiliate_region,,충남,R3_사명교차전파
1117,현대로템(주),affiliate_addr,,경남 창원시 의창구 창원대로 488,R3_사명교차전파
1117,현대로템(주),affiliate_region,,경남,R3_사명교차전파
1119,(주)경주환경에너지,affiliate_addr,,경상북도 경주시,R3_사명교차전파
1119,(주)경주환경에너지,affiliate_region,,경북,R3_사명교차전파
1120,(주)유성강업,affiliate_addr,,서울시 서초구,R3_사명교차전파
1120,(주)유성강업,affiliate_region,,서울,R3_사명교차전파
1122,(주)디케이씨,affiliate_addr,,전라북도 익산시 석암로 7길 73-4,R3_사명교차전파
1122,(주)디케이씨,affiliate_region,,전북,R3_사명교차전파
1137,씨제이올리브네트웍스(주),affiliate_addr,,서울특별시 용산구 한강대로 366 트윈시티 10층,R3_사명교차전파
1137,씨제이올리브네트웍스(주),affiliate_region,,서울,R3_사명교차전파
1138,씨제이씨지브이(주),affiliate_addr,,서울특별시 용산구 한강대로23길 55 아이파크몰 6층,R3_사명교차전파
1138,씨제이씨지브이(주),affiliate_region,,서울,R3_사명교차전파
1140,씨제이올리브영(주),affiliate_addr,,서울특별시 용산구 동자동 45 24층,R3_사명교차전파
1140,씨제이올리브영(주),affiliate_region,,서울,R3_사명교차전파
1141,씨제이포디플렉스(주),affiliate_addr,,서울시 용산구 한강대로 23길 55 아이파크몰 6층(한강로3가),R3_사명교차전파
1141,씨제이포디플렉스(주),affiliate_region,,서울,R3_사명교차전파
1142,씨제이프레시웨이(주),affiliate_addr,,경기도 용인시 기흥구 기곡로 32,R3_사명교차전파
1142,씨제이프레시웨이(주),affiliate_region,,경기,R3_사명교차전파
1147,청진이삼프로젝트(주),affiliate_addr,,서울시 종로구 종로3길 17(청진동),R3_사명교차전파
1147,청진이삼프로젝트(주),affiliate_region,,서울,R3_사명교차전파
1155,(주)이랜드파크,affiliate_addr,,강원도 고성군 토성면 신평골길 8-25,R3_사명교차전파
1155,(주)이랜드파크,affiliate_region,,강원,R3_사명교차전파
1156,(주)이월드,affiliate_addr,,대구광역시 달서구 두류공원로 200,R3_사명교차전파
1156,(주)이월드,affiliate_region,,대구,R3_사명교차전파
1160,동아제약(주),affiliate_addr,,서울 동대문구 천호대로 64,R3_사명교차전파
1160,동아제약(주),affiliate_region,,서울,R3_사명교차전파
1169,(주)제주해양과학관,affiliate_addr,,제주특별자치도 서귀포시 섭지코지로 95,R3_사명교차전파
1169,(주)제주해양과학관,affiliate_region,,제주,R3_사명교차전파
1170,(주)한화도시개발,affiliate_addr,,충남 아산시 둔포면 해위안길 62번길 16 (신항리),R3_사명교차전파
1170,(주)한화도시개발,affiliate_region,,충남,R3_사명교차전파
1172,(주)한화갤러리아타임월드,affiliate_addr,,대전광역시 서구 대덕대로 211 (둔산동 갤러리아타임월드백화점),R3_사명교차전파
1172,(주)한화갤러리아타임월드,affiliate_region,,대전,R3_사명교차전파
1176,한화시스템(주),affiliate_addr,,경상북도 구미시 1공단로 244,R3_사명교차전파
1176,한화시스템(주),affiliate_region,,경북,R3_사명교차전파
1177,한화에어로스페이스(주),affiliate_addr,,경남 창원시 성산구 창원대로 1204 (성주동),R3_사명교차전파
1177,한화에어로스페이스(주),affiliate_region,,경남,R3_사명교차전파
1182,보령컨슈머헬스케어 주식회사,affiliate_addr,,대한민국 서울시,R3_사명교차전파
1182,보령컨슈머헬스케어 주식회사,affiliate_region,,서울,R3_사명교차전파
1190,코오롱베니트(주),affiliate_addr,,경기도 과천시 별양동 1-23,R3_사명교차전파
1190,코오롱베니트(주),affiliate_region,,경기,R3_사명교차전파
1207,(주)테이팩스,affiliate_addr,,경기도 수원시 영통구 대학4로 17 8층 812813호,R3_사명교차전파
1207,(주)테이팩스,affiliate_region,,경기,R3_사명교차전파
1210,한솔페이퍼텍(주),affiliate_addr,,전남 담양군 대전면 대치7길 80,R3_사명교차전파
1210,한솔페이퍼텍(주),affiliate_region,,전남,R3_사명교차전파
1216,(주)삼아벤처,affiliate_addr,,충북 진천군 이월면 이덕로 566,R3_사명교차전파
1216,(주)삼아벤처,affiliate_region,,충북,R3_사명교차전파
1217,농업회사법인(주)사조원,affiliate_addr,,전북 김제시 금산면 구성6길 122,R3_사명교차전파
1217,농업회사법인(주)사조원,affiliate_region,,전북,R3_사명교차전파
1244,(주)신세계프라퍼티,affiliate_addr,,서울시 강남구 테헤란로 231 22층,R3_사명교차전파
1244,(주)신세계프라퍼티,affiliate_region,,서울,R3_사명교차전파
1246,(주)신세계디에프,affiliate_addr,,서울시 중구 퇴계로 77,R3_사명교차전파
1246,(주)신세계디에프,affiliate_region,,서울,R3_사명교차전파
1249,(주)신세계동대구복합환승센터,affiliate_addr,,대구시 동구 동부로 149,R3_사명교차전파
1249,(주)신세계동대구복합환승센터,affiliate_region,,대구,R3_사명교차전파
1259,(주)제주항공,affiliate_addr,,제주특별자치도 제주시 신대로 64 (연동건설공제회관3층),R3_사명교차전파
1259,(주)제주항공,affiliate_region,,제주,R3_사명교차전파
1263,(주)흥아로지스틱스,affiliate_addr,,서울시,R3_사명교차전파
1263,(주)흥아로지스틱스,affiliate_region,,서울,R3_사명교차전파
1275,(주)신세계프라퍼티,affiliate_addr,,서울시 강남구 테헤란로 231 22층,R3_사명교차전파
1275,(주)신세계프라퍼티,affiliate_region,,서울,R3_사명교차전파
1277,(주)신세계디에프,affiliate_addr,,서울시 중구 퇴계로 77,R3_사명교차전파
1277,(주)신세계디에프,affiliate_region,,서울,R3_사명교차전파
1280,(주)신세계동대구복합환승센터,affiliate_addr,,대구시 동구 동부로 149,R3_사명교차전파
1280,(주)신세계동대구복합환승센터,affiliate_region,,대구,R3_사명교차전파
1298,(주)삼아벤처,affiliate_addr,,충북 진천군 이월면 이덕로 566,R3_사명교차전파
1298,(주)삼아벤처,affiliate_region,,충북,R3_사명교차전파
1299,농업회사법인(주)사조원,affiliate_addr,,전북 김제시 금산면 구성6길 122,R3_사명교차전파
1299,농업회사법인(주)사조원,affiliate_region,,전북,R3_사명교차전파
1301,(주)경주환경에너지,affiliate_addr,,경상북도 경주시,R3_사명교차전파
1301,(주)경주환경에너지,affiliate_region,,경북,R3_사명교차전파
1302,(주)유성강업,affiliate_addr,,서울시 서초구,R3_사명교차전파
1302,(주)유성강업,affiliate_region,,서울,R3_사명교차전파
1309,삼성바이오로직스(주),affiliate_addr,,인천광역시 연수구,R3_사명교차전파
1309,삼성바이오로직스(주),affiliate_region,,인천,R3_사명교차전파
1310,삼성바이오에피스(주),affiliate_addr,,인천광역시 연수구,R3_사명교차전파
1310,삼성바이오에피스(주),affiliate_region,,인천,R3_사명교차전파
1312,삼성디스플레이(주),affiliate_addr,,경기도 용인시 기흥구 삼성로 1(농서동),R3_사명교차전파
1312,삼성디스플레이(주),affiliate_region,,경기,R3_사명교차전파
1313,세메스(주),affiliate_addr,,충청남도 천안시 서북구 직산읍 4산단5길 77,R3_사명교차전파
1313,세메스(주),affiliate_region,,충남,R3_사명교차전파
1323,한덕철광산업(주),affiliate_addr,,강원도 정선군 신동읍 조동1길 154,R3_사명교차전파
1323,한덕철광산업(주),affiliate_region,,강원,R3_사명교차전파
1326,일진디앤코(주),affiliate_addr,,서울시 마포구 마포대로 45,R3_사명교차전파
1326,일진디앤코(주),affiliate_region,,서울,R3_사명교차전파
1329,일진전기(주),affiliate_addr,,경기도 화성시 만년로 905-17,R3_사명교차전파
1329,일진전기(주),affiliate_region,,경기,R3_사명교차전파
1331,알피니언메디칼시스템(주),affiliate_addr,,경기도 화성시 만년로 905-17,R3_사명교차전파
1331,알피니언메디칼시스템(주),affiliate_region,,경기,R3_사명교차전파
1334,메가박스중앙(주),affiliate_addr,,서울시 성동구 왕십리로 50,R3_사명교차전파
1334,메가박스중앙(주),affiliate_region,,서울,R3_사명교차전파
1343,(주)제주해양과학관,affiliate_addr,,제주특별자치도 서귀포시 섭지코지로 95,R3_사명교차전파
1343,(주)제주해양과학관,affiliate_region,,제주,R3_사명교차전파
1344,(주)한화도시개발,affiliate_addr,,충남 아산시 둔포면 해위안길 62번길 16 (신항리),R3_사명교차전파
1344,(주)한화도시개발,affiliate_region,,충남,R3_사명교차전파
1346,(주)한화갤러리아타임월드,affiliate_addr,,대전광역시 서구 대덕대로 211 (둔산동 갤러리아타임월드백화점),R3_사명교차전파
1346,(주)한화갤러리아타임월드,affiliate_region,,대전,R3_사명교차전파
1350,한화시스템(주),affiliate_addr,,경상북도 구미시 1공단로 244,R3_사명교차전파
1350,한화시스템(주),affiliate_region,,경북,R3_사명교차전파
1351,한화에어로스페이스(주),affiliate_addr,,경남 창원시 성산구 창원대로 1204 (성주동),R3_사명교차전파
1351,한화에어로스페이스(주),affiliate_region,,경남,R3_사명교차전파
1356,(주)이랜드파크,affiliate_addr,,강원도 고성군 토성면 신평골길 8-25,R3_사명교차전파
1356,(주)이랜드파크,affiliate_region,,강원,R3_사명교차전파
1357,(주)이월드,affiliate_addr,,대구광역시 달서구 두류공원로 200,R3_사명교차전파
1357,(주)이월드,affiliate_region,,대구,R3_사명교차전파
1358,(주)풀무원푸드앤컬처,affiliate_addr,,서울 송파구 송파대로34길 29,R3_사명교차전파
1358,(주)풀무원푸드앤컬처,affiliate_region,,서울,R3_사명교차전파
1359,(주)푸드머스,affiliate_addr,,경기 용인시 처인구 원삼면 맹리로2번길 31,R3_사명교차전파
1359,(주)푸드머스,affiliate_region,,경기,R3_사명교차전파
1360,엑소후레쉬물류(주),affiliate_addr,,경기 용인시 기흥구 천명산로 2,R3_사명교차전파
1360,엑소후레쉬물류(주),affiliate_region,,경기,R3_사명교차전파
1361,(주)피피이씨춘천,affiliate_addr,,강원 춘천시 서면 당림리 602,R3_사명교차전파
1361,(주)피피이씨춘천,affiliate_region,,강원,R3_사명교차전파
1363,(주)피피이씨음성생면,affiliate_addr,,충북 음성군 대소면 삼양로 730-27,R3_사명교차전파
1363,(주)피피이씨음성생면,affiliate_region,,충북,R3_사명교차전파
1364,(주)피피이씨음성나물,affiliate_addr,,충북 음성군 대소면 삼양로 730-27,R3_사명교차전파
1364,(주)피피이씨음성나물,affiliate_region,,충북,R3_사명교차전파
1365,풀무원식품(주),affiliate_addr,,충북 음성군 대소면 삼양로 730-27,R3_사명교차전파
1365,풀무원식품(주),affiliate_region,,충북,R3_사명교차전파
1370,천안기업(주),affiliate_addr,,충남 천안시,R3_사명교차전파
1370,천안기업(주),affiliate_region,,충남,R3_사명교차전파
1372,현대개발(주),affiliate_addr,,광주시 광산구,R3_사명교차전파
1372,현대개발(주),affiliate_region,,광주,R3_사명교차전파
1373,동화기업(주),affiliate_addr,,전남 장성군,R3_사명교차전파
1373,동화기업(주),affiliate_region,,전남,R3_사명교차전파
1380,현대캐피탈(주),affiliate_addr,,서울특별시 중구 세종대로 14,R3_사명교차전파
1380,현대캐피탈(주),affiliate_region,,서울,R3_사명교차전파
1382,현대엔지니어링(주),affiliate_addr,,서울시 종로구,R3_사명교차전파
1382,현대엔지니어링(주),affiliate_region,,서울,R3_사명교차전파
1385,현대종합특수강(주),affiliate_addr,,경기도 안양시 동안구 시민대로 161,R3_사명교차전파
1385,현대종합특수강(주),affiliate_region,,경기,R3_사명교차전파
1387,(주)지아이티,affiliate_addr,,서울시 송파구 마천로87 지아이티빌딩,R3_사명교차전파
1387,(주)지아이티,affiliate_region,,서울,R3_사명교차전파
1391,현대에코에너지(주),affiliate_addr,,충남 서산시,R3_사명교차전파
1391,현대에코에너지(주),affiliate_region,,충남,R3_사명교차전파
1393,현대로템(주),affiliate_addr,,경남 창원시 의창구 창원대로 488,R3_사명교차전파
1393,현대로템(주),affiliate_region,,경남,R3_사명교차전파
1396,엘에스글로벌인코퍼레이티드(주),affiliate_addr,,경기도 군포시 산본동 1026-8번지 중산빌딩 5층,R3_사명교차전파
1396,엘에스글로벌인코퍼레이티드(주),affiliate_region,,경기,R3_사명교차전파
1397,(주)베스트토요타,affiliate_addr,,- 주소 : 서울 용산구 한강대로 92 (한강로2가 LS용산타워1층) - 전화 : 02) 2122-7701 - 홈페이지 : http://www.toyotayongsan.co.kr,R3_사명교차전파
1397,(주)베스트토요타,affiliate_region,,서울,R3_사명교차전파
1398,(주)예스코,affiliate_addr,,서울특별시 성동구 자동차시장길 23,R3_사명교차전파
1398,(주)예스코,affiliate_region,,서울,R3_사명교차전파
1399,(주)지앤피,affiliate_addr,,충청북도 충주시 국원대로 448,R3_사명교차전파
1399,(주)지앤피,affiliate_region,,충북,R3_사명교차전파
1400,가온전선(주),affiliate_addr,,경기도 군포시 엘에스로 45번길 120,R3_사명교차전파
1400,가온전선(주),affiliate_region,,경기,R3_사명교차전파
1401,엘에스엠트론(주),affiliate_addr,,경기도 안양시 동안구 LS로 127,R3_사명교차전파
1401,엘에스엠트론(주),affiliate_region,,경기,R3_사명교차전파
1406,엘에스이브이코리아(주),affiliate_addr,,경기도 군포시 공단로140번길 27,R3_사명교차전파
1406,엘에스이브이코리아(주),affiliate_region,,경기,R3_사명교차전파
1407,(주)토리컴,affiliate_addr,,충청남도 아산시 둔포면 아산밸리동로 78,R3_사명교차전파
1407,(주)토리컴,affiliate_region,,충남,R3_사명교차전파
1408,(주)지알엠,affiliate_addr,,경기도 김포시 통진읍 김포대로 1979,R3_사명교차전파
1408,(주)지알엠,affiliate_region,,경기,R3_사명교차전파
1416,선광신컨테이너터미널(주),affiliate_addr,,인천광역시 연수구 인천신항대로 707 운영동,R3_사명교차전파
1416,선광신컨테이너터미널(주),affiliate_region,,인천,R3_사명교차전파
1426,(주)하이프라자,affiliate_addr,,서울특별시 강서구 마곡중앙5로 18,R3_사명교차전파
1426,(주)하이프라자,affiliate_region,,서울,R3_사명교차전파
1429,케이아이에스정보통신(주),affiliate_addr,,서울특별시 구로구 새말로 97 센터포인트웨스트 22,R3_사명교차전파
1429,케이아이에스정보통신(주),affiliate_region,,서울,R3_사명교차전파
1431,나이스씨엠에스(주),affiliate_addr,,서울특별시 마포구 마포대로 130,R3_사명교차전파
1431,나이스씨엠에스(주),affiliate_region,,서울,R3_사명교차전파
1432,나이스페이먼츠(주),affiliate_addr,,서울특별시 영등포구 문래로28길 25 세미콜론문래N타워 9층,R3_사명교차전파
1432,나이스페이먼츠(주),affiliate_region,,서울,R3_사명교차전파
1435,(주)나이스엘엠에스,affiliate_addr,,충남 예산군 응봉면 응봉로 50-10 (지석리),R3_사명교차전파
1435,(주)나이스엘엠에스,affiliate_region,,충남,R3_사명교차전파
1440,이데일리(주),affiliate_addr,,서울특별시 중구 통일로 92 KG타워 18층 19층,R3_사명교차전파
1440,이데일리(주),affiliate_region,,서울,R3_사명교차전파
1442,(주)케이지에듀원,affiliate_addr,,서울시 중구 통일로 92 KG타워 12층,R3_사명교차전파
1442,(주)케이지에듀원,affiliate_region,,서울,R3_사명교차전파
1446,대용무역(주),affiliate_addr,,서울시 마포구 마포대로 19 1112층 (마포동 신화빌딩),R3_사명교차전파
1446,대용무역(주),affiliate_region,,서울,R3_사명교차전파
1456,(주)제주항공,affiliate_addr,,제주특별자치도 제주시 신대로 64 (연동건설공제회관3층),R3_사명교차전파
1456,(주)제주항공,affiliate_region,,제주,R3_사명교차전파
1458,(주)강원학교태양광,affiliate_addr,,강원도 강릉시 성덕포남로188번길 9(포남동),R3_사명교차전파
1458,(주)강원학교태양광,affiliate_region,,강원,R3_사명교차전파
1459,금호피앤비화학(주),affiliate_addr,,전남 여수시 여수산단2로 218,R3_사명교차전파
1459,금호피앤비화학(주),affiliate_region,,전남,R3_사명교차전파
1460,금호티앤엘(주),affiliate_addr,,전남 여수시 여수산단로 1469-100,R3_사명교차전파
1460,금호티앤엘(주),affiliate_region,,전남,R3_사명교차전파
1465,대성산업(주),affiliate_addr,,서울시 구로구 경인로 662,R3_사명교차전파
1465,대성산업(주),affiliate_region,,서울,R3_사명교차전파
1471,지에스엠비즈(주),affiliate_addr,,서울특별시 영등포구 선유로43길 19,R3_사명교차전파
1471,지에스엠비즈(주),affiliate_region,,서울,R3_사명교차전파
1472,지에스바이오(주),affiliate_addr,,전라남도 여수시 여수산단로 923-106,R3_사명교차전파
1472,지에스바이오(주),affiliate_region,,전남,R3_사명교차전파
1484,신한캐피탈(주),affiliate_addr,,경기도 안산시 단원구 당곡로 17,R3_사명교차전파
1484,신한캐피탈(주),affiliate_region,,경기,R3_사명교차전파
1497,나래에너지서비스(주),affiliate_addr,,서울시 종로구 서린동 88 한국화장품 건물 2층 위례에너지서비스,R3_사명교차전파
1497,나래에너지서비스(주),affiliate_region,,서울,R3_사명교차전파
1500,에스케이넥실리스,affiliate_addr,,전라북도 정읍시 북면 3산단2길 2,R3_사명교차전파
1500,에스케이넥실리스,affiliate_region,,전북,R3_사명교차전파
1501,SK인천석유화학(주),affiliate_addr,,인천 서구 봉수대로 415,R3_사명교차전파
1501,SK인천석유화학(주),affiliate_region,,인천,R3_사명교차전파
1502,SKC(주),affiliate_addr,,경기 수원시 장안구 장안로 309번길 84,R3_사명교차전파
1502,SKC(주),affiliate_region,,경기,R3_사명교차전파
1503,SK네트웍스(주),affiliate_addr,,경기도 수원시 장안구 경수대로 795,R3_사명교차전파
1503,SK네트웍스(주),affiliate_region,,경기,R3_사명교차전파
1508,SK네트웍스서비스(주),affiliate_addr,,경기도 수원시 팔달구 인계로 166번길 48-21,R3_사명교차전파
1508,SK네트웍스서비스(주),affiliate_region,,경기,R3_사명교차전파
1509,강원도시가스(주),affiliate_addr,,강원 춘천시 삭주로 163,R3_사명교차전파
1509,강원도시가스(주),affiliate_region,,강원,R3_사명교차전파
1510,충청에너지서비스(주),affiliate_addr,,충북 청주시 흥덕구 산단로 244,R3_사명교차전파
1510,충청에너지서비스(주),affiliate_region,,충북,R3_사명교차전파
1523,키움인베스트먼트(주),affiliate_addr,,서울 영등포구 의사당대로96 10층,R3_사명교차전파
1523,키움인베스트먼트(주),affiliate_region,,서울,R3_사명교차전파
1525,키움증권(주),affiliate_addr,,서울특별시 영등포구 의사당대로96,R3_사명교차전파
1525,키움증권(주),affiliate_region,,서울,R3_사명교차전파
1528,(주)와이즈버즈,affiliate_addr,,경기도 성남시 수정구 금토로69 5층(금토동 다우디지털스퀘어),R3_사명교차전파
1528,(주)와이즈버즈,affiliate_region,,경기,R3_사명교차전파
1530,키움캐피탈(주),affiliate_addr,,서울 영등포구 여의대로 66 17층,R3_사명교차전파
1530,키움캐피탈(주),affiliate_region,,서울,R3_사명교차전파
1540,케이아이에스정보통신(주),affiliate_addr,,서울특별시 구로구 새말로 97 센터포인트웨스트 22,R3_사명교차전파
1540,케이아이에스정보통신(주),affiliate_region,,서울,R3_사명교차전파
1542,나이스씨엠에스(주),affiliate_addr,,서울특별시 마포구 마포대로 130,R3_사명교차전파
1542,나이스씨엠에스(주),affiliate_region,,서울,R3_사명교차전파
1543,나이스페이먼츠(주),affiliate_addr,,서울특별시 영등포구 문래로28길 25 세미콜론문래N타워 9층,R3_사명교차전파
1543,나이스페이먼츠(주),affiliate_region,,서울,R3_사명교차전파
1546,(주)나이스엘엠에스,affiliate_addr,,충남 예산군 응봉면 응봉로 50-10 (지석리),R3_사명교차전파
1546,(주)나이스엘엠에스,affiliate_region,,충남,R3_사명교차전파
1562,(주)에프엠케이,affiliate_addr,,서울시 강남구,R3_사명교차전파
1562,(주)에프엠케이,affiliate_region,,서울,R3_사명교차전파
1571,(주)흥아로지스틱스,affiliate_addr,,서울시,R3_사명교차전파
1571,(주)흥아로지스틱스,affiliate_region,,서울,R3_사명교차전파
1576,(주)서연오토비전,affiliate_addr,,충청남도 당진시 합덕읍 거섬들 2길 45,R3_사명교차전파
1576,(주)서연오토비전,affiliate_region,,충남,R3_사명교차전파
1577,(주)서연인테크,affiliate_addr,,전북 익산시 석암로 17길 137,R3_사명교차전파
1577,(주)서연인테크,affiliate_region,,전북,R3_사명교차전파
1578,(주)서연씨엔에프,affiliate_addr,,울산시 울주군 두서면 전읍농공길 13(전읍리),R3_사명교차전파
1578,(주)서연씨엔에프,affiliate_region,,울산,R3_사명교차전파
1585,엘에스글로벌인코퍼레이티드(주),affiliate_addr,,경기도 군포시 산본동 1026-8번지 중산빌딩 5층,R3_사명교차전파
1585,엘에스글로벌인코퍼레이티드(주),affiliate_region,,경기,R3_사명교차전파
1586,(주)베스트토요타,affiliate_addr,,- 주소 : 서울 용산구 한강대로 92 (한강로2가 LS용산타워1층) - 전화 : 02) 2122-7701 - 홈페이지 : http://www.toyotayongsan.co.kr,R3_사명교차전파
1586,(주)베스트토요타,affiliate_region,,서울,R3_사명교차전파
1587,(주)예스코,affiliate_addr,,서울특별시 성동구 자동차시장길 23,R3_사명교차전파
1587,(주)예스코,affiliate_region,,서울,R3_사명교차전파
1588,(주)지앤피,affiliate_addr,,충청북도 충주시 국원대로 448,R3_사명교차전파
1588,(주)지앤피,affiliate_region,,충북,R3_사명교차전파
1589,가온전선(주),affiliate_addr,,경기도 군포시 엘에스로 45번길 120,R3_사명교차전파
1589,가온전선(주),affiliate_region,,경기,R3_사명교차전파
1590,엘에스엠트론(주),affiliate_addr,,경기도 안양시 동안구 LS로 127,R3_사명교차전파
1590,엘에스엠트론(주),affiliate_region,,경기,R3_사명교차전파
1595,엘에스이브이코리아(주),affiliate_addr,,경기도 군포시 공단로140번길 27,R3_사명교차전파
1595,엘에스이브이코리아(주),affiliate_region,,경기,R3_사명교차전파
1596,(주)토리컴,affiliate_addr,,충청남도 아산시 둔포면 아산밸리동로 78,R3_사명교차전파
1596,(주)토리컴,affiliate_region,,충남,R3_사명교차전파
1597,(주)지알엠,affiliate_addr,,경기도 김포시 통진읍 김포대로 1979,R3_사명교차전파
1597,(주)지알엠,affiliate_region,,경기,R3_사명교차전파
1603,서울바이오시스(주),affiliate_addr,,경기도 안산시 단원구 원시동 727-51블럭 36,R3_사명교차전파
1603,서울바이오시스(주),affiliate_region,,경기,R3_사명교차전파
1611,코오롱베니트(주),affiliate_addr,,경기도 과천시 별양동 1-23,R3_사명교차전파
1611,코오롱베니트(주),affiliate_region,,경기,R3_사명교차전파
1629,롯데컬처웍스(주),affiliate_addr,,서울특별시 송파구 올림픽로 295 롯데월드타워 18층,R3_사명교차전파
1629,롯데컬처웍스(주),affiliate_region,,서울,R3_사명교차전파
1630,롯데위탁관리부동산투자회사(주),affiliate_addr,,서울특별시 송파구 올림픽로 300 롯데월드타워 30층,R3_사명교차전파
1630,롯데위탁관리부동산투자회사(주),affiliate_region,,서울,R3_사명교차전파
1631,롯데오토리스(주),affiliate_addr,,경기도 안양시 동안구 전파로 88 8층(호계동 신원비젼타워),R3_사명교차전파
1631,롯데오토리스(주),affiliate_region,,경기,R3_사명교차전파
1632,(주)백학음료,affiliate_addr,,경기도 연천군 백학면 장백로 589,R3_사명교차전파
1632,(주)백학음료,affiliate_region,,경기,R3_사명교차전파
1633,(주)충북소주,affiliate_addr,,충청북도 청주시 청원구 내수읍 우산길 57,R3_사명교차전파
1633,(주)충북소주,affiliate_region,,충북,R3_사명교차전파
1634,산청음료(주),affiliate_addr,,경상남도 산청군 시천면 남명로 59-61,R3_사명교차전파
1634,산청음료(주),affiliate_region,,경남,R3_사명교차전파
1639,키움인베스트먼트(주),affiliate_addr,,서울 영등포구 의사당대로96 10층,R3_사명교차전파
1639,키움인베스트먼트(주),affiliate_region,,서울,R3_사명교차전파
1641,키움증권(주),affiliate_addr,,서울특별시 영등포구 의사당대로96,R3_사명교차전파
1641,키움증권(주),affiliate_region,,서울,R3_사명교차전파
1644,(주)와이즈버즈,affiliate_addr,,경기도 성남시 수정구 금토로69 5층(금토동 다우디지털스퀘어),R3_사명교차전파
1644,(주)와이즈버즈,affiliate_region,,경기,R3_사명교차전파
1646,키움캐피탈(주),affiliate_addr,,서울 영등포구 여의대로 66 17층,R3_사명교차전파
1646,키움캐피탈(주),affiliate_region,,서울,R3_사명교차전파
1650,(주)나전,affiliate_addr,,광주광역시 광산구 평동산단로 239-20,R3_사명교차전파
1650,(주)나전,affiliate_region,,광주,R3_사명교차전파
1658,대성산업(주),affiliate_addr,,서울시 구로구 경인로 662,R3_사명교차전파
1658,대성산업(주),affiliate_region,,서울,R3_사명교차전파
1662,(주)삼양사,affiliate_addr,,서울특별시 종로구 종로33길 31,R3_사명교차전파
1662,(주)삼양사,affiliate_region,,서울,R3_사명교차전파
1664,(주)삼양패키징,affiliate_addr,,서울시 종로구 종로 33길 31,R3_사명교차전파
1664,(주)삼양패키징,affiliate_region,,서울,R3_사명교차전파
1686,나래에너지서비스(주),affiliate_addr,,서울시 종로구 서린동 88 한국화장품 건물 2층 위례에너지서비스,R3_사명교차전파
1686,나래에너지서비스(주),affiliate_region,,서울,R3_사명교차전파
1689,에스케이넥실리스,affiliate_addr,,전라북도 정읍시 북면 3산단2길 2,R3_사명교차전파
1689,에스케이넥실리스,affiliate_region,,전북,R3_사명교차전파
1690,SK인천석유화학(주),affiliate_addr,,인천 서구 봉수대로 415,R3_사명교차전파
1690,SK인천석유화학(주),affiliate_region,,인천,R3_사명교차전파
1691,SKC(주),affiliate_addr,,경기 수원시 장안구 장안로 309번길 84,R3_사명교차전파
1691,SKC(주),affiliate_region,,경기,R3_사명교차전파
1692,SK네트웍스(주),affiliate_addr,,경기도 수원시 장안구 경수대로 795,R3_사명교차전파
1692,SK네트웍스(주),affiliate_region,,경기,R3_사명교차전파
1697,SK네트웍스서비스(주),affiliate_addr,,경기도 수원시 팔달구 인계로 166번길 48-21,R3_사명교차전파
1697,SK네트웍스서비스(주),affiliate_region,,경기,R3_사명교차전파
1698,강원도시가스(주),affiliate_addr,,강원 춘천시 삭주로 163,R3_사명교차전파
1698,강원도시가스(주),affiliate_region,,강원,R3_사명교차전파
1699,충청에너지서비스(주),affiliate_addr,,충북 청주시 흥덕구 산단로 244,R3_사명교차전파
1699,충청에너지서비스(주),affiliate_region,,충북,R3_사명교차전파
1715,(주)케이티아이에스,affiliate_addr,,서울시 영등포구 여의대로 14 KT빌딩 10층,R3_사명교차전파
1715,(주)케이티아이에스,affiliate_region,,서울,R3_사명교차전파
1717,케이티텔레캅(주),affiliate_addr,,서울특별시 구로구 가마산로 291 KT텔레캅빌딩,R3_사명교차전파
1717,케이티텔레캅(주),affiliate_region,,서울,R3_사명교차전파
1718,(주)케이티에스테이트,affiliate_addr,,서울특별시 강남구 테헤란로 422 KT타워 17층,R3_사명교차전파
1718,(주)케이티에스테이트,affiliate_region,,서울,R3_사명교차전파
1719,(주)케이티엠모바일,affiliate_addr,,서울특별시 강남구 테헤란로 422 (대치동 KT타워),R3_사명교차전파
1719,(주)케이티엠모바일,affiliate_region,,서울,R3_사명교차전파
1721,(주)휴맥스,affiliate_addr,,경기도 용인시 처인구 영문로 2(유방동),R3_사명교차전파
1721,(주)휴맥스,affiliate_region,,경기,R3_사명교차전파
1727,(주)나전,affiliate_addr,,광주광역시 광산구 평동산단로 239-20,R3_사명교차전파
1727,(주)나전,affiliate_region,,광주,R3_사명교차전파
1730,(주)삼양사,affiliate_addr,,서울특별시 종로구 종로33길 31,R3_사명교차전파
1730,(주)삼양사,affiliate_region,,서울,R3_사명교차전파
1732,(주)삼양패키징,affiliate_addr,,서울시 종로구 종로 33길 31,R3_사명교차전파
1732,(주)삼양패키징,affiliate_region,,서울,R3_사명교차전파
1743,(주)엔티엠,affiliate_addr,,충남 아산시 인주면 인주로 304-88,R3_사명교차전파
1743,(주)엔티엠,affiliate_region,,충남,R3_사명교차전파
1747,엔브이에이치오버헤드시스템(주),affiliate_addr,,울산 북구 모듈화산업로 207-14,R3_사명교차전파
1747,엔브이에이치오버헤드시스템(주),affiliate_region,,울산,R3_사명교차전파
1759,천안기업(주),affiliate_addr,,충남 천안시,R3_사명교차전파
1759,천안기업(주),affiliate_region,,충남,R3_사명교차전파
1761,현대개발(주),affiliate_addr,,광주시 광산구,R3_사명교차전파
1761,현대개발(주),affiliate_region,,광주,R3_사명교차전파
1762,동화기업(주),affiliate_addr,,전남 장성군,R3_사명교차전파
1762,동화기업(주),affiliate_region,,전남,R3_사명교차전파
1770,(주)에프엠케이,affiliate_addr,,서울시 강남구,R3_사명교차전파
1770,(주)에프엠케이,affiliate_region,,서울,R3_사명교차전파
1782,(주)포스코에이앤씨건축사사무소,affiliate_addr,,인천광역시 연수구 컨벤시아대로 165 포스코타워 송도 24층,R3_사명교차전파
1782,(주)포스코에이앤씨건축사사무소,affiliate_region,,인천,R3_사명교차전파
1801,(주)코람코자산신탁,affiliate_addr,,서울특별시 강남구 삼성로 511(삼성동 골든타워),R3_사명교차전파
1801,(주)코람코자산신탁,affiliate_region,,서울,R3_사명교차전파
1804,(주)엘에프푸드,affiliate_addr,,서울특별시 강남구 언주로 174길 11,R3_사명교차전파
1804,(주)엘에프푸드,affiliate_region,,서울,R3_사명교차전파
1811,삼표자원개발(주),affiliate_addr,,강원도 삼척시 근덕면 시목길 225,R3_사명교차전파
1811,삼표자원개발(주),affiliate_region,,강원,R3_사명교차전파
1812,삼표해운(주),affiliate_addr,,부산광역시 서구 원양로 268(암남동),R3_사명교차전파
1812,삼표해운(주),affiliate_region,,부산,R3_사명교차전파
1828,나래에너지서비스(주),affiliate_addr,,서울시 종로구 서린동 88 한국화장품 건물 2층 위례에너지서비스,R3_사명교차전파
1828,나래에너지서비스(주),affiliate_region,,서울,R3_사명교차전파
1831,에스케이넥실리스,affiliate_addr,,전라북도 정읍시 북면 3산단2길 2,R3_사명교차전파
1831,에스케이넥실리스,affiliate_region,,전북,R3_사명교차전파
1832,SK인천석유화학(주),affiliate_addr,,인천 서구 봉수대로 415,R3_사명교차전파
1832,SK인천석유화학(주),affiliate_region,,인천,R3_사명교차전파
1833,SKC(주),affiliate_addr,,경기 수원시 장안구 장안로 309번길 84,R3_사명교차전파
1833,SKC(주),affiliate_region,,경기,R3_사명교차전파
1834,SK네트웍스(주),affiliate_addr,,경기도 수원시 장안구 경수대로 795,R3_사명교차전파
1834,SK네트웍스(주),affiliate_region,,경기,R3_사명교차전파
1839,SK네트웍스서비스(주),affiliate_addr,,경기도 수원시 팔달구 인계로 166번길 48-21,R3_사명교차전파
1839,SK네트웍스서비스(주),affiliate_region,,경기,R3_사명교차전파
1840,강원도시가스(주),affiliate_addr,,강원 춘천시 삭주로 163,R3_사명교차전파
1840,강원도시가스(주),affiliate_region,,강원,R3_사명교차전파
1841,충청에너지서비스(주),affiliate_addr,,충북 청주시 흥덕구 산단로 244,R3_사명교차전파
1841,충청에너지서비스(주),affiliate_region,,충북,R3_사명교차전파
1855,(주)매그너스홀딩스,affiliate_addr,,서울특별시 성북구 보문로 35,R3_사명교차전파
1855,(주)매그너스홀딩스,affiliate_region,,서울,R3_사명교차전파
1862,(주)테이팩스,affiliate_addr,,경기도 수원시 영통구 대학4로 17 8층 812813호,R3_사명교차전파
1862,(주)테이팩스,affiliate_region,,경기,R3_사명교차전파
1865,한솔페이퍼텍(주),affiliate_addr,,전남 담양군 대전면 대치7길 80,R3_사명교차전파
1865,한솔페이퍼텍(주),affiliate_region,,전남,R3_사명교차전파
1870,씨제이올리브네트웍스(주),affiliate_addr,,서울특별시 용산구 한강대로 366 트윈시티 10층,R3_사명교차전파
1870,씨제이올리브네트웍스(주),affiliate_region,,서울,R3_사명교차전파
1871,씨제이씨지브이(주),affiliate_addr,,서울특별시 용산구 한강대로23길 55 아이파크몰 6층,R3_사명교차전파
1871,씨제이씨지브이(주),affiliate_region,,서울,R3_사명교차전파
1873,씨제이올리브영(주),affiliate_addr,,서울특별시 용산구 동자동 45 24층,R3_사명교차전파
1873,씨제이올리브영(주),affiliate_region,,서울,R3_사명교차전파
1874,씨제이포디플렉스(주),affiliate_addr,,서울시 용산구 한강대로 23길 55 아이파크몰 6층(한강로3가),R3_사명교차전파
1874,씨제이포디플렉스(주),affiliate_region,,서울,R3_사명교차전파
1875,씨제이프레시웨이(주),affiliate_addr,,경기도 용인시 기흥구 기곡로 32,R3_사명교차전파
1875,씨제이프레시웨이(주),affiliate_region,,경기,R3_사명교차전파
1883,대원정밀공업(주),affiliate_addr,,경기 안산시 단원구 범지기로 141번길 100,R3_사명교차전파
1883,대원정밀공업(주),affiliate_region,,경기,R3_사명교차전파
1884,(주)삼원강재,affiliate_addr,,경북 포항시 남구 대송면 동국로66번길 40,R3_사명교차전파
1884,(주)삼원강재,affiliate_region,,경북,R3_사명교차전파
1886,(주)세아제강,affiliate_addr,,서울 마포구,R3_사명교차전파
1886,(주)세아제강,affiliate_region,,서울,R3_사명교차전파
1887,(주)세아엘앤에스,affiliate_addr,,경상북도 포항시 남구,R3_사명교차전파
1887,(주)세아엘앤에스,affiliate_region,,경북,R3_사명교차전파
1888,세아특수강(주),affiliate_addr,,경상북도 포항시 남구,R3_사명교차전파
1888,세아특수강(주),affiliate_region,,경북,R3_사명교차전파
1889,(주)세아창원특수강,affiliate_addr,,경남 창원시,R3_사명교차전파
1889,(주)세아창원특수강,affiliate_region,,경남,R3_사명교차전파
1891,(주)세아씨엠,affiliate_addr,,전라북도 군산,R3_사명교차전파
1891,(주)세아씨엠,affiliate_region,,전북,R3_사명교차전파
1894,키움인베스트먼트(주),affiliate_addr,,서울 영등포구 의사당대로96 10층,R3_사명교차전파
1894,키움인베스트먼트(주),affiliate_region,,서울,R3_사명교차전파
1896,키움증권(주),affiliate_addr,,서울특별시 영등포구 의사당대로96,R3_사명교차전파
1896,키움증권(주),affiliate_region,,서울,R3_사명교차전파
1899,(주)와이즈버즈,affiliate_addr,,경기도 성남시 수정구 금토로69 5층(금토동 다우디지털스퀘어),R3_사명교차전파
1899,(주)와이즈버즈,affiliate_region,,경기,R3_사명교차전파
1901,키움캐피탈(주),affiliate_addr,,서울 영등포구 여의대로 66 17층,R3_사명교차전파
1901,키움캐피탈(주),affiliate_region,,서울,R3_사명교차전파
1902,에이치케이이노엔(주),affiliate_addr,,청주시 흥덕구,R3_사명교차전파
1909,에이제이토탈(주),affiliate_addr,,서울특별시 송파구 정의로8길 9 15층(문정동 에이제이빌딩),R3_사명교차전파
1909,에이제이토탈(주),affiliate_region,,서울,R3_사명교차전파
1919,(주)신세계프라퍼티,affiliate_addr,,서울시 강남구 테헤란로 231 22층,R3_사명교차전파
1919,(주)신세계프라퍼티,affiliate_region,,서울,R3_사명교차전파
1921,(주)신세계디에프,affiliate_addr,,서울시 중구 퇴계로 77,R3_사명교차전파
1921,(주)신세계디에프,affiliate_region,,서울,R3_사명교차전파
1924,(주)신세계동대구복합환승센터,affiliate_addr,,대구시 동구 동부로 149,R3_사명교차전파
1924,(주)신세계동대구복합환승센터,affiliate_region,,대구,R3_사명교차전파
1928,(주)녹십자엠에스,affiliate_addr,,경기도 용인시 기흥구 용구대로2469번길 15,R3_사명교차전파
1928,(주)녹십자엠에스,affiliate_region,,경기,R3_사명교차전파
1929,(주)녹십자웰빙,affiliate_addr,,서울시 성동구 왕십리로 241,R3_사명교차전파
1929,(주)녹십자웰빙,affiliate_region,,서울,R3_사명교차전파
1932,농업회사법인인백팜(주),affiliate_addr,,전남 화순군 화순읍 산단길 40,R3_사명교차전파
1932,농업회사법인인백팜(주),affiliate_region,,전남,R3_사명교차전파
1936,나이스씨엠에스(주),affiliate_addr,,서울특별시 마포구 마포대로 130,R3_사명교차전파
1936,나이스씨엠에스(주),affiliate_region,,서울,R3_사명교차전파
1937,나이스페이먼츠(주),affiliate_addr,,서울특별시 영등포구 문래로28길 25 세미콜론문래N타워 9층,R3_사명교차전파
1937,나이스페이먼츠(주),affiliate_region,,서울,R3_사명교차전파
1940,(주)나이스엘엠에스,affiliate_addr,,충남 예산군 응봉면 응봉로 50-10 (지석리),R3_사명교차전파
1940,(주)나이스엘엠에스,affiliate_region,,충남,R3_사명교차전파
1943,(주)케이이씨,affiliate_addr,,서울시 서초구 마방로 10길 5,R3_사명교차전파
1943,(주)케이이씨,affiliate_region,,서울,R3_사명교차전파
1957,현대엔지니어링(주),affiliate_addr,,서울시 종로구,R3_사명교차전파
1957,현대엔지니어링(주),affiliate_region,,서울,R3_사명교차전파
1960,현대종합특수강(주),affiliate_addr,,경기도 안양시 동안구 시민대로 161,R3_사명교차전파
1960,현대종합특수강(주),affiliate_region,,경기,R3_사명교차전파
1962,(주)지아이티,affiliate_addr,,서울시 송파구 마천로87 지아이티빌딩,R3_사명교차전파
1962,(주)지아이티,affiliate_region,,서울,R3_사명교차전파
1966,현대에코에너지(주),affiliate_addr,,충남 서산시,R3_사명교차전파
1966,현대에코에너지(주),affiliate_region,,충남,R3_사명교차전파
1968,현대로템(주),affiliate_addr,,경남 창원시 의창구 창원대로 488,R3_사명교차전파
1968,현대로템(주),affiliate_region,,경남,R3_사명교차전파
1974,지에스바이오(주),affiliate_addr,,전라남도 여수시 여수산단로 923-106,R3_사명교차전파
1974,지에스바이오(주),affiliate_region,,전남,R3_사명교차전파
1984,(주)현대홈쇼핑,affiliate_addr,,ㆍ서울특별시 강동구 올림픽로70길 34,R3_사명교차전파
1984,(주)현대홈쇼핑,affiliate_region,,서울,R3_사명교차전파
1992,삼표자원개발(주),affiliate_addr,,강원도 삼척시 근덕면 시목길 225,R3_사명교차전파
1992,삼표자원개발(주),affiliate_region,,강원,R3_사명교차전파
1993,삼표해운(주),affiliate_addr,,부산광역시 서구 원양로 268(암남동),R3_사명교차전파
1993,삼표해운(주),affiliate_region,,부산,R3_사명교차전파
2006,청진이삼프로젝트(주),affiliate_addr,,서울시 종로구 종로3길 17(청진동),R3_사명교차전파
2006,청진이삼프로젝트(주),affiliate_region,,서울,R3_사명교차전파
2014,씨제이올리브네트웍스(주),affiliate_addr,,서울특별시 용산구 한강대로 366 트윈시티 10층,R3_사명교차전파
2014,씨제이올리브네트웍스(주),affiliate_region,,서울,R3_사명교차전파
2015,씨제이씨지브이(주),affiliate_addr,,서울특별시 용산구 한강대로23길 55 아이파크몰 6층,R3_사명교차전파
2015,씨제이씨지브이(주),affiliate_region,,서울,R3_사명교차전파
2017,씨제이올리브영(주),affiliate_addr,,서울특별시 용산구 동자동 45 24층,R3_사명교차전파
2017,씨제이올리브영(주),affiliate_region,,서울,R3_사명교차전파
2018,씨제이포디플렉스(주),affiliate_addr,,서울시 용산구 한강대로 23길 55 아이파크몰 6층(한강로3가),R3_사명교차전파
2018,씨제이포디플렉스(주),affiliate_region,,서울,R3_사명교차전파
2019,씨제이프레시웨이(주),affiliate_addr,,경기도 용인시 기흥구 기곡로 32,R3_사명교차전파
2019,씨제이프레시웨이(주),affiliate_region,,경기,R3_사명교차전파
2020,(주)카카오모빌리티,affiliate_addr,,경기도 성남시 분당구 판교역로 152 13층,R3_사명교차전파
2020,(주)카카오모빌리티,affiliate_region,,경기,R3_사명교차전파
2026,씨제이씨지브이(주),affiliate_addr,,서울특별시 용산구 한강대로23길 55 아이파크몰 6층,R3_사명교차전파
2026,씨제이씨지브이(주),affiliate_region,,서울,R3_사명교차전파
2028,씨제이올리브영(주),affiliate_addr,,서울특별시 용산구 동자동 45 24층,R3_사명교차전파
2028,씨제이올리브영(주),affiliate_region,,서울,R3_사명교차전파
2029,씨제이포디플렉스(주),affiliate_addr,,서울시 용산구 한강대로 23길 55 아이파크몰 6층(한강로3가),R3_사명교차전파
2029,씨제이포디플렉스(주),affiliate_region,,서울,R3_사명교차전파
2030,씨제이프레시웨이(주),affiliate_addr,,경기도 용인시 기흥구 기곡로 32,R3_사명교차전파
2030,씨제이프레시웨이(주),affiliate_region,,경기,R3_사명교차전파
2032,칼라앤터치(주),affiliate_addr,,서울 영등포구 은행로 25,R3_사명교차전파
2032,칼라앤터치(주),affiliate_region,,서울,R3_사명교차전파
2044,(주)하이프라자,affiliate_addr,,서울특별시 강서구 마곡중앙5로 18,R3_사명교차전파
2044,(주)하이프라자,affiliate_region,,서울,R3_사명교차전파
2047,(주)푸드머스,affiliate_addr,,경기 용인시 처인구 원삼면 맹리로2번길 31,R3_사명교차전파
2047,(주)푸드머스,affiliate_region,,경기,R3_사명교차전파
2048,엑소후레쉬물류(주),affiliate_addr,,경기 용인시 기흥구 천명산로 2,R3_사명교차전파
2048,엑소후레쉬물류(주),affiliate_region,,경기,R3_사명교차전파
2049,(주)피피이씨춘천,affiliate_addr,,강원 춘천시 서면 당림리 602,R3_사명교차전파
2049,(주)피피이씨춘천,affiliate_region,,강원,R3_사명교차전파
2051,(주)피피이씨음성생면,affiliate_addr,,충북 음성군 대소면 삼양로 730-27,R3_사명교차전파
2051,(주)피피이씨음성생면,affiliate_region,,충북,R3_사명교차전파
2052,(주)피피이씨음성나물,affiliate_addr,,충북 음성군 대소면 삼양로 730-27,R3_사명교차전파
2052,(주)피피이씨음성나물,affiliate_region,,충북,R3_사명교차전파
2053,풀무원식품(주),affiliate_addr,,충북 음성군 대소면 삼양로 730-27,R3_사명교차전파
2053,풀무원식품(주),affiliate_region,,충북,R3_사명교차전파
2066,나래에너지서비스(주),affiliate_addr,,서울시 종로구 서린동 88 한국화장품 건물 2층 위례에너지서비스,R3_사명교차전파
2066,나래에너지서비스(주),affiliate_region,,서울,R3_사명교차전파
2069,에스케이넥실리스,affiliate_addr,,전라북도 정읍시 북면 3산단2길 2,R3_사명교차전파
2069,에스케이넥실리스,affiliate_region,,전북,R3_사명교차전파
2070,SK인천석유화학(주),affiliate_addr,,인천 서구 봉수대로 415,R3_사명교차전파
2070,SK인천석유화학(주),affiliate_region,,인천,R3_사명교차전파
2071,SKC(주),affiliate_addr,,경기 수원시 장안구 장안로 309번길 84,R3_사명교차전파
2071,SKC(주),affiliate_region,,경기,R3_사명교차전파
2072,SK네트웍스(주),affiliate_addr,,경기도 수원시 장안구 경수대로 795,R3_사명교차전파
2072,SK네트웍스(주),affiliate_region,,경기,R3_사명교차전파
2077,SK네트웍스서비스(주),affiliate_addr,,경기도 수원시 팔달구 인계로 166번길 48-21,R3_사명교차전파
2077,SK네트웍스서비스(주),affiliate_region,,경기,R3_사명교차전파
2078,강원도시가스(주),affiliate_addr,,강원 춘천시 삭주로 163,R3_사명교차전파
2078,강원도시가스(주),affiliate_region,,강원,R3_사명교차전파
2079,충청에너지서비스(주),affiliate_addr,,충북 청주시 흥덕구 산단로 244,R3_사명교차전파
2079,충청에너지서비스(주),affiliate_region,,충북,R3_사명교차전파
2100,롯데컬처웍스(주),affiliate_addr,,서울특별시 송파구 올림픽로 295 롯데월드타워 18층,R3_사명교차전파
2100,롯데컬처웍스(주),affiliate_region,,서울,R3_사명교차전파
2101,롯데위탁관리부동산투자회사(주),affiliate_addr,,서울특별시 송파구 올림픽로 300 롯데월드타워 30층,R3_사명교차전파
2101,롯데위탁관리부동산투자회사(주),affiliate_region,,서울,R3_사명교차전파
2102,롯데오토리스(주),affiliate_addr,,경기도 안양시 동안구 전파로 88 8층(호계동 신원비젼타워),R3_사명교차전파
2102,롯데오토리스(주),affiliate_region,,경기,R3_사명교차전파
2103,(주)백학음료,affiliate_addr,,경기도 연천군 백학면 장백로 589,R3_사명교차전파
2103,(주)백학음료,affiliate_region,,경기,R3_사명교차전파
2104,(주)충북소주,affiliate_addr,,충청북도 청주시 청원구 내수읍 우산길 57,R3_사명교차전파
2104,(주)충북소주,affiliate_region,,충북,R3_사명교차전파
2105,산청음료(주),affiliate_addr,,경상남도 산청군 시천면 남명로 59-61,R3_사명교차전파
2105,산청음료(주),affiliate_region,,경남,R3_사명교차전파
2118,이데일리(주),affiliate_addr,,서울특별시 중구 통일로 92 KG타워 18층 19층,R3_사명교차전파
2118,이데일리(주),affiliate_region,,서울,R3_사명교차전파
2120,(주)케이지에듀원,affiliate_addr,,서울시 중구 통일로 92 KG타워 12층,R3_사명교차전파
2120,(주)케이지에듀원,affiliate_region,,서울,R3_사명교차전파
2126,미래에셋벤처투자(주),affiliate_addr,,경기도 성남시 분당구 판교역 로 241번길 20 지하1층 (삼평동 미래에셋벤처타워빌 딩),R3_사명교차전파
2126,미래에셋벤처투자(주),affiliate_region,,경기,R3_사명교차전파
2127,미래에셋생명보험(주),affiliate_addr,,서울특별시 영등포구 국제금융로 56 (여의도동 미래에셋증권빌딩),R3_사명교차전파
2127,미래에셋생명보험(주),affiliate_region,,서울,R3_사명교차전파
2138,(주)하이프라자,affiliate_addr,,서울특별시 강서구 마곡중앙5로 18,R3_사명교차전파
2138,(주)하이프라자,affiliate_region,,서울,R3_사명교차전파
2142,나투라페이퍼(주),affiliate_addr,,충북 청주시 흥덕구 오송읍 상정쌍청로 171,R3_사명교차전파
2142,나투라페이퍼(주),affiliate_region,,충북,R3_사명교차전파
2158,코닉오토메이션(주),affiliate_addr,,경기도 화성시 동탄산단9길 23-12,R3_사명교차전파
2158,코닉오토메이션(주),affiliate_region,,경기,R3_사명교차전파
2160,(주)제니스월드,affiliate_addr,,충북 진천군 이월면 밤디길 68,R3_사명교차전파
2160,(주)제니스월드,affiliate_region,,충북,R3_사명교차전파
2178,(주)에프엠케이,affiliate_addr,,서울시 강남구,R3_사명교차전파
2178,(주)에프엠케이,affiliate_region,,서울,R3_사명교차전파
2192,(주)에프엠케이,affiliate_addr,,서울시 강남구,R3_사명교차전파
2192,(주)에프엠케이,affiliate_region,,서울,R3_사명교차전파
2202,미래에셋벤처투자(주),affiliate_addr,,경기도 성남시 분당구 판교역 로 241번길 20 지하1층 (삼평동 미래에셋벤처타워빌 딩),R3_사명교차전파
2202,미래에셋벤처투자(주),affiliate_region,,경기,R3_사명교차전파
2203,미래에셋생명보험(주),affiliate_addr,,서울특별시 영등포구 국제금융로 56 (여의도동 미래에셋증권빌딩),R3_사명교차전파
2203,미래에셋생명보험(주),affiliate_region,,서울,R3_사명교차전파
2207,인터지스(주),affiliate_addr,,부산광역시 중구 충장대로 9번길 52 마린센터 13층,R3_사명교차전파
2207,인터지스(주),affiliate_region,,부산,R3_사명교차전파
2220,나래에너지서비스(주),affiliate_addr,,서울시 종로구 서린동 88 한국화장품 건물 2층 위례에너지서비스,R3_사명교차전파
2220,나래에너지서비스(주),affiliate_region,,서울,R3_사명교차전파
2223,에스케이넥실리스,affiliate_addr,,전라북도 정읍시 북면 3산단2길 2,R3_사명교차전파
2223,에스케이넥실리스,affiliate_region,,전북,R3_사명교차전파
2224,SK인천석유화학(주),affiliate_addr,,인천 서구 봉수대로 415,R3_사명교차전파
2224,SK인천석유화학(주),affiliate_region,,인천,R3_사명교차전파
2225,SKC(주),affiliate_addr,,경기 수원시 장안구 장안로 309번길 84,R3_사명교차전파
2225,SKC(주),affiliate_region,,경기,R3_사명교차전파
2226,SK네트웍스(주),affiliate_addr,,경기도 수원시 장안구 경수대로 795,R3_사명교차전파
2226,SK네트웍스(주),affiliate_region,,경기,R3_사명교차전파
2231,SK네트웍스서비스(주),affiliate_addr,,경기도 수원시 팔달구 인계로 166번길 48-21,R3_사명교차전파
2231,SK네트웍스서비스(주),affiliate_region,,경기,R3_사명교차전파
2232,강원도시가스(주),affiliate_addr,,강원 춘천시 삭주로 163,R3_사명교차전파
2232,강원도시가스(주),affiliate_region,,강원,R3_사명교차전파
2233,충청에너지서비스(주),affiliate_addr,,충북 청주시 흥덕구 산단로 244,R3_사명교차전파
2233,충청에너지서비스(주),affiliate_region,,충북,R3_사명교차전파
2244,(주)케이티아이에스,affiliate_addr,,서울시 영등포구 여의대로 14 KT빌딩 10층,R3_사명교차전파
2244,(주)케이티아이에스,affiliate_region,,서울,R3_사명교차전파
2246,케이티텔레캅(주),affiliate_addr,,서울특별시 구로구 가마산로 291 KT텔레캅빌딩,R3_사명교차전파
2246,케이티텔레캅(주),affiliate_region,,서울,R3_사명교차전파
2247,(주)케이티에스테이트,affiliate_addr,,서울특별시 강남구 테헤란로 422 KT타워 17층,R3_사명교차전파
2247,(주)케이티에스테이트,affiliate_region,,서울,R3_사명교차전파
2248,(주)케이티엠모바일,affiliate_addr,,서울특별시 강남구 테헤란로 422 (대치동 KT타워),R3_사명교차전파
2248,(주)케이티엠모바일,affiliate_region,,서울,R3_사명교차전파
2265,나래에너지서비스(주),affiliate_addr,,서울시 종로구 서린동 88 한국화장품 건물 2층 위례에너지서비스,R3_사명교차전파
2265,나래에너지서비스(주),affiliate_region,,서울,R3_사명교차전파
2268,에스케이넥실리스,affiliate_addr,,전라북도 정읍시 북면 3산단2길 2,R3_사명교차전파
2268,에스케이넥실리스,affiliate_region,,전북,R3_사명교차전파
2269,SK인천석유화학(주),affiliate_addr,,인천 서구 봉수대로 415,R3_사명교차전파
2269,SK인천석유화학(주),affiliate_region,,인천,R3_사명교차전파
2270,SKC(주),affiliate_addr,,경기 수원시 장안구 장안로 309번길 84,R3_사명교차전파
2270,SKC(주),affiliate_region,,경기,R3_사명교차전파
2271,SK네트웍스(주),affiliate_addr,,경기도 수원시 장안구 경수대로 795,R3_사명교차전파
2271,SK네트웍스(주),affiliate_region,,경기,R3_사명교차전파
2276,SK네트웍스서비스(주),affiliate_addr,,경기도 수원시 팔달구 인계로 166번길 48-21,R3_사명교차전파
2276,SK네트웍스서비스(주),affiliate_region,,경기,R3_사명교차전파
2277,강원도시가스(주),affiliate_addr,,강원 춘천시 삭주로 163,R3_사명교차전파
2277,강원도시가스(주),affiliate_region,,강원,R3_사명교차전파
2278,충청에너지서비스(주),affiliate_addr,,충북 청주시 흥덕구 산단로 244,R3_사명교차전파
2278,충청에너지서비스(주),affiliate_region,,충북,R3_사명교차전파
2290,한국자산캐피탈(주),affiliate_addr,,서울시 강남구 테헤란로 306,R3_사명교차전파
2290,한국자산캐피탈(주),affiliate_region,,서울,R3_사명교차전파
2293,(주)에코프로이노베이션,affiliate_addr,,경북 포항시 북구 흥해읍,R3_사명교차전파
2293,(주)에코프로이노베이션,affiliate_region,,경북,R3_사명교차전파
2294,(주)에코프로비엠,affiliate_addr,,충북 청주시 청원구 오창읍,R3_사명교차전파
2294,(주)에코프로비엠,affiliate_region,,충북,R3_사명교차전파
2299,이데일리(주),affiliate_addr,,서울특별시 중구 통일로 92 KG타워 18층 19층,R3_사명교차전파
2299,이데일리(주),affiliate_region,,서울,R3_사명교차전파
2301,(주)케이지에듀원,affiliate_addr,,서울시 중구 통일로 92 KG타워 12층,R3_사명교차전파
2301,(주)케이지에듀원,affiliate_region,,서울,R3_사명교차전파
2305,(주)쏠리드윈텍,affiliate_addr,,경기도 용인시 기흥구,R3_사명교차전파
2305,(주)쏠리드윈텍,affiliate_region,,경기,R3_사명교차전파
2328,(주)하이프라자,affiliate_addr,,서울특별시 강서구 마곡중앙5로 18,R3_사명교차전파
2328,(주)하이프라자,affiliate_region,,서울,R3_사명교차전파
2334,키움증권(주),affiliate_addr,,서울특별시 영등포구 의사당대로96,R3_사명교차전파
2334,키움증권(주),affiliate_region,,서울,R3_사명교차전파
2337,(주)와이즈버즈,affiliate_addr,,경기도 성남시 수정구 금토로69 5층(금토동 다우디지털스퀘어),R3_사명교차전파
2337,(주)와이즈버즈,affiliate_region,,경기,R3_사명교차전파
2339,키움캐피탈(주),affiliate_addr,,서울 영등포구 여의대로 66 17층,R3_사명교차전파
2339,키움캐피탈(주),affiliate_region,,서울,R3_사명교차전파
2345,씨제이올리브네트웍스(주),affiliate_addr,,서울특별시 용산구 한강대로 366 트윈시티 10층,R3_사명교차전파
2345,씨제이올리브네트웍스(주),affiliate_region,,서울,R3_사명교차전파
2347,씨제이올리브영(주),affiliate_addr,,서울특별시 용산구 동자동 45 24층,R3_사명교차전파
2347,씨제이올리브영(주),affiliate_region,,서울,R3_사명교차전파
2348,씨제이포디플렉스(주),affiliate_addr,,서울시 용산구 한강대로 23길 55 아이파크몰 6층(한강로3가),R3_사명교차전파
2348,씨제이포디플렉스(주),affiliate_region,,서울,R3_사명교차전파
2349,씨제이프레시웨이(주),affiliate_addr,,경기도 용인시 기흥구 기곡로 32,R3_사명교차전파
2349,씨제이프레시웨이(주),affiliate_region,,경기,R3_사명교차전파
2358,미래에셋생명보험(주),affiliate_addr,,서울특별시 영등포구 국제금융로 56 (여의도동 미래에셋증권빌딩),R3_사명교차전파
2358,미래에셋생명보험(주),affiliate_region,,서울,R3_사명교차전파
2364,키움인베스트먼트(주),affiliate_addr,,서울 영등포구 의사당대로96 10층,R3_사명교차전파
2364,키움인베스트먼트(주),affiliate_region,,서울,R3_사명교차전파
2365,키움증권(주),affiliate_addr,,서울특별시 영등포구 의사당대로96,R3_사명교차전파
2365,키움증권(주),affiliate_region,,서울,R3_사명교차전파
2368,(주)와이즈버즈,affiliate_addr,,경기도 성남시 수정구 금토로69 5층(금토동 다우디지털스퀘어),R3_사명교차전파
2368,(주)와이즈버즈,affiliate_region,,경기,R3_사명교차전파
2370,키움캐피탈(주),affiliate_addr,,서울 영등포구 여의대로 66 17층,R3_사명교차전파
2370,키움캐피탈(주),affiliate_region,,서울,R3_사명교차전파
2372,(주)대륜발전,affiliate_addr,,경기도 양주시 화합로 1710번길 125,R3_사명교차전파
2372,(주)대륜발전,affiliate_region,,경기,R3_사명교차전파
2376,메가박스중앙(주),affiliate_addr,,서울시 성동구 왕십리로 50,R3_사명교차전파
2376,메가박스중앙(주),affiliate_region,,서울,R3_사명교차전파
2388,이데일리(주),affiliate_addr,,서울특별시 중구 통일로 92 KG타워 18층 19층,R3_사명교차전파
2388,이데일리(주),affiliate_region,,서울,R3_사명교차전파
2390,(주)케이지에듀원,affiliate_addr,,서울시 중구 통일로 92 KG타워 12층,R3_사명교차전파
2390,(주)케이지에듀원,affiliate_region,,서울,R3_사명교차전파
2403,한덕철광산업(주),affiliate_addr,,강원도 정선군 신동읍 조동1길 154,R3_사명교차전파
2403,한덕철광산업(주),affiliate_region,,강원,R3_사명교차전파
2413,에스앤케이항공(주),affiliate_addr,,경상남도 사천시,R3_사명교차전파
2413,에스앤케이항공(주),affiliate_region,,경남,R3_사명교차전파
2418,(주)포스코에이앤씨건축사사무소,affiliate_addr,,인천광역시 연수구 컨벤시아대로 165 포스코타워 송도 24층,R3_사명교차전파
2418,(주)포스코에이앤씨건축사사무소,affiliate_region,,인천,R3_사명교차전파
2427,케이아이에스정보통신(주),affiliate_addr,,서울특별시 구로구 새말로 97 센터포인트웨스트 22,R3_사명교차전파
2427,케이아이에스정보통신(주),affiliate_region,,서울,R3_사명교차전파
2428,나이스씨엠에스(주),affiliate_addr,,서울특별시 마포구 마포대로 130,R3_사명교차전파
2428,나이스씨엠에스(주),affiliate_region,,서울,R3_사명교차전파
2429,나이스페이먼츠(주),affiliate_addr,,서울특별시 영등포구 문래로28길 25 세미콜론문래N타워 9층,R3_사명교차전파
2429,나이스페이먼츠(주),affiliate_region,,서울,R3_사명교차전파
2432,(주)나이스엘엠에스,affiliate_addr,,충남 예산군 응봉면 응봉로 50-10 (지석리),R3_사명교차전파
2432,(주)나이스엘엠에스,affiliate_region,,충남,R3_사명교차전파
2436,하이트진로음료(주),affiliate_addr,,경기도 안산시 단원구 별망로79번길 55 (성곡동) ☎ 031-488-5516,R3_사명교차전파
2436,하이트진로음료(주),affiliate_region,,경기,R3_사명교차전파
2437,하이트진로산업(주),affiliate_addr,,경기도 안산시 단원구 별망로 79번길 55 (성곡동),R3_사명교차전파
2437,하이트진로산업(주),affiliate_region,,경기,R3_사명교차전파
2443,(주)케이지에듀원,affiliate_addr,,서울시 중구 통일로 92 KG타워 12층,R3_사명교차전파
2443,(주)케이지에듀원,affiliate_region,,서울,R3_사명교차전파
2451,키움인베스트먼트(주),affiliate_addr,,서울 영등포구 의사당대로96 10층,R3_사명교차전파
2451,키움인베스트먼트(주),affiliate_region,,서울,R3_사명교차전파
2455,(주)와이즈버즈,affiliate_addr,,경기도 성남시 수정구 금토로69 5층(금토동 다우디지털스퀘어),R3_사명교차전파
2455,(주)와이즈버즈,affiliate_region,,경기,R3_사명교차전파
2457,키움캐피탈(주),affiliate_addr,,서울 영등포구 여의대로 66 17층,R3_사명교차전파
2457,키움캐피탈(주),affiliate_region,,서울,R3_사명교차전파
2459,엠즈씨드(주),affiliate_addr,,서울특별시 강남구 도산대로 75길 20,R3_사명교차전파
2459,엠즈씨드(주),affiliate_region,,서울,R3_사명교차전파
2460,매일유업(주),affiliate_addr,,서울특별시 종로구 종로1길 50,R3_사명교차전파
2460,매일유업(주),affiliate_region,,서울,R3_사명교차전파
2461,엠즈푸드시스템(주),affiliate_addr,,경기도 용인시 남사면 통삼로 282-21,R3_사명교차전파
2461,엠즈푸드시스템(주),affiliate_region,,경기,R3_사명교차전파
2474,나래에너지서비스(주),affiliate_addr,,서울시 종로구 서린동 88 한국화장품 건물 2층 위례에너지서비스,R3_사명교차전파
2474,나래에너지서비스(주),affiliate_region,,서울,R3_사명교차전파
2477,에스케이넥실리스,affiliate_addr,,전라북도 정읍시 북면 3산단2길 2,R3_사명교차전파
2477,에스케이넥실리스,affiliate_region,,전북,R3_사명교차전파
2478,SK인천석유화학(주),affiliate_addr,,인천 서구 봉수대로 415,R3_사명교차전파
2478,SK인천석유화학(주),affiliate_region,,인천,R3_사명교차전파
2479,SKC(주),affiliate_addr,,경기 수원시 장안구 장안로 309번길 84,R3_사명교차전파
2479,SKC(주),affiliate_region,,경기,R3_사명교차전파
2480,SK네트웍스(주),affiliate_addr,,경기도 수원시 장안구 경수대로 795,R3_사명교차전파
2480,SK네트웍스(주),affiliate_region,,경기,R3_사명교차전파
2485,SK네트웍스서비스(주),affiliate_addr,,경기도 수원시 팔달구 인계로 166번길 48-21,R3_사명교차전파
2485,SK네트웍스서비스(주),affiliate_region,,경기,R3_사명교차전파
2486,강원도시가스(주),affiliate_addr,,강원 춘천시 삭주로 163,R3_사명교차전파
2486,강원도시가스(주),affiliate_region,,강원,R3_사명교차전파
2487,충청에너지서비스(주),affiliate_addr,,충북 청주시 흥덕구 산단로 244,R3_사명교차전파
2487,충청에너지서비스(주),affiliate_region,,충북,R3_사명교차전파
2499,에이제이토탈(주),affiliate_addr,,서울특별시 송파구 정의로8길 9 15층(문정동 에이제이빌딩),R3_사명교차전파
2499,에이제이토탈(주),affiliate_region,,서울,R3_사명교차전파
2510,(주)케이브랜즈,affiliate_addr,,경기도 성남시 수정구 창업로,R3_사명교차전파
2510,(주)케이브랜즈,affiliate_region,,경기,R3_사명교차전파
2520,코오롱베니트(주),affiliate_addr,,경기도 과천시 별양동 1-23,R3_사명교차전파
2520,코오롱베니트(주),affiliate_region,,경기,R3_사명교차전파
2531,이데일리(주),affiliate_addr,,서울특별시 중구 통일로 92 KG타워 18층 19층,R3_사명교차전파
2531,이데일리(주),affiliate_region,,서울,R3_사명교차전파
2532,(주)케이지에듀원,affiliate_addr,,서울시 중구 통일로 92 KG타워 12층,R3_사명교차전파
2532,(주)케이지에듀원,affiliate_region,,서울,R3_사명교차전파
2542,현대캐피탈(주),affiliate_addr,,서울특별시 중구 세종대로 14,R3_사명교차전파
2542,현대캐피탈(주),affiliate_region,,서울,R3_사명교차전파
2543,현대엔지니어링(주),affiliate_addr,,서울시 종로구,R3_사명교차전파
2543,현대엔지니어링(주),affiliate_region,,서울,R3_사명교차전파
2546,현대종합특수강(주),affiliate_addr,,경기도 안양시 동안구 시민대로 161,R3_사명교차전파
2546,현대종합특수강(주),affiliate_region,,경기,R3_사명교차전파
2548,(주)지아이티,affiliate_addr,,서울시 송파구 마천로87 지아이티빌딩,R3_사명교차전파
2548,(주)지아이티,affiliate_region,,서울,R3_사명교차전파
2552,현대에코에너지(주),affiliate_addr,,충남 서산시,R3_사명교차전파
2552,현대에코에너지(주),affiliate_region,,충남,R3_사명교차전파
2554,현대로템(주),affiliate_addr,,경남 창원시 의창구 창원대로 488,R3_사명교차전파
2554,현대로템(주),affiliate_region,,경남,R3_사명교차전파
2556,(주)풀무원푸드앤컬처,affiliate_addr,,서울 송파구 송파대로34길 29,R3_사명교차전파
2556,(주)풀무원푸드앤컬처,affiliate_region,,서울,R3_사명교차전파
2557,엑소후레쉬물류(주),affiliate_addr,,경기 용인시 기흥구 천명산로 2,R3_사명교차전파
2557,엑소후레쉬물류(주),affiliate_region,,경기,R3_사명교차전파
2558,(주)피피이씨춘천,affiliate_addr,,강원 춘천시 서면 당림리 602,R3_사명교차전파
2558,(주)피피이씨춘천,affiliate_region,,강원,R3_사명교차전파
2560,(주)피피이씨음성생면,affiliate_addr,,충북 음성군 대소면 삼양로 730-27,R3_사명교차전파
2560,(주)피피이씨음성생면,affiliate_region,,충북,R3_사명교차전파
2561,(주)피피이씨음성나물,affiliate_addr,,충북 음성군 대소면 삼양로 730-27,R3_사명교차전파
2561,(주)피피이씨음성나물,affiliate_region,,충북,R3_사명교차전파
2562,풀무원식품(주),affiliate_addr,,충북 음성군 대소면 삼양로 730-27,R3_사명교차전파
2562,풀무원식품(주),affiliate_region,,충북,R3_사명교차전파
2572,코오롱베니트(주),affiliate_addr,,경기도 과천시 별양동 1-23,R3_사명교차전파
2572,코오롱베니트(주),affiliate_region,,경기,R3_사명교차전파
2583,이데일리(주),affiliate_addr,,서울특별시 중구 통일로 92 KG타워 18층 19층,R3_사명교차전파
2583,이데일리(주),affiliate_region,,서울,R3_사명교차전파
2592,천안기업(주),affiliate_addr,,충남 천안시,R3_사명교차전파
2592,천안기업(주),affiliate_region,,충남,R3_사명교차전파
2594,현대개발(주),affiliate_addr,,광주시 광산구,R3_사명교차전파
2594,현대개발(주),affiliate_region,,광주,R3_사명교차전파
2595,동화기업(주),affiliate_addr,,전남 장성군,R3_사명교차전파
2595,동화기업(주),affiliate_region,,전남,R3_사명교차전파
2597,(주)셀트리온제약,affiliate_addr,,충청북도 청주시 청원군 오창읍 2산단로 82,R3_사명교차전파
2597,(주)셀트리온제약,affiliate_region,,충북,R3_사명교차전파
2608,동원팜스(주),affiliate_addr,,충청남도 논산시 가야곡면 동안로 1281,R3_사명교차전파
2608,동원팜스(주),affiliate_region,,충남,R3_사명교차전파
2610,동원로엑스(주),affiliate_addr,,서울 서초구 마방로68(양재동) 동원산업빌딩,R3_사명교차전파
2610,동원로엑스(주),affiliate_region,,서울,R3_사명교차전파
2611,동원건설산업(주),affiliate_addr,,경기도 안양시 동안구 시민대로 327번길 7-512,R3_사명교차전파
2611,동원건설산업(주),affiliate_region,,경기,R3_사명교차전파
2612,동원시스템즈(주),affiliate_addr,,성남시 중원구 갈마치로 302,R3_사명교차전파
2612,동원시스템즈(주),affiliate_region,,충남,R3_사명교차전파
2613,(주)동원홈푸드,affiliate_addr,,서울특별시 서초구 마방로 68,R3_사명교차전파
2613,(주)동원홈푸드,affiliate_region,,서울,R3_사명교차전파
2614,동원로엑스냉장(주),affiliate_addr,,부산광역시 중구 중앙대로 70,R3_사명교차전파
2614,동원로엑스냉장(주),affiliate_region,,부산,R3_사명교차전파
2621,(주)포스코에이앤씨건축사사무소,affiliate_addr,,인천광역시 연수구 컨벤시아대로 165 포스코타워 송도 24층,R3_사명교차전파
2621,(주)포스코에이앤씨건축사사무소,affiliate_region,,인천,R3_사명교차전파
2629,(주)대우에스티,affiliate_addr,,충청북도 진천군 덕산면 한삼로 289,R3_사명교차전파
2629,(주)대우에스티,affiliate_region,,충북,R3_사명교차전파
2631,에스파워(주),affiliate_addr,,대전,R3_사명교차전파
2631,에스파워(주),affiliate_region,,대전,R3_사명교차전파
2632,에스퓨얼셀(주),affiliate_addr,,경기도 성남시,R3_사명교차전파
2632,에스퓨얼셀(주),affiliate_region,,경기,R3_사명교차전파
2639,현대캐피탈(주),affiliate_addr,,서울특별시 중구 세종대로 14,R3_사명교차전파
2639,현대캐피탈(주),affiliate_region,,서울,R3_사명교차전파
2643,현대종합특수강(주),affiliate_addr,,경기도 안양시 동안구 시민대로 161,R3_사명교차전파
2643,현대종합특수강(주),affiliate_region,,경기,R3_사명교차전파
2645,(주)지아이티,affiliate_addr,,서울시 송파구 마천로87 지아이티빌딩,R3_사명교차전파
2645,(주)지아이티,affiliate_region,,서울,R3_사명교차전파
2649,현대에코에너지(주),affiliate_addr,,충남 서산시,R3_사명교차전파
2649,현대에코에너지(주),affiliate_region,,충남,R3_사명교차전파
2651,현대로템(주),affiliate_addr,,경남 창원시 의창구 창원대로 488,R3_사명교차전파
2651,현대로템(주),affiliate_region,,경남,R3_사명교차전파
2658,현대캐피탈(주),affiliate_addr,,서울특별시 중구 세종대로 14,R3_사명교차전파
2658,현대캐피탈(주),affiliate_region,,서울,R3_사명교차전파
2660,현대엔지니어링(주),affiliate_addr,,서울시 종로구,R3_사명교차전파
2660,현대엔지니어링(주),affiliate_region,,서울,R3_사명교차전파
2662,현대종합특수강(주),affiliate_addr,,경기도 안양시 동안구 시민대로 161,R3_사명교차전파
2662,현대종합특수강(주),affiliate_region,,경기,R3_사명교차전파
2664,(주)지아이티,affiliate_addr,,서울시 송파구 마천로87 지아이티빌딩,R3_사명교차전파
2664,(주)지아이티,affiliate_region,,서울,R3_사명교차전파
2668,현대에코에너지(주),affiliate_addr,,충남 서산시,R3_사명교차전파
2668,현대에코에너지(주),affiliate_region,,충남,R3_사명교차전파
2670,현대로템(주),affiliate_addr,,경남 창원시 의창구 창원대로 488,R3_사명교차전파
2670,현대로템(주),affiliate_region,,경남,R3_사명교차전파
2673,한국자산캐피탈(주),affiliate_addr,,서울시 강남구 테헤란로 306,R3_사명교차전파
2673,한국자산캐피탈(주),affiliate_region,,서울,R3_사명교차전파
2674,한국남부발전(주),affiliate_addr,,부산광역시 남구 문현금융로 40 부산국제금융센터,R3_사명교차전파
2674,한국남부발전(주),affiliate_region,,부산,R3_사명교차전파
2675,한국서부발전(주),affiliate_addr,,충청남도 태안군 태안읍 중앙로 285,R3_사명교차전파
2675,한국서부발전(주),affiliate_region,,충남,R3_사명교차전파
2677,경기그린에너지(주),affiliate_addr,,경기도 화성시 향남읍 발안공단로 3길 77,R3_사명교차전파
2677,경기그린에너지(주),affiliate_region,,경기,R3_사명교차전파
2678,한전원자력연료(주),affiliate_addr,,대전광역시 유성구 대덕대로 989번길 242,R3_사명교차전파
2678,한전원자력연료(주),affiliate_region,,대전,R3_사명교차전파
2679,한국수력원자력(주),affiliate_addr,,경상북도 경주시 불국로 1655,R3_사명교차전파
2679,한국수력원자력(주),affiliate_region,,경북,R3_사명교차전파
2680,한국서부발전(주),affiliate_addr,,충청남도 태안군 태안읍 중앙로 285,R3_사명교차전파
2680,한국서부발전(주),affiliate_region,,충남,R3_사명교차전파
2682,경기그린에너지(주),affiliate_addr,,경기도 화성시 향남읍 발안공단로 3길 77,R3_사명교차전파
2682,경기그린에너지(주),affiliate_region,,경기,R3_사명교차전파
2683,한전원자력연료(주),affiliate_addr,,대전광역시 유성구 대덕대로 989번길 242,R3_사명교차전파
2683,한전원자력연료(주),affiliate_region,,대전,R3_사명교차전파
2684,한국수력원자력(주),affiliate_addr,,경상북도 경주시 불국로 1655,R3_사명교차전파
2684,한국수력원자력(주),affiliate_region,,경북,R3_사명교차전파
2685,한국남부발전(주),affiliate_addr,,부산광역시 남구 문현금융로 40 부산국제금융센터,R3_사명교차전파
2685,한국남부발전(주),affiliate_region,,부산,R3_사명교차전파
2687,경기그린에너지(주),affiliate_addr,,경기도 화성시 향남읍 발안공단로 3길 77,R3_사명교차전파
2687,경기그린에너지(주),affiliate_region,,경기,R3_사명교차전파
2688,한전원자력연료(주),affiliate_addr,,대전광역시 유성구 대덕대로 989번길 242,R3_사명교차전파
2688,한전원자력연료(주),affiliate_region,,대전,R3_사명교차전파
2690,(주)동원에프앤비,affiliate_addr,,서울특별시 서초구 마방로 68,R3_사명교차전파
2690,(주)동원에프앤비,affiliate_region,,서울,R3_사명교차전파
2691,동원팜스(주),affiliate_addr,,충청남도 논산시 가야곡면 동안로 1281,R3_사명교차전파
2691,동원팜스(주),affiliate_region,,충남,R3_사명교차전파
2693,동원로엑스(주),affiliate_addr,,서울 서초구 마방로68(양재동) 동원산업빌딩,R3_사명교차전파
2693,동원로엑스(주),affiliate_region,,서울,R3_사명교차전파
2694,동원건설산업(주),affiliate_addr,,경기도 안양시 동안구 시민대로 327번길 7-512,R3_사명교차전파
2694,동원건설산업(주),affiliate_region,,경기,R3_사명교차전파
2695,동원시스템즈(주),affiliate_addr,,성남시 중원구 갈마치로 302,R3_사명교차전파
2695,동원시스템즈(주),affiliate_region,,충남,R3_사명교차전파
2696,(주)동원홈푸드,affiliate_addr,,서울특별시 서초구 마방로 68,R3_사명교차전파
2696,(주)동원홈푸드,affiliate_region,,서울,R3_사명교차전파
2697,동원로엑스냉장(주),affiliate_addr,,부산광역시 중구 중앙대로 70,R3_사명교차전파
2697,동원로엑스냉장(주),affiliate_region,,부산,R3_사명교차전파
2701,(주)진에어,affiliate_addr,,서울특별시 강서구 공항대로 453,R3_사명교차전파
2701,(주)진에어,affiliate_region,,서울,R3_사명교차전파
2702,(주)왕산레저개발,affiliate_addr,,인천광역시 중구 왕산마리나길 143,R3_사명교차전파
2702,(주)왕산레저개발,affiliate_region,,인천,R3_사명교차전파
2703,한진인천컨테이너터미널(주),affiliate_addr,,인천 연수구 인천신항대로 777,R3_사명교차전파
2703,한진인천컨테이너터미널(주),affiliate_region,,인천,R3_사명교차전파
2710,(주)참트레이딩,affiliate_addr,,서울 강남구 도산대로 130 6층,R3_사명교차전파
2710,(주)참트레이딩,affiliate_region,,서울,R3_사명교차전파
2714,(주)팜스코,affiliate_addr,,경기 안성시 미양면 제2공단 4길 33,R3_사명교차전파
2714,(주)팜스코,affiliate_region,,경기,R3_사명교차전파
2715,(주)하림산업,affiliate_addr,,전라북도 익산시 중앙로 121,R3_사명교차전파
2715,(주)하림산업,affiliate_region,,전북,R3_사명교차전파
2717,(주)선진에프에스,affiliate_addr,,경기 이천시 대월면 사동로 76,R3_사명교차전파
2717,(주)선진에프에스,affiliate_region,,경기,R3_사명교차전파
2718,(주)선진,affiliate_addr,,경기 이천시 대월면 사동로 76,R3_사명교차전파
2718,(주)선진,affiliate_region,,경기,R3_사명교차전파
2719,(주)농업회사법인팜스코바이오인티,affiliate_addr,,경기도 이천시 부발읍 부흥로 81번길 140-81,R3_사명교차전파
2719,(주)농업회사법인팜스코바이오인티,affiliate_region,,경기,R3_사명교차전파
2720,(주)선진햄,affiliate_addr,,충북 음성군 대소면 태생리 40-16,R3_사명교차전파
2720,(주)선진햄,affiliate_region,,충북,R3_사명교차전파
2722,(주)농업회사법인주원산오리,affiliate_addr,,충북 진천군 광혜원면 진광로 941-5,R3_사명교차전파
2722,(주)농업회사법인주원산오리,affiliate_region,,충북,R3_사명교차전파
2723,제일사료(주),affiliate_addr,,대전시 대덕구 대전로 1331번길 240,R3_사명교차전파
2723,제일사료(주),affiliate_region,,대전,R3_사명교차전파
2724,(주)하림,affiliate_addr,,전북 익산시 망성면 망성로 14,R3_사명교차전파
2724,(주)하림,affiliate_region,,전북,R3_사명교차전파
2725,(주)애그리로보텍,affiliate_addr,,경기 이천시 부발읍 신아로 58,R3_사명교차전파
2725,(주)애그리로보텍,affiliate_region,,경기,R3_사명교차전파
2729,케이티텔레캅(주),affiliate_addr,,서울특별시 구로구 가마산로 291 KT텔레캅빌딩,R3_사명교차전파
2729,케이티텔레캅(주),affiliate_region,,서울,R3_사명교차전파
2730,(주)케이티에스테이트,affiliate_addr,,서울특별시 강남구 테헤란로 422 KT타워 17층,R3_사명교차전파
2730,(주)케이티에스테이트,affiliate_region,,서울,R3_사명교차전파
2731,(주)케이티엠모바일,affiliate_addr,,서울특별시 강남구 테헤란로 422 (대치동 KT타워),R3_사명교차전파
2731,(주)케이티엠모바일,affiliate_region,,서울,R3_사명교차전파
2734,(주)세아제강,affiliate_addr,,서울 마포구,R3_사명교차전파
2734,(주)세아제강,affiliate_region,,서울,R3_사명교차전파
2735,(주)세아엘앤에스,affiliate_addr,,경상북도 포항시 남구,R3_사명교차전파
2735,(주)세아엘앤에스,affiliate_region,,경북,R3_사명교차전파
2736,세아특수강(주),affiliate_addr,,경상북도 포항시 남구,R3_사명교차전파
2736,세아특수강(주),affiliate_region,,경북,R3_사명교차전파
2737,(주)세아창원특수강,affiliate_addr,,경남 창원시,R3_사명교차전파
2737,(주)세아창원특수강,affiliate_region,,경남,R3_사명교차전파
2739,(주)세아씨엠,affiliate_addr,,전라북도 군산,R3_사명교차전파
2739,(주)세아씨엠,affiliate_region,,전북,R3_사명교차전파
2741,칼라앤터치(주),affiliate_addr,,서울 영등포구 은행로 25,R3_사명교차전파
2741,칼라앤터치(주),affiliate_region,,서울,R3_사명교차전파
2754,(주)엔에스쇼핑,affiliate_addr,,경기 성남시 분당구 판교로 228번길 15,R3_사명교차전파
2754,(주)엔에스쇼핑,affiliate_region,,경기,R3_사명교차전파
2755,(주)참트레이딩,affiliate_addr,,서울 강남구 도산대로 130 6층,R3_사명교차전파
2755,(주)참트레이딩,affiliate_region,,서울,R3_사명교차전파
2759,(주)팜스코,affiliate_addr,,경기 안성시 미양면 제2공단 4길 33,R3_사명교차전파
2759,(주)팜스코,affiliate_region,,경기,R3_사명교차전파
2760,(주)하림산업,affiliate_addr,,전라북도 익산시 중앙로 121,R3_사명교차전파
2760,(주)하림산업,affiliate_region,,전북,R3_사명교차전파
2762,(주)선진에프에스,affiliate_addr,,경기 이천시 대월면 사동로 76,R3_사명교차전파
2762,(주)선진에프에스,affiliate_region,,경기,R3_사명교차전파
2763,(주)선진,affiliate_addr,,경기 이천시 대월면 사동로 76,R3_사명교차전파
2763,(주)선진,affiliate_region,,경기,R3_사명교차전파
2764,(주)농업회사법인팜스코바이오인티,affiliate_addr,,경기도 이천시 부발읍 부흥로 81번길 140-81,R3_사명교차전파
2764,(주)농업회사법인팜스코바이오인티,affiliate_region,,경기,R3_사명교차전파
2765,(주)선진햄,affiliate_addr,,충북 음성군 대소면 태생리 40-16,R3_사명교차전파
2765,(주)선진햄,affiliate_region,,충북,R3_사명교차전파
2767,(주)농업회사법인주원산오리,affiliate_addr,,충북 진천군 광혜원면 진광로 941-5,R3_사명교차전파
2767,(주)농업회사법인주원산오리,affiliate_region,,충북,R3_사명교차전파
2768,제일사료(주),affiliate_addr,,대전시 대덕구 대전로 1331번길 240,R3_사명교차전파
2768,제일사료(주),affiliate_region,,대전,R3_사명교차전파
2769,(주)하림,affiliate_addr,,전북 익산시 망성면 망성로 14,R3_사명교차전파
2769,(주)하림,affiliate_region,,전북,R3_사명교차전파
2770,(주)애그리로보텍,affiliate_addr,,경기 이천시 부발읍 신아로 58,R3_사명교차전파
2770,(주)애그리로보텍,affiliate_region,,경기,R3_사명교차전파
2773,신한캐피탈(주),affiliate_addr,,경기도 안산시 단원구 당곡로 17,R3_사명교차전파
2773,신한캐피탈(주),affiliate_region,,경기,R3_사명교차전파
2784,(주)엘에프푸드,affiliate_addr,,서울특별시 강남구 언주로 174길 11,R3_사명교차전파
2784,(주)엘에프푸드,affiliate_region,,서울,R3_사명교차전파
2790,종근당건강(주),affiliate_addr,,충청남도 당진시 합덕읍 인더스파크로 170,R3_사명교차전파
2790,종근당건강(주),affiliate_region,,충남,R3_사명교차전파
2791,(주)경보제약,affiliate_addr,,충남 아산시 실옥동 345-6,R3_사명교차전파
2791,(주)경보제약,affiliate_region,,충남,R3_사명교차전파
2806,(주)하이프라자,affiliate_addr,,서울특별시 강서구 마곡중앙5로 18,R3_사명교차전파
2806,(주)하이프라자,affiliate_region,,서울,R3_사명교차전파
2822,(주)제주해양과학관,affiliate_addr,,제주특별자치도 서귀포시 섭지코지로 95,R3_사명교차전파
2822,(주)제주해양과학관,affiliate_region,,제주,R3_사명교차전파
2823,(주)한화도시개발,affiliate_addr,,충남 아산시 둔포면 해위안길 62번길 16 (신항리),R3_사명교차전파
2823,(주)한화도시개발,affiliate_region,,충남,R3_사명교차전파
2825,(주)한화갤러리아타임월드,affiliate_addr,,대전광역시 서구 대덕대로 211 (둔산동 갤러리아타임월드백화점),R3_사명교차전파
2825,(주)한화갤러리아타임월드,affiliate_region,,대전,R3_사명교차전파
2829,한화시스템(주),affiliate_addr,,경상북도 구미시 1공단로 244,R3_사명교차전파
2829,한화시스템(주),affiliate_region,,경북,R3_사명교차전파
2830,한화에어로스페이스(주),affiliate_addr,,경남 창원시 성산구 창원대로 1204 (성주동),R3_사명교차전파
2830,한화에어로스페이스(주),affiliate_region,,경남,R3_사명교차전파
2839,(주)농업회사법인한국원종,affiliate_addr,,충북 청주시 청원구 오창읍 중부로 1555 3층,R3_사명교차전파
2839,(주)농업회사법인한국원종,affiliate_region,,충북,R3_사명교차전파
2840,(주)체리푸드,affiliate_addr,,경상북도 영천시 금호읍 금창로 165,R3_사명교차전파
2840,(주)체리푸드,affiliate_region,,경북,R3_사명교차전파
2843,한국자산캐피탈(주),affiliate_addr,,서울시 강남구 테헤란로 306,R3_사명교차전파
2843,한국자산캐피탈(주),affiliate_region,,서울,R3_사명교차전파
2845,(주)현대홈쇼핑,affiliate_addr,,ㆍ서울특별시 강동구 올림픽로70길 34,R3_사명교차전파
2845,(주)현대홈쇼핑,affiliate_region,,서울,R3_사명교차전파
2852,키움인베스트먼트(주),affiliate_addr,,서울 영등포구 의사당대로96 10층,R3_사명교차전파
2852,키움인베스트먼트(주),affiliate_region,,서울,R3_사명교차전파
2854,키움증권(주),affiliate_addr,,서울특별시 영등포구 의사당대로96,R3_사명교차전파
2854,키움증권(주),affiliate_region,,서울,R3_사명교차전파
2856,(주)와이즈버즈,affiliate_addr,,경기도 성남시 수정구 금토로69 5층(금토동 다우디지털스퀘어),R3_사명교차전파
2856,(주)와이즈버즈,affiliate_region,,경기,R3_사명교차전파
2858,키움캐피탈(주),affiliate_addr,,서울 영등포구 여의대로 66 17층,R3_사명교차전파
2858,키움캐피탈(주),affiliate_region,,서울,R3_사명교차전파
2870,(주)녹십자엠에스,affiliate_addr,,경기도 용인시 기흥구 용구대로2469번길 15,R3_사명교차전파
2870,(주)녹십자엠에스,affiliate_region,,경기,R3_사명교차전파
2871,(주)녹십자웰빙,affiliate_addr,,서울시 성동구 왕십리로 241,R3_사명교차전파
2871,(주)녹십자웰빙,affiliate_region,,서울,R3_사명교차전파
2874,농업회사법인인백팜(주),affiliate_addr,,전남 화순군 화순읍 산단길 40,R3_사명교차전파
2874,농업회사법인인백팜(주),affiliate_region,,전남,R3_사명교차전파
2883,(주)에프엠케이,affiliate_addr,,서울시 강남구,R3_사명교차전파
2883,(주)에프엠케이,affiliate_region,,서울,R3_사명교차전파
2902,(주)테이팩스,affiliate_addr,,경기도 수원시 영통구 대학4로 17 8층 812813호,R3_사명교차전파
2902,(주)테이팩스,affiliate_region,,경기,R3_사명교차전파
2905,한솔페이퍼텍(주),affiliate_addr,,전남 담양군 대전면 대치7길 80,R3_사명교차전파
2905,한솔페이퍼텍(주),affiliate_region,,전남,R3_사명교차전파
2921,나래에너지서비스(주),affiliate_addr,,서울시 종로구 서린동 88 한국화장품 건물 2층 위례에너지서비스,R3_사명교차전파
2921,나래에너지서비스(주),affiliate_region,,서울,R3_사명교차전파
2924,에스케이넥실리스,affiliate_addr,,전라북도 정읍시 북면 3산단2길 2,R3_사명교차전파
2924,에스케이넥실리스,affiliate_region,,전북,R3_사명교차전파
2925,SK인천석유화학(주),affiliate_addr,,인천 서구 봉수대로 415,R3_사명교차전파
2925,SK인천석유화학(주),affiliate_region,,인천,R3_사명교차전파
2926,SKC(주),affiliate_addr,,경기 수원시 장안구 장안로 309번길 84,R3_사명교차전파
2926,SKC(주),affiliate_region,,경기,R3_사명교차전파
2927,SK네트웍스(주),affiliate_addr,,경기도 수원시 장안구 경수대로 795,R3_사명교차전파
2927,SK네트웍스(주),affiliate_region,,경기,R3_사명교차전파
2932,SK네트웍스서비스(주),affiliate_addr,,경기도 수원시 팔달구 인계로 166번길 48-21,R3_사명교차전파
2932,SK네트웍스서비스(주),affiliate_region,,경기,R3_사명교차전파
2933,강원도시가스(주),affiliate_addr,,강원 춘천시 삭주로 163,R3_사명교차전파
2933,강원도시가스(주),affiliate_region,,강원,R3_사명교차전파
2934,충청에너지서비스(주),affiliate_addr,,충북 청주시 흥덕구 산단로 244,R3_사명교차전파
2934,충청에너지서비스(주),affiliate_region,,충북,R3_사명교차전파
2947,(주)케이티아이에스,affiliate_addr,,서울시 영등포구 여의대로 14 KT빌딩 10층,R3_사명교차전파
2947,(주)케이티아이에스,affiliate_region,,서울,R3_사명교차전파
2948,케이티텔레캅(주),affiliate_addr,,서울특별시 구로구 가마산로 291 KT텔레캅빌딩,R3_사명교차전파
2948,케이티텔레캅(주),affiliate_region,,서울,R3_사명교차전파
2949,(주)케이티에스테이트,affiliate_addr,,서울특별시 강남구 테헤란로 422 KT타워 17층,R3_사명교차전파
2949,(주)케이티에스테이트,affiliate_region,,서울,R3_사명교차전파
2950,(주)케이티엠모바일,affiliate_addr,,서울특별시 강남구 테헤란로 422 (대치동 KT타워),R3_사명교차전파
2950,(주)케이티엠모바일,affiliate_region,,서울,R3_사명교차전파
2969,(주)신세계프라퍼티,affiliate_addr,,서울시 강남구 테헤란로 231 22층,R3_사명교차전파
2969,(주)신세계프라퍼티,affiliate_region,,서울,R3_사명교차전파
2971,(주)신세계디에프,affiliate_addr,,서울시 중구 퇴계로 77,R3_사명교차전파
2971,(주)신세계디에프,affiliate_region,,서울,R3_사명교차전파
2974,(주)신세계동대구복합환승센터,affiliate_addr,,대구시 동구 동부로 149,R3_사명교차전파
2974,(주)신세계동대구복합환승센터,affiliate_region,,대구,R3_사명교차전파
2977,(주)코람코자산신탁,affiliate_addr,,서울특별시 강남구 삼성로 511(삼성동 골든타워),R3_사명교차전파
2977,(주)코람코자산신탁,affiliate_region,,서울,R3_사명교차전파
2979,(주)엘에프푸드,affiliate_addr,,서울특별시 강남구 언주로 174길 11,R3_사명교차전파
2979,(주)엘에프푸드,affiliate_region,,서울,R3_사명교차전파
2982,(주)에코프로비엠,affiliate_addr,,충북 청주시 청원구 오창읍,R3_사명교차전파
2982,(주)에코프로비엠,affiliate_region,,충북,R3_사명교차전파
2987,키움인베스트먼트(주),affiliate_addr,,서울 영등포구 의사당대로96 10층,R3_사명교차전파
2987,키움인베스트먼트(주),affiliate_region,,서울,R3_사명교차전파
2989,키움증권(주),affiliate_addr,,서울특별시 영등포구 의사당대로96,R3_사명교차전파
2989,키움증권(주),affiliate_region,,서울,R3_사명교차전파
2991,(주)와이즈버즈,affiliate_addr,,경기도 성남시 수정구 금토로69 5층(금토동 다우디지털스퀘어),R3_사명교차전파
2991,(주)와이즈버즈,affiliate_region,,경기,R3_사명교차전파
2993,키움캐피탈(주),affiliate_addr,,서울 영등포구 여의대로 66 17층,R3_사명교차전파
2993,키움캐피탈(주),affiliate_region,,서울,R3_사명교차전파
3005,롯데컬처웍스(주),affiliate_addr,,서울특별시 송파구 올림픽로 295 롯데월드타워 18층,R3_사명교차전파
3005,롯데컬처웍스(주),affiliate_region,,서울,R3_사명교차전파
3006,롯데위탁관리부동산투자회사(주),affiliate_addr,,서울특별시 송파구 올림픽로 300 롯데월드타워 30층,R3_사명교차전파
3006,롯데위탁관리부동산투자회사(주),affiliate_region,,서울,R3_사명교차전파
3007,롯데오토리스(주),affiliate_addr,,경기도 안양시 동안구 전파로 88 8층(호계동 신원비젼타워),R3_사명교차전파
3007,롯데오토리스(주),affiliate_region,,경기,R3_사명교차전파
3008,(주)백학음료,affiliate_addr,,경기도 연천군 백학면 장백로 589,R3_사명교차전파
3008,(주)백학음료,affiliate_region,,경기,R3_사명교차전파
3009,(주)충북소주,affiliate_addr,,충청북도 청주시 청원구 내수읍 우산길 57,R3_사명교차전파
3009,(주)충북소주,affiliate_region,,충북,R3_사명교차전파
3010,산청음료(주),affiliate_addr,,경상남도 산청군 시천면 남명로 59-61,R3_사명교차전파
3010,산청음료(주),affiliate_region,,경남,R3_사명교차전파
3016,(주)베스트토요타,affiliate_addr,,- 주소 : 서울 용산구 한강대로 92 (한강로2가 LS용산타워1층) - 전화 : 02) 2122-7701 - 홈페이지 : http://www.toyotayongsan.co.kr,R3_사명교차전파
3016,(주)베스트토요타,affiliate_region,,서울,R3_사명교차전파
3017,(주)예스코,affiliate_addr,,서울특별시 성동구 자동차시장길 23,R3_사명교차전파
3017,(주)예스코,affiliate_region,,서울,R3_사명교차전파
3018,(주)지앤피,affiliate_addr,,충청북도 충주시 국원대로 448,R3_사명교차전파
3018,(주)지앤피,affiliate_region,,충북,R3_사명교차전파
3019,가온전선(주),affiliate_addr,,경기도 군포시 엘에스로 45번길 120,R3_사명교차전파
3019,가온전선(주),affiliate_region,,경기,R3_사명교차전파
3020,엘에스엠트론(주),affiliate_addr,,경기도 안양시 동안구 LS로 127,R3_사명교차전파
3020,엘에스엠트론(주),affiliate_region,,경기,R3_사명교차전파
3025,엘에스이브이코리아(주),affiliate_addr,,경기도 군포시 공단로140번길 27,R3_사명교차전파
3025,엘에스이브이코리아(주),affiliate_region,,경기,R3_사명교차전파
3026,(주)토리컴,affiliate_addr,,충청남도 아산시 둔포면 아산밸리동로 78,R3_사명교차전파
3026,(주)토리컴,affiliate_region,,충남,R3_사명교차전파
3027,(주)지알엠,affiliate_addr,,경기도 김포시 통진읍 김포대로 1979,R3_사명교차전파
3027,(주)지알엠,affiliate_region,,경기,R3_사명교차전파
3036,하이트진로산업(주),affiliate_addr,,경기도 안산시 단원구 별망로 79번길 55 (성곡동),R3_사명교차전파
3036,하이트진로산업(주),affiliate_region,,경기,R3_사명교차전파
3044,(주)코람코자산신탁,affiliate_addr,,서울특별시 강남구 삼성로 511(삼성동 골든타워),R3_사명교차전파
3044,(주)코람코자산신탁,affiliate_region,,서울,R3_사명교차전파
3046,(주)엘에프푸드,affiliate_addr,,서울특별시 강남구 언주로 174길 11,R3_사명교차전파
3046,(주)엘에프푸드,affiliate_region,,서울,R3_사명교차전파
3050,(주)케이티아이에스,affiliate_addr,,서울시 영등포구 여의대로 14 KT빌딩 10층,R3_사명교차전파
3050,(주)케이티아이에스,affiliate_region,,서울,R3_사명교차전파
3052,(주)케이티에스테이트,affiliate_addr,,서울특별시 강남구 테헤란로 422 KT타워 17층,R3_사명교차전파
3052,(주)케이티에스테이트,affiliate_region,,서울,R3_사명교차전파
3053,(주)케이티엠모바일,affiliate_addr,,서울특별시 강남구 테헤란로 422 (대치동 KT타워),R3_사명교차전파
3053,(주)케이티엠모바일,affiliate_region,,서울,R3_사명교차전파
3070,현대캐피탈(주),affiliate_addr,,서울특별시 중구 세종대로 14,R3_사명교차전파
3070,현대캐피탈(주),affiliate_region,,서울,R3_사명교차전파
3072,현대엔지니어링(주),affiliate_addr,,서울시 종로구,R3_사명교차전파
3072,현대엔지니어링(주),affiliate_region,,서울,R3_사명교차전파
3074,현대종합특수강(주),affiliate_addr,,경기도 안양시 동안구 시민대로 161,R3_사명교차전파
3074,현대종합특수강(주),affiliate_region,,경기,R3_사명교차전파
3076,(주)지아이티,affiliate_addr,,서울시 송파구 마천로87 지아이티빌딩,R3_사명교차전파
3076,(주)지아이티,affiliate_region,,서울,R3_사명교차전파
3080,현대에코에너지(주),affiliate_addr,,충남 서산시,R3_사명교차전파
3080,현대에코에너지(주),affiliate_region,,충남,R3_사명교차전파
3082,현대로템(주),affiliate_addr,,경남 창원시 의창구 창원대로 488,R3_사명교차전파
3082,현대로템(주),affiliate_region,,경남,R3_사명교차전파
3099,에이제이토탈(주),affiliate_addr,,서울특별시 송파구 정의로8길 9 15층(문정동 에이제이빌딩),R3_사명교차전파
3099,에이제이토탈(주),affiliate_region,,서울,R3_사명교차전파
3108,씨제이올리브네트웍스(주),affiliate_addr,,서울특별시 용산구 한강대로 366 트윈시티 10층,R3_사명교차전파
3108,씨제이올리브네트웍스(주),affiliate_region,,서울,R3_사명교차전파
3109,씨제이씨지브이(주),affiliate_addr,,서울특별시 용산구 한강대로23길 55 아이파크몰 6층,R3_사명교차전파
3109,씨제이씨지브이(주),affiliate_region,,서울,R3_사명교차전파
3110,씨제이올리브영(주),affiliate_addr,,서울특별시 용산구 동자동 45 24층,R3_사명교차전파
3110,씨제이올리브영(주),affiliate_region,,서울,R3_사명교차전파
3111,씨제이포디플렉스(주),affiliate_addr,,서울시 용산구 한강대로 23길 55 아이파크몰 6층(한강로3가),R3_사명교차전파
3111,씨제이포디플렉스(주),affiliate_region,,서울,R3_사명교차전파
3112,씨제이프레시웨이(주),affiliate_addr,,경기도 용인시 기흥구 기곡로 32,R3_사명교차전파
3112,씨제이프레시웨이(주),affiliate_region,,경기,R3_사명교차전파
3114,(주)코람코자산신탁,affiliate_addr,,서울특별시 강남구 삼성로 511(삼성동 골든타워),R3_사명교차전파
3114,(주)코람코자산신탁,affiliate_region,,서울,R3_사명교차전파
3127,한덕철광산업(주),affiliate_addr,,강원도 정선군 신동읍 조동1길 154,R3_사명교차전파
3127,한덕철광산업(주),affiliate_region,,강원,R3_사명교차전파
3134,(주)대륜발전,affiliate_addr,,경기도 양주시 화합로 1710번길 125,R3_사명교차전파
3134,(주)대륜발전,affiliate_region,,경기,R3_사명교차전파
3141,(주)제주해양과학관,affiliate_addr,,제주특별자치도 서귀포시 섭지코지로 95,R3_사명교차전파
3141,(주)제주해양과학관,affiliate_region,,제주,R3_사명교차전파
3142,(주)한화도시개발,affiliate_addr,,충남 아산시 둔포면 해위안길 62번길 16 (신항리),R3_사명교차전파
3142,(주)한화도시개발,affiliate_region,,충남,R3_사명교차전파
3144,(주)한화갤러리아타임월드,affiliate_addr,,대전광역시 서구 대덕대로 211 (둔산동 갤러리아타임월드백화점),R3_사명교차전파
3144,(주)한화갤러리아타임월드,affiliate_region,,대전,R3_사명교차전파
3148,한화시스템(주),affiliate_addr,,경상북도 구미시 1공단로 244,R3_사명교차전파
3148,한화시스템(주),affiliate_region,,경북,R3_사명교차전파
3149,한화에어로스페이스(주),affiliate_addr,,경남 창원시 성산구 창원대로 1204 (성주동),R3_사명교차전파
3149,한화에어로스페이스(주),affiliate_region,,경남,R3_사명교차전파
3154,(주)동원에프앤비,affiliate_addr,,서울특별시 서초구 마방로 68,R3_사명교차전파
3154,(주)동원에프앤비,affiliate_region,,서울,R3_사명교차전파
3157,동원로엑스(주),affiliate_addr,,서울 서초구 마방로68(양재동) 동원산업빌딩,R3_사명교차전파
3157,동원로엑스(주),affiliate_region,,서울,R3_사명교차전파
3158,동원건설산업(주),affiliate_addr,,경기도 안양시 동안구 시민대로 327번길 7-512,R3_사명교차전파
3158,동원건설산업(주),affiliate_region,,경기,R3_사명교차전파
3159,동원시스템즈(주),affiliate_addr,,성남시 중원구 갈마치로 302,R3_사명교차전파
3159,동원시스템즈(주),affiliate_region,,충남,R3_사명교차전파
3160,(주)동원홈푸드,affiliate_addr,,서울특별시 서초구 마방로 68,R3_사명교차전파
3160,(주)동원홈푸드,affiliate_region,,서울,R3_사명교차전파
3161,동원로엑스냉장(주),affiliate_addr,,부산광역시 중구 중앙대로 70,R3_사명교차전파
3161,동원로엑스냉장(주),affiliate_region,,부산,R3_사명교차전파
3163,(주)코람코자산신탁,affiliate_addr,,서울특별시 강남구 삼성로 511(삼성동 골든타워),R3_사명교차전파
3163,(주)코람코자산신탁,affiliate_region,,서울,R3_사명교차전파
3166,(주)엘에프푸드,affiliate_addr,,서울특별시 강남구 언주로 174길 11,R3_사명교차전파
3166,(주)엘에프푸드,affiliate_region,,서울,R3_사명교차전파
3178,일진전기(주),affiliate_addr,,경기도 화성시 만년로 905-17,R3_사명교차전파
3178,일진전기(주),affiliate_region,,경기,R3_사명교차전파
3180,알피니언메디칼시스템(주),affiliate_addr,,경기도 화성시 만년로 905-17,R3_사명교차전파
3180,알피니언메디칼시스템(주),affiliate_region,,경기,R3_사명교차전파
3183,케이아이에스정보통신(주),affiliate_addr,,서울특별시 구로구 새말로 97 센터포인트웨스트 22,R3_사명교차전파
3183,케이아이에스정보통신(주),affiliate_region,,서울,R3_사명교차전파
3185,나이스페이먼츠(주),affiliate_addr,,서울특별시 영등포구 문래로28길 25 세미콜론문래N타워 9층,R3_사명교차전파
3185,나이스페이먼츠(주),affiliate_region,,서울,R3_사명교차전파
3188,(주)나이스엘엠에스,affiliate_addr,,충남 예산군 응봉면 응봉로 50-10 (지석리),R3_사명교차전파
3188,(주)나이스엘엠에스,affiliate_region,,충남,R3_사명교차전파
3196,(주)동원에프앤비,affiliate_addr,,서울특별시 서초구 마방로 68,R3_사명교차전파
3196,(주)동원에프앤비,affiliate_region,,서울,R3_사명교차전파
3198,동원팜스(주),affiliate_addr,,충청남도 논산시 가야곡면 동안로 1281,R3_사명교차전파
3198,동원팜스(주),affiliate_region,,충남,R3_사명교차전파
3199,동원로엑스(주),affiliate_addr,,서울 서초구 마방로68(양재동) 동원산업빌딩,R3_사명교차전파
3199,동원로엑스(주),affiliate_region,,서울,R3_사명교차전파
3200,동원건설산업(주),affiliate_addr,,경기도 안양시 동안구 시민대로 327번길 7-512,R3_사명교차전파
3200,동원건설산업(주),affiliate_region,,경기,R3_사명교차전파
3201,동원시스템즈(주),affiliate_addr,,성남시 중원구 갈마치로 302,R3_사명교차전파
3201,동원시스템즈(주),affiliate_region,,충남,R3_사명교차전파
3202,(주)동원홈푸드,affiliate_addr,,서울특별시 서초구 마방로 68,R3_사명교차전파
3202,(주)동원홈푸드,affiliate_region,,서울,R3_사명교차전파
3203,동원로엑스냉장(주),affiliate_addr,,부산광역시 중구 중앙대로 70,R3_사명교차전파
3203,동원로엑스냉장(주),affiliate_region,,부산,R3_사명교차전파
3221,(주)하이프라자,affiliate_addr,,서울특별시 강서구 마곡중앙5로 18,R3_사명교차전파
3221,(주)하이프라자,affiliate_region,,서울,R3_사명교차전파
3225,(주)유성강업,affiliate_addr,,서울시 서초구,R3_사명교차전파
3225,(주)유성강업,affiliate_region,,서울,R3_사명교차전파
3227,무림P&P(주),affiliate_addr,,울산광역시 울주군,R3_사명교차전파
3227,무림P&P(주),affiliate_region,,울산,R3_사명교차전파
3229,무림파워텍(주),affiliate_addr,,경상남도 진주시,R3_사명교차전파
3229,무림파워텍(주),affiliate_region,,경남,R3_사명교차전파
3237,(주)한화도시개발,affiliate_addr,,충남 아산시 둔포면 해위안길 62번길 16 (신항리),R3_사명교차전파
3237,(주)한화도시개발,affiliate_region,,충남,R3_사명교차전파
3239,(주)한화갤러리아타임월드,affiliate_addr,,대전광역시 서구 대덕대로 211 (둔산동 갤러리아타임월드백화점),R3_사명교차전파
3239,(주)한화갤러리아타임월드,affiliate_region,,대전,R3_사명교차전파
3243,한화시스템(주),affiliate_addr,,경상북도 구미시 1공단로 244,R3_사명교차전파
3243,한화시스템(주),affiliate_region,,경북,R3_사명교차전파
3244,한화에어로스페이스(주),affiliate_addr,,경남 창원시 성산구 창원대로 1204 (성주동),R3_사명교차전파
3244,한화에어로스페이스(주),affiliate_region,,경남,R3_사명교차전파
3249,(주)아워홈,affiliate_addr,,서울특별시 강서구 마곡중앙10로 91,R3_사명교차전파
3249,(주)아워홈,affiliate_region,,서울,R3_사명교차전파
3252,나투라페이퍼(주),affiliate_addr,,충북 청주시 흥덕구 오송읍 상정쌍청로 171,R3_사명교차전파
3252,나투라페이퍼(주),affiliate_region,,충북,R3_사명교차전파
3260,케이엔로지스틱스(주),affiliate_addr,,경남 창원시 진해구 신항5로 15-41,R3_사명교차전파
3260,케이엔로지스틱스(주),affiliate_region,,경남,R3_사명교차전파
3268,(주)제주해양과학관,affiliate_addr,,제주특별자치도 서귀포시 섭지코지로 95,R3_사명교차전파
3268,(주)제주해양과학관,affiliate_region,,제주,R3_사명교차전파
3270,(주)한화갤러리아타임월드,affiliate_addr,,대전광역시 서구 대덕대로 211 (둔산동 갤러리아타임월드백화점),R3_사명교차전파
3270,(주)한화갤러리아타임월드,affiliate_region,,대전,R3_사명교차전파
3274,한화시스템(주),affiliate_addr,,경상북도 구미시 1공단로 244,R3_사명교차전파
3274,한화시스템(주),affiliate_region,,경북,R3_사명교차전파
3275,한화에어로스페이스(주),affiliate_addr,,경남 창원시 성산구 창원대로 1204 (성주동),R3_사명교차전파
3275,한화에어로스페이스(주),affiliate_region,,경남,R3_사명교차전파
3288,서진산업(주),affiliate_addr,,경기도 시흥시,R3_사명교차전파
3288,서진산업(주),affiliate_region,,경기,R3_사명교차전파
3289,(주)코모스,affiliate_addr,,주소 : 경기 화성 우성 멱우 122-11 전화번호 : 031-359-1122 홈페이지 : www.secokomos.com,R3_사명교차전파
3289,(주)코모스,affiliate_region,,경기,R3_사명교차전파
3290,아이아(주),affiliate_addr,,주소 : 경기도 안산시 단원구 성곡동 636-2 전화번호 : 031-491-7968 홈페이지 : www.aia21.co.kr,R3_사명교차전파
3290,아이아(주),affiliate_region,,경기,R3_사명교차전파
3294,(주)영풍기계,affiliate_addr,,경상북도 경주시,R3_사명교차전파
3294,(주)영풍기계,affiliate_region,,경북,R3_사명교차전파
3296,(주)엔에스쇼핑,affiliate_addr,,경기 성남시 분당구 판교로 228번길 15,R3_사명교차전파
3296,(주)엔에스쇼핑,affiliate_region,,경기,R3_사명교차전파
3301,(주)팜스코,affiliate_addr,,경기 안성시 미양면 제2공단 4길 33,R3_사명교차전파
3301,(주)팜스코,affiliate_region,,경기,R3_사명교차전파
3302,(주)하림산업,affiliate_addr,,전라북도 익산시 중앙로 121,R3_사명교차전파
3302,(주)하림산업,affiliate_region,,전북,R3_사명교차전파
3304,(주)선진에프에스,affiliate_addr,,경기 이천시 대월면 사동로 76,R3_사명교차전파
3304,(주)선진에프에스,affiliate_region,,경기,R3_사명교차전파
3305,(주)선진,affiliate_addr,,경기 이천시 대월면 사동로 76,R3_사명교차전파
3305,(주)선진,affiliate_region,,경기,R3_사명교차전파
3306,(주)농업회사법인팜스코바이오인티,affiliate_addr,,경기도 이천시 부발읍 부흥로 81번길 140-81,R3_사명교차전파
3306,(주)농업회사법인팜스코바이오인티,affiliate_region,,경기,R3_사명교차전파
3307,(주)선진햄,affiliate_addr,,충북 음성군 대소면 태생리 40-16,R3_사명교차전파
3307,(주)선진햄,affiliate_region,,충북,R3_사명교차전파
3309,(주)농업회사법인주원산오리,affiliate_addr,,충북 진천군 광혜원면 진광로 941-5,R3_사명교차전파
3309,(주)농업회사법인주원산오리,affiliate_region,,충북,R3_사명교차전파
3310,제일사료(주),affiliate_addr,,대전시 대덕구 대전로 1331번길 240,R3_사명교차전파
3310,제일사료(주),affiliate_region,,대전,R3_사명교차전파
3311,(주)하림,affiliate_addr,,전북 익산시 망성면 망성로 14,R3_사명교차전파
3311,(주)하림,affiliate_region,,전북,R3_사명교차전파
3312,(주)애그리로보텍,affiliate_addr,,경기 이천시 부발읍 신아로 58,R3_사명교차전파
3312,(주)애그리로보텍,affiliate_region,,경기,R3_사명교차전파
3318,지에스엠비즈(주),affiliate_addr,,서울특별시 영등포구 선유로43길 19,R3_사명교차전파
3318,지에스엠비즈(주),affiliate_region,,서울,R3_사명교차전파
3331,(주)엔에스쇼핑,affiliate_addr,,경기 성남시 분당구 판교로 228번길 15,R3_사명교차전파
3331,(주)엔에스쇼핑,affiliate_region,,경기,R3_사명교차전파
3333,(주)참트레이딩,affiliate_addr,,서울 강남구 도산대로 130 6층,R3_사명교차전파
3333,(주)참트레이딩,affiliate_region,,서울,R3_사명교차전파
3336,(주)팜스코,affiliate_addr,,경기 안성시 미양면 제2공단 4길 33,R3_사명교차전파
3336,(주)팜스코,affiliate_region,,경기,R3_사명교차전파
3337,(주)하림산업,affiliate_addr,,전라북도 익산시 중앙로 121,R3_사명교차전파
3337,(주)하림산업,affiliate_region,,전북,R3_사명교차전파
3339,(주)선진에프에스,affiliate_addr,,경기 이천시 대월면 사동로 76,R3_사명교차전파
3339,(주)선진에프에스,affiliate_region,,경기,R3_사명교차전파
3340,(주)선진,affiliate_addr,,경기 이천시 대월면 사동로 76,R3_사명교차전파
3340,(주)선진,affiliate_region,,경기,R3_사명교차전파
3341,(주)농업회사법인팜스코바이오인티,affiliate_addr,,경기도 이천시 부발읍 부흥로 81번길 140-81,R3_사명교차전파
3341,(주)농업회사법인팜스코바이오인티,affiliate_region,,경기,R3_사명교차전파
3342,(주)선진햄,affiliate_addr,,충북 음성군 대소면 태생리 40-16,R3_사명교차전파
3342,(주)선진햄,affiliate_region,,충북,R3_사명교차전파
3344,(주)농업회사법인주원산오리,affiliate_addr,,충북 진천군 광혜원면 진광로 941-5,R3_사명교차전파
3344,(주)농업회사법인주원산오리,affiliate_region,,충북,R3_사명교차전파
3345,제일사료(주),affiliate_addr,,대전시 대덕구 대전로 1331번길 240,R3_사명교차전파
3345,제일사료(주),affiliate_region,,대전,R3_사명교차전파
3346,(주)하림,affiliate_addr,,전북 익산시 망성면 망성로 14,R3_사명교차전파
3346,(주)하림,affiliate_region,,전북,R3_사명교차전파
3347,(주)애그리로보텍,affiliate_addr,,경기 이천시 부발읍 신아로 58,R3_사명교차전파
3347,(주)애그리로보텍,affiliate_region,,경기,R3_사명교차전파
3350,(주)대우에스티,affiliate_addr,,충청북도 진천군 덕산면 한삼로 289,R3_사명교차전파
3350,(주)대우에스티,affiliate_region,,충북,R3_사명교차전파
3362,청진이삼프로젝트(주),affiliate_addr,,서울시 종로구 종로3길 17(청진동),R3_사명교차전파
3362,청진이삼프로젝트(주),affiliate_region,,서울,R3_사명교차전파
3372,(주)케이티아이에스,affiliate_addr,,서울시 영등포구 여의대로 14 KT빌딩 10층,R3_사명교차전파
3372,(주)케이티아이에스,affiliate_region,,서울,R3_사명교차전파
3374,케이티텔레캅(주),affiliate_addr,,서울특별시 구로구 가마산로 291 KT텔레캅빌딩,R3_사명교차전파
3374,케이티텔레캅(주),affiliate_region,,서울,R3_사명교차전파
3375,(주)케이티엠모바일,affiliate_addr,,서울특별시 강남구 테헤란로 422 (대치동 KT타워),R3_사명교차전파
3375,(주)케이티엠모바일,affiliate_region,,서울,R3_사명교차전파
3396,나래에너지서비스(주),affiliate_addr,,서울시 종로구 서린동 88 한국화장품 건물 2층 위례에너지서비스,R3_사명교차전파
3396,나래에너지서비스(주),affiliate_region,,서울,R3_사명교차전파
3399,에스케이넥실리스,affiliate_addr,,전라북도 정읍시 북면 3산단2길 2,R3_사명교차전파
3399,에스케이넥실리스,affiliate_region,,전북,R3_사명교차전파
3400,SK인천석유화학(주),affiliate_addr,,인천 서구 봉수대로 415,R3_사명교차전파
3400,SK인천석유화학(주),affiliate_region,,인천,R3_사명교차전파
3401,SKC(주),affiliate_addr,,경기 수원시 장안구 장안로 309번길 84,R3_사명교차전파
3401,SKC(주),affiliate_region,,경기,R3_사명교차전파
3402,SK네트웍스(주),affiliate_addr,,경기도 수원시 장안구 경수대로 795,R3_사명교차전파
3402,SK네트웍스(주),affiliate_region,,경기,R3_사명교차전파
3407,SK네트웍스서비스(주),affiliate_addr,,경기도 수원시 팔달구 인계로 166번길 48-21,R3_사명교차전파
3407,SK네트웍스서비스(주),affiliate_region,,경기,R3_사명교차전파
3408,강원도시가스(주),affiliate_addr,,강원 춘천시 삭주로 163,R3_사명교차전파
3408,강원도시가스(주),affiliate_region,,강원,R3_사명교차전파
3409,충청에너지서비스(주),affiliate_addr,,충북 청주시 흥덕구 산단로 244,R3_사명교차전파
3409,충청에너지서비스(주),affiliate_region,,충북,R3_사명교차전파
3425,현대캐피탈(주),affiliate_addr,,서울특별시 중구 세종대로 14,R3_사명교차전파
3425,현대캐피탈(주),affiliate_region,,서울,R3_사명교차전파
3427,현대엔지니어링(주),affiliate_addr,,서울시 종로구,R3_사명교차전파
3427,현대엔지니어링(주),affiliate_region,,서울,R3_사명교차전파
3431,(주)지아이티,affiliate_addr,,서울시 송파구 마천로87 지아이티빌딩,R3_사명교차전파
3431,(주)지아이티,affiliate_region,,서울,R3_사명교차전파
3435,현대에코에너지(주),affiliate_addr,,충남 서산시,R3_사명교차전파
3435,현대에코에너지(주),affiliate_region,,충남,R3_사명교차전파
3437,현대로템(주),affiliate_addr,,경남 창원시 의창구 창원대로 488,R3_사명교차전파
3437,현대로템(주),affiliate_region,,경남,R3_사명교차전파
3439,(주)동원에프앤비,affiliate_addr,,서울특별시 서초구 마방로 68,R3_사명교차전파
3439,(주)동원에프앤비,affiliate_region,,서울,R3_사명교차전파
3441,동원팜스(주),affiliate_addr,,충청남도 논산시 가야곡면 동안로 1281,R3_사명교차전파
3441,동원팜스(주),affiliate_region,,충남,R3_사명교차전파
3443,동원건설산업(주),affiliate_addr,,경기도 안양시 동안구 시민대로 327번길 7-512,R3_사명교차전파
3443,동원건설산업(주),affiliate_region,,경기,R3_사명교차전파
3444,동원시스템즈(주),affiliate_addr,,성남시 중원구 갈마치로 302,R3_사명교차전파
3444,동원시스템즈(주),affiliate_region,,충남,R3_사명교차전파
3445,(주)동원홈푸드,affiliate_addr,,서울특별시 서초구 마방로 68,R3_사명교차전파
3445,(주)동원홈푸드,affiliate_region,,서울,R3_사명교차전파
3446,동원로엑스냉장(주),affiliate_addr,,부산광역시 중구 중앙대로 70,R3_사명교차전파
3446,동원로엑스냉장(주),affiliate_region,,부산,R3_사명교차전파
3459,나래에너지서비스(주),affiliate_addr,,서울시 종로구 서린동 88 한국화장품 건물 2층 위례에너지서비스,R3_사명교차전파
3459,나래에너지서비스(주),affiliate_region,,서울,R3_사명교차전파
3462,에스케이넥실리스,affiliate_addr,,전라북도 정읍시 북면 3산단2길 2,R3_사명교차전파
3462,에스케이넥실리스,affiliate_region,,전북,R3_사명교차전파
3463,SK인천석유화학(주),affiliate_addr,,인천 서구 봉수대로 415,R3_사명교차전파
3463,SK인천석유화학(주),affiliate_region,,인천,R3_사명교차전파
3464,SKC(주),affiliate_addr,,경기 수원시 장안구 장안로 309번길 84,R3_사명교차전파
3464,SKC(주),affiliate_region,,경기,R3_사명교차전파
3465,SK네트웍스(주),affiliate_addr,,경기도 수원시 장안구 경수대로 795,R3_사명교차전파
3465,SK네트웍스(주),affiliate_region,,경기,R3_사명교차전파
3470,SK네트웍스서비스(주),affiliate_addr,,경기도 수원시 팔달구 인계로 166번길 48-21,R3_사명교차전파
3470,SK네트웍스서비스(주),affiliate_region,,경기,R3_사명교차전파
3471,강원도시가스(주),affiliate_addr,,강원 춘천시 삭주로 163,R3_사명교차전파
3471,강원도시가스(주),affiliate_region,,강원,R3_사명교차전파
3472,충청에너지서비스(주),affiliate_addr,,충북 청주시 흥덕구 산단로 244,R3_사명교차전파
3472,충청에너지서비스(주),affiliate_region,,충북,R3_사명교차전파
3494,나래에너지서비스(주),affiliate_addr,,서울시 종로구 서린동 88 한국화장품 건물 2층 위례에너지서비스,R3_사명교차전파
3494,나래에너지서비스(주),affiliate_region,,서울,R3_사명교차전파
3497,에스케이넥실리스,affiliate_addr,,전라북도 정읍시 북면 3산단2길 2,R3_사명교차전파
3497,에스케이넥실리스,affiliate_region,,전북,R3_사명교차전파
3498,SK인천석유화학(주),affiliate_addr,,인천 서구 봉수대로 415,R3_사명교차전파
3498,SK인천석유화학(주),affiliate_region,,인천,R3_사명교차전파
3499,SKC(주),affiliate_addr,,경기 수원시 장안구 장안로 309번길 84,R3_사명교차전파
3499,SKC(주),affiliate_region,,경기,R3_사명교차전파
3500,SK네트웍스(주),affiliate_addr,,경기도 수원시 장안구 경수대로 795,R3_사명교차전파
3500,SK네트웍스(주),affiliate_region,,경기,R3_사명교차전파
3505,SK네트웍스서비스(주),affiliate_addr,,경기도 수원시 팔달구 인계로 166번길 48-21,R3_사명교차전파
3505,SK네트웍스서비스(주),affiliate_region,,경기,R3_사명교차전파
3506,강원도시가스(주),affiliate_addr,,강원 춘천시 삭주로 163,R3_사명교차전파
3506,강원도시가스(주),affiliate_region,,강원,R3_사명교차전파
3507,충청에너지서비스(주),affiliate_addr,,충북 청주시 흥덕구 산단로 244,R3_사명교차전파
3507,충청에너지서비스(주),affiliate_region,,충북,R3_사명교차전파
3527,메가박스중앙(주),affiliate_addr,,서울시 성동구 왕십리로 50,R3_사명교차전파
3527,메가박스중앙(주),affiliate_region,,서울,R3_사명교차전파
3530,메리츠캐피탈(주),affiliate_addr,,서울특별시 영등포구 국제금융로 10 Three IFC 23층,R3_사명교차전파
3530,메리츠캐피탈(주),affiliate_region,,서울,R3_사명교차전파
3543,나래에너지서비스(주),affiliate_addr,,서울시 종로구 서린동 88 한국화장품 건물 2층 위례에너지서비스,R3_사명교차전파
3543,나래에너지서비스(주),affiliate_region,,서울,R3_사명교차전파
3546,에스케이넥실리스,affiliate_addr,,전라북도 정읍시 북면 3산단2길 2,R3_사명교차전파
3546,에스케이넥실리스,affiliate_region,,전북,R3_사명교차전파
3547,SK인천석유화학(주),affiliate_addr,,인천 서구 봉수대로 415,R3_사명교차전파
3547,SK인천석유화학(주),affiliate_region,,인천,R3_사명교차전파
3548,SKC(주),affiliate_addr,,경기 수원시 장안구 장안로 309번길 84,R3_사명교차전파
3548,SKC(주),affiliate_region,,경기,R3_사명교차전파
3549,SK네트웍스(주),affiliate_addr,,경기도 수원시 장안구 경수대로 795,R3_사명교차전파
3549,SK네트웍스(주),affiliate_region,,경기,R3_사명교차전파
3554,SK네트웍스서비스(주),affiliate_addr,,경기도 수원시 팔달구 인계로 166번길 48-21,R3_사명교차전파
3554,SK네트웍스서비스(주),affiliate_region,,경기,R3_사명교차전파
3555,강원도시가스(주),affiliate_addr,,강원 춘천시 삭주로 163,R3_사명교차전파
3555,강원도시가스(주),affiliate_region,,강원,R3_사명교차전파
3556,충청에너지서비스(주),affiliate_addr,,충북 청주시 흥덕구 산단로 244,R3_사명교차전파
3556,충청에너지서비스(주),affiliate_region,,충북,R3_사명교차전파
3573,(주)신세계프라퍼티,affiliate_addr,,서울시 강남구 테헤란로 231 22층,R3_사명교차전파
3573,(주)신세계프라퍼티,affiliate_region,,서울,R3_사명교차전파
3575,(주)신세계디에프,affiliate_addr,,서울시 중구 퇴계로 77,R3_사명교차전파
3575,(주)신세계디에프,affiliate_region,,서울,R3_사명교차전파
3578,(주)신세계동대구복합환승센터,affiliate_addr,,대구시 동구 동부로 149,R3_사명교차전파
3578,(주)신세계동대구복합환승센터,affiliate_region,,대구,R3_사명교차전파
3590,롯데컬처웍스(주),affiliate_addr,,서울특별시 송파구 올림픽로 295 롯데월드타워 18층,R3_사명교차전파
3590,롯데컬처웍스(주),affiliate_region,,서울,R3_사명교차전파
3591,롯데위탁관리부동산투자회사(주),affiliate_addr,,서울특별시 송파구 올림픽로 300 롯데월드타워 30층,R3_사명교차전파
3591,롯데위탁관리부동산투자회사(주),affiliate_region,,서울,R3_사명교차전파
3592,롯데오토리스(주),affiliate_addr,,경기도 안양시 동안구 전파로 88 8층(호계동 신원비젼타워),R3_사명교차전파
3592,롯데오토리스(주),affiliate_region,,경기,R3_사명교차전파
3593,(주)백학음료,affiliate_addr,,경기도 연천군 백학면 장백로 589,R3_사명교차전파
3593,(주)백학음료,affiliate_region,,경기,R3_사명교차전파
3594,(주)충북소주,affiliate_addr,,충청북도 청주시 청원구 내수읍 우산길 57,R3_사명교차전파
3594,(주)충북소주,affiliate_region,,충북,R3_사명교차전파
3595,산청음료(주),affiliate_addr,,경상남도 산청군 시천면 남명로 59-61,R3_사명교차전파
3595,산청음료(주),affiliate_region,,경남,R3_사명교차전파
3607,(주)삼양패키징,affiliate_addr,,서울시 종로구 종로 33길 31,R3_사명교차전파
3607,(주)삼양패키징,affiliate_region,,서울,R3_사명교차전파
3611,(주)삼양사,affiliate_addr,,서울특별시 종로구 종로33길 31,R3_사명교차전파
3611,(주)삼양사,affiliate_region,,서울,R3_사명교차전파
3612,(주)삼양패키징,affiliate_addr,,서울시 종로구 종로 33길 31,R3_사명교차전파
3612,(주)삼양패키징,affiliate_region,,서울,R3_사명교차전파
3617,(주)포스코에이앤씨건축사사무소,affiliate_addr,,인천광역시 연수구 컨벤시아대로 165 포스코타워 송도 24층,R3_사명교차전파
3617,(주)포스코에이앤씨건축사사무소,affiliate_region,,인천,R3_사명교차전파
3634,(주)에프엠케이,affiliate_addr,,서울시 강남구,R3_사명교차전파
3634,(주)에프엠케이,affiliate_region,,서울,R3_사명교차전파
3666,에스케이넥실리스,affiliate_addr,,전라북도 정읍시 북면 3산단2길 2,R3_사명교차전파
3666,에스케이넥실리스,affiliate_region,,전북,R3_사명교차전파
3667,SK인천석유화학(주),affiliate_addr,,인천 서구 봉수대로 415,R3_사명교차전파
3667,SK인천석유화학(주),affiliate_region,,인천,R3_사명교차전파
3668,SKC(주),affiliate_addr,,경기 수원시 장안구 장안로 309번길 84,R3_사명교차전파
3668,SKC(주),affiliate_region,,경기,R3_사명교차전파
3669,SK네트웍스(주),affiliate_addr,,경기도 수원시 장안구 경수대로 795,R3_사명교차전파
3669,SK네트웍스(주),affiliate_region,,경기,R3_사명교차전파
3674,SK네트웍스서비스(주),affiliate_addr,,경기도 수원시 팔달구 인계로 166번길 48-21,R3_사명교차전파
3674,SK네트웍스서비스(주),affiliate_region,,경기,R3_사명교차전파
3675,강원도시가스(주),affiliate_addr,,강원 춘천시 삭주로 163,R3_사명교차전파
3675,강원도시가스(주),affiliate_region,,강원,R3_사명교차전파
3676,충청에너지서비스(주),affiliate_addr,,충북 청주시 흥덕구 산단로 244,R3_사명교차전파
3676,충청에너지서비스(주),affiliate_region,,충북,R3_사명교차전파
3695,(주)제주항공,affiliate_addr,,제주특별자치도 제주시 신대로 64 (연동건설공제회관3층),R3_사명교차전파
3695,(주)제주항공,affiliate_region,,제주,R3_사명교차전파
3696,모델솔루션(주),affiliate_addr,,서울특별시 금천구,R3_사명교차전파
3696,모델솔루션(주),affiliate_region,,서울,R3_사명교차전파
3718,동아제약(주),affiliate_addr,,서울 동대문구 천호대로 64,R3_사명교차전파
3718,동아제약(주),affiliate_region,,서울,R3_사명교차전파
3745,나래에너지서비스(주),affiliate_addr,,서울시 종로구 서린동 88 한국화장품 건물 2층 위례에너지서비스,R3_사명교차전파
3745,나래에너지서비스(주),affiliate_region,,서울,R3_사명교차전파
3747,에스케이넥실리스,affiliate_addr,,전라북도 정읍시 북면 3산단2길 2,R3_사명교차전파
3747,에스케이넥실리스,affiliate_region,,전북,R3_사명교차전파
3748,SK인천석유화학(주),affiliate_addr,,인천 서구 봉수대로 415,R3_사명교차전파
3748,SK인천석유화학(주),affiliate_region,,인천,R3_사명교차전파
3749,SKC(주),affiliate_addr,,경기 수원시 장안구 장안로 309번길 84,R3_사명교차전파
3749,SKC(주),affiliate_region,,경기,R3_사명교차전파
3750,SK네트웍스(주),affiliate_addr,,경기도 수원시 장안구 경수대로 795,R3_사명교차전파
3750,SK네트웍스(주),affiliate_region,,경기,R3_사명교차전파
3755,SK네트웍스서비스(주),affiliate_addr,,경기도 수원시 팔달구 인계로 166번길 48-21,R3_사명교차전파
3755,SK네트웍스서비스(주),affiliate_region,,경기,R3_사명교차전파
3756,강원도시가스(주),affiliate_addr,,강원 춘천시 삭주로 163,R3_사명교차전파
3756,강원도시가스(주),affiliate_region,,강원,R3_사명교차전파
3757,충청에너지서비스(주),affiliate_addr,,충북 청주시 흥덕구 산단로 244,R3_사명교차전파
3757,충청에너지서비스(주),affiliate_region,,충북,R3_사명교차전파
3770,엘에스글로벌인코퍼레이티드(주),affiliate_addr,,경기도 군포시 산본동 1026-8번지 중산빌딩 5층,R3_사명교차전파
3770,엘에스글로벌인코퍼레이티드(주),affiliate_region,,경기,R3_사명교차전파
3771,(주)예스코,affiliate_addr,,서울특별시 성동구 자동차시장길 23,R3_사명교차전파
3771,(주)예스코,affiliate_region,,서울,R3_사명교차전파
3772,(주)지앤피,affiliate_addr,,충청북도 충주시 국원대로 448,R3_사명교차전파
3772,(주)지앤피,affiliate_region,,충북,R3_사명교차전파
3773,가온전선(주),affiliate_addr,,경기도 군포시 엘에스로 45번길 120,R3_사명교차전파
3773,가온전선(주),affiliate_region,,경기,R3_사명교차전파
3774,엘에스엠트론(주),affiliate_addr,,경기도 안양시 동안구 LS로 127,R3_사명교차전파
3774,엘에스엠트론(주),affiliate_region,,경기,R3_사명교차전파
3779,엘에스이브이코리아(주),affiliate_addr,,경기도 군포시 공단로140번길 27,R3_사명교차전파
3779,엘에스이브이코리아(주),affiliate_region,,경기,R3_사명교차전파
3780,(주)토리컴,affiliate_addr,,충청남도 아산시 둔포면 아산밸리동로 78,R3_사명교차전파
3780,(주)토리컴,affiliate_region,,충남,R3_사명교차전파
3781,(주)지알엠,affiliate_addr,,경기도 김포시 통진읍 김포대로 1979,R3_사명교차전파
3781,(주)지알엠,affiliate_region,,경기,R3_사명교차전파
3790,키움인베스트먼트(주),affiliate_addr,,서울 영등포구 의사당대로96 10층,R3_사명교차전파
3790,키움인베스트먼트(주),affiliate_region,,서울,R3_사명교차전파
3792,키움증권(주),affiliate_addr,,서울특별시 영등포구 의사당대로96,R3_사명교차전파
3792,키움증권(주),affiliate_region,,서울,R3_사명교차전파
3796,키움캐피탈(주),affiliate_addr,,서울 영등포구 여의대로 66 17층,R3_사명교차전파
3796,키움캐피탈(주),affiliate_region,,서울,R3_사명교차전파
3799,매일유업(주),affiliate_addr,,서울특별시 종로구 종로1길 50,R3_사명교차전파
3799,매일유업(주),affiliate_region,,서울,R3_사명교차전파
3800,엠즈푸드시스템(주),affiliate_addr,,경기도 용인시 남사면 통삼로 282-21,R3_사명교차전파
3800,엠즈푸드시스템(주),affiliate_region,,경기,R3_사명교차전파
3807,(주)진에어,affiliate_addr,,서울특별시 강서구 공항대로 453,R3_사명교차전파
3807,(주)진에어,affiliate_region,,서울,R3_사명교차전파
3808,(주)왕산레저개발,affiliate_addr,,인천광역시 중구 왕산마리나길 143,R3_사명교차전파
3808,(주)왕산레저개발,affiliate_region,,인천,R3_사명교차전파
3809,한진인천컨테이너터미널(주),affiliate_addr,,인천 연수구 인천신항대로 777,R3_사명교차전파
3809,한진인천컨테이너터미널(주),affiliate_region,,인천,R3_사명교차전파
3816,삼표자원개발(주),affiliate_addr,,강원도 삼척시 근덕면 시목길 225,R3_사명교차전파
3816,삼표자원개발(주),affiliate_region,,강원,R3_사명교차전파
3817,삼표해운(주),affiliate_addr,,부산광역시 서구 원양로 268(암남동),R3_사명교차전파
3817,삼표해운(주),affiliate_region,,부산,R3_사명교차전파
3820,제일산업(주),affiliate_addr,,경기도 화성시 양감면 은행나무로 456,R3_사명교차전파
3820,제일산업(주),affiliate_region,,경기,R3_사명교차전파
3821,한라시멘트(주),affiliate_addr,,강원도 강릉시 옥계면 산계길 225,R3_사명교차전파
3821,한라시멘트(주),affiliate_region,,강원,R3_사명교차전파
3822,아세아산업개발(주),affiliate_addr,,충청남도 공주시 우성면 방흥리 산32-9,R3_사명교차전파
3822,아세아산업개발(주),affiliate_region,,충남,R3_사명교차전파
3823,경산제지(주),affiliate_addr,,대구광역시 달성군 유가면 비슬로 96길 35,R3_사명교차전파
3823,경산제지(주),affiliate_region,,대구,R3_사명교차전파
3824,(주)에이팩,affiliate_addr,,경상남도 양산시 산막공단남5길 12,R3_사명교차전파
3824,(주)에이팩,affiliate_region,,경남,R3_사명교차전파
3825,(주)종근당바이오,affiliate_addr,,서울 서대문구 충정로 8,R3_사명교차전파
3825,(주)종근당바이오,affiliate_region,,서울,R3_사명교차전파
3826,종근당건강(주),affiliate_addr,,충청남도 당진시 합덕읍 인더스파크로 170,R3_사명교차전파
3826,종근당건강(주),affiliate_region,,충남,R3_사명교차전파
3827,(주)경보제약,affiliate_addr,,충남 아산시 실옥동 345-6,R3_사명교차전파
3827,(주)경보제약,affiliate_region,,충남,R3_사명교차전파
3833,삼표자원개발(주),affiliate_addr,,강원도 삼척시 근덕면 시목길 225,R3_사명교차전파
3833,삼표자원개발(주),affiliate_region,,강원,R3_사명교차전파
3834,삼표해운(주),affiliate_addr,,부산광역시 서구 원양로 268(암남동),R3_사명교차전파
3834,삼표해운(주),affiliate_region,,부산,R3_사명교차전파
3845,(주)신세계디에프,affiliate_addr,,서울시 중구 퇴계로 77,R3_사명교차전파
3845,(주)신세계디에프,affiliate_region,,서울,R3_사명교차전파
3848,(주)신세계동대구복합환승센터,affiliate_addr,,대구시 동구 동부로 149,R3_사명교차전파
3848,(주)신세계동대구복합환승센터,affiliate_region,,대구,R3_사명교차전파
3850,(주)크라운제과,affiliate_addr,,서울시 용산구,R3_사명교차전파
3850,(주)크라운제과,affiliate_region,,서울,R3_사명교차전파
3851,해태제과식품(주),affiliate_addr,,충청남도 천안시,R3_사명교차전파
3851,해태제과식품(주),affiliate_region,,충남,R3_사명교차전파
3869,나래에너지서비스(주),affiliate_addr,,서울시 종로구 서린동 88 한국화장품 건물 2층 위례에너지서비스,R3_사명교차전파
3869,나래에너지서비스(주),affiliate_region,,서울,R3_사명교차전파
3871,에스케이넥실리스,affiliate_addr,,전라북도 정읍시 북면 3산단2길 2,R3_사명교차전파
3871,에스케이넥실리스,affiliate_region,,전북,R3_사명교차전파
3872,SK인천석유화학(주),affiliate_addr,,인천 서구 봉수대로 415,R3_사명교차전파
3872,SK인천석유화학(주),affiliate_region,,인천,R3_사명교차전파
3873,SKC(주),affiliate_addr,,경기 수원시 장안구 장안로 309번길 84,R3_사명교차전파
3873,SKC(주),affiliate_region,,경기,R3_사명교차전파
3874,SK네트웍스(주),affiliate_addr,,경기도 수원시 장안구 경수대로 795,R3_사명교차전파
3874,SK네트웍스(주),affiliate_region,,경기,R3_사명교차전파
3879,SK네트웍스서비스(주),affiliate_addr,,경기도 수원시 팔달구 인계로 166번길 48-21,R3_사명교차전파
3879,SK네트웍스서비스(주),affiliate_region,,경기,R3_사명교차전파
3880,강원도시가스(주),affiliate_addr,,강원 춘천시 삭주로 163,R3_사명교차전파
3880,강원도시가스(주),affiliate_region,,강원,R3_사명교차전파
3881,충청에너지서비스(주),affiliate_addr,,충북 청주시 흥덕구 산단로 244,R3_사명교차전파
3881,충청에너지서비스(주),affiliate_region,,충북,R3_사명교차전파
3899,(주)현대홈쇼핑,affiliate_addr,,ㆍ서울특별시 강동구 올림픽로70길 34,R3_사명교차전파
3899,(주)현대홈쇼핑,affiliate_region,,서울,R3_사명교차전파
3903,(주)서연오토비전,affiliate_addr,,충청남도 당진시 합덕읍 거섬들 2길 45,R3_사명교차전파
3903,(주)서연오토비전,affiliate_region,,충남,R3_사명교차전파
3904,(주)서연인테크,affiliate_addr,,전북 익산시 석암로 17길 137,R3_사명교차전파
3904,(주)서연인테크,affiliate_region,,전북,R3_사명교차전파
3905,(주)서연씨엔에프,affiliate_addr,,울산시 울주군 두서면 전읍농공길 13(전읍리),R3_사명교차전파
3905,(주)서연씨엔에프,affiliate_region,,울산,R3_사명교차전파
3917,(주)마니커,affiliate_addr,,용인,R3_사명교차전파
3918,(주)마니커에프앤지,affiliate_addr,,용인,R3_사명교차전파
3919,(주)팜스토리,affiliate_addr,,서울,R3_사명교차전파
3919,(주)팜스토리,affiliate_region,,서울,R3_사명교차전파
3920,농업회사법인(주)지리산하이포지피,affiliate_addr,,경남 산청군 단성면 창촌리 산 6,R3_사명교차전파
3920,농업회사법인(주)지리산하이포지피,affiliate_region,,경남,R3_사명교차전파
3921,(주)이지팜스,affiliate_addr,,천안,R3_사명교차전파
3922,농업회사법인(주)팜스월드지지피,affiliate_addr,,전남 영광군 법성면 신장길 5길 38,R3_사명교차전파
3922,농업회사법인(주)팜스월드지지피,affiliate_region,,전남,R3_사명교차전파
3923,우리손에프앤지농업회사법인(주),affiliate_addr,,나주,R3_사명교차전파
3927,(주)삼양사,affiliate_addr,,서울특별시 종로구 종로33길 31,R3_사명교차전파
3927,(주)삼양사,affiliate_region,,서울,R3_사명교차전파
3935,(주)테이팩스,affiliate_addr,,경기도 수원시 영통구 대학4로 17 8층 812813호,R3_사명교차전파
3935,(주)테이팩스,affiliate_region,,경기,R3_사명교차전파
3938,한솔페이퍼텍(주),affiliate_addr,,전남 담양군 대전면 대치7길 80,R3_사명교차전파
3938,한솔페이퍼텍(주),affiliate_region,,전남,R3_사명교차전파
3939,(주)에뛰드,affiliate_addr,,서울 용산구 한강대로 100,R3_사명교차전파
3939,(주)에뛰드,affiliate_region,,서울,R3_사명교차전파
3940,(주)코스비전,affiliate_addr,,대전 대덕구 대화로 80,R3_사명교차전파
3940,(주)코스비전,affiliate_region,,대전,R3_사명교차전파
3951,(주)신세계프라퍼티,affiliate_addr,,서울시 강남구 테헤란로 231 22층,R3_사명교차전파
3951,(주)신세계프라퍼티,affiliate_region,,서울,R3_사명교차전파
3952,(주)신세계디에프,affiliate_addr,,서울시 중구 퇴계로 77,R3_사명교차전파
3952,(주)신세계디에프,affiliate_region,,서울,R3_사명교차전파
3955,(주)신세계동대구복합환승센터,affiliate_addr,,대구시 동구 동부로 149,R3_사명교차전파
3955,(주)신세계동대구복합환승센터,affiliate_region,,대구,R3_사명교차전파
3958,(주)케이티아이에스,affiliate_addr,,서울시 영등포구 여의대로 14 KT빌딩 10층,R3_사명교차전파
3958,(주)케이티아이에스,affiliate_region,,서울,R3_사명교차전파
3960,케이티텔레캅(주),affiliate_addr,,서울특별시 구로구 가마산로 291 KT텔레캅빌딩,R3_사명교차전파
3960,케이티텔레캅(주),affiliate_region,,서울,R3_사명교차전파
3961,(주)케이티에스테이트,affiliate_addr,,서울특별시 강남구 테헤란로 422 KT타워 17층,R3_사명교차전파
3961,(주)케이티에스테이트,affiliate_region,,서울,R3_사명교차전파
3971,(주)신세계프라퍼티,affiliate_addr,,서울시 강남구 테헤란로 231 22층,R3_사명교차전파
3971,(주)신세계프라퍼티,affiliate_region,,서울,R3_사명교차전파
3975,(주)신세계동대구복합환승센터,affiliate_addr,,대구시 동구 동부로 149,R3_사명교차전파
3975,(주)신세계동대구복합환승센터,affiliate_region,,대구,R3_사명교차전파
3983,삼성바이오로직스(주),affiliate_addr,,인천광역시 연수구,R3_사명교차전파
3983,삼성바이오로직스(주),affiliate_region,,인천,R3_사명교차전파
3984,삼성바이오에피스(주),affiliate_addr,,인천광역시 연수구,R3_사명교차전파
3984,삼성바이오에피스(주),affiliate_region,,인천,R3_사명교차전파
3986,삼성디스플레이(주),affiliate_addr,,경기도 용인시 기흥구 삼성로 1(농서동),R3_사명교차전파
3986,삼성디스플레이(주),affiliate_region,,경기,R3_사명교차전파
3987,세메스(주),affiliate_addr,,충청남도 천안시 서북구 직산읍 4산단5길 77,R3_사명교차전파
3987,세메스(주),affiliate_region,,충남,R3_사명교차전파
3990,(주)경주환경에너지,affiliate_addr,,경상북도 경주시,R3_사명교차전파
3990,(주)경주환경에너지,affiliate_region,,경북,R3_사명교차전파
4008,케이아이에스정보통신(주),affiliate_addr,,서울특별시 구로구 새말로 97 센터포인트웨스트 22,R3_사명교차전파
4008,케이아이에스정보통신(주),affiliate_region,,서울,R3_사명교차전파
4010,나이스씨엠에스(주),affiliate_addr,,서울특별시 마포구 마포대로 130,R3_사명교차전파
4010,나이스씨엠에스(주),affiliate_region,,서울,R3_사명교차전파
4013,(주)나이스엘엠에스,affiliate_addr,,충남 예산군 응봉면 응봉로 50-10 (지석리),R3_사명교차전파
4013,(주)나이스엘엠에스,affiliate_region,,충남,R3_사명교차전파
4031,훼미리식품(주),affiliate_addr,,서울시 용산구,R3_사명교차전파
4031,훼미리식품(주),affiliate_region,,서울,R3_사명교차전파
4032,해태제과식품(주),affiliate_addr,,충청남도 천안시,R3_사명교차전파
4032,해태제과식품(주),affiliate_region,,충남,R3_사명교차전파
4062,엠즈씨드(주),affiliate_addr,,서울특별시 강남구 도산대로 75길 20,R3_사명교차전파
4062,엠즈씨드(주),affiliate_region,,서울,R3_사명교차전파
4063,엠즈푸드시스템(주),affiliate_addr,,경기도 용인시 남사면 통삼로 282-21,R3_사명교차전파
4063,엠즈푸드시스템(주),affiliate_region,,경기,R3_사명교차전파
4067,키움인베스트먼트(주),affiliate_addr,,서울 영등포구 의사당대로96 10층,R3_사명교차전파
4067,키움인베스트먼트(주),affiliate_region,,서울,R3_사명교차전파
4069,키움증권(주),affiliate_addr,,서울특별시 영등포구 의사당대로96,R3_사명교차전파
4069,키움증권(주),affiliate_region,,서울,R3_사명교차전파
4072,(주)와이즈버즈,affiliate_addr,,경기도 성남시 수정구 금토로69 5층(금토동 다우디지털스퀘어),R3_사명교차전파
4072,(주)와이즈버즈,affiliate_region,,경기,R3_사명교차전파
4073,키움캐피탈(주),affiliate_addr,,서울 영등포구 여의대로 66 17층,R3_사명교차전파
4073,키움캐피탈(주),affiliate_region,,서울,R3_사명교차전파
4087,나래에너지서비스(주),affiliate_addr,,서울시 종로구 서린동 88 한국화장품 건물 2층 위례에너지서비스,R3_사명교차전파
4087,나래에너지서비스(주),affiliate_region,,서울,R3_사명교차전파
4090,SK인천석유화학(주),affiliate_addr,,인천 서구 봉수대로 415,R3_사명교차전파
4090,SK인천석유화학(주),affiliate_region,,인천,R3_사명교차전파
4091,SKC(주),affiliate_addr,,경기 수원시 장안구 장안로 309번길 84,R3_사명교차전파
4091,SKC(주),affiliate_region,,경기,R3_사명교차전파
4092,SK네트웍스(주),affiliate_addr,,경기도 수원시 장안구 경수대로 795,R3_사명교차전파
4092,SK네트웍스(주),affiliate_region,,경기,R3_사명교차전파
4097,SK네트웍스서비스(주),affiliate_addr,,경기도 수원시 팔달구 인계로 166번길 48-21,R3_사명교차전파
4097,SK네트웍스서비스(주),affiliate_region,,경기,R3_사명교차전파
4098,강원도시가스(주),affiliate_addr,,강원 춘천시 삭주로 163,R3_사명교차전파
4098,강원도시가스(주),affiliate_region,,강원,R3_사명교차전파
4099,충청에너지서비스(주),affiliate_addr,,충북 청주시 흥덕구 산단로 244,R3_사명교차전파
4099,충청에너지서비스(주),affiliate_region,,충북,R3_사명교차전파
4128,롯데컬처웍스(주),affiliate_addr,,서울특별시 송파구 올림픽로 295 롯데월드타워 18층,R3_사명교차전파
4128,롯데컬처웍스(주),affiliate_region,,서울,R3_사명교차전파
4129,롯데위탁관리부동산투자회사(주),affiliate_addr,,서울특별시 송파구 올림픽로 300 롯데월드타워 30층,R3_사명교차전파
4129,롯데위탁관리부동산투자회사(주),affiliate_region,,서울,R3_사명교차전파
4130,롯데오토리스(주),affiliate_addr,,경기도 안양시 동안구 전파로 88 8층(호계동 신원비젼타워),R3_사명교차전파
4130,롯데오토리스(주),affiliate_region,,경기,R3_사명교차전파
4131,(주)백학음료,affiliate_addr,,경기도 연천군 백학면 장백로 589,R3_사명교차전파
4131,(주)백학음료,affiliate_region,,경기,R3_사명교차전파
4132,(주)충북소주,affiliate_addr,,충청북도 청주시 청원구 내수읍 우산길 57,R3_사명교차전파
4132,(주)충북소주,affiliate_region,,충북,R3_사명교차전파
4133,산청음료(주),affiliate_addr,,경상남도 산청군 시천면 남명로 59-61,R3_사명교차전파
4133,산청음료(주),affiliate_region,,경남,R3_사명교차전파
4139,엘에스글로벌인코퍼레이티드(주),affiliate_addr,,경기도 군포시 산본동 1026-8번지 중산빌딩 5층,R3_사명교차전파
4139,엘에스글로벌인코퍼레이티드(주),affiliate_region,,경기,R3_사명교차전파
4140,(주)베스트토요타,affiliate_addr,,- 주소 : 서울 용산구 한강대로 92 (한강로2가 LS용산타워1층) - 전화 : 02) 2122-7701 - 홈페이지 : http://www.toyotayongsan.co.kr,R3_사명교차전파
4140,(주)베스트토요타,affiliate_region,,서울,R3_사명교차전파
4141,(주)지앤피,affiliate_addr,,충청북도 충주시 국원대로 448,R3_사명교차전파
4141,(주)지앤피,affiliate_region,,충북,R3_사명교차전파
4142,가온전선(주),affiliate_addr,,경기도 군포시 엘에스로 45번길 120,R3_사명교차전파
4142,가온전선(주),affiliate_region,,경기,R3_사명교차전파
4143,엘에스엠트론(주),affiliate_addr,,경기도 안양시 동안구 LS로 127,R3_사명교차전파
4143,엘에스엠트론(주),affiliate_region,,경기,R3_사명교차전파
4148,엘에스이브이코리아(주),affiliate_addr,,경기도 군포시 공단로140번길 27,R3_사명교차전파
4148,엘에스이브이코리아(주),affiliate_region,,경기,R3_사명교차전파
4149,(주)토리컴,affiliate_addr,,충청남도 아산시 둔포면 아산밸리동로 78,R3_사명교차전파
4149,(주)토리컴,affiliate_region,,충남,R3_사명교차전파
4150,(주)지알엠,affiliate_addr,,경기도 김포시 통진읍 김포대로 1979,R3_사명교차전파
4150,(주)지알엠,affiliate_region,,경기,R3_사명교차전파
4174,롯데위탁관리부동산투자회사(주),affiliate_addr,,서울특별시 송파구 올림픽로 300 롯데월드타워 30층,R3_사명교차전파
4174,롯데위탁관리부동산투자회사(주),affiliate_region,,서울,R3_사명교차전파
4175,롯데오토리스(주),affiliate_addr,,경기도 안양시 동안구 전파로 88 8층(호계동 신원비젼타워),R3_사명교차전파
4175,롯데오토리스(주),affiliate_region,,경기,R3_사명교차전파
4176,(주)백학음료,affiliate_addr,,경기도 연천군 백학면 장백로 589,R3_사명교차전파
4176,(주)백학음료,affiliate_region,,경기,R3_사명교차전파
4177,(주)충북소주,affiliate_addr,,충청북도 청주시 청원구 내수읍 우산길 57,R3_사명교차전파
4177,(주)충북소주,affiliate_region,,충북,R3_사명교차전파
4178,산청음료(주),affiliate_addr,,경상남도 산청군 시천면 남명로 59-61,R3_사명교차전파
4178,산청음료(주),affiliate_region,,경남,R3_사명교차전파
4188,(주)에프엠케이,affiliate_addr,,서울시 강남구,R3_사명교차전파
4188,(주)에프엠케이,affiliate_region,,서울,R3_사명교차전파
4202,(주)에프엠케이,affiliate_addr,,서울시 강남구,R3_사명교차전파
4202,(주)에프엠케이,affiliate_region,,서울,R3_사명교차전파
4216,(주)에프엠케이,affiliate_addr,,서울시 강남구,R3_사명교차전파
4216,(주)에프엠케이,affiliate_region,,서울,R3_사명교차전파
4230,(주)에프엠케이,affiliate_addr,,서울시 강남구,R3_사명교차전파
4230,(주)에프엠케이,affiliate_region,,서울,R3_사명교차전파
4250,키움인베스트먼트(주),affiliate_addr,,서울 영등포구 의사당대로96 10층,R3_사명교차전파
4250,키움인베스트먼트(주),affiliate_region,,서울,R3_사명교차전파
4252,키움증권(주),affiliate_addr,,서울특별시 영등포구 의사당대로96,R3_사명교차전파
4252,키움증권(주),affiliate_region,,서울,R3_사명교차전파
4255,(주)와이즈버즈,affiliate_addr,,경기도 성남시 수정구 금토로69 5층(금토동 다우디지털스퀘어),R3_사명교차전파
4255,(주)와이즈버즈,affiliate_region,,경기,R3_사명교차전파
4259,(주)세아엘앤에스,affiliate_addr,,경상북도 포항시 남구,R3_사명교차전파
4259,(주)세아엘앤에스,affiliate_region,,경북,R3_사명교차전파
4260,세아특수강(주),affiliate_addr,,경상북도 포항시 남구,R3_사명교차전파
4260,세아특수강(주),affiliate_region,,경북,R3_사명교차전파
4261,(주)세아창원특수강,affiliate_addr,,경남 창원시,R3_사명교차전파
4261,(주)세아창원특수강,affiliate_region,,경남,R3_사명교차전파
4263,(주)세아씨엠,affiliate_addr,,전라북도 군산,R3_사명교차전파
4263,(주)세아씨엠,affiliate_region,,전북,R3_사명교차전파
4279,롯데컬처웍스(주),affiliate_addr,,서울특별시 송파구 올림픽로 295 롯데월드타워 18층,R3_사명교차전파
4279,롯데컬처웍스(주),affiliate_region,,서울,R3_사명교차전파
4280,롯데오토리스(주),affiliate_addr,,경기도 안양시 동안구 전파로 88 8층(호계동 신원비젼타워),R3_사명교차전파
4280,롯데오토리스(주),affiliate_region,,경기,R3_사명교차전파
4281,(주)백학음료,affiliate_addr,,경기도 연천군 백학면 장백로 589,R3_사명교차전파
4281,(주)백학음료,affiliate_region,,경기,R3_사명교차전파
4282,(주)충북소주,affiliate_addr,,충청북도 청주시 청원구 내수읍 우산길 57,R3_사명교차전파
4282,(주)충북소주,affiliate_region,,충북,R3_사명교차전파
4283,산청음료(주),affiliate_addr,,경상남도 산청군 시천면 남명로 59-61,R3_사명교차전파
4283,산청음료(주),affiliate_region,,경남,R3_사명교차전파
4291,씨제이올리브네트웍스(주),affiliate_addr,,서울특별시 용산구 한강대로 366 트윈시티 10층,R3_사명교차전파
4291,씨제이올리브네트웍스(주),affiliate_region,,서울,R3_사명교차전파
4292,씨제이씨지브이(주),affiliate_addr,,서울특별시 용산구 한강대로23길 55 아이파크몰 6층,R3_사명교차전파
4292,씨제이씨지브이(주),affiliate_region,,서울,R3_사명교차전파
4294,씨제이포디플렉스(주),affiliate_addr,,서울시 용산구 한강대로 23길 55 아이파크몰 6층(한강로3가),R3_사명교차전파
4294,씨제이포디플렉스(주),affiliate_region,,서울,R3_사명교차전파
4295,씨제이프레시웨이(주),affiliate_addr,,경기도 용인시 기흥구 기곡로 32,R3_사명교차전파
4295,씨제이프레시웨이(주),affiliate_region,,경기,R3_사명교차전파
4313,(주)엔에스쇼핑,affiliate_addr,,경기 성남시 분당구 판교로 228번길 15,R3_사명교차전파
4313,(주)엔에스쇼핑,affiliate_region,,경기,R3_사명교차전파
4315,(주)참트레이딩,affiliate_addr,,서울 강남구 도산대로 130 6층,R3_사명교차전파
4315,(주)참트레이딩,affiliate_region,,서울,R3_사명교차전파
4318,(주)팜스코,affiliate_addr,,경기 안성시 미양면 제2공단 4길 33,R3_사명교차전파
4318,(주)팜스코,affiliate_region,,경기,R3_사명교차전파
4319,(주)하림산업,affiliate_addr,,전라북도 익산시 중앙로 121,R3_사명교차전파
4319,(주)하림산업,affiliate_region,,전북,R3_사명교차전파
4321,(주)선진에프에스,affiliate_addr,,경기 이천시 대월면 사동로 76,R3_사명교차전파
4321,(주)선진에프에스,affiliate_region,,경기,R3_사명교차전파
4322,(주)선진,affiliate_addr,,경기 이천시 대월면 사동로 76,R3_사명교차전파
4322,(주)선진,affiliate_region,,경기,R3_사명교차전파
4323,(주)농업회사법인팜스코바이오인티,affiliate_addr,,경기도 이천시 부발읍 부흥로 81번길 140-81,R3_사명교차전파
4323,(주)농업회사법인팜스코바이오인티,affiliate_region,,경기,R3_사명교차전파
4324,(주)선진햄,affiliate_addr,,충북 음성군 대소면 태생리 40-16,R3_사명교차전파
4324,(주)선진햄,affiliate_region,,충북,R3_사명교차전파
4326,(주)농업회사법인주원산오리,affiliate_addr,,충북 진천군 광혜원면 진광로 941-5,R3_사명교차전파
4326,(주)농업회사법인주원산오리,affiliate_region,,충북,R3_사명교차전파
4327,제일사료(주),affiliate_addr,,대전시 대덕구 대전로 1331번길 240,R3_사명교차전파
4327,제일사료(주),affiliate_region,,대전,R3_사명교차전파
4328,(주)하림,affiliate_addr,,전북 익산시 망성면 망성로 14,R3_사명교차전파
4328,(주)하림,affiliate_region,,전북,R3_사명교차전파
4329,(주)애그리로보텍,affiliate_addr,,경기 이천시 부발읍 신아로 58,R3_사명교차전파
4329,(주)애그리로보텍,affiliate_region,,경기,R3_사명교차전파
4332,한국수력원자력(주),affiliate_addr,,경상북도 경주시 불국로 1655,R3_사명교차전파
4332,한국수력원자력(주),affiliate_region,,경북,R3_사명교차전파
4333,한국남부발전(주),affiliate_addr,,부산광역시 남구 문현금융로 40 부산국제금융센터,R3_사명교차전파
4333,한국남부발전(주),affiliate_region,,부산,R3_사명교차전파
4334,한국서부발전(주),affiliate_addr,,충청남도 태안군 태안읍 중앙로 285,R3_사명교차전파
4334,한국서부발전(주),affiliate_region,,충남,R3_사명교차전파
4335,경기그린에너지(주),affiliate_addr,,경기도 화성시 향남읍 발안공단로 3길 77,R3_사명교차전파
4335,경기그린에너지(주),affiliate_region,,경기,R3_사명교차전파
4336,한전원자력연료(주),affiliate_addr,,대전광역시 유성구 대덕대로 989번길 242,R3_사명교차전파
4336,한전원자력연료(주),affiliate_region,,대전,R3_사명교차전파
4337,케이씨엘엔지테크(주),affiliate_addr,,부산광역시 해운대구 센텀2로 24 센텀다이아몬드빌딩 10층,R3_사명교차전파
4337,케이씨엘엔지테크(주),affiliate_region,,부산,R3_사명교차전파
4356,오뚜기라면(주),affiliate_addr,,경기도 평택시 안중읍 서해로 1427,R3_사명교차전파
4356,오뚜기라면(주),affiliate_region,,경기,R3_사명교차전파
4357,오뚜기제유(주),affiliate_addr,,충청북도 음성군 생극면 음성로 1506-27,R3_사명교차전파
4357,오뚜기제유(주),affiliate_region,,충북,R3_사명교차전파
4358,상미식품(주),affiliate_addr,,충청남도 천안시 동남구 수신면 수신로 503,R3_사명교차전파
4358,상미식품(주),affiliate_region,,충남,R3_사명교차전파
4361,(주)웅진씽크빅,affiliate_addr,,경기도 파주시 회동길,R3_사명교차전파
4361,(주)웅진씽크빅,affiliate_region,,경기,R3_사명교차전파
4365,선광신컨테이너터미널(주),affiliate_addr,,인천광역시 연수구 인천신항대로 707 운영동,R3_사명교차전파
4365,선광신컨테이너터미널(주),affiliate_region,,인천,R3_사명교차전파
4366,핸즈식스(주),affiliate_addr,,경기도 화성시 마도면 마도공단로6길 12,R3_사명교차전파
4366,핸즈식스(주),affiliate_region,,경기,R3_사명교차전파
4369,선광신컨테이너터미널(주),affiliate_addr,,인천광역시 연수구 인천신항대로 707 운영동,R3_사명교차전파
4369,선광신컨테이너터미널(주),affiliate_region,,인천,R3_사명교차전파
4376,현대캐피탈(주),affiliate_addr,,서울특별시 중구 세종대로 14,R3_사명교차전파
4376,현대캐피탈(주),affiliate_region,,서울,R3_사명교차전파
4378,현대엔지니어링(주),affiliate_addr,,서울시 종로구,R3_사명교차전파
4378,현대엔지니어링(주),affiliate_region,,서울,R3_사명교차전파
4381,현대종합특수강(주),affiliate_addr,,경기도 안양시 동안구 시민대로 161,R3_사명교차전파
4381,현대종합특수강(주),affiliate_region,,경기,R3_사명교차전파
4382,(주)지아이티,affiliate_addr,,서울시 송파구 마천로87 지아이티빌딩,R3_사명교차전파
4382,(주)지아이티,affiliate_region,,서울,R3_사명교차전파
4386,현대에코에너지(주),affiliate_addr,,충남 서산시,R3_사명교차전파
4386,현대에코에너지(주),affiliate_region,,충남,R3_사명교차전파
4388,현대로템(주),affiliate_addr,,경남 창원시 의창구 창원대로 488,R3_사명교차전파
4388,현대로템(주),affiliate_region,,경남,R3_사명교차전파
4389,삼송캐스터,affiliate_addr,,인천 부평,R3_사명교차전파
4389,삼송캐스터,affiliate_region,,인천,R3_사명교차전파
4391,수완에너지(주),affiliate_addr,,광주광역시,R3_사명교차전파
4391,수완에너지(주),affiliate_region,,광주,R3_사명교차전파
4392,이건에너지(주),affiliate_addr,,인천광역시 남구 송림로307번길 132 (도화동),R3_사명교차전파
4392,이건에너지(주),affiliate_region,,인천,R3_사명교차전파
4393,(주)이건창호,affiliate_addr,,인천광역시 미추홀구 염전로 91,R3_사명교차전파
4393,(주)이건창호,affiliate_region,,인천,R3_사명교차전파
4394,(주)이건그린텍,affiliate_addr,,경기도 김포시 대명항로 205번길 49-38,R3_사명교차전파
4394,(주)이건그린텍,affiliate_region,,경기,R3_사명교차전파
4398,케이비아이알로이(주),affiliate_addr,,충남 아산시 남성길 256,R3_사명교차전파
4398,케이비아이알로이(주),affiliate_region,,충남,R3_사명교차전파
4405,(주)신암정유,affiliate_addr,,충남 예산군 신암면 조곡리 9-30번지,R3_사명교차전파
4405,(주)신암정유,affiliate_region,,충남,R3_사명교차전파
4407,태양합성(주),affiliate_addr,,인천광역시 남동구 남동대로 79번길 34,R3_사명교차전파
4407,태양합성(주),affiliate_region,,인천,R3_사명교차전파
4409,(주)제이엠씨,affiliate_addr,,울산광역시 울주군 온산읍 화산리125,R3_사명교차전파
4409,(주)제이엠씨,affiliate_region,,울산,R3_사명교차전파
4412,수완에너지(주),affiliate_addr,,광주광역시,R3_사명교차전파
4412,수완에너지(주),affiliate_region,,광주,R3_사명교차전파
4414,일진디앤코(주),affiliate_addr,,서울시 마포구 마포대로 45,R3_사명교차전파
4414,일진디앤코(주),affiliate_region,,서울,R3_사명교차전파
4416,일진전기(주),affiliate_addr,,경기도 화성시 만년로 905-17,R3_사명교차전파
4416,일진전기(주),affiliate_region,,경기,R3_사명교차전파
4418,알피니언메디칼시스템(주),affiliate_addr,,경기도 화성시 만년로 905-17,R3_사명교차전파
4418,알피니언메디칼시스템(주),affiliate_region,,경기,R3_사명교차전파
4423,케이비아이알로이(주),affiliate_addr,,충남 아산시 남성길 256,R3_사명교차전파
4423,케이비아이알로이(주),affiliate_region,,충남,R3_사명교차전파
4428,풍산특수금속(주),affiliate_addr,,인천광역시 강화군 강화읍 강화산단로 274 (전화 : 032-540-7114),R3_사명교차전파
4428,풍산특수금속(주),affiliate_region,,인천,R3_사명교차전파
4431,동화기업(주),affiliate_addr,,전남 장성군,R3_사명교차전파
4431,동화기업(주),affiliate_region,,전남,R3_사명교차전파
4432,태양합성(주),affiliate_addr,,인천광역시 남동구 남동대로 79번길 34,R3_사명교차전파
4432,태양합성(주),affiliate_region,,인천,R3_사명교차전파
4436,칼라앤터치(주),affiliate_addr,,서울 영등포구 은행로 25,R3_사명교차전파
4436,칼라앤터치(주),affiliate_region,,서울,R3_사명교차전파
4439,(주)에쎈테크,affiliate_addr,,경기도 안산시 단원구 시화로 133 (성곡동),R3_사명교차전파
4439,(주)에쎈테크,affiliate_region,,경기,R3_사명교차전파
4440,(주)대창,affiliate_addr,,경기도 시흥시 공단1대로 391,R3_사명교차전파
4440,(주)대창,affiliate_region,,경기,R3_사명교차전파
4447,케이씨(주),affiliate_addr,,경기도 안성시 미양면 제2공단3길 30 -,R3_사명교차전파
4447,케이씨(주),affiliate_region,,경기,R3_사명교차전파
4447,케이씨(주),affiliate_sicNm,,반도체 제조용 기계 제조업,R3_사명교차전파
4449,(주)상상인선박기계,affiliate_addr,,경상남도 함안군 군북면 석교천길 223,R3_사명교차전파
4449,(주)상상인선박기계,affiliate_region,,경남,R3_사명교차전파
4454,케이씨(주),affiliate_addr,,경기도 안성시 미양면 제2공단3길 30 -,R3_사명교차전파
4454,케이씨(주),affiliate_region,,경기,R3_사명교차전파
4454,케이씨(주),affiliate_sicNm,,반도체 제조용 기계 제조업,R3_사명교차전파
4457,(주)태우,affiliate_addr,,경기도 안산시 단원구 시화로 133 (성곡동),R3_사명교차전파
4457,(주)태우,affiliate_region,,경기,R3_사명교차전파
4458,(주)대창,affiliate_addr,,경기도 시흥시 공단1대로 391,R3_사명교차전파
4458,(주)대창,affiliate_region,,경기,R3_사명교차전파
4461,동화기업(주),affiliate_addr,,전남 장성군,R3_사명교차전파
4461,동화기업(주),affiliate_region,,전남,R3_사명교차전파
4473,한솔페이퍼텍(주),affiliate_addr,,전남 담양군 대전면 대치7길 80,R3_사명교차전파
4473,한솔페이퍼텍(주),affiliate_region,,전남,R3_사명교차전파
4484,한일시멘트(주),affiliate_addr,,서울시 서초구 서초동 1587,R3_사명교차전파
4484,한일시멘트(주),affiliate_region,,서울,R3_사명교차전파
4494,두산퓨얼셀(주),affiliate_addr,,전라북도 익산시 석암로7길 100,R3_사명교차전파
4494,두산퓨얼셀(주),affiliate_region,,전북,R3_사명교차전파
4500,케이씨(주),affiliate_addr,,경기도 안성시 미양면 제2공단3길 30 -,R3_사명교차전파
4500,케이씨(주),affiliate_region,,경기,R3_사명교차전파
4500,케이씨(주),affiliate_sicNm,,반도체 제조용 기계 제조업,R3_사명교차전파
4507,지에스엠비즈(주),affiliate_addr,,서울특별시 영등포구 선유로43길 19,R3_사명교차전파
4507,지에스엠비즈(주),affiliate_region,,서울,R3_사명교차전파
4508,지에스바이오(주),affiliate_addr,,전라남도 여수시 여수산단로 923-106,R3_사명교차전파
4508,지에스바이오(주),affiliate_region,,전남,R3_사명교차전파
4519,동화기업(주),affiliate_addr,,전남 장성군,R3_사명교차전파
4519,동화기업(주),affiliate_region,,전남,R3_사명교차전파
4521,태양합성(주),affiliate_addr,,인천광역시 남동구 남동대로 79번길 34,R3_사명교차전파
4521,태양합성(주),affiliate_region,,인천,R3_사명교차전파
4526,(주)왕산레저개발,affiliate_addr,,인천광역시 중구 왕산마리나길 143,R3_사명교차전파
4526,(주)왕산레저개발,affiliate_region,,인천,R3_사명교차전파
4527,한진인천컨테이너터미널(주),affiliate_addr,,인천 연수구 인천신항대로 777,R3_사명교차전파
4527,한진인천컨테이너터미널(주),affiliate_region,,인천,R3_사명교차전파
4533,칼라앤터치(주),affiliate_addr,,서울 영등포구 은행로 25,R3_사명교차전파
4533,칼라앤터치(주),affiliate_region,,서울,R3_사명교차전파
4543,이건산업(주),affiliate_addr,,인천광역시 미추홀구 염전로 91,R3_사명교차전파
4543,이건산업(주),affiliate_region,,인천,R3_사명교차전파
4544,(주)이건창호,affiliate_addr,,인천광역시 미추홀구 염전로 91,R3_사명교차전파
4544,(주)이건창호,affiliate_region,,인천,R3_사명교차전파
4545,(주)이건그린텍,affiliate_addr,,경기도 김포시 대명항로 205번길 49-38,R3_사명교차전파
4545,(주)이건그린텍,affiliate_region,,경기,R3_사명교차전파
4558,삼성바이오에피스(주),affiliate_addr,,인천광역시 연수구,R3_사명교차전파
4558,삼성바이오에피스(주),affiliate_region,,인천,R3_사명교차전파
4560,삼성디스플레이(주),affiliate_addr,,경기도 용인시 기흥구 삼성로 1(농서동),R3_사명교차전파
4560,삼성디스플레이(주),affiliate_region,,경기,R3_사명교차전파
4561,세메스(주),affiliate_addr,,충청남도 천안시 서북구 직산읍 4산단5길 77,R3_사명교차전파
4561,세메스(주),affiliate_region,,충남,R3_사명교차전파
4562,(주)미래엔서해에너지,affiliate_addr,,충청남도 당진시 시곡로 348,R3_사명교차전파
4562,(주)미래엔서해에너지,affiliate_region,,충남,R3_사명교차전파
4564,(주)오션스위츠,affiliate_addr,,제주특별자치도 제주시 탑동 해안로 74,R3_사명교차전파
4564,(주)오션스위츠,affiliate_region,,제주,R3_사명교차전파
4569,(주)진에어,affiliate_addr,,서울특별시 강서구 공항대로 453,R3_사명교차전파
4569,(주)진에어,affiliate_region,,서울,R3_사명교차전파
4570,한진인천컨테이너터미널(주),affiliate_addr,,인천 연수구 인천신항대로 777,R3_사명교차전파
4570,한진인천컨테이너터미널(주),affiliate_region,,인천,R3_사명교차전파
4583,삼성바이오로직스(주),affiliate_addr,,인천광역시 연수구,R3_사명교차전파
4583,삼성바이오로직스(주),affiliate_region,,인천,R3_사명교차전파
4585,삼성디스플레이(주),affiliate_addr,,경기도 용인시 기흥구 삼성로 1(농서동),R3_사명교차전파
4585,삼성디스플레이(주),affiliate_region,,경기,R3_사명교차전파
4586,세메스(주),affiliate_addr,,충청남도 천안시 서북구 직산읍 4산단5길 77,R3_사명교차전파
4586,세메스(주),affiliate_region,,충남,R3_사명교차전파
4602,나래에너지서비스(주),affiliate_addr,,서울시 종로구 서린동 88 한국화장품 건물 2층 위례에너지서비스,R3_사명교차전파
4602,나래에너지서비스(주),affiliate_region,,서울,R3_사명교차전파
4605,에스케이넥실리스,affiliate_addr,,전라북도 정읍시 북면 3산단2길 2,R3_사명교차전파
4605,에스케이넥실리스,affiliate_region,,전북,R3_사명교차전파
4606,SKC(주),affiliate_addr,,경기 수원시 장안구 장안로 309번길 84,R3_사명교차전파
4606,SKC(주),affiliate_region,,경기,R3_사명교차전파
4607,SK네트웍스(주),affiliate_addr,,경기도 수원시 장안구 경수대로 795,R3_사명교차전파
4607,SK네트웍스(주),affiliate_region,,경기,R3_사명교차전파
4612,SK네트웍스서비스(주),affiliate_addr,,경기도 수원시 팔달구 인계로 166번길 48-21,R3_사명교차전파
4612,SK네트웍스서비스(주),affiliate_region,,경기,R3_사명교차전파
4613,강원도시가스(주),affiliate_addr,,강원 춘천시 삭주로 163,R3_사명교차전파
4613,강원도시가스(주),affiliate_region,,강원,R3_사명교차전파
4614,충청에너지서비스(주),affiliate_addr,,충북 청주시 흥덕구 산단로 244,R3_사명교차전파
4614,충청에너지서비스(주),affiliate_region,,충북,R3_사명교차전파
4628,(주)진에어,affiliate_addr,,서울특별시 강서구 공항대로 453,R3_사명교차전파
4628,(주)진에어,affiliate_region,,서울,R3_사명교차전파
4629,(주)왕산레저개발,affiliate_addr,,인천광역시 중구 왕산마리나길 143,R3_사명교차전파
4629,(주)왕산레저개발,affiliate_region,,인천,R3_사명교차전파
4632,에이치케이이노엔(주),affiliate_addr,,청주시 흥덕구,R3_사명교차전파
4636,이건산업(주),affiliate_addr,,인천광역시 미추홀구 염전로 91,R3_사명교차전파
4636,이건산업(주),affiliate_region,,인천,R3_사명교차전파
4637,이건에너지(주),affiliate_addr,,인천광역시 남구 송림로307번길 132 (도화동),R3_사명교차전파
4637,이건에너지(주),affiliate_region,,인천,R3_사명교차전파
4638,(주)이건그린텍,affiliate_addr,,경기도 김포시 대명항로 205번길 49-38,R3_사명교차전파
4638,(주)이건그린텍,affiliate_region,,경기,R3_사명교차전파
4654,(주)젤텍,affiliate_addr,,부산광역시 강서구 송정동,R3_사명교차전파
4654,(주)젤텍,affiliate_region,,부산,R3_사명교차전파
4659,이데일리(주),affiliate_addr,,서울특별시 중구 통일로 92 KG타워 18층 19층,R3_사명교차전파
4659,이데일리(주),affiliate_region,,서울,R3_사명교차전파
4661,(주)케이지에듀원,affiliate_addr,,서울시 중구 통일로 92 KG타워 12층,R3_사명교차전파
4661,(주)케이지에듀원,affiliate_region,,서울,R3_사명교차전파
4666,케이아이에스정보통신(주),affiliate_addr,,서울특별시 구로구 새말로 97 센터포인트웨스트 22,R3_사명교차전파
4666,케이아이에스정보통신(주),affiliate_region,,서울,R3_사명교차전파
4668,나이스씨엠에스(주),affiliate_addr,,서울특별시 마포구 마포대로 130,R3_사명교차전파
4668,나이스씨엠에스(주),affiliate_region,,서울,R3_사명교차전파
4669,나이스페이먼츠(주),affiliate_addr,,서울특별시 영등포구 문래로28길 25 세미콜론문래N타워 9층,R3_사명교차전파
4669,나이스페이먼츠(주),affiliate_region,,서울,R3_사명교차전파
4671,(주)나이스엘엠에스,affiliate_addr,,충남 예산군 응봉면 응봉로 50-10 (지석리),R3_사명교차전파
4671,(주)나이스엘엠에스,affiliate_region,,충남,R3_사명교차전파
4677,케이씨(주),affiliate_addr,,경기도 안성시 미양면 제2공단3길 30 -,R3_사명교차전파
4677,케이씨(주),affiliate_region,,경기,R3_사명교차전파
4677,케이씨(주),affiliate_sicNm,,반도체 제조용 기계 제조업,R3_사명교차전파
4679,(주)고려제지,affiliate_addr,,경기 시흥시 군자천로 99,R3_사명교차전파
4679,(주)고려제지,affiliate_region,,경기,R3_사명교차전파
4681,(주)한청판지,affiliate_addr,,충북 청주시 상당구 문의면 남계길 22-66,R3_사명교차전파
4681,(주)한청판지,affiliate_region,,충북,R3_사명교차전파
4697,한덕철광산업(주),affiliate_addr,,강원도 정선군 신동읍 조동1길 154,R3_사명교차전파
4697,한덕철광산업(주),affiliate_region,,강원,R3_사명교차전파
4708,(주)삼아벤처,affiliate_addr,,충북 진천군 이월면 이덕로 566,R3_사명교차전파
4708,(주)삼아벤처,affiliate_region,,충북,R3_사명교차전파
4709,농업회사법인(주)사조원,affiliate_addr,,전북 김제시 금산면 구성6길 122,R3_사명교차전파
4709,농업회사법인(주)사조원,affiliate_region,,전북,R3_사명교차전파
4712,(주)케이브랜즈,affiliate_addr,,경기도 성남시 수정구 창업로,R3_사명교차전파
4712,(주)케이브랜즈,affiliate_region,,경기,R3_사명교차전파
4728,이건산업(주),affiliate_addr,,인천광역시 미추홀구 염전로 91,R3_사명교차전파
4728,이건산업(주),affiliate_region,,인천,R3_사명교차전파
4729,이건에너지(주),affiliate_addr,,인천광역시 남구 송림로307번길 132 (도화동),R3_사명교차전파
4729,이건에너지(주),affiliate_region,,인천,R3_사명교차전파
4730,(주)이건창호,affiliate_addr,,인천광역시 미추홀구 염전로 91,R3_사명교차전파
4730,(주)이건창호,affiliate_region,,인천,R3_사명교차전파
4745,나래에너지서비스(주),affiliate_addr,,서울시 종로구 서린동 88 한국화장품 건물 2층 위례에너지서비스,R3_사명교차전파
4745,나래에너지서비스(주),affiliate_region,,서울,R3_사명교차전파
4748,에스케이넥실리스,affiliate_addr,,전라북도 정읍시 북면 3산단2길 2,R3_사명교차전파
4748,에스케이넥실리스,affiliate_region,,전북,R3_사명교차전파
4749,SK인천석유화학(주),affiliate_addr,,인천 서구 봉수대로 415,R3_사명교차전파
4749,SK인천석유화학(주),affiliate_region,,인천,R3_사명교차전파
4750,SK네트웍스(주),affiliate_addr,,경기도 수원시 장안구 경수대로 795,R3_사명교차전파
4750,SK네트웍스(주),affiliate_region,,경기,R3_사명교차전파
4755,SK네트웍스서비스(주),affiliate_addr,,경기도 수원시 팔달구 인계로 166번길 48-21,R3_사명교차전파
4755,SK네트웍스서비스(주),affiliate_region,,경기,R3_사명교차전파
4756,강원도시가스(주),affiliate_addr,,강원 춘천시 삭주로 163,R3_사명교차전파
4756,강원도시가스(주),affiliate_region,,강원,R3_사명교차전파
4757,충청에너지서비스(주),affiliate_addr,,충북 청주시 흥덕구 산단로 244,R3_사명교차전파
4757,충청에너지서비스(주),affiliate_region,,충북,R3_사명교차전파
4780,나래에너지서비스(주),affiliate_addr,,서울시 종로구 서린동 88 한국화장품 건물 2층 위례에너지서비스,R3_사명교차전파
4780,나래에너지서비스(주),affiliate_region,,서울,R3_사명교차전파
4783,에스케이넥실리스,affiliate_addr,,전라북도 정읍시 북면 3산단2길 2,R3_사명교차전파
4783,에스케이넥실리스,affiliate_region,,전북,R3_사명교차전파
4784,SK인천석유화학(주),affiliate_addr,,인천 서구 봉수대로 415,R3_사명교차전파
4784,SK인천석유화학(주),affiliate_region,,인천,R3_사명교차전파
4785,SKC(주),affiliate_addr,,경기 수원시 장안구 장안로 309번길 84,R3_사명교차전파
4785,SKC(주),affiliate_region,,경기,R3_사명교차전파
4790,SK네트웍스서비스(주),affiliate_addr,,경기도 수원시 팔달구 인계로 166번길 48-21,R3_사명교차전파
4790,SK네트웍스서비스(주),affiliate_region,,경기,R3_사명교차전파
4791,강원도시가스(주),affiliate_addr,,강원 춘천시 삭주로 163,R3_사명교차전파
4791,강원도시가스(주),affiliate_region,,강원,R3_사명교차전파
4792,충청에너지서비스(주),affiliate_addr,,충북 청주시 흥덕구 산단로 244,R3_사명교차전파
4792,충청에너지서비스(주),affiliate_region,,충북,R3_사명교차전파
4808,삼성바이오로직스(주),affiliate_addr,,인천광역시 연수구,R3_사명교차전파
4808,삼성바이오로직스(주),affiliate_region,,인천,R3_사명교차전파
4809,삼성바이오에피스(주),affiliate_addr,,인천광역시 연수구,R3_사명교차전파
4809,삼성바이오에피스(주),affiliate_region,,인천,R3_사명교차전파
4810,삼성디스플레이(주),affiliate_addr,,경기도 용인시 기흥구 삼성로 1(농서동),R3_사명교차전파
4810,삼성디스플레이(주),affiliate_region,,경기,R3_사명교차전파
4811,세메스(주),affiliate_addr,,충청남도 천안시 서북구 직산읍 4산단5길 77,R3_사명교차전파
4811,세메스(주),affiliate_region,,충남,R3_사명교차전파
4819,(주)태우,affiliate_addr,,경기도 안산시 단원구 시화로 133 (성곡동),R3_사명교차전파
4819,(주)태우,affiliate_region,,경기,R3_사명교차전파
4820,(주)에쎈테크,affiliate_addr,,경기도 안산시 단원구 시화로 133 (성곡동),R3_사명교차전파
4820,(주)에쎈테크,affiliate_region,,경기,R3_사명교차전파
4825,(주)삼원강재,affiliate_addr,,경북 포항시 남구 대송면 동국로66번길 40,R3_사명교차전파
4825,(주)삼원강재,affiliate_region,,경북,R3_사명교차전파
4830,엘에스글로벌인코퍼레이티드(주),affiliate_addr,,경기도 군포시 산본동 1026-8번지 중산빌딩 5층,R3_사명교차전파
4830,엘에스글로벌인코퍼레이티드(주),affiliate_region,,경기,R3_사명교차전파
4831,(주)베스트토요타,affiliate_addr,,- 주소 : 서울 용산구 한강대로 92 (한강로2가 LS용산타워1층) - 전화 : 02) 2122-7701 - 홈페이지 : http://www.toyotayongsan.co.kr,R3_사명교차전파
4831,(주)베스트토요타,affiliate_region,,서울,R3_사명교차전파
4832,(주)예스코,affiliate_addr,,서울특별시 성동구 자동차시장길 23,R3_사명교차전파
4832,(주)예스코,affiliate_region,,서울,R3_사명교차전파
4833,가온전선(주),affiliate_addr,,경기도 군포시 엘에스로 45번길 120,R3_사명교차전파
4833,가온전선(주),affiliate_region,,경기,R3_사명교차전파
4834,엘에스엠트론(주),affiliate_addr,,경기도 안양시 동안구 LS로 127,R3_사명교차전파
4834,엘에스엠트론(주),affiliate_region,,경기,R3_사명교차전파
4839,엘에스이브이코리아(주),affiliate_addr,,경기도 군포시 공단로140번길 27,R3_사명교차전파
4839,엘에스이브이코리아(주),affiliate_region,,경기,R3_사명교차전파
4840,(주)토리컴,affiliate_addr,,충청남도 아산시 둔포면 아산밸리동로 78,R3_사명교차전파
4840,(주)토리컴,affiliate_region,,충남,R3_사명교차전파
4841,(주)지알엠,affiliate_addr,,경기도 김포시 통진읍 김포대로 1979,R3_사명교차전파
4841,(주)지알엠,affiliate_region,,경기,R3_사명교차전파
4862,켐코(주),affiliate_addr,,서울특별시 종로구 종로 33 그랑서울,R3_사명교차전파
4862,켐코(주),affiliate_region,,서울,R3_사명교차전파
4863,영풍전자(주),affiliate_addr,,경기 안산시 단원구 범지기로 141번길 62,R3_사명교차전파
4863,영풍전자(주),affiliate_region,,경기,R3_사명교차전파
4864,(주)아난티코브,affiliate_addr,,부산광역시 기장군 기장읍 기장해안로 268-31,R3_사명교차전파
4864,(주)아난티코브,affiliate_region,,부산,R3_사명교차전파
4870,이건산업(주),affiliate_addr,,인천광역시 미추홀구 염전로 91,R3_사명교차전파
4870,이건산업(주),affiliate_region,,인천,R3_사명교차전파
4871,이건에너지(주),affiliate_addr,,인천광역시 남구 송림로307번길 132 (도화동),R3_사명교차전파
4871,이건에너지(주),affiliate_region,,인천,R3_사명교차전파
4872,(주)이건창호,affiliate_addr,,인천광역시 미추홀구 염전로 91,R3_사명교차전파
4872,(주)이건창호,affiliate_region,,인천,R3_사명교차전파
4873,(주)이건그린텍,affiliate_addr,,경기도 김포시 대명항로 205번길 49-38,R3_사명교차전파
4873,(주)이건그린텍,affiliate_region,,경기,R3_사명교차전파
4883,(주)제주항공,affiliate_addr,,제주특별자치도 제주시 신대로 64 (연동건설공제회관3층),R3_사명교차전파
4883,(주)제주항공,affiliate_region,,제주,R3_사명교차전파
4885,에스와이스틸텍(주),affiliate_addr,,충북 충주시 엄정면,R3_사명교차전파
4885,에스와이스틸텍(주),affiliate_region,,충북,R3_사명교차전파
4887,에스와이빌드(주),affiliate_addr,,충남 아산시 인주면,R3_사명교차전파
4887,에스와이빌드(주),affiliate_region,,충남,R3_사명교차전파
4890,나투라페이퍼(주),affiliate_addr,,충북 청주시 흥덕구 오송읍 상정쌍청로 171,R3_사명교차전파
4890,나투라페이퍼(주),affiliate_region,,충북,R3_사명교차전파
4917,현대캐피탈(주),affiliate_addr,,서울특별시 중구 세종대로 14,R3_사명교차전파
4917,현대캐피탈(주),affiliate_region,,서울,R3_사명교차전파
4919,현대엔지니어링(주),affiliate_addr,,서울시 종로구,R3_사명교차전파
4919,현대엔지니어링(주),affiliate_region,,서울,R3_사명교차전파
4922,현대종합특수강(주),affiliate_addr,,경기도 안양시 동안구 시민대로 161,R3_사명교차전파
4922,현대종합특수강(주),affiliate_region,,경기,R3_사명교차전파
4927,현대에코에너지(주),affiliate_addr,,충남 서산시,R3_사명교차전파
4927,현대에코에너지(주),affiliate_region,,충남,R3_사명교차전파
4929,현대로템(주),affiliate_addr,,경남 창원시 의창구 창원대로 488,R3_사명교차전파
4929,현대로템(주),affiliate_region,,경남,R3_사명교차전파
4931,(주)엔에스쇼핑,affiliate_addr,,경기 성남시 분당구 판교로 228번길 15,R3_사명교차전파
4931,(주)엔에스쇼핑,affiliate_region,,경기,R3_사명교차전파
4933,(주)참트레이딩,affiliate_addr,,서울 강남구 도산대로 130 6층,R3_사명교차전파
4933,(주)참트레이딩,affiliate_region,,서울,R3_사명교차전파
4936,(주)팜스코,affiliate_addr,,경기 안성시 미양면 제2공단 4길 33,R3_사명교차전파
4936,(주)팜스코,affiliate_region,,경기,R3_사명교차전파
4937,(주)하림산업,affiliate_addr,,전라북도 익산시 중앙로 121,R3_사명교차전파
4937,(주)하림산업,affiliate_region,,전북,R3_사명교차전파
4939,(주)선진에프에스,affiliate_addr,,경기 이천시 대월면 사동로 76,R3_사명교차전파
4939,(주)선진에프에스,affiliate_region,,경기,R3_사명교차전파
4940,(주)선진,affiliate_addr,,경기 이천시 대월면 사동로 76,R3_사명교차전파
4940,(주)선진,affiliate_region,,경기,R3_사명교차전파
4941,(주)농업회사법인팜스코바이오인티,affiliate_addr,,경기도 이천시 부발읍 부흥로 81번길 140-81,R3_사명교차전파
4941,(주)농업회사법인팜스코바이오인티,affiliate_region,,경기,R3_사명교차전파
4942,(주)선진햄,affiliate_addr,,충북 음성군 대소면 태생리 40-16,R3_사명교차전파
4942,(주)선진햄,affiliate_region,,충북,R3_사명교차전파
4944,(주)농업회사법인주원산오리,affiliate_addr,,충북 진천군 광혜원면 진광로 941-5,R3_사명교차전파
4944,(주)농업회사법인주원산오리,affiliate_region,,충북,R3_사명교차전파
4945,제일사료(주),affiliate_addr,,대전시 대덕구 대전로 1331번길 240,R3_사명교차전파
4945,제일사료(주),affiliate_region,,대전,R3_사명교차전파
4946,(주)하림,affiliate_addr,,전북 익산시 망성면 망성로 14,R3_사명교차전파
4946,(주)하림,affiliate_region,,전북,R3_사명교차전파
4947,(주)애그리로보텍,affiliate_addr,,경기 이천시 부발읍 신아로 58,R3_사명교차전파
4947,(주)애그리로보텍,affiliate_region,,경기,R3_사명교차전파
4949,(주)엔에스쇼핑,affiliate_addr,,경기 성남시 분당구 판교로 228번길 15,R3_사명교차전파
4949,(주)엔에스쇼핑,affiliate_region,,경기,R3_사명교차전파
4951,(주)참트레이딩,affiliate_addr,,서울 강남구 도산대로 130 6층,R3_사명교차전파
4951,(주)참트레이딩,affiliate_region,,서울,R3_사명교차전파
4955,(주)하림산업,affiliate_addr,,전라북도 익산시 중앙로 121,R3_사명교차전파
4955,(주)하림산업,affiliate_region,,전북,R3_사명교차전파
4957,(주)선진에프에스,affiliate_addr,,경기 이천시 대월면 사동로 76,R3_사명교차전파
4957,(주)선진에프에스,affiliate_region,,경기,R3_사명교차전파
4958,(주)선진,affiliate_addr,,경기 이천시 대월면 사동로 76,R3_사명교차전파
4958,(주)선진,affiliate_region,,경기,R3_사명교차전파
4959,(주)농업회사법인팜스코바이오인티,affiliate_addr,,경기도 이천시 부발읍 부흥로 81번길 140-81,R3_사명교차전파
4959,(주)농업회사법인팜스코바이오인티,affiliate_region,,경기,R3_사명교차전파
4960,(주)선진햄,affiliate_addr,,충북 음성군 대소면 태생리 40-16,R3_사명교차전파
4960,(주)선진햄,affiliate_region,,충북,R3_사명교차전파
4962,(주)농업회사법인주원산오리,affiliate_addr,,충북 진천군 광혜원면 진광로 941-5,R3_사명교차전파
4962,(주)농업회사법인주원산오리,affiliate_region,,충북,R3_사명교차전파
4963,제일사료(주),affiliate_addr,,대전시 대덕구 대전로 1331번길 240,R3_사명교차전파
4963,제일사료(주),affiliate_region,,대전,R3_사명교차전파
4964,(주)하림,affiliate_addr,,전북 익산시 망성면 망성로 14,R3_사명교차전파
4964,(주)하림,affiliate_region,,전북,R3_사명교차전파
4965,(주)애그리로보텍,affiliate_addr,,경기 이천시 부발읍 신아로 58,R3_사명교차전파
4965,(주)애그리로보텍,affiliate_region,,경기,R3_사명교차전파
4970,케이아이에스정보통신(주),affiliate_addr,,서울특별시 구로구 새말로 97 센터포인트웨스트 22,R3_사명교차전파
4970,케이아이에스정보통신(주),affiliate_region,,서울,R3_사명교차전파
4972,나이스씨엠에스(주),affiliate_addr,,서울특별시 마포구 마포대로 130,R3_사명교차전파
4972,나이스씨엠에스(주),affiliate_region,,서울,R3_사명교차전파
4973,나이스페이먼츠(주),affiliate_addr,,서울특별시 영등포구 문래로28길 25 세미콜론문래N타워 9층,R3_사명교차전파
4973,나이스페이먼츠(주),affiliate_region,,서울,R3_사명교차전파
4975,(주)나이스엘엠에스,affiliate_addr,,충남 예산군 응봉면 응봉로 50-10 (지석리),R3_사명교차전파
4975,(주)나이스엘엠에스,affiliate_region,,충남,R3_사명교차전파
4984,코오롱베니트(주),affiliate_addr,,경기도 과천시 별양동 1-23,R3_사명교차전파
4984,코오롱베니트(주),affiliate_region,,경기,R3_사명교차전파
4994,한일시멘트(주),affiliate_addr,,서울시 서초구 서초동 1587,R3_사명교차전파
4994,한일시멘트(주),affiliate_region,,서울,R3_사명교차전파
5013,한덕철광산업(주),affiliate_addr,,강원도 정선군 신동읍 조동1길 154,R3_사명교차전파
5013,한덕철광산업(주),affiliate_region,,강원,R3_사명교차전파
5020,(주)엔에스쇼핑,affiliate_addr,,경기 성남시 분당구 판교로 228번길 15,R3_사명교차전파
5020,(주)엔에스쇼핑,affiliate_region,,경기,R3_사명교차전파
5022,(주)참트레이딩,affiliate_addr,,서울 강남구 도산대로 130 6층,R3_사명교차전파
5022,(주)참트레이딩,affiliate_region,,서울,R3_사명교차전파
5026,(주)팜스코,affiliate_addr,,경기 안성시 미양면 제2공단 4길 33,R3_사명교차전파
5026,(주)팜스코,affiliate_region,,경기,R3_사명교차전파
5028,(주)선진에프에스,affiliate_addr,,경기 이천시 대월면 사동로 76,R3_사명교차전파
5028,(주)선진에프에스,affiliate_region,,경기,R3_사명교차전파
5029,(주)선진,affiliate_addr,,경기 이천시 대월면 사동로 76,R3_사명교차전파
5029,(주)선진,affiliate_region,,경기,R3_사명교차전파
5030,(주)농업회사법인팜스코바이오인티,affiliate_addr,,경기도 이천시 부발읍 부흥로 81번길 140-81,R3_사명교차전파
5030,(주)농업회사법인팜스코바이오인티,affiliate_region,,경기,R3_사명교차전파
5031,(주)선진햄,affiliate_addr,,충북 음성군 대소면 태생리 40-16,R3_사명교차전파
5031,(주)선진햄,affiliate_region,,충북,R3_사명교차전파
5033,(주)농업회사법인주원산오리,affiliate_addr,,충북 진천군 광혜원면 진광로 941-5,R3_사명교차전파
5033,(주)농업회사법인주원산오리,affiliate_region,,충북,R3_사명교차전파
5034,제일사료(주),affiliate_addr,,대전시 대덕구 대전로 1331번길 240,R3_사명교차전파
5034,제일사료(주),affiliate_region,,대전,R3_사명교차전파
5035,(주)하림,affiliate_addr,,전북 익산시 망성면 망성로 14,R3_사명교차전파
5035,(주)하림,affiliate_region,,전북,R3_사명교차전파
5036,(주)애그리로보텍,affiliate_addr,,경기 이천시 부발읍 신아로 58,R3_사명교차전파
5036,(주)애그리로보텍,affiliate_region,,경기,R3_사명교차전파
5038,(주)동원에프앤비,affiliate_addr,,서울특별시 서초구 마방로 68,R3_사명교차전파
5038,(주)동원에프앤비,affiliate_region,,서울,R3_사명교차전파
5040,동원팜스(주),affiliate_addr,,충청남도 논산시 가야곡면 동안로 1281,R3_사명교차전파
5040,동원팜스(주),affiliate_region,,충남,R3_사명교차전파
5042,동원로엑스(주),affiliate_addr,,서울 서초구 마방로68(양재동) 동원산업빌딩,R3_사명교차전파
5042,동원로엑스(주),affiliate_region,,서울,R3_사명교차전파
5043,동원시스템즈(주),affiliate_addr,,성남시 중원구 갈마치로 302,R3_사명교차전파
5043,동원시스템즈(주),affiliate_region,,충남,R3_사명교차전파
5044,(주)동원홈푸드,affiliate_addr,,서울특별시 서초구 마방로 68,R3_사명교차전파
5044,(주)동원홈푸드,affiliate_region,,서울,R3_사명교차전파
5045,동원로엑스냉장(주),affiliate_addr,,부산광역시 중구 중앙대로 70,R3_사명교차전파
5045,동원로엑스냉장(주),affiliate_region,,부산,R3_사명교차전파
5059,에스퓨얼셀(주),affiliate_addr,,경기도 성남시,R3_사명교차전파
5059,에스퓨얼셀(주),affiliate_region,,경기,R3_사명교차전파
5061,에스파워(주),affiliate_addr,,대전,R3_사명교차전파
5061,에스파워(주),affiliate_region,,대전,R3_사명교차전파
5065,(주)케이브랜즈,affiliate_addr,,경기도 성남시 수정구 창업로,R3_사명교차전파
5065,(주)케이브랜즈,affiliate_region,,경기,R3_사명교차전파
5073,(주)코리아써키트,affiliate_addr,,경기 안산시 단원구 강촌로 139번길 9,R3_사명교차전파
5073,(주)코리아써키트,affiliate_region,,경기,R3_사명교차전파
5074,영풍전자(주),affiliate_addr,,경기 안산시 단원구 범지기로 141번길 62,R3_사명교차전파
5074,영풍전자(주),affiliate_region,,경기,R3_사명교차전파
5089,나래에너지서비스(주),affiliate_addr,,서울시 종로구 서린동 88 한국화장품 건물 2층 위례에너지서비스,R3_사명교차전파
5089,나래에너지서비스(주),affiliate_region,,서울,R3_사명교차전파
5092,에스케이넥실리스,affiliate_addr,,전라북도 정읍시 북면 3산단2길 2,R3_사명교차전파
5092,에스케이넥실리스,affiliate_region,,전북,R3_사명교차전파
5093,SK인천석유화학(주),affiliate_addr,,인천 서구 봉수대로 415,R3_사명교차전파
5093,SK인천석유화학(주),affiliate_region,,인천,R3_사명교차전파
5094,SKC(주),affiliate_addr,,경기 수원시 장안구 장안로 309번길 84,R3_사명교차전파
5094,SKC(주),affiliate_region,,경기,R3_사명교차전파
5095,SK네트웍스(주),affiliate_addr,,경기도 수원시 장안구 경수대로 795,R3_사명교차전파
5095,SK네트웍스(주),affiliate_region,,경기,R3_사명교차전파
5099,SK네트웍스서비스(주),affiliate_addr,,경기도 수원시 팔달구 인계로 166번길 48-21,R3_사명교차전파
5099,SK네트웍스서비스(주),affiliate_region,,경기,R3_사명교차전파
5100,강원도시가스(주),affiliate_addr,,강원 춘천시 삭주로 163,R3_사명교차전파
5100,강원도시가스(주),affiliate_region,,강원,R3_사명교차전파
5101,충청에너지서비스(주),affiliate_addr,,충북 청주시 흥덕구 산단로 244,R3_사명교차전파
5101,충청에너지서비스(주),affiliate_region,,충북,R3_사명교차전파
5118,(주)제주해양과학관,affiliate_addr,,제주특별자치도 서귀포시 섭지코지로 95,R3_사명교차전파
5118,(주)제주해양과학관,affiliate_region,,제주,R3_사명교차전파
5119,(주)한화도시개발,affiliate_addr,,충남 아산시 둔포면 해위안길 62번길 16 (신항리),R3_사명교차전파
5119,(주)한화도시개발,affiliate_region,,충남,R3_사명교차전파
5120,(주)한화갤러리아타임월드,affiliate_addr,,대전광역시 서구 대덕대로 211 (둔산동 갤러리아타임월드백화점),R3_사명교차전파
5120,(주)한화갤러리아타임월드,affiliate_region,,대전,R3_사명교차전파
5124,한화시스템(주),affiliate_addr,,경상북도 구미시 1공단로 244,R3_사명교차전파
5124,한화시스템(주),affiliate_region,,경북,R3_사명교차전파
5125,한화에어로스페이스(주),affiliate_addr,,경남 창원시 성산구 창원대로 1204 (성주동),R3_사명교차전파
5125,한화에어로스페이스(주),affiliate_region,,경남,R3_사명교차전파
5146,천안기업(주),affiliate_addr,,충남 천안시,R3_사명교차전파
5146,천안기업(주),affiliate_region,,충남,R3_사명교차전파
5148,현대개발(주),affiliate_addr,,광주시 광산구,R3_사명교차전파
5148,현대개발(주),affiliate_region,,광주,R3_사명교차전파
5149,동화기업(주),affiliate_addr,,전남 장성군,R3_사명교차전파
5149,동화기업(주),affiliate_region,,전남,R3_사명교차전파
5165,(주)제주항공,affiliate_addr,,제주특별자치도 제주시 신대로 64 (연동건설공제회관3층),R3_사명교차전파
5165,(주)제주항공,affiliate_region,,제주,R3_사명교차전파
5181,(주)나전,affiliate_addr,,광주광역시 광산구 평동산단로 239-20,R3_사명교차전파
5181,(주)나전,affiliate_region,,광주,R3_사명교차전파
5191,(주)진에어,affiliate_addr,,서울특별시 강서구 공항대로 453,R3_사명교차전파
5191,(주)진에어,affiliate_region,,서울,R3_사명교차전파
5192,(주)왕산레저개발,affiliate_addr,,인천광역시 중구 왕산마리나길 143,R3_사명교차전파
5192,(주)왕산레저개발,affiliate_region,,인천,R3_사명교차전파
5193,한진인천컨테이너터미널(주),affiliate_addr,,인천 연수구 인천신항대로 777,R3_사명교차전파
5193,한진인천컨테이너터미널(주),affiliate_region,,인천,R3_사명교차전파
5194,김천에너지서비스(주),affiliate_addr,,경북 김천시 공단4길 118-10,R3_사명교차전파
5194,김천에너지서비스(주),affiliate_region,,경북,R3_사명교차전파
5196,풍산특수금속(주),affiliate_addr,,인천광역시 강화군 강화읍 강화산단로 274 (전화 : 032-540-7114),R3_사명교차전파
5196,풍산특수금속(주),affiliate_region,,인천,R3_사명교차전파
5202,지에스엠비즈(주),affiliate_addr,,서울특별시 영등포구 선유로43길 19,R3_사명교차전파
5202,지에스엠비즈(주),affiliate_region,,서울,R3_사명교차전파
5203,지에스바이오(주),affiliate_addr,,전라남도 여수시 여수산단로 923-106,R3_사명교차전파
5203,지에스바이오(주),affiliate_region,,전남,R3_사명교차전파
5219,엠즈씨드(주),affiliate_addr,,서울특별시 강남구 도산대로 75길 20,R3_사명교차전파
5219,엠즈씨드(주),affiliate_region,,서울,R3_사명교차전파
5220,매일유업(주),affiliate_addr,,서울특별시 종로구 종로1길 50,R3_사명교차전파
5220,매일유업(주),affiliate_region,,서울,R3_사명교차전파
5245,(주)한텍,affiliate_addr,,울산광역시 울주군 온산읍 연자로 51,R3_사명교차전파
5245,(주)한텍,affiliate_region,,울산,R3_사명교차전파
5256,엘에스글로벌인코퍼레이티드(주),affiliate_addr,,경기도 군포시 산본동 1026-8번지 중산빌딩 5층,R3_사명교차전파
5256,엘에스글로벌인코퍼레이티드(주),affiliate_region,,경기,R3_사명교차전파
5257,(주)베스트토요타,affiliate_addr,,- 주소 : 서울 용산구 한강대로 92 (한강로2가 LS용산타워1층) - 전화 : 02) 2122-7701 - 홈페이지 : http://www.toyotayongsan.co.kr,R3_사명교차전파
5257,(주)베스트토요타,affiliate_region,,서울,R3_사명교차전파
5258,(주)예스코,affiliate_addr,,서울특별시 성동구 자동차시장길 23,R3_사명교차전파
5258,(주)예스코,affiliate_region,,서울,R3_사명교차전파
5259,(주)지앤피,affiliate_addr,,충청북도 충주시 국원대로 448,R3_사명교차전파
5259,(주)지앤피,affiliate_region,,충북,R3_사명교차전파
5260,엘에스엠트론(주),affiliate_addr,,경기도 안양시 동안구 LS로 127,R3_사명교차전파
5260,엘에스엠트론(주),affiliate_region,,경기,R3_사명교차전파
5265,엘에스이브이코리아(주),affiliate_addr,,경기도 군포시 공단로140번길 27,R3_사명교차전파
5265,엘에스이브이코리아(주),affiliate_region,,경기,R3_사명교차전파
5266,(주)토리컴,affiliate_addr,,충청남도 아산시 둔포면 아산밸리동로 78,R3_사명교차전파
5266,(주)토리컴,affiliate_region,,충남,R3_사명교차전파
5267,(주)지알엠,affiliate_addr,,경기도 김포시 통진읍 김포대로 1979,R3_사명교차전파
5267,(주)지알엠,affiliate_region,,경기,R3_사명교차전파
5274,(주)코모스,affiliate_addr,,주소 : 경기 화성 우성 멱우 122-11 전화번호 : 031-359-1122 홈페이지 : www.secokomos.com,R3_사명교차전파
5274,(주)코모스,affiliate_region,,경기,R3_사명교차전파
5275,아이아(주),affiliate_addr,,주소 : 경기도 안산시 단원구 성곡동 636-2 전화번호 : 031-491-7968 홈페이지 : www.aia21.co.kr,R3_사명교차전파
5275,아이아(주),affiliate_region,,경기,R3_사명교차전파
5279,(주)영풍기계,affiliate_addr,,경상북도 경주시,R3_사명교차전파
5279,(주)영풍기계,affiliate_region,,경북,R3_사명교차전파
5284,오뚜기냉동식품(주),affiliate_addr,,경기도 파주시 파주읍 파발로 65,R3_사명교차전파
5284,오뚜기냉동식품(주),affiliate_region,,경기,R3_사명교차전파
5285,오뚜기라면(주),affiliate_addr,,경기도 평택시 안중읍 서해로 1427,R3_사명교차전파
5285,오뚜기라면(주),affiliate_region,,경기,R3_사명교차전파
5286,오뚜기제유(주),affiliate_addr,,충청북도 음성군 생극면 음성로 1506-27,R3_사명교차전파
5286,오뚜기제유(주),affiliate_region,,충북,R3_사명교차전파
5287,상미식품(주),affiliate_addr,,충청남도 천안시 동남구 수신면 수신로 503,R3_사명교차전파
5287,상미식품(주),affiliate_region,,충남,R3_사명교차전파
5291,하이트진로음료(주),affiliate_addr,,경기도 안산시 단원구 별망로79번길 55 (성곡동) ☎ 031-488-5516,R3_사명교차전파
5291,하이트진로음료(주),affiliate_region,,경기,R3_사명교차전파
5294,(주)노루페인트,affiliate_addr,,경기도 안양시 만안구 박달로 351,R3_사명교차전파
5294,(주)노루페인트,affiliate_region,,경기,R3_사명교차전파
5295,(주)노루케미칼,affiliate_addr,,경기도 안산시 단원구 첨단로285번길 7,R3_사명교차전파
5295,(주)노루케미칼,affiliate_region,,경기,R3_사명교차전파
5296,(주)노루코일코팅,affiliate_addr,,경상북도 포항시 남구 장흥로39번길 54,R3_사명교차전파
5296,(주)노루코일코팅,affiliate_region,,경북,R3_사명교차전파
5303,일진디앤코(주),affiliate_addr,,서울시 마포구 마포대로 45,R3_사명교차전파
5303,일진디앤코(주),affiliate_region,,서울,R3_사명교차전파
5305,일진전기(주),affiliate_addr,,경기도 화성시 만년로 905-17,R3_사명교차전파
5305,일진전기(주),affiliate_region,,경기,R3_사명교차전파
5307,알피니언메디칼시스템(주),affiliate_addr,,경기도 화성시 만년로 905-17,R3_사명교차전파
5307,알피니언메디칼시스템(주),affiliate_region,,경기,R3_사명교차전파
5310,(주)동원에프앤비,affiliate_addr,,서울특별시 서초구 마방로 68,R3_사명교차전파
5310,(주)동원에프앤비,affiliate_region,,서울,R3_사명교차전파
5312,동원팜스(주),affiliate_addr,,충청남도 논산시 가야곡면 동안로 1281,R3_사명교차전파
5312,동원팜스(주),affiliate_region,,충남,R3_사명교차전파
5314,동원로엑스(주),affiliate_addr,,서울 서초구 마방로68(양재동) 동원산업빌딩,R3_사명교차전파
5314,동원로엑스(주),affiliate_region,,서울,R3_사명교차전파
5315,동원건설산업(주),affiliate_addr,,경기도 안양시 동안구 시민대로 327번길 7-512,R3_사명교차전파
5315,동원건설산업(주),affiliate_region,,경기,R3_사명교차전파
5316,(주)동원홈푸드,affiliate_addr,,서울특별시 서초구 마방로 68,R3_사명교차전파
5316,(주)동원홈푸드,affiliate_region,,서울,R3_사명교차전파
5317,동원로엑스냉장(주),affiliate_addr,,부산광역시 중구 중앙대로 70,R3_사명교차전파
5317,동원로엑스냉장(주),affiliate_region,,부산,R3_사명교차전파
5324,(주)노루페인트,affiliate_addr,,경기도 안양시 만안구 박달로 351,R3_사명교차전파
5324,(주)노루페인트,affiliate_region,,경기,R3_사명교차전파
5325,(주)노루케미칼,affiliate_addr,,경기도 안산시 단원구 첨단로285번길 7,R3_사명교차전파
5325,(주)노루케미칼,affiliate_region,,경기,R3_사명교차전파
5326,(주)노루코일코팅,affiliate_addr,,경상북도 포항시 남구 장흥로39번길 54,R3_사명교차전파
5326,(주)노루코일코팅,affiliate_region,,경북,R3_사명교차전파
5333,지에스엠비즈(주),affiliate_addr,,서울특별시 영등포구 선유로43길 19,R3_사명교차전파
5333,지에스엠비즈(주),affiliate_region,,서울,R3_사명교차전파
5334,지에스바이오(주),affiliate_addr,,전라남도 여수시 여수산단로 923-106,R3_사명교차전파
5334,지에스바이오(주),affiliate_region,,전남,R3_사명교차전파
5349,현대캐피탈(주),affiliate_addr,,서울특별시 중구 세종대로 14,R3_사명교차전파
5349,현대캐피탈(주),affiliate_region,,서울,R3_사명교차전파
5351,현대엔지니어링(주),affiliate_addr,,서울시 종로구,R3_사명교차전파
5351,현대엔지니어링(주),affiliate_region,,서울,R3_사명교차전파
5354,현대종합특수강(주),affiliate_addr,,경기도 안양시 동안구 시민대로 161,R3_사명교차전파
5354,현대종합특수강(주),affiliate_region,,경기,R3_사명교차전파
5356,(주)지아이티,affiliate_addr,,서울시 송파구 마천로87 지아이티빌딩,R3_사명교차전파
5356,(주)지아이티,affiliate_region,,서울,R3_사명교차전파
5359,현대에코에너지(주),affiliate_addr,,충남 서산시,R3_사명교차전파
5359,현대에코에너지(주),affiliate_region,,충남,R3_사명교차전파
5361,현대로템(주),affiliate_addr,,경남 창원시 의창구 창원대로 488,R3_사명교차전파
5361,현대로템(주),affiliate_region,,경남,R3_사명교차전파
5364,(주)노루페인트,affiliate_addr,,경기도 안양시 만안구 박달로 351,R3_사명교차전파
5364,(주)노루페인트,affiliate_region,,경기,R3_사명교차전파
5365,(주)노루케미칼,affiliate_addr,,경기도 안산시 단원구 첨단로285번길 7,R3_사명교차전파
5365,(주)노루케미칼,affiliate_region,,경기,R3_사명교차전파
5366,(주)노루코일코팅,affiliate_addr,,경상북도 포항시 남구 장흥로39번길 54,R3_사명교차전파
5366,(주)노루코일코팅,affiliate_region,,경북,R3_사명교차전파
5376,(주)노루케미칼,affiliate_addr,,경기도 안산시 단원구 첨단로285번길 7,R3_사명교차전파
5376,(주)노루케미칼,affiliate_region,,경기,R3_사명교차전파
5377,(주)노루코일코팅,affiliate_addr,,경상북도 포항시 남구 장흥로39번길 54,R3_사명교차전파
5377,(주)노루코일코팅,affiliate_region,,경북,R3_사명교차전파
5381,엘에스글로벌인코퍼레이티드(주),affiliate_addr,,경기도 군포시 산본동 1026-8번지 중산빌딩 5층,R3_사명교차전파
5381,엘에스글로벌인코퍼레이티드(주),affiliate_region,,경기,R3_사명교차전파
5382,(주)베스트토요타,affiliate_addr,,- 주소 : 서울 용산구 한강대로 92 (한강로2가 LS용산타워1층) - 전화 : 02) 2122-7701 - 홈페이지 : http://www.toyotayongsan.co.kr,R3_사명교차전파
5382,(주)베스트토요타,affiliate_region,,서울,R3_사명교차전파
5383,(주)예스코,affiliate_addr,,서울특별시 성동구 자동차시장길 23,R3_사명교차전파
5383,(주)예스코,affiliate_region,,서울,R3_사명교차전파
5384,(주)지앤피,affiliate_addr,,충청북도 충주시 국원대로 448,R3_사명교차전파
5384,(주)지앤피,affiliate_region,,충북,R3_사명교차전파
5385,가온전선(주),affiliate_addr,,경기도 군포시 엘에스로 45번길 120,R3_사명교차전파
5385,가온전선(주),affiliate_region,,경기,R3_사명교차전파
5390,엘에스이브이코리아(주),affiliate_addr,,경기도 군포시 공단로140번길 27,R3_사명교차전파
5390,엘에스이브이코리아(주),affiliate_region,,경기,R3_사명교차전파
5391,(주)토리컴,affiliate_addr,,충청남도 아산시 둔포면 아산밸리동로 78,R3_사명교차전파
5391,(주)토리컴,affiliate_region,,충남,R3_사명교차전파
5392,(주)지알엠,affiliate_addr,,경기도 김포시 통진읍 김포대로 1979,R3_사명교차전파
5392,(주)지알엠,affiliate_region,,경기,R3_사명교차전파
5401,엘에스글로벌인코퍼레이티드(주),affiliate_addr,,경기도 군포시 산본동 1026-8번지 중산빌딩 5층,R3_사명교차전파
5401,엘에스글로벌인코퍼레이티드(주),affiliate_region,,경기,R3_사명교차전파
5402,(주)베스트토요타,affiliate_addr,,- 주소 : 서울 용산구 한강대로 92 (한강로2가 LS용산타워1층) - 전화 : 02) 2122-7701 - 홈페이지 : http://www.toyotayongsan.co.kr,R3_사명교차전파
5402,(주)베스트토요타,affiliate_region,,서울,R3_사명교차전파
5403,(주)예스코,affiliate_addr,,서울특별시 성동구 자동차시장길 23,R3_사명교차전파
5403,(주)예스코,affiliate_region,,서울,R3_사명교차전파
5404,(주)지앤피,affiliate_addr,,충청북도 충주시 국원대로 448,R3_사명교차전파
5404,(주)지앤피,affiliate_region,,충북,R3_사명교차전파
5405,가온전선(주),affiliate_addr,,경기도 군포시 엘에스로 45번길 120,R3_사명교차전파
5405,가온전선(주),affiliate_region,,경기,R3_사명교차전파
5406,엘에스엠트론(주),affiliate_addr,,경기도 안양시 동안구 LS로 127,R3_사명교차전파
5406,엘에스엠트론(주),affiliate_region,,경기,R3_사명교차전파
5410,엘에스이브이코리아(주),affiliate_addr,,경기도 군포시 공단로140번길 27,R3_사명교차전파
5410,엘에스이브이코리아(주),affiliate_region,,경기,R3_사명교차전파
5411,(주)토리컴,affiliate_addr,,충청남도 아산시 둔포면 아산밸리동로 78,R3_사명교차전파
5411,(주)토리컴,affiliate_region,,충남,R3_사명교차전파
5412,(주)지알엠,affiliate_addr,,경기도 김포시 통진읍 김포대로 1979,R3_사명교차전파
5412,(주)지알엠,affiliate_region,,경기,R3_사명교차전파
5430,롯데컬처웍스(주),affiliate_addr,,서울특별시 송파구 올림픽로 295 롯데월드타워 18층,R3_사명교차전파
5430,롯데컬처웍스(주),affiliate_region,,서울,R3_사명교차전파
5431,롯데위탁관리부동산투자회사(주),affiliate_addr,,서울특별시 송파구 올림픽로 300 롯데월드타워 30층,R3_사명교차전파
5431,롯데위탁관리부동산투자회사(주),affiliate_region,,서울,R3_사명교차전파
5432,(주)백학음료,affiliate_addr,,경기도 연천군 백학면 장백로 589,R3_사명교차전파
5432,(주)백학음료,affiliate_region,,경기,R3_사명교차전파
5433,(주)충북소주,affiliate_addr,,충청북도 청주시 청원구 내수읍 우산길 57,R3_사명교차전파
5433,(주)충북소주,affiliate_region,,충북,R3_사명교차전파
5434,산청음료(주),affiliate_addr,,경상남도 산청군 시천면 남명로 59-61,R3_사명교차전파
5434,산청음료(주),affiliate_region,,경남,R3_사명교차전파
5440,엘에스글로벌인코퍼레이티드(주),affiliate_addr,,경기도 군포시 산본동 1026-8번지 중산빌딩 5층,R3_사명교차전파
5440,엘에스글로벌인코퍼레이티드(주),affiliate_region,,경기,R3_사명교차전파
5441,(주)베스트토요타,affiliate_addr,,- 주소 : 서울 용산구 한강대로 92 (한강로2가 LS용산타워1층) - 전화 : 02) 2122-7701 - 홈페이지 : http://www.toyotayongsan.co.kr,R3_사명교차전파
5441,(주)베스트토요타,affiliate_region,,서울,R3_사명교차전파
5442,(주)예스코,affiliate_addr,,서울특별시 성동구 자동차시장길 23,R3_사명교차전파
5442,(주)예스코,affiliate_region,,서울,R3_사명교차전파
5443,(주)지앤피,affiliate_addr,,충청북도 충주시 국원대로 448,R3_사명교차전파
5443,(주)지앤피,affiliate_region,,충북,R3_사명교차전파
5444,가온전선(주),affiliate_addr,,경기도 군포시 엘에스로 45번길 120,R3_사명교차전파
5444,가온전선(주),affiliate_region,,경기,R3_사명교차전파
5445,엘에스엠트론(주),affiliate_addr,,경기도 안양시 동안구 LS로 127,R3_사명교차전파
5445,엘에스엠트론(주),affiliate_region,,경기,R3_사명교차전파
5449,엘에스이브이코리아(주),affiliate_addr,,경기도 군포시 공단로140번길 27,R3_사명교차전파
5449,엘에스이브이코리아(주),affiliate_region,,경기,R3_사명교차전파
5450,(주)토리컴,affiliate_addr,,충청남도 아산시 둔포면 아산밸리동로 78,R3_사명교차전파
5450,(주)토리컴,affiliate_region,,충남,R3_사명교차전파
5451,(주)지알엠,affiliate_addr,,경기도 김포시 통진읍 김포대로 1979,R3_사명교차전파
5451,(주)지알엠,affiliate_region,,경기,R3_사명교차전파
5461,엘에스글로벌인코퍼레이티드(주),affiliate_addr,,경기도 군포시 산본동 1026-8번지 중산빌딩 5층,R3_사명교차전파
5461,엘에스글로벌인코퍼레이티드(주),affiliate_region,,경기,R3_사명교차전파
5462,(주)베스트토요타,affiliate_addr,,- 주소 : 서울 용산구 한강대로 92 (한강로2가 LS용산타워1층) - 전화 : 02) 2122-7701 - 홈페이지 : http://www.toyotayongsan.co.kr,R3_사명교차전파
5462,(주)베스트토요타,affiliate_region,,서울,R3_사명교차전파
5463,(주)예스코,affiliate_addr,,서울특별시 성동구 자동차시장길 23,R3_사명교차전파
5463,(주)예스코,affiliate_region,,서울,R3_사명교차전파
5464,(주)지앤피,affiliate_addr,,충청북도 충주시 국원대로 448,R3_사명교차전파
5464,(주)지앤피,affiliate_region,,충북,R3_사명교차전파
5465,가온전선(주),affiliate_addr,,경기도 군포시 엘에스로 45번길 120,R3_사명교차전파
5465,가온전선(주),affiliate_region,,경기,R3_사명교차전파
5466,엘에스엠트론(주),affiliate_addr,,경기도 안양시 동안구 LS로 127,R3_사명교차전파
5466,엘에스엠트론(주),affiliate_region,,경기,R3_사명교차전파
5470,엘에스이브이코리아(주),affiliate_addr,,경기도 군포시 공단로140번길 27,R3_사명교차전파
5470,엘에스이브이코리아(주),affiliate_region,,경기,R3_사명교차전파
5471,(주)토리컴,affiliate_addr,,충청남도 아산시 둔포면 아산밸리동로 78,R3_사명교차전파
5471,(주)토리컴,affiliate_region,,충남,R3_사명교차전파
5472,(주)지알엠,affiliate_addr,,경기도 김포시 통진읍 김포대로 1979,R3_사명교차전파
5472,(주)지알엠,affiliate_region,,경기,R3_사명교차전파
5481,엘에스글로벌인코퍼레이티드(주),affiliate_addr,,경기도 군포시 산본동 1026-8번지 중산빌딩 5층,R3_사명교차전파
5481,엘에스글로벌인코퍼레이티드(주),affiliate_region,,경기,R3_사명교차전파
5482,(주)베스트토요타,affiliate_addr,,- 주소 : 서울 용산구 한강대로 92 (한강로2가 LS용산타워1층) - 전화 : 02) 2122-7701 - 홈페이지 : http://www.toyotayongsan.co.kr,R3_사명교차전파
5482,(주)베스트토요타,affiliate_region,,서울,R3_사명교차전파
5483,(주)예스코,affiliate_addr,,서울특별시 성동구 자동차시장길 23,R3_사명교차전파
5483,(주)예스코,affiliate_region,,서울,R3_사명교차전파
5484,(주)지앤피,affiliate_addr,,충청북도 충주시 국원대로 448,R3_사명교차전파
5484,(주)지앤피,affiliate_region,,충북,R3_사명교차전파
5485,가온전선(주),affiliate_addr,,경기도 군포시 엘에스로 45번길 120,R3_사명교차전파
5485,가온전선(주),affiliate_region,,경기,R3_사명교차전파
5486,엘에스엠트론(주),affiliate_addr,,경기도 안양시 동안구 LS로 127,R3_사명교차전파
5486,엘에스엠트론(주),affiliate_region,,경기,R3_사명교차전파
5490,엘에스이브이코리아(주),affiliate_addr,,경기도 군포시 공단로140번길 27,R3_사명교차전파
5490,엘에스이브이코리아(주),affiliate_region,,경기,R3_사명교차전파
5491,(주)토리컴,affiliate_addr,,충청남도 아산시 둔포면 아산밸리동로 78,R3_사명교차전파
5491,(주)토리컴,affiliate_region,,충남,R3_사명교차전파
5492,(주)지알엠,affiliate_addr,,경기도 김포시 통진읍 김포대로 1979,R3_사명교차전파
5492,(주)지알엠,affiliate_region,,경기,R3_사명교차전파
5501,엘에스글로벌인코퍼레이티드(주),affiliate_addr,,경기도 군포시 산본동 1026-8번지 중산빌딩 5층,R3_사명교차전파
5501,엘에스글로벌인코퍼레이티드(주),affiliate_region,,경기,R3_사명교차전파
5502,(주)베스트토요타,affiliate_addr,,- 주소 : 서울 용산구 한강대로 92 (한강로2가 LS용산타워1층) - 전화 : 02) 2122-7701 - 홈페이지 : http://www.toyotayongsan.co.kr,R3_사명교차전파
5502,(주)베스트토요타,affiliate_region,,서울,R3_사명교차전파
5503,(주)예스코,affiliate_addr,,서울특별시 성동구 자동차시장길 23,R3_사명교차전파
5503,(주)예스코,affiliate_region,,서울,R3_사명교차전파
5504,(주)지앤피,affiliate_addr,,충청북도 충주시 국원대로 448,R3_사명교차전파
5504,(주)지앤피,affiliate_region,,충북,R3_사명교차전파
5505,가온전선(주),affiliate_addr,,경기도 군포시 엘에스로 45번길 120,R3_사명교차전파
5505,가온전선(주),affiliate_region,,경기,R3_사명교차전파
5506,엘에스엠트론(주),affiliate_addr,,경기도 안양시 동안구 LS로 127,R3_사명교차전파
5506,엘에스엠트론(주),affiliate_region,,경기,R3_사명교차전파
5511,(주)토리컴,affiliate_addr,,충청남도 아산시 둔포면 아산밸리동로 78,R3_사명교차전파
5511,(주)토리컴,affiliate_region,,충남,R3_사명교차전파
5512,(주)지알엠,affiliate_addr,,경기도 김포시 통진읍 김포대로 1979,R3_사명교차전파
5512,(주)지알엠,affiliate_region,,경기,R3_사명교차전파
5556,나래에너지서비스(주),affiliate_addr,,서울시 종로구 서린동 88 한국화장품 건물 2층 위례에너지서비스,R3_사명교차전파
5556,나래에너지서비스(주),affiliate_region,,서울,R3_사명교차전파
5559,에스케이넥실리스,affiliate_addr,,전라북도 정읍시 북면 3산단2길 2,R3_사명교차전파
5559,에스케이넥실리스,affiliate_region,,전북,R3_사명교차전파
5560,SK인천석유화학(주),affiliate_addr,,인천 서구 봉수대로 415,R3_사명교차전파
5560,SK인천석유화학(주),affiliate_region,,인천,R3_사명교차전파
5561,SKC(주),affiliate_addr,,경기 수원시 장안구 장안로 309번길 84,R3_사명교차전파
5561,SKC(주),affiliate_region,,경기,R3_사명교차전파
5562,SK네트웍스(주),affiliate_addr,,경기도 수원시 장안구 경수대로 795,R3_사명교차전파
5562,SK네트웍스(주),affiliate_region,,경기,R3_사명교차전파
5566,SK네트웍스서비스(주),affiliate_addr,,경기도 수원시 팔달구 인계로 166번길 48-21,R3_사명교차전파
5566,SK네트웍스서비스(주),affiliate_region,,경기,R3_사명교차전파
5567,강원도시가스(주),affiliate_addr,,강원 춘천시 삭주로 163,R3_사명교차전파
5567,강원도시가스(주),affiliate_region,,강원,R3_사명교차전파
5568,충청에너지서비스(주),affiliate_addr,,충북 청주시 흥덕구 산단로 244,R3_사명교차전파
5568,충청에너지서비스(주),affiliate_region,,충북,R3_사명교차전파
5579,(주)엔에스쇼핑,affiliate_addr,,경기 성남시 분당구 판교로 228번길 15,R3_사명교차전파
5579,(주)엔에스쇼핑,affiliate_region,,경기,R3_사명교차전파
5581,(주)참트레이딩,affiliate_addr,,서울 강남구 도산대로 130 6층,R3_사명교차전파
5581,(주)참트레이딩,affiliate_region,,서울,R3_사명교차전파
5585,(주)팜스코,affiliate_addr,,경기 안성시 미양면 제2공단 4길 33,R3_사명교차전파
5585,(주)팜스코,affiliate_region,,경기,R3_사명교차전파
5586,(주)하림산업,affiliate_addr,,전라북도 익산시 중앙로 121,R3_사명교차전파
5586,(주)하림산업,affiliate_region,,전북,R3_사명교차전파
5587,(주)선진에프에스,affiliate_addr,,경기 이천시 대월면 사동로 76,R3_사명교차전파
5587,(주)선진에프에스,affiliate_region,,경기,R3_사명교차전파
5588,(주)선진,affiliate_addr,,경기 이천시 대월면 사동로 76,R3_사명교차전파
5588,(주)선진,affiliate_region,,경기,R3_사명교차전파
5589,(주)농업회사법인팜스코바이오인티,affiliate_addr,,경기도 이천시 부발읍 부흥로 81번길 140-81,R3_사명교차전파
5589,(주)농업회사법인팜스코바이오인티,affiliate_region,,경기,R3_사명교차전파
5590,(주)선진햄,affiliate_addr,,충북 음성군 대소면 태생리 40-16,R3_사명교차전파
5590,(주)선진햄,affiliate_region,,충북,R3_사명교차전파
5592,(주)농업회사법인주원산오리,affiliate_addr,,충북 진천군 광혜원면 진광로 941-5,R3_사명교차전파
5592,(주)농업회사법인주원산오리,affiliate_region,,충북,R3_사명교차전파
5593,제일사료(주),affiliate_addr,,대전시 대덕구 대전로 1331번길 240,R3_사명교차전파
5593,제일사료(주),affiliate_region,,대전,R3_사명교차전파
5594,(주)하림,affiliate_addr,,전북 익산시 망성면 망성로 14,R3_사명교차전파
5594,(주)하림,affiliate_region,,전북,R3_사명교차전파
5595,(주)애그리로보텍,affiliate_addr,,경기 이천시 부발읍 신아로 58,R3_사명교차전파
5595,(주)애그리로보텍,affiliate_region,,경기,R3_사명교차전파
5605,(주)제주항공,affiliate_addr,,제주특별자치도 제주시 신대로 64 (연동건설공제회관3층),R3_사명교차전파
5605,(주)제주항공,affiliate_region,,제주,R3_사명교차전파
5608,(주)흥아로지스틱스,affiliate_addr,,서울시,R3_사명교차전파
5608,(주)흥아로지스틱스,affiliate_region,,서울,R3_사명교차전파
5611,(주)엔에스쇼핑,affiliate_addr,,경기 성남시 분당구 판교로 228번길 15,R3_사명교차전파
5611,(주)엔에스쇼핑,affiliate_region,,경기,R3_사명교차전파
5613,(주)참트레이딩,affiliate_addr,,서울 강남구 도산대로 130 6층,R3_사명교차전파
5613,(주)참트레이딩,affiliate_region,,서울,R3_사명교차전파
5617,(주)팜스코,affiliate_addr,,경기 안성시 미양면 제2공단 4길 33,R3_사명교차전파
5617,(주)팜스코,affiliate_region,,경기,R3_사명교차전파
5618,(주)하림산업,affiliate_addr,,전라북도 익산시 중앙로 121,R3_사명교차전파
5618,(주)하림산업,affiliate_region,,전북,R3_사명교차전파
5620,(주)선진,affiliate_addr,,경기 이천시 대월면 사동로 76,R3_사명교차전파
5620,(주)선진,affiliate_region,,경기,R3_사명교차전파
5621,(주)농업회사법인팜스코바이오인티,affiliate_addr,,경기도 이천시 부발읍 부흥로 81번길 140-81,R3_사명교차전파
5621,(주)농업회사법인팜스코바이오인티,affiliate_region,,경기,R3_사명교차전파
5622,(주)선진햄,affiliate_addr,,충북 음성군 대소면 태생리 40-16,R3_사명교차전파
5622,(주)선진햄,affiliate_region,,충북,R3_사명교차전파
5624,(주)농업회사법인주원산오리,affiliate_addr,,충북 진천군 광혜원면 진광로 941-5,R3_사명교차전파
5624,(주)농업회사법인주원산오리,affiliate_region,,충북,R3_사명교차전파
5625,제일사료(주),affiliate_addr,,대전시 대덕구 대전로 1331번길 240,R3_사명교차전파
5625,제일사료(주),affiliate_region,,대전,R3_사명교차전파
5626,(주)하림,affiliate_addr,,전북 익산시 망성면 망성로 14,R3_사명교차전파
5626,(주)하림,affiliate_region,,전북,R3_사명교차전파
5627,(주)애그리로보텍,affiliate_addr,,경기 이천시 부발읍 신아로 58,R3_사명교차전파
5627,(주)애그리로보텍,affiliate_region,,경기,R3_사명교차전파
5631,코닉오토메이션(주),affiliate_addr,,경기도 화성시 동탄산단9길 23-12,R3_사명교차전파
5631,코닉오토메이션(주),affiliate_region,,경기,R3_사명교차전파
5633,(주)제니스월드,affiliate_addr,,충북 진천군 이월면 밤디길 68,R3_사명교차전파
5633,(주)제니스월드,affiliate_region,,충북,R3_사명교차전파
5635,(주)엔에스쇼핑,affiliate_addr,,경기 성남시 분당구 판교로 228번길 15,R3_사명교차전파
5635,(주)엔에스쇼핑,affiliate_region,,경기,R3_사명교차전파
5637,(주)참트레이딩,affiliate_addr,,서울 강남구 도산대로 130 6층,R3_사명교차전파
5637,(주)참트레이딩,affiliate_region,,서울,R3_사명교차전파
5641,(주)팜스코,affiliate_addr,,경기 안성시 미양면 제2공단 4길 33,R3_사명교차전파
5641,(주)팜스코,affiliate_region,,경기,R3_사명교차전파
5642,(주)하림산업,affiliate_addr,,전라북도 익산시 중앙로 121,R3_사명교차전파
5642,(주)하림산업,affiliate_region,,전북,R3_사명교차전파
5644,(주)선진에프에스,affiliate_addr,,경기 이천시 대월면 사동로 76,R3_사명교차전파
5644,(주)선진에프에스,affiliate_region,,경기,R3_사명교차전파
5645,(주)농업회사법인팜스코바이오인티,affiliate_addr,,경기도 이천시 부발읍 부흥로 81번길 140-81,R3_사명교차전파
5645,(주)농업회사법인팜스코바이오인티,affiliate_region,,경기,R3_사명교차전파
5646,(주)선진햄,affiliate_addr,,충북 음성군 대소면 태생리 40-16,R3_사명교차전파
5646,(주)선진햄,affiliate_region,,충북,R3_사명교차전파
5648,(주)농업회사법인주원산오리,affiliate_addr,,충북 진천군 광혜원면 진광로 941-5,R3_사명교차전파
5648,(주)농업회사법인주원산오리,affiliate_region,,충북,R3_사명교차전파
5649,제일사료(주),affiliate_addr,,대전시 대덕구 대전로 1331번길 240,R3_사명교차전파
5649,제일사료(주),affiliate_region,,대전,R3_사명교차전파
5650,(주)하림,affiliate_addr,,전북 익산시 망성면 망성로 14,R3_사명교차전파
5650,(주)하림,affiliate_region,,전북,R3_사명교차전파
5651,(주)애그리로보텍,affiliate_addr,,경기 이천시 부발읍 신아로 58,R3_사명교차전파
5651,(주)애그리로보텍,affiliate_region,,경기,R3_사명교차전파
5653,(주)엔에스쇼핑,affiliate_addr,,경기 성남시 분당구 판교로 228번길 15,R3_사명교차전파
5653,(주)엔에스쇼핑,affiliate_region,,경기,R3_사명교차전파
5655,(주)참트레이딩,affiliate_addr,,서울 강남구 도산대로 130 6층,R3_사명교차전파
5655,(주)참트레이딩,affiliate_region,,서울,R3_사명교차전파
5659,(주)팜스코,affiliate_addr,,경기 안성시 미양면 제2공단 4길 33,R3_사명교차전파
5659,(주)팜스코,affiliate_region,,경기,R3_사명교차전파
5660,(주)하림산업,affiliate_addr,,전라북도 익산시 중앙로 121,R3_사명교차전파
5660,(주)하림산업,affiliate_region,,전북,R3_사명교차전파
5662,(주)선진에프에스,affiliate_addr,,경기 이천시 대월면 사동로 76,R3_사명교차전파
5662,(주)선진에프에스,affiliate_region,,경기,R3_사명교차전파
5663,(주)선진,affiliate_addr,,경기 이천시 대월면 사동로 76,R3_사명교차전파
5663,(주)선진,affiliate_region,,경기,R3_사명교차전파
5664,(주)선진햄,affiliate_addr,,충북 음성군 대소면 태생리 40-16,R3_사명교차전파
5664,(주)선진햄,affiliate_region,,충북,R3_사명교차전파
5666,(주)농업회사법인주원산오리,affiliate_addr,,충북 진천군 광혜원면 진광로 941-5,R3_사명교차전파
5666,(주)농업회사법인주원산오리,affiliate_region,,충북,R3_사명교차전파
5667,제일사료(주),affiliate_addr,,대전시 대덕구 대전로 1331번길 240,R3_사명교차전파
5667,제일사료(주),affiliate_region,,대전,R3_사명교차전파
5668,(주)하림,affiliate_addr,,전북 익산시 망성면 망성로 14,R3_사명교차전파
5668,(주)하림,affiliate_region,,전북,R3_사명교차전파
5669,(주)애그리로보텍,affiliate_addr,,경기 이천시 부발읍 신아로 58,R3_사명교차전파
5669,(주)애그리로보텍,affiliate_region,,경기,R3_사명교차전파
5675,(주)녹십자엠에스,affiliate_addr,,경기도 용인시 기흥구 용구대로2469번길 15,R3_사명교차전파
5675,(주)녹십자엠에스,affiliate_region,,경기,R3_사명교차전파
5676,(주)녹십자웰빙,affiliate_addr,,서울시 성동구 왕십리로 241,R3_사명교차전파
5676,(주)녹십자웰빙,affiliate_region,,서울,R3_사명교차전파
5679,농업회사법인인백팜(주),affiliate_addr,,전남 화순군 화순읍 산단길 40,R3_사명교차전파
5679,농업회사법인인백팜(주),affiliate_region,,전남,R3_사명교차전파
5681,(주)디케이씨,affiliate_addr,,전라북도 익산시 석암로 7길 73-4,R3_사명교차전파
5681,(주)디케이씨,affiliate_region,,전북,R3_사명교차전파
5682,일동제약(주),affiliate_addr,,서울특별시 서초구 바우뫼로 27길 2,R3_사명교차전파
5682,일동제약(주),affiliate_region,,서울,R3_사명교차전파
5683,(주)에스쁘아,affiliate_addr,,서울 용산구 한강대로 100,R3_사명교차전파
5683,(주)에스쁘아,affiliate_region,,서울,R3_사명교차전파
5684,(주)코스비전,affiliate_addr,,대전 대덕구 대화로 80,R3_사명교차전파
5684,(주)코스비전,affiliate_region,,대전,R3_사명교차전파
5687,(주)정다운,affiliate_addr,,나주,R3_사명교차전파
5688,(주)마니커에프앤지,affiliate_addr,,용인,R3_사명교차전파
5689,(주)팜스토리,affiliate_addr,,서울,R3_사명교차전파
5689,(주)팜스토리,affiliate_region,,서울,R3_사명교차전파
5690,농업회사법인(주)지리산하이포지피,affiliate_addr,,경남 산청군 단성면 창촌리 산 6,R3_사명교차전파
5690,농업회사법인(주)지리산하이포지피,affiliate_region,,경남,R3_사명교차전파
5691,(주)이지팜스,affiliate_addr,,천안,R3_사명교차전파
5692,농업회사법인(주)팜스월드지지피,affiliate_addr,,전남 영광군 법성면 신장길 5길 38,R3_사명교차전파
5692,농업회사법인(주)팜스월드지지피,affiliate_region,,전남,R3_사명교차전파
5693,우리손에프앤지농업회사법인(주),affiliate_addr,,나주,R3_사명교차전파
5695,아세아시멘트(주),affiliate_addr,,서울시 강남구 논현로 430,R3_사명교차전파
5695,아세아시멘트(주),affiliate_region,,서울,R3_사명교차전파
5696,한라시멘트(주),affiliate_addr,,강원도 강릉시 옥계면 산계길 225,R3_사명교차전파
5696,한라시멘트(주),affiliate_region,,강원,R3_사명교차전파
5697,아세아산업개발(주),affiliate_addr,,충청남도 공주시 우성면 방흥리 산32-9,R3_사명교차전파
5697,아세아산업개발(주),affiliate_region,,충남,R3_사명교차전파
5698,경산제지(주),affiliate_addr,,대구광역시 달성군 유가면 비슬로 96길 35,R3_사명교차전파
5698,경산제지(주),affiliate_region,,대구,R3_사명교차전파
5699,(주)에이팩,affiliate_addr,,경상남도 양산시 산막공단남5길 12,R3_사명교차전파
5699,(주)에이팩,affiliate_region,,경남,R3_사명교차전파
5700,(주)한국토지신탁,affiliate_addr,,서울시 강남구 테헤란로 137 코레이트타워 16~20층,R3_사명교차전파
5700,(주)한국토지신탁,affiliate_region,,서울,R3_사명교차전파
5704,(주)엔에스쇼핑,affiliate_addr,,경기 성남시 분당구 판교로 228번길 15,R3_사명교차전파
5704,(주)엔에스쇼핑,affiliate_region,,경기,R3_사명교차전파
5706,(주)참트레이딩,affiliate_addr,,서울 강남구 도산대로 130 6층,R3_사명교차전파
5706,(주)참트레이딩,affiliate_region,,서울,R3_사명교차전파
5710,(주)팜스코,affiliate_addr,,경기 안성시 미양면 제2공단 4길 33,R3_사명교차전파
5710,(주)팜스코,affiliate_region,,경기,R3_사명교차전파
5711,(주)하림산업,affiliate_addr,,전라북도 익산시 중앙로 121,R3_사명교차전파
5711,(주)하림산업,affiliate_region,,전북,R3_사명교차전파
5713,(주)선진에프에스,affiliate_addr,,경기 이천시 대월면 사동로 76,R3_사명교차전파
5713,(주)선진에프에스,affiliate_region,,경기,R3_사명교차전파
5714,(주)선진,affiliate_addr,,경기 이천시 대월면 사동로 76,R3_사명교차전파
5714,(주)선진,affiliate_region,,경기,R3_사명교차전파
5715,(주)농업회사법인팜스코바이오인티,affiliate_addr,,경기도 이천시 부발읍 부흥로 81번길 140-81,R3_사명교차전파
5715,(주)농업회사법인팜스코바이오인티,affiliate_region,,경기,R3_사명교차전파
5717,(주)농업회사법인주원산오리,affiliate_addr,,충북 진천군 광혜원면 진광로 941-5,R3_사명교차전파
5717,(주)농업회사법인주원산오리,affiliate_region,,충북,R3_사명교차전파
5718,제일사료(주),affiliate_addr,,대전시 대덕구 대전로 1331번길 240,R3_사명교차전파
5718,제일사료(주),affiliate_region,,대전,R3_사명교차전파
5719,(주)하림,affiliate_addr,,전북 익산시 망성면 망성로 14,R3_사명교차전파
5719,(주)하림,affiliate_region,,전북,R3_사명교차전파
5720,(주)애그리로보텍,affiliate_addr,,경기 이천시 부발읍 신아로 58,R3_사명교차전파
5720,(주)애그리로보텍,affiliate_region,,경기,R3_사명교차전파
5728,코오롱베니트(주),affiliate_addr,,경기도 과천시 별양동 1-23,R3_사명교차전파
5728,코오롱베니트(주),affiliate_region,,경기,R3_사명교차전파
5739,(주)녹십자웰빙,affiliate_addr,,서울시 성동구 왕십리로 241,R3_사명교차전파
5739,(주)녹십자웰빙,affiliate_region,,서울,R3_사명교차전파
5742,농업회사법인인백팜(주),affiliate_addr,,전남 화순군 화순읍 산단길 40,R3_사명교차전파
5742,농업회사법인인백팜(주),affiliate_region,,전남,R3_사명교차전파
5743,(주)정다운,affiliate_addr,,나주,R3_사명교차전파
5744,(주)마니커,affiliate_addr,,용인,R3_사명교차전파
5745,(주)팜스토리,affiliate_addr,,서울,R3_사명교차전파
5745,(주)팜스토리,affiliate_region,,서울,R3_사명교차전파
5746,농업회사법인(주)지리산하이포지피,affiliate_addr,,경남 산청군 단성면 창촌리 산 6,R3_사명교차전파
5746,농업회사법인(주)지리산하이포지피,affiliate_region,,경남,R3_사명교차전파
5747,(주)이지팜스,affiliate_addr,,천안,R3_사명교차전파
5748,농업회사법인(주)팜스월드지지피,affiliate_addr,,전남 영광군 법성면 신장길 5길 38,R3_사명교차전파
5748,농업회사법인(주)팜스월드지지피,affiliate_region,,전남,R3_사명교차전파
5749,우리손에프앤지농업회사법인(주),affiliate_addr,,나주,R3_사명교차전파
5754,(주)녹십자엠에스,affiliate_addr,,경기도 용인시 기흥구 용구대로2469번길 15,R3_사명교차전파
5754,(주)녹십자엠에스,affiliate_region,,경기,R3_사명교차전파
5757,농업회사법인인백팜(주),affiliate_addr,,전남 화순군 화순읍 산단길 40,R3_사명교차전파
5757,농업회사법인인백팜(주),affiliate_region,,전남,R3_사명교차전파
5766,에이제이토탈(주),affiliate_addr,,서울특별시 송파구 정의로8길 9 15층(문정동 에이제이빌딩),R3_사명교차전파
5766,에이제이토탈(주),affiliate_region,,서울,R3_사명교차전파
5768,(주)에스쁘아,affiliate_addr,,서울 용산구 한강대로 100,R3_사명교차전파
5768,(주)에스쁘아,affiliate_region,,서울,R3_사명교차전파
5769,(주)에뛰드,affiliate_addr,,서울 용산구 한강대로 100,R3_사명교차전파
5769,(주)에뛰드,affiliate_region,,서울,R3_사명교차전파
5788,이데일리(주),affiliate_addr,,서울특별시 중구 통일로 92 KG타워 18층 19층,R3_사명교차전파
5788,이데일리(주),affiliate_region,,서울,R3_사명교차전파
5790,(주)케이지에듀원,affiliate_addr,,서울시 중구 통일로 92 KG타워 12층,R3_사명교차전파
5790,(주)케이지에듀원,affiliate_region,,서울,R3_사명교차전파
5797,(주)녹십자엠에스,affiliate_addr,,경기도 용인시 기흥구 용구대로2469번길 15,R3_사명교차전파
5797,(주)녹십자엠에스,affiliate_region,,경기,R3_사명교차전파
5798,(주)녹십자웰빙,affiliate_addr,,서울시 성동구 왕십리로 241,R3_사명교차전파
5798,(주)녹십자웰빙,affiliate_region,,서울,R3_사명교차전파
5800,농업회사법인인백팜(주),affiliate_addr,,전남 화순군 화순읍 산단길 40,R3_사명교차전파
5800,농업회사법인인백팜(주),affiliate_region,,전남,R3_사명교차전파
5807,삼성바이오로직스(주),affiliate_addr,,인천광역시 연수구,R3_사명교차전파
5807,삼성바이오로직스(주),affiliate_region,,인천,R3_사명교차전파
5808,삼성바이오에피스(주),affiliate_addr,,인천광역시 연수구,R3_사명교차전파
5808,삼성바이오에피스(주),affiliate_region,,인천,R3_사명교차전파
5810,세메스(주),affiliate_addr,,충청남도 천안시 서북구 직산읍 4산단5길 77,R3_사명교차전파
5810,세메스(주),affiliate_region,,충남,R3_사명교차전파
5815,(주)녹십자엠에스,affiliate_addr,,경기도 용인시 기흥구 용구대로2469번길 15,R3_사명교차전파
5815,(주)녹십자엠에스,affiliate_region,,경기,R3_사명교차전파
5816,(주)녹십자웰빙,affiliate_addr,,서울시 성동구 왕십리로 241,R3_사명교차전파
5816,(주)녹십자웰빙,affiliate_region,,서울,R3_사명교차전파
5818,농업회사법인인백팜(주),affiliate_addr,,전남 화순군 화순읍 산단길 40,R3_사명교차전파
5818,농업회사법인인백팜(주),affiliate_region,,전남,R3_사명교차전파
5819,하이드로텍(주),affiliate_addr,,대구 달서구 갈산동 성서로68길 3,R3_사명교차전파
5819,하이드로텍(주),affiliate_region,,대구,R3_사명교차전파
5820,대동금속(주),affiliate_addr,,대구 달성군 논공읍 논공로 605,R3_사명교차전파
5820,대동금속(주),affiliate_region,,대구,R3_사명교차전파
5822,대동기어(주),affiliate_addr,,경상남도 사천시 사남면 공단1로 42,R3_사명교차전파
5822,대동기어(주),affiliate_region,,경남,R3_사명교차전파
5838,(주)신세계프라퍼티,affiliate_addr,,서울시 강남구 테헤란로 231 22층,R3_사명교차전파
5838,(주)신세계프라퍼티,affiliate_region,,서울,R3_사명교차전파
5840,(주)신세계디에프,affiliate_addr,,서울시 중구 퇴계로 77,R3_사명교차전파
5840,(주)신세계디에프,affiliate_region,,서울,R3_사명교차전파
5842,(주)신세계동대구복합환승센터,affiliate_addr,,대구시 동구 동부로 149,R3_사명교차전파
5842,(주)신세계동대구복합환승센터,affiliate_region,,대구,R3_사명교차전파
5844,(주)경동에버런,affiliate_addr,,충북 충주시 앙성면 가곡로 1334,R3_사명교차전파
5844,(주)경동에버런,affiliate_region,,충북,R3_사명교차전파
5847,오뚜기냉동식품(주),affiliate_addr,,경기도 파주시 파주읍 파발로 65,R3_사명교차전파
5847,오뚜기냉동식품(주),affiliate_region,,경기,R3_사명교차전파
5849,오뚜기제유(주),affiliate_addr,,충청북도 음성군 생극면 음성로 1506-27,R3_사명교차전파
5849,오뚜기제유(주),affiliate_region,,충북,R3_사명교차전파
5850,상미식품(주),affiliate_addr,,충청남도 천안시 동남구 수신면 수신로 503,R3_사명교차전파
5850,상미식품(주),affiliate_region,,충남,R3_사명교차전파
5864,나래에너지서비스(주),affiliate_addr,,서울시 종로구 서린동 88 한국화장품 건물 2층 위례에너지서비스,R3_사명교차전파
5864,나래에너지서비스(주),affiliate_region,,서울,R3_사명교차전파
5867,에스케이넥실리스,affiliate_addr,,전라북도 정읍시 북면 3산단2길 2,R3_사명교차전파
5867,에스케이넥실리스,affiliate_region,,전북,R3_사명교차전파
5868,SK인천석유화학(주),affiliate_addr,,인천 서구 봉수대로 415,R3_사명교차전파
5868,SK인천석유화학(주),affiliate_region,,인천,R3_사명교차전파
5869,SKC(주),affiliate_addr,,경기 수원시 장안구 장안로 309번길 84,R3_사명교차전파
5869,SKC(주),affiliate_region,,경기,R3_사명교차전파
5870,SK네트웍스(주),affiliate_addr,,경기도 수원시 장안구 경수대로 795,R3_사명교차전파
5870,SK네트웍스(주),affiliate_region,,경기,R3_사명교차전파
5874,SK네트웍스서비스(주),affiliate_addr,,경기도 수원시 팔달구 인계로 166번길 48-21,R3_사명교차전파
5874,SK네트웍스서비스(주),affiliate_region,,경기,R3_사명교차전파
5875,강원도시가스(주),affiliate_addr,,강원 춘천시 삭주로 163,R3_사명교차전파
5875,강원도시가스(주),affiliate_region,,강원,R3_사명교차전파
5876,충청에너지서비스(주),affiliate_addr,,충북 청주시 흥덕구 산단로 244,R3_사명교차전파
5876,충청에너지서비스(주),affiliate_region,,충북,R3_사명교차전파
5888,(주)한청판지,affiliate_addr,,충북 청주시 상당구 문의면 남계길 22-66,R3_사명교차전파
5888,(주)한청판지,affiliate_region,,충북,R3_사명교차전파
5890,삼송캐스터,affiliate_addr,,인천 부평,R3_사명교차전파
5890,삼송캐스터,affiliate_region,,인천,R3_사명교차전파
5891,수완에너지(주),affiliate_addr,,광주광역시,R3_사명교차전파
5891,수완에너지(주),affiliate_region,,광주,R3_사명교차전파
5893,(주)고려제지,affiliate_addr,,경기 시흥시 군자천로 99,R3_사명교차전파
5893,(주)고려제지,affiliate_region,,경기,R3_사명교차전파
5894,(주)한청판지,affiliate_addr,,충북 청주시 상당구 문의면 남계길 22-66,R3_사명교차전파
5894,(주)한청판지,affiliate_region,,충북,R3_사명교차전파
5899,서진산업(주),affiliate_addr,,경기도 시흥시,R3_사명교차전파
5899,서진산업(주),affiliate_region,,경기,R3_사명교차전파
5900,아이아(주),affiliate_addr,,주소 : 경기도 안산시 단원구 성곡동 636-2 전화번호 : 031-491-7968 홈페이지 : www.aia21.co.kr,R3_사명교차전파
5900,아이아(주),affiliate_region,,경기,R3_사명교차전파
5904,(주)영풍기계,affiliate_addr,,경상북도 경주시,R3_사명교차전파
5904,(주)영풍기계,affiliate_region,,경북,R3_사명교차전파
5915,(주)에프엠케이,affiliate_addr,,서울시 강남구,R3_사명교차전파
5915,(주)에프엠케이,affiliate_region,,서울,R3_사명교차전파
5927,(주)한텍,affiliate_addr,,울산광역시 울주군 온산읍 연자로 51,R3_사명교차전파
5927,(주)한텍,affiliate_region,,울산,R3_사명교차전파
5929,(주)풀무원푸드앤컬처,affiliate_addr,,서울 송파구 송파대로34길 29,R3_사명교차전파
5929,(주)풀무원푸드앤컬처,affiliate_region,,서울,R3_사명교차전파
5930,(주)푸드머스,affiliate_addr,,경기 용인시 처인구 원삼면 맹리로2번길 31,R3_사명교차전파
5930,(주)푸드머스,affiliate_region,,경기,R3_사명교차전파
5931,(주)피피이씨춘천,affiliate_addr,,강원 춘천시 서면 당림리 602,R3_사명교차전파
5931,(주)피피이씨춘천,affiliate_region,,강원,R3_사명교차전파
5933,(주)피피이씨음성생면,affiliate_addr,,충북 음성군 대소면 삼양로 730-27,R3_사명교차전파
5933,(주)피피이씨음성생면,affiliate_region,,충북,R3_사명교차전파
5934,(주)피피이씨음성나물,affiliate_addr,,충북 음성군 대소면 삼양로 730-27,R3_사명교차전파
5934,(주)피피이씨음성나물,affiliate_region,,충북,R3_사명교차전파
5935,풀무원식품(주),affiliate_addr,,충북 음성군 대소면 삼양로 730-27,R3_사명교차전파
5935,풀무원식품(주),affiliate_region,,충북,R3_사명교차전파
5938,케이아이에스정보통신(주),affiliate_addr,,서울특별시 구로구 새말로 97 센터포인트웨스트 22,R3_사명교차전파
5938,케이아이에스정보통신(주),affiliate_region,,서울,R3_사명교차전파
5940,나이스씨엠에스(주),affiliate_addr,,서울특별시 마포구 마포대로 130,R3_사명교차전파
5940,나이스씨엠에스(주),affiliate_region,,서울,R3_사명교차전파
5941,나이스페이먼츠(주),affiliate_addr,,서울특별시 영등포구 문래로28길 25 세미콜론문래N타워 9층,R3_사명교차전파
5941,나이스페이먼츠(주),affiliate_region,,서울,R3_사명교차전파
5954,(주)엔케이텍,affiliate_addr,,경기도 오산시 남부대로 380,R3_사명교차전파
5954,(주)엔케이텍,affiliate_region,,경기,R3_사명교차전파
5955,(주)이엔케이,affiliate_addr,,부산광역시 강서구 과학산단로 502(지사동),R3_사명교차전파
5955,(주)이엔케이,affiliate_region,,부산,R3_사명교차전파
5970,일진디앤코(주),affiliate_addr,,서울시 마포구 마포대로 45,R3_사명교차전파
5970,일진디앤코(주),affiliate_region,,서울,R3_사명교차전파
5974,알피니언메디칼시스템(주),affiliate_addr,,경기도 화성시 만년로 905-17,R3_사명교차전파
5974,알피니언메디칼시스템(주),affiliate_region,,경기,R3_사명교차전파
5979,한국수력원자력(주),affiliate_addr,,경상북도 경주시 불국로 1655,R3_사명교차전파
5979,한국수력원자력(주),affiliate_region,,경북,R3_사명교차전파
5980,한국남부발전(주),affiliate_addr,,부산광역시 남구 문현금융로 40 부산국제금융센터,R3_사명교차전파
5980,한국남부발전(주),affiliate_region,,부산,R3_사명교차전파
5981,한국서부발전(주),affiliate_addr,,충청남도 태안군 태안읍 중앙로 285,R3_사명교차전파
5981,한국서부발전(주),affiliate_region,,충남,R3_사명교차전파
5983,한전원자력연료(주),affiliate_addr,,대전광역시 유성구 대덕대로 989번길 242,R3_사명교차전파
5983,한전원자력연료(주),affiliate_region,,대전,R3_사명교차전파
5994,삼표자원개발(주),affiliate_addr,,강원도 삼척시 근덕면 시목길 225,R3_사명교차전파
5994,삼표자원개발(주),affiliate_region,,강원,R3_사명교차전파
5995,삼표해운(주),affiliate_addr,,부산광역시 서구 원양로 268(암남동),R3_사명교차전파
5995,삼표해운(주),affiliate_region,,부산,R3_사명교차전파
6001,코닉오토메이션(주),affiliate_addr,,경기도 화성시 동탄산단9길 23-12,R3_사명교차전파
6001,코닉오토메이션(주),affiliate_region,,경기,R3_사명교차전파
6003,(주)제니스월드,affiliate_addr,,충북 진천군 이월면 밤디길 68,R3_사명교차전파
6003,(주)제니스월드,affiliate_region,,충북,R3_사명교차전파
6007,코닉오토메이션(주),affiliate_addr,,경기도 화성시 동탄산단9길 23-12,R3_사명교차전파
6007,코닉오토메이션(주),affiliate_region,,경기,R3_사명교차전파
6009,(주)제니스월드,affiliate_addr,,충북 진천군 이월면 밤디길 68,R3_사명교차전파
6009,(주)제니스월드,affiliate_region,,충북,R3_사명교차전파
6030,롯데컬처웍스(주),affiliate_addr,,서울특별시 송파구 올림픽로 295 롯데월드타워 18층,R3_사명교차전파
6030,롯데컬처웍스(주),affiliate_region,,서울,R3_사명교차전파
6031,롯데위탁관리부동산투자회사(주),affiliate_addr,,서울특별시 송파구 올림픽로 300 롯데월드타워 30층,R3_사명교차전파
6031,롯데위탁관리부동산투자회사(주),affiliate_region,,서울,R3_사명교차전파
6032,롯데오토리스(주),affiliate_addr,,경기도 안양시 동안구 전파로 88 8층(호계동 신원비젼타워),R3_사명교차전파
6032,롯데오토리스(주),affiliate_region,,경기,R3_사명교차전파
6033,(주)충북소주,affiliate_addr,,충청북도 청주시 청원구 내수읍 우산길 57,R3_사명교차전파
6033,(주)충북소주,affiliate_region,,충북,R3_사명교차전파
6034,산청음료(주),affiliate_addr,,경상남도 산청군 시천면 남명로 59-61,R3_사명교차전파
6034,산청음료(주),affiliate_region,,경남,R3_사명교차전파
6038,서진산업(주),affiliate_addr,,경기도 시흥시,R3_사명교차전파
6038,서진산업(주),affiliate_region,,경기,R3_사명교차전파
6039,(주)코모스,affiliate_addr,,주소 : 경기 화성 우성 멱우 122-11 전화번호 : 031-359-1122 홈페이지 : www.secokomos.com,R3_사명교차전파
6039,(주)코모스,affiliate_region,,경기,R3_사명교차전파
6043,(주)영풍기계,affiliate_addr,,경상북도 경주시,R3_사명교차전파
6043,(주)영풍기계,affiliate_region,,경북,R3_사명교차전파
6044,(주)태우,affiliate_addr,,경기도 안산시 단원구 시화로 133 (성곡동),R3_사명교차전파
6044,(주)태우,affiliate_region,,경기,R3_사명교차전파
6045,(주)에쎈테크,affiliate_addr,,경기도 안산시 단원구 시화로 133 (성곡동),R3_사명교차전파
6045,(주)에쎈테크,affiliate_region,,경기,R3_사명교차전파
6046,(주)대창,affiliate_addr,,경기도 시흥시 공단1대로 391,R3_사명교차전파
6046,(주)대창,affiliate_region,,경기,R3_사명교차전파
6051,(주)노루페인트,affiliate_addr,,경기도 안양시 만안구 박달로 351,R3_사명교차전파
6051,(주)노루페인트,affiliate_region,,경기,R3_사명교차전파
6052,(주)노루코일코팅,affiliate_addr,,경상북도 포항시 남구 장흥로39번길 54,R3_사명교차전파
6052,(주)노루코일코팅,affiliate_region,,경북,R3_사명교차전파
6067,(주)코리아써키트,affiliate_addr,,경기 안산시 단원구 강촌로 139번길 9,R3_사명교차전파
6067,(주)코리아써키트,affiliate_region,,경기,R3_사명교차전파
6068,켐코(주),affiliate_addr,,서울특별시 종로구 종로 33 그랑서울,R3_사명교차전파
6068,켐코(주),affiliate_region,,서울,R3_사명교차전파
6071,(주)셀트리온제약,affiliate_addr,,충청북도 청주시 청원군 오창읍 2산단로 82,R3_사명교차전파
6071,(주)셀트리온제약,affiliate_region,,충북,R3_사명교차전파
6082,(주)태우,affiliate_addr,,경기도 안산시 단원구 시화로 133 (성곡동),R3_사명교차전파
6082,(주)태우,affiliate_region,,경기,R3_사명교차전파
6083,(주)에쎈테크,affiliate_addr,,경기도 안산시 단원구 시화로 133 (성곡동),R3_사명교차전파
6083,(주)에쎈테크,affiliate_region,,경기,R3_사명교차전파
6084,(주)대창,affiliate_addr,,경기도 시흥시 공단1대로 391,R3_사명교차전파
6084,(주)대창,affiliate_region,,경기,R3_사명교차전파
6089,해성디에스(주),affiliate_addr,,서울특별시 강남구 테헤란로 508 (해성2빌딩) 8층,R3_사명교차전파
6089,해성디에스(주),affiliate_region,,서울,R3_사명교차전파
6094,(주)삼천리모터스,affiliate_addr,,경기도 군포시 당정로27번길 11,R3_사명교차전파
6094,(주)삼천리모터스,affiliate_region,,경기,R3_사명교차전파
6095,현대알루미늄(주),affiliate_addr,,충남 논산시 가야곡면 원앙로 503번길 117,R3_사명교차전파
6095,현대알루미늄(주),affiliate_region,,충남,R3_사명교차전파
6098,(주)종근당바이오,affiliate_addr,,서울 서대문구 충정로 8,R3_사명교차전파
6098,(주)종근당바이오,affiliate_region,,서울,R3_사명교차전파
6100,(주)경보제약,affiliate_addr,,충남 아산시 실옥동 345-6,R3_사명교차전파
6100,(주)경보제약,affiliate_region,,충남,R3_사명교차전파
6105,엘에스글로벌인코퍼레이티드(주),affiliate_addr,,경기도 군포시 산본동 1026-8번지 중산빌딩 5층,R3_사명교차전파
6105,엘에스글로벌인코퍼레이티드(주),affiliate_region,,경기,R3_사명교차전파
6106,(주)베스트토요타,affiliate_addr,,- 주소 : 서울 용산구 한강대로 92 (한강로2가 LS용산타워1층) - 전화 : 02) 2122-7701 - 홈페이지 : http://www.toyotayongsan.co.kr,R3_사명교차전파
6106,(주)베스트토요타,affiliate_region,,서울,R3_사명교차전파
6107,(주)예스코,affiliate_addr,,서울특별시 성동구 자동차시장길 23,R3_사명교차전파
6107,(주)예스코,affiliate_region,,서울,R3_사명교차전파
6108,(주)지앤피,affiliate_addr,,충청북도 충주시 국원대로 448,R3_사명교차전파
6108,(주)지앤피,affiliate_region,,충북,R3_사명교차전파
6109,가온전선(주),affiliate_addr,,경기도 군포시 엘에스로 45번길 120,R3_사명교차전파
6109,가온전선(주),affiliate_region,,경기,R3_사명교차전파
6110,엘에스엠트론(주),affiliate_addr,,경기도 안양시 동안구 LS로 127,R3_사명교차전파
6110,엘에스엠트론(주),affiliate_region,,경기,R3_사명교차전파
6115,엘에스이브이코리아(주),affiliate_addr,,경기도 군포시 공단로140번길 27,R3_사명교차전파
6115,엘에스이브이코리아(주),affiliate_region,,경기,R3_사명교차전파
6116,(주)지알엠,affiliate_addr,,경기도 김포시 통진읍 김포대로 1979,R3_사명교차전파
6116,(주)지알엠,affiliate_region,,경기,R3_사명교차전파
6146,(주)테이팩스,affiliate_addr,,경기도 수원시 영통구 대학4로 17 8층 812813호,R3_사명교차전파
6146,(주)테이팩스,affiliate_region,,경기,R3_사명교차전파
6148,한솔페이퍼텍(주),affiliate_addr,,전남 담양군 대전면 대치7길 80,R3_사명교차전파
6148,한솔페이퍼텍(주),affiliate_region,,전남,R3_사명교차전파
6154,지에스엠비즈(주),affiliate_addr,,서울특별시 영등포구 선유로43길 19,R3_사명교차전파
6154,지에스엠비즈(주),affiliate_region,,서울,R3_사명교차전파
6155,지에스바이오(주),affiliate_addr,,전라남도 여수시 여수산단로 923-106,R3_사명교차전파
6155,지에스바이오(주),affiliate_region,,전남,R3_사명교차전파
6171,서진산업(주),affiliate_addr,,경기도 시흥시,R3_사명교차전파
6171,서진산업(주),affiliate_region,,경기,R3_사명교차전파
6172,(주)코모스,affiliate_addr,,주소 : 경기 화성 우성 멱우 122-11 전화번호 : 031-359-1122 홈페이지 : www.secokomos.com,R3_사명교차전파
6172,(주)코모스,affiliate_region,,경기,R3_사명교차전파
6173,아이아(주),affiliate_addr,,주소 : 경기도 안산시 단원구 성곡동 636-2 전화번호 : 031-491-7968 홈페이지 : www.aia21.co.kr,R3_사명교차전파
6173,아이아(주),affiliate_region,,경기,R3_사명교차전파
6176,(주)영풍기계,affiliate_addr,,경상북도 경주시,R3_사명교차전파
6176,(주)영풍기계,affiliate_region,,경북,R3_사명교차전파
6186,한덕철광산업(주),affiliate_addr,,강원도 정선군 신동읍 조동1길 154,R3_사명교차전파
6186,한덕철광산업(주),affiliate_region,,강원,R3_사명교차전파
6190,서진산업(주),affiliate_addr,,경기도 시흥시,R3_사명교차전파
6190,서진산업(주),affiliate_region,,경기,R3_사명교차전파
6191,(주)코모스,affiliate_addr,,주소 : 경기 화성 우성 멱우 122-11 전화번호 : 031-359-1122 홈페이지 : www.secokomos.com,R3_사명교차전파
6191,(주)코모스,affiliate_region,,경기,R3_사명교차전파
6192,아이아(주),affiliate_addr,,주소 : 경기도 안산시 단원구 성곡동 636-2 전화번호 : 031-491-7968 홈페이지 : www.aia21.co.kr,R3_사명교차전파
6192,아이아(주),affiliate_region,,경기,R3_사명교차전파
6195,(주)영풍기계,affiliate_addr,,경상북도 경주시,R3_사명교차전파
6195,(주)영풍기계,affiliate_region,,경북,R3_사명교차전파
6209,나래에너지서비스(주),affiliate_addr,,서울시 종로구 서린동 88 한국화장품 건물 2층 위례에너지서비스,R3_사명교차전파
6209,나래에너지서비스(주),affiliate_region,,서울,R3_사명교차전파
6212,에스케이넥실리스,affiliate_addr,,전라북도 정읍시 북면 3산단2길 2,R3_사명교차전파
6212,에스케이넥실리스,affiliate_region,,전북,R3_사명교차전파
6213,SK인천석유화학(주),affiliate_addr,,인천 서구 봉수대로 415,R3_사명교차전파
6213,SK인천석유화학(주),affiliate_region,,인천,R3_사명교차전파
6214,SKC(주),affiliate_addr,,경기 수원시 장안구 장안로 309번길 84,R3_사명교차전파
6214,SKC(주),affiliate_region,,경기,R3_사명교차전파
6215,SK네트웍스(주),affiliate_addr,,경기도 수원시 장안구 경수대로 795,R3_사명교차전파
6215,SK네트웍스(주),affiliate_region,,경기,R3_사명교차전파
6219,SK네트웍스서비스(주),affiliate_addr,,경기도 수원시 팔달구 인계로 166번길 48-21,R3_사명교차전파
6219,SK네트웍스서비스(주),affiliate_region,,경기,R3_사명교차전파
6220,강원도시가스(주),affiliate_addr,,강원 춘천시 삭주로 163,R3_사명교차전파
6220,강원도시가스(주),affiliate_region,,강원,R3_사명교차전파
6221,충청에너지서비스(주),affiliate_addr,,충북 청주시 흥덕구 산단로 244,R3_사명교차전파
6221,충청에너지서비스(주),affiliate_region,,충북,R3_사명교차전파
6237,현대캐피탈(주),affiliate_addr,,서울특별시 중구 세종대로 14,R3_사명교차전파
6237,현대캐피탈(주),affiliate_region,,서울,R3_사명교차전파
6239,현대엔지니어링(주),affiliate_addr,,서울시 종로구,R3_사명교차전파
6239,현대엔지니어링(주),affiliate_region,,서울,R3_사명교차전파
6242,현대종합특수강(주),affiliate_addr,,경기도 안양시 동안구 시민대로 161,R3_사명교차전파
6242,현대종합특수강(주),affiliate_region,,경기,R3_사명교차전파
6244,(주)지아이티,affiliate_addr,,서울시 송파구 마천로87 지아이티빌딩,R3_사명교차전파
6244,(주)지아이티,affiliate_region,,서울,R3_사명교차전파
6247,현대에코에너지(주),affiliate_addr,,충남 서산시,R3_사명교차전파
6247,현대에코에너지(주),affiliate_region,,충남,R3_사명교차전파
6249,현대로템(주),affiliate_addr,,경남 창원시 의창구 창원대로 488,R3_사명교차전파
6249,현대로템(주),affiliate_region,,경남,R3_사명교차전파
6272,코오롱베니트(주),affiliate_addr,,경기도 과천시 별양동 1-23,R3_사명교차전파
6272,코오롱베니트(주),affiliate_region,,경기,R3_사명교차전파
6286,코오롱베니트(주),affiliate_addr,,경기도 과천시 별양동 1-23,R3_사명교차전파
6286,코오롱베니트(주),affiliate_region,,경기,R3_사명교차전파
6300,코오롱베니트(주),affiliate_addr,,경기도 과천시 별양동 1-23,R3_사명교차전파
6300,코오롱베니트(주),affiliate_region,,경기,R3_사명교차전파
6310,(주)케이브랜즈,affiliate_addr,,경기도 성남시 수정구 창업로,R3_사명교차전파
6310,(주)케이브랜즈,affiliate_region,,경기,R3_사명교차전파
6328,(주)신세계프라퍼티,affiliate_addr,,서울시 강남구 테헤란로 231 22층,R3_사명교차전파
6328,(주)신세계프라퍼티,affiliate_region,,서울,R3_사명교차전파
6330,(주)신세계디에프,affiliate_addr,,서울시 중구 퇴계로 77,R3_사명교차전파
6330,(주)신세계디에프,affiliate_region,,서울,R3_사명교차전파
6332,(주)신세계동대구복합환승센터,affiliate_addr,,대구시 동구 동부로 149,R3_사명교차전파
6332,(주)신세계동대구복합환승센터,affiliate_region,,대구,R3_사명교차전파
6350,나래에너지서비스(주),affiliate_addr,,서울시 종로구 서린동 88 한국화장품 건물 2층 위례에너지서비스,R3_사명교차전파
6350,나래에너지서비스(주),affiliate_region,,서울,R3_사명교차전파
6353,에스케이넥실리스,affiliate_addr,,전라북도 정읍시 북면 3산단2길 2,R3_사명교차전파
6353,에스케이넥실리스,affiliate_region,,전북,R3_사명교차전파
6354,SK인천석유화학(주),affiliate_addr,,인천 서구 봉수대로 415,R3_사명교차전파
6354,SK인천석유화학(주),affiliate_region,,인천,R3_사명교차전파
6355,SKC(주),affiliate_addr,,경기 수원시 장안구 장안로 309번길 84,R3_사명교차전파
6355,SKC(주),affiliate_region,,경기,R3_사명교차전파
6356,SK네트웍스(주),affiliate_addr,,경기도 수원시 장안구 경수대로 795,R3_사명교차전파
6356,SK네트웍스(주),affiliate_region,,경기,R3_사명교차전파
6361,강원도시가스(주),affiliate_addr,,강원 춘천시 삭주로 163,R3_사명교차전파
6361,강원도시가스(주),affiliate_region,,강원,R3_사명교차전파
6362,충청에너지서비스(주),affiliate_addr,,충북 청주시 흥덕구 산단로 244,R3_사명교차전파
6362,충청에너지서비스(주),affiliate_region,,충북,R3_사명교차전파
6388,나래에너지서비스(주),affiliate_addr,,서울시 종로구 서린동 88 한국화장품 건물 2층 위례에너지서비스,R3_사명교차전파
6388,나래에너지서비스(주),affiliate_region,,서울,R3_사명교차전파
6391,에스케이넥실리스,affiliate_addr,,전라북도 정읍시 북면 3산단2길 2,R3_사명교차전파
6391,에스케이넥실리스,affiliate_region,,전북,R3_사명교차전파
6392,SK인천석유화학(주),affiliate_addr,,인천 서구 봉수대로 415,R3_사명교차전파
6392,SK인천석유화학(주),affiliate_region,,인천,R3_사명교차전파
6393,SKC(주),affiliate_addr,,경기 수원시 장안구 장안로 309번길 84,R3_사명교차전파
6393,SKC(주),affiliate_region,,경기,R3_사명교차전파
6394,SK네트웍스(주),affiliate_addr,,경기도 수원시 장안구 경수대로 795,R3_사명교차전파
6394,SK네트웍스(주),affiliate_region,,경기,R3_사명교차전파
6399,SK네트웍스서비스(주),affiliate_addr,,경기도 수원시 팔달구 인계로 166번길 48-21,R3_사명교차전파
6399,SK네트웍스서비스(주),affiliate_region,,경기,R3_사명교차전파
6400,충청에너지서비스(주),affiliate_addr,,충북 청주시 흥덕구 산단로 244,R3_사명교차전파
6400,충청에너지서비스(주),affiliate_region,,충북,R3_사명교차전파
6411,(주)풀무원푸드앤컬처,affiliate_addr,,서울 송파구 송파대로34길 29,R3_사명교차전파
6411,(주)풀무원푸드앤컬처,affiliate_region,,서울,R3_사명교차전파
6412,(주)푸드머스,affiliate_addr,,경기 용인시 처인구 원삼면 맹리로2번길 31,R3_사명교차전파
6412,(주)푸드머스,affiliate_region,,경기,R3_사명교차전파
6413,엑소후레쉬물류(주),affiliate_addr,,경기 용인시 기흥구 천명산로 2,R3_사명교차전파
6413,엑소후레쉬물류(주),affiliate_region,,경기,R3_사명교차전파
6415,(주)피피이씨음성생면,affiliate_addr,,충북 음성군 대소면 삼양로 730-27,R3_사명교차전파
6415,(주)피피이씨음성생면,affiliate_region,,충북,R3_사명교차전파
6416,(주)피피이씨음성나물,affiliate_addr,,충북 음성군 대소면 삼양로 730-27,R3_사명교차전파
6416,(주)피피이씨음성나물,affiliate_region,,충북,R3_사명교차전파
6417,풀무원식품(주),affiliate_addr,,충북 음성군 대소면 삼양로 730-27,R3_사명교차전파
6417,풀무원식품(주),affiliate_region,,충북,R3_사명교차전파
6420,금호피앤비화학(주),affiliate_addr,,전남 여수시 여수산단2로 218,R3_사명교차전파
6420,금호피앤비화학(주),affiliate_region,,전남,R3_사명교차전파
6421,금호티앤엘(주),affiliate_addr,,전남 여수시 여수산단로 1469-100,R3_사명교차전파
6421,금호티앤엘(주),affiliate_region,,전남,R3_사명교차전파
6423,아세아시멘트(주),affiliate_addr,,서울시 강남구 논현로 430,R3_사명교차전파
6423,아세아시멘트(주),affiliate_region,,서울,R3_사명교차전파
6424,제일산업(주),affiliate_addr,,경기도 화성시 양감면 은행나무로 456,R3_사명교차전파
6424,제일산업(주),affiliate_region,,경기,R3_사명교차전파
6425,아세아산업개발(주),affiliate_addr,,충청남도 공주시 우성면 방흥리 산32-9,R3_사명교차전파
6425,아세아산업개발(주),affiliate_region,,충남,R3_사명교차전파
6426,경산제지(주),affiliate_addr,,대구광역시 달성군 유가면 비슬로 96길 35,R3_사명교차전파
6426,경산제지(주),affiliate_region,,대구,R3_사명교차전파
6427,(주)에이팩,affiliate_addr,,경상남도 양산시 산막공단남5길 12,R3_사명교차전파
6427,(주)에이팩,affiliate_region,,경남,R3_사명교차전파
6437,(주)이월드,affiliate_addr,,대구광역시 달서구 두류공원로 200,R3_사명교차전파
6437,(주)이월드,affiliate_region,,대구,R3_사명교차전파
6444,삼표해운(주),affiliate_addr,,부산광역시 서구 원양로 268(암남동),R3_사명교차전파
6444,삼표해운(주),affiliate_region,,부산,R3_사명교차전파
6451,지에스엠비즈(주),affiliate_addr,,서울특별시 영등포구 선유로43길 19,R3_사명교차전파
6451,지에스엠비즈(주),affiliate_region,,서울,R3_사명교차전파
6452,지에스바이오(주),affiliate_addr,,전라남도 여수시 여수산단로 923-106,R3_사명교차전파
6452,지에스바이오(주),affiliate_region,,전남,R3_사명교차전파
6482,(주)고려제지,affiliate_addr,,경기 시흥시 군자천로 99,R3_사명교차전파
6482,(주)고려제지,affiliate_region,,경기,R3_사명교차전파
6484,(주)심텍,affiliate_addr,,충청북도 청주시 흥덕구 산단로 73,R3_사명교차전파
6484,(주)심텍,affiliate_region,,충북,R3_사명교차전파
6498,나래에너지서비스(주),affiliate_addr,,서울시 종로구 서린동 88 한국화장품 건물 2층 위례에너지서비스,R3_사명교차전파
6498,나래에너지서비스(주),affiliate_region,,서울,R3_사명교차전파
6501,에스케이넥실리스,affiliate_addr,,전라북도 정읍시 북면 3산단2길 2,R3_사명교차전파
6501,에스케이넥실리스,affiliate_region,,전북,R3_사명교차전파
6502,SK인천석유화학(주),affiliate_addr,,인천 서구 봉수대로 415,R3_사명교차전파
6502,SK인천석유화학(주),affiliate_region,,인천,R3_사명교차전파
6503,SKC(주),affiliate_addr,,경기 수원시 장안구 장안로 309번길 84,R3_사명교차전파
6503,SKC(주),affiliate_region,,경기,R3_사명교차전파
6504,SK네트웍스(주),affiliate_addr,,경기도 수원시 장안구 경수대로 795,R3_사명교차전파
6504,SK네트웍스(주),affiliate_region,,경기,R3_사명교차전파
6509,SK네트웍스서비스(주),affiliate_addr,,경기도 수원시 팔달구 인계로 166번길 48-21,R3_사명교차전파
6509,SK네트웍스서비스(주),affiliate_region,,경기,R3_사명교차전파
6510,강원도시가스(주),affiliate_addr,,강원 춘천시 삭주로 163,R3_사명교차전파
6510,강원도시가스(주),affiliate_region,,강원,R3_사명교차전파
6537,롯데컬처웍스(주),affiliate_addr,,서울특별시 송파구 올림픽로 295 롯데월드타워 18층,R3_사명교차전파
6537,롯데컬처웍스(주),affiliate_region,,서울,R3_사명교차전파
6538,롯데위탁관리부동산투자회사(주),affiliate_addr,,서울특별시 송파구 올림픽로 300 롯데월드타워 30층,R3_사명교차전파
6538,롯데위탁관리부동산투자회사(주),affiliate_region,,서울,R3_사명교차전파
6539,롯데오토리스(주),affiliate_addr,,경기도 안양시 동안구 전파로 88 8층(호계동 신원비젼타워),R3_사명교차전파
6539,롯데오토리스(주),affiliate_region,,경기,R3_사명교차전파
6540,(주)백학음료,affiliate_addr,,경기도 연천군 백학면 장백로 589,R3_사명교차전파
6540,(주)백학음료,affiliate_region,,경기,R3_사명교차전파
6541,산청음료(주),affiliate_addr,,경상남도 산청군 시천면 남명로 59-61,R3_사명교차전파
6541,산청음료(주),affiliate_region,,경남,R3_사명교차전파
6548,(주)에스쁘아,affiliate_addr,,서울 용산구 한강대로 100,R3_사명교차전파
6548,(주)에스쁘아,affiliate_region,,서울,R3_사명교차전파
6549,(주)에뛰드,affiliate_addr,,서울 용산구 한강대로 100,R3_사명교차전파
6549,(주)에뛰드,affiliate_region,,서울,R3_사명교차전파
6550,(주)코스비전,affiliate_addr,,대전 대덕구 대화로 80,R3_사명교차전파
6550,(주)코스비전,affiliate_region,,대전,R3_사명교차전파
6555,(주)에코프로이노베이션,affiliate_addr,,경북 포항시 북구 흥해읍,R3_사명교차전파
6555,(주)에코프로이노베이션,affiliate_region,,경북,R3_사명교차전파
6568,(주)세아제강,affiliate_addr,,서울 마포구,R3_사명교차전파
6568,(주)세아제강,affiliate_region,,서울,R3_사명교차전파
6569,세아특수강(주),affiliate_addr,,경상북도 포항시 남구,R3_사명교차전파
6569,세아특수강(주),affiliate_region,,경북,R3_사명교차전파
6570,(주)세아창원특수강,affiliate_addr,,경남 창원시,R3_사명교차전파
6570,(주)세아창원특수강,affiliate_region,,경남,R3_사명교차전파
6572,(주)세아씨엠,affiliate_addr,,전라북도 군산,R3_사명교차전파
6572,(주)세아씨엠,affiliate_region,,전북,R3_사명교차전파
6579,에스와이빌드(주),affiliate_addr,,충남 아산시 인주면,R3_사명교차전파
6579,에스와이빌드(주),affiliate_region,,충남,R3_사명교차전파
6586,현대알루미늄(주),affiliate_addr,,충남 논산시 가야곡면 원앙로 503번길 117,R3_사명교차전파
6586,현대알루미늄(주),affiliate_region,,충남,R3_사명교차전파
6589,(주)정다운,affiliate_addr,,나주,R3_사명교차전파
6590,(주)마니커,affiliate_addr,,용인,R3_사명교차전파
6591,(주)마니커에프앤지,affiliate_addr,,용인,R3_사명교차전파
6592,농업회사법인(주)지리산하이포지피,affiliate_addr,,경남 산청군 단성면 창촌리 산 6,R3_사명교차전파
6592,농업회사법인(주)지리산하이포지피,affiliate_region,,경남,R3_사명교차전파
6593,(주)이지팜스,affiliate_addr,,천안,R3_사명교차전파
6594,농업회사법인(주)팜스월드지지피,affiliate_addr,,전남 영광군 법성면 신장길 5길 38,R3_사명교차전파
6594,농업회사법인(주)팜스월드지지피,affiliate_region,,전남,R3_사명교차전파
6595,우리손에프앤지농업회사법인(주),affiliate_addr,,나주,R3_사명교차전파
6597,(주)농업회사법인한국원종,affiliate_addr,,충북 청주시 청원구 오창읍 중부로 1555 3층,R3_사명교차전파
6597,(주)농업회사법인한국원종,affiliate_region,,충북,R3_사명교차전파
6598,(주)체리푸드,affiliate_addr,,경상북도 영천시 금호읍 금창로 165,R3_사명교차전파
6598,(주)체리푸드,affiliate_region,,경북,R3_사명교차전파
6605,농업회사법인(주)사조원,affiliate_addr,,전북 김제시 금산면 구성6길 122,R3_사명교차전파
6605,농업회사법인(주)사조원,affiliate_region,,전북,R3_사명교차전파
6616,(주)나전,affiliate_addr,,광주광역시 광산구 평동산단로 239-20,R3_사명교차전파
6616,(주)나전,affiliate_region,,광주,R3_사명교차전파
6618,(주)풀무원푸드앤컬처,affiliate_addr,,서울 송파구 송파대로34길 29,R3_사명교차전파
6618,(주)풀무원푸드앤컬처,affiliate_region,,서울,R3_사명교차전파
6619,(주)푸드머스,affiliate_addr,,경기 용인시 처인구 원삼면 맹리로2번길 31,R3_사명교차전파
6619,(주)푸드머스,affiliate_region,,경기,R3_사명교차전파
6620,엑소후레쉬물류(주),affiliate_addr,,경기 용인시 기흥구 천명산로 2,R3_사명교차전파
6620,엑소후레쉬물류(주),affiliate_region,,경기,R3_사명교차전파
6621,(주)피피이씨춘천,affiliate_addr,,강원 춘천시 서면 당림리 602,R3_사명교차전파
6621,(주)피피이씨춘천,affiliate_region,,강원,R3_사명교차전파
6622,(주)피피이씨음성생면,affiliate_addr,,충북 음성군 대소면 삼양로 730-27,R3_사명교차전파
6622,(주)피피이씨음성생면,affiliate_region,,충북,R3_사명교차전파
6623,(주)피피이씨음성나물,affiliate_addr,,충북 음성군 대소면 삼양로 730-27,R3_사명교차전파
6623,(주)피피이씨음성나물,affiliate_region,,충북,R3_사명교차전파
6624,풀무원식품(주),affiliate_addr,,충북 음성군 대소면 삼양로 730-27,R3_사명교차전파
6624,풀무원식품(주),affiliate_region,,충북,R3_사명교차전파
6628,(주)네패스아크,affiliate_addr,,충북 청주시 청원구 오창읍 과학산업 2로 587-32,R3_사명교차전파
6628,(주)네패스아크,affiliate_region,,충북,R3_사명교차전파
6631,일진디앤코(주),affiliate_addr,,서울시 마포구 마포대로 45,R3_사명교차전파
6631,일진디앤코(주),affiliate_region,,서울,R3_사명교차전파
6634,일진전기(주),affiliate_addr,,경기도 화성시 만년로 905-17,R3_사명교차전파
6634,일진전기(주),affiliate_region,,경기,R3_사명교차전파
6635,알피니언메디칼시스템(주),affiliate_addr,,경기도 화성시 만년로 905-17,R3_사명교차전파
6635,알피니언메디칼시스템(주),affiliate_region,,경기,R3_사명교차전파
6637,(주)풀무원푸드앤컬처,affiliate_addr,,서울 송파구 송파대로34길 29,R3_사명교차전파
6637,(주)풀무원푸드앤컬처,affiliate_region,,서울,R3_사명교차전파
6638,(주)푸드머스,affiliate_addr,,경기 용인시 처인구 원삼면 맹리로2번길 31,R3_사명교차전파
6638,(주)푸드머스,affiliate_region,,경기,R3_사명교차전파
6639,엑소후레쉬물류(주),affiliate_addr,,경기 용인시 기흥구 천명산로 2,R3_사명교차전파
6639,엑소후레쉬물류(주),affiliate_region,,경기,R3_사명교차전파
6640,(주)피피이씨춘천,affiliate_addr,,강원 춘천시 서면 당림리 602,R3_사명교차전파
6640,(주)피피이씨춘천,affiliate_region,,강원,R3_사명교차전파
6642,(주)피피이씨음성나물,affiliate_addr,,충북 음성군 대소면 삼양로 730-27,R3_사명교차전파
6642,(주)피피이씨음성나물,affiliate_region,,충북,R3_사명교차전파
6643,풀무원식품(주),affiliate_addr,,충북 음성군 대소면 삼양로 730-27,R3_사명교차전파
6643,풀무원식품(주),affiliate_region,,충북,R3_사명교차전파
6645,(주)풀무원푸드앤컬처,affiliate_addr,,서울 송파구 송파대로34길 29,R3_사명교차전파
6645,(주)풀무원푸드앤컬처,affiliate_region,,서울,R3_사명교차전파
6646,(주)푸드머스,affiliate_addr,,경기 용인시 처인구 원삼면 맹리로2번길 31,R3_사명교차전파
6646,(주)푸드머스,affiliate_region,,경기,R3_사명교차전파
6647,엑소후레쉬물류(주),affiliate_addr,,경기 용인시 기흥구 천명산로 2,R3_사명교차전파
6647,엑소후레쉬물류(주),affiliate_region,,경기,R3_사명교차전파
6648,(주)피피이씨춘천,affiliate_addr,,강원 춘천시 서면 당림리 602,R3_사명교차전파
6648,(주)피피이씨춘천,affiliate_region,,강원,R3_사명교차전파
6650,(주)피피이씨음성생면,affiliate_addr,,충북 음성군 대소면 삼양로 730-27,R3_사명교차전파
6650,(주)피피이씨음성생면,affiliate_region,,충북,R3_사명교차전파
6651,풀무원식품(주),affiliate_addr,,충북 음성군 대소면 삼양로 730-27,R3_사명교차전파
6651,풀무원식품(주),affiliate_region,,충북,R3_사명교차전파
6662,(주)하이프라자,affiliate_addr,,서울특별시 강서구 마곡중앙5로 18,R3_사명교차전파
6662,(주)하이프라자,affiliate_region,,서울,R3_사명교차전파
6663,(주)정다운,affiliate_addr,,나주,R3_사명교차전파
6664,(주)마니커,affiliate_addr,,용인,R3_사명교차전파
6665,(주)마니커에프앤지,affiliate_addr,,용인,R3_사명교차전파
6666,(주)팜스토리,affiliate_addr,,서울,R3_사명교차전파
6666,(주)팜스토리,affiliate_region,,서울,R3_사명교차전파
6667,(주)이지팜스,affiliate_addr,,천안,R3_사명교차전파
6668,농업회사법인(주)팜스월드지지피,affiliate_addr,,전남 영광군 법성면 신장길 5길 38,R3_사명교차전파
6668,농업회사법인(주)팜스월드지지피,affiliate_region,,전남,R3_사명교차전파
6669,우리손에프앤지농업회사법인(주),affiliate_addr,,나주,R3_사명교차전파
6671,(주)풀무원푸드앤컬처,affiliate_addr,,서울 송파구 송파대로34길 29,R3_사명교차전파
6671,(주)풀무원푸드앤컬처,affiliate_region,,서울,R3_사명교차전파
6672,(주)푸드머스,affiliate_addr,,경기 용인시 처인구 원삼면 맹리로2번길 31,R3_사명교차전파
6672,(주)푸드머스,affiliate_region,,경기,R3_사명교차전파
6673,엑소후레쉬물류(주),affiliate_addr,,경기 용인시 기흥구 천명산로 2,R3_사명교차전파
6673,엑소후레쉬물류(주),affiliate_region,,경기,R3_사명교차전파
6674,(주)피피이씨춘천,affiliate_addr,,강원 춘천시 서면 당림리 602,R3_사명교차전파
6674,(주)피피이씨춘천,affiliate_region,,강원,R3_사명교차전파
6676,(주)피피이씨음성생면,affiliate_addr,,충북 음성군 대소면 삼양로 730-27,R3_사명교차전파
6676,(주)피피이씨음성생면,affiliate_region,,충북,R3_사명교차전파
6677,(주)피피이씨음성나물,affiliate_addr,,충북 음성군 대소면 삼양로 730-27,R3_사명교차전파
6677,(주)피피이씨음성나물,affiliate_region,,충북,R3_사명교차전파
6682,동아제약(주),affiliate_addr,,서울 동대문구 천호대로 64,R3_사명교차전파
6682,동아제약(주),affiliate_region,,서울,R3_사명교차전파
6688,오뚜기냉동식품(주),affiliate_addr,,경기도 파주시 파주읍 파발로 65,R3_사명교차전파
6688,오뚜기냉동식품(주),affiliate_region,,경기,R3_사명교차전파
6690,오뚜기라면(주),affiliate_addr,,경기도 평택시 안중읍 서해로 1427,R3_사명교차전파
6690,오뚜기라면(주),affiliate_region,,경기,R3_사명교차전파
6691,상미식품(주),affiliate_addr,,충청남도 천안시 동남구 수신면 수신로 503,R3_사명교차전파
6691,상미식품(주),affiliate_region,,충남,R3_사명교차전파
6695,엘에스글로벌인코퍼레이티드(주),affiliate_addr,,경기도 군포시 산본동 1026-8번지 중산빌딩 5층,R3_사명교차전파
6695,엘에스글로벌인코퍼레이티드(주),affiliate_region,,경기,R3_사명교차전파
6696,(주)베스트토요타,affiliate_addr,,- 주소 : 서울 용산구 한강대로 92 (한강로2가 LS용산타워1층) - 전화 : 02) 2122-7701 - 홈페이지 : http://www.toyotayongsan.co.kr,R3_사명교차전파
6696,(주)베스트토요타,affiliate_region,,서울,R3_사명교차전파
6697,(주)예스코,affiliate_addr,,서울특별시 성동구 자동차시장길 23,R3_사명교차전파
6697,(주)예스코,affiliate_region,,서울,R3_사명교차전파
6698,(주)지앤피,affiliate_addr,,충청북도 충주시 국원대로 448,R3_사명교차전파
6698,(주)지앤피,affiliate_region,,충북,R3_사명교차전파
6699,가온전선(주),affiliate_addr,,경기도 군포시 엘에스로 45번길 120,R3_사명교차전파
6699,가온전선(주),affiliate_region,,경기,R3_사명교차전파
6700,엘에스엠트론(주),affiliate_addr,,경기도 안양시 동안구 LS로 127,R3_사명교차전파
6700,엘에스엠트론(주),affiliate_region,,경기,R3_사명교차전파
6705,엘에스이브이코리아(주),affiliate_addr,,경기도 군포시 공단로140번길 27,R3_사명교차전파
6705,엘에스이브이코리아(주),affiliate_region,,경기,R3_사명교차전파
6706,(주)토리컴,affiliate_addr,,충청남도 아산시 둔포면 아산밸리동로 78,R3_사명교차전파
6706,(주)토리컴,affiliate_region,,충남,R3_사명교차전파
6713,케이알유통(주),affiliate_addr,,대전광역시 동구 은어송로,R3_사명교차전파
6713,케이알유통(주),affiliate_region,,대전,R3_사명교차전파
6714,(주)케이알산업,affiliate_addr,,경기도 이천시 부발읍 경충대로,R3_사명교차전파
6714,(주)케이알산업,affiliate_region,,경기,R3_사명교차전파
6715,현대알루미늄(주),affiliate_addr,,충남 논산시 가야곡면 원앙로 503번길 117,R3_사명교차전파
6715,현대알루미늄(주),affiliate_region,,충남,R3_사명교차전파
6722,계룡산업(주),affiliate_addr,,대전광역시 서구 월평중로,R3_사명교차전파
6722,계룡산업(주),affiliate_region,,대전,R3_사명교차전파
6723,케이알유통(주),affiliate_addr,,대전광역시 동구 은어송로,R3_사명교차전파
6723,케이알유통(주),affiliate_region,,대전,R3_사명교차전파
6724,(주)케이알산업,affiliate_addr,,경기도 이천시 부발읍 경충대로,R3_사명교차전파
6724,(주)케이알산업,affiliate_region,,경기,R3_사명교차전파
6732,(주)제주해양과학관,affiliate_addr,,제주특별자치도 서귀포시 섭지코지로 95,R3_사명교차전파
6732,(주)제주해양과학관,affiliate_region,,제주,R3_사명교차전파
6733,(주)한화도시개발,affiliate_addr,,충남 아산시 둔포면 해위안길 62번길 16 (신항리),R3_사명교차전파
6733,(주)한화도시개발,affiliate_region,,충남,R3_사명교차전파
6738,한화시스템(주),affiliate_addr,,경상북도 구미시 1공단로 244,R3_사명교차전파
6738,한화시스템(주),affiliate_region,,경북,R3_사명교차전파
6739,한화에어로스페이스(주),affiliate_addr,,경남 창원시 성산구 창원대로 1204 (성주동),R3_사명교차전파
6739,한화에어로스페이스(주),affiliate_region,,경남,R3_사명교차전파
6744,(주)엔에스쇼핑,affiliate_addr,,경기 성남시 분당구 판교로 228번길 15,R3_사명교차전파
6744,(주)엔에스쇼핑,affiliate_region,,경기,R3_사명교차전파
6746,(주)참트레이딩,affiliate_addr,,서울 강남구 도산대로 130 6층,R3_사명교차전파
6746,(주)참트레이딩,affiliate_region,,서울,R3_사명교차전파
6750,(주)팜스코,affiliate_addr,,경기 안성시 미양면 제2공단 4길 33,R3_사명교차전파
6750,(주)팜스코,affiliate_region,,경기,R3_사명교차전파
6751,(주)하림산업,affiliate_addr,,전라북도 익산시 중앙로 121,R3_사명교차전파
6751,(주)하림산업,affiliate_region,,전북,R3_사명교차전파
6753,(주)선진에프에스,affiliate_addr,,경기 이천시 대월면 사동로 76,R3_사명교차전파
6753,(주)선진에프에스,affiliate_region,,경기,R3_사명교차전파
6754,(주)선진,affiliate_addr,,경기 이천시 대월면 사동로 76,R3_사명교차전파
6754,(주)선진,affiliate_region,,경기,R3_사명교차전파
6755,(주)농업회사법인팜스코바이오인티,affiliate_addr,,경기도 이천시 부발읍 부흥로 81번길 140-81,R3_사명교차전파
6755,(주)농업회사법인팜스코바이오인티,affiliate_region,,경기,R3_사명교차전파
6756,(주)선진햄,affiliate_addr,,충북 음성군 대소면 태생리 40-16,R3_사명교차전파
6756,(주)선진햄,affiliate_region,,충북,R3_사명교차전파
6757,(주)농업회사법인주원산오리,affiliate_addr,,충북 진천군 광혜원면 진광로 941-5,R3_사명교차전파
6757,(주)농업회사법인주원산오리,affiliate_region,,충북,R3_사명교차전파
6758,제일사료(주),affiliate_addr,,대전시 대덕구 대전로 1331번길 240,R3_사명교차전파
6758,제일사료(주),affiliate_region,,대전,R3_사명교차전파
6759,(주)하림,affiliate_addr,,전북 익산시 망성면 망성로 14,R3_사명교차전파
6759,(주)하림,affiliate_region,,전북,R3_사명교차전파
6760,(주)애그리로보텍,affiliate_addr,,경기 이천시 부발읍 신아로 58,R3_사명교차전파
6760,(주)애그리로보텍,affiliate_region,,경기,R3_사명교차전파
6770,(주)제주항공,affiliate_addr,,제주특별자치도 제주시 신대로 64 (연동건설공제회관3층),R3_사명교차전파
6770,(주)제주항공,affiliate_region,,제주,R3_사명교차전파
6780,(주)제주항공,affiliate_addr,,제주특별자치도 제주시 신대로 64 (연동건설공제회관3층),R3_사명교차전파
6780,(주)제주항공,affiliate_region,,제주,R3_사명교차전파
6781,한국수력원자력(주),affiliate_addr,,경상북도 경주시 불국로 1655,R3_사명교차전파
6781,한국수력원자력(주),affiliate_region,,경북,R3_사명교차전파
6782,한국남부발전(주),affiliate_addr,,부산광역시 남구 문현금융로 40 부산국제금융센터,R3_사명교차전파
6782,한국남부발전(주),affiliate_region,,부산,R3_사명교차전파
6783,한국서부발전(주),affiliate_addr,,충청남도 태안군 태안읍 중앙로 285,R3_사명교차전파
6783,한국서부발전(주),affiliate_region,,충남,R3_사명교차전파
6785,경기그린에너지(주),affiliate_addr,,경기도 화성시 향남읍 발안공단로 3길 77,R3_사명교차전파
6785,경기그린에너지(주),affiliate_region,,경기,R3_사명교차전파
6789,미래에셋벤처투자(주),affiliate_addr,,경기도 성남시 분당구 판교역 로 241번길 20 지하1층 (삼평동 미래에셋벤처타워빌 딩),R3_사명교차전파
6789,미래에셋벤처투자(주),affiliate_region,,경기,R3_사명교차전파
6801,(주)한텍,affiliate_addr,,울산광역시 울주군 온산읍 연자로 51,R3_사명교차전파
6801,(주)한텍,affiliate_region,,울산,R3_사명교차전파
6809,(주)테이팩스,affiliate_addr,,경기도 수원시 영통구 대학4로 17 8층 812813호,R3_사명교차전파
6809,(주)테이팩스,affiliate_region,,경기,R3_사명교차전파
6811,한솔페이퍼텍(주),affiliate_addr,,전남 담양군 대전면 대치7길 80,R3_사명교차전파
6811,한솔페이퍼텍(주),affiliate_region,,전남,R3_사명교차전파
6813,(주)엔에스쇼핑,affiliate_addr,,경기 성남시 분당구 판교로 228번길 15,R3_사명교차전파
6813,(주)엔에스쇼핑,affiliate_region,,경기,R3_사명교차전파
6815,(주)참트레이딩,affiliate_addr,,서울 강남구 도산대로 130 6층,R3_사명교차전파
6815,(주)참트레이딩,affiliate_region,,서울,R3_사명교차전파
6819,(주)팜스코,affiliate_addr,,경기 안성시 미양면 제2공단 4길 33,R3_사명교차전파
6819,(주)팜스코,affiliate_region,,경기,R3_사명교차전파
6820,(주)하림산업,affiliate_addr,,전라북도 익산시 중앙로 121,R3_사명교차전파
6820,(주)하림산업,affiliate_region,,전북,R3_사명교차전파
6822,(주)선진에프에스,affiliate_addr,,경기 이천시 대월면 사동로 76,R3_사명교차전파
6822,(주)선진에프에스,affiliate_region,,경기,R3_사명교차전파
6823,(주)선진,affiliate_addr,,경기 이천시 대월면 사동로 76,R3_사명교차전파
6823,(주)선진,affiliate_region,,경기,R3_사명교차전파
6824,(주)농업회사법인팜스코바이오인티,affiliate_addr,,경기도 이천시 부발읍 부흥로 81번길 140-81,R3_사명교차전파
6824,(주)농업회사법인팜스코바이오인티,affiliate_region,,경기,R3_사명교차전파
6825,(주)선진햄,affiliate_addr,,충북 음성군 대소면 태생리 40-16,R3_사명교차전파
6825,(주)선진햄,affiliate_region,,충북,R3_사명교차전파
6827,제일사료(주),affiliate_addr,,대전시 대덕구 대전로 1331번길 240,R3_사명교차전파
6827,제일사료(주),affiliate_region,,대전,R3_사명교차전파
6828,(주)하림,affiliate_addr,,전북 익산시 망성면 망성로 14,R3_사명교차전파
6828,(주)하림,affiliate_region,,전북,R3_사명교차전파
6829,(주)애그리로보텍,affiliate_addr,,경기 이천시 부발읍 신아로 58,R3_사명교차전파
6829,(주)애그리로보텍,affiliate_region,,경기,R3_사명교차전파
6835,(주)제니스월드,affiliate_addr,,충북 진천군 이월면 밤디길 68,R3_사명교차전파
6835,(주)제니스월드,affiliate_region,,충북,R3_사명교차전파
6836,(주)웅진북센,affiliate_addr,,경기도 파주시 교하읍 문발리,R3_사명교차전파
6836,(주)웅진북센,affiliate_region,,경기,R3_사명교차전파
6837,(주)웅진씽크빅,affiliate_addr,,경기도 파주시 회동길,R3_사명교차전파
6837,(주)웅진씽크빅,affiliate_region,,경기,R3_사명교차전파
6847,(주)제주항공,affiliate_addr,,제주특별자치도 제주시 신대로 64 (연동건설공제회관3층),R3_사명교차전파
6847,(주)제주항공,affiliate_region,,제주,R3_사명교차전파
6849,계룡산업(주),affiliate_addr,,대전광역시 서구 월평중로,R3_사명교차전파
6849,계룡산업(주),affiliate_region,,대전,R3_사명교차전파
6851,(주)케이알산업,affiliate_addr,,경기도 이천시 부발읍 경충대로,R3_사명교차전파
6851,(주)케이알산업,affiliate_region,,경기,R3_사명교차전파
6857,씨제이올리브네트웍스(주),affiliate_addr,,서울특별시 용산구 한강대로 366 트윈시티 10층,R3_사명교차전파
6857,씨제이올리브네트웍스(주),affiliate_region,,서울,R3_사명교차전파
6858,씨제이씨지브이(주),affiliate_addr,,서울특별시 용산구 한강대로23길 55 아이파크몰 6층,R3_사명교차전파
6858,씨제이씨지브이(주),affiliate_region,,서울,R3_사명교차전파
6860,씨제이올리브영(주),affiliate_addr,,서울특별시 용산구 동자동 45 24층,R3_사명교차전파
6860,씨제이올리브영(주),affiliate_region,,서울,R3_사명교차전파
6861,씨제이프레시웨이(주),affiliate_addr,,경기도 용인시 기흥구 기곡로 32,R3_사명교차전파
6861,씨제이프레시웨이(주),affiliate_region,,경기,R3_사명교차전파
6863,(주)엔에스쇼핑,affiliate_addr,,경기 성남시 분당구 판교로 228번길 15,R3_사명교차전파
6863,(주)엔에스쇼핑,affiliate_region,,경기,R3_사명교차전파
6865,(주)참트레이딩,affiliate_addr,,서울 강남구 도산대로 130 6층,R3_사명교차전파
6865,(주)참트레이딩,affiliate_region,,서울,R3_사명교차전파
6869,(주)팜스코,affiliate_addr,,경기 안성시 미양면 제2공단 4길 33,R3_사명교차전파
6869,(주)팜스코,affiliate_region,,경기,R3_사명교차전파
6870,(주)하림산업,affiliate_addr,,전라북도 익산시 중앙로 121,R3_사명교차전파
6870,(주)하림산업,affiliate_region,,전북,R3_사명교차전파
6872,(주)선진에프에스,affiliate_addr,,경기 이천시 대월면 사동로 76,R3_사명교차전파
6872,(주)선진에프에스,affiliate_region,,경기,R3_사명교차전파
6873,(주)선진,affiliate_addr,,경기 이천시 대월면 사동로 76,R3_사명교차전파
6873,(주)선진,affiliate_region,,경기,R3_사명교차전파
6874,(주)농업회사법인팜스코바이오인티,affiliate_addr,,경기도 이천시 부발읍 부흥로 81번길 140-81,R3_사명교차전파
6874,(주)농업회사법인팜스코바이오인티,affiliate_region,,경기,R3_사명교차전파
6875,(주)선진햄,affiliate_addr,,충북 음성군 대소면 태생리 40-16,R3_사명교차전파
6875,(주)선진햄,affiliate_region,,충북,R3_사명교차전파
6877,(주)농업회사법인주원산오리,affiliate_addr,,충북 진천군 광혜원면 진광로 941-5,R3_사명교차전파
6877,(주)농업회사법인주원산오리,affiliate_region,,충북,R3_사명교차전파
6878,(주)하림,affiliate_addr,,전북 익산시 망성면 망성로 14,R3_사명교차전파
6878,(주)하림,affiliate_region,,전북,R3_사명교차전파
6879,(주)애그리로보텍,affiliate_addr,,경기 이천시 부발읍 신아로 58,R3_사명교차전파
6879,(주)애그리로보텍,affiliate_region,,경기,R3_사명교차전파
6893,나래에너지서비스(주),affiliate_addr,,서울시 종로구 서린동 88 한국화장품 건물 2층 위례에너지서비스,R3_사명교차전파
6893,나래에너지서비스(주),affiliate_region,,서울,R3_사명교차전파
6896,에스케이넥실리스,affiliate_addr,,전라북도 정읍시 북면 3산단2길 2,R3_사명교차전파
6896,에스케이넥실리스,affiliate_region,,전북,R3_사명교차전파
6897,SK인천석유화학(주),affiliate_addr,,인천 서구 봉수대로 415,R3_사명교차전파
6897,SK인천석유화학(주),affiliate_region,,인천,R3_사명교차전파
6898,SKC(주),affiliate_addr,,경기 수원시 장안구 장안로 309번길 84,R3_사명교차전파
6898,SKC(주),affiliate_region,,경기,R3_사명교차전파
6899,SK네트웍스(주),affiliate_addr,,경기도 수원시 장안구 경수대로 795,R3_사명교차전파
6899,SK네트웍스(주),affiliate_region,,경기,R3_사명교차전파
6904,SK네트웍스서비스(주),affiliate_addr,,경기도 수원시 팔달구 인계로 166번길 48-21,R3_사명교차전파
6904,SK네트웍스서비스(주),affiliate_region,,경기,R3_사명교차전파
6905,강원도시가스(주),affiliate_addr,,강원 춘천시 삭주로 163,R3_사명교차전파
6905,강원도시가스(주),affiliate_region,,강원,R3_사명교차전파
6906,충청에너지서비스(주),affiliate_addr,,충북 청주시 흥덕구 산단로 244,R3_사명교차전파
6906,충청에너지서비스(주),affiliate_region,,충북,R3_사명교차전파
6916,아세아시멘트(주),affiliate_addr,,서울시 강남구 논현로 430,R3_사명교차전파
6916,아세아시멘트(주),affiliate_region,,서울,R3_사명교차전파
6917,제일산업(주),affiliate_addr,,경기도 화성시 양감면 은행나무로 456,R3_사명교차전파
6917,제일산업(주),affiliate_region,,경기,R3_사명교차전파
6918,한라시멘트(주),affiliate_addr,,강원도 강릉시 옥계면 산계길 225,R3_사명교차전파
6918,한라시멘트(주),affiliate_region,,강원,R3_사명교차전파
6919,경산제지(주),affiliate_addr,,대구광역시 달성군 유가면 비슬로 96길 35,R3_사명교차전파
6919,경산제지(주),affiliate_region,,대구,R3_사명교차전파
6920,(주)에이팩,affiliate_addr,,경상남도 양산시 산막공단남5길 12,R3_사명교차전파
6920,(주)에이팩,affiliate_region,,경남,R3_사명교차전파
6930,(주)제주해양과학관,affiliate_addr,,제주특별자치도 서귀포시 섭지코지로 95,R3_사명교차전파
6930,(주)제주해양과학관,affiliate_region,,제주,R3_사명교차전파
6931,(주)한화도시개발,affiliate_addr,,충남 아산시 둔포면 해위안길 62번길 16 (신항리),R3_사명교차전파
6931,(주)한화도시개발,affiliate_region,,충남,R3_사명교차전파
6933,(주)한화갤러리아타임월드,affiliate_addr,,대전광역시 서구 대덕대로 211 (둔산동 갤러리아타임월드백화점),R3_사명교차전파
6933,(주)한화갤러리아타임월드,affiliate_region,,대전,R3_사명교차전파
6936,한화시스템(주),affiliate_addr,,경상북도 구미시 1공단로 244,R3_사명교차전파
6936,한화시스템(주),affiliate_region,,경북,R3_사명교차전파
6937,한화에어로스페이스(주),affiliate_addr,,경남 창원시 성산구 창원대로 1204 (성주동),R3_사명교차전파
6937,한화에어로스페이스(주),affiliate_region,,경남,R3_사명교차전파
6947,현대캐피탈(주),affiliate_addr,,서울특별시 중구 세종대로 14,R3_사명교차전파
6947,현대캐피탈(주),affiliate_region,,서울,R3_사명교차전파
6949,현대엔지니어링(주),affiliate_addr,,서울시 종로구,R3_사명교차전파
6949,현대엔지니어링(주),affiliate_region,,서울,R3_사명교차전파
6952,현대종합특수강(주),affiliate_addr,,경기도 안양시 동안구 시민대로 161,R3_사명교차전파
6952,현대종합특수강(주),affiliate_region,,경기,R3_사명교차전파
6954,(주)지아이티,affiliate_addr,,서울시 송파구 마천로87 지아이티빌딩,R3_사명교차전파
6954,(주)지아이티,affiliate_region,,서울,R3_사명교차전파
6957,현대에코에너지(주),affiliate_addr,,충남 서산시,R3_사명교차전파
6957,현대에코에너지(주),affiliate_region,,충남,R3_사명교차전파
6959,현대로템(주),affiliate_addr,,경남 창원시 의창구 창원대로 488,R3_사명교차전파
6959,현대로템(주),affiliate_region,,경남,R3_사명교차전파
6972,(주)제주해양과학관,affiliate_addr,,제주특별자치도 서귀포시 섭지코지로 95,R3_사명교차전파
6972,(주)제주해양과학관,affiliate_region,,제주,R3_사명교차전파
6973,(주)한화도시개발,affiliate_addr,,충남 아산시 둔포면 해위안길 62번길 16 (신항리),R3_사명교차전파
6973,(주)한화도시개발,affiliate_region,,충남,R3_사명교차전파
6975,(주)한화갤러리아타임월드,affiliate_addr,,대전광역시 서구 대덕대로 211 (둔산동 갤러리아타임월드백화점),R3_사명교차전파
6975,(주)한화갤러리아타임월드,affiliate_region,,대전,R3_사명교차전파
6978,한화시스템(주),affiliate_addr,,경상북도 구미시 1공단로 244,R3_사명교차전파
6978,한화시스템(주),affiliate_region,,경북,R3_사명교차전파
6979,한화에어로스페이스(주),affiliate_addr,,경남 창원시 성산구 창원대로 1204 (성주동),R3_사명교차전파
6979,한화에어로스페이스(주),affiliate_region,,경남,R3_사명교차전파
6983,(주)디아이씨,affiliate_addr,,경기도 화성시,R3_사명교차전파
6983,(주)디아이씨,affiliate_region,,경기,R3_사명교차전파
6984,(주)제인모터스,affiliate_addr,,대구광역시 달성군,R3_사명교차전파
6984,(주)제인모터스,affiliate_region,,대구,R3_사명교차전파
6992,(주)제주해양과학관,affiliate_addr,,제주특별자치도 서귀포시 섭지코지로 95,R3_사명교차전파
6992,(주)제주해양과학관,affiliate_region,,제주,R3_사명교차전파
6993,(주)한화도시개발,affiliate_addr,,충남 아산시 둔포면 해위안길 62번길 16 (신항리),R3_사명교차전파
6993,(주)한화도시개발,affiliate_region,,충남,R3_사명교차전파
6995,(주)한화갤러리아타임월드,affiliate_addr,,대전광역시 서구 대덕대로 211 (둔산동 갤러리아타임월드백화점),R3_사명교차전파
6995,(주)한화갤러리아타임월드,affiliate_region,,대전,R3_사명교차전파
6998,한화시스템(주),affiliate_addr,,경상북도 구미시 1공단로 244,R3_사명교차전파
6998,한화시스템(주),affiliate_region,,경북,R3_사명교차전파
6999,한화에어로스페이스(주),affiliate_addr,,경남 창원시 성산구 창원대로 1204 (성주동),R3_사명교차전파
6999,한화에어로스페이스(주),affiliate_region,,경남,R3_사명교차전파
7048,현대캐피탈(주),affiliate_addr,,서울특별시 중구 세종대로 14,R3_사명교차전파
7048,현대캐피탈(주),affiliate_region,,서울,R3_사명교차전파
7050,현대엔지니어링(주),affiliate_addr,,서울시 종로구,R3_사명교차전파
7050,현대엔지니어링(주),affiliate_region,,서울,R3_사명교차전파
7053,현대종합특수강(주),affiliate_addr,,경기도 안양시 동안구 시민대로 161,R3_사명교차전파
7053,현대종합특수강(주),affiliate_region,,경기,R3_사명교차전파
7055,(주)지아이티,affiliate_addr,,서울시 송파구 마천로87 지아이티빌딩,R3_사명교차전파
7055,(주)지아이티,affiliate_region,,서울,R3_사명교차전파
7060,현대로템(주),affiliate_addr,,경남 창원시 의창구 창원대로 488,R3_사명교차전파
7060,현대로템(주),affiliate_region,,경남,R3_사명교차전파
7080,삼성바이오로직스(주),affiliate_addr,,인천광역시 연수구,R3_사명교차전파
7080,삼성바이오로직스(주),affiliate_region,,인천,R3_사명교차전파
7081,삼성바이오에피스(주),affiliate_addr,,인천광역시 연수구,R3_사명교차전파
7081,삼성바이오에피스(주),affiliate_region,,인천,R3_사명교차전파
7083,삼성디스플레이(주),affiliate_addr,,경기도 용인시 기흥구 삼성로 1(농서동),R3_사명교차전파
7083,삼성디스플레이(주),affiliate_region,,경기,R3_사명교차전파
7090,현대개발(주),affiliate_addr,,광주시 광산구,R3_사명교차전파
7090,현대개발(주),affiliate_region,,광주,R3_사명교차전파
7091,동화기업(주),affiliate_addr,,전남 장성군,R3_사명교차전파
7091,동화기업(주),affiliate_region,,전남,R3_사명교차전파
7096,나투라페이퍼(주),affiliate_addr,,충북 청주시 흥덕구 오송읍 상정쌍청로 171,R3_사명교차전파
7096,나투라페이퍼(주),affiliate_region,,충북,R3_사명교차전파
7102,(주)동원에프앤비,affiliate_addr,,서울특별시 서초구 마방로 68,R3_사명교차전파
7102,(주)동원에프앤비,affiliate_region,,서울,R3_사명교차전파
7104,동원팜스(주),affiliate_addr,,충청남도 논산시 가야곡면 동안로 1281,R3_사명교차전파
7104,동원팜스(주),affiliate_region,,충남,R3_사명교차전파
7106,동원로엑스(주),affiliate_addr,,서울 서초구 마방로68(양재동) 동원산업빌딩,R3_사명교차전파
7106,동원로엑스(주),affiliate_region,,서울,R3_사명교차전파
7107,동원건설산업(주),affiliate_addr,,경기도 안양시 동안구 시민대로 327번길 7-512,R3_사명교차전파
7107,동원건설산업(주),affiliate_region,,경기,R3_사명교차전파
7108,동원시스템즈(주),affiliate_addr,,성남시 중원구 갈마치로 302,R3_사명교차전파
7108,동원시스템즈(주),affiliate_region,,충남,R3_사명교차전파
7109,동원로엑스냉장(주),affiliate_addr,,부산광역시 중구 중앙대로 70,R3_사명교차전파
7109,동원로엑스냉장(주),affiliate_region,,부산,R3_사명교차전파
7111,에스와이스틸텍(주),affiliate_addr,,충북 충주시 엄정면,R3_사명교차전파
7111,에스와이스틸텍(주),affiliate_region,,충북,R3_사명교차전파
7112,에스와이빌드(주),affiliate_addr,,충남 아산시 인주면,R3_사명교차전파
7112,에스와이빌드(주),affiliate_region,,충남,R3_사명교차전파
7115,훼미리식품(주),affiliate_addr,,서울시 용산구,R3_사명교차전파
7115,훼미리식품(주),affiliate_region,,서울,R3_사명교차전파
7116,(주)크라운제과,affiliate_addr,,서울시 용산구,R3_사명교차전파
7116,(주)크라운제과,affiliate_region,,서울,R3_사명교차전파
7121,코닉오토메이션(주),affiliate_addr,,경기도 화성시 동탄산단9길 23-12,R3_사명교차전파
7121,코닉오토메이션(주),affiliate_region,,경기,R3_사명교차전파
7122,(주)제니스월드,affiliate_addr,,충북 진천군 이월면 밤디길 68,R3_사명교차전파
7122,(주)제니스월드,affiliate_region,,충북,R3_사명교차전파
7126,(주)서연인테크,affiliate_addr,,전북 익산시 석암로 17길 137,R3_사명교차전파
7126,(주)서연인테크,affiliate_region,,전북,R3_사명교차전파
7127,(주)서연씨엔에프,affiliate_addr,,울산시 울주군 두서면 전읍농공길 13(전읍리),R3_사명교차전파
7127,(주)서연씨엔에프,affiliate_region,,울산,R3_사명교차전파
7132,코닉오토메이션(주),affiliate_addr,,경기도 화성시 동탄산단9길 23-12,R3_사명교차전파
7132,코닉오토메이션(주),affiliate_region,,경기,R3_사명교차전파
7142,코오롱베니트(주),affiliate_addr,,경기도 과천시 별양동 1-23,R3_사명교차전파
7142,코오롱베니트(주),affiliate_region,,경기,R3_사명교차전파
7154,(주)정다운,affiliate_addr,,나주,R3_사명교차전파
7155,(주)마니커,affiliate_addr,,용인,R3_사명교차전파
7156,(주)마니커에프앤지,affiliate_addr,,용인,R3_사명교차전파
7157,(주)팜스토리,affiliate_addr,,서울,R3_사명교차전파
7157,(주)팜스토리,affiliate_region,,서울,R3_사명교차전파
7158,농업회사법인(주)지리산하이포지피,affiliate_addr,,경남 산청군 단성면 창촌리 산 6,R3_사명교차전파
7158,농업회사법인(주)지리산하이포지피,affiliate_region,,경남,R3_사명교차전파
7159,농업회사법인(주)팜스월드지지피,affiliate_addr,,전남 영광군 법성면 신장길 5길 38,R3_사명교차전파
7159,농업회사법인(주)팜스월드지지피,affiliate_region,,전남,R3_사명교차전파
7160,우리손에프앤지농업회사법인(주),affiliate_addr,,나주,R3_사명교차전파
7166,오뚜기냉동식품(주),affiliate_addr,,경기도 파주시 파주읍 파발로 65,R3_사명교차전파
7166,오뚜기냉동식품(주),affiliate_region,,경기,R3_사명교차전파
7168,오뚜기라면(주),affiliate_addr,,경기도 평택시 안중읍 서해로 1427,R3_사명교차전파
7168,오뚜기라면(주),affiliate_region,,경기,R3_사명교차전파
7169,오뚜기제유(주),affiliate_addr,,충청북도 음성군 생극면 음성로 1506-27,R3_사명교차전파
7169,오뚜기제유(주),affiliate_region,,충북,R3_사명교차전파
7170,(주)에스쁘아,affiliate_addr,,서울 용산구 한강대로 100,R3_사명교차전파
7170,(주)에스쁘아,affiliate_region,,서울,R3_사명교차전파
7171,(주)에뛰드,affiliate_addr,,서울 용산구 한강대로 100,R3_사명교차전파
7171,(주)에뛰드,affiliate_region,,서울,R3_사명교차전파
7172,(주)코스비전,affiliate_addr,,대전 대덕구 대화로 80,R3_사명교차전파
7172,(주)코스비전,affiliate_region,,대전,R3_사명교차전파
7182,(주)체리푸드,affiliate_addr,,경상북도 영천시 금호읍 금창로 165,R3_사명교차전파
7182,(주)체리푸드,affiliate_region,,경북,R3_사명교차전파
7196,나래에너지서비스(주),affiliate_addr,,서울시 종로구 서린동 88 한국화장품 건물 2층 위례에너지서비스,R3_사명교차전파
7196,나래에너지서비스(주),affiliate_region,,서울,R3_사명교차전파
7199,에스케이넥실리스,affiliate_addr,,전라북도 정읍시 북면 3산단2길 2,R3_사명교차전파
7199,에스케이넥실리스,affiliate_region,,전북,R3_사명교차전파
7200,SK인천석유화학(주),affiliate_addr,,인천 서구 봉수대로 415,R3_사명교차전파
7200,SK인천석유화학(주),affiliate_region,,인천,R3_사명교차전파
7201,SKC(주),affiliate_addr,,경기 수원시 장안구 장안로 309번길 84,R3_사명교차전파
7201,SKC(주),affiliate_region,,경기,R3_사명교차전파
7202,SK네트웍스(주),affiliate_addr,,경기도 수원시 장안구 경수대로 795,R3_사명교차전파
7202,SK네트웍스(주),affiliate_region,,경기,R3_사명교차전파
7207,SK네트웍스서비스(주),affiliate_addr,,경기도 수원시 팔달구 인계로 166번길 48-21,R3_사명교차전파
7207,SK네트웍스서비스(주),affiliate_region,,경기,R3_사명교차전파
7208,강원도시가스(주),affiliate_addr,,강원 춘천시 삭주로 163,R3_사명교차전파
7208,강원도시가스(주),affiliate_region,,강원,R3_사명교차전파
7209,충청에너지서비스(주),affiliate_addr,,충북 청주시 흥덕구 산단로 244,R3_사명교차전파
7209,충청에너지서비스(주),affiliate_region,,충북,R3_사명교차전파
7226,에이치케이이노엔(주),affiliate_addr,,청주시 흥덕구,R3_사명교차전파
7231,에이치케이이노엔(주),affiliate_addr,,청주시 흥덕구,R3_사명교차전파
7236,에이치케이이노엔(주),affiliate_addr,,청주시 흥덕구,R3_사명교차전파
7241,경창정공(주),affiliate_addr,,대구광역시 달성군 구지면 국가산단대로 33길,R3_사명교차전파
7241,경창정공(주),affiliate_region,,대구,R3_사명교차전파
7245,한일시멘트(주),affiliate_addr,,서울시 서초구 서초동 1587,R3_사명교차전파
7245,한일시멘트(주),affiliate_region,,서울,R3_사명교차전파
7248,(주)종근당바이오,affiliate_addr,,서울 서대문구 충정로 8,R3_사명교차전파
7248,(주)종근당바이오,affiliate_region,,서울,R3_사명교차전파
7250,종근당건강(주),affiliate_addr,,충청남도 당진시 합덕읍 인더스파크로 170,R3_사명교차전파
7250,종근당건강(주),affiliate_region,,충남,R3_사명교차전파
7254,명신산업(주),affiliate_addr,,경주,R3_사명교차전파
7266,(주)신영,affiliate_addr,,"서울특별시 강남구 영동대로 517 (삼성동, 아셈타워) 14층",R3_사명교차전파
7266,(주)신영,affiliate_region,,서울,R3_사명교차전파
7266,(주)신영,affiliate_sicNm,,기타 부동산 개발 및 공급업,R3_사명교차전파
7268,하나머티리얼즈(주),affiliate_addr,,충남 천안시 서북구 3공단 3로 42,R3_사명교차전파
7268,하나머티리얼즈(주),affiliate_region,,충남,R3_사명교차전파
7280,에스와이스틸텍(주),affiliate_addr,,충북 충주시 엄정면,R3_사명교차전파
7280,에스와이스틸텍(주),affiliate_region,,충북,R3_사명교차전파
7287,케이비아이알로이(주),affiliate_addr,,충남 아산시 남성길 256,R3_사명교차전파
7287,케이비아이알로이(주),affiliate_region,,충남,R3_사명교차전파
7297,엔브이에이치오버헤드시스템(주),affiliate_addr,,울산 북구 모듈화산업로 207-14,R3_사명교차전파
7297,엔브이에이치오버헤드시스템(주),affiliate_region,,울산,R3_사명교차전파
7310,지에스엠비즈(주),affiliate_addr,,서울특별시 영등포구 선유로43길 19,R3_사명교차전파
7310,지에스엠비즈(주),affiliate_region,,서울,R3_사명교차전파
7311,지에스바이오(주),affiliate_addr,,전라남도 여수시 여수산단로 923-106,R3_사명교차전파
7311,지에스바이오(주),affiliate_region,,전남,R3_사명교차전파
7328,(주)오션스위츠,affiliate_addr,,제주특별자치도 제주시 탑동 해안로 74,R3_사명교차전파
7328,(주)오션스위츠,affiliate_region,,제주,R3_사명교차전파
7335,현대캐피탈(주),affiliate_addr,,서울특별시 중구 세종대로 14,R3_사명교차전파
7335,현대캐피탈(주),affiliate_region,,서울,R3_사명교차전파
7337,현대엔지니어링(주),affiliate_addr,,서울시 종로구,R3_사명교차전파
7337,현대엔지니어링(주),affiliate_region,,서울,R3_사명교차전파
7340,현대종합특수강(주),affiliate_addr,,경기도 안양시 동안구 시민대로 161,R3_사명교차전파
7340,현대종합특수강(주),affiliate_region,,경기,R3_사명교차전파
7342,(주)지아이티,affiliate_addr,,서울시 송파구 마천로87 지아이티빌딩,R3_사명교차전파
7342,(주)지아이티,affiliate_region,,서울,R3_사명교차전파
7346,현대에코에너지(주),affiliate_addr,,충남 서산시,R3_사명교차전파
7346,현대에코에너지(주),affiliate_region,,충남,R3_사명교차전파
7347,현대로템(주),affiliate_addr,,경남 창원시 의창구 창원대로 488,R3_사명교차전파
7347,현대로템(주),affiliate_region,,경남,R3_사명교차전파
7361,나래에너지서비스(주),affiliate_addr,,서울시 종로구 서린동 88 한국화장품 건물 2층 위례에너지서비스,R3_사명교차전파
7361,나래에너지서비스(주),affiliate_region,,서울,R3_사명교차전파
7364,에스케이넥실리스,affiliate_addr,,전라북도 정읍시 북면 3산단2길 2,R3_사명교차전파
7364,에스케이넥실리스,affiliate_region,,전북,R3_사명교차전파
7365,SK인천석유화학(주),affiliate_addr,,인천 서구 봉수대로 415,R3_사명교차전파
7365,SK인천석유화학(주),affiliate_region,,인천,R3_사명교차전파
7366,SKC(주),affiliate_addr,,경기 수원시 장안구 장안로 309번길 84,R3_사명교차전파
7366,SKC(주),affiliate_region,,경기,R3_사명교차전파
7367,SK네트웍스(주),affiliate_addr,,경기도 수원시 장안구 경수대로 795,R3_사명교차전파
7367,SK네트웍스(주),affiliate_region,,경기,R3_사명교차전파
7372,SK네트웍스서비스(주),affiliate_addr,,경기도 수원시 팔달구 인계로 166번길 48-21,R3_사명교차전파
7372,SK네트웍스서비스(주),affiliate_region,,경기,R3_사명교차전파
7373,강원도시가스(주),affiliate_addr,,강원 춘천시 삭주로 163,R3_사명교차전파
7373,강원도시가스(주),affiliate_region,,강원,R3_사명교차전파
7374,충청에너지서비스(주),affiliate_addr,,충북 청주시 흥덕구 산단로 244,R3_사명교차전파
7374,충청에너지서비스(주),affiliate_region,,충북,R3_사명교차전파
7396,나래에너지서비스(주),affiliate_addr,,서울시 종로구 서린동 88 한국화장품 건물 2층 위례에너지서비스,R3_사명교차전파
7396,나래에너지서비스(주),affiliate_region,,서울,R3_사명교차전파
7399,에스케이넥실리스,affiliate_addr,,전라북도 정읍시 북면 3산단2길 2,R3_사명교차전파
7399,에스케이넥실리스,affiliate_region,,전북,R3_사명교차전파
7400,SK인천석유화학(주),affiliate_addr,,인천 서구 봉수대로 415,R3_사명교차전파
7400,SK인천석유화학(주),affiliate_region,,인천,R3_사명교차전파
7401,SKC(주),affiliate_addr,,경기 수원시 장안구 장안로 309번길 84,R3_사명교차전파
7401,SKC(주),affiliate_region,,경기,R3_사명교차전파
7402,SK네트웍스(주),affiliate_addr,,경기도 수원시 장안구 경수대로 795,R3_사명교차전파
7402,SK네트웍스(주),affiliate_region,,경기,R3_사명교차전파
7407,SK네트웍스서비스(주),affiliate_addr,,경기도 수원시 팔달구 인계로 166번길 48-21,R3_사명교차전파
7407,SK네트웍스서비스(주),affiliate_region,,경기,R3_사명교차전파
7408,강원도시가스(주),affiliate_addr,,강원 춘천시 삭주로 163,R3_사명교차전파
7408,강원도시가스(주),affiliate_region,,강원,R3_사명교차전파
7409,충청에너지서비스(주),affiliate_addr,,충북 청주시 흥덕구 산단로 244,R3_사명교차전파
7409,충청에너지서비스(주),affiliate_region,,충북,R3_사명교차전파
7420,무림캐피탈(주),affiliate_addr,,서울시 종로구,R3_사명교차전파
7420,무림캐피탈(주),affiliate_region,,서울,R3_사명교차전파
7421,무림P&P(주),affiliate_addr,,울산광역시 울주군,R3_사명교차전파
7421,무림P&P(주),affiliate_region,,울산,R3_사명교차전파
7423,무림파워텍(주),affiliate_addr,,경상남도 진주시,R3_사명교차전파
7423,무림파워텍(주),affiliate_region,,경남,R3_사명교차전파
7434,한덕철광산업(주),affiliate_addr,,강원도 정선군 신동읍 조동1길 154,R3_사명교차전파
7434,한덕철광산업(주),affiliate_region,,강원,R3_사명교차전파
7437,평화기공(주),affiliate_addr,,대구시 달성군,R3_사명교차전파
7437,평화기공(주),affiliate_region,,대구,R3_사명교차전파
7438,(주)평화이엔지,affiliate_addr,,대구시 달성군,R3_사명교차전파
7438,(주)평화이엔지,affiliate_region,,대구,R3_사명교차전파
7439,평화산업(주),affiliate_addr,,대구시 달성군,R3_사명교차전파
7439,평화산업(주),affiliate_region,,대구,R3_사명교차전파
7440,평화씨엠비(주),affiliate_addr,,대구시 달성군,R3_사명교차전파
7440,평화씨엠비(주),affiliate_region,,대구,R3_사명교차전파
7443,평화기공(주),affiliate_addr,,대구시 달성군,R3_사명교차전파
7443,평화기공(주),affiliate_region,,대구,R3_사명교차전파
7444,(주)평화이엔지,affiliate_addr,,대구시 달성군,R3_사명교차전파
7444,(주)평화이엔지,affiliate_region,,대구,R3_사명교차전파
7445,평화산업(주),affiliate_addr,,대구시 달성군,R3_사명교차전파
7445,평화산업(주),affiliate_region,,대구,R3_사명교차전파
7446,평화씨엠비(주),affiliate_addr,,대구시 달성군,R3_사명교차전파
7446,평화씨엠비(주),affiliate_region,,대구,R3_사명교차전파
7448,경창정공(주),affiliate_addr,,대구광역시 달성군 구지면 국가산단대로 33길,R3_사명교차전파
7448,경창정공(주),affiliate_region,,대구,R3_사명교차전파
7454,대성산업(주),affiliate_addr,,서울시 구로구 경인로 662,R3_사명교차전파
7454,대성산업(주),affiliate_region,,서울,R3_사명교차전파
7457,(주)평화이엔지,affiliate_addr,,대구시 달성군,R3_사명교차전파
7457,(주)평화이엔지,affiliate_region,,대구,R3_사명교차전파
7458,평화산업(주),affiliate_addr,,대구시 달성군,R3_사명교차전파
7458,평화산업(주),affiliate_region,,대구,R3_사명교차전파
7459,평화씨엠비(주),affiliate_addr,,대구시 달성군,R3_사명교차전파
7459,평화씨엠비(주),affiliate_region,,대구,R3_사명교차전파
7460,동원파이프(주),affiliate_addr,,대구 이현동,R3_사명교차전파
7460,동원파이프(주),affiliate_region,,대구,R3_사명교차전파
7476,엘에스글로벌인코퍼레이티드(주),affiliate_addr,,경기도 군포시 산본동 1026-8번지 중산빌딩 5층,R3_사명교차전파
7476,엘에스글로벌인코퍼레이티드(주),affiliate_region,,경기,R3_사명교차전파
7477,(주)베스트토요타,affiliate_addr,,- 주소 : 서울 용산구 한강대로 92 (한강로2가 LS용산타워1층) - 전화 : 02) 2122-7701 - 홈페이지 : http://www.toyotayongsan.co.kr,R3_사명교차전파
7477,(주)베스트토요타,affiliate_region,,서울,R3_사명교차전파
7478,(주)예스코,affiliate_addr,,서울특별시 성동구 자동차시장길 23,R3_사명교차전파
7478,(주)예스코,affiliate_region,,서울,R3_사명교차전파
7479,(주)지앤피,affiliate_addr,,충청북도 충주시 국원대로 448,R3_사명교차전파
7479,(주)지앤피,affiliate_region,,충북,R3_사명교차전파
7480,가온전선(주),affiliate_addr,,경기도 군포시 엘에스로 45번길 120,R3_사명교차전파
7480,가온전선(주),affiliate_region,,경기,R3_사명교차전파
7481,엘에스엠트론(주),affiliate_addr,,경기도 안양시 동안구 LS로 127,R3_사명교차전파
7481,엘에스엠트론(주),affiliate_region,,경기,R3_사명교차전파
7486,엘에스이브이코리아(주),affiliate_addr,,경기도 군포시 공단로140번길 27,R3_사명교차전파
7486,엘에스이브이코리아(주),affiliate_region,,경기,R3_사명교차전파
7487,(주)토리컴,affiliate_addr,,충청남도 아산시 둔포면 아산밸리동로 78,R3_사명교차전파
7487,(주)토리컴,affiliate_region,,충남,R3_사명교차전파
7488,(주)지알엠,affiliate_addr,,경기도 김포시 통진읍 김포대로 1979,R3_사명교차전파
7488,(주)지알엠,affiliate_region,,경기,R3_사명교차전파
7495,대동금속(주),affiliate_addr,,대구 달성군 논공읍 논공로 605,R3_사명교차전파
7495,대동금속(주),affiliate_region,,대구,R3_사명교차전파
7497,대동기어(주),affiliate_addr,,경상남도 사천시 사남면 공단1로 42,R3_사명교차전파
7497,대동기어(주),affiliate_region,,경남,R3_사명교차전파
7500,케이아이에스정보통신(주),affiliate_addr,,서울특별시 구로구 새말로 97 센터포인트웨스트 22,R3_사명교차전파
7500,케이아이에스정보통신(주),affiliate_region,,서울,R3_사명교차전파
7502,나이스씨엠에스(주),affiliate_addr,,서울특별시 마포구 마포대로 130,R3_사명교차전파
7502,나이스씨엠에스(주),affiliate_region,,서울,R3_사명교차전파
7503,나이스페이먼츠(주),affiliate_addr,,서울특별시 영등포구 문래로28길 25 세미콜론문래N타워 9층,R3_사명교차전파
7503,나이스페이먼츠(주),affiliate_region,,서울,R3_사명교차전파
7506,(주)나이스엘엠에스,affiliate_addr,,충남 예산군 응봉면 응봉로 50-10 (지석리),R3_사명교차전파
7506,(주)나이스엘엠에스,affiliate_region,,충남,R3_사명교차전파
7509,평화기공(주),affiliate_addr,,대구시 달성군,R3_사명교차전파
7509,평화기공(주),affiliate_region,,대구,R3_사명교차전파
7510,평화산업(주),affiliate_addr,,대구시 달성군,R3_사명교차전파
7510,평화산업(주),affiliate_region,,대구,R3_사명교차전파
7511,평화씨엠비(주),affiliate_addr,,대구시 달성군,R3_사명교차전파
7511,평화씨엠비(주),affiliate_region,,대구,R3_사명교차전파
7514,(주)이랜드파크,affiliate_addr,,강원도 고성군 토성면 신평골길 8-25,R3_사명교차전파
7514,(주)이랜드파크,affiliate_region,,강원,R3_사명교차전파
7517,평화기공(주),affiliate_addr,,대구시 달성군,R3_사명교차전파
7517,평화기공(주),affiliate_region,,대구,R3_사명교차전파
7518,(주)평화이엔지,affiliate_addr,,대구시 달성군,R3_사명교차전파
7518,(주)평화이엔지,affiliate_region,,대구,R3_사명교차전파
7519,평화씨엠비(주),affiliate_addr,,대구시 달성군,R3_사명교차전파
7519,평화씨엠비(주),affiliate_region,,대구,R3_사명교차전파
7521,일진디앤코(주),affiliate_addr,,서울시 마포구 마포대로 45,R3_사명교차전파
7521,일진디앤코(주),affiliate_region,,서울,R3_사명교차전파
7524,일진전기(주),affiliate_addr,,경기도 화성시 만년로 905-17,R3_사명교차전파
7524,일진전기(주),affiliate_region,,경기,R3_사명교차전파
7534,(주)신세계프라퍼티,affiliate_addr,,서울시 강남구 테헤란로 231 22층,R3_사명교차전파
7534,(주)신세계프라퍼티,affiliate_region,,서울,R3_사명교차전파
7536,(주)신세계디에프,affiliate_addr,,서울시 중구 퇴계로 77,R3_사명교차전파
7536,(주)신세계디에프,affiliate_region,,서울,R3_사명교차전파
7540,산도테크 (주),affiliate_addr,,경북 고령군 다산면 다산산단 1길 7,R3_사명교차전파
7540,산도테크 (주),affiliate_region,,경북,R3_사명교차전파
7559,케이비아이알로이(주),affiliate_addr,,충남 아산시 남성길 256,R3_사명교차전파
7559,케이비아이알로이(주),affiliate_region,,충남,R3_사명교차전파
7564,(주)경동에버런,affiliate_addr,,충북 충주시 앙성면 가곡로 1334,R3_사명교차전파
7564,(주)경동에버런,affiliate_region,,충북,R3_사명교차전파
7565,(주)명신,affiliate_addr,,군산,R3_사명교차전파
7569,서진산업(주),affiliate_addr,,경기도 시흥시,R3_사명교차전파
7569,서진산업(주),affiliate_region,,경기,R3_사명교차전파
7570,(주)코모스,affiliate_addr,,주소 : 경기 화성 우성 멱우 122-11 전화번호 : 031-359-1122 홈페이지 : www.secokomos.com,R3_사명교차전파
7570,(주)코모스,affiliate_region,,경기,R3_사명교차전파
7571,아이아(주),affiliate_addr,,주소 : 경기도 안산시 단원구 성곡동 636-2 전화번호 : 031-491-7968 홈페이지 : www.aia21.co.kr,R3_사명교차전파
7571,아이아(주),affiliate_region,,경기,R3_사명교차전파
7574,(주)영풍기계,affiliate_addr,,경상북도 경주시,R3_사명교차전파
7574,(주)영풍기계,affiliate_region,,경북,R3_사명교차전파
7575,계룡산업(주),affiliate_addr,,대전광역시 서구 월평중로,R3_사명교차전파
7575,계룡산업(주),affiliate_region,,대전,R3_사명교차전파
7577,케이알유통(주),affiliate_addr,,대전광역시 동구 은어송로,R3_사명교차전파
7577,케이알유통(주),affiliate_region,,대전,R3_사명교차전파
7578,(주)명신,affiliate_addr,,군산,R3_사명교차전파
7579,명신산업(주),affiliate_addr,,경주,R3_사명교차전파
7583,(주)엔티엠,affiliate_addr,,충남 아산시 인주면 인주로 304-88,R3_사명교차전파
7583,(주)엔티엠,affiliate_region,,충남,R3_사명교차전파
7586,엔브이에이치오버헤드시스템(주),affiliate_addr,,울산 북구 모듈화산업로 207-14,R3_사명교차전파
7586,엔브이에이치오버헤드시스템(주),affiliate_region,,울산,R3_사명교차전파
7598,(주)명신,affiliate_addr,,군산,R3_사명교차전파
7599,명신산업(주),affiliate_addr,,경주,R3_사명교차전파
7609,코오롱베니트(주),affiliate_addr,,경기도 과천시 별양동 1-23,R3_사명교차전파
7609,코오롱베니트(주),affiliate_region,,경기,R3_사명교차전파
7615,평택에너지서비스(주),affiliate_addr,,경기도 평택시 오성면 서동대로 2427-177,R3_사명교차전파
7615,평택에너지서비스(주),affiliate_region,,경기,R3_사명교차전파
7624,코오롱베니트(주),affiliate_addr,,경기도 과천시 별양동 1-23,R3_사명교차전파
7624,코오롱베니트(주),affiliate_region,,경기,R3_사명교차전파
7634,동아제약(주),affiliate_addr,,서울 동대문구 천호대로 64,R3_사명교차전파
7634,동아제약(주),affiliate_region,,서울,R3_사명교차전파
7639,(주)노루페인트,affiliate_addr,,경기도 안양시 만안구 박달로 351,R3_사명교차전파
7639,(주)노루페인트,affiliate_region,,경기,R3_사명교차전파
7640,(주)노루케미칼,affiliate_addr,,경기도 안산시 단원구 첨단로285번길 7,R3_사명교차전파
7640,(주)노루케미칼,affiliate_region,,경기,R3_사명교차전파
7642,(주)에코프로이노베이션,affiliate_addr,,경북 포항시 북구 흥해읍,R3_사명교차전파
7642,(주)에코프로이노베이션,affiliate_region,,경북,R3_사명교차전파
7643,(주)에코프로비엠,affiliate_addr,,충북 청주시 청원구 오창읍,R3_사명교차전파
7643,(주)에코프로비엠,affiliate_region,,충북,R3_사명교차전파
7644,에이비테크(주),affiliate_addr,,대구광역시 달성군 구지면 달성2차4로 75,R3_사명교차전파
7644,에이비테크(주),affiliate_region,,대구,R3_사명교차전파
7645,산도테크 (주),affiliate_addr,,경북 고령군 다산면 다산산단 1길 7,R3_사명교차전파
7645,산도테크 (주),affiliate_region,,경북,R3_사명교차전파
7649,케이비아이알로이(주),affiliate_addr,,충남 아산시 남성길 256,R3_사명교차전파
7649,케이비아이알로이(주),affiliate_region,,충남,R3_사명교차전파
7654,하이드로텍(주),affiliate_addr,,대구 달서구 갈산동 성서로68길 3,R3_사명교차전파
7654,하이드로텍(주),affiliate_region,,대구,R3_사명교차전파
7656,대동기어(주),affiliate_addr,,경상남도 사천시 사남면 공단1로 42,R3_사명교차전파
7656,대동기어(주),affiliate_region,,경남,R3_사명교차전파
7657,에이비테크(주),affiliate_addr,,대구광역시 달성군 구지면 달성2차4로 75,R3_사명교차전파
7657,에이비테크(주),affiliate_region,,대구,R3_사명교차전파
7661,평화기공(주),affiliate_addr,,대구시 달성군,R3_사명교차전파
7661,평화기공(주),affiliate_region,,대구,R3_사명교차전파
7662,(주)평화이엔지,affiliate_addr,,대구시 달성군,R3_사명교차전파
7662,(주)평화이엔지,affiliate_region,,대구,R3_사명교차전파
7663,평화산업(주),affiliate_addr,,대구시 달성군,R3_사명교차전파
7663,평화산업(주),affiliate_region,,대구,R3_사명교차전파
7669,지에스엠비즈(주),affiliate_addr,,서울특별시 영등포구 선유로43길 19,R3_사명교차전파
7669,지에스엠비즈(주),affiliate_region,,서울,R3_사명교차전파
7670,지에스바이오(주),affiliate_addr,,전라남도 여수시 여수산단로 923-106,R3_사명교차전파
7670,지에스바이오(주),affiliate_region,,전남,R3_사명교차전파
7679,고려산업(주),affiliate_addr,,부산광역시 중구 중앙대로 22 (중앙동6가),R3_사명교차전파
7679,고려산업(주),affiliate_region,,부산,R3_사명교차전파
7681,(주)케이에스피,affiliate_addr,,부산 강서구 녹산산업북로 147 (송정동),R3_사명교차전파
7681,(주)케이에스피,affiliate_region,,부산,R3_사명교차전파
7695,(주)포스코에이앤씨건축사사무소,affiliate_addr,,인천광역시 연수구 컨벤시아대로 165 포스코타워 송도 24층,R3_사명교차전파
7695,(주)포스코에이앤씨건축사사무소,affiliate_region,,인천,R3_사명교차전파
7715,(주)세아제강,affiliate_addr,,서울 마포구,R3_사명교차전파
7715,(주)세아제강,affiliate_region,,서울,R3_사명교차전파
7716,(주)세아엘앤에스,affiliate_addr,,경상북도 포항시 남구,R3_사명교차전파
7716,(주)세아엘앤에스,affiliate_region,,경북,R3_사명교차전파
7717,(주)세아창원특수강,affiliate_addr,,경남 창원시,R3_사명교차전파
7717,(주)세아창원특수강,affiliate_region,,경남,R3_사명교차전파
7719,(주)세아씨엠,affiliate_addr,,전라북도 군산,R3_사명교차전파
7719,(주)세아씨엠,affiliate_region,,전북,R3_사명교차전파
7725,(주)포스코에이앤씨건축사사무소,affiliate_addr,,인천광역시 연수구 컨벤시아대로 165 포스코타워 송도 24층,R3_사명교차전파
7725,(주)포스코에이앤씨건축사사무소,affiliate_region,,인천,R3_사명교차전파
7735,대원정밀공업(주),affiliate_addr,,경기 안산시 단원구 범지기로 141번길 100,R3_사명교차전파
7735,대원정밀공업(주),affiliate_region,,경기,R3_사명교차전파
7741,(주)포스코에이앤씨건축사사무소,affiliate_addr,,인천광역시 연수구 컨벤시아대로 165 포스코타워 송도 24층,R3_사명교차전파
7741,(주)포스코에이앤씨건축사사무소,affiliate_region,,인천,R3_사명교차전파
7747,(주)신원,affiliate_addr,,서울특별시 마포구  독막로 328 신원빌딩,R3_사명교차전파
7747,(주)신원,affiliate_region,,서울,R3_사명교차전파
7747,(주)신원,affiliate_sicNm,,여자용 겉옷 제조업,R3_사명교차전파
7751,(주)농업회사법인한국원종,affiliate_addr,,충북 청주시 청원구 오창읍 중부로 1555 3층,R3_사명교차전파
7751,(주)농업회사법인한국원종,affiliate_region,,충북,R3_사명교차전파
7753,아세아시멘트(주),affiliate_addr,,서울시 강남구 논현로 430,R3_사명교차전파
7753,아세아시멘트(주),affiliate_region,,서울,R3_사명교차전파
7754,제일산업(주),affiliate_addr,,경기도 화성시 양감면 은행나무로 456,R3_사명교차전파
7754,제일산업(주),affiliate_region,,경기,R3_사명교차전파
7755,한라시멘트(주),affiliate_addr,,강원도 강릉시 옥계면 산계길 225,R3_사명교차전파
7755,한라시멘트(주),affiliate_region,,강원,R3_사명교차전파
7756,아세아산업개발(주),affiliate_addr,,충청남도 공주시 우성면 방흥리 산32-9,R3_사명교차전파
7756,아세아산업개발(주),affiliate_region,,충남,R3_사명교차전파
7757,(주)에이팩,affiliate_addr,,경상남도 양산시 산막공단남5길 12,R3_사명교차전파
7757,(주)에이팩,affiliate_region,,경남,R3_사명교차전파
7762,케이비아이알로이(주),affiliate_addr,,충남 아산시 남성길 256,R3_사명교차전파
7762,케이비아이알로이(주),affiliate_region,,충남,R3_사명교차전파
7766,(주)신원,affiliate_addr,,서울특별시 마포구  독막로 328 신원빌딩,R3_사명교차전파
7766,(주)신원,affiliate_region,,서울,R3_사명교차전파
7766,(주)신원,affiliate_sicNm,,여자용 겉옷 제조업,R3_사명교차전파
7767,(주)신영,affiliate_addr,,"서울특별시 강남구 영동대로 517 (삼성동, 아셈타워) 14층",R3_사명교차전파
7767,(주)신영,affiliate_region,,서울,R3_사명교차전파
7767,(주)신영,affiliate_sicNm,,기타 부동산 개발 및 공급업,R3_사명교차전파
7774,제이에이치화학공업(주),affiliate_addr,,경북 김천시 어모면,R3_사명교차전파
7774,제이에이치화학공업(주),affiliate_region,,경북,R3_사명교차전파
7790,나래에너지서비스(주),affiliate_addr,,서울시 종로구 서린동 88 한국화장품 건물 2층 위례에너지서비스,R3_사명교차전파
7790,나래에너지서비스(주),affiliate_region,,서울,R3_사명교차전파
7793,에스케이넥실리스,affiliate_addr,,전라북도 정읍시 북면 3산단2길 2,R3_사명교차전파
7793,에스케이넥실리스,affiliate_region,,전북,R3_사명교차전파
7794,SK인천석유화학(주),affiliate_addr,,인천 서구 봉수대로 415,R3_사명교차전파
7794,SK인천석유화학(주),affiliate_region,,인천,R3_사명교차전파
7795,SKC(주),affiliate_addr,,경기 수원시 장안구 장안로 309번길 84,R3_사명교차전파
7795,SKC(주),affiliate_region,,경기,R3_사명교차전파
7796,SK네트웍스(주),affiliate_addr,,경기도 수원시 장안구 경수대로 795,R3_사명교차전파
7796,SK네트웍스(주),affiliate_region,,경기,R3_사명교차전파
7801,SK네트웍스서비스(주),affiliate_addr,,경기도 수원시 팔달구 인계로 166번길 48-21,R3_사명교차전파
7801,SK네트웍스서비스(주),affiliate_region,,경기,R3_사명교차전파
7802,강원도시가스(주),affiliate_addr,,강원 춘천시 삭주로 163,R3_사명교차전파
7802,강원도시가스(주),affiliate_region,,강원,R3_사명교차전파
7803,충청에너지서비스(주),affiliate_addr,,충북 청주시 흥덕구 산단로 244,R3_사명교차전파
7803,충청에너지서비스(주),affiliate_region,,충북,R3_사명교차전파
7826,나래에너지서비스(주),affiliate_addr,,서울시 종로구 서린동 88 한국화장품 건물 2층 위례에너지서비스,R3_사명교차전파
7826,나래에너지서비스(주),affiliate_region,,서울,R3_사명교차전파
7829,에스케이넥실리스,affiliate_addr,,전라북도 정읍시 북면 3산단2길 2,R3_사명교차전파
7829,에스케이넥실리스,affiliate_region,,전북,R3_사명교차전파
7830,SK인천석유화학(주),affiliate_addr,,인천 서구 봉수대로 415,R3_사명교차전파
7830,SK인천석유화학(주),affiliate_region,,인천,R3_사명교차전파
7831,SKC(주),affiliate_addr,,경기 수원시 장안구 장안로 309번길 84,R3_사명교차전파
7831,SKC(주),affiliate_region,,경기,R3_사명교차전파
7832,SK네트웍스(주),affiliate_addr,,경기도 수원시 장안구 경수대로 795,R3_사명교차전파
7832,SK네트웍스(주),affiliate_region,,경기,R3_사명교차전파
7837,SK네트웍스서비스(주),affiliate_addr,,경기도 수원시 팔달구 인계로 166번길 48-21,R3_사명교차전파
7837,SK네트웍스서비스(주),affiliate_region,,경기,R3_사명교차전파
7838,강원도시가스(주),affiliate_addr,,강원 춘천시 삭주로 163,R3_사명교차전파
7838,강원도시가스(주),affiliate_region,,강원,R3_사명교차전파
7839,충청에너지서비스(주),affiliate_addr,,충북 청주시 흥덕구 산단로 244,R3_사명교차전파
7839,충청에너지서비스(주),affiliate_region,,충북,R3_사명교차전파
7863,(주)제주해양과학관,affiliate_addr,,제주특별자치도 서귀포시 섭지코지로 95,R3_사명교차전파
7863,(주)제주해양과학관,affiliate_region,,제주,R3_사명교차전파
7864,(주)한화도시개발,affiliate_addr,,충남 아산시 둔포면 해위안길 62번길 16 (신항리),R3_사명교차전파
7864,(주)한화도시개발,affiliate_region,,충남,R3_사명교차전파
7866,(주)한화갤러리아타임월드,affiliate_addr,,대전광역시 서구 대덕대로 211 (둔산동 갤러리아타임월드백화점),R3_사명교차전파
7866,(주)한화갤러리아타임월드,affiliate_region,,대전,R3_사명교차전파
7870,한화에어로스페이스(주),affiliate_addr,,경남 창원시 성산구 창원대로 1204 (성주동),R3_사명교차전파
7870,한화에어로스페이스(주),affiliate_region,,경남,R3_사명교차전파
7874,제이에이치화학공업(주),affiliate_addr,,경북 김천시 어모면,R3_사명교차전파
7874,제이에이치화학공업(주),affiliate_region,,경북,R3_사명교차전파
7882,제이에이치화학공업(주),affiliate_addr,,경북 김천시 어모면,R3_사명교차전파
7882,제이에이치화학공업(주),affiliate_region,,경북,R3_사명교차전파
7888,(주)케이에스피,affiliate_addr,,부산 강서구 녹산산업북로 147 (송정동),R3_사명교차전파
7888,(주)케이에스피,affiliate_region,,부산,R3_사명교차전파
7890,동국시스템즈(주),affiliate_addr,,서울특별시 중구 을지로 5길 19 (페럼타워),R3_사명교차전파
7890,동국시스템즈(주),affiliate_region,,서울,R3_사명교차전파
7893,대한네트웍스(주),affiliate_addr,,부산광역시 강서구송정길13,R3_사명교차전파
7893,대한네트웍스(주),affiliate_region,,부산,R3_사명교차전파
7894,(주)화승티엔드씨,affiliate_addr,,경상남도 양산시 어곡공단 5길 39,R3_사명교차전파
7894,(주)화승티엔드씨,affiliate_region,,경남,R3_사명교차전파
7895,(주)화승네트웍스,affiliate_addr,,부산광역시 연제구 중앙대로 1079,R3_사명교차전파
7895,(주)화승네트웍스,affiliate_region,,부산,R3_사명교차전파
7897,(주)화승케미칼,affiliate_addr,,부산광역시 연제구 중앙대로 1079 6층(연산동 장천빌딩),R3_사명교차전파
7897,(주)화승케미칼,affiliate_region,,부산,R3_사명교차전파
7919,천안기업(주),affiliate_addr,,충남 천안시,R3_사명교차전파
7919,천안기업(주),affiliate_region,,충남,R3_사명교차전파
7920,현대개발(주),affiliate_addr,,광주시 광산구,R3_사명교차전파
7920,현대개발(주),affiliate_region,,광주,R3_사명교차전파
7921,동화기업(주),affiliate_addr,,전남 장성군,R3_사명교차전파
7921,동화기업(주),affiliate_region,,전남,R3_사명교차전파
7924,(주)화승네트웍스,affiliate_addr,,부산광역시 연제구 중앙대로 1079,R3_사명교차전파
7924,(주)화승네트웍스,affiliate_region,,부산,R3_사명교차전파
7926,(주)화승케미칼,affiliate_addr,,부산광역시 연제구 중앙대로 1079 6층(연산동 장천빌딩),R3_사명교차전파
7926,(주)화승케미칼,affiliate_region,,부산,R3_사명교차전파
7929,삼보오토(주),affiliate_addr,,충남 예산군 응봉면 산단1길 66,R3_사명교차전파
7929,삼보오토(주),affiliate_region,,충남,R3_사명교차전파
7932,(주)제인모터스,affiliate_addr,,대구광역시 달성군,R3_사명교차전파
7932,(주)제인모터스,affiliate_region,,대구,R3_사명교차전파
7939,대한네트웍스(주),affiliate_addr,,부산광역시 강서구송정길13,R3_사명교차전파
7939,대한네트웍스(주),affiliate_region,,부산,R3_사명교차전파
7951,고려산업(주),affiliate_addr,,부산광역시 중구 중앙대로 22 (중앙동6가),R3_사명교차전파
7951,고려산업(주),affiliate_region,,부산,R3_사명교차전파
7952,(주)케이에스피,affiliate_addr,,부산 강서구 녹산산업북로 147 (송정동),R3_사명교차전파
7952,(주)케이에스피,affiliate_region,,부산,R3_사명교차전파
7956,나투라페이퍼(주),affiliate_addr,,충북 청주시 흥덕구 오송읍 상정쌍청로 171,R3_사명교차전파
7956,나투라페이퍼(주),affiliate_region,,충북,R3_사명교차전파
7968,엘에스글로벌인코퍼레이티드(주),affiliate_addr,,경기도 군포시 산본동 1026-8번지 중산빌딩 5층,R3_사명교차전파
7968,엘에스글로벌인코퍼레이티드(주),affiliate_region,,경기,R3_사명교차전파
7969,(주)베스트토요타,affiliate_addr,,- 주소 : 서울 용산구 한강대로 92 (한강로2가 LS용산타워1층) - 전화 : 02) 2122-7701 - 홈페이지 : http://www.toyotayongsan.co.kr,R3_사명교차전파
7969,(주)베스트토요타,affiliate_region,,서울,R3_사명교차전파
7970,(주)예스코,affiliate_addr,,서울특별시 성동구 자동차시장길 23,R3_사명교차전파
7970,(주)예스코,affiliate_region,,서울,R3_사명교차전파
7971,(주)지앤피,affiliate_addr,,충청북도 충주시 국원대로 448,R3_사명교차전파
7971,(주)지앤피,affiliate_region,,충북,R3_사명교차전파
7972,가온전선(주),affiliate_addr,,경기도 군포시 엘에스로 45번길 120,R3_사명교차전파
7972,가온전선(주),affiliate_region,,경기,R3_사명교차전파
7973,엘에스엠트론(주),affiliate_addr,,경기도 안양시 동안구 LS로 127,R3_사명교차전파
7973,엘에스엠트론(주),affiliate_region,,경기,R3_사명교차전파
7978,엘에스이브이코리아(주),affiliate_addr,,경기도 군포시 공단로140번길 27,R3_사명교차전파
7978,엘에스이브이코리아(주),affiliate_region,,경기,R3_사명교차전파
7979,(주)토리컴,affiliate_addr,,충청남도 아산시 둔포면 아산밸리동로 78,R3_사명교차전파
7979,(주)토리컴,affiliate_region,,충남,R3_사명교차전파
7980,(주)지알엠,affiliate_addr,,경기도 김포시 통진읍 김포대로 1979,R3_사명교차전파
7980,(주)지알엠,affiliate_region,,경기,R3_사명교차전파
7992,(주)엔케이텍,affiliate_addr,,경기도 오산시 남부대로 380,R3_사명교차전파
7992,(주)엔케이텍,affiliate_region,,경기,R3_사명교차전파
7993,(주)이엔케이,affiliate_addr,,부산광역시 강서구 과학산단로 502(지사동),R3_사명교차전파
7993,(주)이엔케이,affiliate_region,,부산,R3_사명교차전파
7997,서진산업(주),affiliate_addr,,경기도 시흥시,R3_사명교차전파
7997,서진산업(주),affiliate_region,,경기,R3_사명교차전파
7998,(주)코모스,affiliate_addr,,주소 : 경기 화성 우성 멱우 122-11 전화번호 : 031-359-1122 홈페이지 : www.secokomos.com,R3_사명교차전파
7998,(주)코모스,affiliate_region,,경기,R3_사명교차전파
7999,아이아(주),affiliate_addr,,주소 : 경기도 안산시 단원구 성곡동 636-2 전화번호 : 031-491-7968 홈페이지 : www.aia21.co.kr,R3_사명교차전파
7999,아이아(주),affiliate_region,,경기,R3_사명교차전파
8014,씨제이올리브네트웍스(주),affiliate_addr,,서울특별시 용산구 한강대로 366 트윈시티 10층,R3_사명교차전파
8014,씨제이올리브네트웍스(주),affiliate_region,,서울,R3_사명교차전파
8015,씨제이씨지브이(주),affiliate_addr,,서울특별시 용산구 한강대로23길 55 아이파크몰 6층,R3_사명교차전파
8015,씨제이씨지브이(주),affiliate_region,,서울,R3_사명교차전파
8017,씨제이올리브영(주),affiliate_addr,,서울특별시 용산구 동자동 45 24층,R3_사명교차전파
8017,씨제이올리브영(주),affiliate_region,,서울,R3_사명교차전파
8018,씨제이포디플렉스(주),affiliate_addr,,서울시 용산구 한강대로 23길 55 아이파크몰 6층(한강로3가),R3_사명교차전파
8018,씨제이포디플렉스(주),affiliate_region,,서울,R3_사명교차전파
8022,신성에스티 주식회사,affiliate_addr,,경남 창원,R3_사명교차전파
8022,신성에스티 주식회사,affiliate_region,,경남,R3_사명교차전파
8023,한선엔지니어링(주),affiliate_addr,,부산시 강서구,R3_사명교차전파
8023,한선엔지니어링(주),affiliate_region,,부산,R3_사명교차전파
8035,나투라페이퍼(주),affiliate_addr,,충북 청주시 흥덕구 오송읍 상정쌍청로 171,R3_사명교차전파
8035,나투라페이퍼(주),affiliate_region,,충북,R3_사명교차전파
8042,(주)케이티아이에스,affiliate_addr,,서울시 영등포구 여의대로 14 KT빌딩 10층,R3_사명교차전파
8042,(주)케이티아이에스,affiliate_region,,서울,R3_사명교차전파
8044,케이티텔레캅(주),affiliate_addr,,서울특별시 구로구 가마산로 291 KT텔레캅빌딩,R3_사명교차전파
8044,케이티텔레캅(주),affiliate_region,,서울,R3_사명교차전파
8045,(주)케이티에스테이트,affiliate_addr,,서울특별시 강남구 테헤란로 422 KT타워 17층,R3_사명교차전파
8045,(주)케이티에스테이트,affiliate_region,,서울,R3_사명교차전파
8046,(주)케이티엠모바일,affiliate_addr,,서울특별시 강남구 테헤란로 422 (대치동 KT타워),R3_사명교차전파
8046,(주)케이티엠모바일,affiliate_region,,서울,R3_사명교차전파
8052,(주)이엔케이,affiliate_addr,,부산광역시 강서구 과학산단로 502(지사동),R3_사명교차전파
8052,(주)이엔케이,affiliate_region,,부산,R3_사명교차전파
8061,고려산업(주),affiliate_addr,,부산광역시 중구 중앙대로 22 (중앙동6가),R3_사명교차전파
8061,고려산업(주),affiliate_region,,부산,R3_사명교차전파
8071,(주)엔케이텍,affiliate_addr,,경기도 오산시 남부대로 380,R3_사명교차전파
8071,(주)엔케이텍,affiliate_region,,경기,R3_사명교차전파
8083,(주)화승티엔드씨,affiliate_addr,,경상남도 양산시 어곡공단 5길 39,R3_사명교차전파
8083,(주)화승티엔드씨,affiliate_region,,경남,R3_사명교차전파
8085,(주)화승케미칼,affiliate_addr,,부산광역시 연제구 중앙대로 1079 6층(연산동 장천빌딩),R3_사명교차전파
8085,(주)화승케미칼,affiliate_region,,부산,R3_사명교차전파
8095,(주)화승티엔드씨,affiliate_addr,,경상남도 양산시 어곡공단 5길 39,R3_사명교차전파
8095,(주)화승티엔드씨,affiliate_region,,경남,R3_사명교차전파
8096,(주)화승네트웍스,affiliate_addr,,부산광역시 연제구 중앙대로 1079,R3_사명교차전파
8096,(주)화승네트웍스,affiliate_region,,부산,R3_사명교차전파
8097,(주)화승케미칼,affiliate_addr,,부산광역시 연제구 중앙대로 1079 6층(연산동 장천빌딩),R3_사명교차전파
8097,(주)화승케미칼,affiliate_region,,부산,R3_사명교차전파
8112,(주)에이치엠티메가라인,affiliate_addr,,서울시 중구 무교로15 남강타워14층,R3_사명교차전파
8112,(주)에이치엠티메가라인,affiliate_region,,서울,R3_사명교차전파
8128,(주)포스코에이앤씨건축사사무소,affiliate_addr,,인천광역시 연수구 컨벤시아대로 165 포스코타워 송도 24층,R3_사명교차전파
8128,(주)포스코에이앤씨건축사사무소,affiliate_region,,인천,R3_사명교차전파
8135,(주)경남은행,affiliate_addr,,경남 창원시 마산회원구 3.15대로 642(석전동),R3_사명교차전파
8135,(주)경남은행,affiliate_region,,경남,R3_사명교차전파
8137,(주)경남은행,affiliate_addr,,경남 창원시 마산회원구 3.15대로 642(석전동),R3_사명교차전파
8137,(주)경남은행,affiliate_region,,경남,R3_사명교차전파
8155,(주)동원에프앤비,affiliate_addr,,서울특별시 서초구 마방로 68,R3_사명교차전파
8155,(주)동원에프앤비,affiliate_region,,서울,R3_사명교차전파
8157,동원팜스(주),affiliate_addr,,충청남도 논산시 가야곡면 동안로 1281,R3_사명교차전파
8157,동원팜스(주),affiliate_region,,충남,R3_사명교차전파
8159,동원로엑스(주),affiliate_addr,,서울 서초구 마방로68(양재동) 동원산업빌딩,R3_사명교차전파
8159,동원로엑스(주),affiliate_region,,서울,R3_사명교차전파
8160,동원건설산업(주),affiliate_addr,,경기도 안양시 동안구 시민대로 327번길 7-512,R3_사명교차전파
8160,동원건설산업(주),affiliate_region,,경기,R3_사명교차전파
8161,동원시스템즈(주),affiliate_addr,,성남시 중원구 갈마치로 302,R3_사명교차전파
8161,동원시스템즈(주),affiliate_region,,충남,R3_사명교차전파
8162,(주)동원홈푸드,affiliate_addr,,서울특별시 서초구 마방로 68,R3_사명교차전파
8162,(주)동원홈푸드,affiliate_region,,서울,R3_사명교차전파
8172,삼표자원개발(주),affiliate_addr,,강원도 삼척시 근덕면 시목길 225,R3_사명교차전파
8172,삼표자원개발(주),affiliate_region,,강원,R3_사명교차전파
8198,(주)화승티엔드씨,affiliate_addr,,경상남도 양산시 어곡공단 5길 39,R3_사명교차전파
8198,(주)화승티엔드씨,affiliate_region,,경남,R3_사명교차전파
8199,(주)화승네트웍스,affiliate_addr,,부산광역시 연제구 중앙대로 1079,R3_사명교차전파
8199,(주)화승네트웍스,affiliate_region,,부산,R3_사명교차전파
8225,무림캐피탈(주),affiliate_addr,,서울시 종로구,R3_사명교차전파
8225,무림캐피탈(주),affiliate_region,,서울,R3_사명교차전파
8228,무림파워텍(주),affiliate_addr,,경상남도 진주시,R3_사명교차전파
8228,무림파워텍(주),affiliate_region,,경남,R3_사명교차전파
8234,(주)한텍,affiliate_addr,,울산광역시 울주군 온산읍 연자로 51,R3_사명교차전파
8234,(주)한텍,affiliate_region,,울산,R3_사명교차전파
8236,(주)엔티엠,affiliate_addr,,충남 아산시 인주면 인주로 304-88,R3_사명교차전파
8236,(주)엔티엠,affiliate_region,,충남,R3_사명교차전파
8239,엔브이에이치오버헤드시스템(주),affiliate_addr,,울산 북구 모듈화산업로 207-14,R3_사명교차전파
8239,엔브이에이치오버헤드시스템(주),affiliate_region,,울산,R3_사명교차전파
8244,나투라페이퍼(주),affiliate_addr,,충북 청주시 흥덕구 오송읍 상정쌍청로 171,R3_사명교차전파
8244,나투라페이퍼(주),affiliate_region,,충북,R3_사명교차전파
8252,(주)코리아에어텍,affiliate_addr,,울산광역시 울주군 온산읍 온산로 134 (처용리),R3_사명교차전파
8252,(주)코리아에어텍,affiliate_region,,울산,R3_사명교차전파
8260,지에스엠비즈(주),affiliate_addr,,서울특별시 영등포구 선유로43길 19,R3_사명교차전파
8260,지에스엠비즈(주),affiliate_region,,서울,R3_사명교차전파
8261,지에스바이오(주),affiliate_addr,,전라남도 여수시 여수산단로 923-106,R3_사명교차전파
8261,지에스바이오(주),affiliate_region,,전남,R3_사명교차전파
8275,(주)포스코에이앤씨건축사사무소,affiliate_addr,,인천광역시 연수구 컨벤시아대로 165 포스코타워 송도 24층,R3_사명교차전파
8275,(주)포스코에이앤씨건축사사무소,affiliate_region,,인천,R3_사명교차전파
8292,아세아시멘트(주),affiliate_addr,,서울시 강남구 논현로 430,R3_사명교차전파
8292,아세아시멘트(주),affiliate_region,,서울,R3_사명교차전파
8293,제일산업(주),affiliate_addr,,경기도 화성시 양감면 은행나무로 456,R3_사명교차전파
8293,제일산업(주),affiliate_region,,경기,R3_사명교차전파
8294,한라시멘트(주),affiliate_addr,,강원도 강릉시 옥계면 산계길 225,R3_사명교차전파
8294,한라시멘트(주),affiliate_region,,강원,R3_사명교차전파
8295,아세아산업개발(주),affiliate_addr,,충청남도 공주시 우성면 방흥리 산32-9,R3_사명교차전파
8295,아세아산업개발(주),affiliate_region,,충남,R3_사명교차전파
8296,경산제지(주),affiliate_addr,,대구광역시 달성군 유가면 비슬로 96길 35,R3_사명교차전파
8296,경산제지(주),affiliate_region,,대구,R3_사명교차전파
8298,(주)화승티엔드씨,affiliate_addr,,경상남도 양산시 어곡공단 5길 39,R3_사명교차전파
8298,(주)화승티엔드씨,affiliate_region,,경남,R3_사명교차전파
8299,(주)화승네트웍스,affiliate_addr,,부산광역시 연제구 중앙대로 1079,R3_사명교차전파
8299,(주)화승네트웍스,affiliate_region,,부산,R3_사명교차전파
8301,(주)화승케미칼,affiliate_addr,,부산광역시 연제구 중앙대로 1079 6층(연산동 장천빌딩),R3_사명교차전파
8301,(주)화승케미칼,affiliate_region,,부산,R3_사명교차전파
8306,(주)화승티엔드씨,affiliate_addr,,경상남도 양산시 어곡공단 5길 39,R3_사명교차전파
8306,(주)화승티엔드씨,affiliate_region,,경남,R3_사명교차전파
8307,(주)화승네트웍스,affiliate_addr,,부산광역시 연제구 중앙대로 1079,R3_사명교차전파
8307,(주)화승네트웍스,affiliate_region,,부산,R3_사명교차전파
8309,(주)화승케미칼,affiliate_addr,,부산광역시 연제구 중앙대로 1079 6층(연산동 장천빌딩),R3_사명교차전파
8309,(주)화승케미칼,affiliate_region,,부산,R3_사명교차전파
8319,(주)한텍,affiliate_addr,,울산광역시 울주군 온산읍 연자로 51,R3_사명교차전파
8319,(주)한텍,affiliate_region,,울산,R3_사명교차전파
8338,한덕철광산업(주),affiliate_addr,,강원도 정선군 신동읍 조동1길 154,R3_사명교차전파
8338,한덕철광산업(주),affiliate_region,,강원,R3_사명교차전파
8346,(주)휴맥스,affiliate_addr,,경기도 용인시 처인구 영문로 2(유방동),R3_사명교차전파
8346,(주)휴맥스,affiliate_region,,경기,R3_사명교차전파
8363,나래에너지서비스(주),affiliate_addr,,서울시 종로구 서린동 88 한국화장품 건물 2층 위례에너지서비스,R3_사명교차전파
8363,나래에너지서비스(주),affiliate_region,,서울,R3_사명교차전파
8366,에스케이넥실리스,affiliate_addr,,전라북도 정읍시 북면 3산단2길 2,R3_사명교차전파
8366,에스케이넥실리스,affiliate_region,,전북,R3_사명교차전파
8367,SK인천석유화학(주),affiliate_addr,,인천 서구 봉수대로 415,R3_사명교차전파
8367,SK인천석유화학(주),affiliate_region,,인천,R3_사명교차전파
8368,SKC(주),affiliate_addr,,경기 수원시 장안구 장안로 309번길 84,R3_사명교차전파
8368,SKC(주),affiliate_region,,경기,R3_사명교차전파
8369,SK네트웍스(주),affiliate_addr,,경기도 수원시 장안구 경수대로 795,R3_사명교차전파
8369,SK네트웍스(주),affiliate_region,,경기,R3_사명교차전파
8374,SK네트웍스서비스(주),affiliate_addr,,경기도 수원시 팔달구 인계로 166번길 48-21,R3_사명교차전파
8374,SK네트웍스서비스(주),affiliate_region,,경기,R3_사명교차전파
8375,강원도시가스(주),affiliate_addr,,강원 춘천시 삭주로 163,R3_사명교차전파
8375,강원도시가스(주),affiliate_region,,강원,R3_사명교차전파
8376,충청에너지서비스(주),affiliate_addr,,충북 청주시 흥덕구 산단로 244,R3_사명교차전파
8376,충청에너지서비스(주),affiliate_region,,충북,R3_사명교차전파
8386,하이드로텍(주),affiliate_addr,,대구 달서구 갈산동 성서로68길 3,R3_사명교차전파
8386,하이드로텍(주),affiliate_region,,대구,R3_사명교차전파
8387,대동금속(주),affiliate_addr,,대구 달성군 논공읍 논공로 605,R3_사명교차전파
8387,대동금속(주),affiliate_region,,대구,R3_사명교차전파
8388,대동기어(주),affiliate_addr,,경상남도 사천시 사남면 공단1로 42,R3_사명교차전파
8388,대동기어(주),affiliate_region,,경남,R3_사명교차전파
8390,하이드로텍(주),affiliate_addr,,대구 달서구 갈산동 성서로68길 3,R3_사명교차전파
8390,하이드로텍(주),affiliate_region,,대구,R3_사명교차전파
8391,대동금속(주),affiliate_addr,,대구 달성군 논공읍 논공로 605,R3_사명교차전파
8391,대동금속(주),affiliate_region,,대구,R3_사명교차전파
8393,무림캐피탈(주),affiliate_addr,,서울시 종로구,R3_사명교차전파
8393,무림캐피탈(주),affiliate_region,,서울,R3_사명교차전파
8395,무림P&P(주),affiliate_addr,,울산광역시 울주군,R3_사명교차전파
8395,무림P&P(주),affiliate_region,,울산,R3_사명교차전파
8396,무림파워텍(주),affiliate_addr,,경상남도 진주시,R3_사명교차전파
8396,무림파워텍(주),affiliate_region,,경남,R3_사명교차전파
8397,무림캐피탈(주),affiliate_addr,,서울시 종로구,R3_사명교차전파
8397,무림캐피탈(주),affiliate_region,,서울,R3_사명교차전파
8399,무림P&P(주),affiliate_addr,,울산광역시 울주군,R3_사명교차전파
8399,무림P&P(주),affiliate_region,,울산,R3_사명교차전파
8407,(주)흥아로지스틱스,affiliate_addr,,서울시,R3_사명교차전파
8407,(주)흥아로지스틱스,affiliate_region,,서울,R3_사명교차전파
8417,(주)제주해양과학관,affiliate_addr,,제주특별자치도 서귀포시 섭지코지로 95,R3_사명교차전파
8417,(주)제주해양과학관,affiliate_region,,제주,R3_사명교차전파
8418,(주)한화도시개발,affiliate_addr,,충남 아산시 둔포면 해위안길 62번길 16 (신항리),R3_사명교차전파
8418,(주)한화도시개발,affiliate_region,,충남,R3_사명교차전파
8420,(주)한화갤러리아타임월드,affiliate_addr,,대전광역시 서구 대덕대로 211 (둔산동 갤러리아타임월드백화점),R3_사명교차전파
8420,(주)한화갤러리아타임월드,affiliate_region,,대전,R3_사명교차전파
8424,한화시스템(주),affiliate_addr,,경상북도 구미시 1공단로 244,R3_사명교차전파
8424,한화시스템(주),affiliate_region,,경북,R3_사명교차전파
8432,두산퓨얼셀(주),affiliate_addr,,전라북도 익산시 석암로7길 100,R3_사명교차전파
8432,두산퓨얼셀(주),affiliate_region,,전북,R3_사명교차전파
8433,신흥글로벌(주),affiliate_addr,,경남 창원,R3_사명교차전파
8433,신흥글로벌(주),affiliate_region,,경남,R3_사명교차전파
8434,신성에스티 주식회사,affiliate_addr,,경남 창원,R3_사명교차전파
8434,신성에스티 주식회사,affiliate_region,,경남,R3_사명교차전파
8443,(주)세아제강,affiliate_addr,,서울 마포구,R3_사명교차전파
8443,(주)세아제강,affiliate_region,,서울,R3_사명교차전파
8444,(주)세아엘앤에스,affiliate_addr,,경상북도 포항시 남구,R3_사명교차전파
8444,(주)세아엘앤에스,affiliate_region,,경북,R3_사명교차전파
8445,세아특수강(주),affiliate_addr,,경상북도 포항시 남구,R3_사명교차전파
8445,세아특수강(주),affiliate_region,,경북,R3_사명교차전파
8447,(주)세아씨엠,affiliate_addr,,전라북도 군산,R3_사명교차전파
8447,(주)세아씨엠,affiliate_region,,전북,R3_사명교차전파
8455,현대캐피탈(주),affiliate_addr,,서울특별시 중구 세종대로 14,R3_사명교차전파
8455,현대캐피탈(주),affiliate_region,,서울,R3_사명교차전파
8457,현대엔지니어링(주),affiliate_addr,,서울시 종로구,R3_사명교차전파
8457,현대엔지니어링(주),affiliate_region,,서울,R3_사명교차전파
8460,현대종합특수강(주),affiliate_addr,,경기도 안양시 동안구 시민대로 161,R3_사명교차전파
8460,현대종합특수강(주),affiliate_region,,경기,R3_사명교차전파
8462,(주)지아이티,affiliate_addr,,서울시 송파구 마천로87 지아이티빌딩,R3_사명교차전파
8462,(주)지아이티,affiliate_region,,서울,R3_사명교차전파
8466,현대에코에너지(주),affiliate_addr,,충남 서산시,R3_사명교차전파
8466,현대에코에너지(주),affiliate_region,,충남,R3_사명교차전파
8473,신흥글로벌(주),affiliate_addr,,경남 창원,R3_사명교차전파
8473,신흥글로벌(주),affiliate_region,,경남,R3_사명교차전파
8490,(주)한국팩키지,affiliate_addr,,경기도 안산시 단원구 해안로 227,R3_사명교차전파
8490,(주)한국팩키지,affiliate_region,,경기,R3_사명교차전파
8499,두산퓨얼셀(주),affiliate_addr,,전라북도 익산시 석암로7길 100,R3_사명교차전파
8499,두산퓨얼셀(주),affiliate_region,,전북,R3_사명교차전파
8507,(주)제주해양과학관,affiliate_addr,,제주특별자치도 서귀포시 섭지코지로 95,R3_사명교차전파
8507,(주)제주해양과학관,affiliate_region,,제주,R3_사명교차전파
8508,(주)한화도시개발,affiliate_addr,,충남 아산시 둔포면 해위안길 62번길 16 (신항리),R3_사명교차전파
8508,(주)한화도시개발,affiliate_region,,충남,R3_사명교차전파
8510,(주)한화갤러리아타임월드,affiliate_addr,,대전광역시 서구 대덕대로 211 (둔산동 갤러리아타임월드백화점),R3_사명교차전파
8510,(주)한화갤러리아타임월드,affiliate_region,,대전,R3_사명교차전파
8514,한화시스템(주),affiliate_addr,,경상북도 구미시 1공단로 244,R3_사명교차전파
8514,한화시스템(주),affiliate_region,,경북,R3_사명교차전파
8515,한화에어로스페이스(주),affiliate_addr,,경남 창원시 성산구 창원대로 1204 (성주동),R3_사명교차전파
8515,한화에어로스페이스(주),affiliate_region,,경남,R3_사명교차전파
8525,(주)제주해양과학관,affiliate_addr,,제주특별자치도 서귀포시 섭지코지로 95,R3_사명교차전파
8525,(주)제주해양과학관,affiliate_region,,제주,R3_사명교차전파
8526,(주)한화도시개발,affiliate_addr,,충남 아산시 둔포면 해위안길 62번길 16 (신항리),R3_사명교차전파
8526,(주)한화도시개발,affiliate_region,,충남,R3_사명교차전파
8528,(주)한화갤러리아타임월드,affiliate_addr,,대전광역시 서구 대덕대로 211 (둔산동 갤러리아타임월드백화점),R3_사명교차전파
8528,(주)한화갤러리아타임월드,affiliate_region,,대전,R3_사명교차전파
8532,한화시스템(주),affiliate_addr,,경상북도 구미시 1공단로 244,R3_사명교차전파
8532,한화시스템(주),affiliate_region,,경북,R3_사명교차전파
8533,한화에어로스페이스(주),affiliate_addr,,경남 창원시 성산구 창원대로 1204 (성주동),R3_사명교차전파
8533,한화에어로스페이스(주),affiliate_region,,경남,R3_사명교차전파
8543,(주)제주해양과학관,affiliate_addr,,제주특별자치도 서귀포시 섭지코지로 95,R3_사명교차전파
8543,(주)제주해양과학관,affiliate_region,,제주,R3_사명교차전파
8544,(주)한화도시개발,affiliate_addr,,충남 아산시 둔포면 해위안길 62번길 16 (신항리),R3_사명교차전파
8544,(주)한화도시개발,affiliate_region,,충남,R3_사명교차전파
8546,(주)한화갤러리아타임월드,affiliate_addr,,대전광역시 서구 대덕대로 211 (둔산동 갤러리아타임월드백화점),R3_사명교차전파
8546,(주)한화갤러리아타임월드,affiliate_region,,대전,R3_사명교차전파
8550,한화시스템(주),affiliate_addr,,경상북도 구미시 1공단로 244,R3_사명교차전파
8550,한화시스템(주),affiliate_region,,경북,R3_사명교차전파
8551,한화에어로스페이스(주),affiliate_addr,,경남 창원시 성산구 창원대로 1204 (성주동),R3_사명교차전파
8551,한화에어로스페이스(주),affiliate_region,,경남,R3_사명교차전파
8557,(주)세아제강,affiliate_addr,,서울 마포구,R3_사명교차전파
8557,(주)세아제강,affiliate_region,,서울,R3_사명교차전파
8558,(주)세아엘앤에스,affiliate_addr,,경상북도 포항시 남구,R3_사명교차전파
8558,(주)세아엘앤에스,affiliate_region,,경북,R3_사명교차전파
8559,세아특수강(주),affiliate_addr,,경상북도 포항시 남구,R3_사명교차전파
8559,세아특수강(주),affiliate_region,,경북,R3_사명교차전파
8560,(주)세아창원특수강,affiliate_addr,,경남 창원시,R3_사명교차전파
8560,(주)세아창원특수강,affiliate_region,,경남,R3_사명교차전파
8561,(주)세아씨엠,affiliate_addr,,전라북도 군산,R3_사명교차전파
8561,(주)세아씨엠,affiliate_region,,전북,R3_사명교차전파
8566,이데일리(주),affiliate_addr,,서울특별시 중구 통일로 92 KG타워 18층 19층,R3_사명교차전파
8566,이데일리(주),affiliate_region,,서울,R3_사명교차전파
8568,(주)케이지에듀원,affiliate_addr,,서울시 중구 통일로 92 KG타워 12층,R3_사명교차전파
8568,(주)케이지에듀원,affiliate_region,,서울,R3_사명교차전파
8584,롯데컬처웍스(주),affiliate_addr,,서울특별시 송파구 올림픽로 295 롯데월드타워 18층,R3_사명교차전파
8584,롯데컬처웍스(주),affiliate_region,,서울,R3_사명교차전파
8585,롯데위탁관리부동산투자회사(주),affiliate_addr,,서울특별시 송파구 올림픽로 300 롯데월드타워 30층,R3_사명교차전파
8585,롯데위탁관리부동산투자회사(주),affiliate_region,,서울,R3_사명교차전파
8586,롯데오토리스(주),affiliate_addr,,경기도 안양시 동안구 전파로 88 8층(호계동 신원비젼타워),R3_사명교차전파
8586,롯데오토리스(주),affiliate_region,,경기,R3_사명교차전파
8587,(주)백학음료,affiliate_addr,,경기도 연천군 백학면 장백로 589,R3_사명교차전파
8587,(주)백학음료,affiliate_region,,경기,R3_사명교차전파
8588,(주)충북소주,affiliate_addr,,충청북도 청주시 청원구 내수읍 우산길 57,R3_사명교차전파
8588,(주)충북소주,affiliate_region,,충북,R3_사명교차전파
8595,(주)엔티엠,affiliate_addr,,충남 아산시 인주면 인주로 304-88,R3_사명교차전파
8595,(주)엔티엠,affiliate_region,,충남,R3_사명교차전파
8598,엔브이에이치오버헤드시스템(주),affiliate_addr,,울산 북구 모듈화산업로 207-14,R3_사명교차전파
8598,엔브이에이치오버헤드시스템(주),affiliate_region,,울산,R3_사명교차전파
8601,디케이동신(주),affiliate_addr,,경북 포항시 남구 대송로 154,R3_사명교차전파
8601,디케이동신(주),affiliate_region,,경북,R3_사명교차전파
8636,미래에셋벤처투자(주),affiliate_addr,,경기도 성남시 분당구 판교역 로 241번길 20 지하1층 (삼평동 미래에셋벤처타워빌 딩),R3_사명교차전파
8636,미래에셋벤처투자(주),affiliate_region,,경기,R3_사명교차전파
8637,미래에셋생명보험(주),affiliate_addr,,서울특별시 영등포구 국제금융로 56 (여의도동 미래에셋증권빌딩),R3_사명교차전파
8637,미래에셋생명보험(주),affiliate_region,,서울,R3_사명교차전파
8647,(주)에프엠케이,affiliate_addr,,서울시 강남구,R3_사명교차전파
8647,(주)에프엠케이,affiliate_region,,서울,R3_사명교차전파
8673,삼송캐스터,affiliate_addr,,인천 부평,R3_사명교차전파
8673,삼송캐스터,affiliate_region,,인천,R3_사명교차전파
8706,(주)테이팩스,affiliate_addr,,경기도 수원시 영통구 대학4로 17 8층 812813호,R3_사명교차전파
8706,(주)테이팩스,affiliate_region,,경기,R3_사명교차전파
8717,(주)포스코에이앤씨건축사사무소,affiliate_addr,,인천광역시 연수구 컨벤시아대로 165 포스코타워 송도 24층,R3_사명교차전파
8717,(주)포스코에이앤씨건축사사무소,affiliate_region,,인천,R3_사명교차전파
8743,(주)포스코에이앤씨건축사사무소,affiliate_addr,,인천광역시 연수구 컨벤시아대로 165 포스코타워 송도 24층,R3_사명교차전파
8743,(주)포스코에이앤씨건축사사무소,affiliate_region,,인천,R3_사명교차전파
8760,(주)녹십자엠에스,affiliate_addr,,경기도 용인시 기흥구 용구대로2469번길 15,R3_사명교차전파
8760,(주)녹십자엠에스,affiliate_region,,경기,R3_사명교차전파
8761,(주)녹십자웰빙,affiliate_addr,,서울시 성동구 왕십리로 241,R3_사명교차전파
8761,(주)녹십자웰빙,affiliate_region,,서울,R3_사명교차전파
8788,천안기업(주),affiliate_addr,,충남 천안시,R3_사명교차전파
8788,천안기업(주),affiliate_region,,충남,R3_사명교차전파
8790,동화기업(주),affiliate_addr,,전남 장성군,R3_사명교차전파
8790,동화기업(주),affiliate_region,,전남,R3_사명교차전파
8797,케이씨(주),affiliate_addr,,경기도 안성시 미양면 제2공단3길 30 -,R3_사명교차전파
8797,케이씨(주),affiliate_region,,경기,R3_사명교차전파
8797,케이씨(주),affiliate_sicNm,,반도체 제조용 기계 제조업,R3_사명교차전파
8804,(주)정다운,affiliate_addr,,나주,R3_사명교차전파
8805,(주)마니커,affiliate_addr,,용인,R3_사명교차전파
8806,(주)마니커에프앤지,affiliate_addr,,용인,R3_사명교차전파
8807,(주)팜스토리,affiliate_addr,,서울,R3_사명교차전파
8807,(주)팜스토리,affiliate_region,,서울,R3_사명교차전파
8808,농업회사법인(주)지리산하이포지피,affiliate_addr,,경남 산청군 단성면 창촌리 산 6,R3_사명교차전파
8808,농업회사법인(주)지리산하이포지피,affiliate_region,,경남,R3_사명교차전파
8809,(주)이지팜스,affiliate_addr,,천안,R3_사명교차전파
8810,우리손에프앤지농업회사법인(주),affiliate_addr,,나주,R3_사명교차전파
8816,천안기업(주),affiliate_addr,,충남 천안시,R3_사명교차전파
8816,천안기업(주),affiliate_region,,충남,R3_사명교차전파
8818,현대개발(주),affiliate_addr,,광주시 광산구,R3_사명교차전파
8818,현대개발(주),affiliate_region,,광주,R3_사명교차전파
8835,(주)강원학교태양광,affiliate_addr,,강원도 강릉시 성덕포남로188번길 9(포남동),R3_사명교차전파
8835,(주)강원학교태양광,affiliate_region,,강원,R3_사명교차전파
8836,금호티앤엘(주),affiliate_addr,,전남 여수시 여수산단로 1469-100,R3_사명교차전파
8836,금호티앤엘(주),affiliate_region,,전남,R3_사명교차전파
8839,(주)강원학교태양광,affiliate_addr,,강원도 강릉시 성덕포남로188번길 9(포남동),R3_사명교차전파
8839,(주)강원학교태양광,affiliate_region,,강원,R3_사명교차전파
8840,금호피앤비화학(주),affiliate_addr,,전남 여수시 여수산단2로 218,R3_사명교차전파
8840,금호피앤비화학(주),affiliate_region,,전남,R3_사명교차전파
8853,롯데컬처웍스(주),affiliate_addr,,서울특별시 송파구 올림픽로 295 롯데월드타워 18층,R3_사명교차전파
8853,롯데컬처웍스(주),affiliate_region,,서울,R3_사명교차전파
8854,롯데위탁관리부동산투자회사(주),affiliate_addr,,서울특별시 송파구 올림픽로 300 롯데월드타워 30층,R3_사명교차전파
8854,롯데위탁관리부동산투자회사(주),affiliate_region,,서울,R3_사명교차전파
8855,롯데오토리스(주),affiliate_addr,,경기도 안양시 동안구 전파로 88 8층(호계동 신원비젼타워),R3_사명교차전파
8855,롯데오토리스(주),affiliate_region,,경기,R3_사명교차전파
8856,(주)백학음료,affiliate_addr,,경기도 연천군 백학면 장백로 589,R3_사명교차전파
8856,(주)백학음료,affiliate_region,,경기,R3_사명교차전파
8857,(주)충북소주,affiliate_addr,,충청북도 청주시 청원구 내수읍 우산길 57,R3_사명교차전파
8857,(주)충북소주,affiliate_region,,충북,R3_사명교차전파
8858,산청음료(주),affiliate_addr,,경상남도 산청군 시천면 남명로 59-61,R3_사명교차전파
8858,산청음료(주),affiliate_region,,경남,R3_사명교차전파
8863,(주)미래엔서해에너지,affiliate_addr,,충청남도 당진시 시곡로 348,R3_사명교차전파
8863,(주)미래엔서해에너지,affiliate_region,,충남,R3_사명교차전파
8864,(주)오션스위츠,affiliate_addr,,제주특별자치도 제주시 탑동 해안로 74,R3_사명교차전파
8864,(주)오션스위츠,affiliate_region,,제주,R3_사명교차전파
8865,(주)한국토지신탁,affiliate_addr,,서울시 강남구 테헤란로 137 코레이트타워 16~20층,R3_사명교차전파
8865,(주)한국토지신탁,affiliate_region,,서울,R3_사명교차전파
8873,엘에스글로벌인코퍼레이티드(주),affiliate_addr,,경기도 군포시 산본동 1026-8번지 중산빌딩 5층,R3_사명교차전파
8873,엘에스글로벌인코퍼레이티드(주),affiliate_region,,경기,R3_사명교차전파
8874,(주)베스트토요타,affiliate_addr,,- 주소 : 서울 용산구 한강대로 92 (한강로2가 LS용산타워1층) - 전화 : 02) 2122-7701 - 홈페이지 : http://www.toyotayongsan.co.kr,R3_사명교차전파
8874,(주)베스트토요타,affiliate_region,,서울,R3_사명교차전파
8875,(주)예스코,affiliate_addr,,서울특별시 성동구 자동차시장길 23,R3_사명교차전파
8875,(주)예스코,affiliate_region,,서울,R3_사명교차전파
8876,(주)지앤피,affiliate_addr,,충청북도 충주시 국원대로 448,R3_사명교차전파
8876,(주)지앤피,affiliate_region,,충북,R3_사명교차전파
8877,가온전선(주),affiliate_addr,,경기도 군포시 엘에스로 45번길 120,R3_사명교차전파
8877,가온전선(주),affiliate_region,,경기,R3_사명교차전파
8878,엘에스엠트론(주),affiliate_addr,,경기도 안양시 동안구 LS로 127,R3_사명교차전파
8878,엘에스엠트론(주),affiliate_region,,경기,R3_사명교차전파
8883,엘에스이브이코리아(주),affiliate_addr,,경기도 군포시 공단로140번길 27,R3_사명교차전파
8883,엘에스이브이코리아(주),affiliate_region,,경기,R3_사명교차전파
8884,(주)토리컴,affiliate_addr,,충청남도 아산시 둔포면 아산밸리동로 78,R3_사명교차전파
8884,(주)토리컴,affiliate_region,,충남,R3_사명교차전파
8885,(주)지알엠,affiliate_addr,,경기도 김포시 통진읍 김포대로 1979,R3_사명교차전파
8885,(주)지알엠,affiliate_region,,경기,R3_사명교차전파
8902,롯데컬처웍스(주),affiliate_addr,,서울특별시 송파구 올림픽로 295 롯데월드타워 18층,R3_사명교차전파
8902,롯데컬처웍스(주),affiliate_region,,서울,R3_사명교차전파
8903,롯데위탁관리부동산투자회사(주),affiliate_addr,,서울특별시 송파구 올림픽로 300 롯데월드타워 30층,R3_사명교차전파
8903,롯데위탁관리부동산투자회사(주),affiliate_region,,서울,R3_사명교차전파
8904,롯데오토리스(주),affiliate_addr,,경기도 안양시 동안구 전파로 88 8층(호계동 신원비젼타워),R3_사명교차전파
8904,롯데오토리스(주),affiliate_region,,경기,R3_사명교차전파
8905,(주)백학음료,affiliate_addr,,경기도 연천군 백학면 장백로 589,R3_사명교차전파
8905,(주)백학음료,affiliate_region,,경기,R3_사명교차전파
8906,(주)충북소주,affiliate_addr,,충청북도 청주시 청원구 내수읍 우산길 57,R3_사명교차전파
8906,(주)충북소주,affiliate_region,,충북,R3_사명교차전파
8907,산청음료(주),affiliate_addr,,경상남도 산청군 시천면 남명로 59-61,R3_사명교차전파
8907,산청음료(주),affiliate_region,,경남,R3_사명교차전파
8911,(주)한국토지신탁,affiliate_addr,,서울시 강남구 테헤란로 137 코레이트타워 16~20층,R3_사명교차전파
8911,(주)한국토지신탁,affiliate_region,,서울,R3_사명교차전파
8925,나투라페이퍼(주),affiliate_addr,,충북 청주시 흥덕구 오송읍 상정쌍청로 171,R3_사명교차전파
8925,나투라페이퍼(주),affiliate_region,,충북,R3_사명교차전파
8955,(주)세아제강,affiliate_addr,,서울 마포구,R3_사명교차전파
8955,(주)세아제강,affiliate_region,,서울,R3_사명교차전파
8956,(주)세아엘앤에스,affiliate_addr,,경상북도 포항시 남구,R3_사명교차전파
8956,(주)세아엘앤에스,affiliate_region,,경북,R3_사명교차전파
8957,세아특수강(주),affiliate_addr,,경상북도 포항시 남구,R3_사명교차전파
8957,세아특수강(주),affiliate_region,,경북,R3_사명교차전파
8958,(주)세아창원특수강,affiliate_addr,,경남 창원시,R3_사명교차전파
8958,(주)세아창원특수강,affiliate_region,,경남,R3_사명교차전파
8963,(주)정다운,affiliate_addr,,나주,R3_사명교차전파
8964,(주)마니커,affiliate_addr,,용인,R3_사명교차전파
8965,(주)마니커에프앤지,affiliate_addr,,용인,R3_사명교차전파
8966,(주)팜스토리,affiliate_addr,,서울,R3_사명교차전파
8966,(주)팜스토리,affiliate_region,,서울,R3_사명교차전파
8967,농업회사법인(주)지리산하이포지피,affiliate_addr,,경남 산청군 단성면 창촌리 산 6,R3_사명교차전파
8967,농업회사법인(주)지리산하이포지피,affiliate_region,,경남,R3_사명교차전파
8968,(주)이지팜스,affiliate_addr,,천안,R3_사명교차전파
8969,농업회사법인(주)팜스월드지지피,affiliate_addr,,전남 영광군 법성면 신장길 5길 38,R3_사명교차전파
8969,농업회사법인(주)팜스월드지지피,affiliate_region,,전남,R3_사명교차전파
8982,(주)삼아벤처,affiliate_addr,,충북 진천군 이월면 이덕로 566,R3_사명교차전파
8982,(주)삼아벤처,affiliate_region,,충북,R3_사명교차전파
8986,(주)서연오토비전,affiliate_addr,,충청남도 당진시 합덕읍 거섬들 2길 45,R3_사명교차전파
8986,(주)서연오토비전,affiliate_region,,충남,R3_사명교차전파
8987,(주)서연씨엔에프,affiliate_addr,,울산시 울주군 두서면 전읍농공길 13(전읍리),R3_사명교차전파
8987,(주)서연씨엔에프,affiliate_region,,울산,R3_사명교차전파
8989,(주)엔에스쇼핑,affiliate_addr,,경기 성남시 분당구 판교로 228번길 15,R3_사명교차전파
8989,(주)엔에스쇼핑,affiliate_region,,경기,R3_사명교차전파
8991,(주)참트레이딩,affiliate_addr,,서울 강남구 도산대로 130 6층,R3_사명교차전파
8991,(주)참트레이딩,affiliate_region,,서울,R3_사명교차전파
8995,(주)팜스코,affiliate_addr,,경기 안성시 미양면 제2공단 4길 33,R3_사명교차전파
8995,(주)팜스코,affiliate_region,,경기,R3_사명교차전파
8996,(주)하림산업,affiliate_addr,,전라북도 익산시 중앙로 121,R3_사명교차전파
8996,(주)하림산업,affiliate_region,,전북,R3_사명교차전파
8998,(주)선진에프에스,affiliate_addr,,경기 이천시 대월면 사동로 76,R3_사명교차전파
8998,(주)선진에프에스,affiliate_region,,경기,R3_사명교차전파
8999,(주)선진,affiliate_addr,,경기 이천시 대월면 사동로 76,R3_사명교차전파
8999,(주)선진,affiliate_region,,경기,R3_사명교차전파
9000,(주)농업회사법인팜스코바이오인티,affiliate_addr,,경기도 이천시 부발읍 부흥로 81번길 140-81,R3_사명교차전파
9000,(주)농업회사법인팜스코바이오인티,affiliate_region,,경기,R3_사명교차전파
9001,(주)선진햄,affiliate_addr,,충북 음성군 대소면 태생리 40-16,R3_사명교차전파
9001,(주)선진햄,affiliate_region,,충북,R3_사명교차전파
9003,(주)농업회사법인주원산오리,affiliate_addr,,충북 진천군 광혜원면 진광로 941-5,R3_사명교차전파
9003,(주)농업회사법인주원산오리,affiliate_region,,충북,R3_사명교차전파
9004,제일사료(주),affiliate_addr,,대전시 대덕구 대전로 1331번길 240,R3_사명교차전파
9004,제일사료(주),affiliate_region,,대전,R3_사명교차전파
9005,(주)애그리로보텍,affiliate_addr,,경기 이천시 부발읍 신아로 58,R3_사명교차전파
9005,(주)애그리로보텍,affiliate_region,,경기,R3_사명교차전파
9022,두산퓨얼셀(주),affiliate_addr,,전라북도 익산시 석암로7길 100,R3_사명교차전파
9022,두산퓨얼셀(주),affiliate_region,,전북,R3_사명교차전파
9042,(주)미래엔서해에너지,affiliate_addr,,충청남도 당진시 시곡로 348,R3_사명교차전파
9042,(주)미래엔서해에너지,affiliate_region,,충남,R3_사명교차전파
9047,메가박스중앙(주),affiliate_addr,,서울시 성동구 왕십리로 50,R3_사명교차전파
9047,메가박스중앙(주),affiliate_region,,서울,R3_사명교차전파
9062,엘에스글로벌인코퍼레이티드(주),affiliate_addr,,경기도 군포시 산본동 1026-8번지 중산빌딩 5층,R3_사명교차전파
9062,엘에스글로벌인코퍼레이티드(주),affiliate_region,,경기,R3_사명교차전파
9063,(주)베스트토요타,affiliate_addr,,- 주소 : 서울 용산구 한강대로 92 (한강로2가 LS용산타워1층) - 전화 : 02) 2122-7701 - 홈페이지 : http://www.toyotayongsan.co.kr,R3_사명교차전파
9063,(주)베스트토요타,affiliate_region,,서울,R3_사명교차전파
9064,(주)예스코,affiliate_addr,,서울특별시 성동구 자동차시장길 23,R3_사명교차전파
9064,(주)예스코,affiliate_region,,서울,R3_사명교차전파
9065,(주)지앤피,affiliate_addr,,충청북도 충주시 국원대로 448,R3_사명교차전파
9065,(주)지앤피,affiliate_region,,충북,R3_사명교차전파
9066,가온전선(주),affiliate_addr,,경기도 군포시 엘에스로 45번길 120,R3_사명교차전파
9066,가온전선(주),affiliate_region,,경기,R3_사명교차전파
9067,엘에스엠트론(주),affiliate_addr,,경기도 안양시 동안구 LS로 127,R3_사명교차전파
9067,엘에스엠트론(주),affiliate_region,,경기,R3_사명교차전파
9072,엘에스이브이코리아(주),affiliate_addr,,경기도 군포시 공단로140번길 27,R3_사명교차전파
9072,엘에스이브이코리아(주),affiliate_region,,경기,R3_사명교차전파
9073,(주)토리컴,affiliate_addr,,충청남도 아산시 둔포면 아산밸리동로 78,R3_사명교차전파
9073,(주)토리컴,affiliate_region,,충남,R3_사명교차전파
9074,(주)지알엠,affiliate_addr,,경기도 김포시 통진읍 김포대로 1979,R3_사명교차전파
9074,(주)지알엠,affiliate_region,,경기,R3_사명교차전파
9085,(주)엔티엠,affiliate_addr,,충남 아산시 인주면 인주로 304-88,R3_사명교차전파
9085,(주)엔티엠,affiliate_region,,충남,R3_사명교차전파
9095,(주)한주,affiliate_addr,,울산광역시 남구 사평로 60 (부곡동 625번지),R3_사명교차전파
9095,(주)한주,affiliate_region,,울산,R3_사명교차전파
9116,나래에너지서비스(주),affiliate_addr,,서울시 종로구 서린동 88 한국화장품 건물 2층 위례에너지서비스,R3_사명교차전파
9116,나래에너지서비스(주),affiliate_region,,서울,R3_사명교차전파
9119,에스케이넥실리스,affiliate_addr,,전라북도 정읍시 북면 3산단2길 2,R3_사명교차전파
9119,에스케이넥실리스,affiliate_region,,전북,R3_사명교차전파
9120,SK인천석유화학(주),affiliate_addr,,인천 서구 봉수대로 415,R3_사명교차전파
9120,SK인천석유화학(주),affiliate_region,,인천,R3_사명교차전파
9121,SKC(주),affiliate_addr,,경기 수원시 장안구 장안로 309번길 84,R3_사명교차전파
9121,SKC(주),affiliate_region,,경기,R3_사명교차전파
9122,SK네트웍스(주),affiliate_addr,,경기도 수원시 장안구 경수대로 795,R3_사명교차전파
9122,SK네트웍스(주),affiliate_region,,경기,R3_사명교차전파
9127,SK네트웍스서비스(주),affiliate_addr,,경기도 수원시 팔달구 인계로 166번길 48-21,R3_사명교차전파
9127,SK네트웍스서비스(주),affiliate_region,,경기,R3_사명교차전파
9128,강원도시가스(주),affiliate_addr,,강원 춘천시 삭주로 163,R3_사명교차전파
9128,강원도시가스(주),affiliate_region,,강원,R3_사명교차전파
9129,충청에너지서비스(주),affiliate_addr,,충북 청주시 흥덕구 산단로 244,R3_사명교차전파
9129,충청에너지서비스(주),affiliate_region,,충북,R3_사명교차전파
9170,나래에너지서비스(주),affiliate_addr,,서울시 종로구 서린동 88 한국화장품 건물 2층 위례에너지서비스,R3_사명교차전파
9170,나래에너지서비스(주),affiliate_region,,서울,R3_사명교차전파
9173,에스케이넥실리스,affiliate_addr,,전라북도 정읍시 북면 3산단2길 2,R3_사명교차전파
9173,에스케이넥실리스,affiliate_region,,전북,R3_사명교차전파
9174,SK인천석유화학(주),affiliate_addr,,인천 서구 봉수대로 415,R3_사명교차전파
9174,SK인천석유화학(주),affiliate_region,,인천,R3_사명교차전파
9175,SKC(주),affiliate_addr,,경기 수원시 장안구 장안로 309번길 84,R3_사명교차전파
9175,SKC(주),affiliate_region,,경기,R3_사명교차전파
9176,SK네트웍스(주),affiliate_addr,,경기도 수원시 장안구 경수대로 795,R3_사명교차전파
9176,SK네트웍스(주),affiliate_region,,경기,R3_사명교차전파
9181,SK네트웍스서비스(주),affiliate_addr,,경기도 수원시 팔달구 인계로 166번길 48-21,R3_사명교차전파
9181,SK네트웍스서비스(주),affiliate_region,,경기,R3_사명교차전파
9182,강원도시가스(주),affiliate_addr,,강원 춘천시 삭주로 163,R3_사명교차전파
9182,강원도시가스(주),affiliate_region,,강원,R3_사명교차전파
9183,충청에너지서비스(주),affiliate_addr,,충북 청주시 흥덕구 산단로 244,R3_사명교차전파
9183,충청에너지서비스(주),affiliate_region,,충북,R3_사명교차전파
9193,(주)디아이씨,affiliate_addr,,경기도 화성시,R3_사명교차전파
9193,(주)디아이씨,affiliate_region,,경기,R3_사명교차전파
9197,(주)서연오토비전,affiliate_addr,,충청남도 당진시 합덕읍 거섬들 2길 45,R3_사명교차전파
9197,(주)서연오토비전,affiliate_region,,충남,R3_사명교차전파
9198,(주)서연인테크,affiliate_addr,,전북 익산시 석암로 17길 137,R3_사명교차전파
9198,(주)서연인테크,affiliate_region,,전북,R3_사명교차전파
9231,삼표자원개발(주),affiliate_addr,,강원도 삼척시 근덕면 시목길 225,R3_사명교차전파
9231,삼표자원개발(주),affiliate_region,,강원,R3_사명교차전파
9232,삼표해운(주),affiliate_addr,,부산광역시 서구 원양로 268(암남동),R3_사명교차전파
9232,삼표해운(주),affiliate_region,,부산,R3_사명교차전파
9238,청진이삼프로젝트(주),affiliate_addr,,서울시 종로구 종로3길 17(청진동),R3_사명교차전파
9238,청진이삼프로젝트(주),affiliate_region,,서울,R3_사명교차전파
9245,천안기업(주),affiliate_addr,,충남 천안시,R3_사명교차전파
9245,천안기업(주),affiliate_region,,충남,R3_사명교차전파
9247,현대개발(주),affiliate_addr,,광주시 광산구,R3_사명교차전파
9247,현대개발(주),affiliate_region,,광주,R3_사명교차전파
9248,동화기업(주),affiliate_addr,,전남 장성군,R3_사명교차전파
9248,동화기업(주),affiliate_region,,전남,R3_사명교차전파
9251,(주)대우에스티,affiliate_addr,,충청북도 진천군 덕산면 한삼로 289,R3_사명교차전파
9251,(주)대우에스티,affiliate_region,,충북,R3_사명교차전파
9257,청진이삼프로젝트(주),affiliate_addr,,서울시 종로구 종로3길 17(청진동),R3_사명교차전파
9257,청진이삼프로젝트(주),affiliate_region,,서울,R3_사명교차전파
9264,지에스엠비즈(주),affiliate_addr,,서울특별시 영등포구 선유로43길 19,R3_사명교차전파
9264,지에스엠비즈(주),affiliate_region,,서울,R3_사명교차전파
9265,지에스바이오(주),affiliate_addr,,전라남도 여수시 여수산단로 923-106,R3_사명교차전파
9265,지에스바이오(주),affiliate_region,,전남,R3_사명교차전파
9275,(주)엔티엠,affiliate_addr,,충남 아산시 인주면 인주로 304-88,R3_사명교차전파
9275,(주)엔티엠,affiliate_region,,충남,R3_사명교차전파
9279,엔브이에이치오버헤드시스템(주),affiliate_addr,,울산 북구 모듈화산업로 207-14,R3_사명교차전파
9279,엔브이에이치오버헤드시스템(주),affiliate_region,,울산,R3_사명교차전파
9280,(주)웅진북센,affiliate_addr,,경기도 파주시 교하읍 문발리,R3_사명교차전파
9280,(주)웅진북센,affiliate_region,,경기,R3_사명교차전파
9285,에이제이토탈(주),affiliate_addr,,서울특별시 송파구 정의로8길 9 15층(문정동 에이제이빌딩),R3_사명교차전파
9285,에이제이토탈(주),affiliate_region,,서울,R3_사명교차전파
9290,엘에스글로벌인코퍼레이티드(주),affiliate_addr,,경기도 군포시 산본동 1026-8번지 중산빌딩 5층,R3_사명교차전파
9290,엘에스글로벌인코퍼레이티드(주),affiliate_region,,경기,R3_사명교차전파
9291,(주)베스트토요타,affiliate_addr,,- 주소 : 서울 용산구 한강대로 92 (한강로2가 LS용산타워1층) - 전화 : 02) 2122-7701 - 홈페이지 : http://www.toyotayongsan.co.kr,R3_사명교차전파
9291,(주)베스트토요타,affiliate_region,,서울,R3_사명교차전파
9292,(주)예스코,affiliate_addr,,서울특별시 성동구 자동차시장길 23,R3_사명교차전파
9292,(주)예스코,affiliate_region,,서울,R3_사명교차전파
9293,(주)지앤피,affiliate_addr,,충청북도 충주시 국원대로 448,R3_사명교차전파
9293,(주)지앤피,affiliate_region,,충북,R3_사명교차전파
9294,가온전선(주),affiliate_addr,,경기도 군포시 엘에스로 45번길 120,R3_사명교차전파
9294,가온전선(주),affiliate_region,,경기,R3_사명교차전파
9295,엘에스엠트론(주),affiliate_addr,,경기도 안양시 동안구 LS로 127,R3_사명교차전파
9295,엘에스엠트론(주),affiliate_region,,경기,R3_사명교차전파
9300,엘에스이브이코리아(주),affiliate_addr,,경기도 군포시 공단로140번길 27,R3_사명교차전파
9300,엘에스이브이코리아(주),affiliate_region,,경기,R3_사명교차전파
9301,(주)토리컴,affiliate_addr,,충청남도 아산시 둔포면 아산밸리동로 78,R3_사명교차전파
9301,(주)토리컴,affiliate_region,,충남,R3_사명교차전파
9302,(주)지알엠,affiliate_addr,,경기도 김포시 통진읍 김포대로 1979,R3_사명교차전파
9302,(주)지알엠,affiliate_region,,경기,R3_사명교차전파
9308,(주)엔에스쇼핑,affiliate_addr,,경기 성남시 분당구 판교로 228번길 15,R3_사명교차전파
9308,(주)엔에스쇼핑,affiliate_region,,경기,R3_사명교차전파
9310,(주)참트레이딩,affiliate_addr,,서울 강남구 도산대로 130 6층,R3_사명교차전파
9310,(주)참트레이딩,affiliate_region,,서울,R3_사명교차전파
9314,(주)팜스코,affiliate_addr,,경기 안성시 미양면 제2공단 4길 33,R3_사명교차전파
9314,(주)팜스코,affiliate_region,,경기,R3_사명교차전파
9315,(주)하림산업,affiliate_addr,,전라북도 익산시 중앙로 121,R3_사명교차전파
9315,(주)하림산업,affiliate_region,,전북,R3_사명교차전파
9317,(주)선진에프에스,affiliate_addr,,경기 이천시 대월면 사동로 76,R3_사명교차전파
9317,(주)선진에프에스,affiliate_region,,경기,R3_사명교차전파
9318,(주)선진,affiliate_addr,,경기 이천시 대월면 사동로 76,R3_사명교차전파
9318,(주)선진,affiliate_region,,경기,R3_사명교차전파
9319,(주)농업회사법인팜스코바이오인티,affiliate_addr,,경기도 이천시 부발읍 부흥로 81번길 140-81,R3_사명교차전파
9319,(주)농업회사법인팜스코바이오인티,affiliate_region,,경기,R3_사명교차전파
9320,(주)선진햄,affiliate_addr,,충북 음성군 대소면 태생리 40-16,R3_사명교차전파
9320,(주)선진햄,affiliate_region,,충북,R3_사명교차전파
9322,(주)농업회사법인주원산오리,affiliate_addr,,충북 진천군 광혜원면 진광로 941-5,R3_사명교차전파
9322,(주)농업회사법인주원산오리,affiliate_region,,충북,R3_사명교차전파
9323,제일사료(주),affiliate_addr,,대전시 대덕구 대전로 1331번길 240,R3_사명교차전파
9323,제일사료(주),affiliate_region,,대전,R3_사명교차전파
9324,(주)하림,affiliate_addr,,전북 익산시 망성면 망성로 14,R3_사명교차전파
9324,(주)하림,affiliate_region,,전북,R3_사명교차전파
9325,동원로엑스인천(주),affiliate_addr,,인천광역시 서구 북항로 309번길 84,R3_사명교차전파
9325,동원로엑스인천(주),affiliate_region,,인천,R3_사명교차전파
9327,현대파텍스(주),affiliate_addr,,충남 서산시 지곡면 무장길 29,R3_사명교차전파
9327,현대파텍스(주),affiliate_region,,충남,R3_사명교차전파
9329,현대파텍스(주),affiliate_addr,,충남 서산시 지곡면 무장길 29,R3_사명교차전파
9329,현대파텍스(주),affiliate_region,,충남,R3_사명교차전파
9330,내트럭(주),affiliate_addr,,서울시 중구 삼일대로 363,R3_사명교차전파
9330,내트럭(주),affiliate_region,,서울,R3_사명교차전파
9331,현대파텍스(주),affiliate_addr,,충남 서산시 지곡면 무장길 29,R3_사명교차전파
9331,현대파텍스(주),affiliate_region,,충남,R3_사명교차전파
9332,현대파텍스(주),affiliate_addr,,충남 서산시 지곡면 무장길 29,R3_사명교차전파
9332,현대파텍스(주),affiliate_region,,충남,R3_사명교차전파
9334,현대파텍스(주),affiliate_addr,,충남 서산시 지곡면 무장길 29,R3_사명교차전파
9334,현대파텍스(주),affiliate_region,,충남,R3_사명교차전파
9335,현대파텍스(주),affiliate_addr,,충남 서산시 지곡면 무장길 29,R3_사명교차전파
9335,현대파텍스(주),affiliate_region,,충남,R3_사명교차전파
9336,내트럭(주),affiliate_addr,,서울시 중구 삼일대로 363,R3_사명교차전파
9336,내트럭(주),affiliate_region,,서울,R3_사명교차전파
9337,(주)정다운,affiliate_addr,,나주,R3_사명교차전파
9338,(주)마니커,affiliate_addr,,용인,R3_사명교차전파
9339,(주)마니커에프앤지,affiliate_addr,,용인,R3_사명교차전파
9340,(주)팜스토리,affiliate_addr,,서울,R3_사명교차전파
9340,(주)팜스토리,affiliate_region,,서울,R3_사명교차전파
9341,농업회사법인(주)지리산하이포지피,affiliate_addr,,경남 산청군 단성면 창촌리 산 6,R3_사명교차전파
9341,농업회사법인(주)지리산하이포지피,affiliate_region,,경남,R3_사명교차전파
9342,(주)이지팜스,affiliate_addr,,천안,R3_사명교차전파
9343,농업회사법인(주)팜스월드지지피,affiliate_addr,,전남 영광군 법성면 신장길 5길 38,R3_사명교차전파
9343,농업회사법인(주)팜스월드지지피,affiliate_region,,전남,R3_사명교차전파
9344,우리손에프앤지농업회사법인(주),affiliate_addr,,나주,R3_사명교차전파
9345,내트럭(주),affiliate_addr,,서울시 중구 삼일대로 363,R3_사명교차전파
9345,내트럭(주),affiliate_region,,서울,R3_사명교차전파
9346,솔브레인옵토스(주),affiliate_addr,,경기도 안성시 양성면,R3_사명교차전파
9346,솔브레인옵토스(주),affiliate_region,,경기,R3_사명교차전파
9347,내트럭(주),affiliate_addr,,서울시 중구 삼일대로 363,R3_사명교차전파
9347,내트럭(주),affiliate_region,,서울,R3_사명교차전파
9349,현대파텍스(주),affiliate_addr,,충남 서산시 지곡면 무장길 29,R3_사명교차전파
9349,현대파텍스(주),affiliate_region,,충남,R3_사명교차전파
9350,내트럭(주),affiliate_addr,,서울시 중구 삼일대로 363,R3_사명교차전파
9350,내트럭(주),affiliate_region,,서울,R3_사명교차전파
9352,내트럭(주),affiliate_addr,,서울시 중구 삼일대로 363,R3_사명교차전파
9352,내트럭(주),affiliate_region,,서울,R3_사명교차전파
9353,내트럭(주),affiliate_addr,,서울시 중구 삼일대로 363,R3_사명교차전파
9353,내트럭(주),affiliate_region,,서울,R3_사명교차전파
9354,내트럭(주),affiliate_addr,,서울시 중구 삼일대로 363,R3_사명교차전파
9354,내트럭(주),affiliate_region,,서울,R3_사명교차전파
9355,현대파텍스(주),affiliate_addr,,충남 서산시 지곡면 무장길 29,R3_사명교차전파
9355,현대파텍스(주),affiliate_region,,충남,R3_사명교차전파
9356,동원로엑스인천(주),affiliate_addr,,인천광역시 서구 북항로 309번길 84,R3_사명교차전파
9356,동원로엑스인천(주),affiliate_region,,인천,R3_사명교차전파
9361,현대파텍스(주),affiliate_addr,,충남 서산시 지곡면 무장길 29,R3_사명교차전파
9361,현대파텍스(주),affiliate_region,,충남,R3_사명교차전파
9362,현대파텍스(주),affiliate_addr,,충남 서산시 지곡면 무장길 29,R3_사명교차전파
9362,현대파텍스(주),affiliate_region,,충남,R3_사명교차전파
9363,동원로엑스인천(주),affiliate_addr,,인천광역시 서구 북항로 309번길 84,R3_사명교차전파
9363,동원로엑스인천(주),affiliate_region,,인천,R3_사명교차전파
9367,내트럭(주),affiliate_addr,,서울시 중구 삼일대로 363,R3_사명교차전파
9367,내트럭(주),affiliate_region,,서울,R3_사명교차전파
9381,나래에너지서비스(주),affiliate_addr,,서울시 종로구 서린동 88 한국화장품 건물 2층 위례에너지서비스,R3_사명교차전파
9381,나래에너지서비스(주),affiliate_region,,서울,R3_사명교차전파
9384,에스케이넥실리스,affiliate_addr,,전라북도 정읍시 북면 3산단2길 2,R3_사명교차전파
9384,에스케이넥실리스,affiliate_region,,전북,R3_사명교차전파
9385,SK인천석유화학(주),affiliate_addr,,인천 서구 봉수대로 415,R3_사명교차전파
9385,SK인천석유화학(주),affiliate_region,,인천,R3_사명교차전파
9386,SKC(주),affiliate_addr,,경기 수원시 장안구 장안로 309번길 84,R3_사명교차전파
9386,SKC(주),affiliate_region,,경기,R3_사명교차전파
9387,SK네트웍스(주),affiliate_addr,,경기도 수원시 장안구 경수대로 795,R3_사명교차전파
9387,SK네트웍스(주),affiliate_region,,경기,R3_사명교차전파
9392,SK네트웍스서비스(주),affiliate_addr,,경기도 수원시 팔달구 인계로 166번길 48-21,R3_사명교차전파
9392,SK네트웍스서비스(주),affiliate_region,,경기,R3_사명교차전파
9393,강원도시가스(주),affiliate_addr,,강원 춘천시 삭주로 163,R3_사명교차전파
9393,강원도시가스(주),affiliate_region,,강원,R3_사명교차전파
9394,충청에너지서비스(주),affiliate_addr,,충북 청주시 흥덕구 산단로 244,R3_사명교차전파
9394,충청에너지서비스(주),affiliate_region,,충북,R3_사명교차전파
9404,현대파텍스(주),affiliate_addr,,충남 서산시 지곡면 무장길 29,R3_사명교차전파
9404,현대파텍스(주),affiliate_region,,충남,R3_사명교차전파
9405,동원로엑스인천(주),affiliate_addr,,인천광역시 서구 북항로 309번길 84,R3_사명교차전파
9405,동원로엑스인천(주),affiliate_region,,인천,R3_사명교차전파
9406,동원로엑스인천(주),affiliate_addr,,인천광역시 서구 북항로 309번길 84,R3_사명교차전파
9406,동원로엑스인천(주),affiliate_region,,인천,R3_사명교차전파
9407,내트럭(주),affiliate_addr,,서울시 중구 삼일대로 363,R3_사명교차전파
9407,내트럭(주),affiliate_region,,서울,R3_사명교차전파
9408,현대파텍스(주),affiliate_addr,,충남 서산시 지곡면 무장길 29,R3_사명교차전파
9408,현대파텍스(주),affiliate_region,,충남,R3_사명교차전파
9409,동원로엑스인천(주),affiliate_addr,,인천광역시 서구 북항로 309번길 84,R3_사명교차전파
9409,동원로엑스인천(주),affiliate_region,,인천,R3_사명교차전파
9410,내트럭(주),affiliate_addr,,서울시 중구 삼일대로 363,R3_사명교차전파
9410,내트럭(주),affiliate_region,,서울,R3_사명교차전파
9411,내트럭(주),affiliate_addr,,서울시 중구 삼일대로 363,R3_사명교차전파
9411,내트럭(주),affiliate_region,,서울,R3_사명교차전파
9412,내트럭(주),affiliate_addr,,서울시 중구 삼일대로 363,R3_사명교차전파
9412,내트럭(주),affiliate_region,,서울,R3_사명교차전파
9417,(주)진에어,affiliate_addr,,서울특별시 강서구 공항대로 453,R3_사명교차전파
9417,(주)진에어,affiliate_region,,서울,R3_사명교차전파
9418,(주)왕산레저개발,affiliate_addr,,인천광역시 중구 왕산마리나길 143,R3_사명교차전파
9418,(주)왕산레저개발,affiliate_region,,인천,R3_사명교차전파
9419,한진인천컨테이너터미널(주),affiliate_addr,,인천 연수구 인천신항대로 777,R3_사명교차전파
9419,한진인천컨테이너터미널(주),affiliate_region,,인천,R3_사명교차전파
9421,내트럭(주),affiliate_addr,,서울시 중구 삼일대로 363,R3_사명교차전파
9421,내트럭(주),affiliate_region,,서울,R3_사명교차전파
9422,내트럭(주),affiliate_addr,,서울시 중구 삼일대로 363,R3_사명교차전파
9422,내트럭(주),affiliate_region,,서울,R3_사명교차전파
9423,(주)웅진북센,affiliate_addr,,경기도 파주시 교하읍 문발리,R3_사명교차전파
9423,(주)웅진북센,affiliate_region,,경기,R3_사명교차전파
9425,(주)웅진씽크빅,affiliate_addr,,경기도 파주시 회동길,R3_사명교차전파
9425,(주)웅진씽크빅,affiliate_region,,경기,R3_사명교차전파
9427,내트럭(주),affiliate_addr,,서울시 중구 삼일대로 363,R3_사명교차전파
9427,내트럭(주),affiliate_region,,서울,R3_사명교차전파
9430,내트럭(주),affiliate_addr,,서울시 중구 삼일대로 363,R3_사명교차전파
9430,내트럭(주),affiliate_region,,서울,R3_사명교차전파
9432,(주)매그너스홀딩스,affiliate_addr,,서울특별시 성북구 보문로 35,R3_사명교차전파
9432,(주)매그너스홀딩스,affiliate_region,,서울,R3_사명교차전파
9434,현대파텍스(주),affiliate_addr,,충남 서산시 지곡면 무장길 29,R3_사명교차전파
9434,현대파텍스(주),affiliate_region,,충남,R3_사명교차전파
9436,(주)동원에프앤비,affiliate_addr,,서울특별시 서초구 마방로 68,R3_사명교차전파
9436,(주)동원에프앤비,affiliate_region,,서울,R3_사명교차전파
9438,동원팜스(주),affiliate_addr,,충청남도 논산시 가야곡면 동안로 1281,R3_사명교차전파
9438,동원팜스(주),affiliate_region,,충남,R3_사명교차전파
9440,동원로엑스(주),affiliate_addr,,서울 서초구 마방로68(양재동) 동원산업빌딩,R3_사명교차전파
9440,동원로엑스(주),affiliate_region,,서울,R3_사명교차전파
9441,동원건설산업(주),affiliate_addr,,경기도 안양시 동안구 시민대로 327번길 7-512,R3_사명교차전파
9441,동원건설산업(주),affiliate_region,,경기,R3_사명교차전파
9442,동원시스템즈(주),affiliate_addr,,성남시 중원구 갈마치로 302,R3_사명교차전파
9442,동원시스템즈(주),affiliate_region,,충남,R3_사명교차전파
9443,(주)동원홈푸드,affiliate_addr,,서울특별시 서초구 마방로 68,R3_사명교차전파
9443,(주)동원홈푸드,affiliate_region,,서울,R3_사명교차전파
9444,동원로엑스냉장(주),affiliate_addr,,부산광역시 중구 중앙대로 70,R3_사명교차전파
9444,동원로엑스냉장(주),affiliate_region,,부산,R3_사명교차전파
9447,내트럭(주),affiliate_addr,,서울시 중구 삼일대로 363,R3_사명교차전파
9447,내트럭(주),affiliate_region,,서울,R3_사명교차전파
9449,내트럭(주),affiliate_addr,,서울시 중구 삼일대로 363,R3_사명교차전파
9449,내트럭(주),affiliate_region,,서울,R3_사명교차전파
9450,내트럭(주),affiliate_addr,,서울시 중구 삼일대로 363,R3_사명교차전파
9450,내트럭(주),affiliate_region,,서울,R3_사명교차전파
9452,현대파텍스(주),affiliate_addr,,충남 서산시 지곡면 무장길 29,R3_사명교차전파
9452,현대파텍스(주),affiliate_region,,충남,R3_사명교차전파
9454,동원로엑스인천(주),affiliate_addr,,인천광역시 서구 북항로 309번길 84,R3_사명교차전파
9454,동원로엑스인천(주),affiliate_region,,인천,R3_사명교차전파
9455,내트럭(주),affiliate_addr,,서울시 중구 삼일대로 363,R3_사명교차전파
9455,내트럭(주),affiliate_region,,서울,R3_사명교차전파
9457,동원로엑스인천(주),affiliate_addr,,인천광역시 서구 북항로 309번길 84,R3_사명교차전파
9457,동원로엑스인천(주),affiliate_region,,인천,R3_사명교차전파
9458,현대파텍스(주),affiliate_addr,,충남 서산시 지곡면 무장길 29,R3_사명교차전파
9458,현대파텍스(주),affiliate_region,,충남,R3_사명교차전파
9459,내트럭(주),affiliate_addr,,서울시 중구 삼일대로 363,R3_사명교차전파
9459,내트럭(주),affiliate_region,,서울,R3_사명교차전파
9462,내트럭(주),affiliate_addr,,서울시 중구 삼일대로 363,R3_사명교차전파
9462,내트럭(주),affiliate_region,,서울,R3_사명교차전파
9463,내트럭(주),affiliate_addr,,서울시 중구 삼일대로 363,R3_사명교차전파
9463,내트럭(주),affiliate_region,,서울,R3_사명교차전파
9464,현대파텍스(주),affiliate_addr,,충남 서산시 지곡면 무장길 29,R3_사명교차전파
9464,현대파텍스(주),affiliate_region,,충남,R3_사명교차전파
9466,내트럭(주),affiliate_addr,,서울시 중구 삼일대로 363,R3_사명교차전파
9466,내트럭(주),affiliate_region,,서울,R3_사명교차전파
9467,내트럭(주),affiliate_addr,,서울시 중구 삼일대로 363,R3_사명교차전파
9467,내트럭(주),affiliate_region,,서울,R3_사명교차전파
9468,내트럭(주),affiliate_addr,,서울시 중구 삼일대로 363,R3_사명교차전파
9468,내트럭(주),affiliate_region,,서울,R3_사명교차전파
9472,내트럭(주),affiliate_addr,,서울시 중구 삼일대로 363,R3_사명교차전파
9472,내트럭(주),affiliate_region,,서울,R3_사명교차전파
9473,현대파텍스(주),affiliate_addr,,충남 서산시 지곡면 무장길 29,R3_사명교차전파
9473,현대파텍스(주),affiliate_region,,충남,R3_사명교차전파
9480,현대캐피탈(주),affiliate_addr,,서울특별시 중구 세종대로 14,R3_사명교차전파
9480,현대캐피탈(주),affiliate_region,,서울,R3_사명교차전파
9482,현대엔지니어링(주),affiliate_addr,,서울시 종로구,R3_사명교차전파
9482,현대엔지니어링(주),affiliate_region,,서울,R3_사명교차전파
9485,현대종합특수강(주),affiliate_addr,,경기도 안양시 동안구 시민대로 161,R3_사명교차전파
9485,현대종합특수강(주),affiliate_region,,경기,R3_사명교차전파
9487,(주)지아이티,affiliate_addr,,서울시 송파구 마천로87 지아이티빌딩,R3_사명교차전파
9487,(주)지아이티,affiliate_region,,서울,R3_사명교차전파
9491,현대에코에너지(주),affiliate_addr,,충남 서산시,R3_사명교차전파
9491,현대에코에너지(주),affiliate_region,,충남,R3_사명교차전파
9493,현대로템(주),affiliate_addr,,경남 창원시 의창구 창원대로 488,R3_사명교차전파
9493,현대로템(주),affiliate_region,,경남,R3_사명교차전파
9494,현대파텍스(주),affiliate_addr,,충남 서산시 지곡면 무장길 29,R3_사명교차전파
9494,현대파텍스(주),affiliate_region,,충남,R3_사명교차전파
9496,동원로엑스인천(주),affiliate_addr,,인천광역시 서구 북항로 309번길 84,R3_사명교차전파
9496,동원로엑스인천(주),affiliate_region,,인천,R3_사명교차전파
9499,내트럭(주),affiliate_addr,,서울시 중구 삼일대로 363,R3_사명교차전파
9499,내트럭(주),affiliate_region,,서울,R3_사명교차전파
9500,현대파텍스(주),affiliate_addr,,충남 서산시 지곡면 무장길 29,R3_사명교차전파
9500,현대파텍스(주),affiliate_region,,충남,R3_사명교차전파
9501,내트럭(주),affiliate_addr,,서울시 중구 삼일대로 363,R3_사명교차전파
9501,내트럭(주),affiliate_region,,서울,R3_사명교차전파
9502,내트럭(주),affiliate_addr,,서울시 중구 삼일대로 363,R3_사명교차전파
9502,내트럭(주),affiliate_region,,서울,R3_사명교차전파
9503,내트럭(주),affiliate_addr,,서울시 중구 삼일대로 363,R3_사명교차전파
9503,내트럭(주),affiliate_region,,서울,R3_사명교차전파
9504,내트럭(주),affiliate_addr,,서울시 중구 삼일대로 363,R3_사명교차전파
9504,내트럭(주),affiliate_region,,서울,R3_사명교차전파
9505,동원로엑스인천(주),affiliate_addr,,인천광역시 서구 북항로 309번길 84,R3_사명교차전파
9505,동원로엑스인천(주),affiliate_region,,인천,R3_사명교차전파
9506,내트럭(주),affiliate_addr,,서울시 중구 삼일대로 363,R3_사명교차전파
9506,내트럭(주),affiliate_region,,서울,R3_사명교차전파
9507,현대파텍스(주),affiliate_addr,,충남 서산시 지곡면 무장길 29,R3_사명교차전파
9507,현대파텍스(주),affiliate_region,,충남,R3_사명교차전파
9510,내트럭(주),affiliate_addr,,서울시 중구 삼일대로 363,R3_사명교차전파
9510,내트럭(주),affiliate_region,,서울,R3_사명교차전파
9511,내트럭(주),affiliate_addr,,서울시 중구 삼일대로 363,R3_사명교차전파
9511,내트럭(주),affiliate_region,,서울,R3_사명교차전파
11980,현대캐피탈(주),affiliate_addr,,서울특별시 중구 세종대로 14,R3_사명교차전파
11980,현대캐피탈(주),affiliate_region,,서울,R3_사명교차전파
11981,현대캐피탈(주),affiliate_addr,,서울특별시 중구 세종대로 14,R3_사명교차전파
11981,현대캐피탈(주),affiliate_region,,서울,R3_사명교차전파
11982,현대캐피탈(주),affiliate_addr,,서울특별시 중구 세종대로 14,R3_사명교차전파
11982,현대캐피탈(주),affiliate_region,,서울,R3_사명교차전파
11983,현대캐피탈(주),affiliate_addr,,서울특별시 중구 세종대로 14,R3_사명교차전파
11983,현대캐피탈(주),affiliate_region,,서울,R3_사명교차전파
12100,(주)한국토지신탁,affiliate_addr,,서울시 강남구 테헤란로 137 코레이트타워 16~20층,R3_사명교차전파
12100,(주)한국토지신탁,affiliate_region,,서울,R3_사명교차전파
12101,(주)한국토지신탁,affiliate_addr,,서울시 강남구 테헤란로 137 코레이트타워 16~20층,R3_사명교차전파
12101,(주)한국토지신탁,affiliate_region,,서울,R3_사명교차전파
12102,(주)한국토지신탁,affiliate_addr,,서울시 강남구 테헤란로 137 코레이트타워 16~20층,R3_사명교차전파
12102,(주)한국토지신탁,affiliate_region,,서울,R3_사명교차전파
12103,(주)한국토지신탁,affiliate_addr,,서울시 강남구 테헤란로 137 코레이트타워 16~20층,R3_사명교차전파
12103,(주)한국토지신탁,affiliate_region,,서울,R3_사명교차전파
12104,(주)한국토지신탁,affiliate_addr,,서울시 강남구 테헤란로 137 코레이트타워 16~20층,R3_사명교차전파
12104,(주)한국토지신탁,affiliate_region,,서울,R3_사명교차전파
12105,(주)한국토지신탁,affiliate_addr,,서울시 강남구 테헤란로 137 코레이트타워 16~20층,R3_사명교차전파
12105,(주)한국토지신탁,affiliate_region,,서울,R3_사명교차전파
12106,(주)한국토지신탁,affiliate_addr,,서울시 강남구 테헤란로 137 코레이트타워 16~20층,R3_사명교차전파
12106,(주)한국토지신탁,affiliate_region,,서울,R3_사명교차전파
12107,(주)한국토지신탁,affiliate_addr,,서울시 강남구 테헤란로 137 코레이트타워 16~20층,R3_사명교차전파
12107,(주)한국토지신탁,affiliate_region,,서울,R3_사명교차전파
12108,(주)한국토지신탁,affiliate_addr,,서울시 강남구 테헤란로 137 코레이트타워 16~20층,R3_사명교차전파
12108,(주)한국토지신탁,affiliate_region,,서울,R3_사명교차전파
12109,(주)한국토지신탁,affiliate_addr,,서울시 강남구 테헤란로 137 코레이트타워 16~20층,R3_사명교차전파
12109,(주)한국토지신탁,affiliate_region,,서울,R3_사명교차전파
12110,(주)한국토지신탁,affiliate_addr,,서울시 강남구 테헤란로 137 코레이트타워 16~20층,R3_사명교차전파
12110,(주)한국토지신탁,affiliate_region,,서울,R3_사명교차전파
12111,(주)한국토지신탁,affiliate_addr,,서울시 강남구 테헤란로 137 코레이트타워 16~20층,R3_사명교차전파
12111,(주)한국토지신탁,affiliate_region,,서울,R3_사명교차전파
12112,(주)한국토지신탁,affiliate_addr,,서울시 강남구 테헤란로 137 코레이트타워 16~20층,R3_사명교차전파
12112,(주)한국토지신탁,affiliate_region,,서울,R3_사명교차전파
12135,씨제이씨지브이(주),affiliate_addr,,서울특별시 용산구 한강대로23길 55 아이파크몰 6층,R3_사명교차전파
12135,씨제이씨지브이(주),affiliate_region,,서울,R3_사명교차전파
12136,씨제이씨지브이(주),affiliate_addr,,서울특별시 용산구 한강대로23길 55 아이파크몰 6층,R3_사명교차전파
12136,씨제이씨지브이(주),affiliate_region,,서울,R3_사명교차전파
12137,씨제이씨지브이(주),affiliate_addr,,서울특별시 용산구 한강대로23길 55 아이파크몰 6층,R3_사명교차전파
12137,씨제이씨지브이(주),affiliate_region,,서울,R3_사명교차전파
12138,씨제이씨지브이(주),affiliate_addr,,서울특별시 용산구 한강대로23길 55 아이파크몰 6층,R3_사명교차전파
12138,씨제이씨지브이(주),affiliate_region,,서울,R3_사명교차전파
12139,씨제이씨지브이(주),affiliate_addr,,서울특별시 용산구 한강대로23길 55 아이파크몰 6층,R3_사명교차전파
12139,씨제이씨지브이(주),affiliate_region,,서울,R3_사명교차전파
12685,(주)삼양사,affiliate_addr,,서울특별시 종로구 종로33길 31,R3_사명교차전파
12685,(주)삼양사,affiliate_region,,서울,R3_사명교차전파
12686,(주)삼양사,affiliate_addr,,서울특별시 종로구 종로33길 31,R3_사명교차전파
12686,(주)삼양사,affiliate_region,,서울,R3_사명교차전파
12687,(주)삼양사,affiliate_addr,,서울특별시 종로구 종로33길 31,R3_사명교차전파
12687,(주)삼양사,affiliate_region,,서울,R3_사명교차전파
12748,아세아시멘트(주),affiliate_addr,,서울시 강남구 논현로 430,R3_사명교차전파
12748,아세아시멘트(주),affiliate_region,,서울,R3_사명교차전파
12749,아세아시멘트(주),affiliate_addr,,서울시 강남구 논현로 430,R3_사명교차전파
12749,아세아시멘트(주),affiliate_region,,서울,R3_사명교차전파
12750,아세아시멘트(주),affiliate_addr,,서울시 강남구 논현로 430,R3_사명교차전파
12750,아세아시멘트(주),affiliate_region,,서울,R3_사명교차전파
12751,아세아시멘트(주),affiliate_addr,,서울시 강남구 논현로 430,R3_사명교차전파
12751,아세아시멘트(주),affiliate_region,,서울,R3_사명교차전파
12752,아세아시멘트(주),affiliate_addr,,서울시 강남구 논현로 430,R3_사명교차전파
12752,아세아시멘트(주),affiliate_region,,서울,R3_사명교차전파
12753,아세아시멘트(주),affiliate_addr,,서울시 강남구 논현로 430,R3_사명교차전파
12753,아세아시멘트(주),affiliate_region,,서울,R3_사명교차전파
12754,아세아시멘트(주),affiliate_addr,,서울시 강남구 논현로 430,R3_사명교차전파
12754,아세아시멘트(주),affiliate_region,,서울,R3_사명교차전파
12760,일동제약(주),affiliate_addr,,서울특별시 서초구 바우뫼로 27길 2,R3_사명교차전파
12760,일동제약(주),affiliate_region,,서울,R3_사명교차전파
12761,일동제약(주),affiliate_addr,,서울특별시 서초구 바우뫼로 27길 2,R3_사명교차전파
12761,일동제약(주),affiliate_region,,서울,R3_사명교차전파
12762,일동제약(주),affiliate_addr,,서울특별시 서초구 바우뫼로 27길 2,R3_사명교차전파
12762,일동제약(주),affiliate_region,,서울,R3_사명교차전파
12877,이건산업(주),affiliate_addr,,인천광역시 미추홀구 염전로 91,R3_사명교차전파
12877,이건산업(주),affiliate_region,,인천,R3_사명교차전파
12907,SK네트웍스(주),affiliate_addr,,경기도 수원시 장안구 경수대로 795,R3_사명교차전파
12907,SK네트웍스(주),affiliate_region,,경기,R3_사명교차전파
12908,SK네트웍스(주),affiliate_addr,,경기도 수원시 장안구 경수대로 795,R3_사명교차전파
12908,SK네트웍스(주),affiliate_region,,경기,R3_사명교차전파
12909,SK네트웍스(주),affiliate_addr,,경기도 수원시 장안구 경수대로 795,R3_사명교차전파
12909,SK네트웍스(주),affiliate_region,,경기,R3_사명교차전파
12910,SK네트웍스(주),affiliate_addr,,경기도 수원시 장안구 경수대로 795,R3_사명교차전파
12910,SK네트웍스(주),affiliate_region,,경기,R3_사명교차전파
12911,SK네트웍스(주),affiliate_addr,,경기도 수원시 장안구 경수대로 795,R3_사명교차전파
12911,SK네트웍스(주),affiliate_region,,경기,R3_사명교차전파
12912,SK네트웍스(주),affiliate_addr,,경기도 수원시 장안구 경수대로 795,R3_사명교차전파
12912,SK네트웍스(주),affiliate_region,,경기,R3_사명교차전파
12913,SK네트웍스(주),affiliate_addr,,경기도 수원시 장안구 경수대로 795,R3_사명교차전파
12913,SK네트웍스(주),affiliate_region,,경기,R3_사명교차전파
12914,SK네트웍스(주),affiliate_addr,,경기도 수원시 장안구 경수대로 795,R3_사명교차전파
12914,SK네트웍스(주),affiliate_region,,경기,R3_사명교차전파
12915,(주)대창,affiliate_addr,,경기도 시흥시 공단1대로 391,R3_사명교차전파
12915,(주)대창,affiliate_region,,경기,R3_사명교차전파
12916,(주)대창,affiliate_addr,,경기도 시흥시 공단1대로 391,R3_사명교차전파
12916,(주)대창,affiliate_region,,경기,R3_사명교차전파
12917,(주)대창,affiliate_addr,,경기도 시흥시 공단1대로 391,R3_사명교차전파
12917,(주)대창,affiliate_region,,경기,R3_사명교차전파
12978,(주)휴맥스,affiliate_addr,,경기도 용인시 처인구 영문로 2(유방동),R3_사명교차전파
12978,(주)휴맥스,affiliate_region,,경기,R3_사명교차전파
13004,서울바이오시스(주),affiliate_addr,,경기도 안산시 단원구 원시동 727-51블럭 36,R3_사명교차전파
13004,서울바이오시스(주),affiliate_region,,경기,R3_사명교차전파
13013,(주)에코프로비엠,affiliate_addr,,충북 청주시 청원구 오창읍,R3_사명교차전파
13013,(주)에코프로비엠,affiliate_region,,충북,R3_사명교차전파
13014,에스와이스틸텍(주),affiliate_addr,,충북 충주시 엄정면,R3_사명교차전파
13014,에스와이스틸텍(주),affiliate_region,,충북,R3_사명교차전파
13015,에스와이스틸텍(주),affiliate_addr,,충북 충주시 엄정면,R3_사명교차전파
13015,에스와이스틸텍(주),affiliate_region,,충북,R3_사명교차전파
13016,에스와이스틸텍(주),affiliate_addr,,충북 충주시 엄정면,R3_사명교차전파
13016,에스와이스틸텍(주),affiliate_region,,충북,R3_사명교차전파
13024,해태제과식품(주),affiliate_addr,,충청남도 천안시,R3_사명교차전파
13024,해태제과식품(주),affiliate_region,,충남,R3_사명교차전파
13025,해태제과식품(주),affiliate_addr,,충청남도 천안시,R3_사명교차전파
13025,해태제과식품(주),affiliate_region,,충남,R3_사명교차전파
13266,(주)하림,affiliate_addr,,전북 익산시 망성면 망성로 14,R3_사명교차전파
13266,(주)하림,affiliate_region,,전북,R3_사명교차전파
13267,(주)하림,affiliate_addr,,전북 익산시 망성면 망성로 14,R3_사명교차전파
13267,(주)하림,affiliate_region,,전북,R3_사명교차전파
13268,두산퓨얼셀(주),affiliate_addr,,전라북도 익산시 석암로7길 100,R3_사명교차전파
13268,두산퓨얼셀(주),affiliate_region,,전북,R3_사명교차전파
13269,(주)제주항공,affiliate_addr,,제주특별자치도 제주시 신대로 64 (연동건설공제회관3층),R3_사명교차전파
13269,(주)제주항공,affiliate_region,,제주,R3_사명교차전파
13270,(주)제주항공,affiliate_addr,,제주특별자치도 제주시 신대로 64 (연동건설공제회관3층),R3_사명교차전파
13270,(주)제주항공,affiliate_region,,제주,R3_사명교차전파
13271,(주)제주항공,affiliate_addr,,제주특별자치도 제주시 신대로 64 (연동건설공제회관3층),R3_사명교차전파
13271,(주)제주항공,affiliate_region,,제주,R3_사명교차전파
13272,(주)제주항공,affiliate_addr,,제주특별자치도 제주시 신대로 64 (연동건설공제회관3층),R3_사명교차전파
13272,(주)제주항공,affiliate_region,,제주,R3_사명교차전파
13273,(주)한텍,affiliate_addr,,울산광역시 울주군 온산읍 연자로 51,R3_사명교차전파
13273,(주)한텍,affiliate_region,,울산,R3_사명교차전파
13274,(주)웅진씽크빅,affiliate_addr,,경기도 파주시 회동길,R3_사명교차전파
13274,(주)웅진씽크빅,affiliate_region,,경기,R3_사명교차전파
13275,(주)웅진씽크빅,affiliate_addr,,경기도 파주시 회동길,R3_사명교차전파
13275,(주)웅진씽크빅,affiliate_region,,경기,R3_사명교차전파
13276,(주)웅진씽크빅,affiliate_addr,,경기도 파주시 회동길,R3_사명교차전파
13276,(주)웅진씽크빅,affiliate_region,,경기,R3_사명교차전파
13644,(주)동원에프앤비,affiliate_addr,,서울특별시 서초구 마방로 68,R3_사명교차전파
13644,(주)동원에프앤비,affiliate_region,,서울,R3_사명교차전파
13645,(주)동원에프앤비,affiliate_addr,,서울특별시 서초구 마방로 68,R3_사명교차전파
13645,(주)동원에프앤비,affiliate_region,,서울,R3_사명교차전파
13646,(주)동원에프앤비,affiliate_addr,,서울특별시 서초구 마방로 68,R3_사명교차전파
13646,(주)동원에프앤비,affiliate_region,,서울,R3_사명교차전파
13649,대성산업(주),affiliate_addr,,서울시 구로구 경인로 662,R3_사명교차전파
13649,대성산업(주),affiliate_region,,서울,R3_사명교차전파
13650,대성산업(주),affiliate_addr,,서울시 구로구 경인로 662,R3_사명교차전파
13650,대성산업(주),affiliate_region,,서울,R3_사명교차전파
13651,대성산업(주),affiliate_addr,,서울시 구로구 경인로 662,R3_사명교차전파
13651,대성산업(주),affiliate_region,,서울,R3_사명교차전파
13652,대성산업(주),affiliate_addr,,서울시 구로구 경인로 662,R3_사명교차전파
13652,대성산업(주),affiliate_region,,서울,R3_사명교차전파
13653,대성산업(주),affiliate_addr,,서울시 구로구 경인로 662,R3_사명교차전파
13653,대성산업(주),affiliate_region,,서울,R3_사명교차전파
13654,대성산업(주),affiliate_addr,,서울시 구로구 경인로 662,R3_사명교차전파
13654,대성산업(주),affiliate_region,,서울,R3_사명교차전파
13655,대성산업(주),affiliate_addr,,서울시 구로구 경인로 662,R3_사명교차전파
13655,대성산업(주),affiliate_region,,서울,R3_사명교차전파
13656,대성산업(주),affiliate_addr,,서울시 구로구 경인로 662,R3_사명교차전파
13656,대성산업(주),affiliate_region,,서울,R3_사명교차전파
13657,대성산업(주),affiliate_addr,,서울시 구로구 경인로 662,R3_사명교차전파
13657,대성산업(주),affiliate_region,,서울,R3_사명교차전파
13658,대성산업(주),affiliate_addr,,서울시 구로구 경인로 662,R3_사명교차전파
13658,대성산업(주),affiliate_region,,서울,R3_사명교차전파
13659,대성산업(주),affiliate_addr,,서울시 구로구 경인로 662,R3_사명교차전파
13659,대성산업(주),affiliate_region,,서울,R3_사명교차전파
13660,대성산업(주),affiliate_addr,,서울시 구로구 경인로 662,R3_사명교차전파
13660,대성산업(주),affiliate_region,,서울,R3_사명교차전파
13661,대성산업(주),affiliate_addr,,서울시 구로구 경인로 662,R3_사명교차전파
13661,대성산업(주),affiliate_region,,서울,R3_사명교차전파
13662,대성산업(주),affiliate_addr,,서울시 구로구 경인로 662,R3_사명교차전파
13662,대성산업(주),affiliate_region,,서울,R3_사명교차전파
13663,매일유업(주),affiliate_addr,,서울특별시 종로구 종로1길 50,R3_사명교차전파
13663,매일유업(주),affiliate_region,,서울,R3_사명교차전파
13664,매일유업(주),affiliate_addr,,서울특별시 종로구 종로1길 50,R3_사명교차전파
13664,매일유업(주),affiliate_region,,서울,R3_사명교차전파
13685,(주)코리아써키트,affiliate_addr,,경기 안산시 단원구 강촌로 139번길 9,R3_사명교차전파
13685,(주)코리아써키트,affiliate_region,,경기,R3_사명교차전파
13686,(주)코리아써키트,affiliate_addr,,경기 안산시 단원구 강촌로 139번길 9,R3_사명교차전파
13686,(주)코리아써키트,affiliate_region,,경기,R3_사명교차전파
13687,(주)코리아써키트,affiliate_addr,,경기 안산시 단원구 강촌로 139번길 9,R3_사명교차전파
13687,(주)코리아써키트,affiliate_region,,경기,R3_사명교차전파
13692,에스퓨얼셀(주),affiliate_addr,,경기도 성남시,R3_사명교차전파
13692,에스퓨얼셀(주),affiliate_region,,경기,R3_사명교차전파
13725,씨제이프레시웨이(주),affiliate_addr,,경기도 용인시 기흥구 기곡로 32,R3_사명교차전파
13725,씨제이프레시웨이(주),affiliate_region,,경기,R3_사명교차전파
13726,씨제이프레시웨이(주),affiliate_addr,,경기도 용인시 기흥구 기곡로 32,R3_사명교차전파
13726,씨제이프레시웨이(주),affiliate_region,,경기,R3_사명교차전파
13727,씨제이프레시웨이(주),affiliate_addr,,경기도 용인시 기흥구 기곡로 32,R3_사명교차전파
13727,씨제이프레시웨이(주),affiliate_region,,경기,R3_사명교차전파
13731,현대로템(주),affiliate_addr,,경남 창원시 의창구 창원대로 488,R3_사명교차전파
13731,현대로템(주),affiliate_region,,경남,R3_사명교차전파
13732,현대로템(주),affiliate_addr,,경남 창원시 의창구 창원대로 488,R3_사명교차전파
13732,현대로템(주),affiliate_region,,경남,R3_사명교차전파
13733,현대로템(주),affiliate_addr,,경남 창원시 의창구 창원대로 488,R3_사명교차전파
13733,현대로템(주),affiliate_region,,경남,R3_사명교차전파
13734,현대로템(주),affiliate_addr,,경남 창원시 의창구 창원대로 488,R3_사명교차전파
13734,현대로템(주),affiliate_region,,경남,R3_사명교차전파
13735,현대로템(주),affiliate_addr,,경남 창원시 의창구 창원대로 488,R3_사명교차전파
13735,현대로템(주),affiliate_region,,경남,R3_사명교차전파
13736,현대로템(주),affiliate_addr,,경남 창원시 의창구 창원대로 488,R3_사명교차전파
13736,현대로템(주),affiliate_region,,경남,R3_사명교차전파
14007,금호피앤비화학(주),affiliate_addr,,전남 여수시 여수산단2로 218,R3_사명교차전파
14007,금호피앤비화학(주),affiliate_region,,전남,R3_사명교차전파
14028,(주)엔에스쇼핑,affiliate_addr,,경기 성남시 분당구 판교로 228번길 15,R3_사명교차전파
14028,(주)엔에스쇼핑,affiliate_region,,경기,R3_사명교차전파
14029,(주)엔에스쇼핑,affiliate_addr,,경기 성남시 분당구 판교로 228번길 15,R3_사명교차전파
14029,(주)엔에스쇼핑,affiliate_region,,경기,R3_사명교차전파
14030,(주)엔에스쇼핑,affiliate_addr,,경기 성남시 분당구 판교로 228번길 15,R3_사명교차전파
14030,(주)엔에스쇼핑,affiliate_region,,경기,R3_사명교차전파
14031,(주)엔에스쇼핑,affiliate_addr,,경기 성남시 분당구 판교로 228번길 15,R3_사명교차전파
14031,(주)엔에스쇼핑,affiliate_region,,경기,R3_사명교차전파
14032,(주)엔에스쇼핑,affiliate_addr,,경기 성남시 분당구 판교로 228번길 15,R3_사명교차전파
14032,(주)엔에스쇼핑,affiliate_region,,경기,R3_사명교차전파
14033,(주)엔에스쇼핑,affiliate_addr,,경기 성남시 분당구 판교로 228번길 15,R3_사명교차전파
14033,(주)엔에스쇼핑,affiliate_region,,경기,R3_사명교차전파
14075,롯데오토리스(주),affiliate_addr,,경기도 안양시 동안구 전파로 88 8층(호계동 신원비젼타워),R3_사명교차전파
14075,롯데오토리스(주),affiliate_region,,경기,R3_사명교차전파
14098,한국남부발전(주),affiliate_addr,,부산광역시 남구 문현금융로 40 부산국제금융센터,R3_사명교차전파
14098,한국남부발전(주),affiliate_region,,부산,R3_사명교차전파
14099,한국남부발전(주),affiliate_addr,,부산광역시 남구 문현금융로 40 부산국제금융센터,R3_사명교차전파
14099,한국남부발전(주),affiliate_region,,부산,R3_사명교차전파
14100,한국남부발전(주),affiliate_addr,,부산광역시 남구 문현금융로 40 부산국제금융센터,R3_사명교차전파
14100,한국남부발전(주),affiliate_region,,부산,R3_사명교차전파
14101,한국남부발전(주),affiliate_addr,,부산광역시 남구 문현금융로 40 부산국제금융센터,R3_사명교차전파
14101,한국남부발전(주),affiliate_region,,부산,R3_사명교차전파
14286,고려산업(주),affiliate_addr,,부산광역시 중구 중앙대로 22 (중앙동6가),R3_사명교차전파
14286,고려산업(주),affiliate_region,,부산,R3_사명교차전파
14287,고려산업(주),affiliate_addr,,부산광역시 중구 중앙대로 22 (중앙동6가),R3_사명교차전파
14287,고려산업(주),affiliate_region,,부산,R3_사명교차전파
14288,고려산업(주),affiliate_addr,,부산광역시 중구 중앙대로 22 (중앙동6가),R3_사명교차전파
14288,고려산업(주),affiliate_region,,부산,R3_사명교차전파
14289,고려산업(주),affiliate_addr,,부산광역시 중구 중앙대로 22 (중앙동6가),R3_사명교차전파
14289,고려산업(주),affiliate_region,,부산,R3_사명교차전파
14290,고려산업(주),affiliate_addr,,부산광역시 중구 중앙대로 22 (중앙동6가),R3_사명교차전파
14290,고려산업(주),affiliate_region,,부산,R3_사명교차전파
14291,고려산업(주),affiliate_addr,,부산광역시 중구 중앙대로 22 (중앙동6가),R3_사명교차전파
14291,고려산업(주),affiliate_region,,부산,R3_사명교차전파
14410,(주)세아제강,affiliate_addr,,서울 마포구,R3_사명교차전파
14410,(주)세아제강,affiliate_region,,서울,R3_사명교차전파
14411,(주)세아제강,affiliate_addr,,서울 마포구,R3_사명교차전파
14411,(주)세아제강,affiliate_region,,서울,R3_사명교차전파
14427,(주)노루페인트,affiliate_addr,,경기도 안양시 만안구 박달로 351,R3_사명교차전파
14427,(주)노루페인트,affiliate_region,,경기,R3_사명교차전파
14450,(주)케이에스피,affiliate_addr,,부산 강서구 녹산산업북로 147 (송정동),R3_사명교차전파
14450,(주)케이에스피,affiliate_region,,부산,R3_사명교차전파
14542,미래에셋벤처투자(주),affiliate_addr,,경기도 성남시 분당구 판교역 로 241번길 20 지하1층 (삼평동 미래에셋벤처타워빌 딩),R3_사명교차전파
14542,미래에셋벤처투자(주),affiliate_region,,경기,R3_사명교차전파
14543,미래에셋벤처투자(주),affiliate_addr,,경기도 성남시 분당구 판교역 로 241번길 20 지하1층 (삼평동 미래에셋벤처타워빌 딩),R3_사명교차전파
14543,미래에셋벤처투자(주),affiliate_region,,경기,R3_사명교차전파
14544,미래에셋벤처투자(주),affiliate_addr,,경기도 성남시 분당구 판교역 로 241번길 20 지하1층 (삼평동 미래에셋벤처타워빌 딩),R3_사명교차전파
14544,미래에셋벤처투자(주),affiliate_region,,경기,R3_사명교차전파
14545,미래에셋벤처투자(주),affiliate_addr,,경기도 성남시 분당구 판교역 로 241번길 20 지하1층 (삼평동 미래에셋벤처타워빌 딩),R3_사명교차전파
14545,미래에셋벤처투자(주),affiliate_region,,경기,R3_사명교차전파
14546,미래에셋벤처투자(주),affiliate_addr,,경기도 성남시 분당구 판교역 로 241번길 20 지하1층 (삼평동 미래에셋벤처타워빌 딩),R3_사명교차전파
14546,미래에셋벤처투자(주),affiliate_region,,경기,R3_사명교차전파
14547,미래에셋벤처투자(주),affiliate_addr,,경기도 성남시 분당구 판교역 로 241번길 20 지하1층 (삼평동 미래에셋벤처타워빌 딩),R3_사명교차전파
14547,미래에셋벤처투자(주),affiliate_region,,경기,R3_사명교차전파
14548,미래에셋벤처투자(주),affiliate_addr,,경기도 성남시 분당구 판교역 로 241번길 20 지하1층 (삼평동 미래에셋벤처타워빌 딩),R3_사명교차전파
14548,미래에셋벤처투자(주),affiliate_region,,경기,R3_사명교차전파
14549,미래에셋벤처투자(주),affiliate_addr,,경기도 성남시 분당구 판교역 로 241번길 20 지하1층 (삼평동 미래에셋벤처타워빌 딩),R3_사명교차전파
14549,미래에셋벤처투자(주),affiliate_region,,경기,R3_사명교차전파
14550,미래에셋벤처투자(주),affiliate_addr,,경기도 성남시 분당구 판교역 로 241번길 20 지하1층 (삼평동 미래에셋벤처타워빌 딩),R3_사명교차전파
14550,미래에셋벤처투자(주),affiliate_region,,경기,R3_사명교차전파
14551,미래에셋벤처투자(주),affiliate_addr,,경기도 성남시 분당구 판교역 로 241번길 20 지하1층 (삼평동 미래에셋벤처타워빌 딩),R3_사명교차전파
14551,미래에셋벤처투자(주),affiliate_region,,경기,R3_사명교차전파
14552,미래에셋벤처투자(주),affiliate_addr,,경기도 성남시 분당구 판교역 로 241번길 20 지하1층 (삼평동 미래에셋벤처타워빌 딩),R3_사명교차전파
14552,미래에셋벤처투자(주),affiliate_region,,경기,R3_사명교차전파
14553,미래에셋벤처투자(주),affiliate_addr,,경기도 성남시 분당구 판교역 로 241번길 20 지하1층 (삼평동 미래에셋벤처타워빌 딩),R3_사명교차전파
14553,미래에셋벤처투자(주),affiliate_region,,경기,R3_사명교차전파
14554,미래에셋벤처투자(주),affiliate_addr,,경기도 성남시 분당구 판교역 로 241번길 20 지하1층 (삼평동 미래에셋벤처타워빌 딩),R3_사명교차전파
14554,미래에셋벤처투자(주),affiliate_region,,경기,R3_사명교차전파
14555,미래에셋벤처투자(주),affiliate_addr,,경기도 성남시 분당구 판교역 로 241번길 20 지하1층 (삼평동 미래에셋벤처타워빌 딩),R3_사명교차전파
14555,미래에셋벤처투자(주),affiliate_region,,경기,R3_사명교차전파
14556,미래에셋벤처투자(주),affiliate_addr,,경기도 성남시 분당구 판교역 로 241번길 20 지하1층 (삼평동 미래에셋벤처타워빌 딩),R3_사명교차전파
14556,미래에셋벤처투자(주),affiliate_region,,경기,R3_사명교차전파
14557,미래에셋벤처투자(주),affiliate_addr,,경기도 성남시 분당구 판교역 로 241번길 20 지하1층 (삼평동 미래에셋벤처타워빌 딩),R3_사명교차전파
14557,미래에셋벤처투자(주),affiliate_region,,경기,R3_사명교차전파
14558,미래에셋벤처투자(주),affiliate_addr,,경기도 성남시 분당구 판교역 로 241번길 20 지하1층 (삼평동 미래에셋벤처타워빌 딩),R3_사명교차전파
14558,미래에셋벤처투자(주),affiliate_region,,경기,R3_사명교차전파
14559,미래에셋벤처투자(주),affiliate_addr,,경기도 성남시 분당구 판교역 로 241번길 20 지하1층 (삼평동 미래에셋벤처타워빌 딩),R3_사명교차전파
14559,미래에셋벤처투자(주),affiliate_region,,경기,R3_사명교차전파
14560,미래에셋벤처투자(주),affiliate_addr,,경기도 성남시 분당구 판교역 로 241번길 20 지하1층 (삼평동 미래에셋벤처타워빌 딩),R3_사명교차전파
14560,미래에셋벤처투자(주),affiliate_region,,경기,R3_사명교차전파
14561,미래에셋벤처투자(주),affiliate_addr,,경기도 성남시 분당구 판교역 로 241번길 20 지하1층 (삼평동 미래에셋벤처타워빌 딩),R3_사명교차전파
14561,미래에셋벤처투자(주),affiliate_region,,경기,R3_사명교차전파
14562,미래에셋벤처투자(주),affiliate_addr,,경기도 성남시 분당구 판교역 로 241번길 20 지하1층 (삼평동 미래에셋벤처타워빌 딩),R3_사명교차전파
14562,미래에셋벤처투자(주),affiliate_region,,경기,R3_사명교차전파
14563,미래에셋벤처투자(주),affiliate_addr,,경기도 성남시 분당구 판교역 로 241번길 20 지하1층 (삼평동 미래에셋벤처타워빌 딩),R3_사명교차전파
14563,미래에셋벤처투자(주),affiliate_region,,경기,R3_사명교차전파
14564,미래에셋벤처투자(주),affiliate_addr,,경기도 성남시 분당구 판교역 로 241번길 20 지하1층 (삼평동 미래에셋벤처타워빌 딩),R3_사명교차전파
14564,미래에셋벤처투자(주),affiliate_region,,경기,R3_사명교차전파
14565,미래에셋벤처투자(주),affiliate_addr,,경기도 성남시 분당구 판교역 로 241번길 20 지하1층 (삼평동 미래에셋벤처타워빌 딩),R3_사명교차전파
14565,미래에셋벤처투자(주),affiliate_region,,경기,R3_사명교차전파
14566,미래에셋벤처투자(주),affiliate_addr,,경기도 성남시 분당구 판교역 로 241번길 20 지하1층 (삼평동 미래에셋벤처타워빌 딩),R3_사명교차전파
14566,미래에셋벤처투자(주),affiliate_region,,경기,R3_사명교차전파
14567,미래에셋벤처투자(주),affiliate_addr,,경기도 성남시 분당구 판교역 로 241번길 20 지하1층 (삼평동 미래에셋벤처타워빌 딩),R3_사명교차전파
14567,미래에셋벤처투자(주),affiliate_region,,경기,R3_사명교차전파
14568,미래에셋벤처투자(주),affiliate_addr,,경기도 성남시 분당구 판교역 로 241번길 20 지하1층 (삼평동 미래에셋벤처타워빌 딩),R3_사명교차전파
14568,미래에셋벤처투자(주),affiliate_region,,경기,R3_사명교차전파
14569,미래에셋벤처투자(주),affiliate_addr,,경기도 성남시 분당구 판교역 로 241번길 20 지하1층 (삼평동 미래에셋벤처타워빌 딩),R3_사명교차전파
14569,미래에셋벤처투자(주),affiliate_region,,경기,R3_사명교차전파
14570,미래에셋벤처투자(주),affiliate_addr,,경기도 성남시 분당구 판교역 로 241번길 20 지하1층 (삼평동 미래에셋벤처타워빌 딩),R3_사명교차전파
14570,미래에셋벤처투자(주),affiliate_region,,경기,R3_사명교차전파
14571,미래에셋벤처투자(주),affiliate_addr,,경기도 성남시 분당구 판교역 로 241번길 20 지하1층 (삼평동 미래에셋벤처타워빌 딩),R3_사명교차전파
14571,미래에셋벤처투자(주),affiliate_region,,경기,R3_사명교차전파
14572,미래에셋벤처투자(주),affiliate_addr,,경기도 성남시 분당구 판교역 로 241번길 20 지하1층 (삼평동 미래에셋벤처타워빌 딩),R3_사명교차전파
14572,미래에셋벤처투자(주),affiliate_region,,경기,R3_사명교차전파
14583,(주)삼양패키징,affiliate_addr,,서울시 종로구 종로 33길 31,R3_사명교차전파
14583,(주)삼양패키징,affiliate_region,,서울,R3_사명교차전파
14586,(주)신세계디에프,affiliate_addr,,서울시 중구 퇴계로 77,R3_사명교차전파
14586,(주)신세계디에프,affiliate_region,,서울,R3_사명교차전파
14587,(주)신세계디에프,affiliate_addr,,서울시 중구 퇴계로 77,R3_사명교차전파
14587,(주)신세계디에프,affiliate_region,,서울,R3_사명교차전파
14592,(주)마니커,affiliate_addr,,용인,R3_사명교차전파
14593,하나머티리얼즈(주),affiliate_addr,,충남 천안시 서북구 3공단 3로 42,R3_사명교차전파
14593,하나머티리얼즈(주),affiliate_region,,충남,R3_사명교차전파
14594,하나머티리얼즈(주),affiliate_addr,,충남 천안시 서북구 3공단 3로 42,R3_사명교차전파
14594,하나머티리얼즈(주),affiliate_region,,충남,R3_사명교차전파
14596,무림P&P(주),affiliate_addr,,울산광역시 울주군,R3_사명교차전파
14596,무림P&P(주),affiliate_region,,울산,R3_사명교차전파
14844,(주)현대홈쇼핑,affiliate_addr,,ㆍ서울특별시 강동구 올림픽로70길 34,R3_사명교차전파
14844,(주)현대홈쇼핑,affiliate_region,,서울,R3_사명교차전파
14845,(주)현대홈쇼핑,affiliate_addr,,ㆍ서울특별시 강동구 올림픽로70길 34,R3_사명교차전파
14845,(주)현대홈쇼핑,affiliate_region,,서울,R3_사명교차전파
14846,(주)현대홈쇼핑,affiliate_addr,,ㆍ서울특별시 강동구 올림픽로70길 34,R3_사명교차전파
14846,(주)현대홈쇼핑,affiliate_region,,서울,R3_사명교차전파
14847,(주)현대홈쇼핑,affiliate_addr,,ㆍ서울특별시 강동구 올림픽로70길 34,R3_사명교차전파
14847,(주)현대홈쇼핑,affiliate_region,,서울,R3_사명교차전파
14848,(주)현대홈쇼핑,affiliate_addr,,ㆍ서울특별시 강동구 올림픽로70길 34,R3_사명교차전파
14848,(주)현대홈쇼핑,affiliate_region,,서울,R3_사명교차전파
14884,(주)정다운,affiliate_addr,,나주,R3_사명교차전파
14885,(주)정다운,affiliate_addr,,나주,R3_사명교차전파
14892,가온전선(주),affiliate_addr,,경기도 군포시 엘에스로 45번길 120,R3_사명교차전파
14892,가온전선(주),affiliate_region,,경기,R3_사명교차전파
14893,가온전선(주),affiliate_addr,,경기도 군포시 엘에스로 45번길 120,R3_사명교차전파
14893,가온전선(주),affiliate_region,,경기,R3_사명교차전파
14894,가온전선(주),affiliate_addr,,경기도 군포시 엘에스로 45번길 120,R3_사명교차전파
14894,가온전선(주),affiliate_region,,경기,R3_사명교차전파
14895,가온전선(주),affiliate_addr,,경기도 군포시 엘에스로 45번길 120,R3_사명교차전파
14895,가온전선(주),affiliate_region,,경기,R3_사명교차전파
14896,가온전선(주),affiliate_addr,,경기도 군포시 엘에스로 45번길 120,R3_사명교차전파
14896,가온전선(주),affiliate_region,,경기,R3_사명교차전파
14897,가온전선(주),affiliate_addr,,경기도 군포시 엘에스로 45번길 120,R3_사명교차전파
14897,가온전선(주),affiliate_region,,경기,R3_사명교차전파
14898,가온전선(주),affiliate_addr,,경기도 군포시 엘에스로 45번길 120,R3_사명교차전파
14898,가온전선(주),affiliate_region,,경기,R3_사명교차전파
14899,가온전선(주),affiliate_addr,,경기도 군포시 엘에스로 45번길 120,R3_사명교차전파
14899,가온전선(주),affiliate_region,,경기,R3_사명교차전파
14900,엘에스엠트론(주),affiliate_addr,,경기도 안양시 동안구 LS로 127,R3_사명교차전파
14900,엘에스엠트론(주),affiliate_region,,경기,R3_사명교차전파
14901,엘에스엠트론(주),affiliate_addr,,경기도 안양시 동안구 LS로 127,R3_사명교차전파
14901,엘에스엠트론(주),affiliate_region,,경기,R3_사명교차전파
14902,엘에스엠트론(주),affiliate_addr,,경기도 안양시 동안구 LS로 127,R3_사명교차전파
14902,엘에스엠트론(주),affiliate_region,,경기,R3_사명교차전파
14903,(주)녹십자엠에스,affiliate_addr,,경기도 용인시 기흥구 용구대로2469번길 15,R3_사명교차전파
14903,(주)녹십자엠에스,affiliate_region,,경기,R3_사명교차전파
14904,(주)녹십자웰빙,affiliate_addr,,서울시 성동구 왕십리로 241,R3_사명교차전파
14904,(주)녹십자웰빙,affiliate_region,,서울,R3_사명교차전파
14918,인터지스(주),affiliate_addr,,부산광역시 중구 충장대로 9번길 52 마린센터 13층,R3_사명교차전파
14918,인터지스(주),affiliate_region,,부산,R3_사명교차전파
14919,인터지스(주),affiliate_addr,,부산광역시 중구 충장대로 9번길 52 마린센터 13층,R3_사명교차전파
14919,인터지스(주),affiliate_region,,부산,R3_사명교차전파
14920,인터지스(주),affiliate_addr,,부산광역시 중구 충장대로 9번길 52 마린센터 13층,R3_사명교차전파
14920,인터지스(주),affiliate_region,,부산,R3_사명교차전파
14921,인터지스(주),affiliate_addr,,부산광역시 중구 충장대로 9번길 52 마린센터 13층,R3_사명교차전파
14921,인터지스(주),affiliate_region,,부산,R3_사명교차전파
14933,한화에어로스페이스(주),affiliate_addr,,경남 창원시 성산구 창원대로 1204 (성주동),R3_사명교차전파
14933,한화에어로스페이스(주),affiliate_region,,경남,R3_사명교차전파
14934,한화에어로스페이스(주),affiliate_addr,,경남 창원시 성산구 창원대로 1204 (성주동),R3_사명교차전파
14934,한화에어로스페이스(주),affiliate_region,,경남,R3_사명교차전파
14935,한화에어로스페이스(주),affiliate_addr,,경남 창원시 성산구 창원대로 1204 (성주동),R3_사명교차전파
14935,한화에어로스페이스(주),affiliate_region,,경남,R3_사명교차전파
14936,한화에어로스페이스(주),affiliate_addr,,경남 창원시 성산구 창원대로 1204 (성주동),R3_사명교차전파
14936,한화에어로스페이스(주),affiliate_region,,경남,R3_사명교차전파
14937,한화에어로스페이스(주),affiliate_addr,,경남 창원시 성산구 창원대로 1204 (성주동),R3_사명교차전파
14937,한화에어로스페이스(주),affiliate_region,,경남,R3_사명교차전파
14938,한화에어로스페이스(주),affiliate_addr,,경남 창원시 성산구 창원대로 1204 (성주동),R3_사명교차전파
14938,한화에어로스페이스(주),affiliate_region,,경남,R3_사명교차전파
14939,한화에어로스페이스(주),affiliate_addr,,경남 창원시 성산구 창원대로 1204 (성주동),R3_사명교차전파
14939,한화에어로스페이스(주),affiliate_region,,경남,R3_사명교차전파
14940,한화에어로스페이스(주),affiliate_addr,,경남 창원시 성산구 창원대로 1204 (성주동),R3_사명교차전파
14940,한화에어로스페이스(주),affiliate_region,,경남,R3_사명교차전파
14941,한화에어로스페이스(주),affiliate_addr,,경남 창원시 성산구 창원대로 1204 (성주동),R3_사명교차전파
14941,한화에어로스페이스(주),affiliate_region,,경남,R3_사명교차전파
14942,한화에어로스페이스(주),affiliate_addr,,경남 창원시 성산구 창원대로 1204 (성주동),R3_사명교차전파
14942,한화에어로스페이스(주),affiliate_region,,경남,R3_사명교차전파
14943,한화에어로스페이스(주),affiliate_addr,,경남 창원시 성산구 창원대로 1204 (성주동),R3_사명교차전파
14943,한화에어로스페이스(주),affiliate_region,,경남,R3_사명교차전파
14944,한화에어로스페이스(주),affiliate_addr,,경남 창원시 성산구 창원대로 1204 (성주동),R3_사명교차전파
14944,한화에어로스페이스(주),affiliate_region,,경남,R3_사명교차전파
14945,한화에어로스페이스(주),affiliate_addr,,경남 창원시 성산구 창원대로 1204 (성주동),R3_사명교차전파
14945,한화에어로스페이스(주),affiliate_region,,경남,R3_사명교차전파
14946,한화에어로스페이스(주),affiliate_addr,,경남 창원시 성산구 창원대로 1204 (성주동),R3_사명교차전파
14946,한화에어로스페이스(주),affiliate_region,,경남,R3_사명교차전파
14947,한화에어로스페이스(주),affiliate_addr,,경남 창원시 성산구 창원대로 1204 (성주동),R3_사명교차전파
14947,한화에어로스페이스(주),affiliate_region,,경남,R3_사명교차전파
14950,우리손에프앤지농업회사법인(주),affiliate_addr,,나주,R3_사명교차전파
14951,우리손에프앤지농업회사법인(주),affiliate_addr,,나주,R3_사명교차전파
14952,우리손에프앤지농업회사법인(주),affiliate_addr,,나주,R3_사명교차전파
14953,우리손에프앤지농업회사법인(주),affiliate_addr,,나주,R3_사명교차전파
14954,우리손에프앤지농업회사법인(주),affiliate_addr,,나주,R3_사명교차전파
14955,우리손에프앤지농업회사법인(주),affiliate_addr,,나주,R3_사명교차전파
14956,우리손에프앤지농업회사법인(주),affiliate_addr,,나주,R3_사명교차전파
14972,키움증권(주),affiliate_addr,,서울특별시 영등포구 의사당대로96,R3_사명교차전파
14972,키움증권(주),affiliate_region,,서울,R3_사명교차전파
14973,키움증권(주),affiliate_addr,,서울특별시 영등포구 의사당대로96,R3_사명교차전파
14973,키움증권(주),affiliate_region,,서울,R3_사명교차전파
14974,키움증권(주),affiliate_addr,,서울특별시 영등포구 의사당대로96,R3_사명교차전파
14974,키움증권(주),affiliate_region,,서울,R3_사명교차전파
14975,키움증권(주),affiliate_addr,,서울특별시 영등포구 의사당대로96,R3_사명교차전파
14975,키움증권(주),affiliate_region,,서울,R3_사명교차전파
14976,키움증권(주),affiliate_addr,,서울특별시 영등포구 의사당대로96,R3_사명교차전파
14976,키움증권(주),affiliate_region,,서울,R3_사명교차전파
14977,키움증권(주),affiliate_addr,,서울특별시 영등포구 의사당대로96,R3_사명교차전파
14977,키움증권(주),affiliate_region,,서울,R3_사명교차전파
14978,키움증권(주),affiliate_addr,,서울특별시 영등포구 의사당대로96,R3_사명교차전파
14978,키움증권(주),affiliate_region,,서울,R3_사명교차전파
14979,키움증권(주),affiliate_addr,,서울특별시 영등포구 의사당대로96,R3_사명교차전파
14979,키움증권(주),affiliate_region,,서울,R3_사명교차전파
14980,키움증권(주),affiliate_addr,,서울특별시 영등포구 의사당대로96,R3_사명교차전파
14980,키움증권(주),affiliate_region,,서울,R3_사명교차전파
14981,키움증권(주),affiliate_addr,,서울특별시 영등포구 의사당대로96,R3_사명교차전파
14981,키움증권(주),affiliate_region,,서울,R3_사명교차전파
14982,키움증권(주),affiliate_addr,,서울특별시 영등포구 의사당대로96,R3_사명교차전파
14982,키움증권(주),affiliate_region,,서울,R3_사명교차전파
14983,키움증권(주),affiliate_addr,,서울특별시 영등포구 의사당대로96,R3_사명교차전파
14983,키움증권(주),affiliate_region,,서울,R3_사명교차전파
14984,키움증권(주),affiliate_addr,,서울특별시 영등포구 의사당대로96,R3_사명교차전파
14984,키움증권(주),affiliate_region,,서울,R3_사명교차전파
14985,키움증권(주),affiliate_addr,,서울특별시 영등포구 의사당대로96,R3_사명교차전파
14985,키움증권(주),affiliate_region,,서울,R3_사명교차전파
14986,키움증권(주),affiliate_addr,,서울특별시 영등포구 의사당대로96,R3_사명교차전파
14986,키움증권(주),affiliate_region,,서울,R3_사명교차전파
14987,키움증권(주),affiliate_addr,,서울특별시 영등포구 의사당대로96,R3_사명교차전파
14987,키움증권(주),affiliate_region,,서울,R3_사명교차전파
14988,키움증권(주),affiliate_addr,,서울특별시 영등포구 의사당대로96,R3_사명교차전파
14988,키움증권(주),affiliate_region,,서울,R3_사명교차전파
14989,키움증권(주),affiliate_addr,,서울특별시 영등포구 의사당대로96,R3_사명교차전파
14989,키움증권(주),affiliate_region,,서울,R3_사명교차전파
14990,키움증권(주),affiliate_addr,,서울특별시 영등포구 의사당대로96,R3_사명교차전파
14990,키움증권(주),affiliate_region,,서울,R3_사명교차전파
14991,키움증권(주),affiliate_addr,,서울특별시 영등포구 의사당대로96,R3_사명교차전파
14991,키움증권(주),affiliate_region,,서울,R3_사명교차전파
14992,키움증권(주),affiliate_addr,,서울특별시 영등포구 의사당대로96,R3_사명교차전파
14992,키움증권(주),affiliate_region,,서울,R3_사명교차전파
14993,키움증권(주),affiliate_addr,,서울특별시 영등포구 의사당대로96,R3_사명교차전파
14993,키움증권(주),affiliate_region,,서울,R3_사명교차전파
14994,키움증권(주),affiliate_addr,,서울특별시 영등포구 의사당대로96,R3_사명교차전파
14994,키움증권(주),affiliate_region,,서울,R3_사명교차전파
14995,키움증권(주),affiliate_addr,,서울특별시 영등포구 의사당대로96,R3_사명교차전파
14995,키움증권(주),affiliate_region,,서울,R3_사명교차전파
14996,키움증권(주),affiliate_addr,,서울특별시 영등포구 의사당대로96,R3_사명교차전파
14996,키움증권(주),affiliate_region,,서울,R3_사명교차전파
14997,키움증권(주),affiliate_addr,,서울특별시 영등포구 의사당대로96,R3_사명교차전파
14997,키움증권(주),affiliate_region,,서울,R3_사명교차전파
14998,키움증권(주),affiliate_addr,,서울특별시 영등포구 의사당대로96,R3_사명교차전파
14998,키움증권(주),affiliate_region,,서울,R3_사명교차전파
14999,키움증권(주),affiliate_addr,,서울특별시 영등포구 의사당대로96,R3_사명교차전파
14999,키움증권(주),affiliate_region,,서울,R3_사명교차전파
15000,키움증권(주),affiliate_addr,,서울특별시 영등포구 의사당대로96,R3_사명교차전파
15000,키움증권(주),affiliate_region,,서울,R3_사명교차전파
15001,키움증권(주),affiliate_addr,,서울특별시 영등포구 의사당대로96,R3_사명교차전파
15001,키움증권(주),affiliate_region,,서울,R3_사명교차전파
15002,키움증권(주),affiliate_addr,,서울특별시 영등포구 의사당대로96,R3_사명교차전파
15002,키움증권(주),affiliate_region,,서울,R3_사명교차전파
15003,키움증권(주),affiliate_addr,,서울특별시 영등포구 의사당대로96,R3_사명교차전파
15003,키움증권(주),affiliate_region,,서울,R3_사명교차전파
15004,키움증권(주),affiliate_addr,,서울특별시 영등포구 의사당대로96,R3_사명교차전파
15004,키움증권(주),affiliate_region,,서울,R3_사명교차전파
15005,키움증권(주),affiliate_addr,,서울특별시 영등포구 의사당대로96,R3_사명교차전파
15005,키움증권(주),affiliate_region,,서울,R3_사명교차전파
15006,키움증권(주),affiliate_addr,,서울특별시 영등포구 의사당대로96,R3_사명교차전파
15006,키움증권(주),affiliate_region,,서울,R3_사명교차전파
15007,키움증권(주),affiliate_addr,,서울특별시 영등포구 의사당대로96,R3_사명교차전파
15007,키움증권(주),affiliate_region,,서울,R3_사명교차전파
15008,키움증권(주),affiliate_addr,,서울특별시 영등포구 의사당대로96,R3_사명교차전파
15008,키움증권(주),affiliate_region,,서울,R3_사명교차전파
15009,키움증권(주),affiliate_addr,,서울특별시 영등포구 의사당대로96,R3_사명교차전파
15009,키움증권(주),affiliate_region,,서울,R3_사명교차전파
15010,키움증권(주),affiliate_addr,,서울특별시 영등포구 의사당대로96,R3_사명교차전파
15010,키움증권(주),affiliate_region,,서울,R3_사명교차전파
15011,키움증권(주),affiliate_addr,,서울특별시 영등포구 의사당대로96,R3_사명교차전파
15011,키움증권(주),affiliate_region,,서울,R3_사명교차전파
15012,키움증권(주),affiliate_addr,,서울특별시 영등포구 의사당대로96,R3_사명교차전파
15012,키움증권(주),affiliate_region,,서울,R3_사명교차전파
15013,키움증권(주),affiliate_addr,,서울특별시 영등포구 의사당대로96,R3_사명교차전파
15013,키움증권(주),affiliate_region,,서울,R3_사명교차전파
15014,키움증권(주),affiliate_addr,,서울특별시 영등포구 의사당대로96,R3_사명교차전파
15014,키움증권(주),affiliate_region,,서울,R3_사명교차전파
15015,키움증권(주),affiliate_addr,,서울특별시 영등포구 의사당대로96,R3_사명교차전파
15015,키움증권(주),affiliate_region,,서울,R3_사명교차전파
15016,키움증권(주),affiliate_addr,,서울특별시 영등포구 의사당대로96,R3_사명교차전파
15016,키움증권(주),affiliate_region,,서울,R3_사명교차전파
15017,키움증권(주),affiliate_addr,,서울특별시 영등포구 의사당대로96,R3_사명교차전파
15017,키움증권(주),affiliate_region,,서울,R3_사명교차전파
15018,키움증권(주),affiliate_addr,,서울특별시 영등포구 의사당대로96,R3_사명교차전파
15018,키움증권(주),affiliate_region,,서울,R3_사명교차전파
15019,키움증권(주),affiliate_addr,,서울특별시 영등포구 의사당대로96,R3_사명교차전파
15019,키움증권(주),affiliate_region,,서울,R3_사명교차전파
15020,키움증권(주),affiliate_addr,,서울특별시 영등포구 의사당대로96,R3_사명교차전파
15020,키움증권(주),affiliate_region,,서울,R3_사명교차전파
15021,키움증권(주),affiliate_addr,,서울특별시 영등포구 의사당대로96,R3_사명교차전파
15021,키움증권(주),affiliate_region,,서울,R3_사명교차전파
15022,키움증권(주),affiliate_addr,,서울특별시 영등포구 의사당대로96,R3_사명교차전파
15022,키움증권(주),affiliate_region,,서울,R3_사명교차전파
15023,키움증권(주),affiliate_addr,,서울특별시 영등포구 의사당대로96,R3_사명교차전파
15023,키움증권(주),affiliate_region,,서울,R3_사명교차전파
15024,키움증권(주),affiliate_addr,,서울특별시 영등포구 의사당대로96,R3_사명교차전파
15024,키움증권(주),affiliate_region,,서울,R3_사명교차전파
15025,키움증권(주),affiliate_addr,,서울특별시 영등포구 의사당대로96,R3_사명교차전파
15025,키움증권(주),affiliate_region,,서울,R3_사명교차전파
15026,키움증권(주),affiliate_addr,,서울특별시 영등포구 의사당대로96,R3_사명교차전파
15026,키움증권(주),affiliate_region,,서울,R3_사명교차전파
15027,키움증권(주),affiliate_addr,,서울특별시 영등포구 의사당대로96,R3_사명교차전파
15027,키움증권(주),affiliate_region,,서울,R3_사명교차전파
15028,키움증권(주),affiliate_addr,,서울특별시 영등포구 의사당대로96,R3_사명교차전파
15028,키움증권(주),affiliate_region,,서울,R3_사명교차전파
15029,키움증권(주),affiliate_addr,,서울특별시 영등포구 의사당대로96,R3_사명교차전파
15029,키움증권(주),affiliate_region,,서울,R3_사명교차전파
15030,키움증권(주),affiliate_addr,,서울특별시 영등포구 의사당대로96,R3_사명교차전파
15030,키움증권(주),affiliate_region,,서울,R3_사명교차전파
15031,키움증권(주),affiliate_addr,,서울특별시 영등포구 의사당대로96,R3_사명교차전파
15031,키움증권(주),affiliate_region,,서울,R3_사명교차전파
15032,키움증권(주),affiliate_addr,,서울특별시 영등포구 의사당대로96,R3_사명교차전파
15032,키움증권(주),affiliate_region,,서울,R3_사명교차전파
15033,키움증권(주),affiliate_addr,,서울특별시 영등포구 의사당대로96,R3_사명교차전파
15033,키움증권(주),affiliate_region,,서울,R3_사명교차전파
15034,키움증권(주),affiliate_addr,,서울특별시 영등포구 의사당대로96,R3_사명교차전파
15034,키움증권(주),affiliate_region,,서울,R3_사명교차전파
15035,키움증권(주),affiliate_addr,,서울특별시 영등포구 의사당대로96,R3_사명교차전파
15035,키움증권(주),affiliate_region,,서울,R3_사명교차전파
15036,키움증권(주),affiliate_addr,,서울특별시 영등포구 의사당대로96,R3_사명교차전파
15036,키움증권(주),affiliate_region,,서울,R3_사명교차전파
15037,키움증권(주),affiliate_addr,,서울특별시 영등포구 의사당대로96,R3_사명교차전파
15037,키움증권(주),affiliate_region,,서울,R3_사명교차전파
15038,키움증권(주),affiliate_addr,,서울특별시 영등포구 의사당대로96,R3_사명교차전파
15038,키움증권(주),affiliate_region,,서울,R3_사명교차전파
15039,키움증권(주),affiliate_addr,,서울특별시 영등포구 의사당대로96,R3_사명교차전파
15039,키움증권(주),affiliate_region,,서울,R3_사명교차전파
15040,키움증권(주),affiliate_addr,,서울특별시 영등포구 의사당대로96,R3_사명교차전파
15040,키움증권(주),affiliate_region,,서울,R3_사명교차전파
15041,키움증권(주),affiliate_addr,,서울특별시 영등포구 의사당대로96,R3_사명교차전파
15041,키움증권(주),affiliate_region,,서울,R3_사명교차전파
15042,키움증권(주),affiliate_addr,,서울특별시 영등포구 의사당대로96,R3_사명교차전파
15042,키움증권(주),affiliate_region,,서울,R3_사명교차전파
15043,키움증권(주),affiliate_addr,,서울특별시 영등포구 의사당대로96,R3_사명교차전파
15043,키움증권(주),affiliate_region,,서울,R3_사명교차전파
15044,키움증권(주),affiliate_addr,,서울특별시 영등포구 의사당대로96,R3_사명교차전파
15044,키움증권(주),affiliate_region,,서울,R3_사명교차전파
15045,키움증권(주),affiliate_addr,,서울특별시 영등포구 의사당대로96,R3_사명교차전파
15045,키움증권(주),affiliate_region,,서울,R3_사명교차전파
15046,키움증권(주),affiliate_addr,,서울특별시 영등포구 의사당대로96,R3_사명교차전파
15046,키움증권(주),affiliate_region,,서울,R3_사명교차전파
15047,키움증권(주),affiliate_addr,,서울특별시 영등포구 의사당대로96,R3_사명교차전파
15047,키움증권(주),affiliate_region,,서울,R3_사명교차전파
15048,키움증권(주),affiliate_addr,,서울특별시 영등포구 의사당대로96,R3_사명교차전파
15048,키움증권(주),affiliate_region,,서울,R3_사명교차전파
15049,키움증권(주),affiliate_addr,,서울특별시 영등포구 의사당대로96,R3_사명교차전파
15049,키움증권(주),affiliate_region,,서울,R3_사명교차전파
15050,키움증권(주),affiliate_addr,,서울특별시 영등포구 의사당대로96,R3_사명교차전파
15050,키움증권(주),affiliate_region,,서울,R3_사명교차전파
15051,키움증권(주),affiliate_addr,,서울특별시 영등포구 의사당대로96,R3_사명교차전파
15051,키움증권(주),affiliate_region,,서울,R3_사명교차전파
15052,키움증권(주),affiliate_addr,,서울특별시 영등포구 의사당대로96,R3_사명교차전파
15052,키움증권(주),affiliate_region,,서울,R3_사명교차전파
15053,키움증권(주),affiliate_addr,,서울특별시 영등포구 의사당대로96,R3_사명교차전파
15053,키움증권(주),affiliate_region,,서울,R3_사명교차전파
15054,키움증권(주),affiliate_addr,,서울특별시 영등포구 의사당대로96,R3_사명교차전파
15054,키움증권(주),affiliate_region,,서울,R3_사명교차전파
15055,키움증권(주),affiliate_addr,,서울특별시 영등포구 의사당대로96,R3_사명교차전파
15055,키움증권(주),affiliate_region,,서울,R3_사명교차전파
15056,키움증권(주),affiliate_addr,,서울특별시 영등포구 의사당대로96,R3_사명교차전파
15056,키움증권(주),affiliate_region,,서울,R3_사명교차전파
15057,키움증권(주),affiliate_addr,,서울특별시 영등포구 의사당대로96,R3_사명교차전파
15057,키움증권(주),affiliate_region,,서울,R3_사명교차전파
15058,키움증권(주),affiliate_addr,,서울특별시 영등포구 의사당대로96,R3_사명교차전파
15058,키움증권(주),affiliate_region,,서울,R3_사명교차전파
15059,키움증권(주),affiliate_addr,,서울특별시 영등포구 의사당대로96,R3_사명교차전파
15059,키움증권(주),affiliate_region,,서울,R3_사명교차전파
15060,키움증권(주),affiliate_addr,,서울특별시 영등포구 의사당대로96,R3_사명교차전파
15060,키움증권(주),affiliate_region,,서울,R3_사명교차전파
15061,키움증권(주),affiliate_addr,,서울특별시 영등포구 의사당대로96,R3_사명교차전파
15061,키움증권(주),affiliate_region,,서울,R3_사명교차전파
15062,키움증권(주),affiliate_addr,,서울특별시 영등포구 의사당대로96,R3_사명교차전파
15062,키움증권(주),affiliate_region,,서울,R3_사명교차전파
15063,키움증권(주),affiliate_addr,,서울특별시 영등포구 의사당대로96,R3_사명교차전파
15063,키움증권(주),affiliate_region,,서울,R3_사명교차전파
15064,키움증권(주),affiliate_addr,,서울특별시 영등포구 의사당대로96,R3_사명교차전파
15064,키움증권(주),affiliate_region,,서울,R3_사명교차전파
15065,키움증권(주),affiliate_addr,,서울특별시 영등포구 의사당대로96,R3_사명교차전파
15065,키움증권(주),affiliate_region,,서울,R3_사명교차전파
15066,키움증권(주),affiliate_addr,,서울특별시 영등포구 의사당대로96,R3_사명교차전파
15066,키움증권(주),affiliate_region,,서울,R3_사명교차전파
15067,키움증권(주),affiliate_addr,,서울특별시 영등포구 의사당대로96,R3_사명교차전파
15067,키움증권(주),affiliate_region,,서울,R3_사명교차전파
15068,키움증권(주),affiliate_addr,,서울특별시 영등포구 의사당대로96,R3_사명교차전파
15068,키움증권(주),affiliate_region,,서울,R3_사명교차전파
15069,키움증권(주),affiliate_addr,,서울특별시 영등포구 의사당대로96,R3_사명교차전파
15069,키움증권(주),affiliate_region,,서울,R3_사명교차전파
15070,키움증권(주),affiliate_addr,,서울특별시 영등포구 의사당대로96,R3_사명교차전파
15070,키움증권(주),affiliate_region,,서울,R3_사명교차전파
15071,키움증권(주),affiliate_addr,,서울특별시 영등포구 의사당대로96,R3_사명교차전파
15071,키움증권(주),affiliate_region,,서울,R3_사명교차전파
15072,키움증권(주),affiliate_addr,,서울특별시 영등포구 의사당대로96,R3_사명교차전파
15072,키움증권(주),affiliate_region,,서울,R3_사명교차전파
15073,키움증권(주),affiliate_addr,,서울특별시 영등포구 의사당대로96,R3_사명교차전파
15073,키움증권(주),affiliate_region,,서울,R3_사명교차전파
15074,키움증권(주),affiliate_addr,,서울특별시 영등포구 의사당대로96,R3_사명교차전파
15074,키움증권(주),affiliate_region,,서울,R3_사명교차전파
15075,키움증권(주),affiliate_addr,,서울특별시 영등포구 의사당대로96,R3_사명교차전파
15075,키움증권(주),affiliate_region,,서울,R3_사명교차전파
15076,키움증권(주),affiliate_addr,,서울특별시 영등포구 의사당대로96,R3_사명교차전파
15076,키움증권(주),affiliate_region,,서울,R3_사명교차전파
15077,키움증권(주),affiliate_addr,,서울특별시 영등포구 의사당대로96,R3_사명교차전파
15077,키움증권(주),affiliate_region,,서울,R3_사명교차전파
15078,키움증권(주),affiliate_addr,,서울특별시 영등포구 의사당대로96,R3_사명교차전파
15078,키움증권(주),affiliate_region,,서울,R3_사명교차전파
15079,키움증권(주),affiliate_addr,,서울특별시 영등포구 의사당대로96,R3_사명교차전파
15079,키움증권(주),affiliate_region,,서울,R3_사명교차전파
15080,키움증권(주),affiliate_addr,,서울특별시 영등포구 의사당대로96,R3_사명교차전파
15080,키움증권(주),affiliate_region,,서울,R3_사명교차전파
15081,키움증권(주),affiliate_addr,,서울특별시 영등포구 의사당대로96,R3_사명교차전파
15081,키움증권(주),affiliate_region,,서울,R3_사명교차전파
15082,키움증권(주),affiliate_addr,,서울특별시 영등포구 의사당대로96,R3_사명교차전파
15082,키움증권(주),affiliate_region,,서울,R3_사명교차전파
15083,키움증권(주),affiliate_addr,,서울특별시 영등포구 의사당대로96,R3_사명교차전파
15083,키움증권(주),affiliate_region,,서울,R3_사명교차전파
15084,키움증권(주),affiliate_addr,,서울특별시 영등포구 의사당대로96,R3_사명교차전파
15084,키움증권(주),affiliate_region,,서울,R3_사명교차전파
15085,키움증권(주),affiliate_addr,,서울특별시 영등포구 의사당대로96,R3_사명교차전파
15085,키움증권(주),affiliate_region,,서울,R3_사명교차전파
15086,키움증권(주),affiliate_addr,,서울특별시 영등포구 의사당대로96,R3_사명교차전파
15086,키움증권(주),affiliate_region,,서울,R3_사명교차전파
15087,키움증권(주),affiliate_addr,,서울특별시 영등포구 의사당대로96,R3_사명교차전파
15087,키움증권(주),affiliate_region,,서울,R3_사명교차전파
15088,키움증권(주),affiliate_addr,,서울특별시 영등포구 의사당대로96,R3_사명교차전파
15088,키움증권(주),affiliate_region,,서울,R3_사명교차전파
15089,키움증권(주),affiliate_addr,,서울특별시 영등포구 의사당대로96,R3_사명교차전파
15089,키움증권(주),affiliate_region,,서울,R3_사명교차전파
15090,키움증권(주),affiliate_addr,,서울특별시 영등포구 의사당대로96,R3_사명교차전파
15090,키움증권(주),affiliate_region,,서울,R3_사명교차전파
15091,키움증권(주),affiliate_addr,,서울특별시 영등포구 의사당대로96,R3_사명교차전파
15091,키움증권(주),affiliate_region,,서울,R3_사명교차전파
15092,키움증권(주),affiliate_addr,,서울특별시 영등포구 의사당대로96,R3_사명교차전파
15092,키움증권(주),affiliate_region,,서울,R3_사명교차전파
15093,키움증권(주),affiliate_addr,,서울특별시 영등포구 의사당대로96,R3_사명교차전파
15093,키움증권(주),affiliate_region,,서울,R3_사명교차전파
15094,키움증권(주),affiliate_addr,,서울특별시 영등포구 의사당대로96,R3_사명교차전파
15094,키움증권(주),affiliate_region,,서울,R3_사명교차전파
15095,키움증권(주),affiliate_addr,,서울특별시 영등포구 의사당대로96,R3_사명교차전파
15095,키움증권(주),affiliate_region,,서울,R3_사명교차전파
15096,키움증권(주),affiliate_addr,,서울특별시 영등포구 의사당대로96,R3_사명교차전파
15096,키움증권(주),affiliate_region,,서울,R3_사명교차전파
15097,키움증권(주),affiliate_addr,,서울특별시 영등포구 의사당대로96,R3_사명교차전파
15097,키움증권(주),affiliate_region,,서울,R3_사명교차전파
15098,키움증권(주),affiliate_addr,,서울특별시 영등포구 의사당대로96,R3_사명교차전파
15098,키움증권(주),affiliate_region,,서울,R3_사명교차전파
15099,키움증권(주),affiliate_addr,,서울특별시 영등포구 의사당대로96,R3_사명교차전파
15099,키움증권(주),affiliate_region,,서울,R3_사명교차전파
15100,키움증권(주),affiliate_addr,,서울특별시 영등포구 의사당대로96,R3_사명교차전파
15100,키움증권(주),affiliate_region,,서울,R3_사명교차전파
15101,키움증권(주),affiliate_addr,,서울특별시 영등포구 의사당대로96,R3_사명교차전파
15101,키움증권(주),affiliate_region,,서울,R3_사명교차전파
15102,키움증권(주),affiliate_addr,,서울특별시 영등포구 의사당대로96,R3_사명교차전파
15102,키움증권(주),affiliate_region,,서울,R3_사명교차전파
15103,키움증권(주),affiliate_addr,,서울특별시 영등포구 의사당대로96,R3_사명교차전파
15103,키움증권(주),affiliate_region,,서울,R3_사명교차전파
15104,키움증권(주),affiliate_addr,,서울특별시 영등포구 의사당대로96,R3_사명교차전파
15104,키움증권(주),affiliate_region,,서울,R3_사명교차전파
15105,키움증권(주),affiliate_addr,,서울특별시 영등포구 의사당대로96,R3_사명교차전파
15105,키움증권(주),affiliate_region,,서울,R3_사명교차전파
15106,키움증권(주),affiliate_addr,,서울특별시 영등포구 의사당대로96,R3_사명교차전파
15106,키움증권(주),affiliate_region,,서울,R3_사명교차전파
15107,키움증권(주),affiliate_addr,,서울특별시 영등포구 의사당대로96,R3_사명교차전파
15107,키움증권(주),affiliate_region,,서울,R3_사명교차전파
15108,키움증권(주),affiliate_addr,,서울특별시 영등포구 의사당대로96,R3_사명교차전파
15108,키움증권(주),affiliate_region,,서울,R3_사명교차전파
15109,키움증권(주),affiliate_addr,,서울특별시 영등포구 의사당대로96,R3_사명교차전파
15109,키움증권(주),affiliate_region,,서울,R3_사명교차전파
15110,키움증권(주),affiliate_addr,,서울특별시 영등포구 의사당대로96,R3_사명교차전파
15110,키움증권(주),affiliate_region,,서울,R3_사명교차전파
15111,키움증권(주),affiliate_addr,,서울특별시 영등포구 의사당대로96,R3_사명교차전파
15111,키움증권(주),affiliate_region,,서울,R3_사명교차전파
15112,키움증권(주),affiliate_addr,,서울특별시 영등포구 의사당대로96,R3_사명교차전파
15112,키움증권(주),affiliate_region,,서울,R3_사명교차전파
15113,키움증권(주),affiliate_addr,,서울특별시 영등포구 의사당대로96,R3_사명교차전파
15113,키움증권(주),affiliate_region,,서울,R3_사명교차전파
15114,키움증권(주),affiliate_addr,,서울특별시 영등포구 의사당대로96,R3_사명교차전파
15114,키움증권(주),affiliate_region,,서울,R3_사명교차전파
15115,키움증권(주),affiliate_addr,,서울특별시 영등포구 의사당대로96,R3_사명교차전파
15115,키움증권(주),affiliate_region,,서울,R3_사명교차전파
15116,키움증권(주),affiliate_addr,,서울특별시 영등포구 의사당대로96,R3_사명교차전파
15116,키움증권(주),affiliate_region,,서울,R3_사명교차전파
15117,키움증권(주),affiliate_addr,,서울특별시 영등포구 의사당대로96,R3_사명교차전파
15117,키움증권(주),affiliate_region,,서울,R3_사명교차전파
15118,키움증권(주),affiliate_addr,,서울특별시 영등포구 의사당대로96,R3_사명교차전파
15118,키움증권(주),affiliate_region,,서울,R3_사명교차전파
15119,키움증권(주),affiliate_addr,,서울특별시 영등포구 의사당대로96,R3_사명교차전파
15119,키움증권(주),affiliate_region,,서울,R3_사명교차전파
15120,키움증권(주),affiliate_addr,,서울특별시 영등포구 의사당대로96,R3_사명교차전파
15120,키움증권(주),affiliate_region,,서울,R3_사명교차전파
15121,키움증권(주),affiliate_addr,,서울특별시 영등포구 의사당대로96,R3_사명교차전파
15121,키움증권(주),affiliate_region,,서울,R3_사명교차전파
15122,키움증권(주),affiliate_addr,,서울특별시 영등포구 의사당대로96,R3_사명교차전파
15122,키움증권(주),affiliate_region,,서울,R3_사명교차전파
15123,키움증권(주),affiliate_addr,,서울특별시 영등포구 의사당대로96,R3_사명교차전파
15123,키움증권(주),affiliate_region,,서울,R3_사명교차전파
15124,키움증권(주),affiliate_addr,,서울특별시 영등포구 의사당대로96,R3_사명교차전파
15124,키움증권(주),affiliate_region,,서울,R3_사명교차전파
15125,키움증권(주),affiliate_addr,,서울특별시 영등포구 의사당대로96,R3_사명교차전파
15125,키움증권(주),affiliate_region,,서울,R3_사명교차전파
15126,키움증권(주),affiliate_addr,,서울특별시 영등포구 의사당대로96,R3_사명교차전파
15126,키움증권(주),affiliate_region,,서울,R3_사명교차전파
15127,키움증권(주),affiliate_addr,,서울특별시 영등포구 의사당대로96,R3_사명교차전파
15127,키움증권(주),affiliate_region,,서울,R3_사명교차전파
15128,키움증권(주),affiliate_addr,,서울특별시 영등포구 의사당대로96,R3_사명교차전파
15128,키움증권(주),affiliate_region,,서울,R3_사명교차전파
15129,키움증권(주),affiliate_addr,,서울특별시 영등포구 의사당대로96,R3_사명교차전파
15129,키움증권(주),affiliate_region,,서울,R3_사명교차전파
15130,키움증권(주),affiliate_addr,,서울특별시 영등포구 의사당대로96,R3_사명교차전파
15130,키움증권(주),affiliate_region,,서울,R3_사명교차전파
15131,키움증권(주),affiliate_addr,,서울특별시 영등포구 의사당대로96,R3_사명교차전파
15131,키움증권(주),affiliate_region,,서울,R3_사명교차전파
15132,키움증권(주),affiliate_addr,,서울특별시 영등포구 의사당대로96,R3_사명교차전파
15132,키움증권(주),affiliate_region,,서울,R3_사명교차전파
15133,키움증권(주),affiliate_addr,,서울특별시 영등포구 의사당대로96,R3_사명교차전파
15133,키움증권(주),affiliate_region,,서울,R3_사명교차전파
15134,키움증권(주),affiliate_addr,,서울특별시 영등포구 의사당대로96,R3_사명교차전파
15134,키움증권(주),affiliate_region,,서울,R3_사명교차전파
15135,키움증권(주),affiliate_addr,,서울특별시 영등포구 의사당대로96,R3_사명교차전파
15135,키움증권(주),affiliate_region,,서울,R3_사명교차전파
15136,키움증권(주),affiliate_addr,,서울특별시 영등포구 의사당대로96,R3_사명교차전파
15136,키움증권(주),affiliate_region,,서울,R3_사명교차전파
15137,키움증권(주),affiliate_addr,,서울특별시 영등포구 의사당대로96,R3_사명교차전파
15137,키움증권(주),affiliate_region,,서울,R3_사명교차전파
15138,키움증권(주),affiliate_addr,,서울특별시 영등포구 의사당대로96,R3_사명교차전파
15138,키움증권(주),affiliate_region,,서울,R3_사명교차전파
15139,키움증권(주),affiliate_addr,,서울특별시 영등포구 의사당대로96,R3_사명교차전파
15139,키움증권(주),affiliate_region,,서울,R3_사명교차전파
15140,키움증권(주),affiliate_addr,,서울특별시 영등포구 의사당대로96,R3_사명교차전파
15140,키움증권(주),affiliate_region,,서울,R3_사명교차전파
15141,키움증권(주),affiliate_addr,,서울특별시 영등포구 의사당대로96,R3_사명교차전파
15141,키움증권(주),affiliate_region,,서울,R3_사명교차전파
15142,키움증권(주),affiliate_addr,,서울특별시 영등포구 의사당대로96,R3_사명교차전파
15142,키움증권(주),affiliate_region,,서울,R3_사명교차전파
15143,키움증권(주),affiliate_addr,,서울특별시 영등포구 의사당대로96,R3_사명교차전파
15143,키움증권(주),affiliate_region,,서울,R3_사명교차전파
15144,키움증권(주),affiliate_addr,,서울특별시 영등포구 의사당대로96,R3_사명교차전파
15144,키움증권(주),affiliate_region,,서울,R3_사명교차전파
15145,키움증권(주),affiliate_addr,,서울특별시 영등포구 의사당대로96,R3_사명교차전파
15145,키움증권(주),affiliate_region,,서울,R3_사명교차전파
15146,키움증권(주),affiliate_addr,,서울특별시 영등포구 의사당대로96,R3_사명교차전파
15146,키움증권(주),affiliate_region,,서울,R3_사명교차전파
15147,키움증권(주),affiliate_addr,,서울특별시 영등포구 의사당대로96,R3_사명교차전파
15147,키움증권(주),affiliate_region,,서울,R3_사명교차전파
15148,키움증권(주),affiliate_addr,,서울특별시 영등포구 의사당대로96,R3_사명교차전파
15148,키움증권(주),affiliate_region,,서울,R3_사명교차전파
15149,키움증권(주),affiliate_addr,,서울특별시 영등포구 의사당대로96,R3_사명교차전파
15149,키움증권(주),affiliate_region,,서울,R3_사명교차전파
15150,키움증권(주),affiliate_addr,,서울특별시 영등포구 의사당대로96,R3_사명교차전파
15150,키움증권(주),affiliate_region,,서울,R3_사명교차전파
15151,키움증권(주),affiliate_addr,,서울특별시 영등포구 의사당대로96,R3_사명교차전파
15151,키움증권(주),affiliate_region,,서울,R3_사명교차전파
15152,키움증권(주),affiliate_addr,,서울특별시 영등포구 의사당대로96,R3_사명교차전파
15152,키움증권(주),affiliate_region,,서울,R3_사명교차전파
15153,키움증권(주),affiliate_addr,,서울특별시 영등포구 의사당대로96,R3_사명교차전파
15153,키움증권(주),affiliate_region,,서울,R3_사명교차전파
15154,키움증권(주),affiliate_addr,,서울특별시 영등포구 의사당대로96,R3_사명교차전파
15154,키움증권(주),affiliate_region,,서울,R3_사명교차전파
15155,키움증권(주),affiliate_addr,,서울특별시 영등포구 의사당대로96,R3_사명교차전파
15155,키움증권(주),affiliate_region,,서울,R3_사명교차전파
15156,키움증권(주),affiliate_addr,,서울특별시 영등포구 의사당대로96,R3_사명교차전파
15156,키움증권(주),affiliate_region,,서울,R3_사명교차전파
15157,키움증권(주),affiliate_addr,,서울특별시 영등포구 의사당대로96,R3_사명교차전파
15157,키움증권(주),affiliate_region,,서울,R3_사명교차전파
15158,키움증권(주),affiliate_addr,,서울특별시 영등포구 의사당대로96,R3_사명교차전파
15158,키움증권(주),affiliate_region,,서울,R3_사명교차전파
15159,키움증권(주),affiliate_addr,,서울특별시 영등포구 의사당대로96,R3_사명교차전파
15159,키움증권(주),affiliate_region,,서울,R3_사명교차전파
15160,키움증권(주),affiliate_addr,,서울특별시 영등포구 의사당대로96,R3_사명교차전파
15160,키움증권(주),affiliate_region,,서울,R3_사명교차전파
15172,한일시멘트(주),affiliate_addr,,서울시 서초구 서초동 1587,R3_사명교차전파
15172,한일시멘트(주),affiliate_region,,서울,R3_사명교차전파
15266,(주)심텍,affiliate_addr,,충청북도 청주시 흥덕구 산단로 73,R3_사명교차전파
15266,(주)심텍,affiliate_region,,충북,R3_사명교차전파
15267,(주)심텍,affiliate_addr,,충청북도 청주시 흥덕구 산단로 73,R3_사명교차전파
15267,(주)심텍,affiliate_region,,충북,R3_사명교차전파
15268,(주)심텍,affiliate_addr,,충청북도 청주시 흥덕구 산단로 73,R3_사명교차전파
15268,(주)심텍,affiliate_region,,충북,R3_사명교차전파
15274,(주)세아창원특수강,affiliate_addr,,경남 창원시,R3_사명교차전파
15274,(주)세아창원특수강,affiliate_region,,경남,R3_사명교차전파
15275,(주)세아창원특수강,affiliate_addr,,경남 창원시,R3_사명교차전파
15275,(주)세아창원특수강,affiliate_region,,경남,R3_사명교차전파
15276,(주)경남은행,affiliate_addr,,경남 창원시 마산회원구 3.15대로 642(석전동),R3_사명교차전파
15276,(주)경남은행,affiliate_region,,경남,R3_사명교차전파
15277,(주)경남은행,affiliate_addr,,경남 창원시 마산회원구 3.15대로 642(석전동),R3_사명교차전파
15277,(주)경남은행,affiliate_region,,경남,R3_사명교차전파
15278,(주)경남은행,affiliate_addr,,경남 창원시 마산회원구 3.15대로 642(석전동),R3_사명교차전파
15278,(주)경남은행,affiliate_region,,경남,R3_사명교차전파
15279,(주)경남은행,affiliate_addr,,경남 창원시 마산회원구 3.15대로 642(석전동),R3_사명교차전파
15279,(주)경남은행,affiliate_region,,경남,R3_사명교차전파
15280,(주)경남은행,affiliate_addr,,경남 창원시 마산회원구 3.15대로 642(석전동),R3_사명교차전파
15280,(주)경남은행,affiliate_region,,경남,R3_사명교차전파
15281,(주)경남은행,affiliate_addr,,경남 창원시 마산회원구 3.15대로 642(석전동),R3_사명교차전파
15281,(주)경남은행,affiliate_region,,경남,R3_사명교차전파
15282,(주)경남은행,affiliate_addr,,경남 창원시 마산회원구 3.15대로 642(석전동),R3_사명교차전파
15282,(주)경남은행,affiliate_region,,경남,R3_사명교차전파
15283,(주)경남은행,affiliate_addr,,경남 창원시 마산회원구 3.15대로 642(석전동),R3_사명교차전파
15283,(주)경남은행,affiliate_region,,경남,R3_사명교차전파
15284,(주)경남은행,affiliate_addr,,경남 창원시 마산회원구 3.15대로 642(석전동),R3_사명교차전파
15284,(주)경남은행,affiliate_region,,경남,R3_사명교차전파
15285,(주)경남은행,affiliate_addr,,경남 창원시 마산회원구 3.15대로 642(석전동),R3_사명교차전파
15285,(주)경남은행,affiliate_region,,경남,R3_사명교차전파
15286,(주)경남은행,affiliate_addr,,경남 창원시 마산회원구 3.15대로 642(석전동),R3_사명교차전파
15286,(주)경남은행,affiliate_region,,경남,R3_사명교차전파
15287,(주)경남은행,affiliate_addr,,경남 창원시 마산회원구 3.15대로 642(석전동),R3_사명교차전파
15287,(주)경남은행,affiliate_region,,경남,R3_사명교차전파
15288,(주)경남은행,affiliate_addr,,경남 창원시 마산회원구 3.15대로 642(석전동),R3_사명교차전파
15288,(주)경남은행,affiliate_region,,경남,R3_사명교차전파
15537,동화기업(주),affiliate_addr,,전남 장성군,R3_사명교차전파
15537,동화기업(주),affiliate_region,,전남,R3_사명교차전파
15538,동화기업(주),affiliate_addr,,전남 장성군,R3_사명교차전파
15538,동화기업(주),affiliate_region,,전남,R3_사명교차전파
15549,(주)팜스코,affiliate_addr,,경기 안성시 미양면 제2공단 4길 33,R3_사명교차전파
15549,(주)팜스코,affiliate_region,,경기,R3_사명교차전파
15550,(주)팜스코,affiliate_addr,,경기 안성시 미양면 제2공단 4길 33,R3_사명교차전파
15550,(주)팜스코,affiliate_region,,경기,R3_사명교차전파
15551,(주)팜스코,affiliate_addr,,경기 안성시 미양면 제2공단 4길 33,R3_사명교차전파
15551,(주)팜스코,affiliate_region,,경기,R3_사명교차전파
15552,(주)팜스코,affiliate_addr,,경기 안성시 미양면 제2공단 4길 33,R3_사명교차전파
15552,(주)팜스코,affiliate_region,,경기,R3_사명교차전파
15555,(주)선진,affiliate_addr,,경기 이천시 대월면 사동로 76,R3_사명교차전파
15555,(주)선진,affiliate_region,,경기,R3_사명교차전파
15556,(주)선진,affiliate_addr,,경기 이천시 대월면 사동로 76,R3_사명교차전파
15556,(주)선진,affiliate_region,,경기,R3_사명교차전파
15557,(주)선진,affiliate_addr,,경기 이천시 대월면 사동로 76,R3_사명교차전파
15557,(주)선진,affiliate_region,,경기,R3_사명교차전파
15558,(주)선진,affiliate_addr,,경기 이천시 대월면 사동로 76,R3_사명교차전파
15558,(주)선진,affiliate_region,,경기,R3_사명교차전파
15559,(주)선진,affiliate_addr,,경기 이천시 대월면 사동로 76,R3_사명교차전파
15559,(주)선진,affiliate_region,,경기,R3_사명교차전파
15560,(주)선진,affiliate_addr,,경기 이천시 대월면 사동로 76,R3_사명교차전파
15560,(주)선진,affiliate_region,,경기,R3_사명교차전파
15561,(주)선진,affiliate_addr,,경기 이천시 대월면 사동로 76,R3_사명교차전파
15561,(주)선진,affiliate_region,,경기,R3_사명교차전파
15562,(주)선진,affiliate_addr,,경기 이천시 대월면 사동로 76,R3_사명교차전파
15562,(주)선진,affiliate_region,,경기,R3_사명교차전파
15604,(주)디아이씨,affiliate_addr,,경기도 화성시,R3_사명교차전파
15604,(주)디아이씨,affiliate_region,,경기,R3_사명교차전파
15605,(주)디아이씨,affiliate_addr,,경기도 화성시,R3_사명교차전파
15605,(주)디아이씨,affiliate_region,,경기,R3_사명교차전파
15606,(주)디아이씨,affiliate_addr,,경기도 화성시,R3_사명교차전파
15606,(주)디아이씨,affiliate_region,,경기,R3_사명교차전파
15607,(주)디아이씨,affiliate_addr,,경기도 화성시,R3_사명교차전파
15607,(주)디아이씨,affiliate_region,,경기,R3_사명교차전파
15947,삼보오토(주),affiliate_addr,,충남 예산군 응봉면 산단1길 66,R3_사명교차전파
15947,삼보오토(주),affiliate_region,,충남,R3_사명교차전파
15967,(주)팜스토리,affiliate_addr,,서울,R3_사명교차전파
15967,(주)팜스토리,affiliate_region,,서울,R3_사명교차전파
15968,(주)팜스토리,affiliate_addr,,서울,R3_사명교차전파
15968,(주)팜스토리,affiliate_region,,서울,R3_사명교차전파
15976,풀무원식품(주),affiliate_addr,,충북 음성군 대소면 삼양로 730-27,R3_사명교차전파
15976,풀무원식품(주),affiliate_region,,충북,R3_사명교차전파
15977,풀무원식품(주),affiliate_addr,,충북 음성군 대소면 삼양로 730-27,R3_사명교차전파
15977,풀무원식품(주),affiliate_region,,충북,R3_사명교차전파
15978,풀무원식품(주),affiliate_addr,,충북 음성군 대소면 삼양로 730-27,R3_사명교차전파
15978,풀무원식품(주),affiliate_region,,충북,R3_사명교차전파
15979,풀무원식품(주),affiliate_addr,,충북 음성군 대소면 삼양로 730-27,R3_사명교차전파
15979,풀무원식품(주),affiliate_region,,충북,R3_사명교차전파
15980,풀무원식품(주),affiliate_addr,,충북 음성군 대소면 삼양로 730-27,R3_사명교차전파
15980,풀무원식품(주),affiliate_region,,충북,R3_사명교차전파
15981,풀무원식품(주),affiliate_addr,,충북 음성군 대소면 삼양로 730-27,R3_사명교차전파
15981,풀무원식품(주),affiliate_region,,충북,R3_사명교차전파
15982,풀무원식품(주),affiliate_addr,,충북 음성군 대소면 삼양로 730-27,R3_사명교차전파
15982,풀무원식품(주),affiliate_region,,충북,R3_사명교차전파
15983,풀무원식품(주),affiliate_addr,,충북 음성군 대소면 삼양로 730-27,R3_사명교차전파
15983,풀무원식품(주),affiliate_region,,충북,R3_사명교차전파
15984,풀무원식품(주),affiliate_addr,,충북 음성군 대소면 삼양로 730-27,R3_사명교차전파
15984,풀무원식품(주),affiliate_region,,충북,R3_사명교차전파
15985,풀무원식품(주),affiliate_addr,,충북 음성군 대소면 삼양로 730-27,R3_사명교차전파
15985,풀무원식품(주),affiliate_region,,충북,R3_사명교차전파
15986,풀무원식품(주),affiliate_addr,,충북 음성군 대소면 삼양로 730-27,R3_사명교차전파
15986,풀무원식품(주),affiliate_region,,충북,R3_사명교차전파
15987,풀무원식품(주),affiliate_addr,,충북 음성군 대소면 삼양로 730-27,R3_사명교차전파
15987,풀무원식품(주),affiliate_region,,충북,R3_사명교차전파
15988,풀무원식품(주),affiliate_addr,,충북 음성군 대소면 삼양로 730-27,R3_사명교차전파
15988,풀무원식품(주),affiliate_region,,충북,R3_사명교차전파
15989,풀무원식품(주),affiliate_addr,,충북 음성군 대소면 삼양로 730-27,R3_사명교차전파
15989,풀무원식품(주),affiliate_region,,충북,R3_사명교차전파
16028,명신산업(주),affiliate_addr,,경주,R3_사명교차전파
16029,명신산업(주),affiliate_addr,,경주,R3_사명교차전파
16163,키움캐피탈(주),affiliate_addr,,서울 영등포구 여의대로 66 17층,R3_사명교차전파
16163,키움캐피탈(주),affiliate_region,,서울,R3_사명교차전파
16488,한국수력원자력(주),affiliate_addr,,경상북도 경주시 불국로 1655,R3_사명교차전파
16488,한국수력원자력(주),affiliate_region,,경북,R3_사명교차전파
16489,한국수력원자력(주),affiliate_addr,,경상북도 경주시 불국로 1655,R3_사명교차전파
16489,한국수력원자력(주),affiliate_region,,경북,R3_사명교차전파
16490,한국수력원자력(주),affiliate_addr,,경상북도 경주시 불국로 1655,R3_사명교차전파
16490,한국수력원자력(주),affiliate_region,,경북,R3_사명교차전파
16491,한국수력원자력(주),affiliate_addr,,경상북도 경주시 불국로 1655,R3_사명교차전파
16491,한국수력원자력(주),affiliate_region,,경북,R3_사명교차전파
16492,한국수력원자력(주),affiliate_addr,,경상북도 경주시 불국로 1655,R3_사명교차전파
16492,한국수력원자력(주),affiliate_region,,경북,R3_사명교차전파
16493,한국수력원자력(주),affiliate_addr,,경상북도 경주시 불국로 1655,R3_사명교차전파
16493,한국수력원자력(주),affiliate_region,,경북,R3_사명교차전파
16494,한국수력원자력(주),affiliate_addr,,경상북도 경주시 불국로 1655,R3_사명교차전파
16494,한국수력원자력(주),affiliate_region,,경북,R3_사명교차전파
16495,한국수력원자력(주),affiliate_addr,,경상북도 경주시 불국로 1655,R3_사명교차전파
16495,한국수력원자력(주),affiliate_region,,경북,R3_사명교차전파
16496,한국수력원자력(주),affiliate_addr,,경상북도 경주시 불국로 1655,R3_사명교차전파
16496,한국수력원자력(주),affiliate_region,,경북,R3_사명교차전파
16497,한국수력원자력(주),affiliate_addr,,경상북도 경주시 불국로 1655,R3_사명교차전파
16497,한국수력원자력(주),affiliate_region,,경북,R3_사명교차전파
16498,한국서부발전(주),affiliate_addr,,충청남도 태안군 태안읍 중앙로 285,R3_사명교차전파
16498,한국서부발전(주),affiliate_region,,충남,R3_사명교차전파
16499,한국서부발전(주),affiliate_addr,,충청남도 태안군 태안읍 중앙로 285,R3_사명교차전파
16499,한국서부발전(주),affiliate_region,,충남,R3_사명교차전파
16500,한국서부발전(주),affiliate_addr,,충청남도 태안군 태안읍 중앙로 285,R3_사명교차전파
16500,한국서부발전(주),affiliate_region,,충남,R3_사명교차전파
16866,(주)카카오모빌리티,affiliate_addr,,경기도 성남시 분당구 판교역로 152 13층,R3_사명교차전파
16866,(주)카카오모빌리티,affiliate_region,,경기,R3_사명교차전파
16867,(주)카카오모빌리티,affiliate_addr,,경기도 성남시 분당구 판교역로 152 13층,R3_사명교차전파
16867,(주)카카오모빌리티,affiliate_region,,경기,R3_사명교차전파
16868,(주)카카오모빌리티,affiliate_addr,,경기도 성남시 분당구 판교역로 152 13층,R3_사명교차전파
16868,(주)카카오모빌리티,affiliate_region,,경기,R3_사명교차전파
16869,(주)카카오모빌리티,affiliate_addr,,경기도 성남시 분당구 판교역로 152 13층,R3_사명교차전파
16869,(주)카카오모빌리티,affiliate_region,,경기,R3_사명교차전파
16870,(주)카카오모빌리티,affiliate_addr,,경기도 성남시 분당구 판교역로 152 13층,R3_사명교차전파
16870,(주)카카오모빌리티,affiliate_region,,경기,R3_사명교차전파
16871,(주)카카오모빌리티,affiliate_addr,,경기도 성남시 분당구 판교역로 152 13층,R3_사명교차전파
16871,(주)카카오모빌리티,affiliate_region,,경기,R3_사명교차전파
16872,(주)카카오모빌리티,affiliate_addr,,경기도 성남시 분당구 판교역로 152 13층,R3_사명교차전파
16872,(주)카카오모빌리티,affiliate_region,,경기,R3_사명교차전파
16873,(주)카카오모빌리티,affiliate_addr,,경기도 성남시 분당구 판교역로 152 13층,R3_사명교차전파
16873,(주)카카오모빌리티,affiliate_region,,경기,R3_사명교차전파
16874,(주)카카오모빌리티,affiliate_addr,,경기도 성남시 분당구 판교역로 152 13층,R3_사명교차전파
16874,(주)카카오모빌리티,affiliate_region,,경기,R3_사명교차전파
16875,(주)카카오모빌리티,affiliate_addr,,경기도 성남시 분당구 판교역로 152 13층,R3_사명교차전파
16875,(주)카카오모빌리티,affiliate_region,,경기,R3_사명교차전파
16876,(주)카카오모빌리티,affiliate_addr,,경기도 성남시 분당구 판교역로 152 13층,R3_사명교차전파
16876,(주)카카오모빌리티,affiliate_region,,경기,R3_사명교차전파
16877,(주)카카오모빌리티,affiliate_addr,,경기도 성남시 분당구 판교역로 152 13층,R3_사명교차전파
16877,(주)카카오모빌리티,affiliate_region,,경기,R3_사명교차전파
16879,신한캐피탈(주),affiliate_addr,,경기도 안산시 단원구 당곡로 17,R3_사명교차전파
16879,신한캐피탈(주),affiliate_region,,경기,R3_사명교차전파
16880,신한캐피탈(주),affiliate_addr,,경기도 안산시 단원구 당곡로 17,R3_사명교차전파
16880,신한캐피탈(주),affiliate_region,,경기,R3_사명교차전파
16881,신한캐피탈(주),affiliate_addr,,경기도 안산시 단원구 당곡로 17,R3_사명교차전파
16881,신한캐피탈(주),affiliate_region,,경기,R3_사명교차전파
16882,신한캐피탈(주),affiliate_addr,,경기도 안산시 단원구 당곡로 17,R3_사명교차전파
16882,신한캐피탈(주),affiliate_region,,경기,R3_사명교차전파
16883,신한캐피탈(주),affiliate_addr,,경기도 안산시 단원구 당곡로 17,R3_사명교차전파
16883,신한캐피탈(주),affiliate_region,,경기,R3_사명교차전파
16884,신한캐피탈(주),affiliate_addr,,경기도 안산시 단원구 당곡로 17,R3_사명교차전파
16884,신한캐피탈(주),affiliate_region,,경기,R3_사명교차전파
16885,신한캐피탈(주),affiliate_addr,,경기도 안산시 단원구 당곡로 17,R3_사명교차전파
16885,신한캐피탈(주),affiliate_region,,경기,R3_사명교차전파
16886,신한캐피탈(주),affiliate_addr,,경기도 안산시 단원구 당곡로 17,R3_사명교차전파
16886,신한캐피탈(주),affiliate_region,,경기,R3_사명교차전파
16887,신한캐피탈(주),affiliate_addr,,경기도 안산시 단원구 당곡로 17,R3_사명교차전파
16887,신한캐피탈(주),affiliate_region,,경기,R3_사명교차전파
16900,세메스(주),affiliate_addr,,충청남도 천안시 서북구 직산읍 4산단5길 77,R3_사명교차전파
16900,세메스(주),affiliate_region,,충남,R3_사명교차전파
16901,세메스(주),affiliate_addr,,충청남도 천안시 서북구 직산읍 4산단5길 77,R3_사명교차전파
16901,세메스(주),affiliate_region,,충남,R3_사명교차전파
17099,한화시스템(주),affiliate_addr,,경상북도 구미시 1공단로 244,R3_사명교차전파
17099,한화시스템(주),affiliate_region,,경북,R3_사명교차전파
17100,한화시스템(주),affiliate_addr,,경상북도 구미시 1공단로 244,R3_사명교차전파
17100,한화시스템(주),affiliate_region,,경북,R3_사명교차전파
17297,SKC(주),affiliate_addr,,경기 수원시 장안구 장안로 309번길 84,R3_사명교차전파
17297,SKC(주),affiliate_region,,경기,R3_사명교차전파
17298,SKC(주),affiliate_addr,,경기 수원시 장안구 장안로 309번길 84,R3_사명교차전파
17298,SKC(주),affiliate_region,,경기,R3_사명교차전파
17299,SKC(주),affiliate_addr,,경기 수원시 장안구 장안로 309번길 84,R3_사명교차전파
17299,SKC(주),affiliate_region,,경기,R3_사명교차전파
17300,SKC(주),affiliate_addr,,경기 수원시 장안구 장안로 309번길 84,R3_사명교차전파
17300,SKC(주),affiliate_region,,경기,R3_사명교차전파
17301,SKC(주),affiliate_addr,,경기 수원시 장안구 장안로 309번길 84,R3_사명교차전파
17301,SKC(주),affiliate_region,,경기,R3_사명교차전파
17380,미래에셋생명보험(주),affiliate_addr,,서울특별시 영등포구 국제금융로 56 (여의도동 미래에셋증권빌딩),R3_사명교차전파
17380,미래에셋생명보험(주),affiliate_region,,서울,R3_사명교차전파
17381,미래에셋생명보험(주),affiliate_addr,,서울특별시 영등포구 국제금융로 56 (여의도동 미래에셋증권빌딩),R3_사명교차전파
17381,미래에셋생명보험(주),affiliate_region,,서울,R3_사명교차전파
17382,미래에셋생명보험(주),affiliate_addr,,서울특별시 영등포구 국제금융로 56 (여의도동 미래에셋증권빌딩),R3_사명교차전파
17382,미래에셋생명보험(주),affiliate_region,,서울,R3_사명교차전파
9631,WL HOLDINGS USA LLC.,domestic,모름,국내,R3_지역확인
9641,F&F BRANDS GROUP INC,domestic,모름,국내,R3_지역확인
9666,건조중인 선박금융 관련 SPC 등(*7),domestic,모름,국내,R3_지역확인
9705,㈜에이치디씨아이파크제1호 위탁관리부동산투자회사,domestic,모름,국내,R3_지역확인
9706,㈜에이치디씨아이파크제2호 위탁관리부동산투자회사,domestic,모름,국내,R3_지역확인
9719,특정금전신탁(*1),domestic,모름,국내,R3_지역확인
9720,에이치디씨밸류애드일반사모 부동산신탁제2호(*4),domestic,모름,국내,R3_지역확인
9734,㈜위드센(***),subsidiary_region,,경기,R3_사명교차전파
9737,에스제이강북제삼차㈜,domestic,모름,국내,R3_지역확인
9738,스카이원제일차㈜,domestic,모름,국내,R3_지역확인
9739,해피문제이차㈜,domestic,모름,국내,R3_지역확인
9740,히트하우스제일차㈜,domestic,모름,국내,R3_지역확인
9741,에어라인제팔차㈜,domestic,모름,국내,R3_지역확인
9742,비케이퍼스트제삼차㈜,domestic,모름,국내,R3_지역확인
9743,빅토리디비제일차㈜,domestic,모름,국내,R3_지역확인
9744,디케이제일차㈜,domestic,모름,국내,R3_지역확인
9745,디케이제이차㈜,domestic,모름,국내,R3_지역확인
9746,빅토리디비제이차㈜,domestic,모름,국내,R3_지역확인
9747,컴브리아제일차㈜,domestic,모름,국내,R3_지역확인
9748,디아이에프안흥케이㈜,domestic,모름,국내,R3_지역확인
9749,디비유퍼스트제일차㈜,domestic,모름,국내,R3_지역확인
9750,에이티디레드㈜,domestic,모름,국내,R3_지역확인
9751,에이티디블루㈜,domestic,모름,국내,R3_지역확인
9752,케이에이치에스와이제육차㈜,domestic,모름,국내,R3_지역확인
9753,디아이에프대흥㈜,domestic,모름,국내,R3_지역확인
9754,에스와이디비제일차㈜,domestic,모름,국내,R3_지역확인
9755,스펠바인드제십육차㈜,domestic,모름,국내,R3_지역확인
9756,뉴웨이브제일차㈜,domestic,모름,국내,R3_지역확인
9757,블랙홀제사차㈜,domestic,모름,국내,R3_지역확인
9758,디비벨유천제일차㈜,domestic,모름,국내,R3_지역확인
9759,미래제일차㈜,domestic,모름,국내,R3_지역확인
9760,디아이에프리브옥정㈜,domestic,모름,국내,R3_지역확인
9761,드림비엔김포㈜,domestic,모름,국내,R3_지역확인
9762,디비벨신정제일차㈜,domestic,모름,국내,R3_지역확인
9763,디비벨신정제이차㈜,domestic,모름,국내,R3_지역확인
9764,에어라인제십이차㈜,domestic,모름,국내,R3_지역확인
9765,뉴라이징옐로우㈜,domestic,모름,국내,R3_지역확인
9766,알피오산제이차㈜,domestic,모름,국내,R3_지역확인
9767,드림빅프로젝트제일차㈜,domestic,모름,국내,R3_지역확인
9768,디비서리풀유동화전문(유),domestic,모름,국내,R3_지역확인
9769,제너럴옐로우㈜,domestic,모름,국내,R3_지역확인
9770,제너럴그린㈜,domestic,모름,국내,R3_지역확인
9771,블랙홀제오차㈜,domestic,모름,국내,R3_지역확인
9772,블랙플레이트제일차㈜,domestic,모름,국내,R3_지역확인
9773,디비프리드제일차㈜,domestic,모름,국내,R3_지역확인
9774,알파비전제사차㈜,domestic,모름,국내,R3_지역확인
9775,알파비전제육차㈜,domestic,모름,국내,R3_지역확인
9776,알파비전제일차㈜,domestic,모름,국내,R3_지역확인
9777,디비덕소프라이빗유동화전문(유),domestic,모름,국내,R3_지역확인
9778,뉴월드디비제이차㈜,domestic,모름,국내,R3_지역확인
9779,디비페트라제일차㈜,domestic,모름,국내,R3_지역확인
9780,디비레드제일차㈜,domestic,모름,국내,R3_지역확인
9781,에스피아이베타제일차㈜,domestic,모름,국내,R3_지역확인
9782,에이치비디비제일차㈜,domestic,모름,국내,R3_지역확인
9783,DBGreen멀티스트레티지전문투자제1호,domestic,모름,국내,R3_지역확인
9784,DBOCIO자산배분성장형증권투자신탁 [혼합-재간접형],domestic,모름,국내,R3_지역확인
9785,DBOCIO자산배분중립형증권투자신탁 [혼합-재간접형],domestic,모름,국내,R3_지역확인
9786,케이클라비스-메타 하이브리드 세컨더리 제1호,domestic,모름,국내,R3_지역확인
9787,DB자동으로변하는TDF2030증권투자신탁 [혼합-재간접형],domestic,모름,국내,R3_지역확인
9788,DB자동으로변하는TDF2040증권투자신탁 [혼합-재간접형],domestic,모름,국내,R3_지역확인
9789,DB자동으로변하는TDF2060증권투자신탁 [혼합-재간접형],domestic,모름,국내,R3_지역확인
9790,DB골든시니어인컴TIF증권자 [혼합-재간]CF,domestic,모름,국내,R3_지역확인
9893,BRAIN JAPAN INC.,domestic,모름,국내,R3_지역확인
9918,DHF Holdings Inc.,domestic,모름,국내,R3_지역확인
9995,(주)대광소재,domestic,모름,국내,R3_지역확인
10006,태경케미컬(주),subsidiary_addr,,서울특별시 강서구  공항대로 467 (등촌동),R3_사명교차전파
10006,태경케미컬(주),subsidiary_region,,서울,R3_사명교차전파
10006,태경케미컬(주),domestic,모름,국내,R3_지역확인
10095,북경아가방무역유한공사,domestic,모름,국내,R3_지역확인
10122,SUNIC SYSTEM(CHENGDU),domestic,모름,국내,R3_지역확인
10307,산청음료(주),subsidiary_bizCtt,,음료 제조 및 판매,R3_사명교차전파
10373,현대인베스트먼트글로벌멀티에셋스마트EMP증권자1호,domestic,모름,국내,R3_지역확인
10374,현대인베스트먼트액티브그로쓰증권펀드1호,domestic,모름,국내,R3_지역확인
10375,현대인베스트먼트중장기증권투자신탁1호(채권),domestic,모름,국내,R3_지역확인
10378,Yuanta Financial (Hong Kong) Limited,domestic,모름,국내,R3_지역확인
10577,이지샵㈜,domestic,모름,국내,R3_지역확인
10666,특정금전신탁(MMT),domestic,모름,국내,R3_지역확인
10723,(주)케이씨이노베이션,domestic,모름,국내,R3_지역확인
10739,㈜인터플렉스,subsidiary_bizCtt,,연성인쇄회로기판 (FPCB) 제조,R3_사명교차전파
10740,㈜테라닉스,subsidiary_bizCtt,,인쇄회로기판 (PCB)제조,R3_사명교차전파
10816,유진코리아스마트리더증권모투자신탁(주식),domestic,모름,국내,R3_지역확인
10817,유진코리아스마트리더증권자투자신탁(주식),domestic,모름,국내,R3_지역확인
10818,유진글로벌AI플러스증권모투자신탁2호(주식),domestic,모름,국내,R3_지역확인
10819,유진글로벌AI플러스증권자투자신탁(H)(주식),domestic,모름,국내,R3_지역확인
10820,유진미국VC전문투자형사모투자신탁1호,domestic,모름,국내,R3_지역확인
10821,유진드림스퀘어일반사모투자신탁33호,domestic,모름,국내,R3_지역확인
10822,유진빅웨이브일반사모투자신탁1호,domestic,모름,국내,R3_지역확인
10823,유진 챔피언 테드 스타일액티브 증권투자신탁(주식-재간접형),domestic,모름,국내,R3_지역확인
10824,유진코리아밸류업지수액티브증권투자신탁(주식),domestic,모름,국내,R3_지역확인
10825,유진챔피언중장기채증권투자신탁(채권),domestic,모름,국내,R3_지역확인
10826,유진챔피언공모주&YED타겟리턴목표전환형증권투자신탁1호 (채권혼합-재간접형),domestic,모름,국내,R3_지역확인
10827,유진RA글로벌자산배분EMP증권투자신탁(혼합-재간접형),domestic,모름,국내,R3_지역확인
10828,유진RA미국주식EMP증권투자신탁(주식-재간접형),domestic,모름,국내,R3_지역확인
10829,유진챔피언공모주&포스트IPO증권투자신탁(채권혼합),domestic,모름,국내,R3_지역확인
10830,유진플레인바닐라중국테크증권투자신탁(주식),domestic,모름,국내,R3_지역확인
10831,엑스포넨셜 따박따박 IPO 일반사모투자신탁 제1호,domestic,모름,국내,R3_지역확인
10832,하나대체투자일본부동산투자신탁1호(파생형),domestic,모름,국내,R3_지역확인
10951,barbara paris,domestic,모름,국내,R3_지역확인
10967,(주)비츠로넥스텍,domestic,모름,국내,R3_지역확인
10968,(주)비츠로일렉트릭,domestic,모름,국내,R3_지역확인
11010,엔디케이 주식회사,domestic,모름,국내,R3_지역확인
11113,유진포모나세컨더리전문투자형사모투자신탁1호,domestic,모름,국내,R3_지역확인
11114,KCGI코리아증권자투자신탁1호[채권]C-2,subsidiary_addr,대한민국,서울특별시 영등포구 국제금융로 10,R3_사명교차전파
11114,KCGI코리아증권자투자신탁1호[채권]C-2,subsidiary_region,,서울,R3_사명교차전파
11115,메리츠일반사모부동산투자신탁19호,subsidiary_addr,대한민국,서울특별시 영등포구 국제금융로 10,R3_사명교차전파
11115,메리츠일반사모부동산투자신탁19호,subsidiary_region,,서울,R3_사명교차전파
11118,파인스트리트아시아인프라일반사모특별자산투자신탁1-2호,subsidiary_addr,대한민국,서울특별시 마포구 양화로 45,R3_사명교차전파
11118,파인스트리트아시아인프라일반사모특별자산투자신탁1-2호,subsidiary_region,,서울,R3_사명교차전파
11120,트러스타재간접공모주일반사모투자신탁제1호,subsidiary_addr,대한민국,서울특별시 강남구 테헤란로 409,R3_사명교차전파
11120,트러스타재간접공모주일반사모투자신탁제1호,subsidiary_region,,서울,R3_사명교차전파
11122,SARAM4.0일반사모투자신탁제1호CLASSI,subsidiary_addr,대한민국,서울특별시 서초구 사평대로 57길,R3_사명교차전파
11122,SARAM4.0일반사모투자신탁제1호CLASSI,subsidiary_region,,서울,R3_사명교차전파
11123,브이아이MF일반사모증권투자신탁1호[채권],subsidiary_addr,대한민국,서울특별시 영등포구 국제금융로 10,R3_사명교차전파
11123,브이아이MF일반사모증권투자신탁1호[채권],subsidiary_region,,서울,R3_사명교차전파
11124,키움프런티어일반사모증권투자신탁제20호[채권],subsidiary_addr,대한민국,서울특별시 영등포구 국제금융로 2길 32,R3_사명교차전파
11124,키움프런티어일반사모증권투자신탁제20호[채권],subsidiary_region,,서울,R3_사명교차전파
11125,한강국내일반사모혼합자산투자신탁1호,subsidiary_addr,대한민국,서울특별시 영등포구 국제금융로 10,R3_사명교차전파
11125,한강국내일반사모혼합자산투자신탁1호,subsidiary_region,,서울,R3_사명교차전파
11126,SARAM4.0엔터프라이즈일반사모투자신탁C-S,subsidiary_addr,대한민국,서울특별시 서초구 강남대로 525,R3_사명교차전파
11126,SARAM4.0엔터프라이즈일반사모투자신탁C-S,subsidiary_region,,서울,R3_사명교차전파
11128,리운멀티플러스일반사모증권투자신탁제3호,subsidiary_addr,대한민국,서울특별시 강남구 테헤란로 409,R3_사명교차전파
11128,리운멀티플러스일반사모증권투자신탁제3호,subsidiary_region,,서울,R3_사명교차전파
11129,썬앤트리재간접공모주일반사모투자신탁제1호,subsidiary_addr,대한민국,서울특별시 영등포구 여의나루로 67,R3_사명교차전파
11129,썬앤트리재간접공모주일반사모투자신탁제1호,subsidiary_region,,서울,R3_사명교차전파
11130,갤럭시공모주일반사모증권투자신탁제9호,subsidiary_addr,대한민국,서울특별시 영등포구 국제금융로 8,R3_사명교차전파
11130,갤럭시공모주일반사모증권투자신탁제9호,subsidiary_region,,서울,R3_사명교차전파
11131,BKPL일반사모투자신탁제20호,subsidiary_addr,대한민국,서울특별시 강남구 학동로 523,R3_사명교차전파
11131,BKPL일반사모투자신탁제20호,subsidiary_region,,서울,R3_사명교차전파
11132,이지스코어에너지인프라일반사모투자신탁1-A호,subsidiary_addr,대한민국,서울특별시 영등포구 여의공원로 115 세우빌딩 14층,R3_사명교차전파
11132,이지스코어에너지인프라일반사모투자신탁1-A호,subsidiary_region,,서울,R3_사명교차전파
11133,라이프한국기업ESG향상일반사모투자신탁제1호 Class C-I,subsidiary_addr,대한민국,서울특별시 영등포구 국제금융로 10,R3_사명교차전파
11133,라이프한국기업ESG향상일반사모투자신탁제1호 Class C-I,subsidiary_region,,서울,R3_사명교차전파
11134,한화 글로벌세컨더리 일반사모투자신탁3호(재간접형),subsidiary_addr,대한민국,서울특별시 영등포구 63로 50,R3_사명교차전파
11134,한화 글로벌세컨더리 일반사모투자신탁3호(재간접형),subsidiary_region,,서울,R3_사명교차전파
11135,한국투자 LIT ARF 일반사모투자신탁1호(UH),subsidiary_addr,대한민국,서울특별시 영등포구 여의대로 24 11-12층,R3_사명교차전파
11135,한국투자 LIT ARF 일반사모투자신탁1호(UH),subsidiary_region,,서울,R3_사명교차전파
11136,KCGI초단기우량채증권투자신탁[채권]종류CI,subsidiary_addr,대한민국,서울특별시 영등포구 국제금융로 10 One IFC 15층,R3_사명교차전파
11136,KCGI초단기우량채증권투자신탁[채권]종류CI,subsidiary_region,,서울,R3_사명교차전파
11137,알세온 PGCS 일반사모투자신탁 1종,subsidiary_addr,대한민국,서울특별시 용산구 독서당로 122-1 포트힐빌딩 5층,R3_사명교차전파
11137,알세온 PGCS 일반사모투자신탁 1종,subsidiary_region,,서울,R3_사명교차전파
11138,KCGI코리아증권투자신탁1호(주식) 종류CI(공모),subsidiary_addr,대한민국,서울특별시 영등포구 국제금융로 10 One IFC 15층,R3_사명교차전파
11138,KCGI코리아증권투자신탁1호(주식) 종류CI(공모),subsidiary_region,,서울,R3_사명교차전파
11139,라이프 ENGAGEMENT 일반사모투자신탁 제14호,subsidiary_addr,대한민국,서울특별시 영등포구 국제금융로 10 14층 1480호,R3_사명교차전파
11139,라이프 ENGAGEMENT 일반사모투자신탁 제14호,subsidiary_region,,서울,R3_사명교차전파
11142,고려산업(주),subsidiary_addr,대한민국,부산광역시 중구 중앙대로 22 (중앙동6가),R3_사명교차전파
11142,고려산업(주),subsidiary_region,,부산,R3_사명교차전파
11233,INO LLP,domestic,모름,국내,R3_지역확인
11234,삼부 카자흐스탄,domestic,모름,국내,R3_지역확인
11235,삼부 파키스탄,domestic,모름,국내,R3_지역확인
11276,신영레벨업코리아 증권투자신탁,domestic,모름,국내,R3_지역확인
11277,스프랏글로벌부동산 일반사모투자신탁제1호,domestic,모름,국내,R3_지역확인
11278,신영 Pre-IPO 신기술 사업투자조합 제1호,domestic,모름,국내,R3_지역확인
11279,신영 Pre-IPO 신기술 사업투자조합 제2호,domestic,모름,국내,R3_지역확인
11280,신영멀티전략-R 일반사모투자신탁,domestic,모름,국내,R3_지역확인
11281,신영중기채권증권 투자신탁,domestic,모름,국내,R3_지역확인
11282,플랜업피제이㈜,domestic,모름,국내,R3_지역확인
11283,디벨롭지아이오㈜,domestic,모름,국내,R3_지역확인
11284,플랜업선릉㈜,domestic,모름,국내,R3_지역확인
11285,유니버스문래㈜,domestic,모름,국내,R3_지역확인
11286,케이아이브리드제일차㈜,domestic,모름,국내,R3_지역확인
11287,플랜업에이치제이㈜,domestic,모름,국내,R3_지역확인
11288,플랜업화성㈜,domestic,모름,국내,R3_지역확인
11289,골드레이크제일차㈜,domestic,모름,국내,R3_지역확인
11290,플랜업유로제일차㈜,domestic,모름,국내,R3_지역확인
11291,유니버스울산역㈜,domestic,모름,국내,R3_지역확인
11292,플랜업용산제삼차㈜,domestic,모름,국내,R3_지역확인
11293,에스와이글로벌제삼차㈜,domestic,모름,국내,R3_지역확인
11294,플랜업광명㈜,domestic,모름,국내,R3_지역확인
11295,디벨롭포트㈜,domestic,모름,국내,R3_지역확인
11296,디벨롭개포㈜,domestic,모름,국내,R3_지역확인
11366,하이트진로음료(주),subsidiary_addr,,경기도 안산시 단원구 별망로79번길 55 (성곡동) ☎ 031-488-5516,R3_사명교차전파
11366,하이트진로음료(주),subsidiary_region,,경기,R3_사명교차전파
11366,하이트진로음료(주),domestic,모름,국내,R3_지역확인
11370,JINRO INC.,domestic,모름,국내,R3_지역확인
11504,사조씨푸드(주),subsidiary_addr,,"서울특별시 서대문구 통일로 107-39 502(충정로2가, 사조빌딩)",R3_사명교차전파
11504,사조씨푸드(주),subsidiary_region,,서울,R3_사명교차전파
11504,사조씨푸드(주),domestic,모름,국내,R3_지역확인
11564,현대얼터너티브주식회사,subsidiary_bizCtt,,금융,R3_사명교차전파
11565,특정금전신탁(18건),domestic,모름,국내,R3_지역확인
11580,특정금전신탁(주1),subsidiary_region,,경기,R3_사명교차전파
11580,특정금전신탁(주1),domestic,모름,국내,R3_지역확인
11780,케이앤에스제일차(유)(주5),subsidiary_bizCtt,,부동산개발,R3_사명교차전파
11781,케이앤오제일차(유)(주5),subsidiary_bizCtt,,부동산개발,R3_사명교차전파
11782,케이피이제일차(주)(주5),subsidiary_bizCtt,,부동산개발,R3_사명교차전파
11810,케이브이아이,domestic,모름,국내,R3_지역확인
11845,SK바이오팜㈜,subsidiary_region,,서울,R3_사명교차전파
11887,강원도시가스㈜,subsidiary_region,,강원,R3_사명교차전파
11888,영남에너지서비스㈜,subsidiary_region,,경북,R3_사명교차전파
11891,전북에너지서비스㈜,subsidiary_region,,전북,R3_사명교차전파
11892,전남도시가스㈜,subsidiary_region,,전남,R3_사명교차전파
11893,충청에너지서비스㈜,subsidiary_region,,충북,R3_사명교차전파
11983,특정금전신탁,domestic,모름,국내,R3_지역확인
12212,세아 ESG 신기술사업투자조합,subsidiary_addr,한국,서울시,R3_사명교차전파
12212,세아 ESG 신기술사업투자조합,subsidiary_region,,서울,R3_사명교차전파
12422,원신한인슈어테크신기술투자조합제1호,subsidiary_region,,서울,R3_사명교차전파
12422,원신한인슈어테크신기술투자조합제1호,domestic,모름,국내,R3_지역확인
12701,㈜키링,domestic,모름,국내,R3_지역확인
12702,조인핸즈네트워크㈜,domestic,모름,국내,R3_지역확인
12704,에이투지-아이피 투자조합,domestic,모름,국내,R3_지역확인
12708,스튜디오그리고㈜,domestic,모름,국내,R3_지역확인
12895,칼라앤터치(주),subsidiary_addr,대한민국,서울 영등포구 은행로 25,R3_사명교차전파
12895,칼라앤터치(주),subsidiary_region,,서울,R3_사명교차전파
12896,주식회사 에이치에스소싱,subsidiary_addr,대한민국,서울특별시 영등포구 은행로 25 4층,R3_사명교차전파
12896,주식회사 에이치에스소싱,subsidiary_region,,서울,R3_사명교차전파
12916,(주)에쎈테크,domestic,모름,국내,R3_지역확인
12955,Green Cross North America Inc.,domestic,모름,국내,R3_지역확인
13024,훼미리식품(주),subsidiary_bizCtt,,제조(빙과 과자류) 도소매 부동산 임대업,R3_사명교차전파
13025,(주)빨라쪼,subsidiary_bizCtt,,아이스크림 제조 도소매업,R3_사명교차전파
13044,불특정금전신탁,subsidiary_addr,,(주1),R3_사명교차전파
13045,개발신탁,subsidiary_addr,,(주1),R3_사명교차전파
13045,개발신탁,subsidiary_region,,서울,R3_사명교차전파
13045,개발신탁,domestic,모름,국내,R3_지역확인
13046,가계금전신탁,subsidiary_addr,,서울시 영등포구 여의나루로50,R3_사명교차전파
13046,가계금전신탁,subsidiary_region,,서울,R3_사명교차전파
13046,가계금전신탁,domestic,모름,국내,R3_지역확인
13048,기업금전신탁,subsidiary_addr,,서울시 영등포구 여의나루로50,R3_사명교차전파
13048,기업금전신탁,subsidiary_region,,서울,R3_사명교차전파
13048,기업금전신탁,domestic,모름,국내,R3_지역확인
13049,적립식목적신탁,subsidiary_addr,,서울시 영등포구 여의나루로50,R3_사명교차전파
13049,적립식목적신탁,subsidiary_region,,서울,R3_사명교차전파
13049,적립식목적신탁,domestic,모름,국내,R3_지역확인
13050,개인연금신탁,subsidiary_addr,,(주1),R3_사명교차전파
13050,개인연금신탁,subsidiary_region,,서울,R3_사명교차전파
13050,개인연금신탁,domestic,모름,국내,R3_지역확인
13051,퇴직신탁,subsidiary_addr,,(주1),R3_사명교차전파
13052,신개인연금신탁,subsidiary_addr,,(주1),R3_사명교차전파
13052,신개인연금신탁,subsidiary_region,,서울,R3_사명교차전파
13052,신개인연금신탁,domestic,모름,국내,R3_지역확인
13054,연금신탁,subsidiary_addr,,(주1),R3_사명교차전파
13054,연금신탁,subsidiary_region,,서울,R3_사명교차전파
13054,연금신탁,domestic,모름,국내,R3_지역확인
13095,Daehan Steel America Inc.,domestic,모름,국내,R3_지역확인
13325,마스턴유럽일반사모부동산투자신탁55호,domestic,모름,국내,R3_지역확인
13390,이지스글로벌일반사모부동산투자신탁551호 수익증권,domestic,모름,국내,R3_지역확인
13410,캡스톤APAC일반사모투자신탁3호,domestic,모름,국내,R3_지역확인
13412,GRE일반사모부동산투자신탁제11호,domestic,모름,국내,R3_지역확인
13415,캡스톤 APAC4호 수익증권,domestic,모름,국내,R3_지역확인
13420,대신 Japan 일반사모투자신탁 제16호(UH),domestic,모름,국내,R3_지역확인
13428,대신 Japan 하임 일반 사모투자신탁 제13호 2종 수익증권,domestic,모름,국내,R3_지역확인
13430,대신 Japan 하임 일반 사모투자신탁 제14호 2종 수익증권,domestic,모름,국내,R3_지역확인
13543,DONGBANG LOGISTICS VINA,domestic,모름,국내,R3_지역확인
13585,E1 America LLC,domestic,모름,국내,R3_지역확인
13589,Hydrogen Canada Corp.,domestic,모름,국내,R3_지역확인
13669,KISCO India Private Limited,domestic,모름,국내,R3_지역확인
13704,Hana Micron Vina Co.Ltd,domestic,모름,국내,R3_지역확인
13705,HT MICRON SEMICONDUTORES S.A.,domestic,모름,국내,R3_지역확인
14036,동원시스템즈(주),subsidiary_region,,충남,R3_사명교차전파
14065,(주)심원테크,subsidiary_region,,경기,R3_사명교차전파
14066,(주)심원개발,subsidiary_region,,경기,R3_사명교차전파
14186,엘비아시아전문투자형사모부동산투자신탁15호(주1),domestic,모름,국내,R3_지역확인
14264,삼성단기타겟플러스일반사모투자신탁 제1호,domestic,모름,국내,R3_지역확인
14265,하나단기타겟플러스일반사모증권 투자신탁 제1호,domestic,모름,국내,R3_지역확인
14266,KB 단기 타겟 플러스 일반 사모 투자신탁 제1호,domestic,모름,국내,R3_지역확인
14267,신한 단기 타켓 플러스 일반 사모증권 투자신탁 제1호,domestic,모름,국내,R3_지역확인
14416,NAC(SHANGHAI) CO.LTD.,domestic,모름,국내,R3_지역확인
14513,우리은행 원본보전신탁 및 원리금보전신탁,domestic,모름,국내,R3_지역확인
14520,NICE Info Vietnam Co. Ltd.,domestic,모름,국내,R3_지역확인
14522,NICE CREDIT INFORMATION COMPANY LIMITED,domestic,모름,국내,R3_지역확인
14525,특정금전신탁(주1),domestic,모름,국내,R3_지역확인
14608,DB다같이일반사모증권 투자신탁제100호[채권],domestic,모름,국내,R3_지역확인
14609,KB 리더스일반사모증권 투자신탁 제34호(채권),domestic,모름,국내,R3_지역확인
14610,코레이트베스트공모주일반사모혼합자산투자신탁,domestic,모름,국내,R3_지역확인
14611,스틱 공모주 일반사모 혼합자산 투자신탁 제2호(전문),domestic,모름,국내,R3_지역확인
14612,교보증권 하이 공모주 일반사모투자신탁,domestic,모름,국내,R3_지역확인
14613,DBOCIO자산배분안정형증권투자신탁[혼합-재간접형],domestic,모름,국내,R3_지역확인
14614,현대인베스트먼트디딤글로벌멀티에셋스마트 EMP증권자투자신탁1호(혼합-재간접형),domestic,모름,국내,R3_지역확인
14756,하나파워사모증권투자신탁21[채권],domestic,모름,국내,R3_지역확인
14757,한화트러스트사모증권투자신탁16[채권],domestic,모름,국내,R3_지역확인
14758,교보악사Tomorrow사모증권투자신탁KH-1호[채권],domestic,모름,국내,R3_지역확인
14778,원금이익보전약정신탁,domestic,모름,국내,R3_지역확인
14840,Hanwha Korea Enhanced Yield Bond Strategy Fund,domestic,모름,국내,R3_지역확인
14841,하나대체투자일반사모부동산투자신탁223호,domestic,모름,국내,R3_지역확인
14844,Hyundai L&C Canada Inc. (주2),domestic,모름,국내,R3_지역확인
14845,Hyundai L&C EUROPE GMBH (주2),domestic,모름,국내,R3_지역확인
14892,㈜모보,subsidiary_bizCtt,,절연선 및 케이블 제조업,R3_사명교차전파
14971,(주)레진엔터테인먼트,subsidiary_bizCtt,,콘텐츠 제작 및 유통 웹툰 플랫폼 서비스,R3_사명교차전파
15265,MMT 특정금전신탁,subsidiary_region,,서울,R3_사명교차전파
15265,MMT 특정금전신탁,domestic,모름,국내,R3_지역확인
15266,(주)글로벌심텍,subsidiary_bizCtt,,투자업 (지주회사),R3_사명교차전파
15491,개발신탁,subsidiary_region,,서울,R3_사명교차전파
15491,개발신탁,domestic,모름,국내,R3_지역확인
15494,신개인연금신탁,subsidiary_region,,서울,R3_사명교차전파
15494,신개인연금신탁,domestic,모름,국내,R3_지역확인
15495,개인연금신탁,subsidiary_region,,서울,R3_사명교차전파
15495,개인연금신탁,domestic,모름,국내,R3_지역확인
15498,연금신탁,subsidiary_region,,서울,R3_사명교차전파
15498,연금신탁,domestic,모름,국내,R3_지역확인
15508,하이트진로음료(주),domestic,모름,국내,R3_지역확인
15714,YOUNGWOO FASTENERS U.S.A.INC,domestic,모름,국내,R3_지역확인
15715,YOUNGWOO CANGZHOU FASTENERS CO.LTD.,domestic,모름,국내,R3_지역확인
15776,NICE CREDIT INFORMATION COMPANY LIMITED(베트남),domestic,모름,국내,R3_지역확인
15788,농업회사법인㈜문경양돈,subsidiary_region,,경북,R3_사명교차전파
15789,농업회사법인㈜안성,subsidiary_region,,경기,R3_사명교차전파
15791,농업회사법인㈜우포월드,subsidiary_region,,경남,R3_사명교차전파
15793,농업회사법인㈜지리산하이포지피,subsidiary_region,,경남,R3_사명교차전파
15795,농업회사법인㈜팜스월드지지피,subsidiary_region,,전남,R3_사명교차전파
15796,농업회사법인㈜부여육종,subsidiary_region,,충남,R3_사명교차전파
15805,농업회사법인㈜에스앤마니커,subsidiary_region,,경기,R3_사명교차전파
15807,농업회사법인㈜제이디팜,subsidiary_region,,전남,R3_사명교차전파
15818,제이디에코코어(주),subsidiary_region,,전남,R3_사명교차전파
16261,한화트라이써클인프라특별자산1호 등 144개,domestic,모름,국내,R3_지역확인
16299,삼성단기타겟플러스일반사모투자신탁 제1호,domestic,모름,국내,R3_지역확인
16300,하나단기타겟플러스일반사모증권투자신탁 1호,domestic,모름,국내,R3_지역확인
16301,KB단기타겟플러스일반사모투자신탁제1호,domestic,모름,국내,R3_지역확인
16302,신한 단기 타겟 플러스 일반 사모증권 투자신탁 제1호,domestic,모름,국내,R3_지역확인
16305,삼성벤처 46호,domestic,모름,국내,R3_지역확인
16306,삼성벤처 60호,domestic,모름,국내,R3_지역확인
16307,삼성SRA사모부동산투자신탁 제12호,domestic,모름,국내,R3_지역확인
16308,삼성SRA글로벌코어오피스사모부동산투자신탁 제1호,domestic,모름,국내,R3_지역확인
16309,삼성SRA글로벌코어오피스사모부동산투자신탁 제2호,domestic,모름,국내,R3_지역확인
16310,삼성SRA전문투자형 사모부동산투자신탁 제39호,domestic,모름,국내,R3_지역확인
16311,삼성SRA전문투자형 사모부동산투자신탁 제42B,domestic,모름,국내,R3_지역확인
16312,삼성SRA전문투자형사모부동산투자신탁제51호,domestic,모름,국내,R3_지역확인
16313,삼성SRA전문투자형사모부동산투자신탁제28E,domestic,모름,국내,R3_지역확인
16314,삼성SRA전문투자형사모부동산투자신탁제62호,domestic,모름,국내,R3_지역확인
16315,삼성SRA전문투자형사모부동산투자신탁 57호,domestic,모름,국내,R3_지역확인
16316,삼성SRA글로벌전략대출전문투자형사모부동산투자신탁제1호,domestic,모름,국내,R3_지역확인
16317,삼성SRA전문투자형사모부동산투자신탁제56호,domestic,모름,국내,R3_지역확인
16318,삼성SRA전문투자형사모부동산투자신탁제70호,domestic,모름,국내,R3_지역확인
16319,삼성SRA국내PF대출일반사모부동산투자신탁제1호,domestic,모름,국내,R3_지역확인
16320,삼성SRA미국대출일반사모부동산투자신탁1호,domestic,모름,국내,R3_지역확인
16321,삼성SRA아시아BGO일반사모부동산투자신탁제1호,domestic,모름,국내,R3_지역확인
16322,삼성SRA세빌스일반사모부동산투자신탁제1호,domestic,모름,국내,R3_지역확인
16323,삼성SRA글로벌전략일반사모부동산자투자신탁제2호,domestic,모름,국내,R3_지역확인
16324,삼성SRA글로벌전략일반사모부동산모투자신탁제2-1호,domestic,모름,국내,R3_지역확인
16325,삼성SRA글로벌전략일반사모부동산모투자신탁제2-2호,domestic,모름,국내,R3_지역확인
16326,삼성SRA글로벌전략일반사모부동산모투자신탁제2-3호,domestic,모름,국내,R3_지역확인
16327,삼성SRA글로벌전략일반사모부동산모투자신탁제2-4호,domestic,모름,국내,R3_지역확인
16328,삼성SRA글로벌전략일반사모부동산모투자신탁제2-6A호,domestic,모름,국내,R3_지역확인
16329,삼성SRA글로벌전략일반사모부동산모투자신탁제2-7호,domestic,모름,국내,R3_지역확인
16330,삼성SRA글로벌전략일반사모부동산모투자신탁제2-8호,domestic,모름,국내,R3_지역확인
16331,삼성SRA글로벌전략일반사모부동산모투자신탁제2-9호,domestic,모름,국내,R3_지역확인
16332,삼성SRA글로벌전략일반사모부동산모투자신탁제2-10호,domestic,모름,국내,R3_지역확인
16333,삼성SRA글로벌일반사모부동산자투자신탁제1호,domestic,모름,국내,R3_지역확인
16334,삼성SRA국내담보대출일반사모부동산투자신탁제1호,domestic,모름,국내,R3_지역확인
16335,삼성SRA글로벌대출일반사모부동산투자신탁제1호,domestic,모름,국내,R3_지역확인
16336,삼성SRA일반사모부동산투자신탁제101호,domestic,모름,국내,R3_지역확인
16337,삼성SRA국내담보대출일반사모부동산투자신탁제2호,domestic,모름,국내,R3_지역확인
16338,삼성SRA일반사모부동산투자신탁제75호,domestic,모름,국내,R3_지역확인
16339,삼성SRA국내PF대출일반사모부동산투자신탁제2호,domestic,모름,국내,R3_지역확인
16340,삼성SRA블랙스톤파트너쉽일반사모부동산투자신탁제1호,domestic,모름,국내,R3_지역확인
16341,삼성SRA국내PF대출일반사모부동산투자신탁제3호,domestic,모름,국내,R3_지역확인
16342,삼성SRA국내담보대출일반사모부동산투자신탁제3호,domestic,모름,국내,R3_지역확인
16343,삼성SRA전문투자형사모부동산투자신탁제63호,domestic,모름,국내,R3_지역확인
16344,삼성SRA글로벌전략일반사모부동산자투자신탁제3호,domestic,모름,국내,R3_지역확인
16345,삼성SRA글로벌전략일반사모부동산모투자신탁제3-1호,domestic,모름,국내,R3_지역확인
16346,삼성SRA글로벌전략일반사모부동산모투자신탁제3-1A호,domestic,모름,국내,R3_지역확인
16347,삼성SRA글로벌전략일반사모부동산모투자신탁제3-2호,domestic,모름,국내,R3_지역확인
16348,삼성SRA글로벌전략일반사모부동산모투자신탁제3-3호,domestic,모름,국내,R3_지역확인
16349,삼성SRA글로벌전략일반사모부동산모투자신탁제3-4호,domestic,모름,국내,R3_지역확인
16350,삼성SRA글로벌전략일반사모부동산모투자신탁제3-5호,domestic,모름,국내,R3_지역확인
16351,삼성SRA글로벌전략일반사모부동산모투자신탁제3-6호,domestic,모름,국내,R3_지역확인
16352,삼성SRA글로벌전략일반사모부동산모투자신탁제3-7호,domestic,모름,국내,R3_지역확인
16353,삼성SRA국내PF대출일반사모부동산투자신탁제4호,domestic,모름,국내,R3_지역확인
16354,삼성SRA국내담보대출일반사모부동산투자신탁제4호,domestic,모름,국내,R3_지역확인
16355,삼성SRA국내담보대출일반사모부동산투자신탁제5호,domestic,모름,국내,R3_지역확인
16356,삼성SRA글로벌멀티매니저일반사모부동산자투자신탁 제1호,domestic,모름,국내,R3_지역확인
16357,삼성SRA글로벌멀티매니저일반사모부동산모투자신탁제1-2호,domestic,모름,국내,R3_지역확인
16358,삼성SRA일반사모부동산투자신탁제115호,domestic,모름,국내,R3_지역확인
16359,삼성BTL인프라사모특별자산투자신탁 제3호,domestic,모름,국내,R3_지역확인
16360,삼성 글로벌 Private Equity Manager 사모증권투자신탁 제1호,domestic,모름,국내,R3_지역확인
16361,삼성UK Solar선순위대출채권 사모특별자산투자신탁,domestic,모름,국내,R3_지역확인
16362,삼성Aircraft전문투자형사모투자신탁 제3호,domestic,모름,국내,R3_지역확인
16363,삼성UK바이오매스전문투자형사모투자신탁 제1호,domestic,모름,국내,R3_지역확인
16364,삼성UK가스인프라전문투자형사모투자신탁 제1호,domestic,모름,국내,R3_지역확인
16365,삼성가지안텝전문투자형사모투자신탁 제1호,domestic,모름,국내,R3_지역확인
16366,삼성IFM글로벌인프라선순위전문투자형 사모투자신탁제1호,domestic,모름,국내,R3_지역확인
16367,KIAMCO터키가지안텝재간접사모특별자산투자신탁,domestic,모름,국내,R3_지역확인
16368,삼성착한책임투자증권투자신탁 제1호,domestic,모름,국내,R3_지역확인
16369,삼성미국태양광전문투자형사모투자신탁1호,domestic,모름,국내,R3_지역확인
16370,삼성Axium전문투자형사모투자신탁제1호,domestic,모름,국내,R3_지역확인
16371,브이아이오션탱커전문투자형사모투자신탁2호,domestic,모름,국내,R3_지역확인
16372,브이아이오션탱커전문투자형사모투자신탁3호,domestic,모름,국내,R3_지역확인
16373,삼성프랑스DKLNG전문투자형사모투자신탁2호,domestic,모름,국내,R3_지역확인
16374,삼성파워플랜트전문투자형 사모특별자산투자신탁 제1호,domestic,모름,국내,R3_지역확인
16375,삼성PEManager2019전문투자형사모투자신탁 제1호,domestic,모름,국내,R3_지역확인
16376,삼성파워플랜트전문투자형 사모투자신탁제2호,domestic,모름,국내,R3_지역확인
16377,삼성글로벌인프라전문투자형사모투자신탁제1호,domestic,모름,국내,R3_지역확인
16378,삼성DIF 글로벌 인프라 전문투자형 사모투자신탁1호,domestic,모름,국내,R3_지역확인
16379,마스턴글로벌전문투자형사모부동산투자신탁39호,domestic,모름,국내,R3_지역확인
16380,삼성ING-RiverRock유럽PDF전문투자형사모투자신탁 제1호,domestic,모름,국내,R3_지역확인
16381,삼성 인수금융 선순위대출 전문투자형사모투자신탁 제3호,domestic,모름,국내,R3_지역확인
16382,삼성 Co-investment 2021 일반사모투자신탁 제1호,domestic,모름,국내,R3_지역확인
16383,삼성 글로벌 인프라 일반사모투자신탁 제2-2호,domestic,모름,국내,R3_지역확인
16384,삼성글로벌인프라일반사모투자신탁제2-1호,domestic,모름,국내,R3_지역확인
16385,삼성기업금융전략일반사모투자신탁제1호,domestic,모름,국내,R3_지역확인
16386,KB해외투자일반사모부동산투자신탁제20호,domestic,모름,국내,R3_지역확인
16387,삼성인프라전략일반사모투자신탁제1호,domestic,모름,국내,R3_지역확인
16388,삼성미주인프라선순위전문투자형사모투자신탁제1호,domestic,모름,국내,R3_지역확인
16389,삼성선박항공기전략일반사모투자신탁제1호,domestic,모름,국내,R3_지역확인
16390,삼성 PE Manager 2022 일반사모투자신탁 제 1호,domestic,모름,국내,R3_지역확인
16391,삼성인프라크레딧일반사모투자신탁제1호,domestic,모름,국내,R3_지역확인
16392,삼성 Blackstone PE 일반사모투자신탁 제 1호,domestic,모름,국내,R3_지역확인
16393,삼성글로벌인프라일반사모투자신탁제3호,domestic,모름,국내,R3_지역확인
16394,삼성 PE Manager 2022 일반사모투자신탁 제 2호,domestic,모름,국내,R3_지역확인
16395,삼성 PE 프라임 리턴 일반사모투자신탁 제1호,domestic,모름,국내,R3_지역확인
16396,삼성 CIP IX 일반사모투자신탁제1호,domestic,모름,국내,R3_지역확인
16397,삼성 PE 프라임 인컴 일반사모투자신탁 제1호,domestic,모름,국내,R3_지역확인
16398,삼성인프라전략일반사모투자신탁제2호,domestic,모름,국내,R3_지역확인
16399,삼성Blackstone글로벌인프라일반사모투자신탁 제1호,domestic,모름,국내,R3_지역확인
16400,삼성미국나스닥100인덱스증권모투자신탁,domestic,모름,국내,R3_지역확인
16401,삼성미국나스닥100인덱스증권자투자신탁H,domestic,모름,국내,R3_지역확인
16402,삼성인수금융선순위대출전문투자형사모투자신탁제4호,domestic,모름,국내,R3_지역확인
16403,삼성PD솔루션일반사모투자신탁제1호,domestic,모름,국내,R3_지역확인
16404,삼성PD솔루션일반사모투자신탁제2호,domestic,모름,국내,R3_지역확인
16405,삼성EMP리얼리턴맥스증권자투자신탁H,domestic,모름,국내,R3_지역확인
16406,삼성EMP리얼리턴맥스증권모투자신탁,domestic,모름,국내,R3_지역확인
16407,삼성 PE 프라임 리턴 일반사모투자신탁 제2호,domestic,모름,국내,R3_지역확인
16408,삼성KODEX 26-12 회사채(AA-이상)액티브증권상장지수투자신탁,domestic,모름,국내,R3_지역확인
16409,삼성KODEX 27-12 회사채(AA-이상)액티브증권상장지수투자신탁,domestic,모름,국내,R3_지역확인
16410,삼성인프라전략일반사모투자신탁제3호,domestic,모름,국내,R3_지역확인
16411,삼성PIS글로벌인프라일반사모투자신탁 제2-1호,domestic,모름,국내,R3_지역확인
16412,KoAct 미국나스닥채권혼합50액티브,domestic,모름,국내,R3_지역확인
16489,경기그린에너지(주),subsidiary_addr,,경기도 화성시 향남읍 발안공단로 3길 77,R3_사명교차전파
16489,경기그린에너지(주),subsidiary_region,,경기,R3_사명교차전파
16489,경기그린에너지(주),domestic,모름,국내,R3_지역확인
16494,KHNP Chile SpA,domestic,모름,국내,R3_지역확인
16495,LSG Hydro Power Ltd.,domestic,모름,국내,R3_지역확인
16496,디지털혁신성장펀드,domestic,모름,국내,R3_지역확인
16498,코웨포서비스㈜,subsidiary_region,,충남,R3_사명교차전파
16500,서부발전창기태양광㈜,subsidiary_region,,충남,R3_사명교차전파
16888,코오롱글로텍㈜,subsidiary_addr,한국,"서울특별시 강서구 마곡동로 110 (마곡동, 코오롱one&only타워)",R3_사명교차전파
16888,코오롱글로텍㈜,subsidiary_region,,서울,R3_사명교차전파
16924,현대 ING CLO 사모특별자산투자신탁 1호,subsidiary_region,,경기,R3_사명교차전파
16924,현대 ING CLO 사모특별자산투자신탁 1호,domestic,모름,국내,R3_지역확인
16925,미래에셋맵스프런티어미국사모부동산투자신탁6-2호,subsidiary_region,,경기,R3_사명교차전파
16925,미래에셋맵스프런티어미국사모부동산투자신탁6-2호,domestic,모름,국내,R3_지역확인
17130,현대 ING CLO 사모특별자산투자신탁 1호,domestic,모름,국내,R3_지역확인
17131,미래에셋맵스프런티어미국사모부동산투자신탁6-2호,domestic,모름,국내,R3_지역확인
17199,미래에셋AI투자조합1호,subsidiary_region,,서울,R3_사명교차전파
17199,미래에셋AI투자조합1호,domestic,모름,국내,R3_지역확인
17379,엘엔에스ESG일반사모투자신탁 제60호,domestic,모름,국내,R3_지역확인
