episode_id,split,king_direct_appearance,king_speaker,king_mention,king_mention_count,king_persona_mention,king_persona_mention_count,king_relevance_score,is_king_related,is_king_strong,king_relation_type,utterance_count
train_ep_000000,train,False,False,True,1,True,1,2,True,True,speech_mention,14
train_ep_000001,train,False,False,False,0,False,0,0,False,False,none,14
train_ep_000002,train,False,False,False,0,False,0,0,False,False,none,14
train_ep_000003,train,False,False,True,3,True,1,4,True,True,speech_mention,14
train_ep_000004,train,True,True,False,0,True,1,9,True,True,direct_appearance,14
train_ep_000005,train,False,False,False,0,True,1,1,True,True,persona_mention,14
train_ep_000006,train,False,False,False,0,False,0,0,False,False,none,14
train_ep_000007,train,False,False,False,0,False,0,0,False,False,none,14
train_ep_000008,train,False,False,False,0,False,0,0,False,False,none,4
train_ep_000009,train,False,False,False,0,False,0,0,False,False,none,7
train_ep_000010,train,False,False,True,3,True,1,4,True,True,speech_mention,14
train_ep_000011,train,False,False,False,0,False,0,0,False,False,none,4
train_ep_000012,train,False,False,False,0,False,0,0,False,False,none,11
train_ep_000013,train,False,False,True,1,False,0,1,True,False,speech_mention,14
train_ep_000014,train,False,False,False,0,False,0,0,False,False,none,14
train_ep_000015,train,False,False,True,2,False,0,2,True,True,speech_mention,14
train_ep_000016,train,False,False,False,0,False,0,0,False,False,none,2
train_ep_000017,train,False,False,True,4,True,1,5,True,True,speech_mention,14
train_ep_000018,train,False,False,True,1,False,0,1,True,False,speech_mention,14
train_ep_000019,train,False,False,False,0,False,0,0,False,False,none,8
train_ep_000020,train,False,False,False,0,False,0,0,False,False,none,14
train_ep_000021,train,False,False,False,0,True,1,1,True,True,persona_mention,14
train_ep_000022,train,False,False,False,0,False,0,0,False,False,none,14
train_ep_000023,train,False,False,False,0,False,0,0,False,False,none,14
train_ep_000024,train,False,False,False,0,False,0,0,False,False,none,14
train_ep_000025,train,False,False,False,0,False,0,0,False,False,none,5
train_ep_000026,train,False,False,False,0,False,0,0,False,False,none,14
train_ep_000027,train,False,False,False,0,False,0,0,False,False,none,14
train_ep_000028,train,False,False,False,0,False,0,0,False,False,none,14
train_ep_000029,train,False,False,False,0,False,0,0,False,False,none,14
train_ep_000030,train,False,False,True,2,True,1,3,True,True,speech_mention,7
train_ep_000031,train,False,False,False,0,True,1,1,True,True,persona_mention,8
train_ep_000032,train,False,False,True,3,True,1,4,True,True,speech_mention,14
train_ep_000033,train,False,False,False,0,False,0,0,False,False,none,14
train_ep_000034,train,False,False,False,0,False,0,0,False,False,none,14
train_ep_000035,train,False,False,False,0,False,0,0,False,False,none,14
train_ep_000036,train,False,False,False,0,False,0,0,False,False,none,14
train_ep_000037,train,False,False,False,0,False,0,0,False,False,none,13
train_ep_000038,train,False,False,False,0,False,0,0,False,False,none,3
train_ep_000039,train,False,False,False,0,True,1,1,True,True,persona_mention,14
train_ep_000040,train,False,False,True,5,True,2,7,True,True,speech_mention,14
train_ep_000041,train,False,False,False,0,False,0,0,False,False,none,14
train_ep_000042,train,False,False,False,0,False,0,0,False,False,none,14
train_ep_000043,train,False,False,False,0,False,0,0,False,False,none,9
train_ep_000044,train,False,False,False,0,False,0,0,False,False,none,14
train_ep_000045,train,False,False,False,0,False,0,0,False,False,none,14
train_ep_000046,train,True,True,True,1,True,3,12,True,True,direct_appearance,7
train_ep_000047,train,False,False,True,3,False,0,3,True,True,speech_mention,14
train_ep_000048,train,False,False,True,1,False,0,1,True,False,speech_mention,14
train_ep_000049,train,False,False,False,0,True,2,2,True,True,persona_mention,14
train_ep_000050,train,False,False,False,0,False,0,0,False,False,none,14
train_ep_000051,train,False,False,True,2,False,0,2,True,True,speech_mention,14
train_ep_000052,train,False,False,False,0,False,0,0,False,False,none,14
train_ep_000053,train,False,False,False,0,False,0,0,False,False,none,14
train_ep_000054,train,False,False,True,3,True,1,4,True,True,speech_mention,14
train_ep_000055,train,False,False,False,0,False,0,0,False,False,none,14
train_ep_000056,train,False,False,True,1,True,1,2,True,True,speech_mention,14
train_ep_000057,train,False,False,False,0,False,0,0,False,False,none,14
train_ep_000058,train,False,False,False,0,False,0,0,False,False,none,14
train_ep_000059,train,True,True,True,2,True,3,13,True,True,direct_appearance,14
train_ep_000060,train,False,False,False,0,False,0,0,False,False,none,14
train_ep_000061,train,True,True,False,0,True,3,11,True,True,direct_appearance,14
train_ep_000062,train,False,False,True,1,True,2,3,True,True,speech_mention,14
train_ep_000063,train,False,False,False,0,True,1,1,True,True,persona_mention,14
train_ep_000064,train,False,False,False,0,False,0,0,False,False,none,6
train_ep_000065,train,False,False,False,0,False,0,0,False,False,none,14
train_ep_000066,train,False,False,False,0,False,0,0,False,False,none,9
train_ep_000067,train,False,False,False,0,True,1,1,True,True,persona_mention,14
train_ep_000068,train,False,False,True,1,True,2,3,True,True,speech_mention,14
train_ep_000069,train,False,False,False,0,False,0,0,False,False,none,14
train_ep_000070,train,False,False,False,0,False,0,0,False,False,none,14
train_ep_000071,train,False,False,True,1,True,1,2,True,True,speech_mention,14
train_ep_000072,train,False,False,True,3,False,0,3,True,True,speech_mention,14
train_ep_000073,train,False,False,False,0,False,0,0,False,False,none,14
train_ep_000074,train,False,False,True,1,True,1,2,True,True,speech_mention,14
train_ep_000075,train,False,False,False,0,True,2,2,True,True,persona_mention,14
train_ep_000076,train,True,True,True,1,False,0,9,True,True,direct_appearance,14
train_ep_000077,train,True,True,True,3,True,3,14,True,True,direct_appearance,14
train_ep_000078,train,False,False,False,0,False,0,0,False,False,none,14
train_ep_000079,train,False,False,False,0,False,0,0,False,False,none,14
train_ep_000080,train,False,False,False,0,False,0,0,False,False,none,14
train_ep_000081,train,False,False,True,2,False,0,2,True,True,speech_mention,14
train_ep_000082,train,False,False,False,0,False,0,0,False,False,none,14
train_ep_000083,train,False,False,False,0,False,0,0,False,False,none,14
train_ep_000084,train,False,False,False,0,False,0,0,False,False,none,14
train_ep_000085,train,False,False,False,0,False,0,0,False,False,none,14
train_ep_000086,train,False,False,False,0,False,0,0,False,False,none,14
train_ep_000087,train,False,False,False,0,False,0,0,False,False,none,14
train_ep_000088,train,False,False,False,0,True,2,2,True,True,persona_mention,14
train_ep_000089,train,False,False,False,0,False,0,0,False,False,none,14
train_ep_000090,train,False,False,False,0,True,2,2,True,True,persona_mention,14
train_ep_000091,train,True,True,True,2,True,1,11,True,True,direct_appearance,14
train_ep_000092,train,False,False,False,0,False,0,0,False,False,none,14
train_ep_000093,train,False,False,False,0,False,0,0,False,False,none,9
train_ep_000094,train,False,False,False,0,False,0,0,False,False,none,14
train_ep_000095,train,False,False,False,0,False,0,0,False,False,none,14
train_ep_000096,train,False,False,True,1,False,0,1,True,False,speech_mention,14
train_ep_000097,train,False,False,True,1,False,0,1,True,False,speech_mention,14
train_ep_000098,train,False,False,False,0,False,0,0,False,False,none,14
train_ep_000099,train,False,False,False,0,False,0,0,False,False,none,14
train_ep_000100,train,False,False,False,0,False,0,0,False,False,none,14
train_ep_000101,train,False,False,False,0,False,0,0,False,False,none,14
train_ep_000102,train,False,False,False,0,True,1,1,True,True,persona_mention,14
train_ep_000103,train,False,False,False,0,False,0,0,False,False,none,14
train_ep_000104,train,True,True,True,3,True,3,14,True,True,direct_appearance,14
train_ep_000105,train,False,False,False,0,False,0,0,False,False,none,14
train_ep_000106,train,False,False,False,0,True,1,1,True,True,persona_mention,14
train_ep_000107,train,False,False,True,4,True,1,5,True,True,speech_mention,14
train_ep_000108,train,False,False,True,3,False,0,3,True,True,speech_mention,14
train_ep_000109,train,False,False,True,3,True,1,4,True,True,speech_mention,14
train_ep_000110,train,False,False,False,0,False,0,0,False,False,none,14
train_ep_000111,train,True,True,False,0,True,1,9,True,True,direct_appearance,3
train_ep_000112,train,False,False,False,0,False,0,0,False,False,none,14
train_ep_000113,train,False,False,False,0,False,0,0,False,False,none,11
train_ep_000114,train,False,False,False,0,False,0,0,False,False,none,14
train_ep_000115,train,False,False,False,0,False,0,0,False,False,none,14
train_ep_000116,train,False,False,False,0,False,0,0,False,False,none,8
train_ep_000117,train,False,False,False,0,False,0,0,False,False,none,14
train_ep_000118,train,False,False,False,0,False,0,0,False,False,none,14
train_ep_000119,train,False,False,False,0,True,1,1,True,True,persona_mention,14
train_ep_000120,train,False,False,False,0,False,0,0,False,False,none,6
train_ep_000121,train,False,False,False,0,False,0,0,False,False,none,14
train_ep_000122,train,False,False,True,1,True,1,2,True,True,speech_mention,14
train_ep_000123,train,False,False,True,2,True,1,3,True,True,speech_mention,14
train_ep_000124,train,False,False,False,0,True,1,1,True,True,persona_mention,14
train_ep_000125,train,False,False,False,0,False,0,0,False,False,none,3
train_ep_000126,train,False,False,False,0,False,0,0,False,False,none,14
train_ep_000127,train,False,False,False,0,False,0,0,False,False,none,14
train_ep_000128,train,False,False,True,1,True,1,2,True,True,speech_mention,14
train_ep_000129,train,False,False,True,2,True,1,3,True,True,speech_mention,14
train_ep_000130,train,False,False,False,0,True,1,1,True,True,persona_mention,13
train_ep_000131,train,False,False,False,0,False,0,0,False,False,none,14
train_ep_000132,train,False,False,False,0,True,1,1,True,True,persona_mention,2
train_ep_000133,train,False,False,False,0,False,0,0,False,False,none,14
train_ep_000134,train,False,False,False,0,True,1,1,True,True,persona_mention,14
train_ep_000135,train,False,False,True,1,False,0,1,True,False,speech_mention,7
train_ep_000136,train,True,True,True,4,True,1,13,True,True,direct_appearance,14
train_ep_000137,train,False,False,False,0,False,0,0,False,False,none,4
train_ep_000138,train,False,False,True,2,True,1,3,True,True,speech_mention,4
train_ep_000139,train,False,False,False,0,False,0,0,False,False,none,14
train_ep_000140,train,False,False,False,0,False,0,0,False,False,none,14
train_ep_000141,train,False,False,False,0,False,0,0,False,False,none,14
train_ep_000142,train,False,False,True,1,True,1,2,True,True,speech_mention,5
train_ep_000143,train,False,False,False,0,False,0,0,False,False,none,4
train_ep_000144,train,False,False,False,0,False,0,0,False,False,none,12
train_ep_000145,train,False,False,False,0,False,0,0,False,False,none,3
train_ep_000146,train,False,False,False,0,False,0,0,False,False,none,9
train_ep_000147,train,False,False,False,0,False,0,0,False,False,none,4
train_ep_000148,train,False,False,False,0,False,0,0,False,False,none,3
train_ep_000149,train,False,False,True,2,False,0,2,True,True,speech_mention,14
train_ep_000150,train,False,False,False,0,False,0,0,False,False,none,14
train_ep_000151,train,False,False,False,0,False,0,0,False,False,none,5
train_ep_000152,train,False,False,False,0,True,1,1,True,True,persona_mention,2
train_ep_000153,train,False,False,True,3,True,1,4,True,True,speech_mention,14
train_ep_000154,train,False,False,False,0,False,0,0,False,False,none,14
train_ep_000155,train,False,False,False,0,True,1,1,True,True,persona_mention,14
train_ep_000156,train,False,False,True,2,True,1,3,True,True,speech_mention,14
train_ep_000157,train,True,True,True,2,True,3,13,True,True,direct_appearance,14
train_ep_000158,train,True,True,True,1,True,1,10,True,True,direct_appearance,14
train_ep_000159,train,False,False,False,0,False,0,0,False,False,none,14
train_ep_000160,train,False,False,True,1,True,2,3,True,True,speech_mention,14
train_ep_000161,train,False,False,False,0,True,1,1,True,True,persona_mention,4
train_ep_000162,train,False,False,True,3,True,2,5,True,True,speech_mention,14
train_ep_000163,train,False,False,False,0,False,0,0,False,False,none,12
train_ep_000164,train,False,False,True,1,True,1,2,True,True,speech_mention,14
train_ep_000165,train,False,False,True,1,False,0,1,True,False,speech_mention,14
train_ep_000166,train,True,True,True,2,True,4,13,True,True,direct_appearance,11
train_ep_000167,train,False,False,False,0,False,0,0,False,False,none,14
train_ep_000168,train,False,False,False,0,False,0,0,False,False,none,14
train_ep_000169,train,False,False,True,4,True,2,6,True,True,speech_mention,14
train_ep_000170,train,False,False,False,0,False,0,0,False,False,none,14
train_ep_000171,train,False,False,False,0,False,0,0,False,False,none,5
train_ep_000172,train,False,False,False,0,False,0,0,False,False,none,14
train_ep_000173,train,False,False,True,3,True,1,4,True,True,speech_mention,14
train_ep_000174,train,False,False,True,7,True,2,7,True,True,speech_mention,14
train_ep_000175,train,False,False,False,0,False,0,0,False,False,none,14
train_ep_000176,train,True,True,True,1,True,1,10,True,True,direct_appearance,5
train_ep_000177,train,False,False,False,0,False,0,0,False,False,none,10
train_ep_000178,train,False,False,False,0,False,0,0,False,False,none,9
train_ep_000179,train,False,False,False,0,True,1,1,True,True,persona_mention,10
train_ep_000180,train,False,False,False,0,False,0,0,False,False,none,4
train_ep_000181,train,False,False,False,0,False,0,0,False,False,none,14
train_ep_000182,train,False,False,False,0,False,0,0,False,False,none,14
train_ep_000183,train,False,False,False,0,False,0,0,False,False,none,12
train_ep_000184,train,False,False,False,0,True,1,1,True,True,persona_mention,3
train_ep_000185,train,False,False,False,0,False,0,0,False,False,none,14
train_ep_000186,train,False,False,True,4,True,1,5,True,True,speech_mention,14
train_ep_000187,train,False,False,False,0,False,0,0,False,False,none,14
train_ep_000188,train,True,True,True,2,True,3,13,True,True,direct_appearance,13
train_ep_000189,train,False,False,False,0,False,0,0,False,False,none,14
train_ep_000190,train,False,False,False,0,False,0,0,False,False,none,14
train_ep_000191,train,False,False,False,0,False,0,0,False,False,none,14
train_ep_000192,train,False,False,True,1,True,2,3,True,True,speech_mention,14
train_ep_000193,train,True,True,False,0,True,4,11,True,True,direct_appearance,14
train_ep_000194,train,False,False,False,0,False,0,0,False,False,none,14
train_ep_000195,train,True,True,True,6,True,3,16,True,True,direct_appearance,14
train_ep_000196,train,False,False,False,0,True,2,2,True,True,persona_mention,14
train_ep_000197,train,False,False,True,1,False,0,1,True,False,speech_mention,14
train_ep_000198,train,False,False,False,0,True,2,2,True,True,persona_mention,14
train_ep_000199,train,False,False,False,0,False,0,0,False,False,none,14
train_ep_000200,train,False,False,False,0,False,0,0,False,False,none,14
train_ep_000201,train,False,False,False,0,False,0,0,False,False,none,12
train_ep_000202,train,False,False,True,1,False,0,1,True,False,speech_mention,14
train_ep_000203,train,False,False,False,0,False,0,0,False,False,none,14
train_ep_000204,train,False,False,False,0,True,1,1,True,True,persona_mention,14
train_ep_000205,train,False,False,False,0,False,0,0,False,False,none,3
train_ep_000206,train,False,False,False,0,False,0,0,False,False,none,2
train_ep_000207,train,False,False,False,0,False,0,0,False,False,none,4
train_ep_000208,train,False,False,False,0,False,0,0,False,False,none,14
train_ep_000209,train,False,False,True,3,True,1,4,True,True,speech_mention,14
train_ep_000210,train,False,False,False,0,False,0,0,False,False,none,14
train_ep_000211,train,True,True,True,1,True,4,12,True,True,direct_appearance,14
train_ep_000212,train,False,False,False,0,False,0,0,False,False,none,14
train_ep_000213,train,False,False,True,3,True,1,4,True,True,speech_mention,14
train_ep_000214,train,False,False,False,0,False,0,0,False,False,none,2
train_ep_000215,train,False,False,True,2,True,1,3,True,True,speech_mention,14
train_ep_000216,train,False,False,False,0,False,0,0,False,False,none,14
train_ep_000217,train,False,False,False,0,False,0,0,False,False,none,14
train_ep_000218,train,False,False,False,0,False,0,0,False,False,none,14
train_ep_000219,train,False,False,True,3,True,2,5,True,True,speech_mention,8
train_ep_000220,train,False,False,False,0,True,2,2,True,True,persona_mention,14
train_ep_000221,train,False,False,False,0,False,0,0,False,False,none,12
train_ep_000222,train,False,False,True,2,False,0,2,True,True,speech_mention,14
train_ep_000223,train,False,False,False,0,True,1,1,True,True,persona_mention,14
train_ep_000224,train,False,False,False,0,False,0,0,False,False,none,14
train_ep_000225,train,False,False,False,0,False,0,0,False,False,none,14
train_ep_000226,train,False,False,False,0,False,0,0,False,False,none,14
train_ep_000227,train,False,False,False,0,False,0,0,False,False,none,14
train_ep_000228,train,False,False,True,3,True,1,4,True,True,speech_mention,14
train_ep_000229,train,False,False,True,1,True,2,3,True,True,speech_mention,14
train_ep_000230,train,False,False,False,0,True,1,1,True,True,persona_mention,14
train_ep_000231,train,False,False,False,0,True,1,1,True,True,persona_mention,14
train_ep_000232,train,False,False,False,0,False,0,0,False,False,none,14
train_ep_000233,train,False,False,True,3,True,2,5,True,True,speech_mention,14
train_ep_000234,train,False,False,True,4,False,0,4,True,True,speech_mention,14
train_ep_000235,train,False,False,False,0,False,0,0,False,False,none,8
train_ep_000236,train,False,False,False,0,False,0,0,False,False,none,14
train_ep_000237,train,False,False,False,0,True,1,1,True,True,persona_mention,10
train_ep_000238,train,False,False,True,3,True,5,6,True,True,speech_mention,4
train_ep_000239,train,False,False,False,0,False,0,0,False,False,none,14
train_ep_000240,train,False,False,False,0,False,0,0,False,False,none,14
train_ep_000241,train,False,False,False,0,False,0,0,False,False,none,14
train_ep_000242,train,False,False,False,0,False,0,0,False,False,none,8
train_ep_000243,train,False,False,False,0,True,1,1,True,True,persona_mention,14
train_ep_000244,train,False,False,False,0,False,0,0,False,False,none,14
train_ep_000245,train,False,False,True,4,False,0,4,True,True,speech_mention,14
train_ep_000246,train,False,False,True,2,False,0,2,True,True,speech_mention,14
train_ep_000247,train,False,False,False,0,False,0,0,False,False,none,14
train_ep_000248,train,False,False,False,0,False,0,0,False,False,none,14
train_ep_000249,train,False,False,False,0,True,2,2,True,True,persona_mention,3
train_ep_000250,train,False,False,True,1,True,1,2,True,True,speech_mention,14
train_ep_000251,train,False,False,False,0,False,0,0,False,False,none,14
train_ep_000252,train,False,False,False,0,False,0,0,False,False,none,14
train_ep_000253,train,False,False,False,0,False,0,0,False,False,none,14
train_ep_000254,train,False,False,False,0,True,1,1,True,True,persona_mention,14
train_ep_000255,train,False,False,False,0,False,0,0,False,False,none,14
train_ep_000256,train,False,False,True,3,True,2,5,True,True,speech_mention,14
train_ep_000257,train,False,False,False,0,False,0,0,False,False,none,2
train_ep_000258,train,False,False,False,0,False,0,0,False,False,none,12
train_ep_000259,train,False,False,False,0,False,0,0,False,False,none,14
train_ep_000260,train,False,False,False,0,True,1,1,True,True,persona_mention,14
train_ep_000261,train,True,True,True,1,True,2,11,True,True,direct_appearance,14
train_ep_000262,train,True,True,True,2,True,2,12,True,True,direct_appearance,14
train_ep_000263,train,True,True,True,2,True,3,13,True,True,direct_appearance,14
train_ep_000264,train,False,False,False,0,False,0,0,False,False,none,14
train_ep_000265,train,False,False,False,0,False,0,0,False,False,none,14
train_ep_000266,train,False,False,False,0,False,0,0,False,False,none,14
train_ep_000267,train,False,False,False,0,False,0,0,False,False,none,14
train_ep_000268,train,False,False,False,0,False,0,0,False,False,none,4
train_ep_000269,train,False,False,False,0,True,1,1,True,True,persona_mention,14
train_ep_000270,train,False,False,False,0,False,0,0,False,False,none,9
train_ep_000271,train,False,False,False,0,True,1,1,True,True,persona_mention,14
train_ep_000272,train,False,False,True,3,True,1,4,True,True,speech_mention,14
train_ep_000273,train,False,False,False,0,False,0,0,False,False,none,14
train_ep_000274,train,False,False,True,2,True,1,3,True,True,speech_mention,14
train_ep_000275,train,False,False,False,0,False,0,0,False,False,none,14
train_ep_000276,train,True,True,True,5,False,0,13,True,True,direct_appearance,14
train_ep_000277,train,True,True,True,1,True,1,10,True,True,direct_appearance,2
train_ep_000278,train,False,False,False,0,False,0,0,False,False,none,14
train_ep_000279,train,False,False,True,1,True,2,3,True,True,speech_mention,14
train_ep_000280,train,False,False,False,0,False,0,0,False,False,none,14
train_ep_000281,train,False,False,False,0,False,0,0,False,False,none,14
train_ep_000282,train,False,False,False,0,False,0,0,False,False,none,14
train_ep_000283,train,False,False,False,0,False,0,0,False,False,none,14
train_ep_000284,train,False,False,False,0,False,0,0,False,False,none,14
train_ep_000285,train,False,False,False,0,False,0,0,False,False,none,14
train_ep_000286,train,False,False,False,0,False,0,0,False,False,none,12
train_ep_000287,train,False,False,False,0,False,0,0,False,False,none,5
train_ep_000288,train,False,False,False,0,False,0,0,False,False,none,2
train_ep_000289,train,False,False,True,5,True,2,7,True,True,speech_mention,14
train_ep_000290,train,False,False,False,0,False,0,0,False,False,none,14
train_ep_000291,train,False,False,False,0,True,1,1,True,True,persona_mention,14
train_ep_000292,train,False,False,True,4,False,0,4,True,True,speech_mention,14
train_ep_000293,train,True,True,False,0,True,1,9,True,True,direct_appearance,9
train_ep_000294,train,False,False,True,2,False,0,2,True,True,speech_mention,14
train_ep_000295,train,False,False,True,1,False,0,1,True,False,speech_mention,11
train_ep_000296,train,False,False,False,0,True,1,1,True,True,persona_mention,5
train_ep_000297,train,False,False,False,0,False,0,0,False,False,none,10
train_ep_000298,train,False,False,False,0,False,0,0,False,False,none,3
train_ep_000299,train,True,True,True,2,True,1,11,True,True,direct_appearance,13
train_ep_000300,train,False,False,True,2,True,1,3,True,True,speech_mention,10
train_ep_000301,train,False,False,False,0,False,0,0,False,False,none,5
train_ep_000302,train,False,False,False,0,False,0,0,False,False,none,6
train_ep_000303,train,False,False,False,0,True,1,1,True,True,persona_mention,3
train_ep_000304,train,False,False,True,1,True,1,2,True,True,speech_mention,4
train_ep_000305,train,False,False,False,0,False,0,0,False,False,none,4
train_ep_000306,train,False,False,False,0,False,0,0,False,False,none,3
train_ep_000307,train,False,False,False,0,False,0,0,False,False,none,4
train_ep_000308,train,False,False,False,0,True,1,1,True,True,persona_mention,5
train_ep_000309,train,False,False,True,1,True,1,2,True,True,speech_mention,11
train_ep_000310,train,False,False,True,1,False,0,1,True,False,speech_mention,14
train_ep_000311,train,False,False,False,0,False,0,0,False,False,none,14
train_ep_000312,train,False,False,False,0,True,2,2,True,True,persona_mention,2
train_ep_000313,train,False,False,False,0,False,0,0,False,False,none,14
train_ep_000314,train,False,False,False,0,False,0,0,False,False,none,11
train_ep_000315,train,False,False,False,0,False,0,0,False,False,none,14
train_ep_000316,train,False,False,False,0,False,0,0,False,False,none,14
train_ep_000317,train,False,False,True,1,False,0,1,True,False,speech_mention,14
train_ep_000318,train,False,False,True,1,True,1,2,True,True,speech_mention,14
train_ep_000319,train,False,False,True,1,True,1,2,True,True,speech_mention,14
train_ep_000320,train,False,False,False,0,False,0,0,False,False,none,14
train_ep_000321,train,False,False,True,2,True,1,3,True,True,speech_mention,14
train_ep_000322,train,False,False,False,0,False,0,0,False,False,none,4
train_ep_000323,train,False,False,False,0,True,1,1,True,True,persona_mention,4
train_ep_000324,train,False,False,False,0,False,0,0,False,False,none,14
train_ep_000325,train,False,False,True,2,False,0,2,True,True,speech_mention,14
train_ep_000326,train,False,False,False,0,False,0,0,False,False,none,14
train_ep_000327,train,False,False,False,0,False,0,0,False,False,none,14
train_ep_000328,train,False,False,True,4,True,1,5,True,True,speech_mention,14
train_ep_000329,train,False,False,True,1,False,0,1,True,False,speech_mention,14
train_ep_000330,train,False,False,False,0,True,1,1,True,True,persona_mention,3
train_ep_000331,train,False,False,False,0,False,0,0,False,False,none,4
train_ep_000332,train,False,False,False,0,False,0,0,False,False,none,14
train_ep_000333,train,False,False,True,1,True,1,2,True,True,speech_mention,14
train_ep_000334,train,False,False,False,0,False,0,0,False,False,none,14
train_ep_000335,train,True,True,True,2,True,4,13,True,True,direct_appearance,14
train_ep_000336,train,False,False,False,0,True,1,1,True,True,persona_mention,7
train_ep_000337,train,False,False,False,0,True,1,1,True,True,persona_mention,4
train_ep_000338,train,False,False,False,0,False,0,0,False,False,none,14
train_ep_000339,train,True,True,True,1,True,4,12,True,True,direct_appearance,14
train_ep_000340,train,False,False,False,0,False,0,0,False,False,none,14
train_ep_000341,train,True,True,True,5,True,2,15,True,True,direct_appearance,14
train_ep_000342,train,False,False,False,0,False,0,0,False,False,none,4
train_ep_000343,train,False,False,False,0,False,0,0,False,False,none,14
train_ep_000344,train,False,False,True,4,True,2,6,True,True,speech_mention,14
train_ep_000345,train,False,False,True,3,True,1,4,True,True,speech_mention,10
train_ep_000346,train,False,False,True,2,True,3,5,True,True,speech_mention,14
train_ep_000347,train,False,False,False,0,False,0,0,False,False,none,10
train_ep_000348,train,False,False,True,1,False,0,1,True,False,speech_mention,12
train_ep_000349,train,False,False,False,0,False,0,0,False,False,none,14
train_ep_000350,train,False,False,False,0,True,1,1,True,True,persona_mention,4
train_ep_000351,train,False,False,False,0,True,2,2,True,True,persona_mention,14
train_ep_000352,train,True,True,False,0,False,0,8,True,True,direct_appearance,1
train_ep_000353,train,False,False,False,0,False,0,0,False,False,none,14
train_ep_000354,train,False,False,False,0,False,0,0,False,False,none,8
train_ep_000355,train,True,True,False,0,True,1,9,True,True,direct_appearance,2
train_ep_000356,train,False,False,False,0,False,0,0,False,False,none,14
train_ep_000357,train,False,False,False,0,False,0,0,False,False,none,14
train_ep_000358,train,False,False,False,0,False,0,0,False,False,none,14
train_ep_000359,train,False,False,True,4,True,1,5,True,True,speech_mention,14
train_ep_000360,train,False,False,True,1,True,2,3,True,True,speech_mention,13
train_ep_000361,train,False,False,False,0,False,0,0,False,False,none,14
train_ep_000362,train,False,False,False,0,False,0,0,False,False,none,14
train_ep_000363,train,False,False,True,1,True,1,2,True,True,speech_mention,14
train_ep_000364,train,False,False,False,0,False,0,0,False,False,none,14
train_ep_000365,train,True,True,True,1,False,0,9,True,True,direct_appearance,3
train_ep_000366,train,False,False,False,0,False,0,0,False,False,none,10
train_ep_000367,train,False,False,False,0,True,1,1,True,True,persona_mention,14
train_ep_000368,train,False,False,True,2,True,3,5,True,True,speech_mention,14
train_ep_000369,train,False,False,False,0,False,0,0,False,False,none,14
train_ep_000370,train,False,False,False,0,False,0,0,False,False,none,14
train_ep_000371,train,False,False,False,0,False,0,0,False,False,none,14
train_ep_000372,train,False,False,False,0,False,0,0,False,False,none,6
train_ep_000373,train,False,False,False,0,True,1,1,True,True,persona_mention,12
train_ep_000374,train,False,False,False,0,False,0,0,False,False,none,4
train_ep_000375,train,False,False,False,0,False,0,0,False,False,none,14
train_ep_000376,train,False,False,False,0,True,1,1,True,True,persona_mention,14
train_ep_000377,train,True,True,True,1,True,3,12,True,True,direct_appearance,7
train_ep_000378,train,False,False,False,0,False,0,0,False,False,none,4
train_ep_000379,train,False,False,False,0,True,1,1,True,True,persona_mention,3
train_ep_000380,train,False,False,False,0,False,0,0,False,False,none,14
train_ep_000381,train,False,False,True,3,False,0,3,True,True,speech_mention,14
train_ep_000382,train,False,False,True,2,True,2,4,True,True,speech_mention,14
train_ep_000383,train,False,False,False,0,False,0,0,False,False,none,14
train_ep_000384,train,False,False,False,0,False,0,0,False,False,none,14
train_ep_000385,train,False,False,False,0,False,0,0,False,False,none,14
train_ep_000386,train,False,False,False,0,True,1,1,True,True,persona_mention,14
train_ep_000387,train,False,False,False,0,False,0,0,False,False,none,14
train_ep_000388,train,False,False,True,1,True,1,2,True,True,speech_mention,14
train_ep_000389,train,False,False,False,0,False,0,0,False,False,none,14
train_ep_000390,train,True,True,True,2,True,3,13,True,True,direct_appearance,5
train_ep_000391,train,False,False,False,0,False,0,0,False,False,none,7
train_ep_000392,train,False,False,False,0,False,0,0,False,False,none,10
train_ep_000393,train,False,False,False,0,False,0,0,False,False,none,14
train_ep_000394,train,False,False,False,0,False,0,0,False,False,none,14
train_ep_000395,train,False,False,False,0,False,0,0,False,False,none,14
train_ep_000396,train,False,False,False,0,True,1,1,True,True,persona_mention,4
train_ep_000397,train,False,False,False,0,False,0,0,False,False,none,5
train_ep_000398,train,False,False,False,0,False,0,0,False,False,none,14
train_ep_000399,train,False,False,True,1,True,2,3,True,True,speech_mention,14
train_ep_000400,train,False,False,False,0,True,1,1,True,True,persona_mention,14
train_ep_000401,train,False,False,True,3,True,1,4,True,True,speech_mention,14
train_ep_000402,train,False,False,False,0,False,0,0,False,False,none,14
train_ep_000403,train,False,False,False,0,False,0,0,False,False,none,14
train_ep_000404,train,False,False,True,2,True,1,3,True,True,speech_mention,14
train_ep_000405,train,False,False,False,0,True,1,1,True,True,persona_mention,14
train_ep_000406,train,False,False,False,0,False,0,0,False,False,none,14
train_ep_000407,train,True,True,True,2,True,4,13,True,True,direct_appearance,14
train_ep_000408,train,False,False,False,0,False,0,0,False,False,none,14
train_ep_000409,train,False,False,False,0,False,0,0,False,False,none,14
train_ep_000410,train,True,True,True,1,True,3,12,True,True,direct_appearance,14
train_ep_000411,train,False,False,False,0,False,0,0,False,False,none,14
train_ep_000412,train,False,False,False,0,False,0,0,False,False,none,6
train_ep_000413,train,False,False,False,0,True,1,1,True,True,persona_mention,14
train_ep_000414,train,False,False,True,1,True,1,2,True,True,speech_mention,14
train_ep_000415,train,False,False,False,0,False,0,0,False,False,none,3
train_ep_000416,train,False,False,False,0,False,0,0,False,False,none,14
train_ep_000417,train,False,False,False,0,True,1,1,True,True,persona_mention,13
train_ep_000418,train,False,False,True,4,True,1,5,True,True,speech_mention,14
train_ep_000419,train,False,False,False,0,False,0,0,False,False,none,13
train_ep_000420,train,False,False,True,1,True,1,2,True,True,speech_mention,14
train_ep_000421,train,False,False,False,0,False,0,0,False,False,none,3
train_ep_000422,train,False,False,True,1,False,0,1,True,False,speech_mention,14
train_ep_000423,train,False,False,True,3,False,0,3,True,True,speech_mention,14
train_ep_000424,train,False,False,False,0,False,0,0,False,False,none,14
train_ep_000425,train,False,False,False,0,False,0,0,False,False,none,14
train_ep_000426,train,False,False,False,0,False,0,0,False,False,none,14
train_ep_000427,train,False,False,False,0,False,0,0,False,False,none,14
train_ep_000428,train,False,False,False,0,False,0,0,False,False,none,14
train_ep_000429,train,False,False,False,0,False,0,0,False,False,none,4
train_ep_000430,train,False,False,False,0,False,0,0,False,False,none,14
train_ep_000431,train,False,False,False,0,False,0,0,False,False,none,14
train_ep_000432,train,False,False,True,2,False,0,2,True,True,speech_mention,14
train_ep_000433,train,False,False,True,1,True,1,2,True,True,speech_mention,14
train_ep_000434,train,False,False,False,0,False,0,0,False,False,none,14
train_ep_000435,train,False,False,True,1,True,1,2,True,True,speech_mention,14
train_ep_000436,train,False,False,False,0,False,0,0,False,False,none,14
train_ep_000437,train,False,False,False,0,False,0,0,False,False,none,14
train_ep_000438,train,False,False,True,4,True,1,5,True,True,speech_mention,14
train_ep_000439,train,False,False,False,0,False,0,0,False,False,none,14
train_ep_000440,train,False,False,False,0,False,0,0,False,False,none,14
train_ep_000441,train,False,False,False,0,False,0,0,False,False,none,9
train_ep_000442,train,False,False,False,0,False,0,0,False,False,none,14
train_ep_000443,train,False,False,True,3,False,0,3,True,True,speech_mention,14
train_ep_000444,train,False,False,False,0,False,0,0,False,False,none,14
train_ep_000445,train,False,False,False,0,False,0,0,False,False,none,14
train_ep_000446,train,False,False,False,0,True,1,1,True,True,persona_mention,14
train_ep_000447,train,True,True,True,7,True,3,16,True,True,direct_appearance,14
train_ep_000448,train,False,False,False,0,False,0,0,False,False,none,5
train_ep_000449,train,False,False,False,0,False,0,0,False,False,none,14
train_ep_000450,train,False,False,False,0,False,0,0,False,False,none,14
train_ep_000451,train,False,False,False,0,False,0,0,False,False,none,14
train_ep_000452,train,False,False,False,0,False,0,0,False,False,none,12
train_ep_000453,train,False,False,False,0,False,0,0,False,False,none,14
train_ep_000454,train,False,False,False,0,False,0,0,False,False,none,14
train_ep_000455,train,False,False,True,7,True,1,6,True,True,speech_mention,14
train_ep_000456,train,False,False,True,3,True,1,4,True,True,speech_mention,14
train_ep_000457,train,False,False,False,0,False,0,0,False,False,none,14
train_ep_000458,train,False,False,False,0,False,0,0,False,False,none,14
train_ep_000459,train,False,False,False,0,False,0,0,False,False,none,14
train_ep_000460,train,False,False,True,2,True,1,3,True,True,speech_mention,14
train_ep_000461,train,False,False,False,0,False,0,0,False,False,none,14
train_ep_000462,train,False,False,False,0,False,0,0,False,False,none,14
train_ep_000463,train,False,False,False,0,False,0,0,False,False,none,14
train_ep_000464,train,False,False,False,0,False,0,0,False,False,none,14
train_ep_000465,train,False,False,False,0,False,0,0,False,False,none,14
train_ep_000466,train,False,False,False,0,False,0,0,False,False,none,14
train_ep_000467,train,False,False,True,2,True,2,4,True,True,speech_mention,14
train_ep_000468,train,False,False,True,4,True,2,6,True,True,speech_mention,14
train_ep_000469,train,False,False,False,0,False,0,0,False,False,none,14
train_ep_000470,train,False,False,False,0,True,2,2,True,True,persona_mention,14
train_ep_000471,train,False,False,True,1,True,1,2,True,True,speech_mention,14
train_ep_000472,train,False,False,False,0,False,0,0,False,False,none,14
train_ep_000473,train,False,False,False,0,False,0,0,False,False,none,14
train_ep_000474,train,True,True,True,4,True,3,15,True,True,direct_appearance,14
train_ep_000475,train,False,False,False,0,False,0,0,False,False,none,14
train_ep_000476,train,False,False,False,0,True,1,1,True,True,persona_mention,14
train_ep_000477,train,True,True,False,0,True,2,10,True,True,direct_appearance,14
train_ep_000478,train,False,False,False,0,False,0,0,False,False,none,14
train_ep_000479,train,False,False,False,0,False,0,0,False,False,none,14
train_ep_000480,train,False,False,False,0,False,0,0,False,False,none,14
train_ep_000481,train,False,False,False,0,False,0,0,False,False,none,14
train_ep_000482,train,False,False,False,0,False,0,0,False,False,none,14
train_ep_000483,train,False,False,False,0,False,0,0,False,False,none,13
train_ep_000484,train,False,False,False,0,False,0,0,False,False,none,4
train_ep_000485,train,False,False,False,0,False,0,0,False,False,none,14
train_ep_000486,train,False,False,False,0,False,0,0,False,False,none,14
train_ep_000487,train,False,False,False,0,True,1,1,True,True,persona_mention,10
train_ep_000488,train,False,False,True,1,True,2,3,True,True,speech_mention,14
train_ep_000489,train,False,False,True,2,True,1,3,True,True,speech_mention,14
train_ep_000490,train,False,False,True,5,True,1,6,True,True,speech_mention,14
train_ep_000491,train,False,False,False,0,False,0,0,False,False,none,14
train_ep_000492,train,False,False,True,1,False,0,1,True,False,speech_mention,14
train_ep_000493,train,False,False,True,1,False,0,1,True,False,speech_mention,14
train_ep_000494,train,False,False,False,0,True,1,1,True,True,persona_mention,14
train_ep_000495,train,False,False,True,4,False,0,4,True,True,speech_mention,14
train_ep_000496,train,False,False,True,2,True,1,3,True,True,speech_mention,14
train_ep_000497,train,False,False,False,0,False,0,0,False,False,none,14
train_ep_000498,train,False,False,False,0,False,0,0,False,False,none,5
train_ep_000499,train,False,False,False,0,False,0,0,False,False,none,14
train_ep_000500,train,False,False,False,0,False,0,0,False,False,none,14
train_ep_000501,train,False,False,False,0,False,0,0,False,False,none,14
train_ep_000502,train,False,False,False,0,False,0,0,False,False,none,14
train_ep_000503,train,False,False,False,0,True,1,1,True,True,persona_mention,14
train_ep_000504,train,False,False,False,0,False,0,0,False,False,none,14
train_ep_000505,train,False,False,False,0,False,0,0,False,False,none,14
train_ep_000506,train,False,False,True,2,True,1,3,True,True,speech_mention,14
train_ep_000507,train,False,False,False,0,False,0,0,False,False,none,14
train_ep_000508,train,False,False,True,1,True,1,2,True,True,speech_mention,14
train_ep_000509,train,False,False,False,0,False,0,0,False,False,none,14
train_ep_000510,train,True,True,False,0,True,2,10,True,True,direct_appearance,14
train_ep_000511,train,False,False,False,0,False,0,0,False,False,none,14
train_ep_000512,train,False,False,False,0,False,0,0,False,False,none,14
train_ep_000513,train,False,False,False,0,False,0,0,False,False,none,14
train_ep_000514,train,False,False,False,0,False,0,0,False,False,none,2
train_ep_000515,train,False,False,False,0,False,0,0,False,False,none,14
train_ep_000516,train,False,False,False,0,False,0,0,False,False,none,14
train_ep_000517,train,False,False,False,0,False,0,0,False,False,none,14
train_ep_000518,train,False,False,False,0,False,0,0,False,False,none,14
train_ep_000519,train,False,False,True,2,True,1,3,True,True,speech_mention,14
train_ep_000520,train,False,False,True,1,False,0,1,True,False,speech_mention,14
train_ep_000521,train,False,False,False,0,False,0,0,False,False,none,14
train_ep_000522,train,False,False,False,0,False,0,0,False,False,none,14
train_ep_000523,train,True,True,True,4,True,3,15,True,True,direct_appearance,14
train_ep_000524,train,False,False,False,0,False,0,0,False,False,none,14
train_ep_000525,train,False,False,False,0,False,0,0,False,False,none,14
train_ep_000526,train,False,False,False,0,True,1,1,True,True,persona_mention,14
train_ep_000527,train,False,False,False,0,False,0,0,False,False,none,14
train_ep_000528,train,False,False,True,1,True,1,2,True,True,speech_mention,14
train_ep_000529,train,False,False,False,0,False,0,0,False,False,none,14
train_ep_000530,train,False,False,False,0,True,1,1,True,True,persona_mention,14
train_ep_000531,train,False,False,False,0,False,0,0,False,False,none,14
train_ep_000532,train,False,False,False,0,False,0,0,False,False,none,14
train_ep_000533,train,False,False,True,4,True,2,6,True,True,speech_mention,14
train_ep_000534,train,False,False,False,0,False,0,0,False,False,none,14
train_ep_000535,train,False,False,False,0,True,1,1,True,True,persona_mention,14
train_ep_000536,train,False,False,False,0,False,0,0,False,False,none,14
train_ep_000537,train,False,False,False,0,True,1,1,True,True,persona_mention,14
train_ep_000538,train,False,False,False,0,False,0,0,False,False,none,14
train_ep_000539,train,False,False,False,0,False,0,0,False,False,none,14
train_ep_000540,train,False,False,False,0,False,0,0,False,False,none,14
train_ep_000541,train,False,False,False,0,False,0,0,False,False,none,14
train_ep_000542,train,False,False,False,0,False,0,0,False,False,none,14
train_ep_000543,train,False,False,False,0,False,0,0,False,False,none,14
train_ep_000544,train,False,False,True,1,True,1,2,True,True,speech_mention,14
train_ep_000545,train,False,False,False,0,False,0,0,False,False,none,14
train_ep_000546,train,False,False,False,0,False,0,0,False,False,none,14
train_ep_000547,train,True,True,True,3,True,1,12,True,True,direct_appearance,11
train_ep_000548,train,False,False,True,6,True,2,7,True,True,speech_mention,14
train_ep_000549,train,False,False,False,0,False,0,0,False,False,none,14
train_ep_000550,train,False,False,True,3,True,1,4,True,True,speech_mention,14
train_ep_000551,train,False,False,False,0,False,0,0,False,False,none,14
train_ep_000552,train,False,False,False,0,False,0,0,False,False,none,14
train_ep_000553,train,False,False,False,0,False,0,0,False,False,none,14
train_ep_000554,train,False,False,True,10,True,2,7,True,True,speech_mention,14
train_ep_000555,train,False,False,True,1,False,0,1,True,False,speech_mention,14
train_ep_000556,train,False,False,False,0,False,0,0,False,False,none,14
train_ep_000557,train,False,False,False,0,False,0,0,False,False,none,14
train_ep_000558,train,False,False,False,0,False,0,0,False,False,none,14
train_ep_000559,train,False,False,False,0,False,0,0,False,False,none,14
train_ep_000560,train,False,False,False,0,False,0,0,False,False,none,14
train_ep_000561,train,False,False,True,4,True,1,5,True,True,speech_mention,14
train_ep_000562,train,False,False,False,0,True,1,1,True,True,persona_mention,14
train_ep_000563,train,False,False,True,1,True,2,3,True,True,speech_mention,14
train_ep_000564,train,False,False,True,1,False,0,1,True,False,speech_mention,14
train_ep_000565,train,False,False,True,5,True,2,7,True,True,speech_mention,14
train_ep_000566,train,False,False,False,0,False,0,0,False,False,none,14
train_ep_000567,train,False,False,True,1,True,1,2,True,True,speech_mention,14
train_ep_000568,train,False,False,False,0,False,0,0,False,False,none,14
train_ep_000569,train,False,False,True,3,False,0,3,True,True,speech_mention,14
train_ep_000570,train,False,False,False,0,False,0,0,False,False,none,14
train_ep_000571,train,False,False,True,4,True,2,6,True,True,speech_mention,14
train_ep_000572,train,False,False,False,0,False,0,0,False,False,none,14
train_ep_000573,train,False,False,False,0,False,0,0,False,False,none,14
train_ep_000574,train,False,False,False,0,False,0,0,False,False,none,14
train_ep_000575,train,False,False,True,3,True,1,4,True,True,speech_mention,14
train_ep_000576,train,False,False,True,4,False,0,4,True,True,speech_mention,14
train_ep_000577,train,False,False,False,0,False,0,0,False,False,none,14
train_ep_000578,train,False,False,False,0,False,0,0,False,False,none,14
train_ep_000579,train,False,False,False,0,False,0,0,False,False,none,14
train_ep_000580,train,False,False,False,0,False,0,0,False,False,none,14
train_ep_000581,train,False,False,False,0,False,0,0,False,False,none,14
train_ep_000582,train,False,False,False,0,False,0,0,False,False,none,14
train_ep_000583,train,False,False,True,4,True,1,5,True,True,speech_mention,14
train_ep_000584,train,True,True,True,3,True,2,13,True,True,direct_appearance,14
train_ep_000585,train,False,False,True,1,True,1,2,True,True,speech_mention,14
train_ep_000586,train,False,False,False,0,False,0,0,False,False,none,14
train_ep_000587,train,False,False,False,0,True,1,1,True,True,persona_mention,6
train_ep_000588,train,False,False,True,3,True,1,4,True,True,speech_mention,14
train_ep_000589,train,False,False,True,1,False,0,1,True,False,speech_mention,14
train_ep_000590,train,False,False,False,0,False,0,0,False,False,none,14
train_ep_000591,train,False,False,False,0,False,0,0,False,False,none,14
train_ep_000592,train,False,False,False,0,False,0,0,False,False,none,14
train_ep_000593,train,False,False,True,1,True,1,2,True,True,speech_mention,14
train_ep_000594,train,False,False,True,6,True,1,6,True,True,speech_mention,14
train_ep_000595,train,True,True,True,3,True,3,14,True,True,direct_appearance,14
train_ep_000596,train,False,False,False,0,True,1,1,True,True,persona_mention,4
train_ep_000597,train,True,True,True,2,True,1,11,True,True,direct_appearance,14
train_ep_000598,train,False,False,False,0,False,0,0,False,False,none,14
train_ep_000599,train,False,False,False,0,False,0,0,False,False,none,14
train_ep_000600,train,False,False,False,0,True,2,2,True,True,persona_mention,11
train_ep_000601,train,True,True,True,1,True,4,12,True,True,direct_appearance,4
train_ep_000602,train,False,False,False,0,False,0,0,False,False,none,14
train_ep_000603,train,False,False,True,1,True,1,2,True,True,speech_mention,14
train_ep_000604,train,False,False,False,0,False,0,0,False,False,none,14
train_ep_000605,train,False,False,True,1,True,1,2,True,True,speech_mention,14
train_ep_000606,train,False,False,False,0,False,0,0,False,False,none,14
train_ep_000607,train,True,True,True,3,True,3,14,True,True,direct_appearance,6
train_ep_000608,train,False,False,False,0,False,0,0,False,False,none,14
train_ep_000609,train,False,False,False,0,False,0,0,False,False,none,14
train_ep_000610,train,False,False,True,3,True,1,4,True,True,speech_mention,14
train_ep_000611,train,False,False,True,2,True,1,3,True,True,speech_mention,14
train_ep_000612,train,False,False,False,0,False,0,0,False,False,none,14
train_ep_000613,train,False,False,True,1,True,1,2,True,True,speech_mention,5
train_ep_000614,train,False,False,False,0,False,0,0,False,False,none,14
train_ep_000615,train,False,False,False,0,False,0,0,False,False,none,14
train_ep_000616,train,False,False,False,0,False,0,0,False,False,none,14
train_ep_000617,train,False,False,False,0,False,0,0,False,False,none,12
train_ep_000618,train,False,False,False,0,False,0,0,False,False,none,14
train_ep_000619,train,False,False,True,1,False,0,1,True,False,speech_mention,14
train_ep_000620,train,False,False,False,0,False,0,0,False,False,none,14
train_ep_000621,train,False,False,False,0,False,0,0,False,False,none,6
train_ep_000622,train,False,False,True,4,True,1,5,True,True,speech_mention,14
train_ep_000623,train,False,False,False,0,False,0,0,False,False,none,8
train_ep_000624,train,False,False,False,0,False,0,0,False,False,none,14
train_ep_000625,train,False,False,False,0,False,0,0,False,False,none,14
train_ep_000626,train,False,False,False,0,False,0,0,False,False,none,14
train_ep_000627,train,False,False,False,0,False,0,0,False,False,none,14
train_ep_000628,train,False,False,False,0,True,1,1,True,True,persona_mention,14
train_ep_000629,train,False,False,False,0,False,0,0,False,False,none,5
train_ep_000630,train,False,False,True,1,True,1,2,True,True,speech_mention,14
train_ep_000631,train,False,False,False,0,False,0,0,False,False,none,12
train_ep_000632,train,True,True,True,1,False,0,9,True,True,direct_appearance,14
train_ep_000633,train,False,False,False,0,False,0,0,False,False,none,14
train_ep_000634,train,False,False,False,0,False,0,0,False,False,none,14
train_ep_000635,train,False,False,False,0,False,0,0,False,False,none,14
train_ep_000636,train,False,False,False,0,False,0,0,False,False,none,14
train_ep_000637,train,False,False,False,0,False,0,0,False,False,none,14
train_ep_000638,train,False,False,True,3,False,0,3,True,True,speech_mention,14
train_ep_000639,train,False,False,False,0,False,0,0,False,False,none,14
train_ep_000640,train,False,False,False,0,False,0,0,False,False,none,10
train_ep_000641,train,False,False,False,0,False,0,0,False,False,none,14
train_ep_000642,train,False,False,False,0,False,0,0,False,False,none,11
train_ep_000643,train,False,False,True,2,True,2,4,True,True,speech_mention,14
train_ep_000644,train,False,False,False,0,True,1,1,True,True,persona_mention,14
train_ep_000645,train,False,False,False,0,False,0,0,False,False,none,14
train_ep_000646,train,False,False,False,0,False,0,0,False,False,none,14
train_ep_000647,train,True,True,True,1,True,1,10,True,True,direct_appearance,14
train_ep_000648,train,False,False,True,4,True,1,5,True,True,speech_mention,14
train_ep_000649,train,False,False,False,0,False,0,0,False,False,none,14
train_ep_000650,train,False,False,True,2,True,1,3,True,True,speech_mention,14
train_ep_000651,train,False,False,False,0,False,0,0,False,False,none,14
train_ep_000652,train,False,False,False,0,False,0,0,False,False,none,14
train_ep_000653,train,False,False,True,2,False,0,2,True,True,speech_mention,14
train_ep_000654,train,False,False,True,9,True,2,7,True,True,speech_mention,14
train_ep_000655,train,False,False,False,0,False,0,0,False,False,none,14
train_ep_000656,train,False,False,False,0,False,0,0,False,False,none,14
train_ep_000657,train,True,True,True,5,True,4,16,True,True,direct_appearance,14
train_ep_000658,train,False,False,False,0,False,0,0,False,False,none,14
train_ep_000659,train,False,False,True,8,True,2,7,True,True,speech_mention,14
train_ep_000660,train,False,False,True,2,True,2,4,True,True,speech_mention,14
train_ep_000661,train,False,False,False,0,True,1,1,True,True,persona_mention,14
train_ep_000662,train,False,False,False,0,False,0,0,False,False,none,14
train_ep_000663,train,False,False,False,0,False,0,0,False,False,none,14
train_ep_000664,train,False,False,False,0,False,0,0,False,False,none,14
train_ep_000665,train,False,False,True,3,True,1,4,True,True,speech_mention,14
train_ep_000666,train,False,False,False,0,False,0,0,False,False,none,14
train_ep_000667,train,False,False,True,1,True,2,3,True,True,speech_mention,3
train_ep_000668,train,False,False,False,0,False,0,0,False,False,none,14
train_ep_000669,train,False,False,True,1,False,0,1,True,False,speech_mention,14
train_ep_000670,train,False,False,False,0,False,0,0,False,False,none,14
train_ep_000671,train,False,False,False,0,False,0,0,False,False,none,14
train_ep_000672,train,False,False,False,0,False,0,0,False,False,none,14
train_ep_000673,train,False,False,False,0,False,0,0,False,False,none,14
train_ep_000674,train,False,False,True,1,False,0,1,True,False,speech_mention,14
train_ep_000675,train,False,False,False,0,False,0,0,False,False,none,14
train_ep_000676,train,False,False,True,1,True,1,2,True,True,speech_mention,14
train_ep_000677,train,False,False,True,2,False,0,2,True,True,speech_mention,14
train_ep_000678,train,False,False,True,3,False,0,3,True,True,speech_mention,14
train_ep_000679,train,False,False,False,0,False,0,0,False,False,none,11
train_ep_000680,train,False,False,False,0,False,0,0,False,False,none,14
train_ep_000681,train,False,False,True,3,False,0,3,True,True,speech_mention,14
train_ep_000682,train,False,False,False,0,False,0,0,False,False,none,14
train_ep_000683,train,False,False,False,0,False,0,0,False,False,none,14
train_ep_000684,train,False,False,False,0,False,0,0,False,False,none,14
train_ep_000685,train,False,False,False,0,False,0,0,False,False,none,14
train_ep_000686,train,False,False,False,0,False,0,0,False,False,none,14
train_ep_000687,train,False,False,False,0,False,0,0,False,False,none,4
train_ep_000688,train,False,False,False,0,False,0,0,False,False,none,14
train_ep_000689,train,False,False,False,0,False,0,0,False,False,none,14
train_ep_000690,train,False,False,False,0,False,0,0,False,False,none,14
train_ep_000691,train,False,False,True,8,True,1,6,True,True,speech_mention,14
train_ep_000692,train,False,False,False,0,False,0,0,False,False,none,14
train_ep_000693,train,False,False,False,0,False,0,0,False,False,none,14
train_ep_000694,train,False,False,False,0,False,0,0,False,False,none,14
train_ep_000695,train,True,True,True,1,True,3,12,True,True,direct_appearance,14
train_ep_000696,train,False,False,False,0,False,0,0,False,False,none,14
train_ep_000697,train,False,False,False,0,False,0,0,False,False,none,3
train_ep_000698,train,False,False,False,0,False,0,0,False,False,none,14
train_ep_000699,train,False,False,True,1,True,1,2,True,True,speech_mention,14
train_ep_000700,train,False,False,True,7,True,2,7,True,True,speech_mention,14
train_ep_000701,train,False,False,False,0,False,0,0,False,False,none,14
train_ep_000702,train,False,False,False,0,False,0,0,False,False,none,14
train_ep_000703,train,False,False,False,0,False,0,0,False,False,none,14
train_ep_000704,train,False,False,False,0,False,0,0,False,False,none,14
train_ep_000705,train,False,False,True,3,False,0,3,True,True,speech_mention,14
train_ep_000706,train,False,False,False,0,False,0,0,False,False,none,14
train_ep_000707,train,False,False,False,0,True,2,2,True,True,persona_mention,5
train_ep_000708,train,False,False,False,0,False,0,0,False,False,none,9
train_ep_000709,train,False,False,False,0,False,0,0,False,False,none,14
train_ep_000710,train,True,True,True,2,True,5,13,True,True,direct_appearance,14
train_ep_000711,train,False,False,True,5,True,1,6,True,True,speech_mention,14
train_ep_000712,train,False,False,False,0,True,1,1,True,True,persona_mention,14
train_ep_000713,train,False,False,False,0,False,0,0,False,False,none,14
train_ep_000714,train,False,False,True,1,False,0,1,True,False,speech_mention,14
train_ep_000715,train,False,False,True,1,False,0,1,True,False,speech_mention,14
train_ep_000716,train,True,True,True,5,True,2,15,True,True,direct_appearance,14
train_ep_000717,train,False,False,False,0,True,1,1,True,True,persona_mention,14
train_ep_000718,train,False,False,False,0,False,0,0,False,False,none,14
train_ep_000719,train,False,False,True,2,True,1,3,True,True,speech_mention,14
train_ep_000720,train,False,False,False,0,False,0,0,False,False,none,14
train_ep_000721,train,False,False,False,0,False,0,0,False,False,none,14
train_ep_000722,train,False,False,False,0,False,0,0,False,False,none,14
train_ep_000723,train,False,False,True,1,False,0,1,True,False,speech_mention,14
train_ep_000724,train,False,False,False,0,False,0,0,False,False,none,14
train_ep_000725,train,True,True,True,4,True,3,15,True,True,direct_appearance,14
train_ep_000726,train,False,False,True,2,False,0,2,True,True,speech_mention,9
train_ep_000727,train,False,False,True,2,False,0,2,True,True,speech_mention,14
train_ep_000728,train,False,False,True,4,True,2,6,True,True,speech_mention,11
train_ep_000729,train,False,False,False,0,False,0,0,False,False,none,6
train_ep_000730,train,False,False,True,1,True,1,2,True,True,speech_mention,4
train_ep_000731,train,False,False,False,0,False,0,0,False,False,none,14
train_ep_000732,train,False,False,False,0,False,0,0,False,False,none,14
train_ep_000733,train,False,False,True,3,False,0,3,True,True,speech_mention,14
train_ep_000734,train,False,False,True,2,True,2,4,True,True,speech_mention,14
train_ep_000735,train,False,False,False,0,False,0,0,False,False,none,14
train_ep_000736,train,False,False,False,0,False,0,0,False,False,none,14
train_ep_000737,train,False,False,True,2,True,1,3,True,True,speech_mention,14
train_ep_000738,train,False,False,False,0,False,0,0,False,False,none,14
train_ep_000739,train,False,False,False,0,False,0,0,False,False,none,14
train_ep_000740,train,True,True,True,2,True,2,12,True,True,direct_appearance,14
train_ep_000741,train,True,True,True,2,True,5,13,True,True,direct_appearance,14
train_ep_000742,train,False,False,False,0,False,0,0,False,False,none,5
train_ep_000743,train,False,False,True,7,True,1,6,True,True,speech_mention,14
train_ep_000744,train,False,False,False,0,False,0,0,False,False,none,4
train_ep_000745,train,False,False,False,0,False,0,0,False,False,none,14
train_ep_000746,train,False,False,False,0,False,0,0,False,False,none,14
train_ep_000747,train,True,True,True,1,False,0,9,True,True,direct_appearance,14
train_ep_000748,train,False,False,False,0,False,0,0,False,False,none,14
train_ep_000749,train,False,False,False,0,False,0,0,False,False,none,14
train_ep_000750,train,False,False,False,0,False,0,0,False,False,none,14
train_ep_000751,train,False,False,True,2,False,0,2,True,True,speech_mention,14
train_ep_000752,train,False,False,False,0,False,0,0,False,False,none,14
train_ep_000753,train,False,False,True,1,True,2,3,True,True,speech_mention,14
train_ep_000754,train,False,False,False,0,False,0,0,False,False,none,14
train_ep_000755,train,False,False,False,0,False,0,0,False,False,none,14
train_ep_000756,train,True,True,True,2,False,0,10,True,True,direct_appearance,14
train_ep_000757,train,False,False,True,1,True,2,3,True,True,speech_mention,2
train_ep_000758,train,False,False,True,10,True,1,6,True,True,speech_mention,14
train_ep_000759,train,False,False,False,0,False,0,0,False,False,none,14
train_ep_000760,train,False,False,False,0,False,0,0,False,False,none,14
train_ep_000761,train,False,False,False,0,False,0,0,False,False,none,14
train_ep_000762,train,False,False,False,0,False,0,0,False,False,none,14
train_ep_000763,train,False,False,False,0,False,0,0,False,False,none,14
train_ep_000764,train,False,False,False,0,False,0,0,False,False,none,14
train_ep_000765,train,False,False,False,0,False,0,0,False,False,none,14
train_ep_000766,train,False,False,False,0,True,1,1,True,True,persona_mention,5
train_ep_000767,train,False,False,True,2,False,0,2,True,True,speech_mention,14
train_ep_000768,train,False,False,False,0,False,0,0,False,False,none,14
train_ep_000769,train,True,True,False,0,True,3,11,True,True,direct_appearance,14
train_ep_000770,train,False,False,True,1,True,1,2,True,True,speech_mention,14
train_ep_000771,train,True,True,True,4,True,2,14,True,True,direct_appearance,14
train_ep_000772,train,False,False,False,0,False,0,0,False,False,none,14
train_ep_000773,train,False,False,False,0,True,1,1,True,True,persona_mention,9
train_ep_000774,train,False,False,True,3,True,1,4,True,True,speech_mention,14
train_ep_000775,train,False,False,False,0,False,0,0,False,False,none,14
train_ep_000776,train,False,False,True,3,True,1,4,True,True,speech_mention,14
train_ep_000777,train,False,False,True,1,True,1,2,True,True,speech_mention,14
train_ep_000778,train,True,True,True,1,True,2,11,True,True,direct_appearance,4
train_ep_000779,train,False,False,False,0,False,0,0,False,False,none,14
train_ep_000780,train,False,False,False,0,False,0,0,False,False,none,14
train_ep_000781,train,False,False,False,0,True,1,1,True,True,persona_mention,9
train_ep_000782,train,False,False,False,0,False,0,0,False,False,none,14
train_ep_000783,train,False,False,False,0,False,0,0,False,False,none,14
train_ep_000784,train,False,False,False,0,False,0,0,False,False,none,14
train_ep_000785,train,False,False,False,0,False,0,0,False,False,none,8
train_ep_000786,train,False,False,False,0,False,0,0,False,False,none,14
train_ep_000787,train,False,False,False,0,False,0,0,False,False,none,14
train_ep_000788,train,False,False,False,0,False,0,0,False,False,none,14
train_ep_000789,train,False,False,True,3,True,1,4,True,True,speech_mention,14
train_ep_000790,train,False,False,False,0,False,0,0,False,False,none,14
train_ep_000791,train,False,False,False,0,False,0,0,False,False,none,14
train_ep_000792,train,False,False,False,0,False,0,0,False,False,none,2
train_ep_000793,train,False,False,False,0,False,0,0,False,False,none,14
train_ep_000794,train,False,False,True,1,True,1,2,True,True,speech_mention,14
train_ep_000795,train,True,True,True,1,True,1,10,True,True,direct_appearance,14
train_ep_000796,train,False,False,False,0,False,0,0,False,False,none,14
train_ep_000797,train,False,False,True,7,False,0,5,True,True,speech_mention,14
train_ep_000798,train,False,False,False,0,False,0,0,False,False,none,14
train_ep_000799,train,False,False,False,0,True,1,1,True,True,persona_mention,14
train_ep_000800,train,False,False,False,0,False,0,0,False,False,none,14
train_ep_000801,train,True,True,False,0,True,1,9,True,True,direct_appearance,14
train_ep_000802,train,False,False,True,2,True,1,3,True,True,speech_mention,14
train_ep_000803,train,False,False,True,3,True,1,4,True,True,speech_mention,14
train_ep_000804,train,False,False,False,0,False,0,0,False,False,none,14
train_ep_000805,train,False,False,False,0,False,0,0,False,False,none,14
train_ep_000806,train,False,False,True,1,True,1,2,True,True,speech_mention,14
train_ep_000807,train,False,False,False,0,False,0,0,False,False,none,14
train_ep_000808,train,False,False,False,0,False,0,0,False,False,none,14
train_ep_000809,train,False,False,False,0,False,0,0,False,False,none,14
train_ep_000810,train,False,False,False,0,False,0,0,False,False,none,14
train_ep_000811,train,False,False,True,2,True,2,4,True,True,speech_mention,14
train_ep_000812,train,False,False,False,0,False,0,0,False,False,none,14
train_ep_000813,train,False,False,False,0,False,0,0,False,False,none,14
train_ep_000814,train,True,True,True,3,True,3,14,True,True,direct_appearance,14
train_ep_000815,train,False,False,False,0,False,0,0,False,False,none,14
train_ep_000816,train,False,False,True,1,False,0,1,True,False,speech_mention,14
train_ep_000817,train,False,False,False,0,False,0,0,False,False,none,14
train_ep_000818,train,False,False,False,0,False,0,0,False,False,none,14
train_ep_000819,train,False,False,True,2,True,3,5,True,True,speech_mention,14
train_ep_000820,train,False,False,False,0,True,2,2,True,True,persona_mention,14
train_ep_000821,train,False,False,False,0,False,0,0,False,False,none,14
train_ep_000822,train,False,False,False,0,True,2,2,True,True,persona_mention,14
train_ep_000823,train,False,False,True,4,True,1,5,True,True,speech_mention,14
train_ep_000824,train,False,False,False,0,False,0,0,False,False,none,14
train_ep_000825,train,False,False,True,4,False,0,4,True,True,speech_mention,14
train_ep_000826,train,False,False,False,0,False,0,0,False,False,none,14
train_ep_000827,train,False,False,False,0,True,2,2,True,True,persona_mention,14
train_ep_000828,train,False,False,False,0,False,0,0,False,False,none,14
train_ep_000829,train,False,False,False,0,False,0,0,False,False,none,14
train_ep_000830,train,False,False,False,0,False,0,0,False,False,none,14
train_ep_000831,train,False,False,False,0,True,1,1,True,True,persona_mention,14
train_ep_000832,train,False,False,True,1,False,0,1,True,False,speech_mention,14
train_ep_000833,train,False,False,False,0,False,0,0,False,False,none,14
train_ep_000834,train,False,False,True,3,True,2,5,True,True,speech_mention,14
train_ep_000835,train,False,False,True,3,True,1,4,True,True,speech_mention,14
train_ep_000836,train,False,False,False,0,False,0,0,False,False,none,14
train_ep_000837,train,False,False,False,0,False,0,0,False,False,none,14
train_ep_000838,train,False,False,False,0,False,0,0,False,False,none,14
train_ep_000839,train,False,False,False,0,False,0,0,False,False,none,14
train_ep_000840,train,False,False,False,0,False,0,0,False,False,none,14
train_ep_000841,train,False,False,False,0,False,0,0,False,False,none,14
train_ep_000842,train,False,False,False,0,False,0,0,False,False,none,14
train_ep_000843,train,False,False,False,0,False,0,0,False,False,none,14
train_ep_000844,train,False,False,False,0,True,1,1,True,True,persona_mention,14
train_ep_000845,train,False,False,False,0,False,0,0,False,False,none,14
train_ep_000846,train,False,False,False,0,True,1,1,True,True,persona_mention,14
train_ep_000847,train,False,False,False,0,False,0,0,False,False,none,14
train_ep_000848,train,False,False,False,0,False,0,0,False,False,none,14
train_ep_000849,train,False,False,False,0,False,0,0,False,False,none,14
train_ep_000850,train,False,False,False,0,False,0,0,False,False,none,14
train_ep_000851,train,False,False,False,0,False,0,0,False,False,none,14
train_ep_000852,train,False,False,True,2,True,2,4,True,True,speech_mention,14
train_ep_000853,train,False,False,False,0,False,0,0,False,False,none,14
train_ep_000854,train,False,False,False,0,False,0,0,False,False,none,14
train_ep_000855,train,False,False,True,1,True,1,2,True,True,speech_mention,14
train_ep_000856,train,False,False,True,5,True,1,6,True,True,speech_mention,14
train_ep_000857,train,False,False,False,0,False,0,0,False,False,none,14
train_ep_000858,train,False,False,True,1,True,1,2,True,True,speech_mention,14
train_ep_000859,train,False,False,False,0,False,0,0,False,False,none,14
train_ep_000860,train,False,False,True,1,True,1,2,True,True,speech_mention,14
train_ep_000861,train,False,False,False,0,False,0,0,False,False,none,14
train_ep_000862,train,False,False,False,0,True,1,1,True,True,persona_mention,14
train_ep_000863,train,False,False,False,0,False,0,0,False,False,none,14
train_ep_000864,train,True,True,False,0,True,3,11,True,True,direct_appearance,14
train_ep_000865,train,True,True,False,0,False,0,8,True,True,direct_appearance,12
train_ep_000866,train,False,False,False,0,False,0,0,False,False,none,14
train_ep_000867,train,False,False,True,1,True,2,3,True,True,speech_mention,14
train_ep_000868,train,False,False,False,0,False,0,0,False,False,none,14
train_ep_000869,train,False,False,False,0,False,0,0,False,False,none,14
train_ep_000870,train,False,False,True,2,True,1,3,True,True,speech_mention,14
train_ep_000871,train,False,False,False,0,True,2,2,True,True,persona_mention,14
train_ep_000872,train,False,False,True,1,True,1,2,True,True,speech_mention,14
train_ep_000873,train,False,False,False,0,False,0,0,False,False,none,14
train_ep_000874,train,False,False,False,0,False,0,0,False,False,none,14
train_ep_000875,train,False,False,False,0,False,0,0,False,False,none,14
train_ep_000876,train,True,True,True,2,True,3,13,True,True,direct_appearance,14
train_ep_000877,train,False,False,False,0,False,0,0,False,False,none,14
train_ep_000878,train,False,False,False,0,False,0,0,False,False,none,14
train_ep_000879,train,False,False,False,0,False,0,0,False,False,none,14
train_ep_000880,train,False,False,False,0,False,0,0,False,False,none,14
train_ep_000881,train,False,False,False,0,False,0,0,False,False,none,8
train_ep_000882,train,False,False,False,0,True,1,1,True,True,persona_mention,14
train_ep_000883,train,False,False,True,1,False,0,1,True,False,speech_mention,14
train_ep_000884,train,True,True,True,1,True,4,12,True,True,direct_appearance,14
train_ep_000885,train,False,False,False,0,False,0,0,False,False,none,14
train_ep_000886,train,False,False,False,0,False,0,0,False,False,none,14
train_ep_000887,train,False,False,False,0,False,0,0,False,False,none,14
train_ep_000888,train,False,False,False,0,False,0,0,False,False,none,14
train_ep_000889,train,False,False,False,0,False,0,0,False,False,none,14
train_ep_000890,train,False,False,False,0,False,0,0,False,False,none,14
train_ep_000891,train,False,False,False,0,False,0,0,False,False,none,14
train_ep_000892,train,False,False,False,0,False,0,0,False,False,none,14
train_ep_000893,train,False,False,False,0,False,0,0,False,False,none,14
train_ep_000894,train,False,False,False,0,False,0,0,False,False,none,14
train_ep_000895,train,False,False,False,0,False,0,0,False,False,none,14
train_ep_000896,train,False,False,False,0,False,0,0,False,False,none,14
train_ep_000897,train,False,False,False,0,False,0,0,False,False,none,14
train_ep_000898,train,False,False,False,0,False,0,0,False,False,none,14
train_ep_000899,train,False,False,False,0,True,1,1,True,True,persona_mention,7
train_ep_000900,train,False,False,False,0,False,0,0,False,False,none,14
train_ep_000901,train,False,False,False,0,False,0,0,False,False,none,14
train_ep_000902,train,False,False,False,0,False,0,0,False,False,none,14
train_ep_000903,train,False,False,True,1,False,0,1,True,False,speech_mention,14
train_ep_000904,train,False,False,False,0,False,0,0,False,False,none,14
train_ep_000905,train,False,False,False,0,False,0,0,False,False,none,14
train_ep_000906,train,False,False,False,0,False,0,0,False,False,none,14
train_ep_000907,train,True,True,False,0,True,2,10,True,True,direct_appearance,14
train_ep_000908,train,False,False,False,0,False,0,0,False,False,none,14
train_ep_000909,train,False,False,False,0,False,0,0,False,False,none,14
train_ep_000910,train,False,False,False,0,True,1,1,True,True,persona_mention,14
train_ep_000911,train,False,False,False,0,False,0,0,False,False,none,14
train_ep_000912,train,False,False,False,0,False,0,0,False,False,none,14
train_ep_000913,train,False,False,True,1,False,0,1,True,False,speech_mention,14
train_ep_000914,train,False,False,False,0,False,0,0,False,False,none,14
train_ep_000915,train,False,False,False,0,False,0,0,False,False,none,14
train_ep_000916,train,False,False,False,0,False,0,0,False,False,none,14
train_ep_000917,train,False,False,False,0,False,0,0,False,False,none,14
train_ep_000918,train,False,False,True,1,True,1,2,True,True,speech_mention,14
train_ep_000919,train,False,False,False,0,False,0,0,False,False,none,10
train_ep_000920,train,False,False,False,0,False,0,0,False,False,none,14
train_ep_000921,train,False,False,True,2,True,1,3,True,True,speech_mention,14
train_ep_000922,train,False,False,False,0,False,0,0,False,False,none,14
train_ep_000923,train,False,False,False,0,False,0,0,False,False,none,14
train_ep_000924,train,False,False,False,0,False,0,0,False,False,none,14
train_ep_000925,train,True,True,False,0,True,3,11,True,True,direct_appearance,14
train_ep_000926,train,False,False,False,0,False,0,0,False,False,none,14
train_ep_000927,train,False,False,False,0,False,0,0,False,False,none,14
train_ep_000928,train,False,False,False,0,False,0,0,False,False,none,14
train_ep_000929,train,False,False,False,0,True,2,2,True,True,persona_mention,14
train_ep_000930,train,True,True,False,0,True,4,11,True,True,direct_appearance,14
train_ep_000931,train,False,False,False,0,True,2,2,True,True,persona_mention,14
train_ep_000932,train,False,False,False,0,False,0,0,False,False,none,14
train_ep_000933,train,False,False,False,0,False,0,0,False,False,none,14
train_ep_000934,train,False,False,False,0,True,1,1,True,True,persona_mention,14
train_ep_000935,train,False,False,False,0,False,0,0,False,False,none,14
train_ep_000936,train,False,False,False,0,False,0,0,False,False,none,14
train_ep_000937,train,False,False,False,0,True,1,1,True,True,persona_mention,11
train_ep_000938,train,False,False,False,0,False,0,0,False,False,none,14
train_ep_000939,train,False,False,False,0,False,0,0,False,False,none,14
train_ep_000940,train,False,False,True,1,True,1,2,True,True,speech_mention,14
train_ep_000941,train,False,False,False,0,False,0,0,False,False,none,14
train_ep_000942,train,False,False,True,1,False,0,1,True,False,speech_mention,14
train_ep_000943,train,False,False,False,0,False,0,0,False,False,none,14
train_ep_000944,train,False,False,True,1,False,0,1,True,False,speech_mention,14
train_ep_000945,train,False,False,False,0,False,0,0,False,False,none,14
train_ep_000946,train,False,False,False,0,False,0,0,False,False,none,14
train_ep_000947,train,False,False,False,0,True,1,1,True,True,persona_mention,14
train_ep_000948,train,False,False,False,0,False,0,0,False,False,none,14
train_ep_000949,train,False,False,False,0,False,0,0,False,False,none,14
train_ep_000950,train,False,False,False,0,True,1,1,True,True,persona_mention,14
train_ep_000951,train,False,False,False,0,False,0,0,False,False,none,14
train_ep_000952,train,False,False,False,0,False,0,0,False,False,none,14
train_ep_000953,train,False,False,False,0,False,0,0,False,False,none,14
train_ep_000954,train,False,False,False,0,False,0,0,False,False,none,14
train_ep_000955,train,False,False,False,0,False,0,0,False,False,none,14
train_ep_000956,train,False,False,True,1,True,1,2,True,True,speech_mention,14
train_ep_000957,train,False,False,True,1,True,1,2,True,True,speech_mention,14
train_ep_000958,train,False,False,False,0,True,1,1,True,True,persona_mention,14
train_ep_000959,train,False,False,True,2,False,0,2,True,True,speech_mention,14
train_ep_000960,train,False,False,True,1,False,0,1,True,False,speech_mention,14
train_ep_000961,train,False,False,False,0,False,0,0,False,False,none,14
train_ep_000962,train,True,True,True,3,True,1,12,True,True,direct_appearance,14
train_ep_000963,train,False,False,False,0,False,0,0,False,False,none,14
train_ep_000964,train,True,True,True,3,True,3,14,True,True,direct_appearance,14
train_ep_000965,train,False,False,False,0,False,0,0,False,False,none,14
train_ep_000966,train,False,False,False,0,True,1,1,True,True,persona_mention,14
train_ep_000967,train,False,False,False,0,True,1,1,True,True,persona_mention,14
train_ep_000968,train,True,True,True,1,False,0,9,True,True,direct_appearance,14
train_ep_000969,train,False,False,False,0,False,0,0,False,False,none,14
train_ep_000970,train,False,False,False,0,False,0,0,False,False,none,14
train_ep_000971,train,False,False,False,0,True,1,1,True,True,persona_mention,14
train_ep_000972,train,False,False,True,1,True,1,2,True,True,speech_mention,14
train_ep_000973,train,False,False,False,0,False,0,0,False,False,none,14
train_ep_000974,train,False,False,False,0,False,0,0,False,False,none,14
train_ep_000975,train,False,False,False,0,True,1,1,True,True,persona_mention,14
train_ep_000976,train,False,False,False,0,False,0,0,False,False,none,14
train_ep_000977,train,False,False,False,0,False,0,0,False,False,none,14
train_ep_000978,train,False,False,False,0,False,0,0,False,False,none,14
train_ep_000979,train,False,False,False,0,False,0,0,False,False,none,14
train_ep_000980,train,False,False,False,0,False,0,0,False,False,none,14
train_ep_000981,train,True,True,True,3,True,2,13,True,True,direct_appearance,14
train_ep_000982,train,False,False,False,0,False,0,0,False,False,none,14
train_ep_000983,train,False,False,False,0,False,0,0,False,False,none,14
train_ep_000984,train,False,False,True,1,True,1,2,True,True,speech_mention,14
train_ep_000985,train,False,False,False,0,False,0,0,False,False,none,14
train_ep_000986,train,False,False,True,3,True,2,5,True,True,speech_mention,14
train_ep_000987,train,False,False,False,0,False,0,0,False,False,none,14
train_ep_000988,train,False,False,False,0,False,0,0,False,False,none,14
train_ep_000989,train,True,True,False,0,True,3,11,True,True,direct_appearance,14
train_ep_000990,train,False,False,True,4,True,2,6,True,True,speech_mention,14
train_ep_000991,train,False,False,True,1,True,1,2,True,True,speech_mention,14
train_ep_000992,train,False,False,False,0,False,0,0,False,False,none,14
train_ep_000993,train,False,False,False,0,False,0,0,False,False,none,14
train_ep_000994,train,False,False,True,2,True,3,5,True,True,speech_mention,14
train_ep_000995,train,False,False,True,3,True,1,4,True,True,speech_mention,14
train_ep_000996,train,False,False,True,1,True,1,2,True,True,speech_mention,14
train_ep_000997,train,False,False,False,0,False,0,0,False,False,none,14
train_ep_000998,train,False,False,False,0,False,0,0,False,False,none,14
train_ep_000999,train,False,False,False,0,True,1,1,True,True,persona_mention,14
train_ep_001000,train,False,False,False,0,False,0,0,False,False,none,14
train_ep_001001,train,False,False,False,0,True,1,1,True,True,persona_mention,14
train_ep_001002,train,False,False,False,0,True,2,2,True,True,persona_mention,5
train_ep_001003,train,False,False,False,0,False,0,0,False,False,none,14
train_ep_001004,train,False,False,True,1,True,5,4,True,True,speech_mention,14
train_ep_001005,train,False,False,False,0,False,0,0,False,False,none,14
train_ep_001006,train,False,False,True,1,False,0,1,True,False,speech_mention,14
train_ep_001007,train,False,False,True,4,True,1,5,True,True,speech_mention,14
train_ep_001008,train,False,False,False,0,True,2,2,True,True,persona_mention,14
train_ep_001009,train,False,False,False,0,False,0,0,False,False,none,14
train_ep_001010,train,False,False,False,0,False,0,0,False,False,none,14
train_ep_001011,train,False,False,False,0,False,0,0,False,False,none,14
train_ep_001012,train,False,False,False,0,False,0,0,False,False,none,14
train_ep_001013,train,False,False,False,0,False,0,0,False,False,none,14
train_ep_001014,train,False,False,False,0,False,0,0,False,False,none,14
train_ep_001015,train,False,False,False,0,False,0,0,False,False,none,14
train_ep_001016,train,False,False,False,0,False,0,0,False,False,none,14
train_ep_001017,train,False,False,True,2,True,1,3,True,True,speech_mention,14
train_ep_001018,train,True,True,True,3,True,3,14,True,True,direct_appearance,14
train_ep_001019,train,False,False,True,2,False,0,2,True,True,speech_mention,14
train_ep_001020,train,False,False,False,0,False,0,0,False,False,none,14
train_ep_001021,train,False,False,False,0,False,0,0,False,False,none,14
train_ep_001022,train,False,False,True,1,False,0,1,True,False,speech_mention,14
train_ep_001023,train,False,False,True,3,False,0,3,True,True,speech_mention,14
train_ep_001024,train,False,False,False,0,True,1,1,True,True,persona_mention,14
train_ep_001025,train,False,False,False,0,False,0,0,False,False,none,14
train_ep_001026,train,False,False,False,0,False,0,0,False,False,none,14
train_ep_001027,train,False,False,True,1,False,0,1,True,False,speech_mention,14
train_ep_001028,train,False,False,True,1,True,1,2,True,True,speech_mention,14
train_ep_001029,train,False,False,True,1,True,1,2,True,True,speech_mention,14
train_ep_001030,train,False,False,False,0,False,0,0,False,False,none,14
train_ep_001031,train,False,False,True,1,True,1,2,True,True,speech_mention,14
train_ep_001032,train,False,False,False,0,True,1,1,True,True,persona_mention,14
train_ep_001033,train,False,False,False,0,False,0,0,False,False,none,13
train_ep_001034,train,False,False,False,0,True,1,1,True,True,persona_mention,14
train_ep_001035,train,False,False,False,0,False,0,0,False,False,none,14
train_ep_001036,train,False,False,False,0,True,1,1,True,True,persona_mention,14
train_ep_001037,train,False,False,True,3,False,0,3,True,True,speech_mention,14
train_ep_001038,train,True,True,True,3,True,2,13,True,True,direct_appearance,14
train_ep_001039,train,False,False,True,2,False,0,2,True,True,speech_mention,14
train_ep_001040,train,False,False,False,0,False,0,0,False,False,none,14
train_ep_001041,train,False,False,False,0,False,0,0,False,False,none,13
train_ep_001042,train,False,False,False,0,False,0,0,False,False,none,14
train_ep_001043,train,False,False,False,0,False,0,0,False,False,none,14
train_ep_001044,train,False,False,False,0,False,0,0,False,False,none,14
train_ep_001045,train,True,True,True,3,False,0,11,True,True,direct_appearance,14
train_ep_001046,train,False,False,False,0,False,0,0,False,False,none,14
train_ep_001047,train,False,False,False,0,False,0,0,False,False,none,14
train_ep_001048,train,False,False,False,0,False,0,0,False,False,none,14
train_ep_001049,train,False,False,False,0,False,0,0,False,False,none,14
train_ep_001050,train,False,False,False,0,False,0,0,False,False,none,14
train_ep_001051,train,False,False,False,0,False,0,0,False,False,none,14
train_ep_001052,train,False,False,False,0,False,0,0,False,False,none,14
train_ep_001053,train,False,False,False,0,False,0,0,False,False,none,14
train_ep_001054,train,False,False,False,0,False,0,0,False,False,none,14
train_ep_001055,train,False,False,False,0,True,1,1,True,True,persona_mention,14
train_ep_001056,train,False,False,False,0,False,0,0,False,False,none,14
train_ep_001057,train,True,True,True,3,True,2,13,True,True,direct_appearance,14
train_ep_001058,train,False,False,False,0,False,0,0,False,False,none,14
train_ep_001059,train,False,False,True,5,True,2,7,True,True,speech_mention,14
train_ep_001060,train,False,False,False,0,False,0,0,False,False,none,14
train_ep_001061,train,False,False,False,0,False,0,0,False,False,none,14
train_ep_001062,train,False,False,False,0,False,0,0,False,False,none,14
train_ep_001063,train,False,False,True,2,False,0,2,True,True,speech_mention,14
train_ep_001064,train,False,False,False,0,False,0,0,False,False,none,14
train_ep_001065,train,False,False,False,0,False,0,0,False,False,none,14
train_ep_001066,train,False,False,True,2,False,0,2,True,True,speech_mention,14
train_ep_001067,train,False,False,False,0,False,0,0,False,False,none,14
train_ep_001068,train,False,False,False,0,True,1,1,True,True,persona_mention,14
train_ep_001069,train,False,False,True,1,False,0,1,True,False,speech_mention,14
train_ep_001070,train,False,False,False,0,False,0,0,False,False,none,14
train_ep_001071,train,False,False,True,2,False,0,2,True,True,speech_mention,14
train_ep_001072,train,True,True,True,5,True,3,16,True,True,direct_appearance,14
train_ep_001073,train,False,False,False,0,False,0,0,False,False,none,14
train_ep_001074,train,False,False,False,0,False,0,0,False,False,none,14
train_ep_001075,train,False,False,False,0,False,0,0,False,False,none,14
train_ep_001076,train,False,False,True,1,True,1,2,True,True,speech_mention,14
train_ep_001077,train,True,True,False,0,True,2,10,True,True,direct_appearance,14
train_ep_001078,train,False,False,False,0,False,0,0,False,False,none,14
train_ep_001079,train,False,False,True,2,True,2,4,True,True,speech_mention,14
train_ep_001080,train,False,False,False,0,False,0,0,False,False,none,14
train_ep_001081,train,False,False,False,0,False,0,0,False,False,none,14
train_ep_001082,train,False,False,False,0,False,0,0,False,False,none,14
train_ep_001083,train,False,False,False,0,False,0,0,False,False,none,14
train_ep_001084,train,False,False,False,0,False,0,0,False,False,none,4
train_ep_001085,train,False,False,True,2,True,2,4,True,True,speech_mention,14
train_ep_001086,train,False,False,True,1,True,1,2,True,True,speech_mention,14
train_ep_001087,train,False,False,False,0,False,0,0,False,False,none,2
train_ep_001088,train,False,False,False,0,False,0,0,False,False,none,14
train_ep_001089,train,False,False,False,0,False,0,0,False,False,none,5
train_ep_001090,train,False,False,False,0,False,0,0,False,False,none,14
train_ep_001091,train,False,False,False,0,False,0,0,False,False,none,14
train_ep_001092,train,False,False,False,0,False,0,0,False,False,none,14
train_ep_001093,train,False,False,False,0,False,0,0,False,False,none,14
train_ep_001094,train,False,False,True,2,True,1,3,True,True,speech_mention,14
train_ep_001095,train,False,False,True,3,True,3,6,True,True,speech_mention,14
train_ep_001096,train,False,False,True,1,True,1,2,True,True,speech_mention,14
train_ep_001097,train,False,False,False,0,True,2,2,True,True,persona_mention,14
train_ep_001098,train,False,False,False,0,False,0,0,False,False,none,14
train_ep_001099,train,False,False,False,0,True,1,1,True,True,persona_mention,14
train_ep_001100,train,False,False,True,1,True,1,2,True,True,speech_mention,14
train_ep_001101,train,False,False,False,0,False,0,0,False,False,none,14
train_ep_001102,train,False,False,False,0,False,0,0,False,False,none,14
train_ep_001103,train,False,False,True,4,False,0,4,True,True,speech_mention,14
train_ep_001104,train,False,False,False,0,False,0,0,False,False,none,14
train_ep_001105,train,False,False,False,0,False,0,0,False,False,none,14
train_ep_001106,train,False,False,True,1,True,1,2,True,True,speech_mention,14
train_ep_001107,train,False,False,False,0,False,0,0,False,False,none,14
train_ep_001108,train,False,False,False,0,False,0,0,False,False,none,14
train_ep_001109,train,False,False,False,0,False,0,0,False,False,none,14
train_ep_001110,train,False,False,False,0,True,1,1,True,True,persona_mention,14
train_ep_001111,train,False,False,False,0,False,0,0,False,False,none,14
train_ep_001112,train,False,False,True,1,True,2,3,True,True,speech_mention,14
train_ep_001113,train,False,False,False,0,False,0,0,False,False,none,14
train_ep_001114,train,False,False,True,1,True,1,2,True,True,speech_mention,14
train_ep_001115,train,False,False,False,0,True,1,1,True,True,persona_mention,14
train_ep_001116,train,False,False,False,0,False,0,0,False,False,none,14
train_ep_001117,train,False,False,False,0,False,0,0,False,False,none,14
train_ep_001118,train,False,False,False,0,False,0,0,False,False,none,14
train_ep_001119,train,False,False,False,0,False,0,0,False,False,none,14
train_ep_001120,train,False,False,False,0,False,0,0,False,False,none,14
train_ep_001121,train,False,False,True,3,True,2,5,True,True,speech_mention,14
train_ep_001122,train,False,False,False,0,False,0,0,False,False,none,14
train_ep_001123,train,False,False,False,0,False,0,0,False,False,none,14
train_ep_001124,train,False,False,False,0,False,0,0,False,False,none,14
train_ep_001125,train,False,False,False,0,False,0,0,False,False,none,14
train_ep_001126,train,False,False,False,0,False,0,0,False,False,none,14
train_ep_001127,train,False,False,False,0,False,0,0,False,False,none,14
train_ep_001128,train,False,False,False,0,False,0,0,False,False,none,14
train_ep_001129,train,False,False,True,3,True,2,5,True,True,speech_mention,14
train_ep_001130,train,False,False,False,0,True,2,2,True,True,persona_mention,14
train_ep_001131,train,False,False,False,0,False,0,0,False,False,none,14
train_ep_001132,train,False,False,False,0,False,0,0,False,False,none,14
train_ep_001133,train,False,False,False,0,False,0,0,False,False,none,14
train_ep_001134,train,False,False,True,2,True,2,4,True,True,speech_mention,14
train_ep_001135,train,False,False,False,0,False,0,0,False,False,none,14
train_ep_001136,train,False,False,False,0,False,0,0,False,False,none,14
train_ep_001137,train,False,False,False,0,False,0,0,False,False,none,14
train_ep_001138,train,False,False,False,0,False,0,0,False,False,none,14
train_ep_001139,train,False,False,False,0,False,0,0,False,False,none,14
train_ep_001140,train,False,False,True,1,True,3,4,True,True,speech_mention,14
train_ep_001141,train,False,False,True,2,True,1,3,True,True,speech_mention,14
train_ep_001142,train,False,False,False,0,False,0,0,False,False,none,14
train_ep_001143,train,False,False,False,0,False,0,0,False,False,none,14
train_ep_001144,train,False,False,False,0,False,0,0,False,False,none,14
train_ep_001145,train,False,False,False,0,False,0,0,False,False,none,14
train_ep_001146,train,False,False,True,1,True,2,3,True,True,speech_mention,14
train_ep_001147,train,False,False,False,0,False,0,0,False,False,none,14
train_ep_001148,train,False,False,False,0,False,0,0,False,False,none,14
train_ep_001149,train,False,False,False,0,False,0,0,False,False,none,14
train_ep_001150,train,False,False,False,0,False,0,0,False,False,none,14
train_ep_001151,train,False,False,False,0,False,0,0,False,False,none,14
train_ep_001152,train,False,False,False,0,False,0,0,False,False,none,14
train_ep_001153,train,False,False,True,1,False,0,1,True,False,speech_mention,14
train_ep_001154,train,False,False,False,0,True,1,1,True,True,persona_mention,14
train_ep_001155,train,False,False,False,0,False,0,0,False,False,none,14
train_ep_001156,train,False,False,False,0,False,0,0,False,False,none,11
train_ep_001157,train,False,False,False,0,False,0,0,False,False,none,14
train_ep_001158,train,False,False,False,0,True,1,1,True,True,persona_mention,14
train_ep_001159,train,False,False,False,0,False,0,0,False,False,none,14
train_ep_001160,train,True,True,False,0,False,0,8,True,True,direct_appearance,14
train_ep_001161,train,False,False,False,0,False,0,0,False,False,none,14
train_ep_001162,train,False,False,False,0,False,0,0,False,False,none,14
train_ep_001163,train,False,False,False,0,False,0,0,False,False,none,14
train_ep_001164,train,False,False,True,1,True,2,3,True,True,speech_mention,14
train_ep_001165,train,False,False,False,0,False,0,0,False,False,none,14
train_ep_001166,train,False,False,False,0,True,1,1,True,True,persona_mention,14
train_ep_001167,train,False,False,False,0,False,0,0,False,False,none,14
train_ep_001168,train,False,False,False,0,False,0,0,False,False,none,14
train_ep_001169,train,False,False,False,0,False,0,0,False,False,none,14
train_ep_001170,train,False,False,True,1,False,0,1,True,False,speech_mention,14
train_ep_001171,train,False,False,True,1,True,1,2,True,True,speech_mention,14
train_ep_001172,train,False,False,True,3,True,1,4,True,True,speech_mention,14
train_ep_001173,train,True,True,True,2,True,1,11,True,True,direct_appearance,14
train_ep_001174,train,False,False,True,1,False,0,1,True,False,speech_mention,14
train_ep_001175,train,False,False,True,1,True,2,3,True,True,speech_mention,14
train_ep_001176,train,False,False,False,0,False,0,0,False,False,none,14
train_ep_001177,train,False,False,False,0,False,0,0,False,False,none,14
train_ep_001178,train,False,False,False,0,False,0,0,False,False,none,14
train_ep_001179,train,False,False,True,1,True,2,3,True,True,speech_mention,14
train_ep_001180,train,False,False,False,0,False,0,0,False,False,none,8
train_ep_001181,train,False,False,False,0,False,0,0,False,False,none,14
train_ep_001182,train,True,True,True,3,True,4,14,True,True,direct_appearance,14
train_ep_001183,train,False,False,False,0,False,0,0,False,False,none,14
train_ep_001184,train,True,True,True,1,True,2,11,True,True,direct_appearance,14
train_ep_001185,train,False,False,False,0,False,0,0,False,False,none,14
train_ep_001186,train,False,False,False,0,False,0,0,False,False,none,14
train_ep_001187,train,False,False,False,0,False,0,0,False,False,none,14
train_ep_001188,train,False,False,True,5,True,1,6,True,True,speech_mention,14
train_ep_001189,train,False,False,True,3,False,0,3,True,True,speech_mention,14
train_ep_001190,train,False,False,False,0,True,1,1,True,True,persona_mention,14
train_ep_001191,train,False,False,False,0,False,0,0,False,False,none,14
train_ep_001192,train,True,True,False,0,True,4,11,True,True,direct_appearance,14
train_ep_001193,train,False,False,False,0,False,0,0,False,False,none,14
train_ep_001194,train,False,False,False,0,False,0,0,False,False,none,14
train_ep_001195,train,False,False,False,0,False,0,0,False,False,none,14
train_ep_001196,train,False,False,False,0,False,0,0,False,False,none,14
train_ep_001197,train,False,False,False,0,False,0,0,False,False,none,6
train_ep_001198,train,False,False,True,1,False,0,1,True,False,speech_mention,14
train_ep_001199,train,False,False,False,0,False,0,0,False,False,none,14
train_ep_001200,train,False,False,False,0,False,0,0,False,False,none,14
train_ep_001201,train,False,False,False,0,False,0,0,False,False,none,14
train_ep_001202,train,True,True,True,1,True,1,10,True,True,direct_appearance,14
train_ep_001203,train,False,False,False,0,False,0,0,False,False,none,14
train_ep_001204,train,False,False,False,0,False,0,0,False,False,none,14
train_ep_001205,train,False,False,False,0,True,1,1,True,True,persona_mention,14
train_ep_001206,train,False,False,False,0,False,0,0,False,False,none,14
train_ep_001207,train,False,False,False,0,False,0,0,False,False,none,7
train_ep_001208,train,False,False,True,1,False,0,1,True,False,speech_mention,14
train_ep_001209,train,False,False,False,0,False,0,0,False,False,none,14
train_ep_001210,train,False,False,False,0,True,2,2,True,True,persona_mention,14
train_ep_001211,train,False,False,False,0,False,0,0,False,False,none,14
train_ep_001212,train,False,False,True,1,False,0,1,True,False,speech_mention,14
train_ep_001213,train,False,False,False,0,False,0,0,False,False,none,14
train_ep_001214,train,False,False,False,0,False,0,0,False,False,none,14
train_ep_001215,train,False,False,False,0,False,0,0,False,False,none,12
train_ep_001216,train,False,False,False,0,False,0,0,False,False,none,14
train_ep_001217,train,False,False,False,0,False,0,0,False,False,none,14
train_ep_001218,train,False,False,False,0,False,0,0,False,False,none,14
train_ep_001219,train,False,False,False,0,False,0,0,False,False,none,14
train_ep_001220,train,False,False,False,0,True,2,2,True,True,persona_mention,14
train_ep_001221,train,False,False,False,0,True,1,1,True,True,persona_mention,6
train_ep_001222,train,False,False,False,0,True,1,1,True,True,persona_mention,14
train_ep_001223,train,False,False,False,0,False,0,0,False,False,none,14
train_ep_001224,train,False,False,False,0,False,0,0,False,False,none,14
train_ep_001225,train,False,False,True,2,True,2,4,True,True,speech_mention,14
train_ep_001226,train,False,False,True,3,True,1,4,True,True,speech_mention,14
train_ep_001227,train,False,False,False,0,False,0,0,False,False,none,14
train_ep_001228,train,False,False,False,0,False,0,0,False,False,none,14
train_ep_001229,train,False,False,False,0,False,0,0,False,False,none,14
train_ep_001230,train,False,False,False,0,False,0,0,False,False,none,14
train_ep_001231,train,False,False,False,0,False,0,0,False,False,none,14
train_ep_001232,train,False,False,False,0,True,1,1,True,True,persona_mention,14
train_ep_001233,train,False,False,False,0,False,0,0,False,False,none,14
train_ep_001234,train,True,True,True,1,True,3,12,True,True,direct_appearance,14
train_ep_001235,train,False,False,False,0,False,0,0,False,False,none,14
train_ep_001236,train,False,False,False,0,True,1,1,True,True,persona_mention,14
train_ep_001237,train,False,False,False,0,False,0,0,False,False,none,14
train_ep_001238,train,False,False,False,0,False,0,0,False,False,none,14
train_ep_001239,train,False,False,False,0,True,1,1,True,True,persona_mention,14
train_ep_001240,train,False,False,False,0,False,0,0,False,False,none,14
train_ep_001241,train,False,False,True,2,True,2,4,True,True,speech_mention,14
train_ep_001242,train,False,False,False,0,False,0,0,False,False,none,14
train_ep_001243,train,False,False,True,1,True,2,3,True,True,speech_mention,14
train_ep_001244,train,False,False,False,0,False,0,0,False,False,none,14
train_ep_001245,train,False,False,False,0,False,0,0,False,False,none,14
train_ep_001246,train,False,False,False,0,False,0,0,False,False,none,14
train_ep_001247,train,True,True,False,0,True,2,10,True,True,direct_appearance,14
train_ep_001248,train,False,False,True,3,False,0,3,True,True,speech_mention,14
train_ep_001249,train,False,False,True,1,False,0,1,True,False,speech_mention,14
train_ep_001250,train,False,False,False,0,True,1,1,True,True,persona_mention,14
train_ep_001251,train,False,False,False,0,True,1,1,True,True,persona_mention,14
train_ep_001252,train,False,False,False,0,False,0,0,False,False,none,14
train_ep_001253,train,False,False,False,0,False,0,0,False,False,none,14
train_ep_001254,train,False,False,False,0,False,0,0,False,False,none,14
train_ep_001255,train,False,False,False,0,True,1,1,True,True,persona_mention,14
train_ep_001256,train,False,False,False,0,True,1,1,True,True,persona_mention,14
train_ep_001257,train,False,False,False,0,False,0,0,False,False,none,14
train_ep_001258,train,False,False,False,0,True,1,1,True,True,persona_mention,14
train_ep_001259,train,False,False,False,0,False,0,0,False,False,none,14
train_ep_001260,train,False,False,True,1,False,0,1,True,False,speech_mention,14
train_ep_001261,train,False,False,False,0,False,0,0,False,False,none,14
train_ep_001262,train,False,False,False,0,False,0,0,False,False,none,14
train_ep_001263,train,False,False,False,0,False,0,0,False,False,none,14
train_ep_001264,train,False,False,False,0,False,0,0,False,False,none,14
train_ep_001265,train,False,False,False,0,False,0,0,False,False,none,14
train_ep_001266,train,False,False,False,0,True,1,1,True,True,persona_mention,14
train_ep_001267,train,False,False,False,0,False,0,0,False,False,none,14
train_ep_001268,train,False,False,True,1,False,0,1,True,False,speech_mention,14
train_ep_001269,train,False,False,False,0,False,0,0,False,False,none,14
train_ep_001270,train,False,False,False,0,False,0,0,False,False,none,14
train_ep_001271,train,False,False,False,0,True,1,1,True,True,persona_mention,14
train_ep_001272,train,False,False,False,0,False,0,0,False,False,none,14
train_ep_001273,train,False,False,True,2,False,0,2,True,True,speech_mention,14
train_ep_001274,train,False,False,True,2,True,1,3,True,True,speech_mention,14
train_ep_001275,train,False,False,False,0,False,0,0,False,False,none,14
train_ep_001276,train,False,False,False,0,True,2,2,True,True,persona_mention,14
train_ep_001277,train,False,False,False,0,False,0,0,False,False,none,14
train_ep_001278,train,False,False,False,0,True,1,1,True,True,persona_mention,14
train_ep_001279,train,False,False,False,0,False,0,0,False,False,none,14
train_ep_001280,train,False,False,False,0,False,0,0,False,False,none,14
train_ep_001281,train,False,False,False,0,False,0,0,False,False,none,14
train_ep_001282,train,False,False,False,0,True,2,2,True,True,persona_mention,14
train_ep_001283,train,False,False,False,0,False,0,0,False,False,none,3
train_ep_001284,train,False,False,False,0,False,0,0,False,False,none,14
train_ep_001285,train,False,False,False,0,False,0,0,False,False,none,14
train_ep_001286,train,False,False,False,0,False,0,0,False,False,none,14
train_ep_001287,train,False,False,True,1,True,1,2,True,True,speech_mention,14
train_ep_001288,train,False,False,False,0,True,1,1,True,True,persona_mention,14
train_ep_001289,train,False,False,True,1,True,1,2,True,True,speech_mention,14
train_ep_001290,train,False,False,False,0,True,2,2,True,True,persona_mention,14
train_ep_001291,train,False,False,False,0,False,0,0,False,False,none,14
train_ep_001292,train,False,False,False,0,False,0,0,False,False,none,14
train_ep_001293,train,False,False,False,0,False,0,0,False,False,none,14
train_ep_001294,train,False,False,False,0,False,0,0,False,False,none,14
train_ep_001295,train,False,False,False,0,False,0,0,False,False,none,14
train_ep_001296,train,False,False,False,0,False,0,0,False,False,none,14
train_ep_001297,train,False,False,False,0,False,0,0,False,False,none,14
train_ep_001298,train,False,False,True,13,True,2,7,True,True,speech_mention,14
train_ep_001299,train,False,False,False,0,True,1,1,True,True,persona_mention,14
train_ep_001300,train,True,True,False,0,True,1,9,True,True,direct_appearance,14
train_ep_001301,train,False,False,False,0,False,0,0,False,False,none,14
train_ep_001302,train,False,False,True,2,False,0,2,True,True,speech_mention,14
train_ep_001303,train,False,False,False,0,True,1,1,True,True,persona_mention,14
train_ep_001304,train,False,False,False,0,True,1,1,True,True,persona_mention,14
train_ep_001305,train,False,False,False,0,False,0,0,False,False,none,14
train_ep_001306,train,False,False,False,0,False,0,0,False,False,none,14
train_ep_001307,train,False,False,False,0,False,0,0,False,False,none,14
train_ep_001308,train,False,False,False,0,False,0,0,False,False,none,14
train_ep_001309,train,False,False,True,1,False,0,1,True,False,speech_mention,14
train_ep_001310,train,False,False,True,3,True,2,5,True,True,speech_mention,14
train_ep_001311,train,True,True,False,0,True,1,9,True,True,direct_appearance,14
train_ep_001312,train,False,False,False,0,False,0,0,False,False,none,14
train_ep_001313,train,False,False,False,0,False,0,0,False,False,none,14
train_ep_001314,train,False,False,False,0,False,0,0,False,False,none,14
train_ep_001315,train,False,False,True,1,False,0,1,True,False,speech_mention,14
train_ep_001316,train,False,False,True,4,True,1,5,True,True,speech_mention,14
train_ep_001317,train,False,False,False,0,False,0,0,False,False,none,14
train_ep_001318,train,False,False,True,1,False,0,1,True,False,speech_mention,14
train_ep_001319,train,False,False,False,0,False,0,0,False,False,none,3
train_ep_001320,train,False,False,False,0,False,0,0,False,False,none,14
train_ep_001321,train,False,False,False,0,False,0,0,False,False,none,14
train_ep_001322,train,False,False,False,0,False,0,0,False,False,none,14
train_ep_001323,train,False,False,False,0,False,0,0,False,False,none,14
train_ep_001324,train,False,False,False,0,False,0,0,False,False,none,14
train_ep_001325,train,False,False,False,0,False,0,0,False,False,none,14
train_ep_001326,train,False,False,False,0,True,1,1,True,True,persona_mention,14
train_ep_001327,train,False,False,False,0,False,0,0,False,False,none,14
train_ep_001328,train,True,True,True,3,True,3,14,True,True,direct_appearance,14
train_ep_001329,train,False,False,False,0,False,0,0,False,False,none,14
train_ep_001330,train,False,False,False,0,False,0,0,False,False,none,14
train_ep_001331,train,False,False,False,0,False,0,0,False,False,none,14
train_ep_001332,train,False,False,False,0,True,2,2,True,True,persona_mention,14
train_ep_001333,train,False,False,False,0,False,0,0,False,False,none,14
train_ep_001334,train,False,False,True,1,False,0,1,True,False,speech_mention,14
train_ep_001335,train,False,False,False,0,False,0,0,False,False,none,14
train_ep_001336,train,False,False,False,0,False,0,0,False,False,none,14
train_ep_001337,train,False,False,False,0,True,1,1,True,True,persona_mention,14
train_ep_001338,train,False,False,False,0,True,1,1,True,True,persona_mention,14
train_ep_001339,train,False,False,False,0,True,3,3,True,True,persona_mention,14
train_ep_001340,train,False,False,False,0,False,0,0,False,False,none,14
train_ep_001341,train,False,False,False,0,False,0,0,False,False,none,14
train_ep_001342,train,False,False,False,0,False,0,0,False,False,none,14
train_ep_001343,train,False,False,True,1,True,1,2,True,True,speech_mention,14
train_ep_001344,train,True,True,True,1,False,0,9,True,True,direct_appearance,14
train_ep_001345,train,False,False,False,0,False,0,0,False,False,none,9
train_ep_001346,train,False,False,False,0,True,1,1,True,True,persona_mention,14
train_ep_001347,train,False,False,True,1,False,0,1,True,False,speech_mention,14
train_ep_001348,train,False,False,False,0,False,0,0,False,False,none,14
train_ep_001349,train,False,False,False,0,False,0,0,False,False,none,14
train_ep_001350,train,False,False,False,0,False,0,0,False,False,none,14
train_ep_001351,train,False,False,False,0,False,0,0,False,False,none,14
train_ep_001352,train,False,False,False,0,False,0,0,False,False,none,14
train_ep_001353,train,False,False,False,0,False,0,0,False,False,none,14
train_ep_001354,train,False,False,False,0,False,0,0,False,False,none,14
train_ep_001355,train,False,False,False,0,False,0,0,False,False,none,14
train_ep_001356,train,False,False,False,0,False,0,0,False,False,none,2
train_ep_001357,train,False,False,False,0,False,0,0,False,False,none,14
train_ep_001358,train,False,False,True,3,False,0,3,True,True,speech_mention,14
train_ep_001359,train,False,False,False,0,False,0,0,False,False,none,14
train_ep_001360,train,False,False,False,0,False,0,0,False,False,none,14
train_ep_001361,train,False,False,False,0,False,0,0,False,False,none,2
train_ep_001362,train,False,False,False,0,False,0,0,False,False,none,14
train_ep_001363,train,False,False,False,0,False,0,0,False,False,none,14
train_ep_001364,train,False,False,False,0,True,2,2,True,True,persona_mention,14
train_ep_001365,train,False,False,False,0,False,0,0,False,False,none,14
train_ep_001366,train,True,True,True,1,True,3,12,True,True,direct_appearance,14
train_ep_001367,train,False,False,True,1,True,1,2,True,True,speech_mention,14
train_ep_001368,train,False,False,False,0,True,2,2,True,True,persona_mention,14
train_ep_001369,train,False,False,False,0,False,0,0,False,False,none,14
train_ep_001370,train,False,False,False,0,False,0,0,False,False,none,14
train_ep_001371,train,False,False,False,0,False,0,0,False,False,none,14
train_ep_001372,train,True,True,True,3,False,0,11,True,True,direct_appearance,14
train_ep_001373,train,False,False,False,0,False,0,0,False,False,none,7
train_ep_001374,train,False,False,True,1,True,1,2,True,True,speech_mention,10
train_ep_001375,train,False,False,False,0,True,1,1,True,True,persona_mention,2
train_ep_001376,train,False,False,False,0,False,0,0,False,False,none,14
train_ep_001377,train,True,True,True,2,True,3,13,True,True,direct_appearance,14
train_ep_001378,train,False,False,False,0,False,0,0,False,False,none,14
train_ep_001379,train,False,False,False,0,False,0,0,False,False,none,14
train_ep_001380,train,False,False,True,2,False,0,2,True,True,speech_mention,14
train_ep_001381,train,False,False,False,0,False,0,0,False,False,none,14
train_ep_001382,train,False,False,True,1,False,0,1,True,False,speech_mention,14
train_ep_001383,train,False,False,False,0,False,0,0,False,False,none,14
train_ep_001384,train,False,False,False,0,False,0,0,False,False,none,14
train_ep_001385,train,False,False,False,0,False,0,0,False,False,none,14
train_ep_001386,train,False,False,False,0,True,1,1,True,True,persona_mention,5
train_ep_001387,train,False,False,False,0,True,1,1,True,True,persona_mention,14
train_ep_001388,train,True,True,False,0,True,1,9,True,True,direct_appearance,14
train_ep_001389,train,False,False,True,1,True,1,2,True,True,speech_mention,14
train_ep_001390,train,False,False,True,1,False,0,1,True,False,speech_mention,14
train_ep_001391,train,False,False,True,1,False,0,1,True,False,speech_mention,14
train_ep_001392,train,False,False,False,0,False,0,0,False,False,none,14
train_ep_001393,train,False,False,False,0,True,1,1,True,True,persona_mention,14
train_ep_001394,train,False,False,False,0,False,0,0,False,False,none,8
train_ep_001395,train,False,False,False,0,False,0,0,False,False,none,14
train_ep_001396,train,False,False,False,0,False,0,0,False,False,none,14
train_ep_001397,train,False,False,False,0,False,0,0,False,False,none,14
train_ep_001398,train,False,False,False,0,True,1,1,True,True,persona_mention,14
train_ep_001399,train,False,False,False,0,False,0,0,False,False,none,14
train_ep_001400,train,False,False,False,0,False,0,0,False,False,none,14
train_ep_001401,train,False,False,False,0,False,0,0,False,False,none,14
train_ep_001402,train,False,False,False,0,False,0,0,False,False,none,14
train_ep_001403,train,True,True,False,0,True,3,11,True,True,direct_appearance,14
train_ep_001404,train,False,False,False,0,False,0,0,False,False,none,14
train_ep_001405,train,False,False,False,0,False,0,0,False,False,none,14
train_ep_001406,train,False,False,False,0,False,0,0,False,False,none,14
train_ep_001407,train,False,False,False,0,False,0,0,False,False,none,14
train_ep_001408,train,False,False,False,0,False,0,0,False,False,none,14
train_ep_001409,train,False,False,True,2,True,2,4,True,True,speech_mention,14
train_ep_001410,train,False,False,False,0,False,0,0,False,False,none,14
train_ep_001411,train,False,False,False,0,False,0,0,False,False,none,14
train_ep_001412,train,False,False,False,0,False,0,0,False,False,none,14
train_ep_001413,train,False,False,False,0,False,0,0,False,False,none,14
train_ep_001414,train,False,False,False,0,False,0,0,False,False,none,14
train_ep_001415,train,False,False,False,0,True,2,2,True,True,persona_mention,14
train_ep_001416,train,True,True,True,1,True,1,10,True,True,direct_appearance,14
train_ep_001417,train,True,True,True,8,True,3,16,True,True,direct_appearance,14
train_ep_001418,train,False,False,False,0,False,0,0,False,False,none,14
train_ep_001419,train,False,False,True,1,True,1,2,True,True,speech_mention,14
train_ep_001420,train,True,True,False,0,True,1,9,True,True,direct_appearance,14
train_ep_001421,train,False,False,False,0,True,1,1,True,True,persona_mention,14
train_ep_001422,train,True,True,True,1,True,1,10,True,True,direct_appearance,14
train_ep_001423,train,False,False,False,0,False,0,0,False,False,none,14
train_ep_001424,train,True,True,True,1,True,3,12,True,True,direct_appearance,14
train_ep_001425,train,False,False,False,0,False,0,0,False,False,none,14
train_ep_001426,train,False,False,False,0,False,0,0,False,False,none,14
train_ep_001427,train,False,False,False,0,False,0,0,False,False,none,14
train_ep_001428,train,False,False,False,0,True,1,1,True,True,persona_mention,14
train_ep_001429,train,False,False,False,0,False,0,0,False,False,none,14
train_ep_001430,train,False,False,True,1,False,0,1,True,False,speech_mention,14
train_ep_001431,train,False,False,False,0,False,0,0,False,False,none,14
train_ep_001432,train,False,False,False,0,False,0,0,False,False,none,14
train_ep_001433,train,False,False,False,0,False,0,0,False,False,none,14
train_ep_001434,train,False,False,False,0,False,0,0,False,False,none,14
train_ep_001435,train,False,False,True,1,True,1,2,True,True,speech_mention,14
train_ep_001436,train,False,False,False,0,False,0,0,False,False,none,14
train_ep_001437,train,False,False,False,0,False,0,0,False,False,none,14
train_ep_001438,train,True,True,False,0,True,1,9,True,True,direct_appearance,14
train_ep_001439,train,False,False,True,1,False,0,1,True,False,speech_mention,14
train_ep_001440,train,False,False,False,0,False,0,0,False,False,none,14
train_ep_001441,train,False,False,False,0,False,0,0,False,False,none,14
train_ep_001442,train,False,False,False,0,False,0,0,False,False,none,14
train_ep_001443,train,False,False,False,0,False,0,0,False,False,none,14
train_ep_001444,train,False,False,False,0,True,1,1,True,True,persona_mention,14
train_ep_001445,train,False,False,False,0,False,0,0,False,False,none,14
train_ep_001446,train,False,False,False,0,False,0,0,False,False,none,14
train_ep_001447,train,True,True,True,1,True,4,12,True,True,direct_appearance,14
train_ep_001448,train,False,False,False,0,True,2,2,True,True,persona_mention,14
train_ep_001449,train,False,False,False,0,False,0,0,False,False,none,14
train_ep_001450,train,False,False,True,1,True,1,2,True,True,speech_mention,14
train_ep_001451,train,False,False,False,0,False,0,0,False,False,none,14
train_ep_001452,train,False,False,False,0,True,2,2,True,True,persona_mention,14
train_ep_001453,train,False,False,False,0,False,0,0,False,False,none,14
train_ep_001454,train,False,False,False,0,False,0,0,False,False,none,14
train_ep_001455,train,True,True,True,7,True,3,16,True,True,direct_appearance,14
train_ep_001456,train,False,False,False,0,False,0,0,False,False,none,14
train_ep_001457,train,False,False,False,0,False,0,0,False,False,none,14
train_ep_001458,train,False,False,True,1,False,0,1,True,False,speech_mention,14
train_ep_001459,train,False,False,False,0,False,0,0,False,False,none,14
train_ep_001460,train,False,False,False,0,False,0,0,False,False,none,14
train_ep_001461,train,False,False,False,0,False,0,0,False,False,none,14
train_ep_001462,train,False,False,True,1,True,1,2,True,True,speech_mention,14
train_ep_001463,train,False,False,False,0,False,0,0,False,False,none,14
train_ep_001464,train,False,False,True,1,True,1,2,True,True,speech_mention,14
train_ep_001465,train,False,False,False,0,False,0,0,False,False,none,14
train_ep_001466,train,False,False,False,0,False,0,0,False,False,none,14
train_ep_001467,train,False,False,False,0,False,0,0,False,False,none,14
train_ep_001468,train,True,True,True,1,False,0,9,True,True,direct_appearance,14
train_ep_001469,train,False,False,False,0,False,0,0,False,False,none,14
train_ep_001470,train,False,False,False,0,False,0,0,False,False,none,14
train_ep_001471,train,False,False,False,0,True,1,1,True,True,persona_mention,14
train_ep_001472,train,False,False,True,1,False,0,1,True,False,speech_mention,14
train_ep_001473,train,False,False,False,0,False,0,0,False,False,none,14
train_ep_001474,train,False,False,False,0,False,0,0,False,False,none,14
train_ep_001475,train,False,False,True,2,False,0,2,True,True,speech_mention,14
train_ep_001476,train,True,True,True,4,True,1,13,True,True,direct_appearance,14
train_ep_001477,train,False,False,True,5,False,0,5,True,True,speech_mention,14
train_ep_001478,train,False,False,False,0,False,0,0,False,False,none,3
train_ep_001479,train,False,False,False,0,True,4,3,True,True,persona_mention,2
train_ep_001480,train,False,False,False,0,True,2,2,True,True,persona_mention,14
train_ep_001481,train,False,False,False,0,False,0,0,False,False,none,14
train_ep_001482,train,False,False,False,0,False,0,0,False,False,none,14
train_ep_001483,train,False,False,False,0,False,0,0,False,False,none,14
train_ep_001484,train,False,False,False,0,False,0,0,False,False,none,14
train_ep_001485,train,False,False,True,1,True,1,2,True,True,speech_mention,14
train_ep_001486,train,False,False,False,0,False,0,0,False,False,none,14
train_ep_001487,train,False,False,False,0,False,0,0,False,False,none,14
train_ep_001488,train,False,False,True,4,True,3,7,True,True,speech_mention,14
train_ep_001489,train,False,False,False,0,False,0,0,False,False,none,14
train_ep_001490,train,False,False,False,0,False,0,0,False,False,none,14
train_ep_001491,train,False,False,False,0,False,0,0,False,False,none,14
train_ep_001492,train,False,False,True,1,True,1,2,True,True,speech_mention,14
train_ep_001493,train,True,True,True,1,True,1,10,True,True,direct_appearance,14
train_ep_001494,train,True,True,False,0,True,1,9,True,True,direct_appearance,14
train_ep_001495,train,True,True,False,0,True,3,11,True,True,direct_appearance,14
train_ep_001496,train,False,False,False,0,False,0,0,False,False,none,14
train_ep_001497,train,False,False,False,0,False,0,0,False,False,none,14
train_ep_001498,train,False,False,False,0,False,0,0,False,False,none,14
train_ep_001499,train,False,False,True,2,True,1,3,True,True,speech_mention,14
train_ep_001500,train,False,False,False,0,True,1,1,True,True,persona_mention,14
train_ep_001501,train,True,True,True,2,True,1,11,True,True,direct_appearance,14
train_ep_001502,train,False,False,False,0,False,0,0,False,False,none,14
train_ep_001503,train,False,False,False,0,False,0,0,False,False,none,14
train_ep_001504,train,False,False,False,0,False,0,0,False,False,none,14
train_ep_001505,train,False,False,False,0,False,0,0,False,False,none,14
train_ep_001506,train,False,False,False,0,True,1,1,True,True,persona_mention,8
train_ep_001507,train,False,False,False,0,False,0,0,False,False,none,14
train_ep_001508,train,False,False,False,0,False,0,0,False,False,none,14
train_ep_001509,train,False,False,False,0,True,1,1,True,True,persona_mention,14
train_ep_001510,train,False,False,False,0,False,0,0,False,False,none,14
train_ep_001511,train,False,False,False,0,False,0,0,False,False,none,14
train_ep_001512,train,False,False,False,0,False,0,0,False,False,none,14
train_ep_001513,train,False,False,True,1,True,2,3,True,True,speech_mention,14
train_ep_001514,train,False,False,False,0,False,0,0,False,False,none,14
train_ep_001515,train,False,False,False,0,False,0,0,False,False,none,14
train_ep_001516,train,False,False,False,0,False,0,0,False,False,none,14
train_ep_001517,train,False,False,False,0,False,0,0,False,False,none,14
train_ep_001518,train,False,False,False,0,False,0,0,False,False,none,14
train_ep_001519,train,True,True,True,1,True,3,12,True,True,direct_appearance,14
train_ep_001520,train,False,False,False,0,False,0,0,False,False,none,14
train_ep_001521,train,False,False,False,0,False,0,0,False,False,none,14
train_ep_001522,train,False,False,True,1,False,0,1,True,False,speech_mention,13
train_ep_001523,train,False,False,False,0,False,0,0,False,False,none,14
train_ep_001524,train,False,False,True,2,False,0,2,True,True,speech_mention,14
train_ep_001525,train,False,False,False,0,False,0,0,False,False,none,14
train_ep_001526,train,False,False,False,0,False,0,0,False,False,none,14
train_ep_001527,train,False,False,True,3,True,1,4,True,True,speech_mention,11
train_ep_001528,train,False,False,False,0,False,0,0,False,False,none,14
train_ep_001529,train,False,False,True,1,False,0,1,True,False,speech_mention,14
train_ep_001530,train,False,False,True,1,False,0,1,True,False,speech_mention,14
train_ep_001531,train,True,True,True,3,True,4,14,True,True,direct_appearance,14
train_ep_001532,train,False,False,False,0,False,0,0,False,False,none,14
train_ep_001533,train,False,False,False,0,True,1,1,True,True,persona_mention,14
train_ep_001534,train,False,False,True,2,True,1,3,True,True,speech_mention,14
train_ep_001535,train,False,False,False,0,False,0,0,False,False,none,14
train_ep_001536,train,False,False,False,0,True,1,1,True,True,persona_mention,6
train_ep_001537,train,False,False,True,1,False,0,1,True,False,speech_mention,14
train_ep_001538,train,False,False,False,0,False,0,0,False,False,none,14
train_ep_001539,train,True,True,True,6,False,0,13,True,True,direct_appearance,14
train_ep_001540,train,False,False,False,0,True,1,1,True,True,persona_mention,5
train_ep_001541,train,False,False,False,0,False,0,0,False,False,none,14
train_ep_001542,train,False,False,False,0,False,0,0,False,False,none,14
train_ep_001543,train,False,False,False,0,False,0,0,False,False,none,2
train_ep_001544,train,False,False,False,0,False,0,0,False,False,none,5
train_ep_001545,train,False,False,False,0,False,0,0,False,False,none,8
train_ep_001546,train,False,False,False,0,False,0,0,False,False,none,14
train_ep_001547,train,False,False,False,0,False,0,0,False,False,none,14
train_ep_001548,train,True,True,False,0,False,0,8,True,True,direct_appearance,14
train_ep_001549,train,False,False,False,0,False,0,0,False,False,none,14
train_ep_001550,train,False,False,False,0,True,1,1,True,True,persona_mention,11
train_ep_001551,train,False,False,False,0,False,0,0,False,False,none,14
train_ep_001552,train,False,False,False,0,False,0,0,False,False,none,4
train_ep_001553,train,False,False,False,0,False,0,0,False,False,none,14
train_ep_001554,train,False,False,False,0,False,0,0,False,False,none,14
train_ep_001555,train,False,False,True,1,False,0,1,True,False,speech_mention,14
train_ep_001556,train,False,False,True,4,True,1,5,True,True,speech_mention,14
train_ep_001557,train,False,False,True,1,False,0,1,True,False,speech_mention,7
train_ep_001558,train,False,False,True,3,False,0,3,True,True,speech_mention,12
train_ep_001559,train,True,True,True,1,True,1,10,True,True,direct_appearance,14
train_ep_001560,train,False,False,False,0,False,0,0,False,False,none,14
train_ep_001561,train,False,False,False,0,False,0,0,False,False,none,9
train_ep_001562,train,False,False,False,0,False,0,0,False,False,none,14
train_ep_001563,train,False,False,True,2,True,1,3,True,True,speech_mention,14
train_ep_001564,train,False,False,True,4,True,1,5,True,True,speech_mention,14
train_ep_001565,train,False,False,False,0,False,0,0,False,False,none,7
train_ep_001566,train,True,True,True,1,True,1,10,True,True,direct_appearance,2
train_ep_001567,train,False,False,True,2,True,1,3,True,True,speech_mention,6
train_ep_001568,train,False,False,False,0,False,0,0,False,False,none,2
train_ep_001569,train,False,False,True,3,True,1,4,True,True,speech_mention,14
train_ep_001570,train,False,False,False,0,False,0,0,False,False,none,14
train_ep_001571,train,False,False,True,1,False,0,1,True,False,speech_mention,14
train_ep_001572,train,False,False,False,0,False,0,0,False,False,none,14
train_ep_001573,train,False,False,False,0,True,1,1,True,True,persona_mention,14
train_ep_001574,train,False,False,False,0,False,0,0,False,False,none,14
train_ep_001575,train,False,False,False,0,False,0,0,False,False,none,6
train_ep_001576,train,False,False,False,0,False,0,0,False,False,none,14
train_ep_001577,train,False,False,False,0,False,0,0,False,False,none,14
train_ep_001578,train,False,False,False,0,False,0,0,False,False,none,14
train_ep_001579,train,False,False,True,1,True,1,2,True,True,speech_mention,9
train_ep_001580,train,False,False,True,4,True,1,5,True,True,speech_mention,14
train_ep_001581,train,False,False,False,0,False,0,0,False,False,none,3
train_ep_001582,train,False,False,False,0,True,1,1,True,True,persona_mention,14
train_ep_001583,train,False,False,False,0,False,0,0,False,False,none,14
train_ep_001584,train,False,False,False,0,True,1,1,True,True,persona_mention,14
train_ep_001585,train,False,False,False,0,False,0,0,False,False,none,14
train_ep_001586,train,False,False,False,0,False,0,0,False,False,none,14
train_ep_001587,train,False,False,True,1,True,1,2,True,True,speech_mention,10
train_ep_001588,train,False,False,True,4,True,2,6,True,True,speech_mention,14
train_ep_001589,train,False,False,False,0,False,0,0,False,False,none,14
train_ep_001590,train,False,False,False,0,False,0,0,False,False,none,4
train_ep_001591,train,False,False,False,0,False,0,0,False,False,none,14
train_ep_001592,train,False,False,False,0,False,0,0,False,False,none,14
train_ep_001593,train,False,False,True,5,False,0,5,True,True,speech_mention,14
train_ep_001594,train,False,False,False,0,False,0,0,False,False,none,14
train_ep_001595,train,False,False,True,1,True,1,2,True,True,speech_mention,14
train_ep_001596,train,False,False,False,0,False,0,0,False,False,none,14
train_ep_001597,train,False,False,False,0,False,0,0,False,False,none,14
train_ep_001598,train,False,False,False,0,False,0,0,False,False,none,14
train_ep_001599,train,False,False,True,1,True,1,2,True,True,speech_mention,14
train_ep_001600,train,False,False,False,0,True,2,2,True,True,persona_mention,14
train_ep_001601,train,False,False,True,1,False,0,1,True,False,speech_mention,14
train_ep_001602,train,False,False,False,0,False,0,0,False,False,none,14
train_ep_001603,train,False,False,False,0,True,2,2,True,True,persona_mention,14
train_ep_001604,train,False,False,False,0,False,0,0,False,False,none,14
train_ep_001605,train,False,False,False,0,False,0,0,False,False,none,14
train_ep_001606,train,False,False,False,0,False,0,0,False,False,none,14
train_ep_001607,train,False,False,False,0,False,0,0,False,False,none,14
train_ep_001608,train,False,False,True,2,True,1,3,True,True,speech_mention,14
train_ep_001609,train,False,False,True,1,True,1,2,True,True,speech_mention,14
train_ep_001610,train,False,False,False,0,False,0,0,False,False,none,14
train_ep_001611,train,False,False,False,0,False,0,0,False,False,none,14
train_ep_001612,train,False,False,False,0,False,0,0,False,False,none,14
train_ep_001613,train,False,False,True,1,False,0,1,True,False,speech_mention,14
train_ep_001614,train,False,False,False,0,True,1,1,True,True,persona_mention,4
train_ep_001615,train,False,False,False,0,False,0,0,False,False,none,14
train_ep_001616,train,False,False,False,0,False,0,0,False,False,none,14
train_ep_001617,train,False,False,False,0,True,1,1,True,True,persona_mention,8
train_ep_001618,train,False,False,False,0,True,1,1,True,True,persona_mention,10
train_ep_001619,train,False,False,True,1,False,0,1,True,False,speech_mention,14
train_ep_001620,train,False,False,False,0,True,1,1,True,True,persona_mention,14
train_ep_001621,train,False,False,False,0,False,0,0,False,False,none,14
train_ep_001622,train,False,False,False,0,False,0,0,False,False,none,14
train_ep_001623,train,False,False,False,0,False,0,0,False,False,none,8
train_ep_001624,train,False,False,False,0,True,1,1,True,True,persona_mention,2
train_ep_001625,train,False,False,False,0,False,0,0,False,False,none,7
train_ep_001626,train,False,False,True,1,False,0,1,True,False,speech_mention,14
train_ep_001627,train,False,False,True,3,False,0,3,True,True,speech_mention,14
train_ep_001628,train,False,False,False,0,True,1,1,True,True,persona_mention,8
train_ep_001629,train,False,False,False,0,False,0,0,False,False,none,14
train_ep_001630,train,False,False,True,6,True,1,6,True,True,speech_mention,14
train_ep_001631,train,False,False,True,1,True,1,2,True,True,speech_mention,14
train_ep_001632,train,True,True,True,2,True,3,13,True,True,direct_appearance,14
train_ep_001633,train,True,True,False,0,False,0,8,True,True,direct_appearance,14
train_ep_001634,train,False,False,False,0,False,0,0,False,False,none,14
train_ep_001635,train,True,True,True,4,True,3,15,True,True,direct_appearance,14
train_ep_001636,train,False,False,False,0,True,1,1,True,True,persona_mention,14
train_ep_001637,train,False,False,False,0,False,0,0,False,False,none,14
train_ep_001638,train,False,False,True,2,True,1,3,True,True,speech_mention,14
train_ep_001639,train,False,False,False,0,False,0,0,False,False,none,14
train_ep_001640,train,True,True,True,2,True,2,12,True,True,direct_appearance,14
train_ep_001641,train,False,False,False,0,False,0,0,False,False,none,14
train_ep_001642,train,False,False,False,0,False,0,0,False,False,none,14
train_ep_001643,train,False,False,False,0,False,0,0,False,False,none,14
train_ep_001644,train,False,False,False,0,False,0,0,False,False,none,11
train_ep_001645,train,False,False,False,0,False,0,0,False,False,none,14
train_ep_001646,train,False,False,True,6,True,1,6,True,True,speech_mention,14
train_ep_001647,train,False,False,False,0,False,0,0,False,False,none,14
train_ep_001648,train,True,True,True,2,True,3,13,True,True,direct_appearance,14
train_ep_001649,train,False,False,False,0,False,0,0,False,False,none,14
train_ep_001650,train,True,True,True,3,True,3,14,True,True,direct_appearance,14
train_ep_001651,train,False,False,False,0,False,0,0,False,False,none,14
train_ep_001652,train,False,False,False,0,False,0,0,False,False,none,14
train_ep_001653,train,False,False,False,0,False,0,0,False,False,none,14
train_ep_001654,train,False,False,False,0,False,0,0,False,False,none,14
train_ep_001655,train,False,False,False,0,False,0,0,False,False,none,14
train_ep_001656,train,False,False,False,0,True,2,2,True,True,persona_mention,14
train_ep_001657,train,False,False,False,0,False,0,0,False,False,none,14
train_ep_001658,train,False,False,False,0,False,0,0,False,False,none,14
train_ep_001659,train,False,False,False,0,False,0,0,False,False,none,14
train_ep_001660,train,False,False,False,0,True,1,1,True,True,persona_mention,14
train_ep_001661,train,False,False,False,0,False,0,0,False,False,none,14
train_ep_001662,train,False,False,False,0,True,1,1,True,True,persona_mention,14
train_ep_001663,train,False,False,False,0,True,1,1,True,True,persona_mention,14
train_ep_001664,train,False,False,False,0,False,0,0,False,False,none,10
train_ep_001665,train,False,False,False,0,False,0,0,False,False,none,14
train_ep_001666,train,False,False,False,0,False,0,0,False,False,none,14
train_ep_001667,train,False,False,False,0,False,0,0,False,False,none,14
train_ep_001668,train,False,False,False,0,True,1,1,True,True,persona_mention,5
train_ep_001669,train,False,False,False,0,False,0,0,False,False,none,14
train_ep_001670,train,False,False,False,0,False,0,0,False,False,none,14
train_ep_001671,train,False,False,False,0,True,1,1,True,True,persona_mention,14
train_ep_001672,train,False,False,True,2,True,1,3,True,True,speech_mention,12
train_ep_001673,train,False,False,False,0,False,0,0,False,False,none,14
train_ep_001674,train,False,False,False,0,False,0,0,False,False,none,14
train_ep_001675,train,False,False,False,0,True,1,1,True,True,persona_mention,14
train_ep_001676,train,False,False,False,0,False,0,0,False,False,none,14
train_ep_001677,train,False,False,False,0,False,0,0,False,False,none,8
train_ep_001678,train,False,False,False,0,True,1,1,True,True,persona_mention,9
train_ep_001679,train,True,True,True,2,True,2,12,True,True,direct_appearance,14
train_ep_001680,train,False,False,False,0,False,0,0,False,False,none,14
train_ep_001681,train,False,False,False,0,False,0,0,False,False,none,14
train_ep_001682,train,False,False,True,1,False,0,1,True,False,speech_mention,14
train_ep_001683,train,False,False,False,0,False,0,0,False,False,none,14
train_ep_001684,train,False,False,True,2,False,0,2,True,True,speech_mention,14
train_ep_001685,train,False,False,True,1,True,1,2,True,True,speech_mention,14
train_ep_001686,train,False,False,False,0,False,0,0,False,False,none,14
train_ep_001687,train,False,False,False,0,False,0,0,False,False,none,13
train_ep_001688,train,False,False,False,0,False,0,0,False,False,none,14
train_ep_001689,train,False,False,True,1,True,1,2,True,True,speech_mention,14
train_ep_001690,train,False,False,False,0,False,0,0,False,False,none,14
train_ep_001691,train,False,False,True,1,True,2,3,True,True,speech_mention,14
train_ep_001692,train,False,False,False,0,False,0,0,False,False,none,14
train_ep_001693,train,True,True,True,2,True,1,11,True,True,direct_appearance,14
train_ep_001694,train,False,False,False,0,False,0,0,False,False,none,14
train_ep_001695,train,True,True,False,0,True,1,9,True,True,direct_appearance,14
train_ep_001696,train,False,False,False,0,False,0,0,False,False,none,14
train_ep_001697,train,False,False,False,0,False,0,0,False,False,none,14
train_ep_001698,train,False,False,False,0,True,1,1,True,True,persona_mention,12
train_ep_001699,train,False,False,False,0,False,0,0,False,False,none,12
train_ep_001700,train,False,False,False,0,False,0,0,False,False,none,7
train_ep_001701,train,False,False,True,2,False,0,2,True,True,speech_mention,10
train_ep_001702,train,False,False,True,1,True,1,2,True,True,speech_mention,14
train_ep_001703,train,False,False,False,0,False,0,0,False,False,none,14
train_ep_001704,train,False,False,False,0,False,0,0,False,False,none,14
train_ep_001705,train,False,False,True,1,False,0,1,True,False,speech_mention,14
train_ep_001706,train,False,False,False,0,False,0,0,False,False,none,14
train_ep_001707,train,False,False,False,0,False,0,0,False,False,none,14
train_ep_001708,train,False,False,False,0,False,0,0,False,False,none,14
train_ep_001709,train,False,False,False,0,False,0,0,False,False,none,14
train_ep_001710,train,True,True,False,0,True,1,9,True,True,direct_appearance,14
train_ep_001711,train,False,False,True,1,True,1,2,True,True,speech_mention,14
train_ep_001712,train,False,False,True,3,True,2,5,True,True,speech_mention,14
train_ep_001713,train,False,False,False,0,False,0,0,False,False,none,14
train_ep_001714,train,False,False,True,1,False,0,1,True,False,speech_mention,14
train_ep_001715,train,False,False,True,2,False,0,2,True,True,speech_mention,14
train_ep_001716,train,False,False,False,0,False,0,0,False,False,none,14
train_ep_001717,train,False,False,False,0,False,0,0,False,False,none,14
train_ep_001718,train,False,False,False,0,False,0,0,False,False,none,14
train_ep_001719,train,False,False,True,1,False,0,1,True,False,speech_mention,14
train_ep_001720,train,False,False,False,0,True,2,2,True,True,persona_mention,14
train_ep_001721,train,False,False,True,2,True,1,3,True,True,speech_mention,14
train_ep_001722,train,False,False,True,2,True,2,4,True,True,speech_mention,14
train_ep_001723,train,False,False,True,1,True,2,3,True,True,speech_mention,7
train_ep_001724,train,False,False,False,0,False,0,0,False,False,none,4
train_ep_001725,train,False,False,False,0,False,0,0,False,False,none,2
train_ep_001726,train,False,False,False,0,False,0,0,False,False,none,2
train_ep_001727,train,False,False,True,1,False,0,1,True,False,speech_mention,14
train_ep_001728,train,False,False,False,0,False,0,0,False,False,none,14
train_ep_001729,train,False,False,False,0,True,1,1,True,True,persona_mention,14
train_ep_001730,train,False,False,False,0,False,0,0,False,False,none,14
train_ep_001731,train,True,True,True,1,True,1,10,True,True,direct_appearance,5
train_ep_001732,train,False,False,True,2,False,0,2,True,True,speech_mention,14
train_ep_001733,train,False,False,False,0,False,0,0,False,False,none,14
train_ep_001734,train,False,False,True,1,True,2,3,True,True,speech_mention,14
train_ep_001735,train,False,False,True,1,False,0,1,True,False,speech_mention,14
train_ep_001736,train,True,True,False,0,True,1,9,True,True,direct_appearance,14
train_ep_001737,train,False,False,False,0,False,0,0,False,False,none,14
train_ep_001738,train,False,False,False,0,False,0,0,False,False,none,14
train_ep_001739,train,True,True,True,2,True,1,11,True,True,direct_appearance,14
train_ep_001740,train,False,False,True,3,False,0,3,True,True,speech_mention,14
train_ep_001741,train,False,False,False,0,False,0,0,False,False,none,14
train_ep_001742,train,False,False,True,1,False,0,1,True,False,speech_mention,14
train_ep_001743,train,False,False,False,0,False,0,0,False,False,none,14
train_ep_001744,train,False,False,False,0,False,0,0,False,False,none,14
train_ep_001745,train,False,False,False,0,False,0,0,False,False,none,14
train_ep_001746,train,False,False,False,0,False,0,0,False,False,none,14
train_ep_001747,train,False,False,True,1,True,1,2,True,True,speech_mention,14
train_ep_001748,train,False,False,False,0,False,0,0,False,False,none,14
train_ep_001749,train,False,False,False,0,False,0,0,False,False,none,14
train_ep_001750,train,False,False,False,0,True,1,1,True,True,persona_mention,14
train_ep_001751,train,False,False,False,0,False,0,0,False,False,none,14
train_ep_001752,train,False,False,False,0,False,0,0,False,False,none,14
train_ep_001753,train,False,False,False,0,False,0,0,False,False,none,2
train_ep_001754,train,False,False,False,0,False,0,0,False,False,none,14
train_ep_001755,train,True,True,False,0,True,1,9,True,True,direct_appearance,14
train_ep_001756,train,False,False,False,0,False,0,0,False,False,none,14
train_ep_001757,train,False,False,False,0,False,0,0,False,False,none,14
train_ep_001758,train,False,False,False,0,False,0,0,False,False,none,14
train_ep_001759,train,False,False,False,0,False,0,0,False,False,none,14
train_ep_001760,train,False,False,True,1,False,0,1,True,False,speech_mention,9
train_ep_001761,train,False,False,False,0,False,0,0,False,False,none,4
train_ep_001762,train,False,False,False,0,True,2,2,True,True,persona_mention,14
train_ep_001763,train,False,False,False,0,False,0,0,False,False,none,14
train_ep_001764,train,False,False,False,0,False,0,0,False,False,none,14
train_ep_001765,train,False,False,False,0,False,0,0,False,False,none,14
train_ep_001766,train,False,False,False,0,False,0,0,False,False,none,14
train_ep_001767,train,False,False,True,1,False,0,1,True,False,speech_mention,14
train_ep_001768,train,False,False,True,1,True,1,2,True,True,speech_mention,14
train_ep_001769,train,False,False,True,3,True,1,4,True,True,speech_mention,14
train_ep_001770,train,False,False,False,0,False,0,0,False,False,none,14
train_ep_001771,train,False,False,False,0,False,0,0,False,False,none,14
train_ep_001772,train,False,False,False,0,True,1,1,True,True,persona_mention,14
train_ep_001773,train,False,False,False,0,False,0,0,False,False,none,5
train_ep_001774,train,False,False,False,0,False,0,0,False,False,none,14
train_ep_001775,train,False,False,False,0,False,0,0,False,False,none,14
train_ep_001776,train,False,False,False,0,False,0,0,False,False,none,14
train_ep_001777,train,False,False,False,0,False,0,0,False,False,none,14
train_ep_001778,train,False,False,False,0,False,0,0,False,False,none,14
train_ep_001779,train,True,True,True,1,True,2,11,True,True,direct_appearance,14
train_ep_001780,train,False,False,False,0,False,0,0,False,False,none,12
train_ep_001781,train,True,True,True,6,True,1,14,True,True,direct_appearance,10
train_ep_001782,train,False,False,False,0,False,0,0,False,False,none,14
train_ep_001783,train,False,False,False,0,True,1,1,True,True,persona_mention,14
train_ep_001784,train,False,False,True,2,False,0,2,True,True,speech_mention,4
train_ep_001785,train,False,False,True,2,True,1,3,True,True,speech_mention,14
train_ep_001786,train,False,False,False,0,False,0,0,False,False,none,14
train_ep_001787,train,False,False,True,1,False,0,1,True,False,speech_mention,14
train_ep_001788,train,False,False,True,2,True,1,3,True,True,speech_mention,14
train_ep_001789,train,False,False,False,0,False,0,0,False,False,none,14
train_ep_001790,train,False,False,False,0,False,0,0,False,False,none,14
train_ep_001791,train,False,False,False,0,False,0,0,False,False,none,7
train_ep_001792,train,False,False,False,0,False,0,0,False,False,none,13
train_ep_001793,train,False,False,False,0,False,0,0,False,False,none,14
train_ep_001794,train,False,False,True,1,True,2,3,True,True,speech_mention,2
train_ep_001795,train,False,False,False,0,False,0,0,False,False,none,14
train_ep_001796,train,False,False,False,0,False,0,0,False,False,none,14
train_ep_001797,train,False,False,True,2,True,1,3,True,True,speech_mention,14
train_ep_001798,train,False,False,True,3,True,1,4,True,True,speech_mention,14
train_ep_001799,train,False,False,False,0,True,1,1,True,True,persona_mention,14
train_ep_001800,train,False,False,False,0,False,0,0,False,False,none,14
train_ep_001801,train,False,False,False,0,False,0,0,False,False,none,14
train_ep_001802,train,False,False,True,1,True,2,3,True,True,speech_mention,14
train_ep_001803,train,False,False,True,2,False,0,2,True,True,speech_mention,14
train_ep_001804,train,True,True,True,1,True,1,10,True,True,direct_appearance,14
train_ep_001805,train,False,False,True,1,False,0,1,True,False,speech_mention,14
train_ep_001806,train,False,False,False,0,True,1,1,True,True,persona_mention,7
train_ep_001807,train,False,False,False,0,False,0,0,False,False,none,14
train_ep_001808,train,False,False,False,0,True,1,1,True,True,persona_mention,2
train_ep_001809,train,False,False,False,0,False,0,0,False,False,none,14
train_ep_001810,train,True,True,False,0,True,1,9,True,True,direct_appearance,14
train_ep_001811,train,False,False,False,0,False,0,0,False,False,none,14
train_ep_001812,train,True,True,False,0,True,1,9,True,True,direct_appearance,14
train_ep_001813,train,False,False,False,0,False,0,0,False,False,none,14
train_ep_001814,train,False,False,False,0,False,0,0,False,False,none,14
train_ep_001815,train,False,False,False,0,False,0,0,False,False,none,14
train_ep_001816,train,False,False,False,0,False,0,0,False,False,none,14
train_ep_001817,train,False,False,False,0,False,0,0,False,False,none,14
train_ep_001818,train,False,False,False,0,False,0,0,False,False,none,5
train_ep_001819,train,False,False,False,0,False,0,0,False,False,none,14
train_ep_001820,train,False,False,False,0,False,0,0,False,False,none,14
train_ep_001821,train,False,False,True,1,False,0,1,True,False,speech_mention,14
train_ep_001822,train,False,False,False,0,True,1,1,True,True,persona_mention,12
train_ep_001823,train,False,False,True,2,False,0,2,True,True,speech_mention,12
train_ep_001824,train,False,False,False,0,False,0,0,False,False,none,12
train_ep_001825,train,False,False,False,0,False,0,0,False,False,none,12
train_ep_001826,train,True,True,False,0,True,1,9,True,True,direct_appearance,12
train_ep_001827,train,False,False,True,1,True,1,2,True,True,speech_mention,14
train_ep_001828,train,False,False,False,0,True,1,1,True,True,persona_mention,11
train_ep_001829,train,False,False,False,0,True,1,1,True,True,persona_mention,14
train_ep_001830,train,False,False,False,0,False,0,0,False,False,none,5
train_ep_001831,train,False,False,False,0,False,0,0,False,False,none,14
train_ep_001832,train,False,False,False,0,False,0,0,False,False,none,14
train_ep_001833,train,False,False,False,0,False,0,0,False,False,none,3
train_ep_001834,train,False,False,False,0,False,0,0,False,False,none,14
train_ep_001835,train,False,False,False,0,False,0,0,False,False,none,14
train_ep_001836,train,False,False,False,0,True,1,1,True,True,persona_mention,14
train_ep_001837,train,False,False,False,0,True,1,1,True,True,persona_mention,14
train_ep_001838,train,True,True,True,2,True,1,11,True,True,direct_appearance,14
train_ep_001839,train,False,False,True,2,True,1,3,True,True,speech_mention,14
train_ep_001840,train,False,False,False,0,False,0,0,False,False,none,14
train_ep_001841,train,False,False,False,0,False,0,0,False,False,none,14
train_ep_001842,train,False,False,False,0,False,0,0,False,False,none,14
train_ep_001843,train,False,False,True,1,False,0,1,True,False,speech_mention,14
train_ep_001844,train,False,False,False,0,False,0,0,False,False,none,14
train_ep_001845,train,False,False,False,0,False,0,0,False,False,none,14
train_ep_001846,train,False,False,True,5,False,0,5,True,True,speech_mention,14
train_ep_001847,train,False,False,False,0,False,0,0,False,False,none,14
train_ep_001848,train,False,False,False,0,False,0,0,False,False,none,14
train_ep_001849,train,False,False,False,0,False,0,0,False,False,none,14
train_ep_001850,train,False,False,True,3,True,2,5,True,True,speech_mention,14
train_ep_001851,train,False,False,True,5,True,1,6,True,True,speech_mention,14
train_ep_001852,train,False,False,True,2,True,1,3,True,True,speech_mention,14
train_ep_001853,train,False,False,True,1,True,2,3,True,True,speech_mention,14
train_ep_001854,train,False,False,False,0,False,0,0,False,False,none,14
train_ep_001855,train,False,False,False,0,False,0,0,False,False,none,14
train_ep_001856,train,False,False,True,1,True,2,3,True,True,speech_mention,14
train_ep_001857,train,False,False,False,0,True,1,1,True,True,persona_mention,14
train_ep_001858,train,False,False,True,1,True,1,2,True,True,speech_mention,14
train_ep_001859,train,False,False,False,0,True,1,1,True,True,persona_mention,14
train_ep_001860,train,False,False,True,1,True,1,2,True,True,speech_mention,6
train_ep_001861,train,True,True,True,3,True,1,12,True,True,direct_appearance,14
train_ep_001862,train,False,False,True,1,True,1,2,True,True,speech_mention,14
train_ep_001863,train,False,False,True,3,True,1,4,True,True,speech_mention,14
train_ep_001864,train,False,False,False,0,True,1,1,True,True,persona_mention,14
train_ep_001865,train,False,False,True,1,True,1,2,True,True,speech_mention,14
train_ep_001866,train,False,False,False,0,False,0,0,False,False,none,14
train_ep_001867,train,False,False,False,0,False,0,0,False,False,none,14
train_ep_001868,train,False,False,False,0,False,0,0,False,False,none,14
train_ep_001869,train,False,False,False,0,False,0,0,False,False,none,14
train_ep_001870,train,False,False,False,0,False,0,0,False,False,none,14
train_ep_001871,train,False,False,False,0,False,0,0,False,False,none,14
train_ep_001872,train,False,False,False,0,True,1,1,True,True,persona_mention,14
train_ep_001873,train,False,False,False,0,False,0,0,False,False,none,14
train_ep_001874,train,False,False,False,0,True,1,1,True,True,persona_mention,14
train_ep_001875,train,False,False,False,0,False,0,0,False,False,none,14
train_ep_001876,train,True,True,True,3,True,3,14,True,True,direct_appearance,14
train_ep_001877,train,False,False,False,0,False,0,0,False,False,none,14
train_ep_001878,train,False,False,False,0,False,0,0,False,False,none,7
train_ep_001879,train,False,False,False,0,False,0,0,False,False,none,14
train_ep_001880,train,False,False,False,0,False,0,0,False,False,none,14
train_ep_001881,train,False,False,False,0,True,1,1,True,True,persona_mention,14
train_ep_001882,train,False,False,True,2,True,2,4,True,True,speech_mention,14
train_ep_001883,train,True,True,False,0,True,3,11,True,True,direct_appearance,14
train_ep_001884,train,False,False,False,0,False,0,0,False,False,none,14
train_ep_001885,train,False,False,False,0,False,0,0,False,False,none,14
train_ep_001886,train,False,False,False,0,False,0,0,False,False,none,14
train_ep_001887,train,False,False,False,0,False,0,0,False,False,none,14
train_ep_001888,train,True,True,True,3,True,3,14,True,True,direct_appearance,14
train_ep_001889,train,False,False,False,0,False,0,0,False,False,none,14
train_ep_001890,train,False,False,False,0,False,0,0,False,False,none,14
train_ep_001891,train,False,False,True,1,False,0,1,True,False,speech_mention,14
train_ep_001892,train,False,False,True,1,True,1,2,True,True,speech_mention,14
train_ep_001893,train,False,False,True,2,False,0,2,True,True,speech_mention,14
train_ep_001894,train,False,False,False,0,False,0,0,False,False,none,14
train_ep_001895,train,False,False,False,0,False,0,0,False,False,none,14
train_ep_001896,train,False,False,False,0,True,1,1,True,True,persona_mention,14
train_ep_001897,train,False,False,False,0,False,0,0,False,False,none,14
train_ep_001898,train,False,False,False,0,False,0,0,False,False,none,14
train_ep_001899,train,False,False,False,0,True,1,1,True,True,persona_mention,2
train_ep_001900,train,False,False,False,0,True,2,2,True,True,persona_mention,14
train_ep_001901,train,False,False,False,0,False,0,0,False,False,none,14
train_ep_001902,train,False,False,False,0,False,0,0,False,False,none,14
train_ep_001903,train,True,True,True,1,True,3,12,True,True,direct_appearance,14
train_ep_001904,train,False,False,False,0,False,0,0,False,False,none,14
train_ep_001905,train,False,False,False,0,False,0,0,False,False,none,14
train_ep_001906,train,False,False,True,1,False,0,1,True,False,speech_mention,14
train_ep_001907,train,False,False,False,0,False,0,0,False,False,none,14
train_ep_001908,train,False,False,False,0,True,1,1,True,True,persona_mention,14
train_ep_001909,train,False,False,False,0,False,0,0,False,False,none,14
train_ep_001910,train,True,True,True,5,True,4,16,True,True,direct_appearance,14
train_ep_001911,train,False,False,False,0,False,0,0,False,False,none,14
train_ep_001912,train,False,False,False,0,False,0,0,False,False,none,14
train_ep_001913,train,False,False,True,2,False,0,2,True,True,speech_mention,14
train_ep_001914,train,False,False,False,0,False,0,0,False,False,none,7
train_ep_001915,train,False,False,False,0,False,0,0,False,False,none,14
train_ep_001916,train,False,False,True,1,False,0,1,True,False,speech_mention,14
train_ep_001917,train,False,False,True,1,False,0,1,True,False,speech_mention,14
train_ep_001918,train,False,False,False,0,True,1,1,True,True,persona_mention,14
train_ep_001919,train,False,False,False,0,False,0,0,False,False,none,14
train_ep_001920,train,False,False,False,0,False,0,0,False,False,none,14
train_ep_001921,train,False,False,True,1,False,0,1,True,False,speech_mention,14
train_ep_001922,train,False,False,False,0,False,0,0,False,False,none,14
train_ep_001923,train,False,False,False,0,False,0,0,False,False,none,14
train_ep_001924,train,False,False,False,0,False,0,0,False,False,none,14
train_ep_001925,train,False,False,False,0,False,0,0,False,False,none,14
train_ep_001926,train,True,True,True,2,False,0,10,True,True,direct_appearance,14
train_ep_001927,train,False,False,False,0,False,0,0,False,False,none,14
train_ep_001928,train,False,False,False,0,False,0,0,False,False,none,14
train_ep_001929,train,False,False,False,0,False,0,0,False,False,none,14
train_ep_001930,train,False,False,False,0,False,0,0,False,False,none,14
train_ep_001931,train,False,False,False,0,False,0,0,False,False,none,14
train_ep_001932,train,False,False,False,0,True,1,1,True,True,persona_mention,14
train_ep_001933,train,False,False,False,0,False,0,0,False,False,none,14
train_ep_001934,train,False,False,False,0,False,0,0,False,False,none,14
train_ep_001935,train,False,False,False,0,False,0,0,False,False,none,14
train_ep_001936,train,False,False,False,0,False,0,0,False,False,none,14
train_ep_001937,train,True,True,True,3,True,1,12,True,True,direct_appearance,14
train_ep_001938,train,False,False,False,0,False,0,0,False,False,none,14
train_ep_001939,train,True,True,True,4,True,3,15,True,True,direct_appearance,14
train_ep_001940,train,False,False,True,1,True,1,2,True,True,speech_mention,14
train_ep_001941,train,False,False,True,4,True,1,5,True,True,speech_mention,14
train_ep_001942,train,False,False,False,0,False,0,0,False,False,none,14
train_ep_001943,train,False,False,False,0,True,1,1,True,True,persona_mention,14
train_ep_001944,train,False,False,False,0,True,2,2,True,True,persona_mention,14
train_ep_001945,train,False,False,False,0,True,1,1,True,True,persona_mention,14
train_ep_001946,train,False,False,False,0,False,0,0,False,False,none,14
train_ep_001947,train,False,False,False,0,False,0,0,False,False,none,14
train_ep_001948,train,False,False,True,1,True,2,3,True,True,speech_mention,14
train_ep_001949,train,False,False,False,0,False,0,0,False,False,none,14
train_ep_001950,train,False,False,False,0,True,1,1,True,True,persona_mention,14
train_ep_001951,train,False,False,False,0,False,0,0,False,False,none,14
train_ep_001952,train,False,False,False,0,False,0,0,False,False,none,14
train_ep_001953,train,False,False,False,0,False,0,0,False,False,none,14
train_ep_001954,train,False,False,False,0,True,1,1,True,True,persona_mention,14
train_ep_001955,train,False,False,False,0,False,0,0,False,False,none,14
train_ep_001956,train,False,False,False,0,False,0,0,False,False,none,14
train_ep_001957,train,False,False,False,0,False,0,0,False,False,none,14
train_ep_001958,train,False,False,False,0,False,0,0,False,False,none,14
train_ep_001959,train,False,False,False,0,False,0,0,False,False,none,14
train_ep_001960,train,True,True,True,3,True,3,14,True,True,direct_appearance,14
train_ep_001961,train,False,False,False,0,False,0,0,False,False,none,14
train_ep_001962,train,False,False,False,0,True,1,1,True,True,persona_mention,14
train_ep_001963,train,False,False,False,0,True,1,1,True,True,persona_mention,14
train_ep_001964,train,False,False,False,0,False,0,0,False,False,none,14
train_ep_001965,train,False,False,False,0,False,0,0,False,False,none,14
train_ep_001966,train,False,False,False,0,True,1,1,True,True,persona_mention,14
train_ep_001967,train,False,False,True,1,False,0,1,True,False,speech_mention,14
train_ep_001968,train,False,False,False,0,False,0,0,False,False,none,14
train_ep_001969,train,False,False,False,0,False,0,0,False,False,none,14
train_ep_001970,train,False,False,False,0,False,0,0,False,False,none,14
train_ep_001971,train,False,False,False,0,False,0,0,False,False,none,14
train_ep_001972,train,False,False,False,0,False,0,0,False,False,none,14
train_ep_001973,train,False,False,False,0,False,0,0,False,False,none,14
train_ep_001974,train,False,False,False,0,False,0,0,False,False,none,14
train_ep_001975,train,False,False,False,0,True,1,1,True,True,persona_mention,14
train_ep_001976,train,False,False,False,0,False,0,0,False,False,none,14
train_ep_001977,train,False,False,False,0,False,0,0,False,False,none,14
train_ep_001978,train,False,False,False,0,False,0,0,False,False,none,14
train_ep_001979,train,False,False,False,0,False,0,0,False,False,none,14
train_ep_001980,train,False,False,False,0,False,0,0,False,False,none,14
train_ep_001981,train,False,False,False,0,False,0,0,False,False,none,14
train_ep_001982,train,False,False,False,0,True,1,1,True,True,persona_mention,14
train_ep_001983,train,False,False,False,0,True,1,1,True,True,persona_mention,14
train_ep_001984,train,False,False,False,0,False,0,0,False,False,none,14
train_ep_001985,train,False,False,False,0,False,0,0,False,False,none,14
train_ep_001986,train,False,False,False,0,True,1,1,True,True,persona_mention,14
train_ep_001987,train,False,False,False,0,False,0,0,False,False,none,14
train_ep_001988,train,False,False,False,0,False,0,0,False,False,none,14
train_ep_001989,train,False,False,False,0,False,0,0,False,False,none,14
train_ep_001990,train,True,True,True,2,True,3,13,True,True,direct_appearance,14
train_ep_001991,train,False,False,False,0,False,0,0,False,False,none,14
train_ep_001992,train,False,False,False,0,False,0,0,False,False,none,14
train_ep_001993,train,False,False,False,0,False,0,0,False,False,none,14
train_ep_001994,train,False,False,False,0,False,0,0,False,False,none,14
train_ep_001995,train,False,False,False,0,False,0,0,False,False,none,14
train_ep_001996,train,False,False,False,0,False,0,0,False,False,none,14
train_ep_001997,train,False,False,True,1,True,1,2,True,True,speech_mention,14
train_ep_001998,train,False,False,False,0,False,0,0,False,False,none,14
train_ep_001999,train,False,False,False,0,False,0,0,False,False,none,14
train_ep_002000,train,False,False,False,0,False,0,0,False,False,none,14
train_ep_002001,train,False,False,False,0,False,0,0,False,False,none,8
train_ep_002002,train,False,False,False,0,False,0,0,False,False,none,14
train_ep_002003,train,True,True,False,0,False,0,8,True,True,direct_appearance,14
train_ep_002004,train,False,False,False,0,True,1,1,True,True,persona_mention,14
train_ep_002005,train,False,False,True,1,False,0,1,True,False,speech_mention,14
train_ep_002006,train,False,False,False,0,False,0,0,False,False,none,14
train_ep_002007,train,False,False,False,0,True,1,1,True,True,persona_mention,14
train_ep_002008,train,True,True,True,1,False,0,9,True,True,direct_appearance,14
train_ep_002009,train,False,False,False,0,True,1,1,True,True,persona_mention,14
train_ep_002010,train,True,True,True,1,True,3,12,True,True,direct_appearance,14
train_ep_002011,train,True,True,True,2,True,4,13,True,True,direct_appearance,14
train_ep_002012,train,False,False,False,0,True,1,1,True,True,persona_mention,14
train_ep_002013,train,False,False,False,0,False,0,0,False,False,none,6
train_ep_002014,train,False,False,False,0,False,0,0,False,False,none,14
train_ep_002015,train,False,False,False,0,False,0,0,False,False,none,14
train_ep_002016,train,False,False,False,0,False,0,0,False,False,none,14
train_ep_002017,train,False,False,False,0,False,0,0,False,False,none,14
train_ep_002018,train,False,False,False,0,False,0,0,False,False,none,14
train_ep_002019,train,False,False,False,0,False,0,0,False,False,none,14
train_ep_002020,train,False,False,False,0,True,2,2,True,True,persona_mention,14
train_ep_002021,train,False,False,True,2,True,2,4,True,True,speech_mention,14
train_ep_002022,train,False,False,False,0,False,0,0,False,False,none,14
train_ep_002023,train,True,True,True,1,True,1,10,True,True,direct_appearance,14
train_ep_002024,train,False,False,False,0,False,0,0,False,False,none,14
train_ep_002025,train,False,False,False,0,False,0,0,False,False,none,14
train_ep_002026,train,False,False,False,0,True,1,1,True,True,persona_mention,14
train_ep_002027,train,False,False,False,0,False,0,0,False,False,none,11
train_ep_002028,train,False,False,False,0,True,1,1,True,True,persona_mention,14
train_ep_002029,train,False,False,False,0,False,0,0,False,False,none,14
train_ep_002030,train,False,False,False,0,True,1,1,True,True,persona_mention,14
train_ep_002031,train,False,False,False,0,False,0,0,False,False,none,14
train_ep_002032,train,False,False,False,0,False,0,0,False,False,none,10
train_ep_002033,train,False,False,False,0,True,3,3,True,True,persona_mention,10
train_ep_002034,train,False,False,False,0,True,1,1,True,True,persona_mention,14
train_ep_002035,train,False,False,False,0,True,1,1,True,True,persona_mention,14
train_ep_002036,train,False,False,False,0,False,0,0,False,False,none,14
train_ep_002037,train,False,False,False,0,False,0,0,False,False,none,14
train_ep_002038,train,False,False,False,0,False,0,0,False,False,none,14
train_ep_002039,train,False,False,False,0,False,0,0,False,False,none,14
train_ep_002040,train,False,False,False,0,True,1,1,True,True,persona_mention,14
train_ep_002041,train,False,False,False,0,False,0,0,False,False,none,14
train_ep_002042,train,False,False,False,0,False,0,0,False,False,none,14
train_ep_002043,train,False,False,False,0,False,0,0,False,False,none,14
train_ep_002044,train,False,False,False,0,False,0,0,False,False,none,14
train_ep_002045,train,True,True,True,4,True,3,15,True,True,direct_appearance,14
train_ep_002046,train,False,False,False,0,False,0,0,False,False,none,14
train_ep_002047,train,False,False,False,0,False,0,0,False,False,none,14
train_ep_002048,train,False,False,False,0,False,0,0,False,False,none,14
train_ep_002049,train,False,False,False,0,False,0,0,False,False,none,14
train_ep_002050,train,False,False,False,0,False,0,0,False,False,none,14
train_ep_002051,train,False,False,False,0,False,0,0,False,False,none,14
train_ep_002052,train,False,False,False,0,False,0,0,False,False,none,14
train_ep_002053,train,False,False,True,1,False,0,1,True,False,speech_mention,12
train_ep_002054,train,False,False,False,0,False,0,0,False,False,none,8
train_ep_002055,train,False,False,True,3,False,0,3,True,True,speech_mention,8
train_ep_002056,train,False,False,False,0,False,0,0,False,False,none,14
train_ep_002057,train,False,False,True,4,True,2,6,True,True,speech_mention,14
train_ep_002058,train,False,False,False,0,False,0,0,False,False,none,14
train_ep_002059,train,False,False,False,0,False,0,0,False,False,none,14
train_ep_002060,train,False,False,False,0,False,0,0,False,False,none,14
train_ep_002061,train,False,False,False,0,False,0,0,False,False,none,14
train_ep_002062,train,False,False,True,4,True,1,5,True,True,speech_mention,14
train_ep_002063,train,False,False,True,2,True,1,3,True,True,speech_mention,14
train_ep_002064,train,True,True,True,2,False,0,10,True,True,direct_appearance,14
train_ep_002065,train,False,False,False,0,False,0,0,False,False,none,14
train_ep_002066,train,True,True,False,0,True,4,11,True,True,direct_appearance,14
train_ep_002067,train,False,False,False,0,False,0,0,False,False,none,14
train_ep_002068,train,False,False,False,0,False,0,0,False,False,none,14
train_ep_002069,train,False,False,False,0,False,0,0,False,False,none,14
train_ep_002070,train,False,False,True,3,True,1,4,True,True,speech_mention,14
train_ep_002071,train,True,True,False,0,True,1,9,True,True,direct_appearance,2
train_ep_002072,train,False,False,False,0,False,0,0,False,False,none,14
train_ep_002073,train,True,True,True,1,True,1,10,True,True,direct_appearance,11
train_ep_002074,train,False,False,False,0,False,0,0,False,False,none,14
train_ep_002075,train,False,False,False,0,False,0,0,False,False,none,3
train_ep_002076,train,False,False,True,1,False,0,1,True,False,speech_mention,14
train_ep_002077,train,True,True,False,0,True,1,9,True,True,direct_appearance,14
train_ep_002078,train,False,False,False,0,False,0,0,False,False,none,14
train_ep_002079,train,False,False,False,0,False,0,0,False,False,none,14
train_ep_002080,train,False,False,False,0,False,0,0,False,False,none,6
train_ep_002081,train,False,False,False,0,False,0,0,False,False,none,14
train_ep_002082,train,False,False,True,7,True,1,6,True,True,speech_mention,14
train_ep_002083,train,False,False,False,0,False,0,0,False,False,none,14
train_ep_002084,train,False,False,False,0,False,0,0,False,False,none,14
train_ep_002085,train,False,False,False,0,False,0,0,False,False,none,2
train_ep_002086,train,False,False,False,0,True,1,1,True,True,persona_mention,14
train_ep_002087,train,False,False,False,0,False,0,0,False,False,none,14
train_ep_002088,train,False,False,False,0,False,0,0,False,False,none,14
train_ep_002089,train,False,False,True,1,True,1,2,True,True,speech_mention,14
train_ep_002090,train,False,False,False,0,False,0,0,False,False,none,14
train_ep_002091,train,True,True,True,1,True,1,10,True,True,direct_appearance,14
train_ep_002092,train,False,False,False,0,True,1,1,True,True,persona_mention,14
train_ep_002093,train,False,False,False,0,False,0,0,False,False,none,14
train_ep_002094,train,False,False,False,0,False,0,0,False,False,none,14
train_ep_002095,train,False,False,False,0,False,0,0,False,False,none,7
train_ep_002096,train,True,True,True,2,True,3,13,True,True,direct_appearance,14
train_ep_002097,train,False,False,False,0,False,0,0,False,False,none,14
train_ep_002098,train,False,False,True,1,False,0,1,True,False,speech_mention,14
train_ep_002099,train,False,False,False,0,False,0,0,False,False,none,14
train_ep_002100,train,False,False,False,0,False,0,0,False,False,none,14
train_ep_002101,train,True,True,True,1,True,3,12,True,True,direct_appearance,14
train_ep_002102,train,False,False,True,1,False,0,1,True,False,speech_mention,14
train_ep_002103,train,False,False,True,1,True,1,2,True,True,speech_mention,14
train_ep_002104,train,False,False,False,0,False,0,0,False,False,none,14
train_ep_002105,train,False,False,True,1,False,0,1,True,False,speech_mention,9
train_ep_002106,train,True,True,True,1,True,4,12,True,True,direct_appearance,14
train_ep_002107,train,False,False,False,0,False,0,0,False,False,none,14
train_ep_002108,train,False,False,False,0,False,0,0,False,False,none,14
train_ep_002109,train,False,False,True,2,True,2,4,True,True,speech_mention,14
train_ep_002110,train,False,False,False,0,False,0,0,False,False,none,14
train_ep_002111,train,True,True,False,0,True,3,11,True,True,direct_appearance,14
train_ep_002112,train,False,False,False,0,False,0,0,False,False,none,14
train_ep_002113,train,False,False,False,0,True,1,1,True,True,persona_mention,14
train_ep_002114,train,False,False,False,0,False,0,0,False,False,none,14
train_ep_002115,train,False,False,False,0,False,0,0,False,False,none,14
train_ep_002116,train,False,False,False,0,True,1,1,True,True,persona_mention,14
train_ep_002117,train,False,False,False,0,False,0,0,False,False,none,14
train_ep_002118,train,False,False,False,0,False,0,0,False,False,none,14
train_ep_002119,train,False,False,True,1,True,1,2,True,True,speech_mention,10
train_ep_002120,train,False,False,False,0,True,1,1,True,True,persona_mention,5
train_ep_002121,train,False,False,False,0,False,0,0,False,False,none,14
train_ep_002122,train,False,False,False,0,False,0,0,False,False,none,14
train_ep_002123,train,False,False,False,0,False,0,0,False,False,none,14
train_ep_002124,train,False,False,False,0,False,0,0,False,False,none,14
train_ep_002125,train,False,False,False,0,False,0,0,False,False,none,14
train_ep_002126,train,False,False,True,4,False,0,4,True,True,speech_mention,14
train_ep_002127,train,True,True,True,1,True,3,12,True,True,direct_appearance,14
train_ep_002128,train,False,False,False,0,True,1,1,True,True,persona_mention,14
train_ep_002129,train,False,False,False,0,False,0,0,False,False,none,14
train_ep_002130,train,False,False,False,0,False,0,0,False,False,none,14
train_ep_002131,train,False,False,True,1,False,0,1,True,False,speech_mention,14
train_ep_002132,train,False,False,False,0,False,0,0,False,False,none,14
train_ep_002133,train,False,False,True,1,False,0,1,True,False,speech_mention,14
train_ep_002134,train,False,False,True,2,True,1,3,True,True,speech_mention,14
train_ep_002135,train,False,False,False,0,False,0,0,False,False,none,14
train_ep_002136,train,False,False,False,0,False,0,0,False,False,none,14
train_ep_002137,train,False,False,True,1,False,0,1,True,False,speech_mention,14
train_ep_002138,train,False,False,False,0,False,0,0,False,False,none,14
train_ep_002139,train,False,False,False,0,False,0,0,False,False,none,14
train_ep_002140,train,False,False,False,0,True,1,1,True,True,persona_mention,14
train_ep_002141,train,True,True,False,0,True,1,9,True,True,direct_appearance,14
train_ep_002142,train,False,False,False,0,False,0,0,False,False,none,14
train_ep_002143,train,False,False,False,0,False,0,0,False,False,none,14
train_ep_002144,train,False,False,False,0,False,0,0,False,False,none,14
train_ep_002145,train,False,False,True,2,True,1,3,True,True,speech_mention,14
train_ep_002146,train,False,False,False,0,False,0,0,False,False,none,14
train_ep_002147,train,False,False,False,0,False,0,0,False,False,none,14
train_ep_002148,train,True,True,False,0,True,2,10,True,True,direct_appearance,14
train_ep_002149,train,True,True,True,3,True,2,13,True,True,direct_appearance,14
train_ep_002150,train,False,False,False,0,False,0,0,False,False,none,14
train_ep_002151,train,False,False,False,0,True,1,1,True,True,persona_mention,14
train_ep_002152,train,False,False,True,5,True,1,6,True,True,speech_mention,14
train_ep_002153,train,False,False,False,0,False,0,0,False,False,none,14
train_ep_002154,train,False,False,False,0,True,1,1,True,True,persona_mention,14
train_ep_002155,train,False,False,True,1,True,1,2,True,True,speech_mention,14
train_ep_002156,train,False,False,False,0,False,0,0,False,False,none,14
train_ep_002157,train,False,False,False,0,False,0,0,False,False,none,14
train_ep_002158,train,False,False,False,0,False,0,0,False,False,none,14
train_ep_002159,train,False,False,True,1,True,1,2,True,True,speech_mention,14
train_ep_002160,train,False,False,False,0,True,1,1,True,True,persona_mention,14
train_ep_002161,train,False,False,True,3,True,1,4,True,True,speech_mention,14
train_ep_002162,train,False,False,False,0,False,0,0,False,False,none,14
train_ep_002163,train,False,False,False,0,False,0,0,False,False,none,14
train_ep_002164,train,False,False,False,0,False,0,0,False,False,none,14
train_ep_002165,train,False,False,False,0,False,0,0,False,False,none,14
train_ep_002166,train,False,False,False,0,False,0,0,False,False,none,14
train_ep_002167,train,False,False,True,7,True,1,6,True,True,speech_mention,14
train_ep_002168,train,False,False,False,0,True,1,1,True,True,persona_mention,14
train_ep_002169,train,False,False,True,11,True,2,7,True,True,speech_mention,14
train_ep_002170,train,False,False,True,1,True,1,2,True,True,speech_mention,14
train_ep_002171,train,False,False,True,2,True,1,3,True,True,speech_mention,14
train_ep_002172,train,False,False,False,0,False,0,0,False,False,none,14
train_ep_002173,train,False,False,False,0,True,1,1,True,True,persona_mention,14
train_ep_002174,train,False,False,False,0,True,2,2,True,True,persona_mention,14
train_ep_002175,train,False,False,True,3,True,1,4,True,True,speech_mention,14
train_ep_002176,train,False,False,True,1,True,1,2,True,True,speech_mention,4
train_ep_002177,train,False,False,False,0,False,0,0,False,False,none,14
train_ep_002178,train,False,False,False,0,False,0,0,False,False,none,14
train_ep_002179,train,False,False,False,0,True,1,1,True,True,persona_mention,14
train_ep_002180,train,False,False,True,1,True,3,4,True,True,speech_mention,14
train_ep_002181,train,False,False,False,0,False,0,0,False,False,none,14
train_ep_002182,train,False,False,True,3,True,2,5,True,True,speech_mention,14
train_ep_002183,train,False,False,False,0,False,0,0,False,False,none,14
train_ep_002184,train,False,False,False,0,False,0,0,False,False,none,14
train_ep_002185,train,False,False,False,0,False,0,0,False,False,none,14
train_ep_002186,train,False,False,False,0,False,0,0,False,False,none,14
train_ep_002187,train,False,False,False,0,False,0,0,False,False,none,14
train_ep_002188,train,False,False,False,0,True,1,1,True,True,persona_mention,14
train_ep_002189,train,False,False,True,2,True,1,3,True,True,speech_mention,14
train_ep_002190,train,False,False,True,1,True,1,2,True,True,speech_mention,6
train_ep_002191,train,False,False,False,0,False,0,0,False,False,none,14
train_ep_002192,train,False,False,False,0,True,1,1,True,True,persona_mention,4
train_ep_002193,train,False,False,True,3,False,0,3,True,True,speech_mention,14
train_ep_002194,train,False,False,False,0,False,0,0,False,False,none,14
train_ep_002195,train,False,False,False,0,False,0,0,False,False,none,14
train_ep_002196,train,False,False,True,1,True,2,3,True,True,speech_mention,14
train_ep_002197,train,False,False,False,0,False,0,0,False,False,none,14
train_ep_002198,train,False,False,False,0,False,0,0,False,False,none,14
train_ep_002199,train,False,False,True,2,False,0,2,True,True,speech_mention,14
train_ep_002200,train,False,False,False,0,False,0,0,False,False,none,14
train_ep_002201,train,False,False,False,0,False,0,0,False,False,none,14
train_ep_002202,train,False,False,False,0,True,1,1,True,True,persona_mention,3
train_ep_002203,train,False,False,False,0,False,0,0,False,False,none,14
train_ep_002204,train,True,True,False,0,False,0,8,True,True,direct_appearance,14
train_ep_002205,train,False,False,True,1,True,1,2,True,True,speech_mention,14
train_ep_002206,train,False,False,False,0,False,0,0,False,False,none,11
train_ep_002207,train,False,False,False,0,False,0,0,False,False,none,14
train_ep_002208,train,False,False,True,1,True,1,2,True,True,speech_mention,14
train_ep_002209,train,False,False,False,0,False,0,0,False,False,none,14
train_ep_002210,train,False,False,False,0,False,0,0,False,False,none,14
train_ep_002211,train,True,True,True,1,True,3,12,True,True,direct_appearance,6
train_ep_002212,train,False,False,False,0,True,1,1,True,True,persona_mention,14
train_ep_002213,train,False,False,False,0,False,0,0,False,False,none,7
train_ep_002214,train,False,False,True,1,False,0,1,True,False,speech_mention,14
train_ep_002215,train,False,False,False,0,True,1,1,True,True,persona_mention,14
train_ep_002216,train,False,False,False,0,True,1,1,True,True,persona_mention,3
train_ep_002217,train,False,False,False,0,False,0,0,False,False,none,14
train_ep_002218,train,False,False,False,0,False,0,0,False,False,none,14
train_ep_002219,train,False,False,False,0,False,0,0,False,False,none,14
train_ep_002220,train,True,True,True,2,True,3,13,True,True,direct_appearance,14
train_ep_002221,train,False,False,False,0,False,0,0,False,False,none,14
train_ep_002222,train,False,False,False,0,False,0,0,False,False,none,14
train_ep_002223,train,False,False,False,0,False,0,0,False,False,none,14
train_ep_002224,train,False,False,False,0,False,0,0,False,False,none,14
train_ep_002225,train,False,False,True,1,True,1,2,True,True,speech_mention,14
train_ep_002226,train,False,False,False,0,True,1,1,True,True,persona_mention,3
train_ep_002227,train,False,False,False,0,False,0,0,False,False,none,14
train_ep_002228,train,False,False,True,1,True,1,2,True,True,speech_mention,14
train_ep_002229,train,False,False,False,0,False,0,0,False,False,none,14
train_ep_002230,train,False,False,False,0,False,0,0,False,False,none,14
train_ep_002231,train,False,False,False,0,False,0,0,False,False,none,14
train_ep_002232,train,False,False,True,1,True,1,2,True,True,speech_mention,14
train_ep_002233,train,False,False,False,0,False,0,0,False,False,none,9
train_ep_002234,train,False,False,False,0,False,0,0,False,False,none,14
train_ep_002235,train,True,True,True,2,True,3,13,True,True,direct_appearance,14
train_ep_002236,train,False,False,False,0,False,0,0,False,False,none,14
train_ep_002237,train,False,False,True,1,False,0,1,True,False,speech_mention,4
train_ep_002238,train,False,False,False,0,False,0,0,False,False,none,14
train_ep_002239,train,False,False,False,0,False,0,0,False,False,none,14
train_ep_002240,train,False,False,False,0,False,0,0,False,False,none,14
train_ep_002241,train,False,False,False,0,False,0,0,False,False,none,14
train_ep_002242,train,True,True,True,1,True,1,10,True,True,direct_appearance,14
train_ep_002243,train,False,False,False,0,False,0,0,False,False,none,14
train_ep_002244,train,False,False,False,0,False,0,0,False,False,none,14
train_ep_002245,train,False,False,False,0,True,1,1,True,True,persona_mention,14
train_ep_002246,train,False,False,False,0,True,1,1,True,True,persona_mention,6
train_ep_002247,train,False,False,True,7,True,2,7,True,True,speech_mention,14
train_ep_002248,train,False,False,False,0,False,0,0,False,False,none,14
train_ep_002249,train,False,False,False,0,False,0,0,False,False,none,3
train_ep_002250,train,False,False,False,0,False,0,0,False,False,none,14
train_ep_002251,train,False,False,False,0,True,1,1,True,True,persona_mention,5
train_ep_002252,train,False,False,False,0,False,0,0,False,False,none,14
train_ep_002253,train,False,False,False,0,False,0,0,False,False,none,14
train_ep_002254,train,False,False,False,0,False,0,0,False,False,none,14
train_ep_002255,train,False,False,False,0,False,0,0,False,False,none,14
train_ep_002256,train,False,False,False,0,True,2,2,True,True,persona_mention,14
train_ep_002257,train,False,False,False,0,False,0,0,False,False,none,14
train_ep_002258,train,False,False,False,0,False,0,0,False,False,none,14
train_ep_002259,train,False,False,False,0,False,0,0,False,False,none,5
train_ep_002260,train,False,False,False,0,False,0,0,False,False,none,14
train_ep_002261,train,False,False,True,5,True,1,6,True,True,speech_mention,14
train_ep_002262,train,True,True,True,1,True,2,11,True,True,direct_appearance,14
train_ep_002263,train,False,False,False,0,False,0,0,False,False,none,14
train_ep_002264,train,False,False,False,0,True,1,1,True,True,persona_mention,14
train_ep_002265,train,True,True,True,2,True,1,11,True,True,direct_appearance,11
train_ep_002266,train,True,True,True,5,True,1,14,True,True,direct_appearance,10
train_ep_002267,train,True,True,True,2,True,1,11,True,True,direct_appearance,14
train_ep_002268,train,False,False,False,0,False,0,0,False,False,none,14
train_ep_002269,train,False,False,False,0,False,0,0,False,False,none,14
train_ep_002270,train,False,False,False,0,False,0,0,False,False,none,14
train_ep_002271,train,False,False,False,0,False,0,0,False,False,none,14
train_ep_002272,train,False,False,False,0,True,2,2,True,True,persona_mention,14
train_ep_002273,train,True,True,True,2,True,1,11,True,True,direct_appearance,14
train_ep_002274,train,False,False,False,0,False,0,0,False,False,none,14
train_ep_002275,train,True,True,True,1,True,1,10,True,True,direct_appearance,14
train_ep_002276,train,False,False,False,0,False,0,0,False,False,none,14
train_ep_002277,train,True,True,True,2,True,1,11,True,True,direct_appearance,14
train_ep_002278,train,False,False,False,0,False,0,0,False,False,none,14
train_ep_002279,train,False,False,False,0,False,0,0,False,False,none,14
train_ep_002280,train,False,False,False,0,False,0,0,False,False,none,14
train_ep_002281,train,False,False,False,0,False,0,0,False,False,none,14
train_ep_002282,train,False,False,False,0,False,0,0,False,False,none,14
train_ep_002283,train,False,False,False,0,False,0,0,False,False,none,14
train_ep_002284,train,False,False,True,2,True,1,3,True,True,speech_mention,14
train_ep_002285,train,False,False,False,0,False,0,0,False,False,none,14
train_ep_002286,train,False,False,False,0,False,0,0,False,False,none,14
train_ep_002287,train,False,False,False,0,False,0,0,False,False,none,14
train_ep_002288,train,False,False,False,0,False,0,0,False,False,none,14
train_ep_002289,train,False,False,False,0,False,0,0,False,False,none,14
train_ep_002290,train,False,False,False,0,False,0,0,False,False,none,14
train_ep_002291,train,False,False,False,0,False,0,0,False,False,none,14
train_ep_002292,train,False,False,False,0,True,1,1,True,True,persona_mention,14
train_ep_002293,train,False,False,False,0,False,0,0,False,False,none,14
train_ep_002294,train,False,False,False,0,True,1,1,True,True,persona_mention,14
train_ep_002295,train,False,False,False,0,False,0,0,False,False,none,14
train_ep_002296,train,False,False,False,0,False,0,0,False,False,none,14
train_ep_002297,train,False,False,False,0,False,0,0,False,False,none,14
train_ep_002298,train,False,False,False,0,False,0,0,False,False,none,14
train_ep_002299,train,False,False,False,0,False,0,0,False,False,none,14
train_ep_002300,train,False,False,False,0,False,0,0,False,False,none,14
train_ep_002301,train,False,False,False,0,True,1,1,True,True,persona_mention,14
train_ep_002302,train,False,False,True,1,True,1,2,True,True,speech_mention,14
train_ep_002303,train,False,False,False,0,True,2,2,True,True,persona_mention,14
train_ep_002304,train,True,True,True,7,True,2,15,True,True,direct_appearance,14
train_ep_002305,train,False,False,True,2,True,2,4,True,True,speech_mention,14
train_ep_002306,train,False,False,False,0,False,0,0,False,False,none,14
train_ep_002307,train,False,False,False,0,False,0,0,False,False,none,14
train_ep_002308,train,False,False,False,0,False,0,0,False,False,none,14
train_ep_002309,train,False,False,True,2,False,0,2,True,True,speech_mention,14
train_ep_002310,train,False,False,False,0,False,0,0,False,False,none,14
train_ep_002311,train,False,False,False,0,False,0,0,False,False,none,14
train_ep_002312,train,True,True,True,1,True,1,10,True,True,direct_appearance,14
train_ep_002313,train,False,False,False,0,False,0,0,False,False,none,14
train_ep_002314,train,False,False,False,0,False,0,0,False,False,none,14
train_ep_002315,train,False,False,False,0,False,0,0,False,False,none,14
train_ep_002316,train,False,False,True,6,True,1,6,True,True,speech_mention,14
train_ep_002317,train,True,True,True,1,True,1,10,True,True,direct_appearance,14
train_ep_002318,train,False,False,False,0,False,0,0,False,False,none,5
train_ep_002319,train,False,False,False,0,False,0,0,False,False,none,14
train_ep_002320,train,False,False,False,0,False,0,0,False,False,none,14
train_ep_002321,train,False,False,False,0,False,0,0,False,False,none,14
train_ep_002322,train,False,False,True,1,False,0,1,True,False,speech_mention,14
train_ep_002323,train,False,False,False,0,True,1,1,True,True,persona_mention,14
train_ep_002324,train,False,False,False,0,True,1,1,True,True,persona_mention,14
train_ep_002325,train,False,False,False,0,False,0,0,False,False,none,14
train_ep_002326,train,False,False,True,1,False,0,1,True,False,speech_mention,14
train_ep_002327,train,False,False,False,0,False,0,0,False,False,none,14
train_ep_002328,train,False,False,False,0,False,0,0,False,False,none,14
train_ep_002329,train,False,False,False,0,False,0,0,False,False,none,14
train_ep_002330,train,False,False,True,2,True,1,3,True,True,speech_mention,14
train_ep_002331,train,False,False,False,0,False,0,0,False,False,none,14
train_ep_002332,train,False,False,True,2,True,1,3,True,True,speech_mention,8
train_ep_002333,train,False,False,True,3,True,2,5,True,True,speech_mention,14
train_ep_002334,train,False,False,False,0,False,0,0,False,False,none,14
train_ep_002335,train,False,False,True,6,True,1,6,True,True,speech_mention,14
train_ep_002336,train,False,False,True,1,True,2,3,True,True,speech_mention,14
train_ep_002337,train,False,False,True,3,False,0,3,True,True,speech_mention,14
train_ep_002338,train,False,False,False,0,False,0,0,False,False,none,14
train_ep_002339,train,False,False,False,0,False,0,0,False,False,none,14
train_ep_002340,train,False,False,False,0,False,0,0,False,False,none,14
train_ep_002341,train,False,False,True,1,False,0,1,True,False,speech_mention,14
train_ep_002342,train,False,False,False,0,False,0,0,False,False,none,14
train_ep_002343,train,False,False,True,2,True,1,3,True,True,speech_mention,14
train_ep_002344,train,False,False,True,3,True,1,4,True,True,speech_mention,14
train_ep_002345,train,False,False,False,0,False,0,0,False,False,none,14
train_ep_002346,train,False,False,False,0,True,1,1,True,True,persona_mention,14
train_ep_002347,train,False,False,False,0,False,0,0,False,False,none,14
train_ep_002348,train,False,False,False,0,False,0,0,False,False,none,14
train_ep_002349,train,False,False,True,2,True,1,3,True,True,speech_mention,14
train_ep_002350,train,False,False,False,0,True,2,2,True,True,persona_mention,14
train_ep_002351,train,True,True,True,2,True,1,11,True,True,direct_appearance,14
train_ep_002352,train,False,False,False,0,False,0,0,False,False,none,14
train_ep_002353,train,False,False,False,0,False,0,0,False,False,none,14
train_ep_002354,train,False,False,True,2,True,2,4,True,True,speech_mention,14
train_ep_002355,train,False,False,True,1,True,1,2,True,True,speech_mention,14
train_ep_002356,train,False,False,False,0,True,1,1,True,True,persona_mention,14
train_ep_002357,train,False,False,True,1,False,0,1,True,False,speech_mention,14
train_ep_002358,train,False,False,False,0,True,1,1,True,True,persona_mention,14
train_ep_002359,train,False,False,False,0,True,1,1,True,True,persona_mention,14
train_ep_002360,train,False,False,False,0,False,0,0,False,False,none,14
train_ep_002361,train,False,False,False,0,False,0,0,False,False,none,14
train_ep_002362,train,False,False,False,0,False,0,0,False,False,none,14
train_ep_002363,train,False,False,False,0,False,0,0,False,False,none,14
train_ep_002364,train,False,False,False,0,False,0,0,False,False,none,14
train_ep_002365,train,False,False,False,0,False,0,0,False,False,none,14
train_ep_002366,train,False,False,False,0,False,0,0,False,False,none,14
train_ep_002367,train,False,False,False,0,False,0,0,False,False,none,14
train_ep_002368,train,False,False,False,0,False,0,0,False,False,none,10
train_ep_002369,train,True,True,False,0,True,1,9,True,True,direct_appearance,14
train_ep_002370,train,False,False,True,1,False,0,1,True,False,speech_mention,14
train_ep_002371,train,False,False,True,2,True,1,3,True,True,speech_mention,14
train_ep_002372,train,False,False,False,0,False,0,0,False,False,none,14
train_ep_002373,train,False,False,False,0,False,0,0,False,False,none,14
train_ep_002374,train,False,False,False,0,False,0,0,False,False,none,6
train_ep_002375,train,True,True,True,2,True,1,11,True,True,direct_appearance,12
train_ep_002376,train,False,False,False,0,False,0,0,False,False,none,14
train_ep_002377,train,False,False,False,0,False,0,0,False,False,none,14
train_ep_002378,train,False,False,False,0,False,0,0,False,False,none,14
train_ep_002379,train,False,False,True,1,True,1,2,True,True,speech_mention,14
train_ep_002380,train,False,False,True,1,False,0,1,True,False,speech_mention,14
train_ep_002381,train,False,False,False,0,True,1,1,True,True,persona_mention,14
train_ep_002382,train,False,False,False,0,False,0,0,False,False,none,14
train_ep_002383,train,True,True,True,2,True,1,11,True,True,direct_appearance,14
train_ep_002384,train,False,False,True,1,True,1,2,True,True,speech_mention,14
train_ep_002385,train,False,False,False,0,False,0,0,False,False,none,14
train_ep_002386,train,True,True,True,1,True,1,10,True,True,direct_appearance,14
train_ep_002387,train,False,False,False,0,False,0,0,False,False,none,14
train_ep_002388,train,False,False,False,0,False,0,0,False,False,none,14
train_ep_002389,train,False,False,False,0,False,0,0,False,False,none,14
train_ep_002390,train,False,False,False,0,True,2,2,True,True,persona_mention,14
train_ep_002391,train,False,False,False,0,False,0,0,False,False,none,14
train_ep_002392,train,False,False,False,0,False,0,0,False,False,none,14
train_ep_002393,train,False,False,False,0,False,0,0,False,False,none,14
train_ep_002394,train,False,False,False,0,False,0,0,False,False,none,14
train_ep_002395,train,False,False,True,2,False,0,2,True,True,speech_mention,14
train_ep_002396,train,False,False,False,0,False,0,0,False,False,none,14
train_ep_002397,train,False,False,False,0,False,0,0,False,False,none,2
train_ep_002398,train,False,False,False,0,False,0,0,False,False,none,14
train_ep_002399,train,False,False,False,0,True,1,1,True,True,persona_mention,14
train_ep_002400,train,False,False,False,0,True,1,1,True,True,persona_mention,14
train_ep_002401,train,False,False,True,2,False,0,2,True,True,speech_mention,14
train_ep_002402,train,False,False,False,0,False,0,0,False,False,none,14
train_ep_002403,train,False,False,False,0,False,0,0,False,False,none,14
train_ep_002404,train,False,False,False,0,False,0,0,False,False,none,14
train_ep_002405,train,True,True,True,6,True,1,14,True,True,direct_appearance,14
train_ep_002406,train,False,False,True,3,False,0,3,True,True,speech_mention,14
train_ep_002407,train,False,False,False,0,True,1,1,True,True,persona_mention,10
train_ep_002408,train,False,False,False,0,False,0,0,False,False,none,14
train_ep_002409,train,False,False,True,1,True,2,3,True,True,speech_mention,7
train_ep_002410,train,True,True,True,1,True,1,10,True,True,direct_appearance,14
train_ep_002411,train,False,False,False,0,False,0,0,False,False,none,14
train_ep_002412,train,False,False,False,0,False,0,0,False,False,none,14
train_ep_002413,train,False,False,False,0,False,0,0,False,False,none,14
train_ep_002414,train,False,False,False,0,True,1,1,True,True,persona_mention,14
train_ep_002415,train,False,False,False,0,False,0,0,False,False,none,14
train_ep_002416,train,False,False,False,0,False,0,0,False,False,none,14
train_ep_002417,train,False,False,False,0,False,0,0,False,False,none,14
train_ep_002418,train,False,False,False,0,False,0,0,False,False,none,14
train_ep_002419,train,False,False,False,0,False,0,0,False,False,none,14
train_ep_002420,train,False,False,False,0,False,0,0,False,False,none,14
train_ep_002421,train,False,False,False,0,False,0,0,False,False,none,14
train_ep_002422,train,False,False,False,0,True,1,1,True,True,persona_mention,14
train_ep_002423,train,False,False,True,1,True,1,2,True,True,speech_mention,14
train_ep_002424,train,False,False,True,3,True,2,5,True,True,speech_mention,14
train_ep_002425,train,False,False,True,2,True,1,3,True,True,speech_mention,6
train_ep_002426,train,False,False,False,0,False,0,0,False,False,none,14
train_ep_002427,train,False,False,False,0,False,0,0,False,False,none,14
train_ep_002428,train,False,False,False,0,True,1,1,True,True,persona_mention,14
train_ep_002429,train,False,False,False,0,False,0,0,False,False,none,14
train_ep_002430,train,False,False,False,0,False,0,0,False,False,none,14
train_ep_002431,train,False,False,False,0,False,0,0,False,False,none,14
train_ep_002432,train,False,False,False,0,False,0,0,False,False,none,14
train_ep_002433,train,False,False,False,0,False,0,0,False,False,none,14
train_ep_002434,train,False,False,False,0,False,0,0,False,False,none,14
train_ep_002435,train,False,False,True,1,True,1,2,True,True,speech_mention,14
train_ep_002436,train,False,False,False,0,False,0,0,False,False,none,14
train_ep_002437,train,False,False,False,0,False,0,0,False,False,none,14
train_ep_002438,train,False,False,False,0,False,0,0,False,False,none,14
train_ep_002439,train,False,False,False,0,False,0,0,False,False,none,14
train_ep_002440,train,False,False,False,0,False,0,0,False,False,none,14
train_ep_002441,train,False,False,False,0,False,0,0,False,False,none,14
train_ep_002442,train,False,False,False,0,True,1,1,True,True,persona_mention,14
train_ep_002443,train,False,False,True,3,True,1,4,True,True,speech_mention,14
train_ep_002444,train,False,False,False,0,False,0,0,False,False,none,14
train_ep_002445,train,False,False,False,0,True,1,1,True,True,persona_mention,14
train_ep_002446,train,False,False,False,0,False,0,0,False,False,none,14
train_ep_002447,train,True,True,True,1,True,1,10,True,True,direct_appearance,14
train_ep_002448,train,False,False,True,2,True,1,3,True,True,speech_mention,14
train_ep_002449,train,False,False,False,0,False,0,0,False,False,none,14
train_ep_002450,train,False,False,False,0,False,0,0,False,False,none,14
train_ep_002451,train,False,False,False,0,True,1,1,True,True,persona_mention,14
train_ep_002452,train,False,False,False,0,False,0,0,False,False,none,14
train_ep_002453,train,False,False,False,0,False,0,0,False,False,none,14
train_ep_002454,train,False,False,True,2,True,2,4,True,True,speech_mention,14
train_ep_002455,train,False,False,True,2,True,1,3,True,True,speech_mention,14
train_ep_002456,train,False,False,False,0,False,0,0,False,False,none,14
train_ep_002457,train,False,False,False,0,False,0,0,False,False,none,14
train_ep_002458,train,False,False,False,0,False,0,0,False,False,none,14
train_ep_002459,train,False,False,False,0,False,0,0,False,False,none,14
train_ep_002460,train,False,False,False,0,False,0,0,False,False,none,14
train_ep_002461,train,False,False,False,0,False,0,0,False,False,none,14
train_ep_002462,train,True,True,True,1,False,0,9,True,True,direct_appearance,14
train_ep_002463,train,False,False,False,0,False,0,0,False,False,none,14
train_ep_002464,train,False,False,False,0,False,0,0,False,False,none,14
train_ep_002465,train,False,False,False,0,False,0,0,False,False,none,14
train_ep_002466,train,False,False,False,0,True,1,1,True,True,persona_mention,14
train_ep_002467,train,False,False,False,0,False,0,0,False,False,none,14
train_ep_002468,train,False,False,False,0,False,0,0,False,False,none,14
train_ep_002469,train,False,False,False,0,True,1,1,True,True,persona_mention,14
train_ep_002470,train,False,False,False,0,False,0,0,False,False,none,14
train_ep_002471,train,True,True,False,0,True,3,11,True,True,direct_appearance,4
train_ep_002472,train,False,False,False,0,False,0,0,False,False,none,14
train_ep_002473,train,False,False,False,0,False,0,0,False,False,none,14
train_ep_002474,train,False,False,False,0,True,1,1,True,True,persona_mention,14
train_ep_002475,train,False,False,True,2,True,1,3,True,True,speech_mention,14
train_ep_002476,train,False,False,False,0,False,0,0,False,False,none,14
train_ep_002477,train,False,False,False,0,False,0,0,False,False,none,14
train_ep_002478,train,False,False,False,0,False,0,0,False,False,none,14
train_ep_002479,train,False,False,False,0,True,1,1,True,True,persona_mention,14
train_ep_002480,train,False,False,False,0,False,0,0,False,False,none,2
train_ep_002481,train,False,False,True,1,True,1,2,True,True,speech_mention,14
train_ep_002482,train,False,False,False,0,False,0,0,False,False,none,2
train_ep_002483,train,False,False,True,6,True,1,6,True,True,speech_mention,14
train_ep_002484,train,True,True,True,3,True,1,12,True,True,direct_appearance,14
train_ep_002485,train,False,False,True,1,True,1,2,True,True,speech_mention,14
train_ep_002486,train,False,False,False,0,False,0,0,False,False,none,14
train_ep_002487,train,False,False,False,0,True,1,1,True,True,persona_mention,5
train_ep_002488,train,False,False,False,0,False,0,0,False,False,none,5
train_ep_002489,train,False,False,False,0,False,0,0,False,False,none,14
train_ep_002490,train,True,True,True,2,False,0,10,True,True,direct_appearance,14
train_ep_002491,train,False,False,False,0,False,0,0,False,False,none,14
train_ep_002492,train,False,False,False,0,False,0,0,False,False,none,14
train_ep_002493,train,False,False,False,0,False,0,0,False,False,none,14
train_ep_002494,train,False,False,False,0,True,1,1,True,True,persona_mention,8
train_ep_002495,train,False,False,False,0,False,0,0,False,False,none,14
train_ep_002496,train,False,False,True,1,False,0,1,True,False,speech_mention,14
train_ep_002497,train,False,False,False,0,False,0,0,False,False,none,14
train_ep_002498,train,False,False,False,0,False,0,0,False,False,none,14
train_ep_002499,train,False,False,False,0,False,0,0,False,False,none,14
train_ep_002500,train,False,False,False,0,False,0,0,False,False,none,14
train_ep_002501,train,False,False,False,0,False,0,0,False,False,none,14
train_ep_002502,train,True,True,True,2,False,0,10,True,True,direct_appearance,14
train_ep_002503,train,False,False,False,0,False,0,0,False,False,none,14
train_ep_002504,train,True,True,True,2,True,2,12,True,True,direct_appearance,14
train_ep_002505,train,False,False,False,0,False,0,0,False,False,none,14
train_ep_002506,train,False,False,False,0,False,0,0,False,False,none,14
train_ep_002507,train,False,False,True,2,False,0,2,True,True,speech_mention,14
train_ep_002508,train,False,False,False,0,False,0,0,False,False,none,14
train_ep_002509,train,False,False,False,0,False,0,0,False,False,none,9
train_ep_002510,train,False,False,False,0,True,2,2,True,True,persona_mention,14
train_ep_002511,train,False,False,False,0,True,1,1,True,True,persona_mention,3
train_ep_002512,train,False,False,False,0,False,0,0,False,False,none,14
train_ep_002513,train,True,True,True,3,False,0,11,True,True,direct_appearance,14
train_ep_002514,train,False,False,False,0,True,1,1,True,True,persona_mention,9
train_ep_002515,train,False,False,False,0,True,1,1,True,True,persona_mention,14
train_ep_002516,train,False,False,False,0,True,1,1,True,True,persona_mention,14
train_ep_002517,train,False,False,False,0,True,1,1,True,True,persona_mention,14
train_ep_002518,train,False,False,False,0,True,2,2,True,True,persona_mention,14
train_ep_002519,train,False,False,False,0,False,0,0,False,False,none,7
train_ep_002520,train,True,True,True,2,True,3,13,True,True,direct_appearance,14
train_ep_002521,train,False,False,False,0,False,0,0,False,False,none,14
train_ep_002522,train,False,False,False,0,False,0,0,False,False,none,14
train_ep_002523,train,False,False,False,0,False,0,0,False,False,none,14
train_ep_002524,train,False,False,False,0,False,0,0,False,False,none,14
train_ep_002525,train,False,False,False,0,True,1,1,True,True,persona_mention,14
train_ep_002526,train,False,False,False,0,False,0,0,False,False,none,14
train_ep_002527,train,False,False,False,0,False,0,0,False,False,none,14
train_ep_002528,train,False,False,False,0,False,0,0,False,False,none,14
train_ep_002529,train,False,False,True,1,True,1,2,True,True,speech_mention,14
train_ep_002530,train,False,False,False,0,False,0,0,False,False,none,14
train_ep_002531,train,True,True,False,0,True,1,9,True,True,direct_appearance,14
train_ep_002532,train,False,False,False,0,True,1,1,True,True,persona_mention,14
train_ep_002533,train,False,False,False,0,False,0,0,False,False,none,4
train_ep_002534,train,False,False,False,0,True,1,1,True,True,persona_mention,14
train_ep_002535,train,False,False,False,0,False,0,0,False,False,none,14
train_ep_002536,train,False,False,True,1,False,0,1,True,False,speech_mention,6
train_ep_002537,train,True,True,True,2,True,3,13,True,True,direct_appearance,13
train_ep_002538,train,False,False,False,0,False,0,0,False,False,none,14
train_ep_002539,train,False,False,False,0,False,0,0,False,False,none,14
train_ep_002540,train,True,True,True,4,True,1,13,True,True,direct_appearance,13
train_ep_002541,train,False,False,False,0,False,0,0,False,False,none,14
train_ep_002542,train,False,False,False,0,False,0,0,False,False,none,13
train_ep_002543,train,False,False,False,0,True,3,3,True,True,persona_mention,2
train_ep_002544,train,False,False,True,1,True,1,2,True,True,speech_mention,14
train_ep_002545,train,False,False,True,1,True,2,3,True,True,speech_mention,3
train_ep_002546,train,False,False,False,0,False,0,0,False,False,none,14
train_ep_002547,train,False,False,False,0,False,0,0,False,False,none,14
train_ep_002548,train,False,False,True,1,False,0,1,True,False,speech_mention,14
train_ep_002549,train,False,False,False,0,False,0,0,False,False,none,14
train_ep_002550,train,False,False,False,0,False,0,0,False,False,none,7
train_ep_002551,train,False,False,False,0,False,0,0,False,False,none,6
train_ep_002552,train,False,False,False,0,False,0,0,False,False,none,14
train_ep_002553,train,False,False,False,0,False,0,0,False,False,none,14
train_ep_002554,train,False,False,False,0,False,0,0,False,False,none,14
train_ep_002555,train,False,False,False,0,False,0,0,False,False,none,14
train_ep_002556,train,False,False,False,0,False,0,0,False,False,none,14
train_ep_002557,train,False,False,False,0,False,0,0,False,False,none,14
train_ep_002558,train,False,False,False,0,False,0,0,False,False,none,14
train_ep_002559,train,False,False,False,0,False,0,0,False,False,none,14
train_ep_002560,train,False,False,False,0,False,0,0,False,False,none,14
train_ep_002561,train,False,False,False,0,False,0,0,False,False,none,14
train_ep_002562,train,False,False,True,1,True,2,3,True,True,speech_mention,14
train_ep_002563,train,False,False,False,0,False,0,0,False,False,none,14
train_ep_002564,train,False,False,False,0,False,0,0,False,False,none,14
train_ep_002565,train,False,False,False,0,False,0,0,False,False,none,14
train_ep_002566,train,False,False,False,0,False,0,0,False,False,none,14
train_ep_002567,train,False,False,False,0,False,0,0,False,False,none,14
train_ep_002568,train,False,False,False,0,True,2,2,True,True,persona_mention,14
train_ep_002569,train,False,False,False,0,True,1,1,True,True,persona_mention,14
train_ep_002570,train,False,False,False,0,False,0,0,False,False,none,14
train_ep_002571,train,False,False,True,1,True,1,2,True,True,speech_mention,14
train_ep_002572,train,False,False,False,0,True,1,1,True,True,persona_mention,14
train_ep_002573,train,False,False,False,0,False,0,0,False,False,none,14
train_ep_002574,train,False,False,True,2,True,3,5,True,True,speech_mention,14
train_ep_002575,train,False,False,False,0,True,1,1,True,True,persona_mention,2
train_ep_002576,train,False,False,False,0,True,1,1,True,True,persona_mention,14
train_ep_002577,train,False,False,False,0,False,0,0,False,False,none,8
train_ep_002578,train,False,False,False,0,False,0,0,False,False,none,14
train_ep_002579,train,True,True,False,0,True,1,9,True,True,direct_appearance,14
train_ep_002580,train,True,True,True,3,True,3,14,True,True,direct_appearance,14
train_ep_002581,train,True,True,True,2,True,1,11,True,True,direct_appearance,14
train_ep_002582,train,False,False,False,0,False,0,0,False,False,none,9
train_ep_002583,train,False,False,True,3,True,1,4,True,True,speech_mention,14
train_ep_002584,train,False,False,False,0,True,1,1,True,True,persona_mention,14
train_ep_002585,train,False,False,False,0,False,0,0,False,False,none,14
train_ep_002586,train,True,True,True,6,True,1,14,True,True,direct_appearance,14
train_ep_002587,train,False,False,False,0,False,0,0,False,False,none,14
train_ep_002588,train,False,False,False,0,False,0,0,False,False,none,14
train_ep_002589,train,False,False,False,0,False,0,0,False,False,none,14
train_ep_002590,train,False,False,False,0,False,0,0,False,False,none,14
train_ep_002591,train,False,False,True,3,False,0,3,True,True,speech_mention,14
train_ep_002592,train,False,False,False,0,False,0,0,False,False,none,14
train_ep_002593,train,False,False,False,0,True,1,1,True,True,persona_mention,13
train_ep_002594,train,False,False,False,0,False,0,0,False,False,none,9
train_ep_002595,train,True,True,False,0,True,3,11,True,True,direct_appearance,9
train_ep_002596,train,False,False,True,2,False,0,2,True,True,speech_mention,14
train_ep_002597,train,False,False,False,0,True,1,1,True,True,persona_mention,14
train_ep_002598,train,False,False,False,0,False,0,0,False,False,none,7
train_ep_002599,train,False,False,True,9,True,1,6,True,True,speech_mention,14
train_ep_002600,train,False,False,False,0,True,2,2,True,True,persona_mention,14
train_ep_002601,train,False,False,False,0,False,0,0,False,False,none,14
train_ep_002602,train,False,False,True,1,True,1,2,True,True,speech_mention,14
train_ep_002603,train,False,False,False,0,False,0,0,False,False,none,14
train_ep_002604,train,False,False,False,0,False,0,0,False,False,none,14
train_ep_002605,train,True,True,True,2,True,3,13,True,True,direct_appearance,14
train_ep_002606,train,False,False,True,11,False,0,5,True,True,speech_mention,14
train_ep_002607,train,False,False,True,2,True,1,3,True,True,speech_mention,14
train_ep_002608,train,False,False,False,0,False,0,0,False,False,none,14
train_ep_002609,train,False,False,False,0,True,1,1,True,True,persona_mention,14
train_ep_002610,train,False,False,True,1,False,0,1,True,False,speech_mention,11
train_ep_002611,train,False,False,False,0,False,0,0,False,False,none,14
train_ep_002612,train,False,False,True,1,True,1,2,True,True,speech_mention,14
train_ep_002613,train,False,False,True,1,True,2,3,True,True,speech_mention,3
train_ep_002614,train,False,False,False,0,False,0,0,False,False,none,14
train_ep_002615,train,False,False,False,0,False,0,0,False,False,none,14
train_ep_002616,train,False,False,False,0,False,0,0,False,False,none,14
train_ep_002617,train,False,False,False,0,False,0,0,False,False,none,14
train_ep_002618,train,True,True,True,1,False,0,9,True,True,direct_appearance,14
train_ep_002619,train,False,False,False,0,False,0,0,False,False,none,14
train_ep_002620,train,False,False,False,0,False,0,0,False,False,none,14
train_ep_002621,train,False,False,False,0,False,0,0,False,False,none,14
train_ep_002622,train,False,False,True,5,True,1,6,True,True,speech_mention,14
train_ep_002623,train,False,False,False,0,False,0,0,False,False,none,14
train_ep_002624,train,False,False,False,0,True,1,1,True,True,persona_mention,14
train_ep_002625,train,False,False,False,0,False,0,0,False,False,none,14
train_ep_002626,train,False,False,False,0,False,0,0,False,False,none,14
train_ep_002627,train,False,False,True,1,True,1,2,True,True,speech_mention,14
train_ep_002628,train,False,False,False,0,False,0,0,False,False,none,14
train_ep_002629,train,False,False,False,0,False,0,0,False,False,none,14
train_ep_002630,train,False,False,True,1,False,0,1,True,False,speech_mention,14
train_ep_002631,train,False,False,False,0,False,0,0,False,False,none,14
train_ep_002632,train,False,False,False,0,False,0,0,False,False,none,3
train_ep_002633,train,False,False,True,4,False,0,4,True,True,speech_mention,14
train_ep_002634,train,False,False,False,0,True,1,1,True,True,persona_mention,4
train_ep_002635,train,False,False,True,1,False,0,1,True,False,speech_mention,14
train_ep_002636,train,False,False,True,1,True,1,2,True,True,speech_mention,14
train_ep_002637,train,True,True,True,4,True,1,13,True,True,direct_appearance,14
train_ep_002638,train,False,False,True,5,False,0,5,True,True,speech_mention,14
train_ep_002639,train,False,False,True,2,False,0,2,True,True,speech_mention,14
train_ep_002640,train,False,False,False,0,False,0,0,False,False,none,14
train_ep_002641,train,False,False,False,0,False,0,0,False,False,none,14
train_ep_002642,train,True,True,True,1,True,3,12,True,True,direct_appearance,14
train_ep_002643,train,False,False,False,0,True,1,1,True,True,persona_mention,14
train_ep_002644,train,False,False,False,0,False,0,0,False,False,none,14
train_ep_002645,train,False,False,False,0,True,1,1,True,True,persona_mention,5
train_ep_002646,train,False,False,False,0,False,0,0,False,False,none,14
train_ep_002647,train,False,False,False,0,False,0,0,False,False,none,14
train_ep_002648,train,False,False,True,5,True,2,7,True,True,speech_mention,14
train_ep_002649,train,False,False,False,0,True,1,1,True,True,persona_mention,14
train_ep_002650,train,False,False,False,0,False,0,0,False,False,none,14
train_ep_002651,train,False,False,False,0,False,0,0,False,False,none,14
train_ep_002652,train,False,False,False,0,False,0,0,False,False,none,14
train_ep_002653,train,False,False,False,0,False,0,0,False,False,none,14
train_ep_002654,train,False,False,False,0,False,0,0,False,False,none,10
train_ep_002655,train,False,False,True,11,True,2,7,True,True,speech_mention,14
train_ep_002656,train,False,False,False,0,False,0,0,False,False,none,14
train_ep_002657,train,False,False,False,0,False,0,0,False,False,none,14
train_ep_002658,train,True,True,True,2,True,3,13,True,True,direct_appearance,14
train_ep_002659,train,False,False,False,0,False,0,0,False,False,none,14
train_ep_002660,train,False,False,False,0,False,0,0,False,False,none,14
train_ep_002661,train,False,False,True,4,True,1,5,True,True,speech_mention,14
train_ep_002662,train,False,False,False,0,False,0,0,False,False,none,3
train_ep_002663,train,False,False,False,0,True,2,2,True,True,persona_mention,14
train_ep_002664,train,False,False,True,3,True,2,5,True,True,speech_mention,14
train_ep_002665,train,False,False,False,0,False,0,0,False,False,none,2
train_ep_002666,train,False,False,True,1,False,0,1,True,False,speech_mention,14
train_ep_002667,train,False,False,True,1,True,1,2,True,True,speech_mention,14
train_ep_002668,train,False,False,False,0,False,0,0,False,False,none,14
train_ep_002669,train,False,False,False,0,False,0,0,False,False,none,14
train_ep_002670,train,False,False,False,0,False,0,0,False,False,none,14
train_ep_002671,train,False,False,False,0,False,0,0,False,False,none,14
train_ep_002672,train,False,False,False,0,False,0,0,False,False,none,14
train_ep_002673,train,False,False,True,3,True,1,4,True,True,speech_mention,14
train_ep_002674,train,False,False,False,0,False,0,0,False,False,none,14
train_ep_002675,train,False,False,False,0,False,0,0,False,False,none,14
train_ep_002676,train,False,False,True,3,True,1,4,True,True,speech_mention,14
train_ep_002677,train,False,False,True,4,True,1,5,True,True,speech_mention,14
train_ep_002678,train,False,False,False,0,False,0,0,False,False,none,14
train_ep_002679,train,False,False,True,1,True,2,3,True,True,speech_mention,14
train_ep_002680,train,False,False,False,0,False,0,0,False,False,none,14
train_ep_002681,train,False,False,False,0,True,1,1,True,True,persona_mention,14
train_ep_002682,train,False,False,False,0,False,0,0,False,False,none,14
train_ep_002683,train,False,False,False,0,False,0,0,False,False,none,14
train_ep_002684,train,False,False,False,0,False,0,0,False,False,none,14
train_ep_002685,train,False,False,True,2,True,1,3,True,True,speech_mention,14
train_ep_002686,train,False,False,False,0,True,1,1,True,True,persona_mention,14
train_ep_002687,train,False,False,False,0,False,0,0,False,False,none,14
train_ep_002688,train,False,False,False,0,False,0,0,False,False,none,14
train_ep_002689,train,False,False,False,0,True,1,1,True,True,persona_mention,14
train_ep_002690,train,False,False,True,2,False,0,2,True,True,speech_mention,14
train_ep_002691,train,False,False,True,6,True,2,7,True,True,speech_mention,14
train_ep_002692,train,False,False,False,0,False,0,0,False,False,none,14
train_ep_002693,train,False,False,True,3,True,1,4,True,True,speech_mention,14
train_ep_002694,train,False,False,False,0,False,0,0,False,False,none,14
train_ep_002695,train,False,False,False,0,False,0,0,False,False,none,14
train_ep_002696,train,False,False,False,0,False,0,0,False,False,none,14
train_ep_002697,train,False,False,False,0,False,0,0,False,False,none,14
train_ep_002698,train,False,False,False,0,True,1,1,True,True,persona_mention,14
train_ep_002699,train,False,False,False,0,False,0,0,False,False,none,14
train_ep_002700,train,False,False,False,0,False,0,0,False,False,none,14
train_ep_002701,train,False,False,True,1,False,0,1,True,False,speech_mention,14
train_ep_002702,train,True,True,True,1,True,3,12,True,True,direct_appearance,14
train_ep_002703,train,False,False,False,0,True,1,1,True,True,persona_mention,14
train_ep_002704,train,False,False,True,2,False,0,2,True,True,speech_mention,14
train_ep_002705,train,False,False,False,0,True,1,1,True,True,persona_mention,14
train_ep_002706,train,False,False,False,0,False,0,0,False,False,none,9
train_ep_002707,train,False,False,False,0,False,0,0,False,False,none,14
train_ep_002708,train,False,False,True,2,False,0,2,True,True,speech_mention,14
train_ep_002709,train,True,True,True,4,False,0,12,True,True,direct_appearance,14
train_ep_002710,train,False,False,False,0,False,0,0,False,False,none,14
train_ep_002711,train,False,False,False,0,False,0,0,False,False,none,14
train_ep_002712,train,False,False,False,0,False,0,0,False,False,none,14
train_ep_002713,train,False,False,False,0,True,1,1,True,True,persona_mention,14
train_ep_002714,train,True,True,True,3,True,3,14,True,True,direct_appearance,14
train_ep_002715,train,False,False,True,2,True,2,4,True,True,speech_mention,14
train_ep_002716,train,False,False,True,3,True,1,4,True,True,speech_mention,14
train_ep_002717,train,False,False,False,0,False,0,0,False,False,none,14
train_ep_002718,train,False,False,False,0,False,0,0,False,False,none,14
train_ep_002719,train,False,False,False,0,True,1,1,True,True,persona_mention,14
train_ep_002720,train,True,True,False,0,True,3,11,True,True,direct_appearance,14
train_ep_002721,train,False,False,False,0,False,0,0,False,False,none,10
train_ep_002722,train,False,False,True,2,True,1,3,True,True,speech_mention,14
train_ep_002723,train,False,False,False,0,False,0,0,False,False,none,14
train_ep_002724,train,False,False,False,0,True,1,1,True,True,persona_mention,14
train_ep_002725,train,False,False,False,0,False,0,0,False,False,none,14
train_ep_002726,train,False,False,False,0,True,2,2,True,True,persona_mention,14
train_ep_002727,train,False,False,True,5,True,2,7,True,True,speech_mention,14
train_ep_002728,train,False,False,True,1,False,0,1,True,False,speech_mention,6
train_ep_002729,train,False,False,False,0,False,0,0,False,False,none,14
train_ep_002730,train,False,False,False,0,False,0,0,False,False,none,14
train_ep_002731,train,False,False,False,0,False,0,0,False,False,none,14
train_ep_002732,train,False,False,True,2,True,1,3,True,True,speech_mention,14
train_ep_002733,train,False,False,True,7,False,0,5,True,True,speech_mention,14
train_ep_002734,train,False,False,False,0,False,0,0,False,False,none,14
train_ep_002735,train,False,False,False,0,True,1,1,True,True,persona_mention,14
train_ep_002736,train,False,False,False,0,False,0,0,False,False,none,14
train_ep_002737,train,False,False,False,0,False,0,0,False,False,none,14
train_ep_002738,train,False,False,False,0,False,0,0,False,False,none,14
train_ep_002739,train,False,False,False,0,True,1,1,True,True,persona_mention,14
train_ep_002740,train,False,False,False,0,False,0,0,False,False,none,8
train_ep_002741,train,True,True,True,2,True,3,13,True,True,direct_appearance,14
train_ep_002742,train,False,False,False,0,False,0,0,False,False,none,14
train_ep_002743,train,False,False,False,0,False,0,0,False,False,none,14
train_ep_002744,train,False,False,True,6,True,3,8,True,True,speech_mention,14
train_ep_002745,train,False,False,False,0,False,0,0,False,False,none,14
train_ep_002746,train,False,False,False,0,False,0,0,False,False,none,14
train_ep_002747,train,False,False,True,1,False,0,1,True,False,speech_mention,14
train_ep_002748,train,False,False,True,2,False,0,2,True,True,speech_mention,14
train_ep_002749,train,False,False,True,1,True,1,2,True,True,speech_mention,14
train_ep_002750,train,False,False,True,1,False,0,1,True,False,speech_mention,14
train_ep_002751,train,False,False,False,0,False,0,0,False,False,none,14
train_ep_002752,train,False,False,False,0,False,0,0,False,False,none,14
train_ep_002753,train,False,False,False,0,False,0,0,False,False,none,14
train_ep_002754,train,True,True,True,1,True,1,10,True,True,direct_appearance,14
train_ep_002755,train,False,False,False,0,True,1,1,True,True,persona_mention,14
train_ep_002756,train,False,False,True,2,True,1,3,True,True,speech_mention,14
train_ep_002757,train,False,False,True,1,False,0,1,True,False,speech_mention,14
train_ep_002758,train,False,False,True,4,False,0,4,True,True,speech_mention,14
train_ep_002759,train,False,False,False,0,False,0,0,False,False,none,14
train_ep_002760,train,False,False,False,0,False,0,0,False,False,none,14
train_ep_002761,train,False,False,False,0,False,0,0,False,False,none,14
train_ep_002762,train,True,True,True,1,False,0,9,True,True,direct_appearance,14
train_ep_002763,train,False,False,False,0,False,0,0,False,False,none,6
train_ep_002764,train,False,False,True,2,False,0,2,True,True,speech_mention,14
train_ep_002765,train,False,False,False,0,False,0,0,False,False,none,14
train_ep_002766,train,False,False,True,1,False,0,1,True,False,speech_mention,14
train_ep_002767,train,False,False,False,0,False,0,0,False,False,none,14
train_ep_002768,train,False,False,False,0,False,0,0,False,False,none,14
train_ep_002769,train,False,False,False,0,False,0,0,False,False,none,14
train_ep_002770,train,False,False,False,0,False,0,0,False,False,none,14
train_ep_002771,train,False,False,False,0,False,0,0,False,False,none,2
train_ep_002772,train,True,True,True,2,True,3,13,True,True,direct_appearance,14
train_ep_002773,train,False,False,False,0,False,0,0,False,False,none,14
train_ep_002774,train,False,False,False,0,False,0,0,False,False,none,14
train_ep_002775,train,True,True,True,1,False,0,9,True,True,direct_appearance,14
train_ep_002776,train,False,False,False,0,True,1,1,True,True,persona_mention,14
train_ep_002777,train,False,False,True,1,True,1,2,True,True,speech_mention,14
train_ep_002778,train,False,False,False,0,False,0,0,False,False,none,14
train_ep_002779,train,False,False,False,0,False,0,0,False,False,none,14
train_ep_002780,train,False,False,False,0,False,0,0,False,False,none,14
train_ep_002781,train,False,False,False,0,False,0,0,False,False,none,5
train_ep_002782,train,False,False,False,0,False,0,0,False,False,none,14
train_ep_002783,train,False,False,False,0,False,0,0,False,False,none,14
train_ep_002784,train,False,False,True,2,True,1,3,True,True,speech_mention,3
train_ep_002785,train,False,False,True,3,False,0,3,True,True,speech_mention,14
train_ep_002786,train,True,True,False,0,False,0,8,True,True,direct_appearance,14
train_ep_002787,train,False,False,False,0,True,1,1,True,True,persona_mention,2
train_ep_002788,train,False,False,True,2,True,2,4,True,True,speech_mention,14
train_ep_002789,train,False,False,False,0,True,1,1,True,True,persona_mention,14
train_ep_002790,train,True,True,True,1,True,3,12,True,True,direct_appearance,14
train_ep_002791,train,False,False,False,0,False,0,0,False,False,none,14
train_ep_002792,train,False,False,False,0,False,0,0,False,False,none,14
train_ep_002793,train,False,False,False,0,False,0,0,False,False,none,14
train_ep_002794,train,False,False,False,0,True,1,1,True,True,persona_mention,14
train_ep_002795,train,False,False,False,0,False,0,0,False,False,none,14
train_ep_002796,train,False,False,False,0,False,0,0,False,False,none,14
train_ep_002797,train,False,False,False,0,False,0,0,False,False,none,14
train_ep_002798,train,False,False,False,0,False,0,0,False,False,none,14
train_ep_002799,train,False,False,False,0,False,0,0,False,False,none,14
train_ep_002800,train,False,False,False,0,False,0,0,False,False,none,14
train_ep_002801,train,False,False,False,0,False,0,0,False,False,none,14
train_ep_002802,train,False,False,True,1,True,1,2,True,True,speech_mention,14
train_ep_002803,train,False,False,True,1,False,0,1,True,False,speech_mention,14
train_ep_002804,train,False,False,False,0,False,0,0,False,False,none,14
train_ep_002805,train,True,True,True,1,True,1,10,True,True,direct_appearance,14
train_ep_002806,train,False,False,False,0,False,0,0,False,False,none,14
train_ep_002807,train,False,False,False,0,False,0,0,False,False,none,14
train_ep_002808,train,False,False,False,0,False,0,0,False,False,none,14
train_ep_002809,train,False,False,True,2,False,0,2,True,True,speech_mention,14
train_ep_002810,train,False,False,False,0,False,0,0,False,False,none,14
train_ep_002811,train,True,True,False,0,True,4,11,True,True,direct_appearance,14
train_ep_002812,train,False,False,False,0,False,0,0,False,False,none,9
train_ep_002813,train,False,False,False,0,False,0,0,False,False,none,14
train_ep_002814,train,True,True,False,0,True,3,11,True,True,direct_appearance,14
train_ep_002815,train,False,False,True,1,True,2,3,True,True,speech_mention,14
train_ep_002816,train,False,False,True,1,False,0,1,True,False,speech_mention,14
train_ep_002817,train,False,False,False,0,True,1,1,True,True,persona_mention,14
train_ep_002818,train,False,False,False,0,False,0,0,False,False,none,14
train_ep_002819,train,True,True,True,1,True,3,12,True,True,direct_appearance,14
train_ep_002820,train,False,False,False,0,False,0,0,False,False,none,14
train_ep_002821,train,False,False,False,0,False,0,0,False,False,none,14
train_ep_002822,train,True,True,True,2,True,3,13,True,True,direct_appearance,14
train_ep_002823,train,False,False,True,1,False,0,1,True,False,speech_mention,14
train_ep_002824,train,False,False,True,5,True,2,7,True,True,speech_mention,14
train_ep_002825,train,False,False,True,1,False,0,1,True,False,speech_mention,14
train_ep_002826,train,False,False,False,0,False,0,0,False,False,none,14
train_ep_002827,train,False,False,True,4,True,2,6,True,True,speech_mention,14
train_ep_002828,train,False,False,False,0,False,0,0,False,False,none,14
train_ep_002829,train,True,True,False,0,True,1,9,True,True,direct_appearance,14
train_ep_002830,train,False,False,True,1,False,0,1,True,False,speech_mention,14
train_ep_002831,train,False,False,False,0,False,0,0,False,False,none,14
train_ep_002832,train,False,False,False,0,True,1,1,True,True,persona_mention,14
train_ep_002833,train,False,False,False,0,False,0,0,False,False,none,14
train_ep_002834,train,False,False,False,0,False,0,0,False,False,none,10
train_ep_002835,train,True,True,False,0,False,0,8,True,True,direct_appearance,14
train_ep_002836,train,False,False,True,1,False,0,1,True,False,speech_mention,14
train_ep_002837,train,False,False,False,0,False,0,0,False,False,none,14
train_ep_002838,train,False,False,False,0,False,0,0,False,False,none,14
train_ep_002839,train,False,False,False,0,False,0,0,False,False,none,14
train_ep_002840,train,False,False,True,1,True,1,2,True,True,speech_mention,14
train_ep_002841,train,False,False,True,1,False,0,1,True,False,speech_mention,14
train_ep_002842,train,False,False,False,0,False,0,0,False,False,none,14
train_ep_002843,train,False,False,False,0,False,0,0,False,False,none,14
train_ep_002844,train,True,True,False,0,True,3,11,True,True,direct_appearance,14
train_ep_002845,train,False,False,False,0,False,0,0,False,False,none,14
train_ep_002846,train,False,False,False,0,False,0,0,False,False,none,14
train_ep_002847,train,False,False,True,4,True,1,5,True,True,speech_mention,14
train_ep_002848,train,False,False,False,0,False,0,0,False,False,none,14
train_ep_002849,train,False,False,True,4,True,2,6,True,True,speech_mention,14
train_ep_002850,train,False,False,True,2,True,1,3,True,True,speech_mention,14
train_ep_002851,train,False,False,False,0,False,0,0,False,False,none,14
train_ep_002852,train,False,False,False,0,False,0,0,False,False,none,14
train_ep_002853,train,False,False,False,0,False,0,0,False,False,none,14
train_ep_002854,train,False,False,True,1,False,0,1,True,False,speech_mention,14
train_ep_002855,train,False,False,True,1,True,1,2,True,True,speech_mention,14
train_ep_002856,train,False,False,False,0,False,0,0,False,False,none,14
train_ep_002857,train,True,True,True,4,True,3,15,True,True,direct_appearance,14
train_ep_002858,train,False,False,False,0,False,0,0,False,False,none,14
train_ep_002859,train,False,False,False,0,False,0,0,False,False,none,14
train_ep_002860,train,False,False,True,1,True,2,3,True,True,speech_mention,14
train_ep_002861,train,False,False,False,0,False,0,0,False,False,none,14
train_ep_002862,train,False,False,False,0,False,0,0,False,False,none,14
train_ep_002863,train,False,False,False,0,True,1,1,True,True,persona_mention,12
train_ep_002864,train,False,False,True,6,False,0,5,True,True,speech_mention,14
train_ep_002865,train,True,True,True,2,True,1,11,True,True,direct_appearance,14
train_ep_002866,train,True,True,True,5,True,3,16,True,True,direct_appearance,14
train_ep_002867,train,False,False,False,0,False,0,0,False,False,none,14
train_ep_002868,train,False,False,False,0,False,0,0,False,False,none,14
train_ep_002869,train,False,False,False,0,False,0,0,False,False,none,14
train_ep_002870,train,False,False,True,1,True,1,2,True,True,speech_mention,14
train_ep_002871,train,False,False,False,0,False,0,0,False,False,none,14
train_ep_002872,train,True,True,True,1,True,1,10,True,True,direct_appearance,14
train_ep_002873,train,False,False,False,0,False,0,0,False,False,none,14
train_ep_002874,train,False,False,False,0,False,0,0,False,False,none,14
train_ep_002875,train,False,False,False,0,False,0,0,False,False,none,14
train_ep_002876,train,False,False,False,0,False,0,0,False,False,none,14
train_ep_002877,train,False,False,False,0,True,1,1,True,True,persona_mention,14
train_ep_002878,train,False,False,False,0,False,0,0,False,False,none,14
train_ep_002879,train,False,False,False,0,True,1,1,True,True,persona_mention,14
train_ep_002880,train,False,False,False,0,False,0,0,False,False,none,14
train_ep_002881,train,False,False,False,0,False,0,0,False,False,none,14
train_ep_002882,train,False,False,False,0,True,1,1,True,True,persona_mention,14
train_ep_002883,train,False,False,True,1,False,0,1,True,False,speech_mention,14
train_ep_002884,train,False,False,True,2,False,0,2,True,True,speech_mention,14
train_ep_002885,train,False,False,False,0,False,0,0,False,False,none,14
train_ep_002886,train,True,True,True,5,True,1,14,True,True,direct_appearance,14
train_ep_002887,train,True,True,True,4,False,0,12,True,True,direct_appearance,14
train_ep_002888,train,False,False,False,0,True,1,1,True,True,persona_mention,14
train_ep_002889,train,False,False,False,0,True,1,1,True,True,persona_mention,14
train_ep_002890,train,False,False,False,0,False,0,0,False,False,none,14
train_ep_002891,train,False,False,True,2,False,0,2,True,True,speech_mention,14
train_ep_002892,train,False,False,True,1,False,0,1,True,False,speech_mention,14
train_ep_002893,train,False,False,False,0,False,0,0,False,False,none,14
train_ep_002894,train,False,False,True,1,True,1,2,True,True,speech_mention,14
train_ep_002895,train,False,False,False,0,True,1,1,True,True,persona_mention,14
train_ep_002896,train,False,False,False,0,False,0,0,False,False,none,14
train_ep_002897,train,False,False,False,0,False,0,0,False,False,none,14
train_ep_002898,train,False,False,True,1,False,0,1,True,False,speech_mention,14
train_ep_002899,train,False,False,False,0,False,0,0,False,False,none,14
train_ep_002900,train,False,False,False,0,False,0,0,False,False,none,14
train_ep_002901,train,False,False,True,1,False,0,1,True,False,speech_mention,14
train_ep_002902,train,False,False,False,0,True,2,2,True,True,persona_mention,14
train_ep_002903,train,False,False,False,0,False,0,0,False,False,none,14
train_ep_002904,train,False,False,False,0,False,0,0,False,False,none,14
train_ep_002905,train,False,False,False,0,False,0,0,False,False,none,14
train_ep_002906,train,False,False,True,1,True,1,2,True,True,speech_mention,10
train_ep_002907,train,True,True,False,0,True,3,11,True,True,direct_appearance,14
train_ep_002908,train,False,False,False,0,False,0,0,False,False,none,14
train_ep_002909,train,False,False,False,0,True,1,1,True,True,persona_mention,14
train_ep_002910,train,False,False,True,3,True,1,4,True,True,speech_mention,14
train_ep_002911,train,False,False,False,0,False,0,0,False,False,none,14
train_ep_002912,train,False,False,False,0,False,0,0,False,False,none,14
train_ep_002913,train,False,False,False,0,False,0,0,False,False,none,14
train_ep_002914,train,False,False,True,1,True,1,2,True,True,speech_mention,14
train_ep_002915,train,False,False,False,0,False,0,0,False,False,none,14
train_ep_002916,train,False,False,False,0,False,0,0,False,False,none,14
train_ep_002917,train,False,False,False,0,False,0,0,False,False,none,14
train_ep_002918,train,False,False,False,0,False,0,0,False,False,none,14
train_ep_002919,train,False,False,False,0,True,1,1,True,True,persona_mention,14
train_ep_002920,train,False,False,False,0,False,0,0,False,False,none,14
train_ep_002921,train,False,False,False,0,False,0,0,False,False,none,14
train_ep_002922,train,False,False,False,0,False,0,0,False,False,none,14
train_ep_002923,train,False,False,False,0,False,0,0,False,False,none,14
train_ep_002924,train,True,True,True,2,True,3,13,True,True,direct_appearance,14
train_ep_002925,train,False,False,False,0,False,0,0,False,False,none,14
train_ep_002926,train,False,False,False,0,False,0,0,False,False,none,14
train_ep_002927,train,False,False,False,0,False,0,0,False,False,none,14
train_ep_002928,train,False,False,False,0,False,0,0,False,False,none,14
train_ep_002929,train,False,False,False,0,False,0,0,False,False,none,14
train_ep_002930,train,False,False,True,1,True,1,2,True,True,speech_mention,14
train_ep_002931,train,False,False,True,2,False,0,2,True,True,speech_mention,14
train_ep_002932,train,False,False,False,0,False,0,0,False,False,none,7
train_ep_002933,train,True,True,False,0,True,1,9,True,True,direct_appearance,14
train_ep_002934,train,False,False,False,0,False,0,0,False,False,none,14
train_ep_002935,train,False,False,True,4,False,0,4,True,True,speech_mention,14
train_ep_002936,train,False,False,False,0,False,0,0,False,False,none,14
train_ep_002937,train,False,False,False,0,False,0,0,False,False,none,14
train_ep_002938,train,False,False,True,1,True,1,2,True,True,speech_mention,14
train_ep_002939,train,False,False,False,0,False,0,0,False,False,none,14
train_ep_002940,train,True,True,True,6,True,2,15,True,True,direct_appearance,14
train_ep_002941,train,False,False,True,4,True,1,5,True,True,speech_mention,14
train_ep_002942,train,False,False,False,0,False,0,0,False,False,none,14
train_ep_002943,train,False,False,False,0,True,1,1,True,True,persona_mention,14
train_ep_002944,train,False,False,True,1,False,0,1,True,False,speech_mention,14
train_ep_002945,train,False,False,True,3,True,1,4,True,True,speech_mention,14
train_ep_002946,train,False,False,True,2,True,1,3,True,True,speech_mention,14
train_ep_002947,train,False,False,False,0,True,1,1,True,True,persona_mention,14
train_ep_002948,train,False,False,False,0,True,1,1,True,True,persona_mention,14
train_ep_002949,train,False,False,False,0,False,0,0,False,False,none,14
train_ep_002950,train,False,False,False,0,False,0,0,False,False,none,14
train_ep_002951,train,False,False,False,0,False,0,0,False,False,none,14
train_ep_002952,train,False,False,False,0,False,0,0,False,False,none,14
train_ep_002953,train,False,False,False,0,False,0,0,False,False,none,14
train_ep_002954,train,False,False,False,0,True,1,1,True,True,persona_mention,14
train_ep_002955,train,False,False,False,0,False,0,0,False,False,none,5
train_ep_002956,train,False,False,True,3,True,2,5,True,True,speech_mention,14
train_ep_002957,train,False,False,False,0,False,0,0,False,False,none,14
train_ep_002958,train,False,False,False,0,False,0,0,False,False,none,14
train_ep_002959,train,False,False,False,0,False,0,0,False,False,none,14
train_ep_002960,train,False,False,False,0,False,0,0,False,False,none,14
train_ep_002961,train,False,False,False,0,False,0,0,False,False,none,14
train_ep_002962,train,False,False,False,0,True,1,1,True,True,persona_mention,14
train_ep_002963,train,False,False,False,0,True,1,1,True,True,persona_mention,14
train_ep_002964,train,False,False,True,2,True,1,3,True,True,speech_mention,14
train_ep_002965,train,False,False,False,0,False,0,0,False,False,none,14
train_ep_002966,train,False,False,True,2,False,0,2,True,True,speech_mention,14
train_ep_002967,train,False,False,False,0,True,1,1,True,True,persona_mention,14
train_ep_002968,train,False,False,False,0,True,1,1,True,True,persona_mention,14
train_ep_002969,train,False,False,False,0,False,0,0,False,False,none,14
train_ep_002970,train,False,False,False,0,True,1,1,True,True,persona_mention,14
train_ep_002971,train,False,False,False,0,True,1,1,True,True,persona_mention,14
train_ep_002972,train,False,False,False,0,False,0,0,False,False,none,14
train_ep_002973,train,False,False,False,0,True,1,1,True,True,persona_mention,14
train_ep_002974,train,False,False,False,0,False,0,0,False,False,none,14
train_ep_002975,train,False,False,False,0,False,0,0,False,False,none,14
train_ep_002976,train,False,False,False,0,False,0,0,False,False,none,14
train_ep_002977,train,False,False,False,0,False,0,0,False,False,none,14
train_ep_002978,train,False,False,False,0,True,1,1,True,True,persona_mention,14
train_ep_002979,train,False,False,False,0,True,2,2,True,True,persona_mention,14
train_ep_002980,train,False,False,False,0,True,1,1,True,True,persona_mention,14
train_ep_002981,train,False,False,False,0,False,0,0,False,False,none,14
train_ep_002982,train,False,False,False,0,False,0,0,False,False,none,14
train_ep_002983,train,False,False,False,0,True,2,2,True,True,persona_mention,14
train_ep_002984,train,False,False,False,0,True,1,1,True,True,persona_mention,14
train_ep_002985,train,False,False,False,0,False,0,0,False,False,none,14
train_ep_002986,train,False,False,False,0,False,0,0,False,False,none,14
train_ep_002987,train,False,False,False,0,False,0,0,False,False,none,14
train_ep_002988,train,False,False,False,0,False,0,0,False,False,none,14
train_ep_002989,train,False,False,True,1,True,1,2,True,True,speech_mention,14
train_ep_002990,train,False,False,True,4,False,0,4,True,True,speech_mention,14
train_ep_002991,train,False,False,True,1,True,1,2,True,True,speech_mention,14
train_ep_002992,train,False,False,False,0,False,0,0,False,False,none,14
train_ep_002993,train,False,False,False,0,True,1,1,True,True,persona_mention,14
train_ep_002994,train,False,False,True,1,False,0,1,True,False,speech_mention,14
train_ep_002995,train,False,False,False,0,True,1,1,True,True,persona_mention,14
train_ep_002996,train,False,False,False,0,False,0,0,False,False,none,14
train_ep_002997,train,False,False,True,3,True,2,5,True,True,speech_mention,14
train_ep_002998,train,False,False,False,0,True,1,1,True,True,persona_mention,14
train_ep_002999,train,False,False,False,0,False,0,0,False,False,none,14
train_ep_003000,train,False,False,False,0,False,0,0,False,False,none,14
train_ep_003001,train,False,False,True,1,True,1,2,True,True,speech_mention,14
train_ep_003002,train,False,False,False,0,False,0,0,False,False,none,14
train_ep_003003,train,False,False,False,0,True,1,1,True,True,persona_mention,14
train_ep_003004,train,False,False,False,0,False,0,0,False,False,none,14
train_ep_003005,train,False,False,False,0,True,1,1,True,True,persona_mention,14
train_ep_003006,train,False,False,False,0,False,0,0,False,False,none,14
train_ep_003007,train,False,False,True,1,False,0,1,True,False,speech_mention,14
train_ep_003008,train,False,False,True,1,True,1,2,True,True,speech_mention,14
train_ep_003009,train,False,False,False,0,False,0,0,False,False,none,14
train_ep_003010,train,False,False,False,0,True,1,1,True,True,persona_mention,14
train_ep_003011,train,False,False,True,3,False,0,3,True,True,speech_mention,14
train_ep_003012,train,False,False,True,1,False,0,1,True,False,speech_mention,14
train_ep_003013,train,False,False,False,0,False,0,0,False,False,none,14
train_ep_003014,train,False,False,False,0,False,0,0,False,False,none,14
train_ep_003015,train,False,False,False,0,False,0,0,False,False,none,14
train_ep_003016,train,False,False,True,3,True,1,4,True,True,speech_mention,14
train_ep_003017,train,False,False,True,1,True,1,2,True,True,speech_mention,14
train_ep_003018,train,True,True,True,3,True,3,14,True,True,direct_appearance,14
train_ep_003019,train,True,True,True,3,True,1,12,True,True,direct_appearance,14
train_ep_003020,train,False,False,False,0,False,0,0,False,False,none,14
train_ep_003021,train,False,False,False,0,False,0,0,False,False,none,14
train_ep_003022,train,True,True,True,3,True,4,14,True,True,direct_appearance,14
train_ep_003023,train,False,False,True,3,True,1,4,True,True,speech_mention,14
train_ep_003024,train,False,False,False,0,True,1,1,True,True,persona_mention,14
train_ep_003025,train,False,False,False,0,False,0,0,False,False,none,14
train_ep_003026,train,False,False,False,0,False,0,0,False,False,none,14
train_ep_003027,train,False,False,True,2,False,0,2,True,True,speech_mention,14
train_ep_003028,train,True,True,True,3,True,3,14,True,True,direct_appearance,14
train_ep_003029,train,False,False,False,0,False,0,0,False,False,none,14
train_ep_003030,train,False,False,True,4,True,2,6,True,True,speech_mention,14
train_ep_003031,train,False,False,False,0,False,0,0,False,False,none,14
train_ep_003032,train,False,False,False,0,True,1,1,True,True,persona_mention,14
train_ep_003033,train,False,False,False,0,True,1,1,True,True,persona_mention,14
train_ep_003034,train,False,False,True,2,False,0,2,True,True,speech_mention,14
train_ep_003035,train,False,False,True,1,True,2,3,True,True,speech_mention,14
train_ep_003036,train,False,False,True,6,True,1,6,True,True,speech_mention,14
train_ep_003037,train,False,False,False,0,False,0,0,False,False,none,14
train_ep_003038,train,False,False,False,0,False,0,0,False,False,none,14
train_ep_003039,train,False,False,False,0,False,0,0,False,False,none,14
train_ep_003040,train,False,False,False,0,False,0,0,False,False,none,14
train_ep_003041,train,False,False,False,0,False,0,0,False,False,none,3
train_ep_003042,train,False,False,False,0,False,0,0,False,False,none,13
train_ep_003043,train,False,False,True,2,False,0,2,True,True,speech_mention,14
train_ep_003044,train,False,False,False,0,False,0,0,False,False,none,14
train_ep_003045,train,False,False,True,2,True,1,3,True,True,speech_mention,14
train_ep_003046,train,False,False,True,2,True,2,4,True,True,speech_mention,6
train_ep_003047,train,False,False,False,0,False,0,0,False,False,none,14
train_ep_003048,train,True,True,True,2,True,1,11,True,True,direct_appearance,14
train_ep_003049,train,False,False,False,0,False,0,0,False,False,none,11
train_ep_003050,train,False,False,False,0,False,0,0,False,False,none,14
train_ep_003051,train,False,False,False,0,False,0,0,False,False,none,14
train_ep_003052,train,False,False,False,0,True,1,1,True,True,persona_mention,14
train_ep_003053,train,False,False,True,5,True,2,7,True,True,speech_mention,14
train_ep_003054,train,False,False,False,0,True,2,2,True,True,persona_mention,4
train_ep_003055,train,False,False,False,0,False,0,0,False,False,none,14
train_ep_003056,train,False,False,False,0,False,0,0,False,False,none,14
train_ep_003057,train,False,False,False,0,False,0,0,False,False,none,14
train_ep_003058,train,False,False,False,0,False,0,0,False,False,none,14
train_ep_003059,train,False,False,False,0,False,0,0,False,False,none,14
train_ep_003060,train,False,False,False,0,False,0,0,False,False,none,14
train_ep_003061,train,False,False,True,1,False,0,1,True,False,speech_mention,14
train_ep_003062,train,False,False,True,1,True,1,2,True,True,speech_mention,6
train_ep_003063,train,False,False,True,4,True,1,5,True,True,speech_mention,14
train_ep_003064,train,False,False,False,0,False,0,0,False,False,none,14
train_ep_003065,train,False,False,False,0,False,0,0,False,False,none,14
train_ep_003066,train,False,False,False,0,False,0,0,False,False,none,14
train_ep_003067,train,False,False,False,0,False,0,0,False,False,none,14
train_ep_003068,train,False,False,False,0,False,0,0,False,False,none,14
train_ep_003069,train,False,False,False,0,True,1,1,True,True,persona_mention,14
train_ep_003070,train,False,False,False,0,False,0,0,False,False,none,14
train_ep_003071,train,True,True,False,0,True,1,9,True,True,direct_appearance,14
train_ep_003072,train,False,False,False,0,False,0,0,False,False,none,7
train_ep_003073,train,True,True,False,0,True,1,9,True,True,direct_appearance,14
train_ep_003074,train,False,False,True,2,True,1,3,True,True,speech_mention,14
train_ep_003075,train,False,False,False,0,False,0,0,False,False,none,9
train_ep_003076,train,False,False,False,0,False,0,0,False,False,none,14
train_ep_003077,train,False,False,True,3,False,0,3,True,True,speech_mention,14
train_ep_003078,train,False,False,True,1,True,1,2,True,True,speech_mention,14
train_ep_003079,train,False,False,True,3,True,2,5,True,True,speech_mention,14
train_ep_003080,train,True,True,True,2,True,1,11,True,True,direct_appearance,14
train_ep_003081,train,False,False,True,3,False,0,3,True,True,speech_mention,14
train_ep_003082,train,True,True,False,0,True,2,10,True,True,direct_appearance,13
train_ep_003083,train,False,False,False,0,False,0,0,False,False,none,14
train_ep_003084,train,True,True,False,0,True,2,10,True,True,direct_appearance,14
train_ep_003085,train,False,False,True,1,False,0,1,True,False,speech_mention,14
train_ep_003086,train,False,False,False,0,False,0,0,False,False,none,14
train_ep_003087,train,False,False,False,0,False,0,0,False,False,none,14
train_ep_003088,train,False,False,False,0,False,0,0,False,False,none,14
train_ep_003089,train,False,False,False,0,False,0,0,False,False,none,6
train_ep_003090,train,False,False,True,3,True,1,4,True,True,speech_mention,14
train_ep_003091,train,False,False,False,0,False,0,0,False,False,none,14
train_ep_003092,train,False,False,True,1,True,1,2,True,True,speech_mention,14
train_ep_003093,train,False,False,False,0,False,0,0,False,False,none,12
train_ep_003094,train,False,False,False,0,False,0,0,False,False,none,14
train_ep_003095,train,False,False,False,0,True,1,1,True,True,persona_mention,14
train_ep_003096,train,False,False,False,0,False,0,0,False,False,none,9
train_ep_003097,train,False,False,False,0,False,0,0,False,False,none,14
train_ep_003098,train,False,False,False,0,False,0,0,False,False,none,14
train_ep_003099,train,False,False,False,0,False,0,0,False,False,none,14
train_ep_003100,train,False,False,True,2,True,1,3,True,True,speech_mention,14
train_ep_003101,train,False,False,False,0,False,0,0,False,False,none,14
train_ep_003102,train,False,False,True,2,False,0,2,True,True,speech_mention,14
train_ep_003103,train,False,False,False,0,False,0,0,False,False,none,14
train_ep_003104,train,False,False,False,0,False,0,0,False,False,none,14
train_ep_003105,train,False,False,False,0,False,0,0,False,False,none,14
train_ep_003106,train,False,False,False,0,True,1,1,True,True,persona_mention,14
train_ep_003107,train,False,False,False,0,False,0,0,False,False,none,14
train_ep_003108,train,False,False,False,0,True,1,1,True,True,persona_mention,14
train_ep_003109,train,False,False,False,0,True,1,1,True,True,persona_mention,14
train_ep_003110,train,False,False,True,1,True,1,2,True,True,speech_mention,14
train_ep_003111,train,True,True,True,3,True,2,13,True,True,direct_appearance,6
train_ep_003112,train,False,False,False,0,False,0,0,False,False,none,8
train_ep_003113,train,False,False,False,0,False,0,0,False,False,none,14
train_ep_003114,train,False,False,True,1,False,0,1,True,False,speech_mention,14
train_ep_003115,train,False,False,False,0,True,1,1,True,True,persona_mention,14
train_ep_003116,train,False,False,False,0,False,0,0,False,False,none,14
train_ep_003117,train,False,False,False,0,False,0,0,False,False,none,11
train_ep_003118,train,True,True,False,0,True,1,9,True,True,direct_appearance,14
train_ep_003119,train,False,False,False,0,False,0,0,False,False,none,14
train_ep_003120,train,False,False,False,0,False,0,0,False,False,none,4
train_ep_003121,train,False,False,True,1,False,0,1,True,False,speech_mention,14
train_ep_003122,train,False,False,True,4,True,2,6,True,True,speech_mention,14
train_ep_003123,train,True,True,True,3,True,1,12,True,True,direct_appearance,7
train_ep_003124,train,False,False,False,0,False,0,0,False,False,none,6
train_ep_003125,train,False,False,False,0,False,0,0,False,False,none,14
train_ep_003126,train,False,False,True,8,False,0,5,True,True,speech_mention,14
train_ep_003127,train,False,False,False,0,False,0,0,False,False,none,14
train_ep_003128,train,False,False,False,0,False,0,0,False,False,none,4
train_ep_003129,train,True,True,True,3,True,3,14,True,True,direct_appearance,6
train_ep_003130,train,False,False,True,1,False,0,1,True,False,speech_mention,14
train_ep_003131,train,False,False,True,2,False,0,2,True,True,speech_mention,14
train_ep_003132,train,False,False,True,4,True,1,5,True,True,speech_mention,14
train_ep_003133,train,False,False,False,0,False,0,0,False,False,none,14
train_ep_003134,train,False,False,False,0,False,0,0,False,False,none,14
train_ep_003135,train,False,False,False,0,True,1,1,True,True,persona_mention,14
train_ep_003136,train,False,False,True,1,False,0,1,True,False,speech_mention,5
train_ep_003137,train,False,False,False,0,False,0,0,False,False,none,14
train_ep_003138,train,False,False,False,0,False,0,0,False,False,none,14
train_ep_003139,train,False,False,True,1,False,0,1,True,False,speech_mention,14
train_ep_003140,train,False,False,True,2,False,0,2,True,True,speech_mention,14
train_ep_003141,train,True,True,True,3,True,2,13,True,True,direct_appearance,14
train_ep_003142,train,False,False,False,0,False,0,0,False,False,none,14
train_ep_003143,train,False,False,False,0,False,0,0,False,False,none,14
train_ep_003144,train,False,False,False,0,False,0,0,False,False,none,6
train_ep_003145,train,False,False,True,2,False,0,2,True,True,speech_mention,14
train_ep_003146,train,False,False,False,0,False,0,0,False,False,none,14
train_ep_003147,train,False,False,False,0,False,0,0,False,False,none,3
train_ep_003148,train,False,False,True,1,True,2,3,True,True,speech_mention,14
train_ep_003149,train,False,False,False,0,False,0,0,False,False,none,14
train_ep_003150,train,False,False,False,0,False,0,0,False,False,none,14
train_ep_003151,train,False,False,False,0,False,0,0,False,False,none,11
train_ep_003152,train,False,False,True,3,True,1,4,True,True,speech_mention,14
train_ep_003153,train,False,False,False,0,False,0,0,False,False,none,14
train_ep_003154,train,False,False,False,0,False,0,0,False,False,none,14
train_ep_003155,train,False,False,False,0,False,0,0,False,False,none,7
train_ep_003156,train,False,False,False,0,False,0,0,False,False,none,14
train_ep_003157,train,False,False,False,0,True,1,1,True,True,persona_mention,14
train_ep_003158,train,False,False,False,0,True,1,1,True,True,persona_mention,3
train_ep_003159,train,False,False,False,0,False,0,0,False,False,none,14
train_ep_003160,train,True,True,True,2,True,1,11,True,True,direct_appearance,14
train_ep_003161,train,False,False,False,0,False,0,0,False,False,none,14
train_ep_003162,train,False,False,False,0,False,0,0,False,False,none,14
train_ep_003163,train,False,False,False,0,True,1,1,True,True,persona_mention,14
train_ep_003164,train,True,True,True,2,True,2,12,True,True,direct_appearance,9
train_ep_003165,train,True,True,True,1,True,1,10,True,True,direct_appearance,14
train_ep_003166,train,False,False,False,0,False,0,0,False,False,none,14
train_ep_003167,train,False,False,False,0,False,0,0,False,False,none,4
train_ep_003168,train,False,False,True,1,False,0,1,True,False,speech_mention,14
train_ep_003169,train,False,False,True,2,True,1,3,True,True,speech_mention,14
train_ep_003170,train,False,False,True,1,True,1,2,True,True,speech_mention,14
train_ep_003171,train,False,False,False,0,False,0,0,False,False,none,14
train_ep_003172,train,False,False,False,0,False,0,0,False,False,none,14
train_ep_003173,train,False,False,True,1,False,0,1,True,False,speech_mention,14
train_ep_003174,train,False,False,False,0,False,0,0,False,False,none,14
train_ep_003175,train,False,False,False,0,False,0,0,False,False,none,14
train_ep_003176,train,False,False,False,0,False,0,0,False,False,none,14
train_ep_003177,train,False,False,True,1,False,0,1,True,False,speech_mention,11
train_ep_003178,train,True,True,True,3,True,1,12,True,True,direct_appearance,14
train_ep_003179,train,False,False,True,2,True,1,3,True,True,speech_mention,14
train_ep_003180,train,False,False,False,0,False,0,0,False,False,none,14
train_ep_003181,train,False,False,True,5,True,1,6,True,True,speech_mention,14
train_ep_003182,train,False,False,True,3,False,0,3,True,True,speech_mention,14
train_ep_003183,train,False,False,True,2,True,1,3,True,True,speech_mention,14
train_ep_003184,train,True,True,False,0,True,1,9,True,True,direct_appearance,14
train_ep_003185,train,False,False,True,2,False,0,2,True,True,speech_mention,14
train_ep_003186,train,False,False,False,0,False,0,0,False,False,none,14
train_ep_003187,train,False,False,False,0,False,0,0,False,False,none,14
train_ep_003188,train,False,False,False,0,False,0,0,False,False,none,14
train_ep_003189,train,False,False,True,1,True,1,2,True,True,speech_mention,14
train_ep_003190,train,False,False,True,4,True,1,5,True,True,speech_mention,14
train_ep_003191,train,False,False,True,2,True,3,5,True,True,speech_mention,14
train_ep_003192,train,False,False,False,0,False,0,0,False,False,none,14
train_ep_003193,train,True,True,True,1,True,1,10,True,True,direct_appearance,14
train_ep_003194,train,False,False,True,5,False,0,5,True,True,speech_mention,14
train_ep_003195,train,True,True,True,4,True,1,13,True,True,direct_appearance,14
train_ep_003196,train,False,False,False,0,False,0,0,False,False,none,14
train_ep_003197,train,False,False,False,0,False,0,0,False,False,none,14
train_ep_003198,train,False,False,False,0,False,0,0,False,False,none,14
train_ep_003199,train,False,False,False,0,False,0,0,False,False,none,14
train_ep_003200,train,True,True,False,0,True,1,9,True,True,direct_appearance,14
train_ep_003201,train,False,False,False,0,False,0,0,False,False,none,14
train_ep_003202,train,False,False,True,1,False,0,1,True,False,speech_mention,14
train_ep_003203,train,False,False,False,0,False,0,0,False,False,none,14
train_ep_003204,train,False,False,False,0,False,0,0,False,False,none,11
train_ep_003205,train,False,False,False,0,False,0,0,False,False,none,14
train_ep_003206,train,False,False,False,0,False,0,0,False,False,none,14
train_ep_003207,train,False,False,False,0,False,0,0,False,False,none,14
train_ep_003208,train,True,True,True,1,True,1,10,True,True,direct_appearance,14
train_ep_003209,train,False,False,False,0,True,1,1,True,True,persona_mention,14
train_ep_003210,train,False,False,False,0,True,1,1,True,True,persona_mention,14
train_ep_003211,train,False,False,True,1,True,1,2,True,True,speech_mention,14
train_ep_003212,train,False,False,False,0,False,0,0,False,False,none,14
train_ep_003213,train,False,False,False,0,False,0,0,False,False,none,14
train_ep_003214,train,False,False,False,0,False,0,0,False,False,none,14
train_ep_003215,train,False,False,False,0,False,0,0,False,False,none,14
train_ep_003216,train,False,False,False,0,False,0,0,False,False,none,14
train_ep_003217,train,False,False,False,0,False,0,0,False,False,none,14
train_ep_003218,train,False,False,True,5,True,2,7,True,True,speech_mention,14
train_ep_003219,train,True,True,True,1,True,1,10,True,True,direct_appearance,14
train_ep_003220,train,False,False,False,0,True,1,1,True,True,persona_mention,14
train_ep_003221,train,False,False,True,4,False,0,4,True,True,speech_mention,14
train_ep_003222,train,False,False,True,6,True,1,6,True,True,speech_mention,14
train_ep_003223,train,False,False,False,0,True,1,1,True,True,persona_mention,14
train_ep_003224,train,False,False,False,0,True,1,1,True,True,persona_mention,14
train_ep_003225,train,False,False,False,0,False,0,0,False,False,none,14
train_ep_003226,train,False,False,False,0,False,0,0,False,False,none,14
train_ep_003227,train,False,False,False,0,False,0,0,False,False,none,14
train_ep_003228,train,False,False,False,0,False,0,0,False,False,none,14
train_ep_003229,train,False,False,True,3,False,0,3,True,True,speech_mention,14
train_ep_003230,train,False,False,False,0,False,0,0,False,False,none,14
train_ep_003231,train,False,False,True,2,False,0,2,True,True,speech_mention,14
train_ep_003232,train,False,False,False,0,False,0,0,False,False,none,14
train_ep_003233,train,False,False,False,0,False,0,0,False,False,none,9
train_ep_003234,train,False,False,True,1,True,1,2,True,True,speech_mention,14
train_ep_003235,train,False,False,True,1,True,1,2,True,True,speech_mention,14
train_ep_003236,train,False,False,False,0,True,2,2,True,True,persona_mention,14
train_ep_003237,train,False,False,False,0,True,1,1,True,True,persona_mention,14
train_ep_003238,train,False,False,False,0,False,0,0,False,False,none,14
train_ep_003239,train,False,False,False,0,True,1,1,True,True,persona_mention,14
train_ep_003240,train,False,False,True,2,True,2,4,True,True,speech_mention,14
train_ep_003241,train,False,False,False,0,False,0,0,False,False,none,14
train_ep_003242,train,False,False,False,0,False,0,0,False,False,none,14
train_ep_003243,train,False,False,False,0,True,1,1,True,True,persona_mention,14
train_ep_003244,train,False,False,False,0,False,0,0,False,False,none,14
train_ep_003245,train,False,False,False,0,False,0,0,False,False,none,14
train_ep_003246,train,False,False,True,4,False,0,4,True,True,speech_mention,14
train_ep_003247,train,False,False,False,0,False,0,0,False,False,none,14
train_ep_003248,train,False,False,False,0,False,0,0,False,False,none,14
train_ep_003249,train,False,False,False,0,True,1,1,True,True,persona_mention,14
train_ep_003250,train,False,False,False,0,False,0,0,False,False,none,14
train_ep_003251,train,False,False,False,0,False,0,0,False,False,none,14
train_ep_003252,train,False,False,False,0,False,0,0,False,False,none,14
train_ep_003253,train,False,False,False,0,True,1,1,True,True,persona_mention,9
train_ep_003254,train,False,False,False,0,True,1,1,True,True,persona_mention,14
train_ep_003255,train,False,False,True,5,True,1,6,True,True,speech_mention,14
train_ep_003256,train,False,False,False,0,False,0,0,False,False,none,14
train_ep_003257,train,False,False,False,0,True,1,1,True,True,persona_mention,14
train_ep_003258,train,False,False,False,0,False,0,0,False,False,none,14
train_ep_003259,train,False,False,False,0,True,1,1,True,True,persona_mention,14
train_ep_003260,train,False,False,False,0,False,0,0,False,False,none,14
train_ep_003261,train,False,False,False,0,False,0,0,False,False,none,14
train_ep_003262,train,False,False,False,0,False,0,0,False,False,none,14
train_ep_003263,train,False,False,True,1,True,1,2,True,True,speech_mention,14
train_ep_003264,train,False,False,True,1,False,0,1,True,False,speech_mention,14
train_ep_003265,train,False,False,False,0,False,0,0,False,False,none,14
train_ep_003266,train,False,False,False,0,False,0,0,False,False,none,14
train_ep_003267,train,False,False,True,3,True,2,5,True,True,speech_mention,14
train_ep_003268,train,True,True,True,3,True,3,14,True,True,direct_appearance,14
train_ep_003269,train,False,False,False,0,False,0,0,False,False,none,14
train_ep_003270,train,False,False,False,0,False,0,0,False,False,none,14
train_ep_003271,train,False,False,False,0,False,0,0,False,False,none,14
train_ep_003272,train,False,False,True,2,True,2,4,True,True,speech_mention,14
train_ep_003273,train,False,False,False,0,False,0,0,False,False,none,14
train_ep_003274,train,False,False,False,0,False,0,0,False,False,none,14
train_ep_003275,train,False,False,True,1,True,1,2,True,True,speech_mention,14
train_ep_003276,train,False,False,False,0,False,0,0,False,False,none,14
train_ep_003277,train,False,False,True,3,False,0,3,True,True,speech_mention,14
train_ep_003278,train,False,False,False,0,True,1,1,True,True,persona_mention,14
train_ep_003279,train,False,False,True,2,False,0,2,True,True,speech_mention,14
train_ep_003280,train,False,False,False,0,False,0,0,False,False,none,14
train_ep_003281,train,False,False,False,0,False,0,0,False,False,none,14
train_ep_003282,train,False,False,True,1,True,2,3,True,True,speech_mention,14
train_ep_003283,train,True,True,True,6,True,3,16,True,True,direct_appearance,14
train_ep_003284,train,False,False,False,0,False,0,0,False,False,none,14
train_ep_003285,train,False,False,False,0,False,0,0,False,False,none,14
train_ep_003286,train,False,False,False,0,False,0,0,False,False,none,14
train_ep_003287,train,False,False,False,0,False,0,0,False,False,none,14
train_ep_003288,train,False,False,False,0,False,0,0,False,False,none,14
train_ep_003289,train,False,False,True,1,True,1,2,True,True,speech_mention,14
train_ep_003290,train,False,False,False,0,False,0,0,False,False,none,14
train_ep_003291,train,False,False,True,2,True,1,3,True,True,speech_mention,9
train_ep_003292,train,False,False,True,2,False,0,2,True,True,speech_mention,14
train_ep_003293,train,False,False,True,1,False,0,1,True,False,speech_mention,14
train_ep_003294,train,False,False,False,0,False,0,0,False,False,none,14
train_ep_003295,train,False,False,True,2,False,0,2,True,True,speech_mention,14
train_ep_003296,train,True,True,True,3,True,3,14,True,True,direct_appearance,14
train_ep_003297,train,False,False,False,0,False,0,0,False,False,none,14
train_ep_003298,train,True,True,True,2,True,1,11,True,True,direct_appearance,14
train_ep_003299,train,False,False,False,0,True,1,1,True,True,persona_mention,14
train_ep_003300,train,False,False,True,1,True,1,2,True,True,speech_mention,14
train_ep_003301,train,False,False,False,0,False,0,0,False,False,none,14
train_ep_003302,train,False,False,False,0,False,0,0,False,False,none,14
train_ep_003303,train,False,False,False,0,False,0,0,False,False,none,14
train_ep_003304,train,False,False,False,0,False,0,0,False,False,none,14
train_ep_003305,train,False,False,False,0,False,0,0,False,False,none,14
train_ep_003306,train,True,True,True,1,False,0,9,True,True,direct_appearance,14
train_ep_003307,train,False,False,True,1,False,0,1,True,False,speech_mention,14
train_ep_003308,train,False,False,False,0,False,0,0,False,False,none,14
train_ep_003309,train,False,False,True,1,False,0,1,True,False,speech_mention,14
train_ep_003310,train,False,False,False,0,False,0,0,False,False,none,6
train_ep_003311,train,False,False,True,2,False,0,2,True,True,speech_mention,14
train_ep_003312,train,False,False,False,0,False,0,0,False,False,none,14
train_ep_003313,train,False,False,False,0,False,0,0,False,False,none,14
train_ep_003314,train,True,True,False,0,True,3,11,True,True,direct_appearance,3
train_ep_003315,train,False,False,False,0,False,0,0,False,False,none,14
train_ep_003316,train,False,False,False,0,False,0,0,False,False,none,14
train_ep_003317,train,False,False,False,0,False,0,0,False,False,none,14
train_ep_003318,train,False,False,False,0,False,0,0,False,False,none,9
train_ep_003319,train,False,False,False,0,True,1,1,True,True,persona_mention,14
train_ep_003320,train,False,False,True,5,True,1,6,True,True,speech_mention,12
train_ep_003321,train,False,False,True,3,False,0,3,True,True,speech_mention,14
train_ep_003322,train,False,False,False,0,False,0,0,False,False,none,14
train_ep_003323,train,False,False,False,0,False,0,0,False,False,none,14
train_ep_003324,train,False,False,False,0,False,0,0,False,False,none,2
train_ep_003325,train,False,False,False,0,False,0,0,False,False,none,14
train_ep_003326,train,True,True,True,5,True,1,14,True,True,direct_appearance,14
train_ep_003327,train,False,False,True,1,False,0,1,True,False,speech_mention,14
train_ep_003328,train,True,True,True,2,True,3,13,True,True,direct_appearance,14
train_ep_003329,train,False,False,True,1,False,0,1,True,False,speech_mention,14
train_ep_003330,train,False,False,False,0,True,1,1,True,True,persona_mention,14
train_ep_003331,train,False,False,True,1,True,1,2,True,True,speech_mention,14
train_ep_003332,train,False,False,False,0,True,1,1,True,True,persona_mention,14
train_ep_003333,train,False,False,False,0,True,2,2,True,True,persona_mention,14
train_ep_003334,train,False,False,False,0,False,0,0,False,False,none,14
train_ep_003335,train,False,False,False,0,False,0,0,False,False,none,14
train_ep_003336,train,False,False,False,0,False,0,0,False,False,none,14
train_ep_003337,train,False,False,False,0,False,0,0,False,False,none,14
train_ep_003338,train,False,False,False,0,False,0,0,False,False,none,11
train_ep_003339,train,False,False,True,1,False,0,1,True,False,speech_mention,14
train_ep_003340,train,False,False,False,0,False,0,0,False,False,none,14
train_ep_003341,train,False,False,False,0,False,0,0,False,False,none,14
train_ep_003342,train,False,False,False,0,False,0,0,False,False,none,10
train_ep_003343,train,False,False,True,1,True,2,3,True,True,speech_mention,14
train_ep_003344,train,False,False,False,0,False,0,0,False,False,none,14
train_ep_003345,train,False,False,False,0,True,2,2,True,True,persona_mention,14
train_ep_003346,train,False,False,False,0,False,0,0,False,False,none,7
train_ep_003347,train,True,True,True,2,True,1,11,True,True,direct_appearance,14
train_ep_003348,train,False,False,True,2,False,0,2,True,True,speech_mention,14
train_ep_003349,train,False,False,False,0,False,0,0,False,False,none,14
train_ep_003350,train,False,False,False,0,False,0,0,False,False,none,14
train_ep_003351,train,False,False,False,0,False,0,0,False,False,none,14
train_ep_003352,train,False,False,False,0,False,0,0,False,False,none,14
train_ep_003353,train,False,False,False,0,False,0,0,False,False,none,14
train_ep_003354,train,True,True,False,0,True,4,11,True,True,direct_appearance,11
train_ep_003355,train,False,False,False,0,True,2,2,True,True,persona_mention,14
train_ep_003356,train,True,True,True,2,True,3,13,True,True,direct_appearance,2
train_ep_003357,train,False,False,False,0,False,0,0,False,False,none,14
train_ep_003358,train,False,False,False,0,True,1,1,True,True,persona_mention,2
train_ep_003359,train,False,False,False,0,True,2,2,True,True,persona_mention,5
train_ep_003360,train,False,False,True,1,False,0,1,True,False,speech_mention,14
train_ep_003361,train,False,False,False,0,False,0,0,False,False,none,14
train_ep_003362,train,False,False,True,2,False,0,2,True,True,speech_mention,14
train_ep_003363,train,False,False,False,0,False,0,0,False,False,none,14
train_ep_003364,train,False,False,False,0,False,0,0,False,False,none,14
train_ep_003365,train,False,False,False,0,True,1,1,True,True,persona_mention,14
train_ep_003366,train,False,False,False,0,False,0,0,False,False,none,14
train_ep_003367,train,False,False,True,2,True,2,4,True,True,speech_mention,14
train_ep_003368,train,False,False,False,0,False,0,0,False,False,none,14
train_ep_003369,train,False,False,True,2,True,2,4,True,True,speech_mention,14
train_ep_003370,train,False,False,True,3,False,0,3,True,True,speech_mention,14
train_ep_003371,train,False,False,False,0,False,0,0,False,False,none,14
train_ep_003372,train,False,False,False,0,False,0,0,False,False,none,14
train_ep_003373,train,False,False,False,0,False,0,0,False,False,none,14
train_ep_003374,train,False,False,False,0,False,0,0,False,False,none,14
train_ep_003375,train,False,False,False,0,False,0,0,False,False,none,14
train_ep_003376,train,True,True,True,1,False,0,9,True,True,direct_appearance,14
train_ep_003377,train,False,False,True,1,False,0,1,True,False,speech_mention,14
train_ep_003378,train,False,False,False,0,False,0,0,False,False,none,14
train_ep_003379,train,False,False,False,0,False,0,0,False,False,none,14
train_ep_003380,train,False,False,False,0,False,0,0,False,False,none,14
train_ep_003381,train,False,False,True,3,False,0,3,True,True,speech_mention,14
train_ep_003382,train,False,False,False,0,False,0,0,False,False,none,14
train_ep_003383,train,True,True,False,0,True,2,10,True,True,direct_appearance,14
train_ep_003384,train,False,False,False,0,False,0,0,False,False,none,14
train_ep_003385,train,False,False,False,0,False,0,0,False,False,none,7
train_ep_003386,train,True,True,False,0,True,3,11,True,True,direct_appearance,14
train_ep_003387,train,False,False,False,0,False,0,0,False,False,none,14
train_ep_003388,train,False,False,False,0,False,0,0,False,False,none,7
train_ep_003389,train,False,False,False,0,False,0,0,False,False,none,14
train_ep_003390,train,False,False,False,0,False,0,0,False,False,none,7
train_ep_003391,train,False,False,True,2,True,2,4,True,True,speech_mention,14
train_ep_003392,train,False,False,False,0,False,0,0,False,False,none,14
train_ep_003393,train,False,False,False,0,False,0,0,False,False,none,14
train_ep_003394,train,False,False,True,2,True,1,3,True,True,speech_mention,14
train_ep_003395,train,False,False,False,0,False,0,0,False,False,none,14
train_ep_003396,train,False,False,False,0,False,0,0,False,False,none,14
train_ep_003397,train,True,True,False,0,True,1,9,True,True,direct_appearance,14
train_ep_003398,train,True,True,True,1,True,3,12,True,True,direct_appearance,14
train_ep_003399,train,False,False,False,0,True,1,1,True,True,persona_mention,14
train_ep_003400,train,False,False,False,0,False,0,0,False,False,none,14
train_ep_003401,train,False,False,False,0,False,0,0,False,False,none,14
train_ep_003402,train,False,False,False,0,False,0,0,False,False,none,14
train_ep_003403,train,False,False,True,7,True,1,6,True,True,speech_mention,14
train_ep_003404,train,True,True,True,1,True,1,10,True,True,direct_appearance,14
train_ep_003405,train,True,True,True,1,True,1,10,True,True,direct_appearance,14
train_ep_003406,train,True,True,True,1,True,3,12,True,True,direct_appearance,14
train_ep_003407,train,False,False,True,1,False,0,1,True,False,speech_mention,14
train_ep_003408,train,False,False,False,0,False,0,0,False,False,none,14
train_ep_003409,train,False,False,False,0,False,0,0,False,False,none,14
train_ep_003410,train,False,False,False,0,False,0,0,False,False,none,14
train_ep_003411,train,False,False,False,0,False,0,0,False,False,none,14
train_ep_003412,train,True,True,True,2,True,2,12,True,True,direct_appearance,14
train_ep_003413,train,False,False,False,0,True,1,1,True,True,persona_mention,14
train_ep_003414,train,False,False,False,0,False,0,0,False,False,none,14
train_ep_003415,train,False,False,False,0,False,0,0,False,False,none,14
train_ep_003416,train,False,False,False,0,True,1,1,True,True,persona_mention,14
train_ep_003417,train,False,False,True,2,True,1,3,True,True,speech_mention,14
train_ep_003418,train,False,False,False,0,False,0,0,False,False,none,14
train_ep_003419,train,False,False,False,0,False,0,0,False,False,none,7
train_ep_003420,train,False,False,True,3,False,0,3,True,True,speech_mention,14
train_ep_003421,train,False,False,False,0,False,0,0,False,False,none,14
train_ep_003422,train,False,False,False,0,False,0,0,False,False,none,14
train_ep_003423,train,False,False,False,0,False,0,0,False,False,none,14
train_ep_003424,train,True,True,True,1,True,2,11,True,True,direct_appearance,14
train_ep_003425,train,False,False,False,0,True,2,2,True,True,persona_mention,14
train_ep_003426,train,False,False,False,0,False,0,0,False,False,none,14
train_ep_003427,train,False,False,True,3,False,0,3,True,True,speech_mention,14
train_ep_003428,train,True,True,True,1,True,3,12,True,True,direct_appearance,14
train_ep_003429,train,False,False,False,0,False,0,0,False,False,none,14
train_ep_003430,train,False,False,False,0,False,0,0,False,False,none,14
train_ep_003431,train,False,False,False,0,False,0,0,False,False,none,14
train_ep_003432,train,True,True,True,1,True,3,12,True,True,direct_appearance,14
train_ep_003433,train,False,False,False,0,False,0,0,False,False,none,14
train_ep_003434,train,False,False,False,0,False,0,0,False,False,none,14
train_ep_003435,train,False,False,True,1,False,0,1,True,False,speech_mention,14
train_ep_003436,train,True,True,True,2,True,3,13,True,True,direct_appearance,14
train_ep_003437,train,False,False,True,3,False,0,3,True,True,speech_mention,14
train_ep_003438,train,False,False,False,0,True,1,1,True,True,persona_mention,2
train_ep_003439,train,False,False,False,0,False,0,0,False,False,none,14
train_ep_003440,train,True,True,True,3,True,4,14,True,True,direct_appearance,14
train_ep_003441,train,False,False,False,0,False,0,0,False,False,none,14
train_ep_003442,train,False,False,True,2,True,1,3,True,True,speech_mention,14
train_ep_003443,train,False,False,False,0,False,0,0,False,False,none,14
train_ep_003444,train,False,False,False,0,True,1,1,True,True,persona_mention,14
train_ep_003445,train,False,False,False,0,False,0,0,False,False,none,14
train_ep_003446,train,False,False,False,0,True,1,1,True,True,persona_mention,14
train_ep_003447,train,False,False,True,2,True,2,4,True,True,speech_mention,14
train_ep_003448,train,False,False,False,0,False,0,0,False,False,none,14
train_ep_003449,train,False,False,True,1,False,0,1,True,False,speech_mention,14
train_ep_003450,train,False,False,False,0,False,0,0,False,False,none,14
train_ep_003451,train,True,True,True,1,False,0,9,True,True,direct_appearance,14
train_ep_003452,train,False,False,False,0,False,0,0,False,False,none,14
train_ep_003453,train,False,False,False,0,False,0,0,False,False,none,14
train_ep_003454,train,False,False,False,0,False,0,0,False,False,none,14
train_ep_003455,train,False,False,False,0,True,1,1,True,True,persona_mention,14
train_ep_003456,train,False,False,False,0,False,0,0,False,False,none,14
train_ep_003457,train,False,False,False,0,False,0,0,False,False,none,14
train_ep_003458,train,False,False,False,0,False,0,0,False,False,none,14
train_ep_003459,train,False,False,False,0,False,0,0,False,False,none,14
train_ep_003460,train,True,True,True,1,True,3,12,True,True,direct_appearance,14
train_ep_003461,train,False,False,False,0,False,0,0,False,False,none,14
train_ep_003462,train,False,False,False,0,False,0,0,False,False,none,2
train_ep_003463,train,True,True,False,0,True,3,11,True,True,direct_appearance,2
train_ep_003464,train,False,False,False,0,False,0,0,False,False,none,14
train_ep_003465,train,False,False,False,0,False,0,0,False,False,none,14
train_ep_003466,train,False,False,False,0,False,0,0,False,False,none,14
train_ep_003467,train,False,False,False,0,False,0,0,False,False,none,14
train_ep_003468,train,False,False,False,0,False,0,0,False,False,none,14
train_ep_003469,train,False,False,False,0,False,0,0,False,False,none,14
train_ep_003470,train,False,False,True,1,False,0,1,True,False,speech_mention,14
train_ep_003471,train,False,False,False,0,True,1,1,True,True,persona_mention,2
train_ep_003472,train,True,True,False,0,True,1,9,True,True,direct_appearance,14
train_ep_003473,train,False,False,False,0,False,0,0,False,False,none,14
train_ep_003474,train,False,False,True,1,False,0,1,True,False,speech_mention,14
train_ep_003475,train,False,False,False,0,False,0,0,False,False,none,9
train_ep_003476,train,False,False,False,0,True,1,1,True,True,persona_mention,14
train_ep_003477,train,False,False,False,0,False,0,0,False,False,none,14
train_ep_003478,train,True,True,True,1,True,1,10,True,True,direct_appearance,14
train_ep_003479,train,True,True,False,0,True,1,9,True,True,direct_appearance,14
train_ep_003480,train,False,False,False,0,False,0,0,False,False,none,14
train_ep_003481,train,False,False,True,7,False,0,5,True,True,speech_mention,14
train_ep_003482,train,False,False,False,0,False,0,0,False,False,none,14
train_ep_003483,train,False,False,False,0,False,0,0,False,False,none,14
train_ep_003484,train,False,False,False,0,True,1,1,True,True,persona_mention,10
train_ep_003485,train,False,False,True,1,True,1,2,True,True,speech_mention,14
train_ep_003486,train,False,False,False,0,False,0,0,False,False,none,14
train_ep_003487,train,False,False,False,0,False,0,0,False,False,none,14
train_ep_003488,train,False,False,True,5,False,0,5,True,True,speech_mention,14
train_ep_003489,train,False,False,False,0,False,0,0,False,False,none,14
train_ep_003490,train,False,False,False,0,True,1,1,True,True,persona_mention,14
train_ep_003491,train,False,False,False,0,True,1,1,True,True,persona_mention,14
train_ep_003492,train,False,False,False,0,True,1,1,True,True,persona_mention,14
train_ep_003493,train,False,False,False,0,True,1,1,True,True,persona_mention,14
train_ep_003494,train,False,False,False,0,False,0,0,False,False,none,14
train_ep_003495,train,False,False,False,0,True,1,1,True,True,persona_mention,14
train_ep_003496,train,False,False,False,0,False,0,0,False,False,none,14
train_ep_003497,train,False,False,False,0,False,0,0,False,False,none,14
train_ep_003498,train,False,False,True,2,True,1,3,True,True,speech_mention,14
train_ep_003499,train,False,False,False,0,True,1,1,True,True,persona_mention,14
train_ep_003500,train,False,False,False,0,False,0,0,False,False,none,14
train_ep_003501,train,False,False,False,0,False,0,0,False,False,none,13
train_ep_003502,train,False,False,False,0,False,0,0,False,False,none,14
train_ep_003503,train,False,False,True,1,True,1,2,True,True,speech_mention,14
train_ep_003504,train,False,False,False,0,False,0,0,False,False,none,14
train_ep_003505,train,False,False,False,0,False,0,0,False,False,none,14
train_ep_003506,train,False,False,True,1,True,1,2,True,True,speech_mention,14
train_ep_003507,train,False,False,False,0,False,0,0,False,False,none,14
train_ep_003508,train,False,False,False,0,False,0,0,False,False,none,14
train_ep_003509,train,False,False,False,0,False,0,0,False,False,none,14
train_ep_003510,train,False,False,False,0,False,0,0,False,False,none,3
train_ep_003511,train,False,False,False,0,True,1,1,True,True,persona_mention,14
train_ep_003512,train,False,False,False,0,False,0,0,False,False,none,14
train_ep_003513,train,False,False,False,0,True,1,1,True,True,persona_mention,14
train_ep_003514,train,False,False,True,2,True,3,5,True,True,speech_mention,14
train_ep_003515,train,False,False,False,0,False,0,0,False,False,none,14
train_ep_003516,train,False,False,False,0,False,0,0,False,False,none,14
train_ep_003517,train,False,False,False,0,False,0,0,False,False,none,14
train_ep_003518,train,False,False,False,0,False,0,0,False,False,none,14
train_ep_003519,train,False,False,False,0,False,0,0,False,False,none,14
train_ep_003520,train,False,False,False,0,False,0,0,False,False,none,14
train_ep_003521,train,False,False,False,0,False,0,0,False,False,none,10
train_ep_003522,train,False,False,False,0,False,0,0,False,False,none,2
train_ep_003523,train,False,False,False,0,True,1,1,True,True,persona_mention,7
train_ep_003524,train,False,False,False,0,True,1,1,True,True,persona_mention,14
train_ep_003525,train,False,False,False,0,False,0,0,False,False,none,14
train_ep_003526,train,False,False,False,0,False,0,0,False,False,none,14
train_ep_003527,train,False,False,True,1,True,1,2,True,True,speech_mention,14
train_ep_003528,train,False,False,True,1,True,1,2,True,True,speech_mention,14
train_ep_003529,train,False,False,False,0,False,0,0,False,False,none,14
train_ep_003530,train,True,True,True,1,True,1,10,True,True,direct_appearance,14
train_ep_003531,train,False,False,False,0,False,0,0,False,False,none,14
train_ep_003532,train,True,True,True,1,True,1,10,True,True,direct_appearance,14
train_ep_003533,train,False,False,False,0,True,1,1,True,True,persona_mention,14
train_ep_003534,train,False,False,False,0,False,0,0,False,False,none,14
train_ep_003535,train,False,False,False,0,True,1,1,True,True,persona_mention,14
train_ep_003536,train,False,False,False,0,False,0,0,False,False,none,14
train_ep_003537,train,False,False,False,0,True,1,1,True,True,persona_mention,5
train_ep_003538,train,False,False,True,3,True,1,4,True,True,speech_mention,14
train_ep_003539,train,False,False,False,0,False,0,0,False,False,none,14
train_ep_003540,train,False,False,False,0,False,0,0,False,False,none,14
train_ep_003541,train,False,False,False,0,False,0,0,False,False,none,14
train_ep_003542,train,False,False,True,2,True,1,3,True,True,speech_mention,8
train_ep_003543,train,False,False,False,0,False,0,0,False,False,none,14
train_ep_003544,train,False,False,False,0,True,1,1,True,True,persona_mention,14
train_ep_003545,train,False,False,False,0,True,1,1,True,True,persona_mention,14
train_ep_003546,train,False,False,False,0,False,0,0,False,False,none,14
train_ep_003547,train,False,False,False,0,False,0,0,False,False,none,14
train_ep_003548,train,False,False,False,0,True,1,1,True,True,persona_mention,14
train_ep_003549,train,False,False,True,2,True,1,3,True,True,speech_mention,14
train_ep_003550,train,True,True,True,1,True,3,12,True,True,direct_appearance,14
train_ep_003551,train,True,True,False,0,False,0,8,True,True,direct_appearance,14
train_ep_003552,train,False,False,False,0,False,0,0,False,False,none,14
train_ep_003553,train,False,False,True,1,False,0,1,True,False,speech_mention,14
train_ep_003554,train,False,False,False,0,False,0,0,False,False,none,14
train_ep_003555,train,False,False,False,0,False,0,0,False,False,none,14
train_ep_003556,train,True,True,True,1,True,3,12,True,True,direct_appearance,14
train_ep_003557,train,False,False,False,0,False,0,0,False,False,none,14
train_ep_003558,train,False,False,True,2,True,2,4,True,True,speech_mention,14
train_ep_003559,train,False,False,False,0,False,0,0,False,False,none,14
train_ep_003560,train,False,False,False,0,False,0,0,False,False,none,14
train_ep_003561,train,False,False,False,0,False,0,0,False,False,none,14
train_ep_003562,train,True,True,True,2,True,3,13,True,True,direct_appearance,14
train_ep_003563,train,False,False,False,0,False,0,0,False,False,none,14
train_ep_003564,train,True,True,True,1,True,1,10,True,True,direct_appearance,14
train_ep_003565,train,False,False,False,0,False,0,0,False,False,none,14
train_ep_003566,train,False,False,False,0,False,0,0,False,False,none,14
train_ep_003567,train,False,False,False,0,False,0,0,False,False,none,3
train_ep_003568,train,False,False,False,0,False,0,0,False,False,none,14
train_ep_003569,train,False,False,True,4,True,2,6,True,True,speech_mention,14
train_ep_003570,train,False,False,True,1,True,1,2,True,True,speech_mention,14
train_ep_003571,train,False,False,False,0,True,1,1,True,True,persona_mention,14
train_ep_003572,train,False,False,False,0,False,0,0,False,False,none,14
train_ep_003573,train,False,False,True,1,False,0,1,True,False,speech_mention,14
train_ep_003574,train,False,False,False,0,False,0,0,False,False,none,14
train_ep_003575,train,False,False,False,0,True,2,2,True,True,persona_mention,14
train_ep_003576,train,False,False,False,0,False,0,0,False,False,none,14
train_ep_003577,train,False,False,False,0,False,0,0,False,False,none,14
train_ep_003578,train,False,False,False,0,False,0,0,False,False,none,14
train_ep_003579,train,False,False,True,5,True,2,7,True,True,speech_mention,14
train_ep_003580,train,False,False,True,7,True,2,7,True,True,speech_mention,14
train_ep_003581,train,True,True,False,0,True,1,9,True,True,direct_appearance,14
train_ep_003582,train,False,False,False,0,False,0,0,False,False,none,14
train_ep_003583,train,False,False,False,0,False,0,0,False,False,none,14
train_ep_003584,train,False,False,False,0,False,0,0,False,False,none,14
train_ep_003585,train,False,False,False,0,False,0,0,False,False,none,14
train_ep_003586,train,False,False,False,0,False,0,0,False,False,none,14
train_ep_003587,train,False,False,False,0,True,1,1,True,True,persona_mention,14
train_ep_003588,train,False,False,True,2,True,1,3,True,True,speech_mention,14
train_ep_003589,train,False,False,False,0,False,0,0,False,False,none,14
train_ep_003590,train,False,False,False,0,False,0,0,False,False,none,14
train_ep_003591,train,False,False,True,1,False,0,1,True,False,speech_mention,14
train_ep_003592,train,False,False,False,0,False,0,0,False,False,none,14
train_ep_003593,train,False,False,False,0,False,0,0,False,False,none,14
train_ep_003594,train,False,False,False,0,False,0,0,False,False,none,14
train_ep_003595,train,False,False,True,1,False,0,1,True,False,speech_mention,14
train_ep_003596,train,False,False,False,0,False,0,0,False,False,none,14
train_ep_003597,train,False,False,False,0,False,0,0,False,False,none,14
train_ep_003598,train,False,False,False,0,False,0,0,False,False,none,14
train_ep_003599,train,False,False,False,0,False,0,0,False,False,none,14
train_ep_003600,train,False,False,False,0,False,0,0,False,False,none,14
train_ep_003601,train,False,False,True,2,True,1,3,True,True,speech_mention,6
train_ep_003602,train,False,False,False,0,True,1,1,True,True,persona_mention,14
train_ep_003603,train,False,False,False,0,False,0,0,False,False,none,14
train_ep_003604,train,True,True,False,0,True,1,9,True,True,direct_appearance,14
train_ep_003605,train,True,True,True,1,True,1,10,True,True,direct_appearance,14
train_ep_003606,train,False,False,True,2,True,1,3,True,True,speech_mention,14
train_ep_003607,train,True,True,False,0,True,1,9,True,True,direct_appearance,14
train_ep_003608,train,False,False,False,0,False,0,0,False,False,none,14
train_ep_003609,train,False,False,False,0,False,0,0,False,False,none,14
train_ep_003610,train,False,False,False,0,False,0,0,False,False,none,14
train_ep_003611,train,False,False,False,0,False,0,0,False,False,none,14
train_ep_003612,train,False,False,True,2,True,2,4,True,True,speech_mention,14
train_ep_003613,train,True,True,True,1,True,1,10,True,True,direct_appearance,2
train_ep_003614,train,False,False,True,2,True,1,3,True,True,speech_mention,14
train_ep_003615,train,False,False,False,0,False,0,0,False,False,none,14
train_ep_003616,train,True,True,False,0,True,1,9,True,True,direct_appearance,14
train_ep_003617,train,False,False,False,0,False,0,0,False,False,none,14
train_ep_003618,train,False,False,False,0,False,0,0,False,False,none,14
train_ep_003619,train,False,False,False,0,False,0,0,False,False,none,14
train_ep_003620,train,False,False,False,0,False,0,0,False,False,none,14
train_ep_003621,train,False,False,False,0,False,0,0,False,False,none,14
train_ep_003622,train,False,False,True,3,True,1,4,True,True,speech_mention,14
train_ep_003623,train,False,False,False,0,True,1,1,True,True,persona_mention,14
train_ep_003624,train,False,False,False,0,False,0,0,False,False,none,7
train_ep_003625,train,False,False,False,0,False,0,0,False,False,none,7
train_ep_003626,train,False,False,False,0,False,0,0,False,False,none,14
train_ep_003627,train,False,False,False,0,False,0,0,False,False,none,14
train_ep_003628,train,False,False,False,0,False,0,0,False,False,none,14
train_ep_003629,train,False,False,False,0,False,0,0,False,False,none,14
train_ep_003630,train,True,True,True,1,True,2,11,True,True,direct_appearance,14
train_ep_003631,train,False,False,False,0,False,0,0,False,False,none,14
train_ep_003632,train,False,False,False,0,True,1,1,True,True,persona_mention,14
train_ep_003633,train,False,False,False,0,False,0,0,False,False,none,14
train_ep_003634,train,False,False,False,0,False,0,0,False,False,none,14
train_ep_003635,train,False,False,False,0,False,0,0,False,False,none,14
train_ep_003636,train,False,False,False,0,False,0,0,False,False,none,14
train_ep_003637,train,False,False,True,1,True,1,2,True,True,speech_mention,8
train_ep_003638,train,False,False,False,0,True,1,1,True,True,persona_mention,14
train_ep_003639,train,False,False,False,0,True,1,1,True,True,persona_mention,14
train_ep_003640,train,False,False,False,0,False,0,0,False,False,none,14
train_ep_003641,train,False,False,True,5,True,1,6,True,True,speech_mention,14
train_ep_003642,train,False,False,False,0,True,1,1,True,True,persona_mention,14
train_ep_003643,train,True,True,True,2,True,2,12,True,True,direct_appearance,7
train_ep_003644,train,False,False,False,0,False,0,0,False,False,none,4
train_ep_003645,train,False,False,True,1,True,1,2,True,True,speech_mention,14
train_ep_003646,train,False,False,False,0,False,0,0,False,False,none,14
train_ep_003647,train,False,False,False,0,False,0,0,False,False,none,12
train_ep_003648,train,False,False,False,0,True,2,2,True,True,persona_mention,14
train_ep_003649,train,False,False,True,1,True,1,2,True,True,speech_mention,9
train_ep_003650,train,False,False,False,0,False,0,0,False,False,none,14
train_ep_003651,train,False,False,False,0,False,0,0,False,False,none,14
train_ep_003652,train,False,False,False,0,False,0,0,False,False,none,14
train_ep_003653,train,False,False,True,5,True,2,7,True,True,speech_mention,14
train_ep_003654,train,False,False,True,2,False,0,2,True,True,speech_mention,14
train_ep_003655,train,False,False,True,8,False,0,5,True,True,speech_mention,14
train_ep_003656,train,False,False,False,0,False,0,0,False,False,none,14
train_ep_003657,train,False,False,False,0,False,0,0,False,False,none,14
train_ep_003658,train,False,False,True,1,False,0,1,True,False,speech_mention,14
train_ep_003659,train,False,False,False,0,False,0,0,False,False,none,14
train_ep_003660,train,False,False,False,0,False,0,0,False,False,none,14
train_ep_003661,train,False,False,False,0,False,0,0,False,False,none,14
train_ep_003662,train,False,False,False,0,False,0,0,False,False,none,14
train_ep_003663,train,False,False,False,0,False,0,0,False,False,none,14
train_ep_003664,train,False,False,False,0,False,0,0,False,False,none,14
train_ep_003665,train,False,False,False,0,True,1,1,True,True,persona_mention,5
train_ep_003666,train,False,False,True,1,True,1,2,True,True,speech_mention,8
train_ep_003667,train,False,False,True,5,False,0,5,True,True,speech_mention,14
train_ep_003668,train,False,False,False,0,False,0,0,False,False,none,14
train_ep_003669,train,False,False,False,0,False,0,0,False,False,none,14
train_ep_003670,train,False,False,False,0,False,0,0,False,False,none,14
train_ep_003671,train,False,False,False,0,False,0,0,False,False,none,14
train_ep_003672,train,False,False,False,0,False,0,0,False,False,none,14
train_ep_003673,train,False,False,False,0,True,1,1,True,True,persona_mention,14
train_ep_003674,train,False,False,True,2,True,2,4,True,True,speech_mention,14
train_ep_003675,train,False,False,True,5,True,1,6,True,True,speech_mention,14
train_ep_003676,train,False,False,False,0,False,0,0,False,False,none,14
train_ep_003677,train,False,False,False,0,False,0,0,False,False,none,14
train_ep_003678,train,False,False,False,0,True,1,1,True,True,persona_mention,14
train_ep_003679,train,False,False,False,0,False,0,0,False,False,none,14
train_ep_003680,train,False,False,False,0,False,0,0,False,False,none,8
train_ep_003681,train,False,False,False,0,True,1,1,True,True,persona_mention,14
train_ep_003682,train,False,False,False,0,False,0,0,False,False,none,14
train_ep_003683,train,False,False,False,0,False,0,0,False,False,none,14
train_ep_003684,train,False,False,False,0,False,0,0,False,False,none,14
train_ep_003685,train,False,False,False,0,True,1,1,True,True,persona_mention,11
train_ep_003686,train,False,False,True,6,True,2,7,True,True,speech_mention,14
train_ep_003687,train,False,False,False,0,False,0,0,False,False,none,14
train_ep_003688,train,False,False,False,0,True,1,1,True,True,persona_mention,14
train_ep_003689,train,False,False,False,0,False,0,0,False,False,none,14
train_ep_003690,train,False,False,True,4,True,1,5,True,True,speech_mention,14
train_ep_003691,train,False,False,False,0,True,1,1,True,True,persona_mention,14
train_ep_003692,train,False,False,False,0,False,0,0,False,False,none,14
train_ep_003693,train,False,False,False,0,False,0,0,False,False,none,14
train_ep_003694,train,True,True,True,6,True,1,14,True,True,direct_appearance,14
train_ep_003695,train,False,False,False,0,False,0,0,False,False,none,14
train_ep_003696,train,False,False,True,6,True,1,6,True,True,speech_mention,14
train_ep_003697,train,False,False,False,0,True,1,1,True,True,persona_mention,14
train_ep_003698,train,False,False,False,0,False,0,0,False,False,none,14
train_ep_003699,train,True,True,True,1,True,1,10,True,True,direct_appearance,14
train_ep_003700,train,False,False,False,0,True,1,1,True,True,persona_mention,11
train_ep_003701,train,False,False,False,0,False,0,0,False,False,none,14
train_ep_003702,train,False,False,True,1,True,1,2,True,True,speech_mention,12
train_ep_003703,train,False,False,False,0,False,0,0,False,False,none,14
train_ep_003704,train,False,False,False,0,False,0,0,False,False,none,14
train_ep_003705,train,False,False,False,0,False,0,0,False,False,none,14
train_ep_003706,train,True,True,True,1,True,1,10,True,True,direct_appearance,14
train_ep_003707,train,False,False,False,0,False,0,0,False,False,none,14
train_ep_003708,train,False,False,False,0,True,2,2,True,True,persona_mention,14
train_ep_003709,train,True,True,True,1,True,1,10,True,True,direct_appearance,14
train_ep_003710,train,False,False,False,0,False,0,0,False,False,none,14
train_ep_003711,train,False,False,False,0,False,0,0,False,False,none,3
train_ep_003712,train,False,False,True,2,False,0,2,True,True,speech_mention,14
train_ep_003713,train,False,False,False,0,False,0,0,False,False,none,14
train_ep_003714,train,False,False,False,0,False,0,0,False,False,none,14
train_ep_003715,train,False,False,True,2,True,1,3,True,True,speech_mention,14
train_ep_003716,train,False,False,False,0,False,0,0,False,False,none,14
train_ep_003717,train,False,False,False,0,False,0,0,False,False,none,14
train_ep_003718,train,True,True,True,3,True,1,12,True,True,direct_appearance,14
train_ep_003719,train,False,False,True,1,True,1,2,True,True,speech_mention,14
train_ep_003720,train,False,False,False,0,False,0,0,False,False,none,14
train_ep_003721,train,False,False,False,0,False,0,0,False,False,none,14
train_ep_003722,train,False,False,False,0,True,2,2,True,True,persona_mention,3
train_ep_003723,train,True,True,True,1,True,1,10,True,True,direct_appearance,14
train_ep_003724,train,False,False,False,0,False,0,0,False,False,none,14
train_ep_003725,train,False,False,False,0,False,0,0,False,False,none,14
train_ep_003726,train,False,False,True,2,True,1,3,True,True,speech_mention,14
train_ep_003727,train,False,False,False,0,False,0,0,False,False,none,14
train_ep_003728,train,False,False,True,3,False,0,3,True,True,speech_mention,14
train_ep_003729,train,False,False,False,0,False,0,0,False,False,none,14
train_ep_003730,train,False,False,True,3,True,1,4,True,True,speech_mention,14
train_ep_003731,train,False,False,False,0,True,1,1,True,True,persona_mention,14
train_ep_003732,train,False,False,False,0,True,1,1,True,True,persona_mention,14
train_ep_003733,train,False,False,False,0,True,1,1,True,True,persona_mention,14
train_ep_003734,train,False,False,False,0,False,0,0,False,False,none,14
train_ep_003735,train,False,False,False,0,True,1,1,True,True,persona_mention,7
train_ep_003736,train,False,False,False,0,False,0,0,False,False,none,14
train_ep_003737,train,False,False,False,0,False,0,0,False,False,none,14
train_ep_003738,train,True,True,True,2,True,1,11,True,True,direct_appearance,14
train_ep_003739,train,False,False,True,8,False,0,5,True,True,speech_mention,14
train_ep_003740,train,False,False,True,1,True,2,3,True,True,speech_mention,14
train_ep_003741,train,False,False,True,3,True,1,4,True,True,speech_mention,14
train_ep_003742,train,False,False,True,1,False,0,1,True,False,speech_mention,14
train_ep_003743,train,False,False,True,3,True,2,5,True,True,speech_mention,14
train_ep_003744,train,False,False,True,5,True,1,6,True,True,speech_mention,14
train_ep_003745,train,False,False,False,0,False,0,0,False,False,none,14
train_ep_003746,train,False,False,False,0,False,0,0,False,False,none,14
train_ep_003747,train,False,False,True,3,True,2,5,True,True,speech_mention,14
train_ep_003748,train,False,False,False,0,False,0,0,False,False,none,14
train_ep_003749,train,False,False,True,1,True,1,2,True,True,speech_mention,14
train_ep_003750,train,False,False,False,0,False,0,0,False,False,none,14
train_ep_003751,train,False,False,True,1,True,2,3,True,True,speech_mention,14
train_ep_003752,train,False,False,False,0,False,0,0,False,False,none,14
train_ep_003753,train,False,False,False,0,True,1,1,True,True,persona_mention,14
train_ep_003754,train,False,False,False,0,False,0,0,False,False,none,14
train_ep_003755,train,False,False,False,0,False,0,0,False,False,none,14
train_ep_003756,train,False,False,True,3,False,0,3,True,True,speech_mention,14
train_ep_003757,train,False,False,False,0,False,0,0,False,False,none,14
train_ep_003758,train,True,True,True,1,True,3,12,True,True,direct_appearance,14
train_ep_003759,train,False,False,False,0,False,0,0,False,False,none,14
train_ep_003760,train,False,False,False,0,False,0,0,False,False,none,14
train_ep_003761,train,False,False,False,0,False,0,0,False,False,none,14
train_ep_003762,train,False,False,True,4,True,1,5,True,True,speech_mention,14
train_ep_003763,train,False,False,False,0,False,0,0,False,False,none,14
train_ep_003764,train,False,False,False,0,False,0,0,False,False,none,14
train_ep_003765,train,False,False,False,0,False,0,0,False,False,none,3
train_ep_003766,train,False,False,True,1,True,1,2,True,True,speech_mention,14
train_ep_003767,train,False,False,False,0,False,0,0,False,False,none,14
train_ep_003768,train,False,False,False,0,False,0,0,False,False,none,14
train_ep_003769,train,False,False,True,1,True,1,2,True,True,speech_mention,14
train_ep_003770,train,False,False,False,0,True,1,1,True,True,persona_mention,14
train_ep_003771,train,False,False,False,0,False,0,0,False,False,none,14
train_ep_003772,train,False,False,True,3,False,0,3,True,True,speech_mention,14
train_ep_003773,train,False,False,False,0,True,1,1,True,True,persona_mention,14
train_ep_003774,train,False,False,False,0,False,0,0,False,False,none,14
train_ep_003775,train,False,False,False,0,False,0,0,False,False,none,14
train_ep_003776,train,False,False,False,0,False,0,0,False,False,none,14
train_ep_003777,train,False,False,False,0,False,0,0,False,False,none,14
train_ep_003778,train,False,False,True,1,True,1,2,True,True,speech_mention,14
train_ep_003779,train,False,False,False,0,False,0,0,False,False,none,14
train_ep_003780,train,False,False,False,0,False,0,0,False,False,none,14
train_ep_003781,train,False,False,False,0,False,0,0,False,False,none,14
train_ep_003782,train,False,False,True,2,True,1,3,True,True,speech_mention,14
train_ep_003783,train,False,False,False,0,False,0,0,False,False,none,14
train_ep_003784,train,False,False,True,1,False,0,1,True,False,speech_mention,14
train_ep_003785,train,False,False,False,0,False,0,0,False,False,none,14
train_ep_003786,train,False,False,False,0,False,0,0,False,False,none,14
train_ep_003787,train,False,False,False,0,False,0,0,False,False,none,14
train_ep_003788,train,False,False,False,0,False,0,0,False,False,none,14
train_ep_003789,train,False,False,True,2,False,0,2,True,True,speech_mention,14
train_ep_003790,train,False,False,False,0,False,0,0,False,False,none,14
train_ep_003791,train,False,False,False,0,False,0,0,False,False,none,14
train_ep_003792,train,False,False,False,0,False,0,0,False,False,none,14
train_ep_003793,train,False,False,False,0,False,0,0,False,False,none,14
train_ep_003794,train,False,False,False,0,False,0,0,False,False,none,14
train_ep_003795,train,False,False,True,2,False,0,2,True,True,speech_mention,14
train_ep_003796,train,False,False,False,0,False,0,0,False,False,none,14
train_ep_003797,train,False,False,False,0,False,0,0,False,False,none,14
train_ep_003798,train,False,False,False,0,False,0,0,False,False,none,14
train_ep_003799,train,False,False,False,0,False,0,0,False,False,none,14
train_ep_003800,train,False,False,False,0,False,0,0,False,False,none,14
train_ep_003801,train,False,False,False,0,False,0,0,False,False,none,14
train_ep_003802,train,True,True,False,0,False,0,8,True,True,direct_appearance,14
train_ep_003803,train,False,False,True,2,True,1,3,True,True,speech_mention,14
train_ep_003804,train,False,False,True,1,True,1,2,True,True,speech_mention,14
train_ep_003805,train,True,True,True,4,True,1,13,True,True,direct_appearance,14
train_ep_003806,train,False,False,False,0,True,1,1,True,True,persona_mention,14
train_ep_003807,train,True,True,True,1,True,1,10,True,True,direct_appearance,14
train_ep_003808,train,False,False,False,0,False,0,0,False,False,none,14
train_ep_003809,train,False,False,False,0,False,0,0,False,False,none,14
train_ep_003810,train,False,False,False,0,False,0,0,False,False,none,14
train_ep_003811,train,False,False,False,0,False,0,0,False,False,none,14
train_ep_003812,train,False,False,False,0,False,0,0,False,False,none,9
train_ep_003813,train,False,False,False,0,True,2,2,True,True,persona_mention,6
train_ep_003814,train,False,False,False,0,False,0,0,False,False,none,10
train_ep_003815,train,False,False,False,0,False,0,0,False,False,none,14
train_ep_003816,train,False,False,False,0,False,0,0,False,False,none,14
train_ep_003817,train,False,False,False,0,False,0,0,False,False,none,14
train_ep_003818,train,False,False,False,0,False,0,0,False,False,none,14
train_ep_003819,train,False,False,False,0,False,0,0,False,False,none,14
train_ep_003820,train,False,False,False,0,False,0,0,False,False,none,11
train_ep_003821,train,False,False,False,0,False,0,0,False,False,none,11
train_ep_003822,train,False,False,False,0,False,0,0,False,False,none,14
train_ep_003823,train,False,False,True,3,False,0,3,True,True,speech_mention,14
train_ep_003824,train,False,False,False,0,False,0,0,False,False,none,14
train_ep_003825,train,False,False,False,0,True,1,1,True,True,persona_mention,14
train_ep_003826,train,False,False,False,0,True,1,1,True,True,persona_mention,14
train_ep_003827,train,False,False,False,0,False,0,0,False,False,none,14
train_ep_003828,train,False,False,True,1,False,0,1,True,False,speech_mention,14
train_ep_003829,train,False,False,False,0,False,0,0,False,False,none,14
train_ep_003830,train,True,True,True,1,True,4,12,True,True,direct_appearance,14
train_ep_003831,train,False,False,True,1,True,2,3,True,True,speech_mention,14
train_ep_003832,train,True,True,True,5,True,3,16,True,True,direct_appearance,14
train_ep_003833,train,False,False,False,0,True,1,1,True,True,persona_mention,14
train_ep_003834,train,False,False,False,0,False,0,0,False,False,none,14
train_ep_003835,train,False,False,False,0,True,1,1,True,True,persona_mention,14
train_ep_003836,train,False,False,False,0,False,0,0,False,False,none,14
train_ep_003837,train,False,False,False,0,False,0,0,False,False,none,14
train_ep_003838,train,False,False,True,2,True,2,4,True,True,speech_mention,14
train_ep_003839,train,False,False,False,0,False,0,0,False,False,none,14
train_ep_003840,train,False,False,False,0,False,0,0,False,False,none,14
train_ep_003841,train,False,False,False,0,True,1,1,True,True,persona_mention,14
train_ep_003842,train,False,False,False,0,False,0,0,False,False,none,14
train_ep_003843,train,True,True,True,3,False,0,11,True,True,direct_appearance,14
train_ep_003844,train,False,False,False,0,False,0,0,False,False,none,14
train_ep_003845,train,False,False,True,3,True,5,6,True,True,speech_mention,14
train_ep_003846,train,True,True,True,2,False,0,10,True,True,direct_appearance,14
train_ep_003847,train,False,False,False,0,False,0,0,False,False,none,14
train_ep_003848,train,False,False,True,1,True,1,2,True,True,speech_mention,14
train_ep_003849,train,False,False,False,0,False,0,0,False,False,none,14
train_ep_003850,train,False,False,False,0,False,0,0,False,False,none,14
train_ep_003851,train,False,False,False,0,False,0,0,False,False,none,14
train_ep_003852,train,True,True,True,3,False,0,11,True,True,direct_appearance,14
train_ep_003853,train,False,False,False,0,False,0,0,False,False,none,14
train_ep_003854,train,False,False,False,0,False,0,0,False,False,none,14
train_ep_003855,train,False,False,False,0,False,0,0,False,False,none,14
train_ep_003856,train,False,False,False,0,False,0,0,False,False,none,14
train_ep_003857,train,False,False,True,2,True,1,3,True,True,speech_mention,14
train_ep_003858,train,False,False,True,1,True,1,2,True,True,speech_mention,14
train_ep_003859,train,True,True,True,2,True,3,13,True,True,direct_appearance,14
train_ep_003860,train,True,True,True,5,True,1,14,True,True,direct_appearance,14
train_ep_003861,train,False,False,False,0,False,0,0,False,False,none,14
train_ep_003862,train,False,False,False,0,False,0,0,False,False,none,14
train_ep_003863,train,False,False,False,0,False,0,0,False,False,none,14
train_ep_003864,train,False,False,True,3,True,1,4,True,True,speech_mention,14
train_ep_003865,train,False,False,False,0,False,0,0,False,False,none,14
train_ep_003866,train,False,False,False,0,False,0,0,False,False,none,14
train_ep_003867,train,False,False,False,0,False,0,0,False,False,none,14
train_ep_003868,train,False,False,False,0,False,0,0,False,False,none,14
train_ep_003869,train,False,False,False,0,False,0,0,False,False,none,14
train_ep_003870,train,False,False,True,4,True,2,6,True,True,speech_mention,14
train_ep_003871,train,True,True,True,1,False,0,9,True,True,direct_appearance,14
train_ep_003872,train,False,False,False,0,False,0,0,False,False,none,14
train_ep_003873,train,True,True,True,2,True,5,13,True,True,direct_appearance,14
train_ep_003874,train,False,False,False,0,False,0,0,False,False,none,4
train_ep_003875,train,False,False,True,2,True,1,3,True,True,speech_mention,14
train_ep_003876,train,False,False,True,1,False,0,1,True,False,speech_mention,14
train_ep_003877,train,False,False,False,0,False,0,0,False,False,none,14
train_ep_003878,train,False,False,True,1,True,2,3,True,True,speech_mention,13
train_ep_003879,train,False,False,True,2,True,1,3,True,True,speech_mention,8
train_ep_003880,train,True,True,True,1,True,3,12,True,True,direct_appearance,14
train_ep_003881,train,False,False,False,0,False,0,0,False,False,none,14
train_ep_003882,train,False,False,False,0,True,1,1,True,True,persona_mention,14
train_ep_003883,train,False,False,False,0,False,0,0,False,False,none,14
train_ep_003884,train,False,False,False,0,True,1,1,True,True,persona_mention,14
train_ep_003885,train,False,False,False,0,False,0,0,False,False,none,14
train_ep_003886,train,False,False,False,0,False,0,0,False,False,none,14
train_ep_003887,train,False,False,False,0,False,0,0,False,False,none,3
train_ep_003888,train,False,False,False,0,False,0,0,False,False,none,14
train_ep_003889,train,False,False,False,0,False,0,0,False,False,none,14
train_ep_003890,train,False,False,False,0,False,0,0,False,False,none,14
train_ep_003891,train,False,False,False,0,False,0,0,False,False,none,14
train_ep_003892,train,False,False,False,0,False,0,0,False,False,none,14
train_ep_003893,train,False,False,False,0,False,0,0,False,False,none,14
train_ep_003894,train,False,False,True,2,True,2,4,True,True,speech_mention,14
train_ep_003895,train,True,True,False,0,True,1,9,True,True,direct_appearance,2
train_ep_003896,train,False,False,False,0,False,0,0,False,False,none,14
train_ep_003897,train,False,False,False,0,False,0,0,False,False,none,14
train_ep_003898,train,False,False,False,0,False,0,0,False,False,none,14
train_ep_003899,train,False,False,False,0,False,0,0,False,False,none,14
train_ep_003900,train,False,False,False,0,False,0,0,False,False,none,14
train_ep_003901,train,True,True,True,1,True,3,12,True,True,direct_appearance,14
train_ep_003902,train,False,False,False,0,False,0,0,False,False,none,14
train_ep_003903,train,False,False,True,6,False,0,5,True,True,speech_mention,14
train_ep_003904,train,False,False,True,1,False,0,1,True,False,speech_mention,14
train_ep_003905,train,False,False,True,1,True,1,2,True,True,speech_mention,14
train_ep_003906,train,True,True,True,2,True,3,13,True,True,direct_appearance,14
train_ep_003907,train,False,False,True,3,False,0,3,True,True,speech_mention,14
train_ep_003908,train,False,False,True,1,True,1,2,True,True,speech_mention,14
train_ep_003909,train,False,False,False,0,True,1,1,True,True,persona_mention,14
train_ep_003910,train,False,False,True,4,False,0,4,True,True,speech_mention,14
train_ep_003911,train,False,False,False,0,True,1,1,True,True,persona_mention,2
train_ep_003912,train,False,False,False,0,False,0,0,False,False,none,14
train_ep_003913,train,False,False,True,1,False,0,1,True,False,speech_mention,14
train_ep_003914,train,True,True,True,3,True,3,14,True,True,direct_appearance,14
train_ep_003915,train,False,False,False,0,False,0,0,False,False,none,14
train_ep_003916,train,False,False,False,0,False,0,0,False,False,none,14
train_ep_003917,train,False,False,True,1,True,1,2,True,True,speech_mention,14
train_ep_003918,train,False,False,False,0,True,1,1,True,True,persona_mention,14
train_ep_003919,train,False,False,True,4,True,2,6,True,True,speech_mention,14
train_ep_003920,train,False,False,True,5,False,0,5,True,True,speech_mention,14
train_ep_003921,train,False,False,False,0,False,0,0,False,False,none,14
train_ep_003922,train,False,False,False,0,False,0,0,False,False,none,2
train_ep_003923,train,True,True,True,1,False,0,9,True,True,direct_appearance,7
train_ep_003924,train,False,False,False,0,False,0,0,False,False,none,14
train_ep_003925,train,False,False,False,0,False,0,0,False,False,none,14
train_ep_003926,train,False,False,False,0,False,0,0,False,False,none,14
train_ep_003927,train,False,False,False,0,False,0,0,False,False,none,14
train_ep_003928,train,False,False,False,0,False,0,0,False,False,none,14
train_ep_003929,train,False,False,False,0,False,0,0,False,False,none,14
train_ep_003930,train,False,False,False,0,False,0,0,False,False,none,14
train_ep_003931,train,True,True,True,1,True,3,12,True,True,direct_appearance,14
train_ep_003932,train,False,False,False,0,False,0,0,False,False,none,14
train_ep_003933,train,True,True,True,1,True,3,12,True,True,direct_appearance,14
train_ep_003934,train,False,False,False,0,False,0,0,False,False,none,3
train_ep_003935,train,False,False,False,0,False,0,0,False,False,none,14
train_ep_003936,train,False,False,False,0,True,2,2,True,True,persona_mention,14
train_ep_003937,train,False,False,False,0,False,0,0,False,False,none,14
train_ep_003938,train,False,False,False,0,False,0,0,False,False,none,14
train_ep_003939,train,False,False,False,0,False,0,0,False,False,none,14
train_ep_003940,train,False,False,False,0,False,0,0,False,False,none,14
train_ep_003941,train,False,False,False,0,False,0,0,False,False,none,14
train_ep_003942,train,False,False,False,0,True,1,1,True,True,persona_mention,14
train_ep_003943,train,False,False,True,3,False,0,3,True,True,speech_mention,14
train_ep_003944,train,False,False,False,0,False,0,0,False,False,none,2
train_ep_003945,train,True,True,True,1,True,1,10,True,True,direct_appearance,14
train_ep_003946,train,False,False,True,1,False,0,1,True,False,speech_mention,14
train_ep_003947,train,False,False,False,0,False,0,0,False,False,none,14
train_ep_003948,train,False,False,True,2,True,1,3,True,True,speech_mention,14
train_ep_003949,train,False,False,True,8,True,1,6,True,True,speech_mention,14
train_ep_003950,train,False,False,False,0,False,0,0,False,False,none,14
train_ep_003951,train,True,True,False,0,True,3,11,True,True,direct_appearance,14
train_ep_003952,train,False,False,False,0,True,1,1,True,True,persona_mention,14
train_ep_003953,train,False,False,False,0,False,0,0,False,False,none,14
train_ep_003954,train,False,False,False,0,False,0,0,False,False,none,14
train_ep_003955,train,False,False,True,1,True,1,2,True,True,speech_mention,14
train_ep_003956,train,False,False,True,5,True,1,6,True,True,speech_mention,14
train_ep_003957,train,False,False,False,0,False,0,0,False,False,none,14
train_ep_003958,train,False,False,False,0,False,0,0,False,False,none,14
train_ep_003959,train,False,False,False,0,False,0,0,False,False,none,14
train_ep_003960,train,False,False,False,0,False,0,0,False,False,none,14
train_ep_003961,train,False,False,False,0,False,0,0,False,False,none,14
train_ep_003962,train,False,False,False,0,False,0,0,False,False,none,14
train_ep_003963,train,False,False,False,0,False,0,0,False,False,none,14
train_ep_003964,train,False,False,True,6,True,2,7,True,True,speech_mention,14
train_ep_003965,train,False,False,True,6,True,1,6,True,True,speech_mention,14
train_ep_003966,train,False,False,False,0,False,0,0,False,False,none,14
train_ep_003967,train,False,False,False,0,False,0,0,False,False,none,14
train_ep_003968,train,False,False,False,0,False,0,0,False,False,none,14
train_ep_003969,train,False,False,False,0,False,0,0,False,False,none,14
train_ep_003970,train,False,False,False,0,False,0,0,False,False,none,14
train_ep_003971,train,False,False,False,0,True,1,1,True,True,persona_mention,14
train_ep_003972,train,False,False,False,0,True,1,1,True,True,persona_mention,14
train_ep_003973,train,False,False,False,0,False,0,0,False,False,none,14
train_ep_003974,train,False,False,True,10,True,2,7,True,True,speech_mention,14
train_ep_003975,train,False,False,False,0,True,1,1,True,True,persona_mention,14
train_ep_003976,train,False,False,False,0,False,0,0,False,False,none,14
train_ep_003977,train,False,False,False,0,False,0,0,False,False,none,7
train_ep_003978,train,False,False,False,0,False,0,0,False,False,none,14
train_ep_003979,train,False,False,False,0,False,0,0,False,False,none,14
train_ep_003980,train,False,False,True,1,False,0,1,True,False,speech_mention,10
train_ep_003981,train,False,False,False,0,False,0,0,False,False,none,14
train_ep_003982,train,False,False,False,0,False,0,0,False,False,none,14
train_ep_003983,train,False,False,False,0,False,0,0,False,False,none,14
train_ep_003984,train,False,False,False,0,True,1,1,True,True,persona_mention,3
train_ep_003985,train,False,False,True,1,True,1,2,True,True,speech_mention,14
train_ep_003986,train,False,False,False,0,False,0,0,False,False,none,14
train_ep_003987,train,False,False,False,0,False,0,0,False,False,none,14
train_ep_003988,train,False,False,False,0,False,0,0,False,False,none,14
train_ep_003989,train,False,False,False,0,False,0,0,False,False,none,9
train_ep_003990,train,False,False,False,0,False,0,0,False,False,none,14
train_ep_003991,train,False,False,False,0,False,0,0,False,False,none,14
train_ep_003992,train,False,False,True,2,True,1,3,True,True,speech_mention,14
train_ep_003993,train,False,False,True,1,False,0,1,True,False,speech_mention,14
train_ep_003994,train,False,False,False,0,True,1,1,True,True,persona_mention,14
train_ep_003995,train,False,False,False,0,False,0,0,False,False,none,14
train_ep_003996,train,False,False,True,2,False,0,2,True,True,speech_mention,14
train_ep_003997,train,False,False,True,1,False,0,1,True,False,speech_mention,14
train_ep_003998,train,False,False,True,4,True,2,6,True,True,speech_mention,14
train_ep_003999,train,False,False,False,0,False,0,0,False,False,none,14
train_ep_004000,train,False,False,True,3,True,1,4,True,True,speech_mention,6
train_ep_004001,train,False,False,False,0,False,0,0,False,False,none,8
train_ep_004002,train,False,False,False,0,False,0,0,False,False,none,14
train_ep_004003,train,False,False,False,0,False,0,0,False,False,none,14
train_ep_004004,train,False,False,False,0,False,0,0,False,False,none,14
train_ep_004005,train,False,False,True,1,True,1,2,True,True,speech_mention,14
train_ep_004006,train,False,False,True,2,True,1,3,True,True,speech_mention,14
train_ep_004007,train,False,False,False,0,False,0,0,False,False,none,14
train_ep_004008,train,False,False,True,3,False,0,3,True,True,speech_mention,14
train_ep_004009,train,False,False,True,2,False,0,2,True,True,speech_mention,14
train_ep_004010,train,False,False,False,0,False,0,0,False,False,none,14
train_ep_004011,train,False,False,False,0,False,0,0,False,False,none,14
train_ep_004012,train,False,False,False,0,False,0,0,False,False,none,14
train_ep_004013,train,False,False,False,0,False,0,0,False,False,none,14
train_ep_004014,train,False,False,False,0,True,1,1,True,True,persona_mention,14
train_ep_004015,train,False,False,False,0,True,1,1,True,True,persona_mention,14
train_ep_004016,train,False,False,True,2,True,1,3,True,True,speech_mention,14
train_ep_004017,train,False,False,True,5,False,0,5,True,True,speech_mention,14
train_ep_004018,train,False,False,False,0,False,0,0,False,False,none,14
train_ep_004019,train,False,False,True,2,False,0,2,True,True,speech_mention,14
train_ep_004020,train,False,False,False,0,False,0,0,False,False,none,9
train_ep_004021,train,False,False,False,0,False,0,0,False,False,none,5
train_ep_004022,train,False,False,True,1,False,0,1,True,False,speech_mention,4
train_ep_004023,train,False,False,True,2,True,2,4,True,True,speech_mention,4
train_ep_004024,train,False,False,True,1,False,0,1,True,False,speech_mention,14
train_ep_004025,train,False,False,False,0,False,0,0,False,False,none,14
train_ep_004026,train,False,False,False,0,False,0,0,False,False,none,14
train_ep_004027,train,False,False,False,0,False,0,0,False,False,none,14
train_ep_004028,train,True,True,True,1,True,3,12,True,True,direct_appearance,5
train_ep_004029,train,False,False,False,0,False,0,0,False,False,none,14
train_ep_004030,train,False,False,True,4,True,1,5,True,True,speech_mention,14
train_ep_004031,train,False,False,False,0,False,0,0,False,False,none,14
train_ep_004032,train,False,False,False,0,True,1,1,True,True,persona_mention,14
train_ep_004033,train,False,False,False,0,True,1,1,True,True,persona_mention,14
train_ep_004034,train,False,False,False,0,False,0,0,False,False,none,3
train_ep_004035,train,False,False,True,2,False,0,2,True,True,speech_mention,14
train_ep_004036,train,False,False,False,0,True,1,1,True,True,persona_mention,14
train_ep_004037,train,False,False,False,0,False,0,0,False,False,none,14
train_ep_004038,train,False,False,True,2,True,1,3,True,True,speech_mention,12
train_ep_004039,train,False,False,False,0,False,0,0,False,False,none,14
train_ep_004040,train,False,False,False,0,False,0,0,False,False,none,14
train_ep_004041,train,False,False,False,0,False,0,0,False,False,none,14
train_ep_004042,train,False,False,False,0,False,0,0,False,False,none,14
train_ep_004043,train,False,False,True,2,True,1,3,True,True,speech_mention,14
train_ep_004044,train,False,False,False,0,False,0,0,False,False,none,14
train_ep_004045,train,False,False,True,3,True,2,5,True,True,speech_mention,14
train_ep_004046,train,False,False,False,0,False,0,0,False,False,none,14
train_ep_004047,train,True,True,True,2,False,0,10,True,True,direct_appearance,14
train_ep_004048,train,True,True,True,4,True,1,13,True,True,direct_appearance,14
train_ep_004049,train,False,False,False,0,False,0,0,False,False,none,14
train_ep_004050,train,False,False,False,0,False,0,0,False,False,none,14
train_ep_004051,train,False,False,False,0,False,0,0,False,False,none,14
train_ep_004052,train,False,False,True,1,True,1,2,True,True,speech_mention,14
train_ep_004053,train,False,False,False,0,True,1,1,True,True,persona_mention,14
train_ep_004054,train,False,False,False,0,False,0,0,False,False,none,4
train_ep_004055,train,False,False,False,0,False,0,0,False,False,none,14
train_ep_004056,train,False,False,True,3,True,1,4,True,True,speech_mention,14
train_ep_004057,train,False,False,True,4,True,1,5,True,True,speech_mention,14
train_ep_004058,train,False,False,False,0,False,0,0,False,False,none,14
train_ep_004059,train,False,False,False,0,False,0,0,False,False,none,14
train_ep_004060,train,False,False,False,0,False,0,0,False,False,none,14
train_ep_004061,train,False,False,False,0,False,0,0,False,False,none,14
train_ep_004062,train,False,False,True,3,True,1,4,True,True,speech_mention,14
train_ep_004063,train,False,False,True,2,False,0,2,True,True,speech_mention,14
train_ep_004064,train,False,False,True,1,False,0,1,True,False,speech_mention,14
train_ep_004065,train,False,False,False,0,False,0,0,False,False,none,14
train_ep_004066,train,False,False,False,0,False,0,0,False,False,none,14
train_ep_004067,train,False,False,False,0,False,0,0,False,False,none,5
train_ep_004068,train,True,True,False,0,True,1,9,True,True,direct_appearance,14
train_ep_004069,train,False,False,False,0,False,0,0,False,False,none,14
train_ep_004070,train,False,False,False,0,True,1,1,True,True,persona_mention,14
train_ep_004071,train,False,False,True,3,True,1,4,True,True,speech_mention,14
train_ep_004072,train,False,False,False,0,False,0,0,False,False,none,14
train_ep_004073,train,False,False,True,1,True,1,2,True,True,speech_mention,14
train_ep_004074,train,False,False,False,0,False,0,0,False,False,none,14
train_ep_004075,train,False,False,False,0,False,0,0,False,False,none,14
train_ep_004076,train,False,False,False,0,False,0,0,False,False,none,14
train_ep_004077,train,False,False,False,0,False,0,0,False,False,none,14
train_ep_004078,train,False,False,True,1,False,0,1,True,False,speech_mention,14
train_ep_004079,train,False,False,False,0,True,2,2,True,True,persona_mention,14
train_ep_004080,train,True,True,True,4,True,1,13,True,True,direct_appearance,14
train_ep_004081,train,False,False,False,0,False,0,0,False,False,none,14
train_ep_004082,train,False,False,False,0,True,1,1,True,True,persona_mention,14
train_ep_004083,train,False,False,True,1,False,0,1,True,False,speech_mention,14
train_ep_004084,train,True,True,True,1,True,1,10,True,True,direct_appearance,14
train_ep_004085,train,False,False,False,0,False,0,0,False,False,none,14
train_ep_004086,train,False,False,False,0,False,0,0,False,False,none,14
train_ep_004087,train,False,False,False,0,False,0,0,False,False,none,14
train_ep_004088,train,False,False,False,0,False,0,0,False,False,none,8
train_ep_004089,train,False,False,False,0,False,0,0,False,False,none,14
train_ep_004090,train,False,False,False,0,False,0,0,False,False,none,14
train_ep_004091,train,False,False,False,0,True,1,1,True,True,persona_mention,14
train_ep_004092,train,False,False,False,0,False,0,0,False,False,none,14
train_ep_004093,train,False,False,False,0,False,0,0,False,False,none,14
train_ep_004094,train,False,False,False,0,False,0,0,False,False,none,14
train_ep_004095,train,False,False,False,0,True,1,1,True,True,persona_mention,14
train_ep_004096,train,False,False,False,0,False,0,0,False,False,none,14
train_ep_004097,train,False,False,False,0,False,0,0,False,False,none,14
train_ep_004098,train,True,True,True,1,True,1,10,True,True,direct_appearance,14
train_ep_004099,train,False,False,False,0,False,0,0,False,False,none,3
train_ep_004100,train,False,False,True,5,True,2,7,True,True,speech_mention,14
train_ep_004101,train,False,False,True,3,False,0,3,True,True,speech_mention,14
train_ep_004102,train,False,False,False,0,False,0,0,False,False,none,14
train_ep_004103,train,False,False,True,2,False,0,2,True,True,speech_mention,14
train_ep_004104,train,False,False,False,0,False,0,0,False,False,none,14
train_ep_004105,train,False,False,False,0,False,0,0,False,False,none,12
train_ep_004106,train,False,False,False,0,True,1,1,True,True,persona_mention,14
train_ep_004107,train,False,False,True,4,False,0,4,True,True,speech_mention,14
train_ep_004108,train,False,False,False,0,True,1,1,True,True,persona_mention,3
train_ep_004109,train,False,False,True,1,True,1,2,True,True,speech_mention,14
train_ep_004110,train,False,False,False,0,True,1,1,True,True,persona_mention,14
train_ep_004111,train,True,True,True,2,True,2,12,True,True,direct_appearance,14
train_ep_004112,train,False,False,False,0,False,0,0,False,False,none,14
train_ep_004113,train,False,False,False,0,False,0,0,False,False,none,14
train_ep_004114,train,False,False,False,0,False,0,0,False,False,none,14
train_ep_004115,train,False,False,False,0,False,0,0,False,False,none,14
train_ep_004116,train,False,False,False,0,False,0,0,False,False,none,14
train_ep_004117,train,False,False,True,2,True,1,3,True,True,speech_mention,14
train_ep_004118,train,False,False,False,0,False,0,0,False,False,none,14
train_ep_004119,train,False,False,True,2,True,1,3,True,True,speech_mention,14
train_ep_004120,train,True,True,False,0,True,1,9,True,True,direct_appearance,14
train_ep_004121,train,False,False,True,1,False,0,1,True,False,speech_mention,14
train_ep_004122,train,False,False,False,0,False,0,0,False,False,none,10
train_ep_004123,train,False,False,False,0,False,0,0,False,False,none,14
train_ep_004124,train,True,True,False,0,True,1,9,True,True,direct_appearance,14
train_ep_004125,train,False,False,False,0,False,0,0,False,False,none,14
train_ep_004126,train,False,False,False,0,False,0,0,False,False,none,14
train_ep_004127,train,False,False,False,0,False,0,0,False,False,none,14
train_ep_004128,train,False,False,False,0,False,0,0,False,False,none,7
train_ep_004129,train,False,False,False,0,False,0,0,False,False,none,14
train_ep_004130,train,False,False,True,1,False,0,1,True,False,speech_mention,13
train_ep_004131,train,False,False,False,0,False,0,0,False,False,none,14
train_ep_004132,train,False,False,False,0,False,0,0,False,False,none,14
train_ep_004133,train,False,False,False,0,False,0,0,False,False,none,7
train_ep_004134,train,False,False,True,1,True,2,3,True,True,speech_mention,8
train_ep_004135,train,False,False,True,1,False,0,1,True,False,speech_mention,14
train_ep_004136,train,False,False,True,3,True,1,4,True,True,speech_mention,14
train_ep_004137,train,False,False,False,0,True,1,1,True,True,persona_mention,14
train_ep_004138,train,False,False,False,0,True,1,1,True,True,persona_mention,14
train_ep_004139,train,False,False,False,0,False,0,0,False,False,none,14
train_ep_004140,train,False,False,False,0,False,0,0,False,False,none,14
train_ep_004141,train,False,False,False,0,False,0,0,False,False,none,14
train_ep_004142,train,False,False,False,0,False,0,0,False,False,none,2
train_ep_004143,train,False,False,False,0,False,0,0,False,False,none,14
train_ep_004144,train,False,False,True,1,False,0,1,True,False,speech_mention,10
train_ep_004145,train,True,True,True,1,True,2,11,True,True,direct_appearance,14
train_ep_004146,train,False,False,False,0,True,1,1,True,True,persona_mention,14
train_ep_004147,train,False,False,False,0,False,0,0,False,False,none,13
train_ep_004148,train,False,False,True,1,True,1,2,True,True,speech_mention,14
train_ep_004149,train,False,False,True,1,True,2,3,True,True,speech_mention,14
train_ep_004150,train,False,False,False,0,False,0,0,False,False,none,14
train_ep_004151,train,False,False,False,0,False,0,0,False,False,none,14
train_ep_004152,train,False,False,False,0,False,0,0,False,False,none,14
train_ep_004153,train,False,False,True,1,False,0,1,True,False,speech_mention,14
train_ep_004154,train,False,False,False,0,False,0,0,False,False,none,14
train_ep_004155,train,False,False,False,0,False,0,0,False,False,none,14
train_ep_004156,train,False,False,False,0,False,0,0,False,False,none,14
train_ep_004157,train,False,False,False,0,False,0,0,False,False,none,14
train_ep_004158,train,False,False,True,3,True,1,4,True,True,speech_mention,14
train_ep_004159,train,False,False,False,0,True,1,1,True,True,persona_mention,14
train_ep_004160,train,False,False,False,0,False,0,0,False,False,none,9
train_ep_004161,train,False,False,False,0,False,0,0,False,False,none,14
train_ep_004162,train,False,False,False,0,False,0,0,False,False,none,14
train_ep_004163,train,True,True,False,0,True,1,9,True,True,direct_appearance,14
train_ep_004164,train,False,False,False,0,False,0,0,False,False,none,14
train_ep_004165,train,False,False,True,2,True,1,3,True,True,speech_mention,14
train_ep_004166,train,False,False,False,0,True,1,1,True,True,persona_mention,14
train_ep_004167,train,False,False,False,0,False,0,0,False,False,none,14
train_ep_004168,train,False,False,False,0,False,0,0,False,False,none,14
train_ep_004169,train,False,False,False,0,True,1,1,True,True,persona_mention,3
train_ep_004170,train,False,False,False,0,True,1,1,True,True,persona_mention,3
train_ep_004171,train,False,False,False,0,True,1,1,True,True,persona_mention,3
train_ep_004172,train,False,False,False,0,False,0,0,False,False,none,14
train_ep_004173,train,False,False,False,0,True,1,1,True,True,persona_mention,14
train_ep_004174,train,False,False,False,0,False,0,0,False,False,none,3
train_ep_004175,train,False,False,True,1,False,0,1,True,False,speech_mention,14
train_ep_004176,train,False,False,False,0,False,0,0,False,False,none,14
train_ep_004177,train,False,False,False,0,False,0,0,False,False,none,14
train_ep_004178,train,False,False,False,0,False,0,0,False,False,none,14
train_ep_004179,train,False,False,False,0,False,0,0,False,False,none,14
train_ep_004180,train,False,False,False,0,False,0,0,False,False,none,14
train_ep_004181,train,False,False,False,0,False,0,0,False,False,none,14
train_ep_004182,train,False,False,False,0,False,0,0,False,False,none,14
train_ep_004183,train,False,False,False,0,False,0,0,False,False,none,14
train_ep_004184,train,False,False,True,2,False,0,2,True,True,speech_mention,14
train_ep_004185,train,False,False,False,0,False,0,0,False,False,none,14
train_ep_004186,train,False,False,False,0,False,0,0,False,False,none,14
train_ep_004187,train,False,False,False,0,True,1,1,True,True,persona_mention,14
train_ep_004188,train,False,False,True,1,False,0,1,True,False,speech_mention,14
train_ep_004189,train,False,False,False,0,False,0,0,False,False,none,14
train_ep_004190,train,True,True,False,0,True,1,9,True,True,direct_appearance,14
train_ep_004191,train,False,False,False,0,False,0,0,False,False,none,14
train_ep_004192,train,False,False,False,0,False,0,0,False,False,none,14
train_ep_004193,train,False,False,True,1,False,0,1,True,False,speech_mention,14
train_ep_004194,train,False,False,False,0,False,0,0,False,False,none,14
train_ep_004195,train,False,False,False,0,True,1,1,True,True,persona_mention,14
train_ep_004196,train,False,False,False,0,False,0,0,False,False,none,14
train_ep_004197,train,False,False,False,0,False,0,0,False,False,none,14
train_ep_004198,train,False,False,False,0,True,1,1,True,True,persona_mention,14
train_ep_004199,train,False,False,True,2,True,2,4,True,True,speech_mention,14
train_ep_004200,train,True,True,False,0,True,1,9,True,True,direct_appearance,14
train_ep_004201,train,False,False,False,0,False,0,0,False,False,none,14
train_ep_004202,train,True,True,True,2,True,1,11,True,True,direct_appearance,14
train_ep_004203,train,False,False,False,0,False,0,0,False,False,none,11
train_ep_004204,train,False,False,False,0,False,0,0,False,False,none,14
train_ep_004205,train,False,False,False,0,False,0,0,False,False,none,14
train_ep_004206,train,False,False,False,0,False,0,0,False,False,none,14
train_ep_004207,train,False,False,True,2,True,2,4,True,True,speech_mention,14
train_ep_004208,train,True,True,True,1,True,1,10,True,True,direct_appearance,14
train_ep_004209,train,False,False,False,0,False,0,0,False,False,none,14
train_ep_004210,train,False,False,False,0,False,0,0,False,False,none,14
train_ep_004211,train,False,False,False,0,False,0,0,False,False,none,14
train_ep_004212,train,False,False,False,0,False,0,0,False,False,none,14
train_ep_004213,train,False,False,False,0,True,1,1,True,True,persona_mention,14
train_ep_004214,train,False,False,False,0,False,0,0,False,False,none,11
train_ep_004215,train,False,False,False,0,False,0,0,False,False,none,14
train_ep_004216,train,False,False,False,0,False,0,0,False,False,none,14
train_ep_004217,train,False,False,False,0,False,0,0,False,False,none,14
train_ep_004218,train,False,False,False,0,True,1,1,True,True,persona_mention,8
train_ep_004219,train,False,False,False,0,False,0,0,False,False,none,14
train_ep_004220,train,False,False,False,0,False,0,0,False,False,none,11
train_ep_004221,train,False,False,False,0,False,0,0,False,False,none,14
train_ep_004222,train,False,False,False,0,False,0,0,False,False,none,14
train_ep_004223,train,False,False,False,0,False,0,0,False,False,none,14
train_ep_004224,train,False,False,False,0,False,0,0,False,False,none,14
train_ep_004225,train,False,False,False,0,False,0,0,False,False,none,2
train_ep_004226,train,False,False,False,0,True,1,1,True,True,persona_mention,14
train_ep_004227,train,False,False,True,1,True,1,2,True,True,speech_mention,14
train_ep_004228,train,True,True,False,0,True,1,9,True,True,direct_appearance,14
train_ep_004229,train,False,False,False,0,False,0,0,False,False,none,4
train_ep_004230,train,False,False,False,0,False,0,0,False,False,none,4
train_ep_004231,train,False,False,False,0,False,0,0,False,False,none,11
train_ep_004232,train,False,False,True,1,False,0,1,True,False,speech_mention,14
train_ep_004233,train,False,False,False,0,False,0,0,False,False,none,14
train_ep_004234,train,False,False,False,0,False,0,0,False,False,none,14
train_ep_004235,train,False,False,False,0,False,0,0,False,False,none,14
train_ep_004236,train,False,False,True,5,False,0,5,True,True,speech_mention,14
train_ep_004237,train,False,False,False,0,False,0,0,False,False,none,14
train_ep_004238,train,False,False,False,0,False,0,0,False,False,none,14
train_ep_004239,train,False,False,False,0,False,0,0,False,False,none,14
train_ep_004240,train,False,False,False,0,False,0,0,False,False,none,2
train_ep_004241,train,False,False,True,3,True,1,4,True,True,speech_mention,14
train_ep_004242,train,False,False,True,2,True,1,3,True,True,speech_mention,14
train_ep_004243,train,False,False,False,0,False,0,0,False,False,none,14
train_ep_004244,train,False,False,True,1,False,0,1,True,False,speech_mention,14
train_ep_004245,train,False,False,False,0,False,0,0,False,False,none,14
train_ep_004246,train,False,False,False,0,False,0,0,False,False,none,14
train_ep_004247,train,False,False,False,0,True,1,1,True,True,persona_mention,14
train_ep_004248,train,False,False,False,0,False,0,0,False,False,none,14
train_ep_004249,train,False,False,False,0,False,0,0,False,False,none,14
train_ep_004250,train,False,False,False,0,False,0,0,False,False,none,14
train_ep_004251,train,False,False,False,0,False,0,0,False,False,none,14
train_ep_004252,train,False,False,False,0,False,0,0,False,False,none,14
train_ep_004253,train,False,False,True,7,True,3,8,True,True,speech_mention,14
train_ep_004254,train,False,False,False,0,False,0,0,False,False,none,14
train_ep_004255,train,False,False,False,0,True,1,1,True,True,persona_mention,8
train_ep_004256,train,False,False,False,0,False,0,0,False,False,none,10
train_ep_004257,train,False,False,False,0,False,0,0,False,False,none,14
train_ep_004258,train,False,False,False,0,False,0,0,False,False,none,14
train_ep_004259,train,False,False,False,0,False,0,0,False,False,none,14
train_ep_004260,train,False,False,False,0,True,1,1,True,True,persona_mention,14
train_ep_004261,train,False,False,False,0,False,0,0,False,False,none,14
train_ep_004262,train,False,False,True,2,True,1,3,True,True,speech_mention,14
train_ep_004263,train,False,False,False,0,True,1,1,True,True,persona_mention,14
train_ep_004264,train,False,False,True,4,True,1,5,True,True,speech_mention,14
train_ep_004265,train,False,False,False,0,False,0,0,False,False,none,14
train_ep_004266,train,False,False,False,0,False,0,0,False,False,none,14
train_ep_004267,train,False,False,False,0,False,0,0,False,False,none,14
train_ep_004268,train,True,True,False,0,True,3,11,True,True,direct_appearance,14
train_ep_004269,train,False,False,False,0,False,0,0,False,False,none,14
train_ep_004270,train,False,False,False,0,False,0,0,False,False,none,14
train_ep_004271,train,False,False,True,1,False,0,1,True,False,speech_mention,14
train_ep_004272,train,False,False,True,3,True,1,4,True,True,speech_mention,9
train_ep_004273,train,False,False,False,0,False,0,0,False,False,none,8
train_ep_004274,train,False,False,True,2,True,2,4,True,True,speech_mention,14
train_ep_004275,train,True,True,True,3,True,3,14,True,True,direct_appearance,14
train_ep_004276,train,False,False,False,0,False,0,0,False,False,none,14
train_ep_004277,train,False,False,False,0,False,0,0,False,False,none,14
train_ep_004278,train,False,False,False,0,False,0,0,False,False,none,14
train_ep_004279,train,False,False,True,4,True,2,6,True,True,speech_mention,14
train_ep_004280,train,False,False,False,0,False,0,0,False,False,none,14
train_ep_004281,train,False,False,False,0,False,0,0,False,False,none,14
train_ep_004282,train,False,False,False,0,False,0,0,False,False,none,10
train_ep_004283,train,False,False,False,0,False,0,0,False,False,none,4
train_ep_004284,train,False,False,False,0,False,0,0,False,False,none,14
train_ep_004285,train,False,False,False,0,False,0,0,False,False,none,14
train_ep_004286,train,False,False,False,0,True,1,1,True,True,persona_mention,14
train_ep_004287,train,False,False,False,0,False,0,0,False,False,none,14
train_ep_004288,train,False,False,True,1,True,1,2,True,True,speech_mention,14
train_ep_004289,train,False,False,False,0,False,0,0,False,False,none,8
train_ep_004290,train,True,True,True,1,True,3,12,True,True,direct_appearance,14
train_ep_004291,train,False,False,False,0,False,0,0,False,False,none,14
train_ep_004292,train,False,False,False,0,False,0,0,False,False,none,14
train_ep_004293,train,False,False,False,0,False,0,0,False,False,none,14
train_ep_004294,train,False,False,False,0,False,0,0,False,False,none,14
train_ep_004295,train,True,True,True,2,True,3,13,True,True,direct_appearance,14
train_ep_004296,train,False,False,False,0,False,0,0,False,False,none,14
train_ep_004297,train,False,False,False,0,False,0,0,False,False,none,14
train_ep_004298,train,False,False,False,0,False,0,0,False,False,none,5
train_ep_004299,train,False,False,False,0,False,0,0,False,False,none,14
train_ep_004300,train,False,False,False,0,False,0,0,False,False,none,14
train_ep_004301,train,False,False,False,0,False,0,0,False,False,none,14
train_ep_004302,train,False,False,False,0,False,0,0,False,False,none,2
train_ep_004303,train,True,True,False,0,True,3,11,True,True,direct_appearance,14
train_ep_004304,train,False,False,False,0,False,0,0,False,False,none,14
train_ep_004305,train,True,True,True,2,True,1,11,True,True,direct_appearance,14
train_ep_004306,train,False,False,False,0,False,0,0,False,False,none,14
train_ep_004307,train,False,False,True,4,False,0,4,True,True,speech_mention,14
train_ep_004308,train,False,False,False,0,False,0,0,False,False,none,14
train_ep_004309,train,False,False,True,1,True,1,2,True,True,speech_mention,14
train_ep_004310,train,False,False,False,0,False,0,0,False,False,none,14
train_ep_004311,train,False,False,False,0,False,0,0,False,False,none,14
train_ep_004312,train,False,False,True,2,False,0,2,True,True,speech_mention,14
train_ep_004313,train,False,False,False,0,False,0,0,False,False,none,7
train_ep_004314,train,False,False,True,2,False,0,2,True,True,speech_mention,14
train_ep_004315,train,False,False,False,0,False,0,0,False,False,none,14
train_ep_004316,train,False,False,False,0,False,0,0,False,False,none,14
train_ep_004317,train,False,False,False,0,False,0,0,False,False,none,14
train_ep_004318,train,False,False,False,0,False,0,0,False,False,none,14
train_ep_004319,train,False,False,False,0,False,0,0,False,False,none,14
train_ep_004320,train,True,True,False,0,True,3,11,True,True,direct_appearance,14
train_ep_004321,train,False,False,False,0,False,0,0,False,False,none,14
train_ep_004322,train,False,False,False,0,False,0,0,False,False,none,14
train_ep_004323,train,False,False,False,0,False,0,0,False,False,none,8
train_ep_004324,train,False,False,False,0,False,0,0,False,False,none,14
train_ep_004325,train,False,False,False,0,False,0,0,False,False,none,14
train_ep_004326,train,False,False,False,0,True,1,1,True,True,persona_mention,14
train_ep_004327,train,False,False,True,2,True,1,3,True,True,speech_mention,14
train_ep_004328,train,False,False,False,0,False,0,0,False,False,none,14
train_ep_004329,train,False,False,True,4,True,1,5,True,True,speech_mention,14
train_ep_004330,train,False,False,False,0,False,0,0,False,False,none,14
train_ep_004331,train,False,False,False,0,False,0,0,False,False,none,2
train_ep_004332,train,True,True,True,1,True,1,10,True,True,direct_appearance,14
train_ep_004333,train,False,False,False,0,False,0,0,False,False,none,14
train_ep_004334,train,True,True,True,2,True,3,13,True,True,direct_appearance,14
train_ep_004335,train,False,False,True,1,False,0,1,True,False,speech_mention,14
train_ep_004336,train,False,False,False,0,True,1,1,True,True,persona_mention,14
train_ep_004337,train,False,False,True,9,False,0,5,True,True,speech_mention,14
train_ep_004338,train,False,False,True,2,False,0,2,True,True,speech_mention,14
train_ep_004339,train,False,False,True,7,True,2,7,True,True,speech_mention,14
train_ep_004340,train,False,False,False,0,False,0,0,False,False,none,14
train_ep_004341,train,True,True,False,0,True,3,11,True,True,direct_appearance,14
train_ep_004342,train,False,False,True,1,True,1,2,True,True,speech_mention,14
train_ep_004343,train,False,False,True,2,False,0,2,True,True,speech_mention,14
train_ep_004344,train,False,False,True,1,True,1,2,True,True,speech_mention,14
train_ep_004345,train,False,False,False,0,False,0,0,False,False,none,14
train_ep_004346,train,False,False,False,0,False,0,0,False,False,none,14
train_ep_004347,train,False,False,False,0,False,0,0,False,False,none,14
train_ep_004348,train,False,False,False,0,False,0,0,False,False,none,14
train_ep_004349,train,False,False,False,0,False,0,0,False,False,none,14
train_ep_004350,train,False,False,False,0,False,0,0,False,False,none,14
train_ep_004351,train,False,False,False,0,False,0,0,False,False,none,14
train_ep_004352,train,False,False,True,6,True,2,7,True,True,speech_mention,14
train_ep_004353,train,False,False,False,0,True,2,2,True,True,persona_mention,14
train_ep_004354,train,False,False,False,0,False,0,0,False,False,none,14
train_ep_004355,train,False,False,False,0,False,0,0,False,False,none,14
train_ep_004356,train,False,False,False,0,True,1,1,True,True,persona_mention,14
train_ep_004357,train,False,False,False,0,False,0,0,False,False,none,14
train_ep_004358,train,False,False,False,0,True,1,1,True,True,persona_mention,2
train_ep_004359,train,False,False,False,0,False,0,0,False,False,none,14
train_ep_004360,train,False,False,False,0,False,0,0,False,False,none,14
train_ep_004361,train,True,True,True,1,False,0,9,True,True,direct_appearance,14
train_ep_004362,train,True,True,True,5,True,4,16,True,True,direct_appearance,14
train_ep_004363,train,False,False,False,0,False,0,0,False,False,none,14
train_ep_004364,train,False,False,False,0,False,0,0,False,False,none,14
train_ep_004365,train,False,False,True,1,True,1,2,True,True,speech_mention,14
train_ep_004366,train,False,False,True,6,True,2,7,True,True,speech_mention,14
train_ep_004367,train,False,False,False,0,False,0,0,False,False,none,14
train_ep_004368,train,False,False,False,0,True,1,1,True,True,persona_mention,14
train_ep_004369,train,False,False,True,2,True,2,4,True,True,speech_mention,14
train_ep_004370,train,False,False,False,0,False,0,0,False,False,none,14
train_ep_004371,train,False,False,True,6,True,1,6,True,True,speech_mention,14
train_ep_004372,train,False,False,False,0,False,0,0,False,False,none,14
train_ep_004373,train,False,False,True,1,False,0,1,True,False,speech_mention,14
train_ep_004374,train,False,False,False,0,True,1,1,True,True,persona_mention,14
train_ep_004375,train,True,True,False,0,False,0,8,True,True,direct_appearance,14
train_ep_004376,train,False,False,False,0,False,0,0,False,False,none,14
train_ep_004377,train,False,False,True,8,True,3,8,True,True,speech_mention,14
train_ep_004378,train,False,False,False,0,False,0,0,False,False,none,12
train_ep_004379,train,False,False,False,0,False,0,0,False,False,none,14
train_ep_004380,train,True,True,True,4,False,0,12,True,True,direct_appearance,14
train_ep_004381,train,False,False,False,0,False,0,0,False,False,none,14
train_ep_004382,train,False,False,False,0,False,0,0,False,False,none,14
train_ep_004383,train,False,False,False,0,False,0,0,False,False,none,14
train_ep_004384,train,False,False,False,0,False,0,0,False,False,none,14
train_ep_004385,train,False,False,False,0,False,0,0,False,False,none,14
train_ep_004386,train,False,False,False,0,False,0,0,False,False,none,14
train_ep_004387,train,False,False,False,0,False,0,0,False,False,none,14
train_ep_004388,train,False,False,True,1,False,0,1,True,False,speech_mention,14
train_ep_004389,train,False,False,False,0,False,0,0,False,False,none,14
train_ep_004390,train,False,False,False,0,True,1,1,True,True,persona_mention,14
train_ep_004391,train,False,False,False,0,False,0,0,False,False,none,14
train_ep_004392,train,False,False,False,0,False,0,0,False,False,none,14
train_ep_004393,train,False,False,False,0,False,0,0,False,False,none,14
train_ep_004394,train,True,True,False,0,True,1,9,True,True,direct_appearance,14
train_ep_004395,train,False,False,False,0,False,0,0,False,False,none,14
train_ep_004396,train,False,False,False,0,False,0,0,False,False,none,14
train_ep_004397,train,False,False,False,0,False,0,0,False,False,none,14
train_ep_004398,train,False,False,True,2,True,2,4,True,True,speech_mention,14
train_ep_004399,train,False,False,False,0,False,0,0,False,False,none,14
train_ep_004400,train,False,False,False,0,False,0,0,False,False,none,14
train_ep_004401,train,False,False,False,0,False,0,0,False,False,none,14
train_ep_004402,train,False,False,False,0,False,0,0,False,False,none,14
train_ep_004403,train,False,False,False,0,False,0,0,False,False,none,14
train_ep_004404,train,False,False,True,1,True,1,2,True,True,speech_mention,2
train_ep_004405,train,False,False,True,1,True,2,3,True,True,speech_mention,14
train_ep_004406,train,False,False,False,0,False,0,0,False,False,none,14
train_ep_004407,train,True,True,True,1,True,3,12,True,True,direct_appearance,14
train_ep_004408,train,False,False,False,0,False,0,0,False,False,none,14
train_ep_004409,train,False,False,False,0,False,0,0,False,False,none,14
train_ep_004410,train,False,False,True,1,False,0,1,True,False,speech_mention,14
train_ep_004411,train,False,False,True,1,False,0,1,True,False,speech_mention,14
train_ep_004412,train,False,False,False,0,False,0,0,False,False,none,14
train_ep_004413,train,False,False,False,0,False,0,0,False,False,none,14
train_ep_004414,train,True,True,True,1,True,1,10,True,True,direct_appearance,10
train_ep_004415,train,True,True,True,7,True,3,16,True,True,direct_appearance,14
train_ep_004416,train,False,False,False,0,False,0,0,False,False,none,14
train_ep_004417,train,False,False,False,0,False,0,0,False,False,none,14
train_ep_004418,train,False,False,False,0,False,0,0,False,False,none,3
train_ep_004419,train,False,False,False,0,False,0,0,False,False,none,14
train_ep_004420,train,False,False,False,0,False,0,0,False,False,none,14
train_ep_004421,train,True,True,True,1,True,1,10,True,True,direct_appearance,14
train_ep_004422,train,False,False,False,0,False,0,0,False,False,none,14
train_ep_004423,train,False,False,False,0,False,0,0,False,False,none,14
train_ep_004424,train,False,False,False,0,False,0,0,False,False,none,14
train_ep_004425,train,False,False,False,0,False,0,0,False,False,none,14
train_ep_004426,train,False,False,False,0,False,0,0,False,False,none,14
train_ep_004427,train,False,False,True,2,True,1,3,True,True,speech_mention,14
train_ep_004428,train,False,False,False,0,False,0,0,False,False,none,14
train_ep_004429,train,False,False,False,0,False,0,0,False,False,none,14
train_ep_004430,train,False,False,False,0,False,0,0,False,False,none,14
train_ep_004431,train,False,False,False,0,False,0,0,False,False,none,14
train_ep_004432,train,False,False,True,1,True,3,4,True,True,speech_mention,14
train_ep_004433,train,False,False,False,0,False,0,0,False,False,none,14
train_ep_004434,train,True,True,True,2,True,1,11,True,True,direct_appearance,14
train_ep_004435,train,False,False,False,0,False,0,0,False,False,none,14
train_ep_004436,train,True,True,True,4,True,3,15,True,True,direct_appearance,14
train_ep_004437,train,False,False,False,0,False,0,0,False,False,none,14
train_ep_004438,train,False,False,False,0,True,1,1,True,True,persona_mention,14
train_ep_004439,train,False,False,False,0,False,0,0,False,False,none,3
train_ep_004440,train,False,False,False,0,False,0,0,False,False,none,14
train_ep_004441,train,False,False,True,3,False,0,3,True,True,speech_mention,14
train_ep_004442,train,False,False,False,0,False,0,0,False,False,none,2
train_ep_004443,train,False,False,False,0,False,0,0,False,False,none,14
train_ep_004444,train,False,False,True,1,False,0,1,True,False,speech_mention,14
train_ep_004445,train,False,False,True,4,True,1,5,True,True,speech_mention,14
train_ep_004446,train,False,False,False,0,False,0,0,False,False,none,14
train_ep_004447,train,False,False,False,0,False,0,0,False,False,none,14
train_ep_004448,train,False,False,False,0,False,0,0,False,False,none,14
train_ep_004449,train,False,False,False,0,False,0,0,False,False,none,3
train_ep_004450,train,False,False,True,1,True,1,2,True,True,speech_mention,14
train_ep_004451,train,False,False,False,0,False,0,0,False,False,none,14
train_ep_004452,train,False,False,False,0,False,0,0,False,False,none,14
train_ep_004453,train,False,False,True,5,False,0,5,True,True,speech_mention,14
train_ep_004454,train,False,False,True,3,False,0,3,True,True,speech_mention,14
train_ep_004455,train,False,False,True,1,True,1,2,True,True,speech_mention,14
train_ep_004456,train,False,False,False,0,False,0,0,False,False,none,14
train_ep_004457,train,True,True,True,1,True,4,12,True,True,direct_appearance,14
train_ep_004458,train,False,False,False,0,False,0,0,False,False,none,9
train_ep_004459,train,False,False,False,0,True,1,1,True,True,persona_mention,14
train_ep_004460,train,False,False,False,0,True,1,1,True,True,persona_mention,8
train_ep_004461,train,False,False,False,0,False,0,0,False,False,none,14
train_ep_004462,train,False,False,True,1,False,0,1,True,False,speech_mention,14
train_ep_004463,train,False,False,False,0,False,0,0,False,False,none,14
train_ep_004464,train,False,False,False,0,False,0,0,False,False,none,14
train_ep_004465,train,True,True,False,0,False,0,8,True,True,direct_appearance,14
train_ep_004466,train,False,False,False,0,True,1,1,True,True,persona_mention,14
train_ep_004467,train,False,False,True,4,False,0,4,True,True,speech_mention,14
train_ep_004468,train,False,False,False,0,False,0,0,False,False,none,14
train_ep_004469,train,False,False,False,0,False,0,0,False,False,none,14
train_ep_004470,train,False,False,False,0,False,0,0,False,False,none,14
train_ep_004471,train,False,False,False,0,False,0,0,False,False,none,14
train_ep_004472,train,False,False,False,0,True,1,1,True,True,persona_mention,14
train_ep_004473,train,False,False,True,2,False,0,2,True,True,speech_mention,14
train_ep_004474,train,False,False,False,0,True,1,1,True,True,persona_mention,14
train_ep_004475,train,True,True,False,0,True,3,11,True,True,direct_appearance,14
train_ep_004476,train,False,False,False,0,True,1,1,True,True,persona_mention,14
train_ep_004477,train,False,False,False,0,False,0,0,False,False,none,14
train_ep_004478,train,False,False,False,0,False,0,0,False,False,none,5
train_ep_004479,train,False,False,False,0,False,0,0,False,False,none,14
train_ep_004480,train,False,False,False,0,False,0,0,False,False,none,14
train_ep_004481,train,False,False,True,4,False,0,4,True,True,speech_mention,14
train_ep_004482,train,False,False,False,0,False,0,0,False,False,none,14
train_ep_004483,train,False,False,False,0,False,0,0,False,False,none,14
train_ep_004484,train,False,False,True,3,False,0,3,True,True,speech_mention,14
train_ep_004485,train,True,True,True,1,True,1,10,True,True,direct_appearance,14
train_ep_004486,train,False,False,False,0,False,0,0,False,False,none,14
train_ep_004487,train,False,False,False,0,False,0,0,False,False,none,14
train_ep_004488,train,False,False,False,0,False,0,0,False,False,none,14
train_ep_004489,train,False,False,True,2,True,1,3,True,True,speech_mention,14
train_ep_004490,train,False,False,False,0,False,0,0,False,False,none,14
train_ep_004491,train,False,False,False,0,False,0,0,False,False,none,14
train_ep_004492,train,True,True,True,1,True,1,10,True,True,direct_appearance,14
train_ep_004493,train,False,False,False,0,True,1,1,True,True,persona_mention,14
train_ep_004494,train,False,False,False,0,False,0,0,False,False,none,14
train_ep_004495,train,False,False,True,1,True,1,2,True,True,speech_mention,14
train_ep_004496,train,False,False,False,0,False,0,0,False,False,none,14
train_ep_004497,train,False,False,True,5,True,1,6,True,True,speech_mention,14
train_ep_004498,train,False,False,False,0,False,0,0,False,False,none,14
train_ep_004499,train,False,False,True,1,True,1,2,True,True,speech_mention,14
train_ep_004500,train,False,False,False,0,False,0,0,False,False,none,14
train_ep_004501,train,False,False,False,0,False,0,0,False,False,none,14
train_ep_004502,train,False,False,True,1,False,0,1,True,False,speech_mention,14
train_ep_004503,train,False,False,False,0,True,1,1,True,True,persona_mention,14
train_ep_004504,train,False,False,False,0,False,0,0,False,False,none,14
train_ep_004505,train,False,False,True,8,True,2,7,True,True,speech_mention,14
train_ep_004506,train,False,False,False,0,False,0,0,False,False,none,14
train_ep_004507,train,False,False,False,0,False,0,0,False,False,none,10
train_ep_004508,train,True,True,False,0,True,3,11,True,True,direct_appearance,8
train_ep_004509,train,False,False,False,0,False,0,0,False,False,none,14
train_ep_004510,train,False,False,False,0,False,0,0,False,False,none,14
train_ep_004511,train,False,False,False,0,False,0,0,False,False,none,7
train_ep_004512,train,False,False,False,0,False,0,0,False,False,none,14
train_ep_004513,train,False,False,True,1,True,1,2,True,True,speech_mention,14
train_ep_004514,train,False,False,False,0,False,0,0,False,False,none,3
train_ep_004515,train,False,False,False,0,True,2,2,True,True,persona_mention,14
train_ep_004516,train,False,False,False,0,False,0,0,False,False,none,14
train_ep_004517,train,False,False,False,0,True,1,1,True,True,persona_mention,14
train_ep_004518,train,False,False,False,0,False,0,0,False,False,none,14
train_ep_004519,train,False,False,True,1,False,0,1,True,False,speech_mention,14
train_ep_004520,train,False,False,True,3,True,2,5,True,True,speech_mention,14
train_ep_004521,train,False,False,False,0,False,0,0,False,False,none,14
train_ep_004522,train,False,False,True,3,True,1,4,True,True,speech_mention,14
train_ep_004523,train,False,False,False,0,False,0,0,False,False,none,14
train_ep_004524,train,False,False,True,2,False,0,2,True,True,speech_mention,14
train_ep_004525,train,False,False,True,1,False,0,1,True,False,speech_mention,14
train_ep_004526,train,False,False,False,0,True,1,1,True,True,persona_mention,4
train_ep_004527,train,False,False,False,0,False,0,0,False,False,none,14
train_ep_004528,train,False,False,True,3,True,2,5,True,True,speech_mention,14
train_ep_004529,train,False,False,True,3,True,1,4,True,True,speech_mention,7
train_ep_004530,train,False,False,False,0,False,0,0,False,False,none,14
train_ep_004531,train,False,False,False,0,False,0,0,False,False,none,14
train_ep_004532,train,False,False,False,0,False,0,0,False,False,none,13
train_ep_004533,train,False,False,False,0,True,1,1,True,True,persona_mention,14
train_ep_004534,train,False,False,True,2,True,1,3,True,True,speech_mention,14
train_ep_004535,train,False,False,True,1,False,0,1,True,False,speech_mention,14
train_ep_004536,train,False,False,False,0,False,0,0,False,False,none,14
train_ep_004537,train,False,False,False,0,True,1,1,True,True,persona_mention,14
train_ep_004538,train,False,False,False,0,False,0,0,False,False,none,14
train_ep_004539,train,True,True,True,1,True,1,10,True,True,direct_appearance,14
train_ep_004540,train,False,False,False,0,False,0,0,False,False,none,14
train_ep_004541,train,False,False,True,3,False,0,3,True,True,speech_mention,14
train_ep_004542,train,False,False,False,0,False,0,0,False,False,none,14
train_ep_004543,train,False,False,False,0,True,2,2,True,True,persona_mention,14
train_ep_004544,train,False,False,False,0,False,0,0,False,False,none,14
train_ep_004545,train,False,False,False,0,False,0,0,False,False,none,14
train_ep_004546,train,False,False,False,0,False,0,0,False,False,none,14
train_ep_004547,train,False,False,True,1,False,0,1,True,False,speech_mention,14
train_ep_004548,train,False,False,False,0,False,0,0,False,False,none,14
train_ep_004549,train,False,False,False,0,True,1,1,True,True,persona_mention,14
train_ep_004550,train,False,False,False,0,True,1,1,True,True,persona_mention,5
train_ep_004551,train,False,False,True,1,True,1,2,True,True,speech_mention,14
train_ep_004552,train,False,False,False,0,False,0,0,False,False,none,14
train_ep_004553,train,False,False,False,0,True,1,1,True,True,persona_mention,14
train_ep_004554,train,False,False,False,0,False,0,0,False,False,none,14
train_ep_004555,train,False,False,True,1,True,1,2,True,True,speech_mention,14
train_ep_004556,train,False,False,True,1,False,0,1,True,False,speech_mention,5
train_ep_004557,train,True,True,False,0,True,1,9,True,True,direct_appearance,13
train_ep_004558,train,False,False,True,6,False,0,5,True,True,speech_mention,14
train_ep_004559,train,False,False,False,0,False,0,0,False,False,none,14
train_ep_004560,train,False,False,True,2,True,1,3,True,True,speech_mention,14
train_ep_004561,train,False,False,True,5,True,1,6,True,True,speech_mention,14
train_ep_004562,train,False,False,True,1,True,1,2,True,True,speech_mention,14
train_ep_004563,train,False,False,True,1,False,0,1,True,False,speech_mention,14
train_ep_004564,train,False,False,True,3,True,1,4,True,True,speech_mention,14
train_ep_004565,train,False,False,False,0,False,0,0,False,False,none,3
train_ep_004566,train,True,True,True,1,True,3,12,True,True,direct_appearance,14
train_ep_004567,train,False,False,False,0,False,0,0,False,False,none,14
train_ep_004568,train,True,True,True,1,True,2,11,True,True,direct_appearance,14
train_ep_004569,train,False,False,False,0,False,0,0,False,False,none,14
train_ep_004570,train,False,False,True,1,False,0,1,True,False,speech_mention,14
train_ep_004571,train,False,False,False,0,True,1,1,True,True,persona_mention,14
train_ep_004572,train,False,False,False,0,False,0,0,False,False,none,14
train_ep_004573,train,False,False,True,1,True,2,3,True,True,speech_mention,14
train_ep_004574,train,False,False,True,5,True,1,6,True,True,speech_mention,14
train_ep_004575,train,False,False,False,0,False,0,0,False,False,none,14
train_ep_004576,train,False,False,True,1,True,2,3,True,True,speech_mention,14
train_ep_004577,train,False,False,False,0,True,1,1,True,True,persona_mention,14
train_ep_004578,train,True,True,True,6,True,3,16,True,True,direct_appearance,14
train_ep_004579,train,False,False,False,0,False,0,0,False,False,none,14
train_ep_004580,train,False,False,False,0,False,0,0,False,False,none,14
train_ep_004581,train,False,False,False,0,False,0,0,False,False,none,14
train_ep_004582,train,False,False,False,0,False,0,0,False,False,none,14
train_ep_004583,train,False,False,False,0,False,0,0,False,False,none,14
train_ep_004584,train,True,True,True,2,True,1,11,True,True,direct_appearance,9
train_ep_004585,train,False,False,False,0,False,0,0,False,False,none,9
train_ep_004586,train,False,False,True,1,False,0,1,True,False,speech_mention,14
train_ep_004587,train,False,False,False,0,True,1,1,True,True,persona_mention,14
train_ep_004588,train,False,False,False,0,True,1,1,True,True,persona_mention,3
train_ep_004589,train,False,False,False,0,False,0,0,False,False,none,14
train_ep_004590,train,False,False,False,0,False,0,0,False,False,none,14
train_ep_004591,train,False,False,False,0,False,0,0,False,False,none,5
train_ep_004592,train,False,False,False,0,True,1,1,True,True,persona_mention,14
train_ep_004593,train,False,False,False,0,False,0,0,False,False,none,14
train_ep_004594,train,False,False,False,0,False,0,0,False,False,none,14
train_ep_004595,train,False,False,False,0,False,0,0,False,False,none,14
train_ep_004596,train,False,False,False,0,False,0,0,False,False,none,14
train_ep_004597,train,False,False,True,3,True,1,4,True,True,speech_mention,14
train_ep_004598,train,False,False,True,4,False,0,4,True,True,speech_mention,14
train_ep_004599,train,False,False,False,0,False,0,0,False,False,none,14
train_ep_004600,train,False,False,False,0,True,1,1,True,True,persona_mention,14
train_ep_004601,train,True,True,False,0,True,1,9,True,True,direct_appearance,14
train_ep_004602,train,False,False,False,0,True,1,1,True,True,persona_mention,14
train_ep_004603,train,False,False,False,0,True,1,1,True,True,persona_mention,14
train_ep_004604,train,False,False,False,0,False,0,0,False,False,none,14
train_ep_004605,train,False,False,False,0,False,0,0,False,False,none,14
train_ep_004606,train,False,False,True,1,False,0,1,True,False,speech_mention,14
train_ep_004607,train,False,False,True,6,True,1,6,True,True,speech_mention,14
train_ep_004608,train,True,True,False,0,True,1,9,True,True,direct_appearance,14
train_ep_004609,train,False,False,False,0,False,0,0,False,False,none,14
train_ep_004610,train,False,False,True,1,False,0,1,True,False,speech_mention,14
train_ep_004611,train,False,False,False,0,False,0,0,False,False,none,14
train_ep_004612,train,False,False,False,0,False,0,0,False,False,none,14
train_ep_004613,train,False,False,True,5,True,2,7,True,True,speech_mention,14
train_ep_004614,train,False,False,False,0,False,0,0,False,False,none,12
train_ep_004615,train,True,True,False,0,True,2,10,True,True,direct_appearance,14
train_ep_004616,train,False,False,True,1,False,0,1,True,False,speech_mention,14
train_ep_004617,train,True,True,True,1,True,1,10,True,True,direct_appearance,5
train_ep_004618,train,False,False,False,0,False,0,0,False,False,none,14
train_ep_004619,train,False,False,False,0,False,0,0,False,False,none,14
train_ep_004620,train,False,False,False,0,False,0,0,False,False,none,14
train_ep_004621,train,False,False,False,0,False,0,0,False,False,none,14
train_ep_004622,train,False,False,False,0,False,0,0,False,False,none,14
train_ep_004623,train,False,False,True,1,False,0,1,True,False,speech_mention,14
train_ep_004624,train,False,False,True,1,False,0,1,True,False,speech_mention,6
train_ep_004625,train,False,False,True,2,False,0,2,True,True,speech_mention,14
train_ep_004626,train,False,False,False,0,False,0,0,False,False,none,14
train_ep_004627,train,False,False,True,1,True,1,2,True,True,speech_mention,14
train_ep_004628,train,False,False,False,0,False,0,0,False,False,none,14
train_ep_004629,train,False,False,False,0,False,0,0,False,False,none,14
train_ep_004630,train,False,False,True,1,False,0,1,True,False,speech_mention,14
train_ep_004631,train,False,False,True,1,True,1,2,True,True,speech_mention,7
train_ep_004632,train,False,False,False,0,False,0,0,False,False,none,3
train_ep_004633,train,False,False,False,0,False,0,0,False,False,none,14
train_ep_004634,train,False,False,False,0,False,0,0,False,False,none,14
train_ep_004635,train,False,False,True,1,False,0,1,True,False,speech_mention,14
train_ep_004636,train,False,False,True,9,True,3,8,True,True,speech_mention,14
train_ep_004637,train,True,True,True,3,True,2,13,True,True,direct_appearance,14
train_ep_004638,train,False,False,False,0,False,0,0,False,False,none,14
train_ep_004639,train,False,False,False,0,False,0,0,False,False,none,14
train_ep_004640,train,False,False,False,0,False,0,0,False,False,none,10
train_ep_004641,train,False,False,False,0,False,0,0,False,False,none,14
train_ep_004642,train,False,False,False,0,False,0,0,False,False,none,14
train_ep_004643,train,False,False,False,0,False,0,0,False,False,none,6
train_ep_004644,train,False,False,False,0,False,0,0,False,False,none,14
train_ep_004645,train,False,False,False,0,False,0,0,False,False,none,14
train_ep_004646,train,False,False,False,0,False,0,0,False,False,none,14
train_ep_004647,train,False,False,True,2,True,3,5,True,True,speech_mention,6
train_ep_004648,train,False,False,True,3,False,0,3,True,True,speech_mention,14
train_ep_004649,train,False,False,False,0,False,0,0,False,False,none,14
train_ep_004650,train,False,False,False,0,False,0,0,False,False,none,14
train_ep_004651,train,False,False,False,0,False,0,0,False,False,none,14
train_ep_004652,train,True,True,False,0,True,1,9,True,True,direct_appearance,14
train_ep_004653,train,False,False,True,7,False,0,5,True,True,speech_mention,14
train_ep_004654,train,False,False,False,0,False,0,0,False,False,none,4
train_ep_004655,train,False,False,True,1,False,0,1,True,False,speech_mention,14
train_ep_004656,train,False,False,True,2,False,0,2,True,True,speech_mention,14
train_ep_004657,train,False,False,False,0,False,0,0,False,False,none,14
train_ep_004658,train,False,False,True,6,False,0,5,True,True,speech_mention,14
train_ep_004659,train,False,False,False,0,True,1,1,True,True,persona_mention,14
train_ep_004660,train,False,False,False,0,False,0,0,False,False,none,14
train_ep_004661,train,False,False,False,0,False,0,0,False,False,none,10
train_ep_004662,train,False,False,True,2,False,0,2,True,True,speech_mention,14
train_ep_004663,train,False,False,False,0,False,0,0,False,False,none,14
train_ep_004664,train,False,False,False,0,False,0,0,False,False,none,5
train_ep_004665,train,False,False,True,2,True,1,3,True,True,speech_mention,5
train_ep_004666,train,False,False,False,0,True,1,1,True,True,persona_mention,14
train_ep_004667,train,False,False,False,0,False,0,0,False,False,none,2
train_ep_004668,train,False,False,False,0,False,0,0,False,False,none,14
train_ep_004669,train,False,False,False,0,False,0,0,False,False,none,14
train_ep_004670,train,False,False,False,0,False,0,0,False,False,none,8
train_ep_004671,train,False,False,False,0,False,0,0,False,False,none,7
train_ep_004672,train,False,False,False,0,False,0,0,False,False,none,14
train_ep_004673,train,False,False,False,0,False,0,0,False,False,none,14
train_ep_004674,train,False,False,True,2,True,2,4,True,True,speech_mention,14
train_ep_004675,train,False,False,False,0,False,0,0,False,False,none,14
train_ep_004676,train,False,False,False,0,False,0,0,False,False,none,14
train_ep_004677,train,False,False,False,0,False,0,0,False,False,none,14
train_ep_004678,train,False,False,False,0,False,0,0,False,False,none,14
train_ep_004679,train,False,False,False,0,True,1,1,True,True,persona_mention,14
train_ep_004680,train,False,False,True,3,True,1,4,True,True,speech_mention,14
train_ep_004681,train,False,False,False,0,False,0,0,False,False,none,14
train_ep_004682,train,False,False,False,0,False,0,0,False,False,none,14
train_ep_004683,train,False,False,False,0,False,0,0,False,False,none,14
train_ep_004684,train,False,False,False,0,False,0,0,False,False,none,6
train_ep_004685,train,False,False,False,0,False,0,0,False,False,none,7
train_ep_004686,train,True,True,False,0,True,1,9,True,True,direct_appearance,14
train_ep_004687,train,False,False,False,0,True,1,1,True,True,persona_mention,13
train_ep_004688,train,True,True,True,3,True,1,12,True,True,direct_appearance,14
train_ep_004689,train,False,False,True,2,False,0,2,True,True,speech_mention,14
train_ep_004690,train,False,False,True,1,False,0,1,True,False,speech_mention,14
train_ep_004691,train,False,False,True,1,True,1,2,True,True,speech_mention,14
train_ep_004692,train,False,False,False,0,False,0,0,False,False,none,14
train_ep_004693,train,False,False,True,1,True,1,2,True,True,speech_mention,6
train_ep_004694,train,False,False,True,1,False,0,1,True,False,speech_mention,14
train_ep_004695,train,False,False,True,2,True,1,3,True,True,speech_mention,14
train_ep_004696,train,False,False,True,1,True,1,2,True,True,speech_mention,14
train_ep_004697,train,False,False,False,0,False,0,0,False,False,none,10
train_ep_004698,train,False,False,True,1,True,2,3,True,True,speech_mention,14
train_ep_004699,train,False,False,False,0,False,0,0,False,False,none,14
train_ep_004700,train,False,False,False,0,True,1,1,True,True,persona_mention,14
train_ep_004701,train,False,False,False,0,False,0,0,False,False,none,14
train_ep_004702,train,False,False,False,0,False,0,0,False,False,none,14
train_ep_004703,train,False,False,False,0,False,0,0,False,False,none,14
train_ep_004704,train,False,False,False,0,False,0,0,False,False,none,14
train_ep_004705,train,False,False,False,0,False,0,0,False,False,none,14
train_ep_004706,train,False,False,False,0,False,0,0,False,False,none,14
train_ep_004707,train,False,False,False,0,False,0,0,False,False,none,14
train_ep_004708,train,False,False,False,0,False,0,0,False,False,none,13
train_ep_004709,train,False,False,False,0,True,2,2,True,True,persona_mention,6
train_ep_004710,train,False,False,True,1,False,0,1,True,False,speech_mention,14
train_ep_004711,train,False,False,False,0,False,0,0,False,False,none,3
train_ep_004712,train,False,False,False,0,False,0,0,False,False,none,14
train_ep_004713,train,False,False,False,0,False,0,0,False,False,none,14
train_ep_004714,train,False,False,False,0,False,0,0,False,False,none,14
train_ep_004715,train,False,False,False,0,True,1,1,True,True,persona_mention,8
train_ep_004716,train,False,False,True,1,True,2,3,True,True,speech_mention,14
train_ep_004717,train,False,False,False,0,False,0,0,False,False,none,14
train_ep_004718,train,False,False,False,0,False,0,0,False,False,none,14
train_ep_004719,train,False,False,False,0,False,0,0,False,False,none,14
train_ep_004720,train,False,False,True,3,True,2,5,True,True,speech_mention,14
train_ep_004721,train,False,False,False,0,False,0,0,False,False,none,12
train_ep_004722,train,True,True,True,1,False,0,9,True,True,direct_appearance,14
train_ep_004723,train,False,False,True,6,False,0,5,True,True,speech_mention,14
train_ep_004724,train,False,False,False,0,False,0,0,False,False,none,14
train_ep_004725,train,False,False,False,0,False,0,0,False,False,none,14
train_ep_004726,train,False,False,False,0,True,1,1,True,True,persona_mention,14
train_ep_004727,train,False,False,False,0,False,0,0,False,False,none,14
train_ep_004728,train,False,False,True,6,True,2,7,True,True,speech_mention,14
train_ep_004729,train,False,False,False,0,False,0,0,False,False,none,14
train_ep_004730,train,False,False,False,0,False,0,0,False,False,none,14
train_ep_004731,train,False,False,False,0,True,1,1,True,True,persona_mention,14
train_ep_004732,train,False,False,False,0,False,0,0,False,False,none,3
train_ep_004733,train,False,False,False,0,False,0,0,False,False,none,14
train_ep_004734,train,False,False,False,0,False,0,0,False,False,none,14
train_ep_004735,train,False,False,False,0,False,0,0,False,False,none,14
train_ep_004736,train,False,False,False,0,False,0,0,False,False,none,14
train_ep_004737,train,False,False,False,0,False,0,0,False,False,none,14
train_ep_004738,train,False,False,False,0,False,0,0,False,False,none,14
train_ep_004739,train,False,False,False,0,False,0,0,False,False,none,2
train_ep_004740,train,False,False,True,4,True,2,6,True,True,speech_mention,8
train_ep_004741,train,True,True,False,0,True,3,11,True,True,direct_appearance,5
train_ep_004742,train,False,False,False,0,False,0,0,False,False,none,2
train_ep_004743,train,False,False,False,0,False,0,0,False,False,none,14
train_ep_004744,train,False,False,False,0,False,0,0,False,False,none,14
train_ep_004745,train,False,False,False,0,False,0,0,False,False,none,14
train_ep_004746,train,False,False,False,0,False,0,0,False,False,none,14
train_ep_004747,train,False,False,True,1,False,0,1,True,False,speech_mention,14
train_ep_004748,train,False,False,True,1,False,0,1,True,False,speech_mention,14
train_ep_004749,train,False,False,False,0,True,2,2,True,True,persona_mention,14
train_ep_004750,train,False,False,False,0,False,0,0,False,False,none,6
train_ep_004751,train,False,False,False,0,True,1,1,True,True,persona_mention,10
train_ep_004752,train,False,False,True,1,False,0,1,True,False,speech_mention,14
train_ep_004753,train,False,False,True,2,True,1,3,True,True,speech_mention,14
train_ep_004754,train,False,False,False,0,False,0,0,False,False,none,14
train_ep_004755,train,False,False,False,0,False,0,0,False,False,none,14
train_ep_004756,train,False,False,False,0,False,0,0,False,False,none,14
train_ep_004757,train,False,False,True,3,True,1,4,True,True,speech_mention,14
train_ep_004758,train,False,False,False,0,False,0,0,False,False,none,14
train_ep_004759,train,False,False,False,0,True,1,1,True,True,persona_mention,14
train_ep_004760,train,False,False,False,0,False,0,0,False,False,none,2
train_ep_004761,train,False,False,False,0,True,1,1,True,True,persona_mention,14
train_ep_004762,train,False,False,True,1,False,0,1,True,False,speech_mention,14
train_ep_004763,train,False,False,True,2,False,0,2,True,True,speech_mention,4
train_ep_004764,train,False,False,False,0,True,1,1,True,True,persona_mention,14
train_ep_004765,train,False,False,False,0,False,0,0,False,False,none,14
train_ep_004766,train,False,False,False,0,False,0,0,False,False,none,5
train_ep_004767,train,False,False,False,0,False,0,0,False,False,none,14
train_ep_004768,train,False,False,False,0,False,0,0,False,False,none,14
train_ep_004769,train,False,False,False,0,False,0,0,False,False,none,14
train_ep_004770,train,False,False,False,0,False,0,0,False,False,none,14
train_ep_004771,train,True,True,True,1,True,3,12,True,True,direct_appearance,14
train_ep_004772,train,False,False,False,0,False,0,0,False,False,none,14
train_ep_004773,train,False,False,False,0,False,0,0,False,False,none,14
train_ep_004774,train,True,True,True,1,True,3,12,True,True,direct_appearance,14
train_ep_004775,train,False,False,False,0,False,0,0,False,False,none,14
train_ep_004776,train,False,False,False,0,False,0,0,False,False,none,14
train_ep_004777,train,False,False,False,0,False,0,0,False,False,none,14
train_ep_004778,train,False,False,False,0,False,0,0,False,False,none,14
train_ep_004779,train,False,False,False,0,False,0,0,False,False,none,14
train_ep_004780,train,False,False,False,0,False,0,0,False,False,none,14
train_ep_004781,train,False,False,False,0,False,0,0,False,False,none,14
train_ep_004782,train,False,False,False,0,False,0,0,False,False,none,14
train_ep_004783,train,True,True,True,3,True,1,12,True,True,direct_appearance,14
train_ep_004784,train,False,False,False,0,False,0,0,False,False,none,14
train_ep_004785,train,False,False,False,0,False,0,0,False,False,none,5
train_ep_004786,train,False,False,False,0,False,0,0,False,False,none,14
train_ep_004787,train,False,False,True,1,True,1,2,True,True,speech_mention,4
train_ep_004788,train,False,False,False,0,False,0,0,False,False,none,14
train_ep_004789,train,False,False,True,6,False,0,5,True,True,speech_mention,14
train_ep_004790,train,False,False,True,1,False,0,1,True,False,speech_mention,14
train_ep_004791,train,False,False,True,1,True,1,2,True,True,speech_mention,12
train_ep_004792,train,False,False,False,0,False,0,0,False,False,none,14
train_ep_004793,train,False,False,True,1,False,0,1,True,False,speech_mention,14
train_ep_004794,train,False,False,False,0,False,0,0,False,False,none,14
train_ep_004795,train,False,False,True,5,True,1,6,True,True,speech_mention,14
train_ep_004796,train,False,False,False,0,True,1,1,True,True,persona_mention,14
train_ep_004797,train,False,False,False,0,False,0,0,False,False,none,14
train_ep_004798,train,False,False,False,0,False,0,0,False,False,none,4
train_ep_004799,train,False,False,False,0,False,0,0,False,False,none,2
train_ep_004800,train,False,False,False,0,False,0,0,False,False,none,14
train_ep_004801,train,False,False,False,0,False,0,0,False,False,none,14
train_ep_004802,train,False,False,False,0,False,0,0,False,False,none,14
train_ep_004803,train,False,False,True,1,False,0,1,True,False,speech_mention,14
train_ep_004804,train,False,False,False,0,True,2,2,True,True,persona_mention,14
train_ep_004805,train,False,False,False,0,False,0,0,False,False,none,14
train_ep_004806,train,False,False,True,1,False,0,1,True,False,speech_mention,14
train_ep_004807,train,False,False,False,0,False,0,0,False,False,none,14
train_ep_004808,train,False,False,False,0,False,0,0,False,False,none,14
train_ep_004809,train,False,False,True,1,False,0,1,True,False,speech_mention,14
train_ep_004810,train,False,False,False,0,False,0,0,False,False,none,14
train_ep_004811,train,False,False,False,0,False,0,0,False,False,none,2
train_ep_004812,train,False,False,True,1,True,3,4,True,True,speech_mention,14
train_ep_004813,train,False,False,False,0,False,0,0,False,False,none,14
train_ep_004814,train,False,False,False,0,False,0,0,False,False,none,14
train_ep_004815,train,False,False,False,0,True,1,1,True,True,persona_mention,14
train_ep_004816,train,False,False,True,1,True,3,4,True,True,speech_mention,14
train_ep_004817,train,False,False,True,2,True,1,3,True,True,speech_mention,14
train_ep_004818,train,False,False,False,0,False,0,0,False,False,none,14
train_ep_004819,train,False,False,True,1,False,0,1,True,False,speech_mention,14
train_ep_004820,train,False,False,False,0,False,0,0,False,False,none,14
train_ep_004821,train,False,False,True,2,True,1,3,True,True,speech_mention,14
train_ep_004822,train,False,False,True,1,True,1,2,True,True,speech_mention,14
train_ep_004823,train,False,False,False,0,False,0,0,False,False,none,14
train_ep_004824,train,False,False,False,0,False,0,0,False,False,none,14
train_ep_004825,train,False,False,False,0,False,0,0,False,False,none,3
train_ep_004826,train,False,False,False,0,True,3,3,True,True,persona_mention,14
train_ep_004827,train,False,False,True,2,True,1,3,True,True,speech_mention,14
train_ep_004828,train,False,False,False,0,False,0,0,False,False,none,14
train_ep_004829,train,False,False,False,0,False,0,0,False,False,none,14
train_ep_004830,train,False,False,True,1,True,2,3,True,True,speech_mention,14
train_ep_004831,train,False,False,False,0,True,1,1,True,True,persona_mention,14
train_ep_004832,train,False,False,False,0,False,0,0,False,False,none,14
train_ep_004833,train,False,False,False,0,False,0,0,False,False,none,14
train_ep_004834,train,False,False,False,0,False,0,0,False,False,none,14
train_ep_004835,train,False,False,False,0,False,0,0,False,False,none,14
train_ep_004836,train,False,False,False,0,True,1,1,True,True,persona_mention,14
train_ep_004837,train,False,False,True,3,True,1,4,True,True,speech_mention,14
train_ep_004838,train,False,False,True,1,True,1,2,True,True,speech_mention,14
train_ep_004839,train,False,False,True,4,False,0,4,True,True,speech_mention,14
train_ep_004840,train,False,False,False,0,False,0,0,False,False,none,14
train_ep_004841,train,False,False,True,1,True,1,2,True,True,speech_mention,14
train_ep_004842,train,False,False,False,0,True,1,1,True,True,persona_mention,14
train_ep_004843,train,False,False,False,0,False,0,0,False,False,none,14
train_ep_004844,train,False,False,False,0,False,0,0,False,False,none,14
train_ep_004845,train,True,True,False,0,True,1,9,True,True,direct_appearance,14
train_ep_004846,train,False,False,False,0,False,0,0,False,False,none,14
train_ep_004847,train,False,False,False,0,False,0,0,False,False,none,14
train_ep_004848,train,False,False,False,0,False,0,0,False,False,none,14
train_ep_004849,train,False,False,False,0,False,0,0,False,False,none,14
train_ep_004850,train,False,False,False,0,False,0,0,False,False,none,14
train_ep_004851,train,False,False,False,0,False,0,0,False,False,none,14
train_ep_004852,train,False,False,True,1,True,1,2,True,True,speech_mention,14
train_ep_004853,train,False,False,False,0,False,0,0,False,False,none,14
train_ep_004854,train,False,False,False,0,False,0,0,False,False,none,14
train_ep_004855,train,False,False,False,0,False,0,0,False,False,none,14
train_ep_004856,train,False,False,False,0,True,1,1,True,True,persona_mention,14
train_ep_004857,train,False,False,False,0,False,0,0,False,False,none,14
train_ep_004858,train,False,False,False,0,False,0,0,False,False,none,14
train_ep_004859,train,True,True,True,4,True,3,15,True,True,direct_appearance,14
train_ep_004860,train,False,False,True,2,False,0,2,True,True,speech_mention,14
train_ep_004861,train,False,False,False,0,False,0,0,False,False,none,14
train_ep_004862,train,False,False,False,0,False,0,0,False,False,none,14
train_ep_004863,train,False,False,False,0,True,1,1,True,True,persona_mention,14
train_ep_004864,train,False,False,False,0,True,1,1,True,True,persona_mention,14
train_ep_004865,train,False,False,False,0,False,0,0,False,False,none,14
train_ep_004866,train,True,True,False,0,True,3,11,True,True,direct_appearance,14
train_ep_004867,train,True,True,True,1,False,0,9,True,True,direct_appearance,14
train_ep_004868,train,True,True,True,5,True,3,16,True,True,direct_appearance,14
train_ep_004869,train,False,False,False,0,False,0,0,False,False,none,14
train_ep_004870,train,False,False,False,0,False,0,0,False,False,none,14
train_ep_004871,train,False,False,False,0,False,0,0,False,False,none,14
train_ep_004872,train,False,False,False,0,False,0,0,False,False,none,14
train_ep_004873,train,False,False,False,0,True,2,2,True,True,persona_mention,14
train_ep_004874,train,False,False,False,0,True,1,1,True,True,persona_mention,14
train_ep_004875,train,False,False,False,0,False,0,0,False,False,none,14
train_ep_004876,train,False,False,True,1,False,0,1,True,False,speech_mention,14
train_ep_004877,train,False,False,True,2,True,1,3,True,True,speech_mention,14
train_ep_004878,train,False,False,False,0,False,0,0,False,False,none,14
train_ep_004879,train,True,True,False,0,True,2,10,True,True,direct_appearance,14
train_ep_004880,train,False,False,False,0,False,0,0,False,False,none,14
train_ep_004881,train,False,False,False,0,True,1,1,True,True,persona_mention,14
train_ep_004882,train,False,False,False,0,False,0,0,False,False,none,14
train_ep_004883,train,False,False,False,0,False,0,0,False,False,none,14
train_ep_004884,train,False,False,False,0,False,0,0,False,False,none,14
train_ep_004885,train,False,False,False,0,True,1,1,True,True,persona_mention,14
train_ep_004886,train,False,False,True,1,True,1,2,True,True,speech_mention,14
train_ep_004887,train,False,False,False,0,False,0,0,False,False,none,14
train_ep_004888,train,False,False,False,0,False,0,0,False,False,none,14
train_ep_004889,train,False,False,False,0,False,0,0,False,False,none,14
train_ep_004890,train,True,True,True,2,True,3,13,True,True,direct_appearance,14
train_ep_004891,train,False,False,False,0,False,0,0,False,False,none,14
train_ep_004892,train,False,False,False,0,False,0,0,False,False,none,14
train_ep_004893,train,False,False,True,2,False,0,2,True,True,speech_mention,14
train_ep_004894,train,False,False,True,2,True,1,3,True,True,speech_mention,14
train_ep_004895,train,False,False,False,0,True,1,1,True,True,persona_mention,14
train_ep_004896,train,False,False,False,0,True,2,2,True,True,persona_mention,14
train_ep_004897,train,False,False,False,0,False,0,0,False,False,none,14
train_ep_004898,train,False,False,False,0,False,0,0,False,False,none,14
train_ep_004899,train,False,False,False,0,False,0,0,False,False,none,14
train_ep_004900,train,False,False,False,0,False,0,0,False,False,none,14
train_ep_004901,train,False,False,False,0,False,0,0,False,False,none,14
train_ep_004902,train,False,False,False,0,False,0,0,False,False,none,14
train_ep_004903,train,False,False,False,0,True,1,1,True,True,persona_mention,14
train_ep_004904,train,False,False,True,1,True,1,2,True,True,speech_mention,14
train_ep_004905,train,False,False,True,6,True,2,7,True,True,speech_mention,14
train_ep_004906,train,False,False,False,0,False,0,0,False,False,none,14
train_ep_004907,train,False,False,False,0,False,0,0,False,False,none,14
train_ep_004908,train,False,False,False,0,False,0,0,False,False,none,14
train_ep_004909,train,False,False,False,0,False,0,0,False,False,none,14
train_ep_004910,train,False,False,False,0,False,0,0,False,False,none,14
train_ep_004911,train,False,False,False,0,False,0,0,False,False,none,14
train_ep_004912,train,False,False,False,0,True,1,1,True,True,persona_mention,14
train_ep_004913,train,False,False,False,0,True,1,1,True,True,persona_mention,14
train_ep_004914,train,False,False,True,2,False,0,2,True,True,speech_mention,14
train_ep_004915,train,False,False,False,0,False,0,0,False,False,none,14
train_ep_004916,train,False,False,False,0,False,0,0,False,False,none,14
train_ep_004917,train,False,False,False,0,False,0,0,False,False,none,14
train_ep_004918,train,False,False,False,0,False,0,0,False,False,none,14
train_ep_004919,train,False,False,False,0,False,0,0,False,False,none,14
train_ep_004920,train,False,False,True,8,True,1,6,True,True,speech_mention,14
train_ep_004921,train,False,False,True,3,True,1,4,True,True,speech_mention,14
train_ep_004922,train,False,False,False,0,False,0,0,False,False,none,14
train_ep_004923,train,False,False,True,3,True,1,4,True,True,speech_mention,14
train_ep_004924,train,True,True,False,0,True,1,9,True,True,direct_appearance,14
train_ep_004925,train,False,False,False,0,False,0,0,False,False,none,14
train_ep_004926,train,False,False,False,0,True,1,1,True,True,persona_mention,14
train_ep_004927,train,True,True,False,0,True,1,9,True,True,direct_appearance,14
train_ep_004928,train,False,False,False,0,True,2,2,True,True,persona_mention,14
train_ep_004929,train,False,False,False,0,False,0,0,False,False,none,14
train_ep_004930,train,False,False,False,0,False,0,0,False,False,none,14
train_ep_004931,train,False,False,True,1,True,1,2,True,True,speech_mention,14
train_ep_004932,train,False,False,False,0,False,0,0,False,False,none,14
train_ep_004933,train,False,False,True,1,True,3,4,True,True,speech_mention,14
train_ep_004934,train,True,True,False,0,True,1,9,True,True,direct_appearance,14
train_ep_004935,train,False,False,False,0,False,0,0,False,False,none,14
train_ep_004936,train,True,True,True,3,True,1,12,True,True,direct_appearance,14
train_ep_004937,train,False,False,False,0,False,0,0,False,False,none,14
train_ep_004938,train,True,True,True,3,True,1,12,True,True,direct_appearance,14
train_ep_004939,train,False,False,False,0,False,0,0,False,False,none,14
train_ep_004940,train,False,False,False,0,False,0,0,False,False,none,14
train_ep_004941,train,False,False,False,0,False,0,0,False,False,none,14
train_ep_004942,train,False,False,False,0,True,1,1,True,True,persona_mention,14
train_ep_004943,train,False,False,False,0,False,0,0,False,False,none,14
train_ep_004944,train,False,False,False,0,False,0,0,False,False,none,14
train_ep_004945,train,False,False,True,1,True,1,2,True,True,speech_mention,14
train_ep_004946,train,False,False,False,0,False,0,0,False,False,none,14
train_ep_004947,train,False,False,False,0,False,0,0,False,False,none,14
train_ep_004948,train,False,False,False,0,False,0,0,False,False,none,14
train_ep_004949,train,False,False,False,0,True,1,1,True,True,persona_mention,14
train_ep_004950,train,False,False,False,0,False,0,0,False,False,none,14
train_ep_004951,train,False,False,False,0,False,0,0,False,False,none,14
train_ep_004952,train,False,False,False,0,False,0,0,False,False,none,14
train_ep_004953,train,True,True,True,2,True,1,11,True,True,direct_appearance,14
train_ep_004954,train,False,False,False,0,False,0,0,False,False,none,14
train_ep_004955,train,False,False,True,1,True,1,2,True,True,speech_mention,14
train_ep_004956,train,False,False,False,0,False,0,0,False,False,none,14
train_ep_004957,train,False,False,True,1,False,0,1,True,False,speech_mention,14
train_ep_004958,train,False,False,False,0,False,0,0,False,False,none,14
train_ep_004959,train,False,False,False,0,True,2,2,True,True,persona_mention,14
train_ep_004960,train,False,False,False,0,False,0,0,False,False,none,14
train_ep_004961,train,False,False,False,0,False,0,0,False,False,none,14
train_ep_004962,train,False,False,False,0,True,2,2,True,True,persona_mention,14
train_ep_004963,train,False,False,False,0,False,0,0,False,False,none,14
train_ep_004964,train,False,False,False,0,True,1,1,True,True,persona_mention,14
train_ep_004965,train,False,False,False,0,True,1,1,True,True,persona_mention,14
train_ep_004966,train,True,True,False,0,True,2,10,True,True,direct_appearance,14
train_ep_004967,train,False,False,True,1,True,1,2,True,True,speech_mention,14
train_ep_004968,train,False,False,True,1,True,1,2,True,True,speech_mention,14
train_ep_004969,train,False,False,False,0,False,0,0,False,False,none,14
train_ep_004970,train,False,False,True,2,True,1,3,True,True,speech_mention,14
train_ep_004971,train,False,False,False,0,False,0,0,False,False,none,14
train_ep_004972,train,False,False,True,2,True,1,3,True,True,speech_mention,14
train_ep_004973,train,False,False,False,0,False,0,0,False,False,none,8
train_ep_004974,train,False,False,False,0,False,0,0,False,False,none,14
train_ep_004975,train,False,False,True,1,False,0,1,True,False,speech_mention,14
train_ep_004976,train,False,False,False,0,False,0,0,False,False,none,14
train_ep_004977,train,False,False,True,2,True,2,4,True,True,speech_mention,14
train_ep_004978,train,False,False,False,0,False,0,0,False,False,none,14
train_ep_004979,train,True,True,True,2,True,1,11,True,True,direct_appearance,14
train_ep_004980,train,False,False,False,0,False,0,0,False,False,none,14
train_ep_004981,train,False,False,False,0,False,0,0,False,False,none,14
train_ep_004982,train,True,True,True,5,True,1,14,True,True,direct_appearance,14
train_ep_004983,train,False,False,True,1,True,1,2,True,True,speech_mention,14
train_ep_004984,train,False,False,False,0,False,0,0,False,False,none,4
train_ep_004985,train,False,False,True,4,False,0,4,True,True,speech_mention,14
train_ep_004986,train,False,False,False,0,False,0,0,False,False,none,14
train_ep_004987,train,False,False,False,0,False,0,0,False,False,none,14
train_ep_004988,train,False,False,True,2,False,0,2,True,True,speech_mention,14
train_ep_004989,train,False,False,True,2,False,0,2,True,True,speech_mention,14
train_ep_004990,train,False,False,False,0,True,1,1,True,True,persona_mention,14
train_ep_004991,train,False,False,False,0,True,1,1,True,True,persona_mention,14
train_ep_004992,train,False,False,True,7,False,0,5,True,True,speech_mention,14
train_ep_004993,train,False,False,False,0,False,0,0,False,False,none,14
train_ep_004994,train,False,False,False,0,False,0,0,False,False,none,14
train_ep_004995,train,False,False,False,0,False,0,0,False,False,none,14
train_ep_004996,train,False,False,False,0,False,0,0,False,False,none,14
train_ep_004997,train,False,False,True,1,False,0,1,True,False,speech_mention,14
train_ep_004998,train,False,False,True,2,True,1,3,True,True,speech_mention,14
train_ep_004999,train,False,False,True,2,False,0,2,True,True,speech_mention,14
train_ep_005000,train,False,False,True,2,True,1,3,True,True,speech_mention,14
train_ep_005001,train,True,True,True,3,True,2,13,True,True,direct_appearance,14
train_ep_005002,train,False,False,False,0,False,0,0,False,False,none,14
train_ep_005003,train,False,False,False,0,True,1,1,True,True,persona_mention,14
train_ep_005004,train,False,False,False,0,False,0,0,False,False,none,14
train_ep_005005,train,False,False,False,0,False,0,0,False,False,none,14
train_ep_005006,train,False,False,False,0,False,0,0,False,False,none,14
train_ep_005007,train,False,False,True,1,True,2,3,True,True,speech_mention,14
train_ep_005008,train,False,False,False,0,False,0,0,False,False,none,14
train_ep_005009,train,False,False,False,0,False,0,0,False,False,none,14
train_ep_005010,train,False,False,False,0,False,0,0,False,False,none,14
train_ep_005011,train,False,False,False,0,False,0,0,False,False,none,14
train_ep_005012,train,False,False,False,0,False,0,0,False,False,none,14
train_ep_005013,train,False,False,True,1,False,0,1,True,False,speech_mention,14
train_ep_005014,train,False,False,False,0,True,1,1,True,True,persona_mention,14
train_ep_005015,train,False,False,False,0,False,0,0,False,False,none,14
train_ep_005016,train,False,False,False,0,False,0,0,False,False,none,14
train_ep_005017,train,False,False,True,2,True,1,3,True,True,speech_mention,14
train_ep_005018,train,False,False,False,0,False,0,0,False,False,none,14
train_ep_005019,train,False,False,False,0,False,0,0,False,False,none,14
train_ep_005020,train,False,False,True,2,False,0,2,True,True,speech_mention,14
train_ep_005021,train,False,False,False,0,False,0,0,False,False,none,14
train_ep_005022,train,False,False,False,0,False,0,0,False,False,none,14
train_ep_005023,train,False,False,False,0,False,0,0,False,False,none,14
train_ep_005024,train,True,True,True,2,True,2,12,True,True,direct_appearance,14
train_ep_005025,train,False,False,True,2,True,1,3,True,True,speech_mention,14
train_ep_005026,train,True,True,True,6,True,1,14,True,True,direct_appearance,14
train_ep_005027,train,False,False,True,3,False,0,3,True,True,speech_mention,14
train_ep_005028,train,False,False,False,0,False,0,0,False,False,none,14
train_ep_005029,train,False,False,False,0,True,1,1,True,True,persona_mention,14
train_ep_005030,train,False,False,False,0,False,0,0,False,False,none,14
train_ep_005031,train,False,False,False,0,False,0,0,False,False,none,14
train_ep_005032,train,False,False,True,3,False,0,3,True,True,speech_mention,14
train_ep_005033,train,False,False,False,0,True,1,1,True,True,persona_mention,14
train_ep_005034,train,False,False,False,0,False,0,0,False,False,none,14
train_ep_005035,train,False,False,False,0,False,0,0,False,False,none,14
train_ep_005036,train,False,False,False,0,False,0,0,False,False,none,14
train_ep_005037,train,False,False,False,0,False,0,0,False,False,none,14
train_ep_005038,train,False,False,False,0,False,0,0,False,False,none,14
train_ep_005039,train,False,False,False,0,False,0,0,False,False,none,14
train_ep_005040,train,False,False,False,0,False,0,0,False,False,none,14
train_ep_005041,train,False,False,False,0,False,0,0,False,False,none,14
train_ep_005042,train,False,False,False,0,False,0,0,False,False,none,14
train_ep_005043,train,False,False,False,0,False,0,0,False,False,none,14
train_ep_005044,train,False,False,False,0,True,1,1,True,True,persona_mention,14
train_ep_005045,train,False,False,False,0,False,0,0,False,False,none,14
train_ep_005046,train,False,False,False,0,False,0,0,False,False,none,14
train_ep_005047,train,False,False,True,1,True,1,2,True,True,speech_mention,11
train_ep_005048,train,False,False,False,0,False,0,0,False,False,none,14
train_ep_005049,train,False,False,True,1,False,0,1,True,False,speech_mention,14
train_ep_005050,train,True,True,False,0,True,1,9,True,True,direct_appearance,14
train_ep_005051,train,False,False,False,0,False,0,0,False,False,none,14
train_ep_005052,train,False,False,False,0,False,0,0,False,False,none,14
train_ep_005053,train,False,False,False,0,True,1,1,True,True,persona_mention,14
train_ep_005054,train,False,False,False,0,False,0,0,False,False,none,14
train_ep_005055,train,False,False,False,0,False,0,0,False,False,none,14
train_ep_005056,train,False,False,False,0,True,1,1,True,True,persona_mention,14
train_ep_005057,train,False,False,False,0,False,0,0,False,False,none,14
train_ep_005058,train,False,False,False,0,True,1,1,True,True,persona_mention,14
train_ep_005059,train,False,False,False,0,False,0,0,False,False,none,14
train_ep_005060,train,True,True,False,0,True,1,9,True,True,direct_appearance,14
train_ep_005061,train,False,False,False,0,False,0,0,False,False,none,14
train_ep_005062,train,True,True,True,3,True,1,12,True,True,direct_appearance,14
train_ep_005063,train,False,False,False,0,False,0,0,False,False,none,14
train_ep_005064,train,False,False,False,0,False,0,0,False,False,none,14
train_ep_005065,train,False,False,False,0,False,0,0,False,False,none,14
train_ep_005066,train,True,True,True,1,True,1,10,True,True,direct_appearance,14
train_ep_005067,train,True,True,True,1,True,1,10,True,True,direct_appearance,14
train_ep_005068,train,False,False,False,0,False,0,0,False,False,none,14
train_ep_005069,train,False,False,False,0,False,0,0,False,False,none,14
train_ep_005070,train,False,False,False,0,False,0,0,False,False,none,14
train_ep_005071,train,False,False,True,2,False,0,2,True,True,speech_mention,14
train_ep_005072,train,False,False,False,0,False,0,0,False,False,none,14
train_ep_005073,train,False,False,False,0,False,0,0,False,False,none,14
train_ep_005074,train,False,False,True,1,False,0,1,True,False,speech_mention,14
train_ep_005075,train,False,False,False,0,False,0,0,False,False,none,14
train_ep_005076,train,False,False,False,0,True,1,1,True,True,persona_mention,14
train_ep_005077,train,False,False,False,0,True,1,1,True,True,persona_mention,14
train_ep_005078,train,False,False,True,1,True,1,2,True,True,speech_mention,14
train_ep_005079,train,False,False,False,0,False,0,0,False,False,none,14
train_ep_005080,train,False,False,False,0,False,0,0,False,False,none,10
train_ep_005081,train,False,False,False,0,False,0,0,False,False,none,14
train_ep_005082,train,False,False,False,0,False,0,0,False,False,none,14
train_ep_005083,train,False,False,False,0,False,0,0,False,False,none,14
train_ep_005084,train,False,False,False,0,False,0,0,False,False,none,14
train_ep_005085,train,False,False,False,0,False,0,0,False,False,none,14
train_ep_005086,train,False,False,False,0,True,1,1,True,True,persona_mention,14
train_ep_005087,train,False,False,True,1,True,2,3,True,True,speech_mention,14
train_ep_005088,train,True,True,False,0,True,1,9,True,True,direct_appearance,14
train_ep_005089,train,False,False,False,0,False,0,0,False,False,none,14
train_ep_005090,train,False,False,False,0,False,0,0,False,False,none,14
train_ep_005091,train,False,False,False,0,False,0,0,False,False,none,14
train_ep_005092,train,False,False,False,0,True,1,1,True,True,persona_mention,14
train_ep_005093,train,False,False,False,0,False,0,0,False,False,none,14
train_ep_005094,train,False,False,False,0,False,0,0,False,False,none,14
train_ep_005095,train,False,False,False,0,False,0,0,False,False,none,14
train_ep_005096,train,False,False,False,0,False,0,0,False,False,none,14
train_ep_005097,train,False,False,False,0,False,0,0,False,False,none,14
train_ep_005098,train,False,False,False,0,False,0,0,False,False,none,14
train_ep_005099,train,False,False,False,0,False,0,0,False,False,none,14
train_ep_005100,train,False,False,True,3,False,0,3,True,True,speech_mention,14
train_ep_005101,train,False,False,False,0,False,0,0,False,False,none,14
train_ep_005102,train,False,False,False,0,True,1,1,True,True,persona_mention,14
train_ep_005103,train,False,False,False,0,True,1,1,True,True,persona_mention,14
train_ep_005104,train,False,False,True,3,True,2,5,True,True,speech_mention,14
train_ep_005105,train,False,False,False,0,False,0,0,False,False,none,14
train_ep_005106,train,False,False,False,0,False,0,0,False,False,none,14
train_ep_005107,train,False,False,False,0,False,0,0,False,False,none,14
train_ep_005108,train,False,False,False,0,True,1,1,True,True,persona_mention,14
train_ep_005109,train,True,True,True,1,True,1,10,True,True,direct_appearance,14
train_ep_005110,train,False,False,False,0,False,0,0,False,False,none,14
train_ep_005111,train,False,False,False,0,False,0,0,False,False,none,14
train_ep_005112,train,False,False,False,0,True,1,1,True,True,persona_mention,14
train_ep_005113,train,False,False,False,0,True,1,1,True,True,persona_mention,14
train_ep_005114,train,False,False,True,1,True,1,2,True,True,speech_mention,14
train_ep_005115,train,False,False,False,0,False,0,0,False,False,none,14
train_ep_005116,train,False,False,False,0,True,1,1,True,True,persona_mention,14
train_ep_005117,train,False,False,False,0,False,0,0,False,False,none,14
train_ep_005118,train,False,False,False,0,False,0,0,False,False,none,14
train_ep_005119,train,False,False,False,0,True,1,1,True,True,persona_mention,14
train_ep_005120,train,False,False,False,0,False,0,0,False,False,none,14
train_ep_005121,train,False,False,False,0,False,0,0,False,False,none,14
train_ep_005122,train,False,False,False,0,True,1,1,True,True,persona_mention,14
train_ep_005123,train,False,False,False,0,False,0,0,False,False,none,14
train_ep_005124,train,False,False,False,0,False,0,0,False,False,none,14
train_ep_005125,train,False,False,False,0,True,1,1,True,True,persona_mention,14
train_ep_005126,train,False,False,False,0,False,0,0,False,False,none,14
train_ep_005127,train,False,False,False,0,False,0,0,False,False,none,14
train_ep_005128,train,True,True,False,0,True,1,9,True,True,direct_appearance,14
train_ep_005129,train,False,False,False,0,False,0,0,False,False,none,14
train_ep_005130,train,False,False,False,0,False,0,0,False,False,none,14
train_ep_005131,train,False,False,False,0,False,0,0,False,False,none,14
train_ep_005132,train,False,False,False,0,True,1,1,True,True,persona_mention,14
train_ep_005133,train,False,False,False,0,False,0,0,False,False,none,14
train_ep_005134,train,False,False,True,1,False,0,1,True,False,speech_mention,14
train_ep_005135,train,False,False,False,0,False,0,0,False,False,none,14
train_ep_005136,train,True,True,False,0,True,4,11,True,True,direct_appearance,7
train_ep_005137,train,False,False,False,0,False,0,0,False,False,none,14
train_ep_005138,train,False,False,False,0,False,0,0,False,False,none,14
train_ep_005139,train,False,False,False,0,False,0,0,False,False,none,14
train_ep_005140,train,False,False,False,0,False,0,0,False,False,none,14
train_ep_005141,train,False,False,False,0,False,0,0,False,False,none,14
train_ep_005142,train,False,False,False,0,False,0,0,False,False,none,9
train_ep_005143,train,False,False,False,0,False,0,0,False,False,none,14
train_ep_005144,train,False,False,False,0,False,0,0,False,False,none,14
train_ep_005145,train,False,False,False,0,False,0,0,False,False,none,11
train_ep_005146,train,False,False,False,0,False,0,0,False,False,none,14
train_ep_005147,train,False,False,False,0,False,0,0,False,False,none,14
train_ep_005148,train,False,False,False,0,False,0,0,False,False,none,14
train_ep_005149,train,False,False,False,0,False,0,0,False,False,none,14
train_ep_005150,train,False,False,False,0,False,0,0,False,False,none,14
train_ep_005151,train,False,False,False,0,False,0,0,False,False,none,14
train_ep_005152,train,False,False,True,1,False,0,1,True,False,speech_mention,14
train_ep_005153,train,False,False,False,0,False,0,0,False,False,none,14
train_ep_005154,train,False,False,True,6,True,1,6,True,True,speech_mention,14
train_ep_005155,train,False,False,True,1,False,0,1,True,False,speech_mention,14
train_ep_005156,train,False,False,True,4,False,0,4,True,True,speech_mention,14
train_ep_005157,train,True,True,False,0,True,3,11,True,True,direct_appearance,3
train_ep_005158,train,False,False,False,0,True,1,1,True,True,persona_mention,4
train_ep_005159,train,True,True,True,2,True,2,12,True,True,direct_appearance,3
train_ep_005160,train,False,False,False,0,False,0,0,False,False,none,14
train_ep_005161,train,False,False,False,0,False,0,0,False,False,none,3
train_ep_005162,train,False,False,False,0,False,0,0,False,False,none,14
train_ep_005163,train,False,False,True,1,False,0,1,True,False,speech_mention,14
train_ep_005164,train,False,False,False,0,False,0,0,False,False,none,14
train_ep_005165,train,False,False,False,0,False,0,0,False,False,none,13
train_ep_005166,train,False,False,False,0,False,0,0,False,False,none,14
train_ep_005167,train,False,False,False,0,True,1,1,True,True,persona_mention,14
train_ep_005168,train,False,False,False,0,False,0,0,False,False,none,14
train_ep_005169,train,False,False,False,0,False,0,0,False,False,none,13
train_ep_005170,train,False,False,False,0,False,0,0,False,False,none,14
train_ep_005171,train,False,False,False,0,False,0,0,False,False,none,14
train_ep_005172,train,False,False,False,0,False,0,0,False,False,none,14
train_ep_005173,train,False,False,True,4,False,0,4,True,True,speech_mention,14
train_ep_005174,train,True,True,False,0,True,3,11,True,True,direct_appearance,14
train_ep_005175,train,False,False,False,0,False,0,0,False,False,none,14
train_ep_005176,train,False,False,False,0,False,0,0,False,False,none,14
train_ep_005177,train,False,False,False,0,False,0,0,False,False,none,14
train_ep_005178,train,False,False,False,0,False,0,0,False,False,none,14
train_ep_005179,train,False,False,False,0,False,0,0,False,False,none,14
train_ep_005180,train,False,False,False,0,False,0,0,False,False,none,4
train_ep_005181,train,False,False,False,0,True,1,1,True,True,persona_mention,3
train_ep_005182,train,False,False,True,1,True,2,3,True,True,speech_mention,14
train_ep_005183,train,False,False,False,0,False,0,0,False,False,none,14
train_ep_005184,train,False,False,False,0,False,0,0,False,False,none,14
train_ep_005185,train,False,False,False,0,False,0,0,False,False,none,14
train_ep_005186,train,False,False,False,0,False,0,0,False,False,none,14
train_ep_005187,train,False,False,False,0,False,0,0,False,False,none,14
train_ep_005188,train,False,False,False,0,False,0,0,False,False,none,14
train_ep_005189,train,False,False,True,2,True,2,4,True,True,speech_mention,14
train_ep_005190,train,True,True,False,0,False,0,8,True,True,direct_appearance,14
train_ep_005191,train,False,False,True,6,True,1,6,True,True,speech_mention,14
train_ep_005192,train,False,False,False,0,False,0,0,False,False,none,14
train_ep_005193,train,False,False,True,2,True,2,4,True,True,speech_mention,14
train_ep_005194,train,False,False,False,0,False,0,0,False,False,none,14
train_ep_005195,train,False,False,False,0,False,0,0,False,False,none,3
train_ep_005196,train,False,False,False,0,False,0,0,False,False,none,14
train_ep_005197,train,False,False,False,0,False,0,0,False,False,none,5
train_ep_005198,train,False,False,True,1,True,1,2,True,True,speech_mention,14
train_ep_005199,train,False,False,True,2,True,2,4,True,True,speech_mention,14
train_ep_005200,train,False,False,False,0,False,0,0,False,False,none,14
train_ep_005201,train,False,False,False,0,False,0,0,False,False,none,11
train_ep_005202,train,False,False,False,0,False,0,0,False,False,none,14
train_ep_005203,train,False,False,False,0,False,0,0,False,False,none,14
train_ep_005204,train,False,False,False,0,False,0,0,False,False,none,14
train_ep_005205,train,False,False,False,0,False,0,0,False,False,none,14
train_ep_005206,train,False,False,True,6,True,2,7,True,True,speech_mention,14
train_ep_005207,train,False,False,False,0,False,0,0,False,False,none,14
train_ep_005208,train,False,False,False,0,False,0,0,False,False,none,14
train_ep_005209,train,True,True,False,0,True,1,9,True,True,direct_appearance,14
train_ep_005210,train,False,False,False,0,False,0,0,False,False,none,14
train_ep_005211,train,False,False,False,0,False,0,0,False,False,none,14
train_ep_005212,train,False,False,True,2,True,1,3,True,True,speech_mention,14
train_ep_005213,train,False,False,False,0,True,1,1,True,True,persona_mention,14
train_ep_005214,train,False,False,True,1,True,1,2,True,True,speech_mention,14
train_ep_005215,train,False,False,False,0,False,0,0,False,False,none,14
train_ep_005216,train,False,False,False,0,False,0,0,False,False,none,14
train_ep_005217,train,False,False,True,5,True,2,7,True,True,speech_mention,14
train_ep_005218,train,True,True,False,0,True,1,9,True,True,direct_appearance,5
train_ep_005219,train,False,False,True,3,True,1,4,True,True,speech_mention,14
train_ep_005220,train,True,True,False,0,True,4,11,True,True,direct_appearance,14
train_ep_005221,train,False,False,False,0,True,1,1,True,True,persona_mention,14
train_ep_005222,train,False,False,True,1,True,2,3,True,True,speech_mention,14
train_ep_005223,train,False,False,True,2,False,0,2,True,True,speech_mention,14
train_ep_005224,train,False,False,False,0,False,0,0,False,False,none,14
train_ep_005225,train,False,False,False,0,False,0,0,False,False,none,4
train_ep_005226,train,False,False,False,0,False,0,0,False,False,none,14
train_ep_005227,train,False,False,True,1,False,0,1,True,False,speech_mention,14
train_ep_005228,train,True,True,True,3,False,0,11,True,True,direct_appearance,14
train_ep_005229,train,False,False,True,1,False,0,1,True,False,speech_mention,14
train_ep_005230,train,True,True,False,0,True,1,9,True,True,direct_appearance,14
train_ep_005231,train,False,False,False,0,False,0,0,False,False,none,14
train_ep_005232,train,True,True,True,3,True,3,14,True,True,direct_appearance,14
train_ep_005233,train,False,False,False,0,False,0,0,False,False,none,14
train_ep_005234,train,False,False,False,0,False,0,0,False,False,none,14
train_ep_005235,train,False,False,False,0,False,0,0,False,False,none,14
train_ep_005236,train,False,False,True,6,False,0,5,True,True,speech_mention,14
train_ep_005237,train,True,True,True,1,False,0,9,True,True,direct_appearance,3
train_ep_005238,train,False,False,True,6,False,0,5,True,True,speech_mention,14
train_ep_005239,train,False,False,False,0,False,0,0,False,False,none,14
train_ep_005240,train,False,False,False,0,False,0,0,False,False,none,14
train_ep_005241,train,False,False,False,0,False,0,0,False,False,none,14
train_ep_005242,train,False,False,False,0,False,0,0,False,False,none,14
train_ep_005243,train,False,False,False,0,False,0,0,False,False,none,14
train_ep_005244,train,False,False,False,0,True,1,1,True,True,persona_mention,3
train_ep_005245,train,False,False,False,0,False,0,0,False,False,none,8
train_ep_005246,train,True,True,True,6,True,3,16,True,True,direct_appearance,14
train_ep_005247,train,False,False,False,0,False,0,0,False,False,none,14
train_ep_005248,train,False,False,True,1,True,2,3,True,True,speech_mention,7
train_ep_005249,train,False,False,False,0,True,1,1,True,True,persona_mention,14
train_ep_005250,train,False,False,False,0,False,0,0,False,False,none,14
train_ep_005251,train,False,False,False,0,True,2,2,True,True,persona_mention,14
train_ep_005252,train,False,False,True,1,False,0,1,True,False,speech_mention,14
train_ep_005253,train,False,False,False,0,False,0,0,False,False,none,14
train_ep_005254,train,False,False,False,0,True,1,1,True,True,persona_mention,14
train_ep_005255,train,False,False,True,4,True,1,5,True,True,speech_mention,14
train_ep_005256,train,True,True,True,1,True,4,12,True,True,direct_appearance,14
train_ep_005257,train,False,False,False,0,False,0,0,False,False,none,14
train_ep_005258,train,False,False,True,6,False,0,5,True,True,speech_mention,14
train_ep_005259,train,False,False,False,0,False,0,0,False,False,none,14
train_ep_005260,train,False,False,True,1,False,0,1,True,False,speech_mention,14
train_ep_005261,train,False,False,False,0,True,1,1,True,True,persona_mention,14
train_ep_005262,train,False,False,True,3,True,2,5,True,True,speech_mention,14
train_ep_005263,train,True,True,True,4,True,1,13,True,True,direct_appearance,11
train_ep_005264,train,True,True,True,5,True,3,16,True,True,direct_appearance,9
train_ep_005265,train,True,True,True,2,True,1,11,True,True,direct_appearance,14
train_ep_005266,train,False,False,False,0,False,0,0,False,False,none,14
train_ep_005267,train,False,False,False,0,False,0,0,False,False,none,14
train_ep_005268,train,False,False,False,0,True,1,1,True,True,persona_mention,10
train_ep_005269,train,False,False,False,0,True,1,1,True,True,persona_mention,14
train_ep_005270,train,True,True,True,2,True,2,12,True,True,direct_appearance,14
train_ep_005271,train,False,False,False,0,True,1,1,True,True,persona_mention,3
train_ep_005272,train,False,False,False,0,False,0,0,False,False,none,14
train_ep_005273,train,False,False,True,1,True,1,2,True,True,speech_mention,14
train_ep_005274,train,False,False,False,0,False,0,0,False,False,none,14
train_ep_005275,train,False,False,False,0,False,0,0,False,False,none,14
train_ep_005276,train,False,False,False,0,True,1,1,True,True,persona_mention,14
train_ep_005277,train,False,False,False,0,False,0,0,False,False,none,14
train_ep_005278,train,False,False,False,0,False,0,0,False,False,none,14
train_ep_005279,train,False,False,False,0,True,2,2,True,True,persona_mention,14
train_ep_005280,train,False,False,False,0,False,0,0,False,False,none,14
train_ep_005281,train,True,True,True,2,True,2,12,True,True,direct_appearance,14
train_ep_005282,train,False,False,False,0,False,0,0,False,False,none,14
train_ep_005283,train,True,True,True,3,False,0,11,True,True,direct_appearance,14
train_ep_005284,train,False,False,False,0,False,0,0,False,False,none,14
train_ep_005285,train,False,False,False,0,True,1,1,True,True,persona_mention,14
train_ep_005286,train,False,False,False,0,True,1,1,True,True,persona_mention,7
train_ep_005287,train,False,False,True,2,False,0,2,True,True,speech_mention,14
train_ep_005288,train,False,False,True,1,False,0,1,True,False,speech_mention,14
train_ep_005289,train,True,True,False,0,True,3,11,True,True,direct_appearance,14
train_ep_005290,train,False,False,False,0,False,0,0,False,False,none,14
train_ep_005291,train,False,False,False,0,False,0,0,False,False,none,14
train_ep_005292,train,False,False,False,0,False,0,0,False,False,none,14
train_ep_005293,train,False,False,False,0,True,1,1,True,True,persona_mention,14
train_ep_005294,train,False,False,True,5,False,0,5,True,True,speech_mention,14
train_ep_005295,train,False,False,False,0,False,0,0,False,False,none,14
train_ep_005296,train,False,False,False,0,False,0,0,False,False,none,14
train_ep_005297,train,False,False,True,1,True,1,2,True,True,speech_mention,14
train_ep_005298,train,False,False,False,0,False,0,0,False,False,none,14
train_ep_005299,train,True,True,True,1,True,3,12,True,True,direct_appearance,14
train_ep_005300,train,False,False,False,0,False,0,0,False,False,none,14
train_ep_005301,train,False,False,True,2,False,0,2,True,True,speech_mention,14
train_ep_005302,train,False,False,False,0,False,0,0,False,False,none,14
train_ep_005303,train,False,False,False,0,True,1,1,True,True,persona_mention,3
train_ep_005304,train,False,False,False,0,False,0,0,False,False,none,8
train_ep_005305,train,False,False,True,3,True,1,4,True,True,speech_mention,14
train_ep_005306,train,False,False,False,0,True,1,1,True,True,persona_mention,14
train_ep_005307,train,False,False,False,0,False,0,0,False,False,none,14
train_ep_005308,train,False,False,True,1,True,1,2,True,True,speech_mention,14
train_ep_005309,train,False,False,False,0,False,0,0,False,False,none,14
train_ep_005310,train,False,False,False,0,False,0,0,False,False,none,14
train_ep_005311,train,False,False,True,6,True,1,6,True,True,speech_mention,14
train_ep_005312,train,False,False,False,0,False,0,0,False,False,none,11
train_ep_005313,train,False,False,True,1,True,1,2,True,True,speech_mention,14
train_ep_005314,train,False,False,False,0,False,0,0,False,False,none,14
train_ep_005315,train,False,False,False,0,False,0,0,False,False,none,14
train_ep_005316,train,False,False,False,0,False,0,0,False,False,none,14
train_ep_005317,train,False,False,False,0,False,0,0,False,False,none,7
train_ep_005318,train,False,False,False,0,False,0,0,False,False,none,14
train_ep_005319,train,False,False,True,2,False,0,2,True,True,speech_mention,14
train_ep_005320,train,True,True,True,1,False,0,9,True,True,direct_appearance,14
train_ep_005321,train,False,False,False,0,False,0,0,False,False,none,14
train_ep_005322,train,False,False,False,0,False,0,0,False,False,none,11
train_ep_005323,train,False,False,False,0,False,0,0,False,False,none,14
train_ep_005324,train,False,False,True,1,True,1,2,True,True,speech_mention,14
train_ep_005325,train,False,False,False,0,False,0,0,False,False,none,14
train_ep_005326,train,False,False,False,0,False,0,0,False,False,none,14
train_ep_005327,train,False,False,True,2,False,0,2,True,True,speech_mention,14
train_ep_005328,train,False,False,False,0,False,0,0,False,False,none,14
train_ep_005329,train,False,False,False,0,False,0,0,False,False,none,9
train_ep_005330,train,False,False,False,0,True,1,1,True,True,persona_mention,14
train_ep_005331,train,False,False,False,0,False,0,0,False,False,none,14
train_ep_005332,train,True,True,True,5,True,1,14,True,True,direct_appearance,14
train_ep_005333,train,False,False,False,0,False,0,0,False,False,none,14
train_ep_005334,train,False,False,True,3,False,0,3,True,True,speech_mention,14
train_ep_005335,train,False,False,False,0,False,0,0,False,False,none,14
train_ep_005336,train,False,False,False,0,False,0,0,False,False,none,3
train_ep_005337,train,False,False,False,0,False,0,0,False,False,none,14
train_ep_005338,train,False,False,False,0,False,0,0,False,False,none,14
train_ep_005339,train,True,True,False,0,True,2,10,True,True,direct_appearance,14
train_ep_005340,train,False,False,False,0,False,0,0,False,False,none,14
train_ep_005341,train,False,False,False,0,True,1,1,True,True,persona_mention,14
train_ep_005342,train,False,False,False,0,False,0,0,False,False,none,14
train_ep_005343,train,False,False,False,0,False,0,0,False,False,none,14
train_ep_005344,train,False,False,True,2,True,2,4,True,True,speech_mention,14
train_ep_005345,train,False,False,False,0,False,0,0,False,False,none,14
train_ep_005346,train,False,False,False,0,False,0,0,False,False,none,14
train_ep_005347,train,False,False,False,0,False,0,0,False,False,none,14
train_ep_005348,train,False,False,False,0,False,0,0,False,False,none,14
train_ep_005349,train,False,False,False,0,False,0,0,False,False,none,14
train_ep_005350,train,False,False,False,0,False,0,0,False,False,none,14
train_ep_005351,train,False,False,False,0,True,1,1,True,True,persona_mention,14
train_ep_005352,train,False,False,True,3,True,2,5,True,True,speech_mention,14
train_ep_005353,train,False,False,False,0,False,0,0,False,False,none,14
train_ep_005354,train,False,False,False,0,False,0,0,False,False,none,14
train_ep_005355,train,False,False,True,2,False,0,2,True,True,speech_mention,14
train_ep_005356,train,True,True,False,0,True,3,11,True,True,direct_appearance,14
train_ep_005357,train,False,False,True,1,True,1,2,True,True,speech_mention,14
train_ep_005358,train,False,False,True,1,False,0,1,True,False,speech_mention,14
train_ep_005359,train,False,False,False,0,False,0,0,False,False,none,14
train_ep_005360,train,False,False,False,0,False,0,0,False,False,none,14
train_ep_005361,train,False,False,False,0,False,0,0,False,False,none,14
train_ep_005362,train,False,False,False,0,True,2,2,True,True,persona_mention,5
train_ep_005363,train,False,False,True,5,False,0,5,True,True,speech_mention,14
train_ep_005364,train,False,False,True,2,True,2,4,True,True,speech_mention,14
train_ep_005365,train,False,False,False,0,True,1,1,True,True,persona_mention,14
train_ep_005366,train,False,False,False,0,True,1,1,True,True,persona_mention,14
train_ep_005367,train,False,False,False,0,False,0,0,False,False,none,14
train_ep_005368,train,False,False,False,0,False,0,0,False,False,none,14
train_ep_005369,train,False,False,True,1,True,1,2,True,True,speech_mention,14
train_ep_005370,train,False,False,False,0,False,0,0,False,False,none,14
train_ep_005371,train,False,False,False,0,False,0,0,False,False,none,14
train_ep_005372,train,False,False,True,2,False,0,2,True,True,speech_mention,5
train_ep_005373,train,False,False,False,0,False,0,0,False,False,none,14
train_ep_005374,train,False,False,False,0,False,0,0,False,False,none,14
train_ep_005375,train,False,False,True,5,True,1,6,True,True,speech_mention,14
train_ep_005376,train,False,False,True,2,True,2,4,True,True,speech_mention,14
train_ep_005377,train,False,False,False,0,True,1,1,True,True,persona_mention,14
train_ep_005378,train,False,False,False,0,False,0,0,False,False,none,14
train_ep_005379,train,False,False,False,0,False,0,0,False,False,none,14
train_ep_005380,train,False,False,False,0,False,0,0,False,False,none,14
train_ep_005381,train,False,False,True,3,True,2,5,True,True,speech_mention,14
train_ep_005382,train,False,False,False,0,False,0,0,False,False,none,14
train_ep_005383,train,False,False,False,0,False,0,0,False,False,none,14
train_ep_005384,train,False,False,True,1,True,1,2,True,True,speech_mention,14
train_ep_005385,train,False,False,False,0,True,1,1,True,True,persona_mention,14
train_ep_005386,train,False,False,False,0,False,0,0,False,False,none,14
train_ep_005387,train,False,False,True,4,True,3,7,True,True,speech_mention,14
train_ep_005388,train,False,False,True,1,False,0,1,True,False,speech_mention,14
train_ep_005389,train,False,False,False,0,True,1,1,True,True,persona_mention,14
train_ep_005390,train,False,False,False,0,False,0,0,False,False,none,14
train_ep_005391,train,False,False,False,0,False,0,0,False,False,none,3
train_ep_005392,train,False,False,False,0,False,0,0,False,False,none,14
train_ep_005393,train,True,True,True,2,True,1,11,True,True,direct_appearance,14
train_ep_005394,train,False,False,False,0,True,1,1,True,True,persona_mention,14
train_ep_005395,train,False,False,False,0,False,0,0,False,False,none,14
train_ep_005396,train,False,False,False,0,False,0,0,False,False,none,14
train_ep_005397,train,True,True,True,1,False,0,9,True,True,direct_appearance,14
train_ep_005398,train,False,False,False,0,False,0,0,False,False,none,14
train_ep_005399,train,False,False,False,0,False,0,0,False,False,none,14
train_ep_005400,train,False,False,False,0,False,0,0,False,False,none,14
train_ep_005401,train,False,False,False,0,True,1,1,True,True,persona_mention,14
train_ep_005402,train,False,False,True,4,False,0,4,True,True,speech_mention,14
train_ep_005403,train,True,True,False,0,True,3,11,True,True,direct_appearance,14
train_ep_005404,train,False,False,False,0,False,0,0,False,False,none,14
train_ep_005405,train,False,False,False,0,False,0,0,False,False,none,14
train_ep_005406,train,False,False,False,0,False,0,0,False,False,none,14
train_ep_005407,train,False,False,False,0,False,0,0,False,False,none,14
train_ep_005408,train,False,False,False,0,True,1,1,True,True,persona_mention,14
train_ep_005409,train,True,True,False,0,True,3,11,True,True,direct_appearance,14
train_ep_005410,train,True,True,True,2,False,0,10,True,True,direct_appearance,14
train_ep_005411,train,False,False,True,3,False,0,3,True,True,speech_mention,14
train_ep_005412,train,False,False,False,0,False,0,0,False,False,none,3
train_ep_005413,train,False,False,False,0,False,0,0,False,False,none,14
train_ep_005414,train,True,True,False,0,True,3,11,True,True,direct_appearance,14
train_ep_005415,train,False,False,True,5,True,2,7,True,True,speech_mention,14
train_ep_005416,train,False,False,False,0,False,0,0,False,False,none,14
train_ep_005417,train,False,False,False,0,False,0,0,False,False,none,14
train_ep_005418,train,False,False,False,0,False,0,0,False,False,none,14
train_ep_005419,train,False,False,True,1,False,0,1,True,False,speech_mention,14
train_ep_005420,train,True,True,True,1,True,3,12,True,True,direct_appearance,14
train_ep_005421,train,False,False,False,0,False,0,0,False,False,none,14
train_ep_005422,train,False,False,True,4,True,1,5,True,True,speech_mention,14
train_ep_005423,train,False,False,False,0,False,0,0,False,False,none,14
train_ep_005424,train,False,False,False,0,False,0,0,False,False,none,14
train_ep_005425,train,False,False,False,0,True,1,1,True,True,persona_mention,14
train_ep_005426,train,False,False,False,0,False,0,0,False,False,none,14
train_ep_005427,train,False,False,True,2,False,0,2,True,True,speech_mention,14
train_ep_005428,train,False,False,False,0,False,0,0,False,False,none,14
train_ep_005429,train,False,False,False,0,False,0,0,False,False,none,14
train_ep_005430,train,False,False,False,0,False,0,0,False,False,none,4
train_ep_005431,train,False,False,True,1,False,0,1,True,False,speech_mention,14
train_ep_005432,train,False,False,False,0,False,0,0,False,False,none,14
train_ep_005433,train,False,False,False,0,False,0,0,False,False,none,14
train_ep_005434,train,False,False,False,0,False,0,0,False,False,none,14
train_ep_005435,train,False,False,False,0,False,0,0,False,False,none,14
train_ep_005436,train,False,False,False,0,False,0,0,False,False,none,14
train_ep_005437,train,False,False,False,0,True,2,2,True,True,persona_mention,14
train_ep_005438,train,False,False,False,0,False,0,0,False,False,none,14
train_ep_005439,train,False,False,False,0,False,0,0,False,False,none,14
train_ep_005440,train,False,False,False,0,False,0,0,False,False,none,14
train_ep_005441,train,False,False,False,0,False,0,0,False,False,none,14
train_ep_005442,train,False,False,False,0,False,0,0,False,False,none,14
train_ep_005443,train,True,True,True,1,False,0,9,True,True,direct_appearance,14
train_ep_005444,train,False,False,False,0,False,0,0,False,False,none,14
train_ep_005445,train,False,False,True,9,True,1,6,True,True,speech_mention,14
train_ep_005446,train,False,False,False,0,False,0,0,False,False,none,14
train_ep_005447,train,False,False,False,0,False,0,0,False,False,none,14
train_ep_005448,train,False,False,False,0,False,0,0,False,False,none,14
train_ep_005449,train,False,False,False,0,False,0,0,False,False,none,14
train_ep_005450,train,False,False,False,0,False,0,0,False,False,none,14
train_ep_005451,train,False,False,False,0,False,0,0,False,False,none,14
train_ep_005452,train,False,False,False,0,False,0,0,False,False,none,14
train_ep_005453,train,False,False,True,4,True,1,5,True,True,speech_mention,14
train_ep_005454,train,False,False,True,6,True,1,6,True,True,speech_mention,14
train_ep_005455,train,False,False,False,0,True,1,1,True,True,persona_mention,14
train_ep_005456,train,False,False,False,0,False,0,0,False,False,none,14
train_ep_005457,train,False,False,False,0,False,0,0,False,False,none,14
train_ep_005458,train,False,False,False,0,False,0,0,False,False,none,4
train_ep_005459,train,False,False,True,1,False,0,1,True,False,speech_mention,6
train_ep_005460,train,False,False,False,0,False,0,0,False,False,none,14
train_ep_005461,train,False,False,False,0,False,0,0,False,False,none,14
train_ep_005462,train,False,False,True,2,True,1,3,True,True,speech_mention,14
train_ep_005463,train,False,False,False,0,True,1,1,True,True,persona_mention,3
train_ep_005464,train,True,True,True,1,True,2,11,True,True,direct_appearance,14
train_ep_005465,train,False,False,False,0,False,0,0,False,False,none,14
train_ep_005466,train,False,False,False,0,True,1,1,True,True,persona_mention,14
train_ep_005467,train,False,False,False,0,False,0,0,False,False,none,12
train_ep_005468,train,False,False,False,0,False,0,0,False,False,none,14
train_ep_005469,train,False,False,False,0,True,1,1,True,True,persona_mention,14
train_ep_005470,train,False,False,True,2,True,1,3,True,True,speech_mention,14
train_ep_005471,train,False,False,True,1,False,0,1,True,False,speech_mention,13
train_ep_005472,train,False,False,True,2,True,2,4,True,True,speech_mention,14
train_ep_005473,train,True,True,False,0,True,1,9,True,True,direct_appearance,14
train_ep_005474,train,False,False,True,4,True,1,5,True,True,speech_mention,14
train_ep_005475,train,False,False,False,0,False,0,0,False,False,none,14
train_ep_005476,train,False,False,False,0,False,0,0,False,False,none,14
train_ep_005477,train,True,True,False,0,True,1,9,True,True,direct_appearance,14
train_ep_005478,train,False,False,False,0,False,0,0,False,False,none,14
train_ep_005479,train,False,False,False,0,False,0,0,False,False,none,8
train_ep_005480,train,False,False,True,1,False,0,1,True,False,speech_mention,14
train_ep_005481,train,False,False,False,0,False,0,0,False,False,none,3
train_ep_005482,train,False,False,False,0,False,0,0,False,False,none,14
train_ep_005483,train,False,False,True,5,True,2,7,True,True,speech_mention,14
train_ep_005484,train,False,False,True,6,True,1,6,True,True,speech_mention,14
train_ep_005485,train,False,False,False,0,False,0,0,False,False,none,14
train_ep_005486,train,False,False,False,0,False,0,0,False,False,none,14
train_ep_005487,train,False,False,False,0,False,0,0,False,False,none,14
train_ep_005488,train,False,False,False,0,True,1,1,True,True,persona_mention,14
train_ep_005489,train,False,False,True,2,False,0,2,True,True,speech_mention,14
train_ep_005490,train,False,False,False,0,False,0,0,False,False,none,14
train_ep_005491,train,False,False,False,0,False,0,0,False,False,none,14
train_ep_005492,train,False,False,False,0,False,0,0,False,False,none,14
train_ep_005493,train,False,False,False,0,False,0,0,False,False,none,14
train_ep_005494,train,False,False,False,0,False,0,0,False,False,none,14
train_ep_005495,train,False,False,False,0,False,0,0,False,False,none,14
train_ep_005496,train,False,False,False,0,False,0,0,False,False,none,14
train_ep_005497,train,False,False,False,0,False,0,0,False,False,none,14
train_ep_005498,train,False,False,False,0,False,0,0,False,False,none,14
train_ep_005499,train,False,False,False,0,True,1,1,True,True,persona_mention,8
train_ep_005500,train,False,False,False,0,False,0,0,False,False,none,14
train_ep_005501,train,False,False,False,0,True,1,1,True,True,persona_mention,5
train_ep_005502,train,False,False,False,0,False,0,0,False,False,none,14
train_ep_005503,train,False,False,True,1,False,0,1,True,False,speech_mention,14
train_ep_005504,train,False,False,True,3,True,1,4,True,True,speech_mention,14
train_ep_005505,train,False,False,False,0,False,0,0,False,False,none,14
train_ep_005506,train,False,False,False,0,True,1,1,True,True,persona_mention,14
train_ep_005507,train,False,False,False,0,False,0,0,False,False,none,14
train_ep_005508,train,False,False,False,0,False,0,0,False,False,none,14
train_ep_005509,train,False,False,False,0,False,0,0,False,False,none,14
train_ep_005510,train,False,False,False,0,False,0,0,False,False,none,14
train_ep_005511,train,False,False,True,4,True,2,6,True,True,speech_mention,14
train_ep_005512,train,False,False,True,4,False,0,4,True,True,speech_mention,14
train_ep_005513,train,True,True,True,1,True,1,10,True,True,direct_appearance,14
train_ep_005514,train,False,False,False,0,False,0,0,False,False,none,7
train_ep_005515,train,False,False,True,2,False,0,2,True,True,speech_mention,14
train_ep_005516,train,False,False,False,0,False,0,0,False,False,none,14
train_ep_005517,train,True,True,False,0,True,1,9,True,True,direct_appearance,14
train_ep_005518,train,False,False,False,0,False,0,0,False,False,none,14
train_ep_005519,train,False,False,True,9,False,0,5,True,True,speech_mention,14
train_ep_005520,train,False,False,True,1,True,2,3,True,True,speech_mention,14
train_ep_005521,train,False,False,False,0,False,0,0,False,False,none,14
train_ep_005522,train,False,False,False,0,False,0,0,False,False,none,14
train_ep_005523,train,False,False,True,1,False,0,1,True,False,speech_mention,14
train_ep_005524,train,False,False,True,1,True,1,2,True,True,speech_mention,14
train_ep_005525,train,False,False,False,0,True,1,1,True,True,persona_mention,14
train_ep_005526,train,False,False,True,1,False,0,1,True,False,speech_mention,14
train_ep_005527,train,False,False,False,0,False,0,0,False,False,none,14
train_ep_005528,train,False,False,False,0,False,0,0,False,False,none,14
train_ep_005529,train,False,False,False,0,False,0,0,False,False,none,14
train_ep_005530,train,False,False,False,0,True,1,1,True,True,persona_mention,14
train_ep_005531,train,False,False,True,2,False,0,2,True,True,speech_mention,14
train_ep_005532,train,False,False,True,2,False,0,2,True,True,speech_mention,14
train_ep_005533,train,False,False,True,1,True,1,2,True,True,speech_mention,14
train_ep_005534,train,False,False,False,0,False,0,0,False,False,none,14
train_ep_005535,train,False,False,False,0,False,0,0,False,False,none,14
train_ep_005536,train,True,True,False,0,True,2,10,True,True,direct_appearance,14
train_ep_005537,train,False,False,False,0,False,0,0,False,False,none,14
train_ep_005538,train,False,False,False,0,False,0,0,False,False,none,14
train_ep_005539,train,False,False,False,0,False,0,0,False,False,none,14
train_ep_005540,train,False,False,False,0,False,0,0,False,False,none,11
train_ep_005541,train,False,False,False,0,False,0,0,False,False,none,4
train_ep_005542,train,False,False,False,0,False,0,0,False,False,none,14
train_ep_005543,train,False,False,False,0,False,0,0,False,False,none,13
train_ep_005544,train,False,False,False,0,False,0,0,False,False,none,7
train_ep_005545,train,False,False,False,0,False,0,0,False,False,none,14
train_ep_005546,train,False,False,False,0,False,0,0,False,False,none,6
train_ep_005547,train,False,False,False,0,False,0,0,False,False,none,14
train_ep_005548,train,False,False,False,0,False,0,0,False,False,none,14
train_ep_005549,train,False,False,True,5,True,1,6,True,True,speech_mention,14
train_ep_005550,train,False,False,False,0,False,0,0,False,False,none,9
train_ep_005551,train,False,False,False,0,False,0,0,False,False,none,14
train_ep_005552,train,False,False,True,1,True,1,2,True,True,speech_mention,14
train_ep_005553,train,False,False,False,0,True,1,1,True,True,persona_mention,14
train_ep_005554,train,False,False,False,0,False,0,0,False,False,none,14
train_ep_005555,train,False,False,False,0,False,0,0,False,False,none,14
train_ep_005556,train,False,False,False,0,False,0,0,False,False,none,14
train_ep_005557,train,True,True,True,1,True,2,11,True,True,direct_appearance,14
train_ep_005558,train,False,False,False,0,False,0,0,False,False,none,14
train_ep_005559,train,False,False,False,0,False,0,0,False,False,none,14
train_ep_005560,train,True,True,True,7,True,2,15,True,True,direct_appearance,14
train_ep_005561,train,False,False,False,0,False,0,0,False,False,none,14
train_ep_005562,train,True,True,True,1,True,1,10,True,True,direct_appearance,14
train_ep_005563,train,False,False,False,0,False,0,0,False,False,none,14
train_ep_005564,train,False,False,False,0,True,1,1,True,True,persona_mention,14
train_ep_005565,train,False,False,False,0,False,0,0,False,False,none,2
train_ep_005566,train,False,False,False,0,False,0,0,False,False,none,14
train_ep_005567,train,True,True,True,1,True,1,10,True,True,direct_appearance,14
train_ep_005568,train,False,False,True,1,True,1,2,True,True,speech_mention,14
train_ep_005569,train,False,False,False,0,True,1,1,True,True,persona_mention,5
train_ep_005570,train,False,False,False,0,False,0,0,False,False,none,14
train_ep_005571,train,False,False,False,0,False,0,0,False,False,none,14
train_ep_005572,train,False,False,False,0,False,0,0,False,False,none,14
train_ep_005573,train,False,False,False,0,False,0,0,False,False,none,14
train_ep_005574,train,False,False,False,0,False,0,0,False,False,none,14
train_ep_005575,train,False,False,False,0,False,0,0,False,False,none,14
train_ep_005576,train,False,False,False,0,False,0,0,False,False,none,14
train_ep_005577,train,False,False,True,6,True,1,6,True,True,speech_mention,14
train_ep_005578,train,False,False,False,0,False,0,0,False,False,none,14
train_ep_005579,train,False,False,False,0,False,0,0,False,False,none,14
train_ep_005580,train,False,False,True,4,True,2,6,True,True,speech_mention,14
train_ep_005581,train,False,False,False,0,False,0,0,False,False,none,14
train_ep_005582,train,False,False,True,2,False,0,2,True,True,speech_mention,14
train_ep_005583,train,True,True,True,1,True,2,11,True,True,direct_appearance,14
train_ep_005584,train,False,False,False,0,False,0,0,False,False,none,14
train_ep_005585,train,False,False,False,0,False,0,0,False,False,none,14
train_ep_005586,train,False,False,False,0,True,1,1,True,True,persona_mention,14
train_ep_005587,train,False,False,False,0,False,0,0,False,False,none,14
train_ep_005588,train,False,False,False,0,False,0,0,False,False,none,14
train_ep_005589,train,False,False,True,1,True,1,2,True,True,speech_mention,14
train_ep_005590,train,False,False,True,3,False,0,3,True,True,speech_mention,14
train_ep_005591,train,False,False,False,0,True,1,1,True,True,persona_mention,14
train_ep_005592,train,False,False,False,0,False,0,0,False,False,none,14
train_ep_005593,train,False,False,False,0,False,0,0,False,False,none,14
train_ep_005594,train,True,True,False,0,True,1,9,True,True,direct_appearance,14
train_ep_005595,train,False,False,False,0,False,0,0,False,False,none,14
train_ep_005596,train,True,True,True,2,True,2,12,True,True,direct_appearance,14
train_ep_005597,train,False,False,False,0,False,0,0,False,False,none,14
train_ep_005598,train,False,False,False,0,False,0,0,False,False,none,14
train_ep_005599,train,False,False,False,0,False,0,0,False,False,none,14
train_ep_005600,train,False,False,False,0,False,0,0,False,False,none,14
train_ep_005601,train,True,True,True,3,True,1,12,True,True,direct_appearance,14
train_ep_005602,train,False,False,False,0,False,0,0,False,False,none,14
train_ep_005603,train,False,False,False,0,False,0,0,False,False,none,14
train_ep_005604,train,False,False,False,0,False,0,0,False,False,none,14
train_ep_005605,train,False,False,True,2,False,0,2,True,True,speech_mention,14
train_ep_005606,train,False,False,False,0,True,1,1,True,True,persona_mention,14
train_ep_005607,train,False,False,False,0,False,0,0,False,False,none,14
train_ep_005608,train,False,False,False,0,False,0,0,False,False,none,14
train_ep_005609,train,False,False,False,0,False,0,0,False,False,none,14
train_ep_005610,train,False,False,False,0,True,1,1,True,True,persona_mention,14
train_ep_005611,train,False,False,False,0,True,1,1,True,True,persona_mention,14
train_ep_005612,train,False,False,False,0,True,1,1,True,True,persona_mention,14
train_ep_005613,train,False,False,False,0,True,1,1,True,True,persona_mention,14
train_ep_005614,train,False,False,False,0,False,0,0,False,False,none,14
train_ep_005615,train,False,False,False,0,False,0,0,False,False,none,14
train_ep_005616,train,False,False,False,0,False,0,0,False,False,none,14
train_ep_005617,train,False,False,True,1,False,0,1,True,False,speech_mention,14
train_ep_005618,train,False,False,False,0,False,0,0,False,False,none,14
train_ep_005619,train,False,False,False,0,False,0,0,False,False,none,14
train_ep_005620,train,False,False,False,0,True,1,1,True,True,persona_mention,14
train_ep_005621,train,False,False,False,0,False,0,0,False,False,none,14
train_ep_005622,train,False,False,True,3,True,2,5,True,True,speech_mention,14
train_ep_005623,train,False,False,False,0,False,0,0,False,False,none,14
train_ep_005624,train,True,True,True,1,True,1,10,True,True,direct_appearance,14
train_ep_005625,train,False,False,False,0,False,0,0,False,False,none,14
train_ep_005626,train,False,False,False,0,False,0,0,False,False,none,14
train_ep_005627,train,False,False,True,1,False,0,1,True,False,speech_mention,14
train_ep_005628,train,False,False,False,0,False,0,0,False,False,none,14
train_ep_005629,train,False,False,False,0,False,0,0,False,False,none,14
train_ep_005630,train,False,False,False,0,False,0,0,False,False,none,14
train_ep_005631,train,False,False,False,0,False,0,0,False,False,none,14
train_ep_005632,train,False,False,False,0,False,0,0,False,False,none,7
train_ep_005633,train,False,False,True,1,True,1,2,True,True,speech_mention,14
train_ep_005634,train,False,False,True,1,True,1,2,True,True,speech_mention,14
train_ep_005635,train,False,False,False,0,False,0,0,False,False,none,14
train_ep_005636,train,False,False,False,0,False,0,0,False,False,none,14
train_ep_005637,train,False,False,True,1,False,0,1,True,False,speech_mention,14
train_ep_005638,train,False,False,False,0,True,1,1,True,True,persona_mention,14
train_ep_005639,train,False,False,True,4,True,1,5,True,True,speech_mention,14
train_ep_005640,train,True,True,False,0,True,1,9,True,True,direct_appearance,4
train_ep_005641,train,False,False,False,0,False,0,0,False,False,none,14
train_ep_005642,train,False,False,False,0,False,0,0,False,False,none,14
train_ep_005643,train,False,False,False,0,True,1,1,True,True,persona_mention,14
train_ep_005644,train,False,False,True,4,False,0,4,True,True,speech_mention,14
train_ep_005645,train,False,False,False,0,False,0,0,False,False,none,14
train_ep_005646,train,False,False,False,0,True,1,1,True,True,persona_mention,14
train_ep_005647,train,False,False,False,0,False,0,0,False,False,none,14
train_ep_005648,train,False,False,False,0,False,0,0,False,False,none,14
train_ep_005649,train,False,False,False,0,False,0,0,False,False,none,14
train_ep_005650,train,False,False,True,1,True,1,2,True,True,speech_mention,14
train_ep_005651,train,False,False,False,0,False,0,0,False,False,none,14
train_ep_005652,train,False,False,True,2,False,0,2,True,True,speech_mention,14
train_ep_005653,train,False,False,False,0,False,0,0,False,False,none,14
train_ep_005654,train,False,False,False,0,False,0,0,False,False,none,14
train_ep_005655,train,False,False,False,0,False,0,0,False,False,none,14
train_ep_005656,train,False,False,True,4,True,2,6,True,True,speech_mention,14
train_ep_005657,train,False,False,True,1,False,0,1,True,False,speech_mention,14
train_ep_005658,train,False,False,False,0,True,1,1,True,True,persona_mention,14
train_ep_005659,train,False,False,True,1,False,0,1,True,False,speech_mention,14
train_ep_005660,train,False,False,True,4,True,2,6,True,True,speech_mention,14
train_ep_005661,train,False,False,False,0,False,0,0,False,False,none,14
train_ep_005662,train,False,False,False,0,False,0,0,False,False,none,9
train_ep_005663,train,False,False,False,0,False,0,0,False,False,none,14
train_ep_005664,train,False,False,False,0,False,0,0,False,False,none,14
train_ep_005665,train,False,False,False,0,True,1,1,True,True,persona_mention,11
train_ep_005666,train,False,False,False,0,False,0,0,False,False,none,14
train_ep_005667,train,False,False,False,0,False,0,0,False,False,none,14
train_ep_005668,train,False,False,False,0,True,2,2,True,True,persona_mention,14
train_ep_005669,train,True,True,True,1,True,4,12,True,True,direct_appearance,14
train_ep_005670,train,False,False,False,0,False,0,0,False,False,none,14
train_ep_005671,train,False,False,True,1,False,0,1,True,False,speech_mention,14
train_ep_005672,train,False,False,False,0,False,0,0,False,False,none,14
train_ep_005673,train,False,False,True,6,True,2,7,True,True,speech_mention,14
train_ep_005674,train,False,False,False,0,False,0,0,False,False,none,14
train_ep_005675,train,False,False,False,0,False,0,0,False,False,none,14
train_ep_005676,train,True,True,True,2,True,3,13,True,True,direct_appearance,8
train_ep_005677,train,False,False,False,0,False,0,0,False,False,none,14
train_ep_005678,train,False,False,False,0,False,0,0,False,False,none,14
train_ep_005679,train,False,False,False,0,False,0,0,False,False,none,14
train_ep_005680,train,False,False,False,0,True,1,1,True,True,persona_mention,14
train_ep_005681,train,False,False,False,0,False,0,0,False,False,none,11
train_ep_005682,train,False,False,False,0,False,0,0,False,False,none,14
train_ep_005683,train,False,False,False,0,False,0,0,False,False,none,14
train_ep_005684,train,False,False,False,0,False,0,0,False,False,none,14
train_ep_005685,train,False,False,False,0,False,0,0,False,False,none,14
train_ep_005686,train,False,False,False,0,False,0,0,False,False,none,14
train_ep_005687,train,False,False,True,2,True,1,3,True,True,speech_mention,13
train_ep_005688,train,False,False,False,0,False,0,0,False,False,none,14
train_ep_005689,train,False,False,False,0,False,0,0,False,False,none,14
train_ep_005690,train,False,False,False,0,False,0,0,False,False,none,14
train_ep_005691,train,False,False,False,0,False,0,0,False,False,none,14
train_ep_005692,train,False,False,False,0,False,0,0,False,False,none,14
train_ep_005693,train,False,False,False,0,False,0,0,False,False,none,14
train_ep_005694,train,True,True,True,3,True,3,14,True,True,direct_appearance,8
train_ep_005695,train,False,False,False,0,False,0,0,False,False,none,14
train_ep_005696,train,False,False,True,1,False,0,1,True,False,speech_mention,14
train_ep_005697,train,False,False,False,0,False,0,0,False,False,none,8
train_ep_005698,train,False,False,False,0,True,1,1,True,True,persona_mention,14
train_ep_005699,train,True,True,False,0,True,1,9,True,True,direct_appearance,14
train_ep_005700,train,False,False,True,3,True,1,4,True,True,speech_mention,14
train_ep_005701,train,False,False,True,1,False,0,1,True,False,speech_mention,14
train_ep_005702,train,False,False,False,0,False,0,0,False,False,none,14
train_ep_005703,train,False,False,False,0,False,0,0,False,False,none,14
train_ep_005704,train,False,False,False,0,False,0,0,False,False,none,14
train_ep_005705,train,False,False,False,0,False,0,0,False,False,none,14
train_ep_005706,train,False,False,False,0,True,1,1,True,True,persona_mention,14
train_ep_005707,train,False,False,False,0,False,0,0,False,False,none,14
train_ep_005708,train,False,False,False,0,False,0,0,False,False,none,14
train_ep_005709,train,False,False,True,1,False,0,1,True,False,speech_mention,14
train_ep_005710,train,False,False,True,1,False,0,1,True,False,speech_mention,14
train_ep_005711,train,False,False,False,0,False,0,0,False,False,none,14
train_ep_005712,train,False,False,False,0,False,0,0,False,False,none,14
train_ep_005713,train,False,False,False,0,False,0,0,False,False,none,14
train_ep_005714,train,False,False,False,0,False,0,0,False,False,none,14
train_ep_005715,train,False,False,True,2,False,0,2,True,True,speech_mention,14
train_ep_005716,train,False,False,False,0,False,0,0,False,False,none,14
train_ep_005717,train,False,False,False,0,False,0,0,False,False,none,14
train_ep_005718,train,False,False,False,0,False,0,0,False,False,none,14
train_ep_005719,train,False,False,False,0,False,0,0,False,False,none,14
train_ep_005720,train,True,True,False,0,True,2,10,True,True,direct_appearance,14
train_ep_005721,train,False,False,False,0,False,0,0,False,False,none,14
train_ep_005722,train,False,False,False,0,False,0,0,False,False,none,14
train_ep_005723,train,False,False,False,0,False,0,0,False,False,none,14
train_ep_005724,train,False,False,False,0,False,0,0,False,False,none,14
train_ep_005725,train,False,False,False,0,False,0,0,False,False,none,14
train_ep_005726,train,False,False,True,2,True,2,4,True,True,speech_mention,14
train_ep_005727,train,False,False,False,0,True,1,1,True,True,persona_mention,14
train_ep_005728,train,False,False,False,0,False,0,0,False,False,none,14
train_ep_005729,train,False,False,True,1,False,0,1,True,False,speech_mention,14
train_ep_005730,train,False,False,True,2,True,1,3,True,True,speech_mention,14
train_ep_005731,train,False,False,False,0,True,1,1,True,True,persona_mention,14
train_ep_005732,train,False,False,True,3,True,2,5,True,True,speech_mention,14
train_ep_005733,train,False,False,False,0,True,1,1,True,True,persona_mention,14
train_ep_005734,train,False,False,False,0,False,0,0,False,False,none,14
train_ep_005735,train,True,True,False,0,True,3,11,True,True,direct_appearance,14
train_ep_005736,train,False,False,True,8,False,0,5,True,True,speech_mention,14
train_ep_005737,train,False,False,False,0,True,1,1,True,True,persona_mention,14
train_ep_005738,train,False,False,False,0,False,0,0,False,False,none,14
train_ep_005739,train,False,False,False,0,False,0,0,False,False,none,14
train_ep_005740,train,False,False,False,0,False,0,0,False,False,none,14
train_ep_005741,train,False,False,False,0,False,0,0,False,False,none,14
train_ep_005742,train,False,False,False,0,False,0,0,False,False,none,14
train_ep_005743,train,False,False,False,0,False,0,0,False,False,none,14
train_ep_005744,train,False,False,False,0,False,0,0,False,False,none,4
train_ep_005745,train,False,False,False,0,False,0,0,False,False,none,14
train_ep_005746,train,False,False,True,4,True,2,6,True,True,speech_mention,14
train_ep_005747,train,False,False,False,0,False,0,0,False,False,none,14
train_ep_005748,train,False,False,False,0,False,0,0,False,False,none,14
train_ep_005749,train,True,True,False,0,True,1,9,True,True,direct_appearance,14
train_ep_005750,train,False,False,True,1,True,1,2,True,True,speech_mention,14
train_ep_005751,train,False,False,False,0,False,0,0,False,False,none,14
train_ep_005752,train,False,False,False,0,False,0,0,False,False,none,14
train_ep_005753,train,False,False,True,1,True,1,2,True,True,speech_mention,14
train_ep_005754,train,False,False,False,0,False,0,0,False,False,none,14
train_ep_005755,train,False,False,False,0,False,0,0,False,False,none,14
train_ep_005756,train,False,False,True,1,True,2,3,True,True,speech_mention,14
train_ep_005757,train,False,False,True,7,True,2,7,True,True,speech_mention,14
train_ep_005758,train,False,False,False,0,True,2,2,True,True,persona_mention,14
train_ep_005759,train,False,False,False,0,False,0,0,False,False,none,14
train_ep_005760,train,False,False,False,0,False,0,0,False,False,none,3
train_ep_005761,train,False,False,True,2,False,0,2,True,True,speech_mention,14
train_ep_005762,train,False,False,False,0,False,0,0,False,False,none,14
train_ep_005763,train,False,False,False,0,False,0,0,False,False,none,14
train_ep_005764,train,False,False,False,0,False,0,0,False,False,none,14
train_ep_005765,train,True,True,True,1,False,0,9,True,True,direct_appearance,14
train_ep_005766,train,False,False,False,0,False,0,0,False,False,none,14
train_ep_005767,train,False,False,True,1,False,0,1,True,False,speech_mention,14
train_ep_005768,train,False,False,True,4,False,0,4,True,True,speech_mention,14
train_ep_005769,train,False,False,False,0,False,0,0,False,False,none,14
train_ep_005770,train,False,False,False,0,False,0,0,False,False,none,14
train_ep_005771,train,False,False,False,0,False,0,0,False,False,none,14
train_ep_005772,train,False,False,True,1,True,1,2,True,True,speech_mention,14
train_ep_005773,train,False,False,False,0,False,0,0,False,False,none,2
train_ep_005774,train,False,False,False,0,False,0,0,False,False,none,14
train_ep_005775,train,False,False,False,0,False,0,0,False,False,none,14
train_ep_005776,train,False,False,False,0,True,1,1,True,True,persona_mention,14
train_ep_005777,train,False,False,True,1,False,0,1,True,False,speech_mention,14
train_ep_005778,train,False,False,True,1,True,2,3,True,True,speech_mention,14
train_ep_005779,train,False,False,False,0,False,0,0,False,False,none,14
train_ep_005780,train,False,False,False,0,False,0,0,False,False,none,14
train_ep_005781,train,True,True,True,1,True,3,12,True,True,direct_appearance,14
train_ep_005782,train,True,True,True,2,True,1,11,True,True,direct_appearance,14
train_ep_005783,train,False,False,False,0,False,0,0,False,False,none,14
train_ep_005784,train,False,False,False,0,False,0,0,False,False,none,14
train_ep_005785,train,False,False,True,1,False,0,1,True,False,speech_mention,14
train_ep_005786,train,False,False,True,2,True,2,4,True,True,speech_mention,14
train_ep_005787,train,False,False,True,1,True,1,2,True,True,speech_mention,14
train_ep_005788,train,False,False,False,0,False,0,0,False,False,none,14
train_ep_005789,train,False,False,False,0,False,0,0,False,False,none,14
train_ep_005790,train,False,False,False,0,False,0,0,False,False,none,14
train_ep_005791,train,False,False,False,0,False,0,0,False,False,none,14
train_ep_005792,train,False,False,False,0,True,1,1,True,True,persona_mention,14
train_ep_005793,train,False,False,True,2,True,1,3,True,True,speech_mention,14
train_ep_005794,train,False,False,True,2,False,0,2,True,True,speech_mention,14
train_ep_005795,train,True,True,True,3,True,4,14,True,True,direct_appearance,14
train_ep_005796,train,False,False,False,0,False,0,0,False,False,none,14
train_ep_005797,train,False,False,True,5,True,1,6,True,True,speech_mention,14
train_ep_005798,train,False,False,False,0,False,0,0,False,False,none,14
train_ep_005799,train,False,False,False,0,False,0,0,False,False,none,14
train_ep_005800,train,False,False,False,0,True,1,1,True,True,persona_mention,14
train_ep_005801,train,False,False,False,0,True,1,1,True,True,persona_mention,14
train_ep_005802,train,False,False,True,1,False,0,1,True,False,speech_mention,14
train_ep_005803,train,True,True,True,2,True,3,13,True,True,direct_appearance,14
train_ep_005804,train,True,True,False,0,True,3,11,True,True,direct_appearance,14
train_ep_005805,train,True,True,True,1,True,1,10,True,True,direct_appearance,14
train_ep_005806,train,False,False,False,0,False,0,0,False,False,none,14
train_ep_005807,train,False,False,False,0,False,0,0,False,False,none,14
train_ep_005808,train,False,False,False,0,False,0,0,False,False,none,14
train_ep_005809,train,True,True,True,2,True,1,11,True,True,direct_appearance,5
train_ep_005810,train,False,False,False,0,False,0,0,False,False,none,14
train_ep_005811,train,False,False,False,0,False,0,0,False,False,none,14
train_ep_005812,train,False,False,False,0,False,0,0,False,False,none,14
train_ep_005813,train,False,False,False,0,False,0,0,False,False,none,14
train_ep_005814,train,False,False,False,0,False,0,0,False,False,none,14
train_ep_005815,train,False,False,False,0,False,0,0,False,False,none,14
train_ep_005816,train,False,False,False,0,False,0,0,False,False,none,14
train_ep_005817,train,False,False,False,0,False,0,0,False,False,none,14
train_ep_005818,train,False,False,True,1,True,1,2,True,True,speech_mention,14
train_ep_005819,train,False,False,False,0,False,0,0,False,False,none,14
train_ep_005820,train,False,False,False,0,False,0,0,False,False,none,14
train_ep_005821,train,False,False,False,0,True,1,1,True,True,persona_mention,14
train_ep_005822,train,False,False,False,0,False,0,0,False,False,none,14
train_ep_005823,train,False,False,True,1,True,1,2,True,True,speech_mention,14
train_ep_005824,train,True,True,False,0,True,3,11,True,True,direct_appearance,14
train_ep_005825,train,False,False,True,1,False,0,1,True,False,speech_mention,14
train_ep_005826,train,False,False,False,0,True,2,2,True,True,persona_mention,14
train_ep_005827,train,False,False,False,0,False,0,0,False,False,none,14
train_ep_005828,train,False,False,True,1,False,0,1,True,False,speech_mention,14
train_ep_005829,train,False,False,False,0,False,0,0,False,False,none,14
train_ep_005830,train,False,False,False,0,False,0,0,False,False,none,14
train_ep_005831,train,False,False,True,6,True,2,7,True,True,speech_mention,14
train_ep_005832,train,False,False,False,0,False,0,0,False,False,none,14
train_ep_005833,train,False,False,False,0,True,1,1,True,True,persona_mention,14
train_ep_005834,train,False,False,False,0,False,0,0,False,False,none,14
train_ep_005835,train,True,True,True,2,True,3,13,True,True,direct_appearance,14
train_ep_005836,train,False,False,True,1,False,0,1,True,False,speech_mention,10
train_ep_005837,train,False,False,True,2,True,1,3,True,True,speech_mention,11
train_ep_005838,train,False,False,False,0,True,1,1,True,True,persona_mention,14
train_ep_005839,train,False,False,False,0,False,0,0,False,False,none,14
train_ep_005840,train,True,True,True,1,True,3,12,True,True,direct_appearance,14
train_ep_005841,train,False,False,False,0,False,0,0,False,False,none,14
train_ep_005842,train,False,False,False,0,False,0,0,False,False,none,14
train_ep_005843,train,False,False,False,0,False,0,0,False,False,none,14
train_ep_005844,train,False,False,False,0,False,0,0,False,False,none,14
train_ep_005845,train,False,False,False,0,False,0,0,False,False,none,14
train_ep_005846,train,False,False,False,0,False,0,0,False,False,none,14
train_ep_005847,train,False,False,False,0,False,0,0,False,False,none,14
train_ep_005848,train,False,False,False,0,True,1,1,True,True,persona_mention,14
train_ep_005849,train,False,False,False,0,False,0,0,False,False,none,4
train_ep_005850,train,False,False,True,3,True,1,4,True,True,speech_mention,14
train_ep_005851,train,False,False,False,0,False,0,0,False,False,none,14
train_ep_005852,train,False,False,False,0,False,0,0,False,False,none,14
train_ep_005853,train,False,False,False,0,True,1,1,True,True,persona_mention,14
train_ep_005854,train,False,False,True,4,False,0,4,True,True,speech_mention,14
train_ep_005855,train,False,False,False,0,False,0,0,False,False,none,14
train_ep_005856,train,False,False,False,0,False,0,0,False,False,none,14
train_ep_005857,train,False,False,True,1,True,1,2,True,True,speech_mention,14
train_ep_005858,train,False,False,True,3,True,1,4,True,True,speech_mention,14
train_ep_005859,train,False,False,False,0,False,0,0,False,False,none,14
train_ep_005860,train,False,False,True,2,True,1,3,True,True,speech_mention,14
train_ep_005861,train,False,False,True,3,False,0,3,True,True,speech_mention,14
train_ep_005862,train,False,False,False,0,False,0,0,False,False,none,14
train_ep_005863,train,True,True,True,1,True,1,10,True,True,direct_appearance,14
train_ep_005864,train,False,False,False,0,False,0,0,False,False,none,14
train_ep_005865,train,False,False,False,0,False,0,0,False,False,none,14
train_ep_005866,train,True,True,True,2,True,1,11,True,True,direct_appearance,11
train_ep_005867,train,False,False,False,0,False,0,0,False,False,none,14
train_ep_005868,train,False,False,False,0,False,0,0,False,False,none,14
train_ep_005869,train,False,False,False,0,False,0,0,False,False,none,14
train_ep_005870,train,False,False,True,4,True,1,5,True,True,speech_mention,14
train_ep_005871,train,False,False,False,0,False,0,0,False,False,none,14
train_ep_005872,train,False,False,False,0,False,0,0,False,False,none,14
train_ep_005873,train,False,False,False,0,False,0,0,False,False,none,14
train_ep_005874,train,False,False,False,0,False,0,0,False,False,none,14
train_ep_005875,train,True,True,True,1,True,3,12,True,True,direct_appearance,14
train_ep_005876,train,False,False,True,1,False,0,1,True,False,speech_mention,14
train_ep_005877,train,False,False,True,8,True,1,6,True,True,speech_mention,14
train_ep_005878,train,False,False,True,1,True,1,2,True,True,speech_mention,14
train_ep_005879,train,False,False,False,0,False,0,0,False,False,none,14
train_ep_005880,train,False,False,False,0,False,0,0,False,False,none,14
train_ep_005881,train,False,False,False,0,False,0,0,False,False,none,14
train_ep_005882,train,False,False,False,0,False,0,0,False,False,none,14
train_ep_005883,train,False,False,True,4,True,1,5,True,True,speech_mention,14
train_ep_005884,train,False,False,False,0,False,0,0,False,False,none,14
train_ep_005885,train,False,False,False,0,True,1,1,True,True,persona_mention,14
train_ep_005886,train,True,True,True,1,True,1,10,True,True,direct_appearance,14
train_ep_005887,train,False,False,False,0,False,0,0,False,False,none,14
train_ep_005888,train,False,False,True,3,False,0,3,True,True,speech_mention,14
train_ep_005889,train,False,False,False,0,False,0,0,False,False,none,14
train_ep_005890,train,False,False,False,0,True,1,1,True,True,persona_mention,14
train_ep_005891,train,False,False,False,0,True,1,1,True,True,persona_mention,14
train_ep_005892,train,False,False,False,0,False,0,0,False,False,none,14
train_ep_005893,train,True,True,True,1,True,3,12,True,True,direct_appearance,14
train_ep_005894,train,True,True,True,1,True,1,10,True,True,direct_appearance,14
train_ep_005895,train,False,False,False,0,True,1,1,True,True,persona_mention,14
train_ep_005896,train,False,False,False,0,True,2,2,True,True,persona_mention,14
train_ep_005897,train,False,False,False,0,False,0,0,False,False,none,14
train_ep_005898,train,False,False,False,0,False,0,0,False,False,none,14
train_ep_005899,train,False,False,True,1,True,1,2,True,True,speech_mention,14
train_ep_005900,train,False,False,False,0,True,1,1,True,True,persona_mention,14
train_ep_005901,train,False,False,True,2,True,1,3,True,True,speech_mention,14
train_ep_005902,train,False,False,False,0,False,0,0,False,False,none,14
train_ep_005903,train,False,False,False,0,False,0,0,False,False,none,5
train_ep_005904,train,False,False,False,0,False,0,0,False,False,none,14
train_ep_005905,train,False,False,False,0,False,0,0,False,False,none,14
train_ep_005906,train,False,False,False,0,False,0,0,False,False,none,14
train_ep_005907,train,False,False,False,0,False,0,0,False,False,none,14
train_ep_005908,train,False,False,True,1,True,1,2,True,True,speech_mention,14
train_ep_005909,train,False,False,False,0,False,0,0,False,False,none,14
train_ep_005910,train,False,False,False,0,False,0,0,False,False,none,14
train_ep_005911,train,False,False,False,0,False,0,0,False,False,none,14
train_ep_005912,train,True,True,True,1,True,3,12,True,True,direct_appearance,14
train_ep_005913,train,False,False,False,0,False,0,0,False,False,none,14
train_ep_005914,train,True,True,True,1,True,4,12,True,True,direct_appearance,14
train_ep_005915,train,False,False,False,0,False,0,0,False,False,none,14
train_ep_005916,train,False,False,False,0,True,1,1,True,True,persona_mention,14
train_ep_005917,train,False,False,True,1,True,1,2,True,True,speech_mention,14
train_ep_005918,train,False,False,False,0,False,0,0,False,False,none,14
train_ep_005919,train,False,False,False,0,True,1,1,True,True,persona_mention,14
train_ep_005920,train,False,False,True,1,True,1,2,True,True,speech_mention,5
train_ep_005921,train,False,False,False,0,False,0,0,False,False,none,14
train_ep_005922,train,False,False,False,0,False,0,0,False,False,none,14
train_ep_005923,train,False,False,False,0,False,0,0,False,False,none,14
train_ep_005924,train,False,False,False,0,True,1,1,True,True,persona_mention,14
train_ep_005925,train,False,False,False,0,False,0,0,False,False,none,14
train_ep_005926,train,False,False,False,0,False,0,0,False,False,none,14
train_ep_005927,train,False,False,True,1,False,0,1,True,False,speech_mention,14
train_ep_005928,train,False,False,False,0,True,1,1,True,True,persona_mention,14
train_ep_005929,train,False,False,True,1,True,1,2,True,True,speech_mention,14
train_ep_005930,train,False,False,False,0,False,0,0,False,False,none,14
train_ep_005931,train,False,False,False,0,False,0,0,False,False,none,2
train_ep_005932,train,False,False,False,0,True,2,2,True,True,persona_mention,14
train_ep_005933,train,False,False,False,0,True,1,1,True,True,persona_mention,14
train_ep_005934,train,False,False,False,0,False,0,0,False,False,none,14
train_ep_005935,train,False,False,False,0,False,0,0,False,False,none,14
train_ep_005936,train,False,False,False,0,False,0,0,False,False,none,14
train_ep_005937,train,False,False,False,0,False,0,0,False,False,none,5
train_ep_005938,train,False,False,False,0,True,1,1,True,True,persona_mention,14
train_ep_005939,train,False,False,True,1,True,1,2,True,True,speech_mention,14
train_ep_005940,train,False,False,False,0,True,1,1,True,True,persona_mention,14
train_ep_005941,train,False,False,True,1,False,0,1,True,False,speech_mention,14
train_ep_005942,train,False,False,False,0,True,1,1,True,True,persona_mention,14
train_ep_005943,train,False,False,False,0,False,0,0,False,False,none,14
train_ep_005944,train,False,False,True,5,True,1,6,True,True,speech_mention,14
train_ep_005945,train,False,False,False,0,False,0,0,False,False,none,13
train_ep_005946,train,False,False,False,0,False,0,0,False,False,none,14
train_ep_005947,train,False,False,False,0,False,0,0,False,False,none,14
train_ep_005948,train,False,False,False,0,False,0,0,False,False,none,14
train_ep_005949,train,False,False,True,1,True,1,2,True,True,speech_mention,14
train_ep_005950,train,False,False,True,3,True,1,4,True,True,speech_mention,14
train_ep_005951,train,False,False,False,0,False,0,0,False,False,none,14
train_ep_005952,train,False,False,False,0,True,2,2,True,True,persona_mention,14
train_ep_005953,train,False,False,True,1,False,0,1,True,False,speech_mention,14
train_ep_005954,train,False,False,False,0,False,0,0,False,False,none,14
train_ep_005955,train,False,False,False,0,False,0,0,False,False,none,14
train_ep_005956,train,False,False,False,0,False,0,0,False,False,none,14
train_ep_005957,train,False,False,False,0,False,0,0,False,False,none,14
train_ep_005958,train,False,False,False,0,True,1,1,True,True,persona_mention,14
train_ep_005959,train,False,False,False,0,False,0,0,False,False,none,14
train_ep_005960,train,True,True,True,6,True,3,16,True,True,direct_appearance,14
train_ep_005961,train,False,False,False,0,True,1,1,True,True,persona_mention,14
train_ep_005962,train,False,False,True,1,True,1,2,True,True,speech_mention,14
train_ep_005963,train,False,False,False,0,False,0,0,False,False,none,14
train_ep_005964,train,False,False,False,0,True,1,1,True,True,persona_mention,14
train_ep_005965,train,False,False,False,0,True,1,1,True,True,persona_mention,14
train_ep_005966,train,True,True,True,4,True,3,15,True,True,direct_appearance,14
train_ep_005967,train,True,True,True,2,False,0,10,True,True,direct_appearance,13
train_ep_005968,train,False,False,False,0,False,0,0,False,False,none,14
train_ep_005969,train,False,False,False,0,False,0,0,False,False,none,9
train_ep_005970,train,False,False,False,0,False,0,0,False,False,none,8
train_ep_005971,train,False,False,False,0,False,0,0,False,False,none,14
train_ep_005972,train,False,False,False,0,False,0,0,False,False,none,14
train_ep_005973,train,False,False,True,5,True,1,6,True,True,speech_mention,14
train_ep_005974,train,False,False,False,0,False,0,0,False,False,none,14
train_ep_005975,train,False,False,True,3,False,0,3,True,True,speech_mention,14
train_ep_005976,train,False,False,True,4,True,1,5,True,True,speech_mention,9
train_ep_005977,train,True,True,True,5,True,2,15,True,True,direct_appearance,10
train_ep_005978,train,False,False,False,0,False,0,0,False,False,none,14
train_ep_005979,train,False,False,False,0,False,0,0,False,False,none,14
train_ep_005980,train,False,False,False,0,False,0,0,False,False,none,5
train_ep_005981,train,False,False,False,0,True,1,1,True,True,persona_mention,14
train_ep_005982,train,False,False,False,0,False,0,0,False,False,none,14
train_ep_005983,train,False,False,False,0,True,2,2,True,True,persona_mention,14
train_ep_005984,train,False,False,False,0,True,1,1,True,True,persona_mention,14
train_ep_005985,train,False,False,False,0,False,0,0,False,False,none,14
train_ep_005986,train,False,False,False,0,False,0,0,False,False,none,12
train_ep_005987,train,False,False,True,2,False,0,2,True,True,speech_mention,14
train_ep_005988,train,False,False,False,0,False,0,0,False,False,none,14
train_ep_005989,train,False,False,False,0,False,0,0,False,False,none,14
train_ep_005990,train,False,False,False,0,True,2,2,True,True,persona_mention,2
train_ep_005991,train,False,False,True,1,False,0,1,True,False,speech_mention,14
train_ep_005992,train,False,False,False,0,False,0,0,False,False,none,14
train_ep_005993,train,False,False,False,0,False,0,0,False,False,none,14
train_ep_005994,train,False,False,True,1,True,2,3,True,True,speech_mention,8
train_ep_005995,train,False,False,False,0,False,0,0,False,False,none,14
train_ep_005996,train,False,False,False,0,False,0,0,False,False,none,14
train_ep_005997,train,False,False,False,0,False,0,0,False,False,none,14
train_ep_005998,train,False,False,False,0,False,0,0,False,False,none,14
train_ep_005999,train,False,False,True,1,False,0,1,True,False,speech_mention,11
train_ep_006000,train,False,False,True,1,True,1,2,True,True,speech_mention,14
train_ep_006001,train,False,False,False,0,False,0,0,False,False,none,14
train_ep_006002,train,False,False,False,0,False,0,0,False,False,none,14
train_ep_006003,train,False,False,True,1,False,0,1,True,False,speech_mention,14
train_ep_006004,train,False,False,False,0,False,0,0,False,False,none,14
train_ep_006005,train,False,False,False,0,False,0,0,False,False,none,14
train_ep_006006,train,False,False,False,0,False,0,0,False,False,none,14
train_ep_006007,train,False,False,False,0,False,0,0,False,False,none,14
train_ep_006008,train,False,False,False,0,False,0,0,False,False,none,14
train_ep_006009,train,False,False,False,0,True,1,1,True,True,persona_mention,14
train_ep_006010,train,False,False,False,0,False,0,0,False,False,none,8
train_ep_006011,train,False,False,True,2,True,1,3,True,True,speech_mention,14
train_ep_006012,train,False,False,False,0,False,0,0,False,False,none,14
train_ep_006013,train,False,False,False,0,False,0,0,False,False,none,14
train_ep_006014,train,False,False,False,0,False,0,0,False,False,none,14
train_ep_006015,train,False,False,False,0,False,0,0,False,False,none,14
train_ep_006016,train,False,False,False,0,True,1,1,True,True,persona_mention,14
train_ep_006017,train,False,False,False,0,True,1,1,True,True,persona_mention,2
train_ep_006018,train,False,False,False,0,False,0,0,False,False,none,14
train_ep_006019,train,True,True,True,1,True,1,10,True,True,direct_appearance,14
train_ep_006020,train,False,False,False,0,False,0,0,False,False,none,14
train_ep_006021,train,True,True,False,0,True,1,9,True,True,direct_appearance,14
train_ep_006022,train,False,False,False,0,True,1,1,True,True,persona_mention,14
train_ep_006023,train,True,True,True,1,True,1,10,True,True,direct_appearance,14
train_ep_006024,train,False,False,True,1,False,0,1,True,False,speech_mention,14
train_ep_006025,train,False,False,False,0,False,0,0,False,False,none,14
train_ep_006026,train,False,False,True,2,True,1,3,True,True,speech_mention,14
train_ep_006027,train,False,False,False,0,False,0,0,False,False,none,14
train_ep_006028,train,False,False,False,0,False,0,0,False,False,none,14
train_ep_006029,train,True,True,True,2,True,1,11,True,True,direct_appearance,14
train_ep_006030,train,False,False,False,0,False,0,0,False,False,none,14
train_ep_006031,train,False,False,False,0,False,0,0,False,False,none,8
train_ep_006032,train,False,False,False,0,False,0,0,False,False,none,14
train_ep_006033,train,False,False,False,0,False,0,0,False,False,none,14
train_ep_006034,train,False,False,False,0,False,0,0,False,False,none,4
train_ep_006035,train,False,False,False,0,False,0,0,False,False,none,14
train_ep_006036,train,False,False,False,0,False,0,0,False,False,none,14
train_ep_006037,train,False,False,True,3,True,1,4,True,True,speech_mention,14
train_ep_006038,train,False,False,False,0,False,0,0,False,False,none,14
train_ep_006039,train,False,False,True,1,True,1,2,True,True,speech_mention,14
train_ep_006040,train,False,False,False,0,False,0,0,False,False,none,14
train_ep_006041,train,False,False,False,0,False,0,0,False,False,none,14
train_ep_006042,train,False,False,False,0,False,0,0,False,False,none,14
train_ep_006043,train,False,False,False,0,False,0,0,False,False,none,14
train_ep_006044,train,False,False,False,0,False,0,0,False,False,none,14
train_ep_006045,train,False,False,True,1,False,0,1,True,False,speech_mention,14
train_ep_006046,train,False,False,False,0,False,0,0,False,False,none,14
train_ep_006047,train,False,False,False,0,False,0,0,False,False,none,14
train_ep_006048,train,False,False,False,0,False,0,0,False,False,none,14
train_ep_006049,train,False,False,False,0,False,0,0,False,False,none,14
train_ep_006050,train,False,False,False,0,True,1,1,True,True,persona_mention,14
train_ep_006051,train,False,False,True,1,False,0,1,True,False,speech_mention,14
train_ep_006052,train,False,False,True,3,True,1,4,True,True,speech_mention,14
train_ep_006053,train,False,False,False,0,True,1,1,True,True,persona_mention,14
train_ep_006054,train,False,False,True,1,True,2,3,True,True,speech_mention,14
train_ep_006055,train,True,True,True,2,True,2,12,True,True,direct_appearance,14
train_ep_006056,train,False,False,False,0,False,0,0,False,False,none,14
train_ep_006057,train,False,False,False,0,False,0,0,False,False,none,14
train_ep_006058,train,False,False,False,0,False,0,0,False,False,none,14
train_ep_006059,train,False,False,False,0,False,0,0,False,False,none,14
train_ep_006060,train,False,False,True,4,False,0,4,True,True,speech_mention,14
train_ep_006061,train,False,False,False,0,True,1,1,True,True,persona_mention,14
train_ep_006062,train,False,False,False,0,False,0,0,False,False,none,14
train_ep_006063,train,False,False,True,2,False,0,2,True,True,speech_mention,14
train_ep_006064,train,False,False,False,0,False,0,0,False,False,none,14
train_ep_006065,train,False,False,False,0,True,1,1,True,True,persona_mention,14
train_ep_006066,train,True,True,True,2,True,1,11,True,True,direct_appearance,14
train_ep_006067,train,False,False,False,0,True,1,1,True,True,persona_mention,14
train_ep_006068,train,True,True,False,0,True,1,9,True,True,direct_appearance,3
train_ep_006069,train,False,False,False,0,False,0,0,False,False,none,14
train_ep_006070,train,False,False,True,4,True,1,5,True,True,speech_mention,14
train_ep_006071,train,False,False,False,0,True,1,1,True,True,persona_mention,8
train_ep_006072,train,False,False,True,3,False,0,3,True,True,speech_mention,8
train_ep_006073,train,False,False,False,0,False,0,0,False,False,none,3
train_ep_006074,train,False,False,False,0,False,0,0,False,False,none,14
train_ep_006075,train,False,False,True,3,True,2,5,True,True,speech_mention,14
train_ep_006076,train,False,False,True,3,False,0,3,True,True,speech_mention,13
train_ep_006077,train,False,False,True,1,True,1,2,True,True,speech_mention,14
train_ep_006078,train,False,False,False,0,True,1,1,True,True,persona_mention,14
train_ep_006079,train,False,False,True,2,False,0,2,True,True,speech_mention,14
train_ep_006080,train,False,False,True,4,False,0,4,True,True,speech_mention,14
train_ep_006081,train,False,False,False,0,False,0,0,False,False,none,14
train_ep_006082,train,False,False,False,0,False,0,0,False,False,none,14
train_ep_006083,train,False,False,False,0,False,0,0,False,False,none,11
train_ep_006084,train,False,False,True,3,True,1,4,True,True,speech_mention,14
train_ep_006085,train,False,False,False,0,False,0,0,False,False,none,14
train_ep_006086,train,False,False,True,5,True,1,6,True,True,speech_mention,14
train_ep_006087,train,True,True,True,7,True,2,15,True,True,direct_appearance,14
train_ep_006088,train,False,False,False,0,False,0,0,False,False,none,14
train_ep_006089,train,False,False,True,2,True,1,3,True,True,speech_mention,14
train_ep_006090,train,False,False,True,2,False,0,2,True,True,speech_mention,14
train_ep_006091,train,False,False,False,0,False,0,0,False,False,none,14
train_ep_006092,train,False,False,False,0,False,0,0,False,False,none,14
train_ep_006093,train,False,False,False,0,False,0,0,False,False,none,14
train_ep_006094,train,False,False,False,0,True,2,2,True,True,persona_mention,14
train_ep_006095,train,False,False,True,2,False,0,2,True,True,speech_mention,14
train_ep_006096,train,False,False,False,0,False,0,0,False,False,none,7
train_ep_006097,train,False,False,False,0,False,0,0,False,False,none,14
train_ep_006098,train,False,False,True,1,False,0,1,True,False,speech_mention,14
train_ep_006099,train,False,False,False,0,False,0,0,False,False,none,14
train_ep_006100,train,False,False,False,0,False,0,0,False,False,none,14
train_ep_006101,train,False,False,False,0,False,0,0,False,False,none,14
train_ep_006102,train,False,False,True,1,True,1,2,True,True,speech_mention,14
train_ep_006103,train,False,False,False,0,False,0,0,False,False,none,14
train_ep_006104,train,False,False,True,1,True,1,2,True,True,speech_mention,14
train_ep_006105,train,False,False,False,0,False,0,0,False,False,none,14
train_ep_006106,train,False,False,False,0,False,0,0,False,False,none,14
train_ep_006107,train,False,False,True,1,False,0,1,True,False,speech_mention,14
train_ep_006108,train,True,True,False,0,True,1,9,True,True,direct_appearance,14
train_ep_006109,train,False,False,True,2,False,0,2,True,True,speech_mention,14
train_ep_006110,train,False,False,False,0,False,0,0,False,False,none,14
train_ep_006111,train,False,False,True,3,False,0,3,True,True,speech_mention,14
train_ep_006112,train,False,False,False,0,False,0,0,False,False,none,14
train_ep_006113,train,False,False,True,1,False,0,1,True,False,speech_mention,14
train_ep_006114,train,False,False,False,0,True,1,1,True,True,persona_mention,14
train_ep_006115,train,False,False,False,0,True,1,1,True,True,persona_mention,14
train_ep_006116,train,False,False,False,0,False,0,0,False,False,none,14
train_ep_006117,train,False,False,False,0,False,0,0,False,False,none,14
train_ep_006118,train,False,False,False,0,False,0,0,False,False,none,14
train_ep_006119,train,False,False,False,0,False,0,0,False,False,none,14
train_ep_006120,train,False,False,True,3,False,0,3,True,True,speech_mention,14
train_ep_006121,train,False,False,False,0,False,0,0,False,False,none,14
train_ep_006122,train,False,False,False,0,False,0,0,False,False,none,14
train_ep_006123,train,False,False,False,0,False,0,0,False,False,none,14
train_ep_006124,train,False,False,False,0,False,0,0,False,False,none,14
train_ep_006125,train,False,False,False,0,False,0,0,False,False,none,14
train_ep_006126,train,False,False,False,0,False,0,0,False,False,none,14
train_ep_006127,train,False,False,False,0,False,0,0,False,False,none,14
train_ep_006128,train,False,False,True,3,True,1,4,True,True,speech_mention,14
train_ep_006129,train,False,False,False,0,False,0,0,False,False,none,14
train_ep_006130,train,False,False,False,0,False,0,0,False,False,none,14
train_ep_006131,train,True,True,True,4,True,1,13,True,True,direct_appearance,14
train_ep_006132,train,False,False,False,0,False,0,0,False,False,none,14
train_ep_006133,train,False,False,False,0,False,0,0,False,False,none,14
train_ep_006134,train,False,False,False,0,False,0,0,False,False,none,14
train_ep_006135,train,False,False,False,0,True,1,1,True,True,persona_mention,14
train_ep_006136,train,False,False,True,1,False,0,1,True,False,speech_mention,14
train_ep_006137,train,False,False,True,4,True,1,5,True,True,speech_mention,14
train_ep_006138,train,False,False,False,0,True,1,1,True,True,persona_mention,9
train_ep_006139,train,False,False,False,0,False,0,0,False,False,none,11
train_ep_006140,train,False,False,False,0,True,1,1,True,True,persona_mention,7
train_ep_006141,train,True,True,False,0,True,1,9,True,True,direct_appearance,14
train_ep_006142,train,True,True,True,1,True,1,10,True,True,direct_appearance,5
train_ep_006143,train,False,False,False,0,False,0,0,False,False,none,14
train_ep_006144,train,False,False,False,0,False,0,0,False,False,none,5
train_ep_006145,train,False,False,True,1,True,2,3,True,True,speech_mention,14
train_ep_006146,train,False,False,False,0,False,0,0,False,False,none,7
train_ep_006147,train,True,True,True,2,True,1,11,True,True,direct_appearance,14
train_ep_006148,train,False,False,False,0,False,0,0,False,False,none,14
train_ep_006149,train,False,False,False,0,False,0,0,False,False,none,11
train_ep_006150,train,False,False,False,0,False,0,0,False,False,none,14
train_ep_006151,train,False,False,True,2,True,1,3,True,True,speech_mention,14
train_ep_006152,train,False,False,False,0,False,0,0,False,False,none,14
train_ep_006153,train,False,False,False,0,False,0,0,False,False,none,10
train_ep_006154,train,False,False,True,1,False,0,1,True,False,speech_mention,14
train_ep_006155,train,False,False,False,0,False,0,0,False,False,none,14
train_ep_006156,train,False,False,False,0,True,1,1,True,True,persona_mention,14
train_ep_006157,train,False,False,False,0,False,0,0,False,False,none,14
train_ep_006158,train,False,False,False,0,False,0,0,False,False,none,14
train_ep_006159,train,False,False,True,1,False,0,1,True,False,speech_mention,14
train_ep_006160,train,False,False,False,0,False,0,0,False,False,none,14
train_ep_006161,train,True,True,True,1,True,1,10,True,True,direct_appearance,14
train_ep_006162,train,False,False,False,0,False,0,0,False,False,none,14
train_ep_006163,train,False,False,True,1,False,0,1,True,False,speech_mention,14
train_ep_006164,train,False,False,False,0,True,1,1,True,True,persona_mention,14
train_ep_006165,train,False,False,False,0,True,1,1,True,True,persona_mention,14
train_ep_006166,train,True,True,False,0,True,1,9,True,True,direct_appearance,13
train_ep_006167,train,False,False,False,0,False,0,0,False,False,none,14
train_ep_006168,train,False,False,False,0,False,0,0,False,False,none,4
train_ep_006169,train,False,False,True,2,False,0,2,True,True,speech_mention,14
train_ep_006170,train,True,True,True,1,True,1,10,True,True,direct_appearance,7
train_ep_006171,train,False,False,False,0,False,0,0,False,False,none,14
train_ep_006172,train,False,False,False,0,True,1,1,True,True,persona_mention,14
train_ep_006173,train,False,False,False,0,False,0,0,False,False,none,14
train_ep_006174,train,False,False,False,0,False,0,0,False,False,none,14
train_ep_006175,train,False,False,False,0,False,0,0,False,False,none,14
train_ep_006176,train,False,False,True,4,False,0,4,True,True,speech_mention,14
train_ep_006177,train,False,False,False,0,False,0,0,False,False,none,14
train_ep_006178,train,False,False,True,3,False,0,3,True,True,speech_mention,14
train_ep_006179,train,False,False,False,0,False,0,0,False,False,none,5
train_ep_006180,train,False,False,True,1,True,1,2,True,True,speech_mention,14
train_ep_006181,train,False,False,True,3,False,0,3,True,True,speech_mention,14
train_ep_006182,train,False,False,False,0,False,0,0,False,False,none,14
train_ep_006183,train,False,False,False,0,False,0,0,False,False,none,14
train_ep_006184,train,False,False,False,0,True,1,1,True,True,persona_mention,14
train_ep_006185,train,False,False,True,2,True,1,3,True,True,speech_mention,14
train_ep_006186,train,True,True,False,0,True,1,9,True,True,direct_appearance,14
train_ep_006187,train,False,False,False,0,False,0,0,False,False,none,14
train_ep_006188,train,False,False,False,0,False,0,0,False,False,none,14
train_ep_006189,train,False,False,False,0,False,0,0,False,False,none,14
train_ep_006190,train,False,False,False,0,False,0,0,False,False,none,14
train_ep_006191,train,False,False,False,0,True,1,1,True,True,persona_mention,14
train_ep_006192,train,False,False,True,1,True,1,2,True,True,speech_mention,14
train_ep_006193,train,False,False,True,4,True,1,5,True,True,speech_mention,14
train_ep_006194,train,False,False,False,0,False,0,0,False,False,none,8
train_ep_006195,train,False,False,False,0,False,0,0,False,False,none,14
train_ep_006196,train,False,False,True,2,True,3,5,True,True,speech_mention,14
train_ep_006197,train,False,False,True,1,False,0,1,True,False,speech_mention,14
train_ep_006198,train,False,False,True,2,True,1,3,True,True,speech_mention,14
train_ep_006199,train,False,False,False,0,True,1,1,True,True,persona_mention,14
train_ep_006200,train,False,False,True,3,False,0,3,True,True,speech_mention,14
train_ep_006201,train,False,False,True,1,True,1,2,True,True,speech_mention,14
train_ep_006202,train,False,False,False,0,True,1,1,True,True,persona_mention,4
train_ep_006203,train,False,False,False,0,False,0,0,False,False,none,14
train_ep_006204,train,False,False,False,0,True,1,1,True,True,persona_mention,14
train_ep_006205,train,False,False,False,0,False,0,0,False,False,none,8
train_ep_006206,train,False,False,False,0,True,2,2,True,True,persona_mention,5
train_ep_006207,train,False,False,False,0,False,0,0,False,False,none,14
train_ep_006208,train,False,False,False,0,False,0,0,False,False,none,4
train_ep_006209,train,False,False,False,0,False,0,0,False,False,none,14
train_ep_006210,train,False,False,True,2,True,1,3,True,True,speech_mention,6
train_ep_006211,train,False,False,False,0,False,0,0,False,False,none,9
train_ep_006212,train,False,False,False,0,False,0,0,False,False,none,14
train_ep_006213,train,False,False,True,2,True,2,4,True,True,speech_mention,14
train_ep_006214,train,True,True,True,3,True,4,14,True,True,direct_appearance,14
train_ep_006215,train,False,False,False,0,False,0,0,False,False,none,14
train_ep_006216,train,False,False,False,0,False,0,0,False,False,none,9
train_ep_006217,train,False,False,False,0,False,0,0,False,False,none,14
train_ep_006218,train,False,False,True,1,True,1,2,True,True,speech_mention,14
train_ep_006219,train,False,False,False,0,False,0,0,False,False,none,14
train_ep_006220,train,False,False,True,2,True,1,3,True,True,speech_mention,14
train_ep_006221,train,False,False,False,0,False,0,0,False,False,none,14
train_ep_006222,train,False,False,False,0,False,0,0,False,False,none,14
train_ep_006223,train,False,False,True,1,True,1,2,True,True,speech_mention,14
train_ep_006224,train,False,False,True,1,False,0,1,True,False,speech_mention,14
train_ep_006225,train,True,True,True,1,True,3,12,True,True,direct_appearance,14
train_ep_006226,train,False,False,False,0,False,0,0,False,False,none,7
train_ep_006227,train,False,False,True,1,True,1,2,True,True,speech_mention,14
train_ep_006228,train,False,False,False,0,False,0,0,False,False,none,14
train_ep_006229,train,False,False,False,0,False,0,0,False,False,none,14
train_ep_006230,train,False,False,False,0,False,0,0,False,False,none,14
train_ep_006231,train,False,False,False,0,False,0,0,False,False,none,14
train_ep_006232,train,True,True,True,2,True,3,13,True,True,direct_appearance,14
train_ep_006233,train,False,False,False,0,False,0,0,False,False,none,2
train_ep_006234,train,False,False,False,0,False,0,0,False,False,none,14
train_ep_006235,train,False,False,False,0,False,0,0,False,False,none,14
train_ep_006236,train,False,False,False,0,False,0,0,False,False,none,14
train_ep_006237,train,False,False,True,1,False,0,1,True,False,speech_mention,14
train_ep_006238,train,False,False,False,0,True,1,1,True,True,persona_mention,14
train_ep_006239,train,True,True,False,0,True,3,11,True,True,direct_appearance,14
train_ep_006240,train,False,False,True,1,True,1,2,True,True,speech_mention,14
train_ep_006241,train,False,False,False,0,True,1,1,True,True,persona_mention,14
train_ep_006242,train,False,False,False,0,True,1,1,True,True,persona_mention,14
train_ep_006243,train,False,False,False,0,False,0,0,False,False,none,14
train_ep_006244,train,False,False,False,0,False,0,0,False,False,none,14
train_ep_006245,train,False,False,True,2,True,1,3,True,True,speech_mention,14
train_ep_006246,train,False,False,False,0,False,0,0,False,False,none,9
train_ep_006247,train,False,False,False,0,False,0,0,False,False,none,14
train_ep_006248,train,False,False,False,0,False,0,0,False,False,none,14
train_ep_006249,train,False,False,False,0,False,0,0,False,False,none,14
train_ep_006250,train,False,False,True,1,False,0,1,True,False,speech_mention,14
train_ep_006251,train,False,False,False,0,False,0,0,False,False,none,14
train_ep_006252,train,False,False,False,0,False,0,0,False,False,none,14
train_ep_006253,train,False,False,False,0,False,0,0,False,False,none,14
train_ep_006254,train,False,False,False,0,False,0,0,False,False,none,14
train_ep_006255,train,True,True,False,0,False,0,8,True,True,direct_appearance,14
train_ep_006256,train,False,False,False,0,False,0,0,False,False,none,14
train_ep_006257,train,False,False,False,0,False,0,0,False,False,none,14
train_ep_006258,train,False,False,False,0,False,0,0,False,False,none,14
train_ep_006259,train,False,False,False,0,False,0,0,False,False,none,14
train_ep_006260,train,False,False,False,0,False,0,0,False,False,none,14
train_ep_006261,train,True,True,True,4,False,0,12,True,True,direct_appearance,14
train_ep_006262,train,False,False,False,0,False,0,0,False,False,none,14
train_ep_006263,train,True,True,True,1,True,1,10,True,True,direct_appearance,14
train_ep_006264,train,False,False,False,0,False,0,0,False,False,none,14
train_ep_006265,train,False,False,False,0,False,0,0,False,False,none,14
train_ep_006266,train,False,False,False,0,False,0,0,False,False,none,14
train_ep_006267,train,False,False,True,1,False,0,1,True,False,speech_mention,14
train_ep_006268,train,False,False,True,2,False,0,2,True,True,speech_mention,13
train_ep_006269,train,True,True,True,1,False,0,9,True,True,direct_appearance,14
train_ep_006270,train,False,False,False,0,False,0,0,False,False,none,14
train_ep_006271,train,True,True,True,1,False,0,9,True,True,direct_appearance,14
train_ep_006272,train,False,False,False,0,True,1,1,True,True,persona_mention,14
train_ep_006273,train,False,False,False,0,False,0,0,False,False,none,7
train_ep_006274,train,False,False,True,2,False,0,2,True,True,speech_mention,14
train_ep_006275,train,False,False,False,0,False,0,0,False,False,none,14
train_ep_006276,train,False,False,False,0,True,1,1,True,True,persona_mention,14
train_ep_006277,train,False,False,True,1,True,2,3,True,True,speech_mention,11
train_ep_006278,train,False,False,False,0,False,0,0,False,False,none,14
train_ep_006279,train,False,False,False,0,False,0,0,False,False,none,14
train_ep_006280,train,False,False,True,3,True,1,4,True,True,speech_mention,14
train_ep_006281,train,False,False,False,0,False,0,0,False,False,none,14
train_ep_006282,train,False,False,False,0,False,0,0,False,False,none,14
train_ep_006283,train,False,False,False,0,False,0,0,False,False,none,14
train_ep_006284,train,False,False,False,0,False,0,0,False,False,none,12
train_ep_006285,train,False,False,False,0,False,0,0,False,False,none,14
train_ep_006286,train,False,False,False,0,False,0,0,False,False,none,11
train_ep_006287,train,False,False,False,0,False,0,0,False,False,none,4
train_ep_006288,train,False,False,True,1,True,1,2,True,True,speech_mention,10
train_ep_006289,train,False,False,True,5,True,1,6,True,True,speech_mention,14
train_ep_006290,train,False,False,False,0,False,0,0,False,False,none,14
train_ep_006291,train,False,False,False,0,False,0,0,False,False,none,14
train_ep_006292,train,False,False,False,0,False,0,0,False,False,none,14
train_ep_006293,train,False,False,True,3,True,1,4,True,True,speech_mention,14
train_ep_006294,train,False,False,True,3,True,2,5,True,True,speech_mention,14
train_ep_006295,train,False,False,False,0,False,0,0,False,False,none,14
train_ep_006296,train,True,True,True,1,False,0,9,True,True,direct_appearance,14
train_ep_006297,train,False,False,False,0,False,0,0,False,False,none,14
train_ep_006298,train,False,False,True,1,True,1,2,True,True,speech_mention,14
train_ep_006299,train,True,True,False,0,True,4,11,True,True,direct_appearance,14
train_ep_006300,train,False,False,True,5,True,2,7,True,True,speech_mention,14
train_ep_006301,train,False,False,False,0,False,0,0,False,False,none,14
train_ep_006302,train,False,False,False,0,True,1,1,True,True,persona_mention,14
train_ep_006303,train,False,False,False,0,True,1,1,True,True,persona_mention,14
train_ep_006304,train,False,False,False,0,True,1,1,True,True,persona_mention,14
train_ep_006305,train,False,False,False,0,False,0,0,False,False,none,14
train_ep_006306,train,False,False,False,0,False,0,0,False,False,none,14
train_ep_006307,train,False,False,False,0,True,2,2,True,True,persona_mention,14
train_ep_006308,train,True,True,True,3,True,3,14,True,True,direct_appearance,14
train_ep_006309,train,False,False,False,0,False,0,0,False,False,none,14
train_ep_006310,train,False,False,False,0,True,1,1,True,True,persona_mention,14
train_ep_006311,train,False,False,True,4,True,2,6,True,True,speech_mention,14
train_ep_006312,train,False,False,True,2,False,0,2,True,True,speech_mention,14
train_ep_006313,train,False,False,False,0,False,0,0,False,False,none,14
train_ep_006314,train,True,True,True,4,True,1,13,True,True,direct_appearance,14
train_ep_006315,train,False,False,False,0,False,0,0,False,False,none,14
train_ep_006316,train,False,False,True,2,True,1,3,True,True,speech_mention,14
train_ep_006317,train,False,False,False,0,False,0,0,False,False,none,14
train_ep_006318,train,False,False,False,0,False,0,0,False,False,none,14
train_ep_006319,train,False,False,False,0,False,0,0,False,False,none,14
train_ep_006320,train,False,False,False,0,False,0,0,False,False,none,14
train_ep_006321,train,False,False,True,1,False,0,1,True,False,speech_mention,14
train_ep_006322,train,False,False,False,0,True,1,1,True,True,persona_mention,14
train_ep_006323,train,False,False,False,0,False,0,0,False,False,none,14
train_ep_006324,train,False,False,False,0,False,0,0,False,False,none,14
train_ep_006325,train,False,False,True,1,False,0,1,True,False,speech_mention,14
train_ep_006326,train,False,False,False,0,False,0,0,False,False,none,14
train_ep_006327,train,False,False,False,0,False,0,0,False,False,none,14
train_ep_006328,train,False,False,False,0,False,0,0,False,False,none,5
train_ep_006329,train,False,False,False,0,False,0,0,False,False,none,14
train_ep_006330,train,False,False,True,1,False,0,1,True,False,speech_mention,14
train_ep_006331,train,False,False,True,2,True,1,3,True,True,speech_mention,14
train_ep_006332,train,False,False,False,0,True,1,1,True,True,persona_mention,9
train_ep_006333,train,False,False,True,1,False,0,1,True,False,speech_mention,14
train_ep_006334,train,False,False,True,2,True,1,3,True,True,speech_mention,14
train_ep_006335,train,False,False,False,0,False,0,0,False,False,none,11
train_ep_006336,train,False,False,True,1,False,0,1,True,False,speech_mention,14
train_ep_006337,train,False,False,True,1,True,1,2,True,True,speech_mention,13
train_ep_006338,train,False,False,False,0,False,0,0,False,False,none,14
train_ep_006339,train,False,False,True,4,False,0,4,True,True,speech_mention,14
train_ep_006340,train,False,False,False,0,False,0,0,False,False,none,14
train_ep_006341,train,False,False,True,1,True,1,2,True,True,speech_mention,14
train_ep_006342,train,False,False,True,2,True,1,3,True,True,speech_mention,14
train_ep_006343,train,False,False,False,0,False,0,0,False,False,none,14
train_ep_006344,train,False,False,False,0,True,1,1,True,True,persona_mention,13
train_ep_006345,train,False,False,True,5,False,0,5,True,True,speech_mention,14
train_ep_006346,train,False,False,True,2,True,1,3,True,True,speech_mention,14
train_ep_006347,train,True,True,True,4,False,0,12,True,True,direct_appearance,14
train_ep_006348,train,False,False,False,0,False,0,0,False,False,none,14
train_ep_006349,train,False,False,False,0,True,1,1,True,True,persona_mention,14
train_ep_006350,train,False,False,True,6,False,0,5,True,True,speech_mention,14
train_ep_006351,train,False,False,False,0,True,1,1,True,True,persona_mention,14
train_ep_006352,train,False,False,False,0,False,0,0,False,False,none,14
train_ep_006353,train,False,False,False,0,False,0,0,False,False,none,14
train_ep_006354,train,False,False,False,0,False,0,0,False,False,none,14
train_ep_006355,train,False,False,False,0,False,0,0,False,False,none,14
train_ep_006356,train,False,False,False,0,False,0,0,False,False,none,14
train_ep_006357,train,False,False,True,1,False,0,1,True,False,speech_mention,14
train_ep_006358,train,False,False,False,0,False,0,0,False,False,none,14
train_ep_006359,train,False,False,False,0,False,0,0,False,False,none,14
train_ep_006360,train,False,False,True,3,True,1,4,True,True,speech_mention,14
train_ep_006361,train,False,False,True,1,False,0,1,True,False,speech_mention,14
train_ep_006362,train,False,False,False,0,False,0,0,False,False,none,14
train_ep_006363,train,False,False,True,1,False,0,1,True,False,speech_mention,14
train_ep_006364,train,False,False,False,0,False,0,0,False,False,none,14
train_ep_006365,train,False,False,False,0,False,0,0,False,False,none,14
train_ep_006366,train,False,False,False,0,False,0,0,False,False,none,14
train_ep_006367,train,False,False,False,0,False,0,0,False,False,none,14
train_ep_006368,train,False,False,True,3,False,0,3,True,True,speech_mention,14
train_ep_006369,train,False,False,False,0,False,0,0,False,False,none,14
train_ep_006370,train,True,True,False,0,True,1,9,True,True,direct_appearance,14
train_ep_006371,train,False,False,False,0,False,0,0,False,False,none,8
train_ep_006372,train,False,False,False,0,False,0,0,False,False,none,14
train_ep_006373,train,False,False,False,0,False,0,0,False,False,none,8
train_ep_006374,train,False,False,False,0,False,0,0,False,False,none,14
train_ep_006375,train,False,False,False,0,True,1,1,True,True,persona_mention,14
train_ep_006376,train,True,True,False,0,True,1,9,True,True,direct_appearance,14
train_ep_006377,train,False,False,True,2,True,1,3,True,True,speech_mention,14
train_ep_006378,train,False,False,True,1,True,2,3,True,True,speech_mention,14
train_ep_006379,train,False,False,False,0,False,0,0,False,False,none,14
train_ep_006380,train,False,False,True,1,False,0,1,True,False,speech_mention,14
train_ep_006381,train,False,False,False,0,True,1,1,True,True,persona_mention,14
train_ep_006382,train,False,False,False,0,False,0,0,False,False,none,14
train_ep_006383,train,False,False,True,1,True,1,2,True,True,speech_mention,14
train_ep_006384,train,False,False,False,0,False,0,0,False,False,none,14
train_ep_006385,train,False,False,False,0,False,0,0,False,False,none,14
train_ep_006386,train,False,False,False,0,False,0,0,False,False,none,7
train_ep_006387,train,False,False,False,0,False,0,0,False,False,none,14
train_ep_006388,train,False,False,False,0,False,0,0,False,False,none,14
train_ep_006389,train,False,False,False,0,False,0,0,False,False,none,14
train_ep_006390,train,False,False,False,0,True,1,1,True,True,persona_mention,14
train_ep_006391,train,False,False,False,0,False,0,0,False,False,none,14
train_ep_006392,train,False,False,False,0,False,0,0,False,False,none,14
train_ep_006393,train,True,True,False,0,True,3,11,True,True,direct_appearance,14
train_ep_006394,train,False,False,False,0,False,0,0,False,False,none,14
train_ep_006395,train,False,False,False,0,False,0,0,False,False,none,12
train_ep_006396,train,False,False,False,0,False,0,0,False,False,none,14
train_ep_006397,train,False,False,True,2,True,1,3,True,True,speech_mention,14
train_ep_006398,train,False,False,False,0,False,0,0,False,False,none,14
train_ep_006399,train,False,False,False,0,True,1,1,True,True,persona_mention,4
train_ep_006400,train,False,False,False,0,True,1,1,True,True,persona_mention,14
train_ep_006401,train,False,False,False,0,False,0,0,False,False,none,14
train_ep_006402,train,False,False,False,0,False,0,0,False,False,none,14
train_ep_006403,train,False,False,True,4,True,2,6,True,True,speech_mention,14
train_ep_006404,train,False,False,True,1,True,1,2,True,True,speech_mention,14
train_ep_006405,train,False,False,True,1,True,1,2,True,True,speech_mention,9
train_ep_006406,train,False,False,False,0,False,0,0,False,False,none,14
train_ep_006407,train,False,False,False,0,False,0,0,False,False,none,14
train_ep_006408,train,False,False,False,0,False,0,0,False,False,none,6
train_ep_006409,train,False,False,False,0,False,0,0,False,False,none,14
train_ep_006410,train,False,False,False,0,False,0,0,False,False,none,14
train_ep_006411,train,False,False,False,0,False,0,0,False,False,none,14
train_ep_006412,train,False,False,False,0,False,0,0,False,False,none,14
train_ep_006413,train,False,False,False,0,False,0,0,False,False,none,14
train_ep_006414,train,False,False,True,3,True,2,5,True,True,speech_mention,14
train_ep_006415,train,False,False,False,0,False,0,0,False,False,none,14
train_ep_006416,train,False,False,True,3,True,2,5,True,True,speech_mention,13
train_ep_006417,train,False,False,False,0,True,1,1,True,True,persona_mention,14
train_ep_006418,train,False,False,False,0,False,0,0,False,False,none,14
train_ep_006419,train,False,False,False,0,True,1,1,True,True,persona_mention,14
train_ep_006420,train,False,False,False,0,False,0,0,False,False,none,13
train_ep_006421,train,False,False,False,0,False,0,0,False,False,none,14
train_ep_006422,train,False,False,False,0,False,0,0,False,False,none,14
train_ep_006423,train,False,False,False,0,False,0,0,False,False,none,14
train_ep_006424,train,False,False,True,1,True,1,2,True,True,speech_mention,14
train_ep_006425,train,False,False,False,0,False,0,0,False,False,none,7
train_ep_006426,train,False,False,False,0,False,0,0,False,False,none,14
train_ep_006427,train,False,False,False,0,False,0,0,False,False,none,14
train_ep_006428,train,False,False,False,0,True,1,1,True,True,persona_mention,14
train_ep_006429,train,False,False,False,0,False,0,0,False,False,none,14
train_ep_006430,train,False,False,True,4,True,1,5,True,True,speech_mention,14
train_ep_006431,train,False,False,False,0,False,0,0,False,False,none,14
train_ep_006432,train,False,False,False,0,False,0,0,False,False,none,14
train_ep_006433,train,False,False,False,0,False,0,0,False,False,none,11
train_ep_006434,train,False,False,False,0,False,0,0,False,False,none,14
train_ep_006435,train,False,False,False,0,True,1,1,True,True,persona_mention,8
train_ep_006436,train,False,False,True,5,True,1,6,True,True,speech_mention,14
train_ep_006437,train,False,False,False,0,False,0,0,False,False,none,14
train_ep_006438,train,False,False,False,0,False,0,0,False,False,none,14
train_ep_006439,train,True,True,True,2,False,0,10,True,True,direct_appearance,14
train_ep_006440,train,False,False,False,0,False,0,0,False,False,none,14
train_ep_006441,train,False,False,False,0,False,0,0,False,False,none,14
train_ep_006442,train,False,False,False,0,False,0,0,False,False,none,14
train_ep_006443,train,False,False,False,0,False,0,0,False,False,none,14
train_ep_006444,train,False,False,False,0,False,0,0,False,False,none,14
train_ep_006445,train,False,False,False,0,False,0,0,False,False,none,14
train_ep_006446,train,False,False,False,0,False,0,0,False,False,none,14
train_ep_006447,train,True,True,True,2,True,3,13,True,True,direct_appearance,14
train_ep_006448,train,False,False,True,1,False,0,1,True,False,speech_mention,14
train_ep_006449,train,False,False,True,1,False,0,1,True,False,speech_mention,14
train_ep_006450,train,False,False,False,0,False,0,0,False,False,none,14
train_ep_006451,train,False,False,False,0,False,0,0,False,False,none,14
train_ep_006452,train,False,False,False,0,False,0,0,False,False,none,14
train_ep_006453,train,True,True,False,0,True,3,11,True,True,direct_appearance,14
train_ep_006454,train,False,False,True,2,True,1,3,True,True,speech_mention,14
train_ep_006455,train,True,True,False,0,True,1,9,True,True,direct_appearance,14
train_ep_006456,train,False,False,False,0,False,0,0,False,False,none,14
train_ep_006457,train,False,False,False,0,False,0,0,False,False,none,14
train_ep_006458,train,False,False,False,0,False,0,0,False,False,none,14
train_ep_006459,train,False,False,False,0,False,0,0,False,False,none,14
train_ep_006460,train,True,True,False,0,True,3,11,True,True,direct_appearance,14
train_ep_006461,train,False,False,False,0,True,1,1,True,True,persona_mention,14
train_ep_006462,train,False,False,False,0,False,0,0,False,False,none,14
train_ep_006463,train,False,False,False,0,False,0,0,False,False,none,14
train_ep_006464,train,False,False,False,0,False,0,0,False,False,none,14
train_ep_006465,train,True,True,True,2,True,3,13,True,True,direct_appearance,14
train_ep_006466,train,False,False,False,0,False,0,0,False,False,none,14
train_ep_006467,train,False,False,True,2,True,2,4,True,True,speech_mention,9
train_ep_006468,train,False,False,False,0,False,0,0,False,False,none,14
train_ep_006469,train,False,False,False,0,False,0,0,False,False,none,14
train_ep_006470,train,False,False,False,0,False,0,0,False,False,none,14
train_ep_006471,train,False,False,False,0,False,0,0,False,False,none,14
train_ep_006472,train,False,False,True,5,False,0,5,True,True,speech_mention,14
train_ep_006473,train,False,False,False,0,False,0,0,False,False,none,14
train_ep_006474,train,False,False,False,0,True,1,1,True,True,persona_mention,14
train_ep_006475,train,False,False,False,0,False,0,0,False,False,none,14
train_ep_006476,train,False,False,True,3,False,0,3,True,True,speech_mention,14
train_ep_006477,train,False,False,False,0,False,0,0,False,False,none,14
train_ep_006478,train,False,False,True,1,False,0,1,True,False,speech_mention,14
train_ep_006479,train,False,False,False,0,False,0,0,False,False,none,14
train_ep_006480,train,False,False,False,0,False,0,0,False,False,none,14
train_ep_006481,train,False,False,False,0,False,0,0,False,False,none,14
train_ep_006482,train,False,False,False,0,False,0,0,False,False,none,14
train_ep_006483,train,False,False,False,0,False,0,0,False,False,none,14
train_ep_006484,train,False,False,False,0,True,2,2,True,True,persona_mention,14
train_ep_006485,train,False,False,False,0,False,0,0,False,False,none,14
train_ep_006486,train,True,True,True,1,True,1,10,True,True,direct_appearance,14
train_ep_006487,train,False,False,False,0,False,0,0,False,False,none,14
train_ep_006488,train,False,False,False,0,False,0,0,False,False,none,10
train_ep_006489,train,False,False,False,0,False,0,0,False,False,none,14
train_ep_006490,train,False,False,True,2,False,0,2,True,True,speech_mention,14
train_ep_006491,train,False,False,False,0,True,1,1,True,True,persona_mention,14
train_ep_006492,train,False,False,True,1,True,1,2,True,True,speech_mention,14
train_ep_006493,train,False,False,False,0,False,0,0,False,False,none,14
train_ep_006494,train,False,False,False,0,False,0,0,False,False,none,14
train_ep_006495,train,False,False,True,9,True,1,6,True,True,speech_mention,14
train_ep_006496,train,False,False,False,0,False,0,0,False,False,none,14
train_ep_006497,train,False,False,False,0,False,0,0,False,False,none,14
train_ep_006498,train,False,False,False,0,False,0,0,False,False,none,14
train_ep_006499,train,False,False,False,0,False,0,0,False,False,none,14
train_ep_006500,train,False,False,True,4,True,1,5,True,True,speech_mention,14
train_ep_006501,train,False,False,True,5,False,0,5,True,True,speech_mention,14
train_ep_006502,train,False,False,False,0,False,0,0,False,False,none,14
train_ep_006503,train,False,False,False,0,False,0,0,False,False,none,14
train_ep_006504,train,False,False,False,0,False,0,0,False,False,none,14
train_ep_006505,train,False,False,False,0,False,0,0,False,False,none,14
train_ep_006506,train,False,False,False,0,True,1,1,True,True,persona_mention,14
train_ep_006507,train,False,False,False,0,False,0,0,False,False,none,14
train_ep_006508,train,False,False,False,0,False,0,0,False,False,none,14
train_ep_006509,train,True,True,False,0,True,1,9,True,True,direct_appearance,13
train_ep_006510,train,False,False,False,0,False,0,0,False,False,none,14
train_ep_006511,train,False,False,False,0,True,1,1,True,True,persona_mention,14
train_ep_006512,train,False,False,True,2,False,0,2,True,True,speech_mention,14
train_ep_006513,train,False,False,False,0,False,0,0,False,False,none,14
train_ep_006514,train,False,False,False,0,False,0,0,False,False,none,8
train_ep_006515,train,False,False,False,0,False,0,0,False,False,none,14
train_ep_006516,train,False,False,False,0,False,0,0,False,False,none,14
train_ep_006517,train,False,False,True,3,True,2,5,True,True,speech_mention,14
train_ep_006518,train,True,True,True,2,True,1,11,True,True,direct_appearance,14
train_ep_006519,train,True,True,False,0,True,1,9,True,True,direct_appearance,14
train_ep_006520,train,False,False,False,0,False,0,0,False,False,none,14
train_ep_006521,train,False,False,False,0,False,0,0,False,False,none,14
train_ep_006522,train,False,False,False,0,False,0,0,False,False,none,14
train_ep_006523,train,False,False,False,0,False,0,0,False,False,none,14
train_ep_006524,train,False,False,False,0,False,0,0,False,False,none,14
train_ep_006525,train,False,False,False,0,False,0,0,False,False,none,14
train_ep_006526,train,False,False,False,0,False,0,0,False,False,none,14
train_ep_006527,train,False,False,False,0,False,0,0,False,False,none,14
train_ep_006528,train,False,False,False,0,False,0,0,False,False,none,3
train_ep_006529,train,False,False,False,0,True,1,1,True,True,persona_mention,14
train_ep_006530,train,False,False,False,0,False,0,0,False,False,none,5
train_ep_006531,train,False,False,False,0,True,1,1,True,True,persona_mention,14
train_ep_006532,train,False,False,False,0,False,0,0,False,False,none,14
train_ep_006533,train,False,False,False,0,False,0,0,False,False,none,14
train_ep_006534,train,True,True,True,2,True,1,11,True,True,direct_appearance,14
train_ep_006535,train,False,False,False,0,False,0,0,False,False,none,14
train_ep_006536,train,False,False,True,1,False,0,1,True,False,speech_mention,14
train_ep_006537,train,False,False,False,0,False,0,0,False,False,none,14
train_ep_006538,train,False,False,False,0,False,0,0,False,False,none,14
train_ep_006539,train,False,False,False,0,False,0,0,False,False,none,14
train_ep_006540,train,False,False,True,1,False,0,1,True,False,speech_mention,14
train_ep_006541,train,False,False,False,0,True,1,1,True,True,persona_mention,4
train_ep_006542,train,False,False,False,0,True,1,1,True,True,persona_mention,4
train_ep_006543,train,False,False,False,0,True,1,1,True,True,persona_mention,14
train_ep_006544,train,False,False,False,0,True,1,1,True,True,persona_mention,14
train_ep_006545,train,False,False,False,0,False,0,0,False,False,none,14
train_ep_006546,train,False,False,True,5,True,1,6,True,True,speech_mention,14
train_ep_006547,train,False,False,False,0,False,0,0,False,False,none,14
train_ep_006548,train,False,False,True,1,False,0,1,True,False,speech_mention,14
train_ep_006549,train,False,False,False,0,False,0,0,False,False,none,14
train_ep_006550,train,False,False,True,2,True,1,3,True,True,speech_mention,14
train_ep_006551,train,False,False,True,1,False,0,1,True,False,speech_mention,14
train_ep_006552,train,False,False,False,0,False,0,0,False,False,none,14
train_ep_006553,train,False,False,False,0,False,0,0,False,False,none,5
train_ep_006554,train,False,False,False,0,False,0,0,False,False,none,14
train_ep_006555,train,False,False,False,0,True,1,1,True,True,persona_mention,14
train_ep_006556,train,False,False,False,0,False,0,0,False,False,none,14
train_ep_006557,train,False,False,False,0,False,0,0,False,False,none,14
train_ep_006558,train,False,False,False,0,False,0,0,False,False,none,14
train_ep_006559,train,False,False,False,0,False,0,0,False,False,none,14
train_ep_006560,train,False,False,False,0,False,0,0,False,False,none,14
train_ep_006561,train,False,False,False,0,False,0,0,False,False,none,14
train_ep_006562,train,False,False,True,4,True,3,7,True,True,speech_mention,14
train_ep_006563,train,False,False,False,0,False,0,0,False,False,none,14
train_ep_006564,train,False,False,False,0,False,0,0,False,False,none,14
train_ep_006565,train,False,False,False,0,False,0,0,False,False,none,14
train_ep_006566,train,False,False,False,0,True,2,2,True,True,persona_mention,14
train_ep_006567,train,False,False,False,0,True,1,1,True,True,persona_mention,14
train_ep_006568,train,False,False,True,3,True,1,4,True,True,speech_mention,14
train_ep_006569,train,False,False,True,2,False,0,2,True,True,speech_mention,14
train_ep_006570,train,False,False,True,1,False,0,1,True,False,speech_mention,14
train_ep_006571,train,False,False,False,0,False,0,0,False,False,none,14
train_ep_006572,train,False,False,True,2,False,0,2,True,True,speech_mention,14
train_ep_006573,train,False,False,False,0,False,0,0,False,False,none,14
train_ep_006574,train,False,False,True,2,True,1,3,True,True,speech_mention,14
train_ep_006575,train,True,True,False,0,True,1,9,True,True,direct_appearance,14
train_ep_006576,train,False,False,False,0,True,1,1,True,True,persona_mention,14
train_ep_006577,train,False,False,False,0,False,0,0,False,False,none,14
train_ep_006578,train,False,False,False,0,False,0,0,False,False,none,11
train_ep_006579,train,False,False,False,0,False,0,0,False,False,none,14
train_ep_006580,train,False,False,False,0,False,0,0,False,False,none,14
train_ep_006581,train,False,False,False,0,True,2,2,True,True,persona_mention,14
train_ep_006582,train,False,False,False,0,False,0,0,False,False,none,14
train_ep_006583,train,False,False,False,0,False,0,0,False,False,none,14
train_ep_006584,train,False,False,False,0,False,0,0,False,False,none,14
train_ep_006585,train,False,False,False,0,False,0,0,False,False,none,14
train_ep_006586,train,False,False,False,0,True,1,1,True,True,persona_mention,14
train_ep_006587,train,False,False,False,0,False,0,0,False,False,none,14
train_ep_006588,train,True,True,True,1,True,1,10,True,True,direct_appearance,14
train_ep_006589,train,False,False,False,0,False,0,0,False,False,none,14
train_ep_006590,train,False,False,False,0,True,1,1,True,True,persona_mention,14
train_ep_006591,train,False,False,True,1,True,1,2,True,True,speech_mention,14
train_ep_006592,train,False,False,False,0,False,0,0,False,False,none,14
train_ep_006593,train,False,False,False,0,False,0,0,False,False,none,14
train_ep_006594,train,False,False,True,4,False,0,4,True,True,speech_mention,14
train_ep_006595,train,False,False,True,3,False,0,3,True,True,speech_mention,14
train_ep_006596,train,False,False,False,0,False,0,0,False,False,none,14
train_ep_006597,train,False,False,False,0,False,0,0,False,False,none,14
train_ep_006598,train,False,False,False,0,True,2,2,True,True,persona_mention,14
train_ep_006599,train,False,False,False,0,False,0,0,False,False,none,14
train_ep_006600,train,False,False,False,0,True,1,1,True,True,persona_mention,14
train_ep_006601,train,False,False,False,0,False,0,0,False,False,none,14
train_ep_006602,train,False,False,False,0,False,0,0,False,False,none,14
train_ep_006603,train,True,True,False,0,True,1,9,True,True,direct_appearance,3
train_ep_006604,train,False,False,False,0,True,1,1,True,True,persona_mention,14
train_ep_006605,train,False,False,False,0,False,0,0,False,False,none,14
train_ep_006606,train,False,False,False,0,False,0,0,False,False,none,14
train_ep_006607,train,False,False,False,0,False,0,0,False,False,none,14
train_ep_006608,train,False,False,False,0,False,0,0,False,False,none,14
train_ep_006609,train,False,False,False,0,False,0,0,False,False,none,14
train_ep_006610,train,False,False,False,0,False,0,0,False,False,none,14
train_ep_006611,train,False,False,False,0,False,0,0,False,False,none,14
train_ep_006612,train,False,False,False,0,True,1,1,True,True,persona_mention,14
train_ep_006613,train,False,False,False,0,False,0,0,False,False,none,14
train_ep_006614,train,True,True,True,5,True,1,14,True,True,direct_appearance,14
train_ep_006615,train,False,False,False,0,False,0,0,False,False,none,14
train_ep_006616,train,False,False,True,1,False,0,1,True,False,speech_mention,11
train_ep_006617,train,False,False,False,0,True,2,2,True,True,persona_mention,14
train_ep_006618,train,False,False,True,2,True,2,4,True,True,speech_mention,14
train_ep_006619,train,False,False,True,1,False,0,1,True,False,speech_mention,14
train_ep_006620,train,False,False,True,1,True,1,2,True,True,speech_mention,14
train_ep_006621,train,False,False,False,0,False,0,0,False,False,none,14
train_ep_006622,train,False,False,False,0,False,0,0,False,False,none,14
train_ep_006623,train,False,False,False,0,False,0,0,False,False,none,14
train_ep_006624,train,False,False,False,0,True,1,1,True,True,persona_mention,14
train_ep_006625,train,False,False,False,0,False,0,0,False,False,none,14
train_ep_006626,train,False,False,True,1,True,1,2,True,True,speech_mention,14
train_ep_006627,train,False,False,False,0,True,1,1,True,True,persona_mention,14
train_ep_006628,train,False,False,False,0,True,1,1,True,True,persona_mention,14
train_ep_006629,train,False,False,False,0,False,0,0,False,False,none,14
train_ep_006630,train,False,False,False,0,False,0,0,False,False,none,12
train_ep_006631,train,True,True,False,0,True,1,9,True,True,direct_appearance,14
train_ep_006632,train,False,False,False,0,False,0,0,False,False,none,14
train_ep_006633,train,True,True,False,0,True,1,9,True,True,direct_appearance,14
train_ep_006634,train,False,False,False,0,False,0,0,False,False,none,14
train_ep_006635,train,False,False,False,0,False,0,0,False,False,none,14
train_ep_006636,train,False,False,False,0,False,0,0,False,False,none,4
train_ep_006637,train,False,False,False,0,False,0,0,False,False,none,14
train_ep_006638,train,True,True,True,3,True,1,12,True,True,direct_appearance,14
train_ep_006639,train,False,False,False,0,False,0,0,False,False,none,14
train_ep_006640,train,False,False,False,0,False,0,0,False,False,none,14
train_ep_006641,train,False,False,False,0,False,0,0,False,False,none,14
train_ep_006642,train,False,False,False,0,False,0,0,False,False,none,14
train_ep_006643,train,False,False,False,0,False,0,0,False,False,none,14
train_ep_006644,train,False,False,False,0,False,0,0,False,False,none,14
train_ep_006645,train,False,False,False,0,False,0,0,False,False,none,14
train_ep_006646,train,False,False,False,0,False,0,0,False,False,none,14
train_ep_006647,train,False,False,False,0,True,1,1,True,True,persona_mention,14
train_ep_006648,train,False,False,False,0,False,0,0,False,False,none,14
train_ep_006649,train,False,False,True,1,True,1,2,True,True,speech_mention,14
train_ep_006650,train,False,False,False,0,False,0,0,False,False,none,14
train_ep_006651,train,False,False,False,0,False,0,0,False,False,none,14
train_ep_006652,train,False,False,False,0,False,0,0,False,False,none,14
train_ep_006653,train,False,False,False,0,False,0,0,False,False,none,14
train_ep_006654,train,False,False,False,0,False,0,0,False,False,none,14
train_ep_006655,train,False,False,False,0,True,1,1,True,True,persona_mention,14
train_ep_006656,train,False,False,False,0,True,1,1,True,True,persona_mention,14
train_ep_006657,train,False,False,False,0,False,0,0,False,False,none,14
train_ep_006658,train,False,False,True,3,False,0,3,True,True,speech_mention,14
train_ep_006659,train,False,False,False,0,False,0,0,False,False,none,14
train_ep_006660,train,False,False,False,0,False,0,0,False,False,none,14
train_ep_006661,train,False,False,False,0,False,0,0,False,False,none,14
train_ep_006662,train,False,False,False,0,False,0,0,False,False,none,14
train_ep_006663,train,False,False,False,0,True,2,2,True,True,persona_mention,14
train_ep_006664,train,False,False,False,0,False,0,0,False,False,none,14
train_ep_006665,train,False,False,False,0,False,0,0,False,False,none,14
train_ep_006666,train,False,False,False,0,False,0,0,False,False,none,14
train_ep_006667,train,False,False,False,0,False,0,0,False,False,none,14
train_ep_006668,train,False,False,False,0,False,0,0,False,False,none,14
train_ep_006669,train,False,False,False,0,False,0,0,False,False,none,14
train_ep_006670,train,False,False,True,3,False,0,3,True,True,speech_mention,14
train_ep_006671,train,False,False,False,0,False,0,0,False,False,none,14
train_ep_006672,train,False,False,True,3,True,1,4,True,True,speech_mention,14
train_ep_006673,train,False,False,True,2,True,1,3,True,True,speech_mention,14
train_ep_006674,train,False,False,True,2,False,0,2,True,True,speech_mention,14
train_ep_006675,train,False,False,True,1,False,0,1,True,False,speech_mention,14
train_ep_006676,train,False,False,False,0,False,0,0,False,False,none,14
train_ep_006677,train,False,False,False,0,True,1,1,True,True,persona_mention,14
train_ep_006678,train,False,False,True,2,True,1,3,True,True,speech_mention,8
train_ep_006679,train,False,False,False,0,False,0,0,False,False,none,14
train_ep_006680,train,False,False,False,0,False,0,0,False,False,none,14
train_ep_006681,train,False,False,False,0,False,0,0,False,False,none,14
train_ep_006682,train,False,False,False,0,False,0,0,False,False,none,14
train_ep_006683,train,False,False,False,0,True,1,1,True,True,persona_mention,14
train_ep_006684,train,False,False,False,0,False,0,0,False,False,none,14
train_ep_006685,train,False,False,True,2,True,1,3,True,True,speech_mention,14
train_ep_006686,train,False,False,False,0,False,0,0,False,False,none,14
train_ep_006687,train,False,False,False,0,True,1,1,True,True,persona_mention,14
train_ep_006688,train,False,False,False,0,False,0,0,False,False,none,14
train_ep_006689,train,False,False,False,0,True,1,1,True,True,persona_mention,14
train_ep_006690,train,False,False,True,1,False,0,1,True,False,speech_mention,14
train_ep_006691,train,False,False,True,1,False,0,1,True,False,speech_mention,14
train_ep_006692,train,False,False,True,3,True,2,5,True,True,speech_mention,14
train_ep_006693,train,False,False,False,0,False,0,0,False,False,none,14
train_ep_006694,train,False,False,False,0,True,1,1,True,True,persona_mention,14
train_ep_006695,train,False,False,False,0,False,0,0,False,False,none,14
train_ep_006696,train,True,True,True,1,True,1,10,True,True,direct_appearance,14
train_ep_006697,train,False,False,False,0,False,0,0,False,False,none,14
train_ep_006698,train,False,False,False,0,False,0,0,False,False,none,14
train_ep_006699,train,False,False,False,0,False,0,0,False,False,none,12
train_ep_006700,train,False,False,False,0,True,1,1,True,True,persona_mention,14
train_ep_006701,train,False,False,False,0,False,0,0,False,False,none,14
train_ep_006702,train,False,False,False,0,False,0,0,False,False,none,14
train_ep_006703,train,False,False,False,0,True,2,2,True,True,persona_mention,14
train_ep_006704,train,True,True,True,1,True,4,12,True,True,direct_appearance,14
train_ep_006705,train,False,False,False,0,False,0,0,False,False,none,14
train_ep_006706,train,False,False,False,0,False,0,0,False,False,none,14
train_ep_006707,train,False,False,False,0,False,0,0,False,False,none,14
train_ep_006708,train,False,False,False,0,True,2,2,True,True,persona_mention,14
train_ep_006709,train,False,False,False,0,False,0,0,False,False,none,14
train_ep_006710,train,False,False,False,0,False,0,0,False,False,none,14
train_ep_006711,train,False,False,False,0,False,0,0,False,False,none,14
train_ep_006712,train,False,False,False,0,False,0,0,False,False,none,14
train_ep_006713,train,True,True,True,4,True,3,15,True,True,direct_appearance,14
train_ep_006714,train,False,False,False,0,False,0,0,False,False,none,14
train_ep_006715,train,False,False,False,0,True,1,1,True,True,persona_mention,14
train_ep_006716,train,False,False,False,0,False,0,0,False,False,none,14
train_ep_006717,train,False,False,True,3,True,1,4,True,True,speech_mention,14
train_ep_006718,train,False,False,False,0,False,0,0,False,False,none,14
train_ep_006719,train,True,True,True,2,True,3,13,True,True,direct_appearance,6
train_ep_006720,train,False,False,False,0,False,0,0,False,False,none,14
train_ep_006721,train,False,False,False,0,True,1,1,True,True,persona_mention,14
train_ep_006722,train,False,False,True,1,False,0,1,True,False,speech_mention,14
train_ep_006723,train,False,False,False,0,False,0,0,False,False,none,14
train_ep_006724,train,True,True,True,3,True,3,14,True,True,direct_appearance,14
train_ep_006725,train,True,True,True,5,True,3,16,True,True,direct_appearance,14
train_ep_006726,train,False,False,False,0,False,0,0,False,False,none,14
train_ep_006727,train,False,False,False,0,False,0,0,False,False,none,14
train_ep_006728,train,False,False,False,0,False,0,0,False,False,none,14
train_ep_006729,train,False,False,True,1,True,1,2,True,True,speech_mention,14
train_ep_006730,train,False,False,False,0,False,0,0,False,False,none,14
train_ep_006731,train,False,False,False,0,False,0,0,False,False,none,14
train_ep_006732,train,False,False,True,3,False,0,3,True,True,speech_mention,14
train_ep_006733,train,False,False,False,0,False,0,0,False,False,none,14
train_ep_006734,train,False,False,False,0,False,0,0,False,False,none,14
train_ep_006735,train,False,False,True,1,True,1,2,True,True,speech_mention,14
train_ep_006736,train,True,True,False,0,True,1,9,True,True,direct_appearance,14
train_ep_006737,train,False,False,True,4,True,2,6,True,True,speech_mention,14
train_ep_006738,train,False,False,True,4,True,1,5,True,True,speech_mention,14
train_ep_006739,train,False,False,False,0,False,0,0,False,False,none,14
train_ep_006740,train,False,False,True,1,True,1,2,True,True,speech_mention,14
train_ep_006741,train,False,False,False,0,False,0,0,False,False,none,14
train_ep_006742,train,False,False,True,1,True,1,2,True,True,speech_mention,14
train_ep_006743,train,False,False,False,0,True,1,1,True,True,persona_mention,14
train_ep_006744,train,False,False,True,1,True,1,2,True,True,speech_mention,14
train_ep_006745,train,False,False,True,1,False,0,1,True,False,speech_mention,7
train_ep_006746,train,False,False,False,0,False,0,0,False,False,none,14
train_ep_006747,train,True,True,True,2,True,3,13,True,True,direct_appearance,14
train_ep_006748,train,False,False,False,0,False,0,0,False,False,none,14
train_ep_006749,train,False,False,False,0,False,0,0,False,False,none,14
train_ep_006750,train,False,False,False,0,False,0,0,False,False,none,14
train_ep_006751,train,False,False,False,0,False,0,0,False,False,none,14
train_ep_006752,train,True,True,True,3,False,0,11,True,True,direct_appearance,14
train_ep_006753,train,False,False,False,0,False,0,0,False,False,none,14
train_ep_006754,train,True,True,True,1,True,2,11,True,True,direct_appearance,14
train_ep_006755,train,False,False,False,0,False,0,0,False,False,none,14
train_ep_006756,train,False,False,False,0,False,0,0,False,False,none,14
train_ep_006757,train,False,False,False,0,False,0,0,False,False,none,14
train_ep_006758,train,False,False,False,0,False,0,0,False,False,none,14
train_ep_006759,train,False,False,False,0,False,0,0,False,False,none,14
train_ep_006760,train,False,False,False,0,True,2,2,True,True,persona_mention,14
train_ep_006761,train,False,False,False,0,False,0,0,False,False,none,14
train_ep_006762,train,True,True,True,2,False,0,10,True,True,direct_appearance,14
train_ep_006763,train,False,False,False,0,False,0,0,False,False,none,14
train_ep_006764,train,False,False,True,2,False,0,2,True,True,speech_mention,14
train_ep_006765,train,False,False,True,2,True,1,3,True,True,speech_mention,14
train_ep_006766,train,False,False,True,2,True,2,4,True,True,speech_mention,14
train_ep_006767,train,False,False,True,1,True,2,3,True,True,speech_mention,12
train_ep_006768,train,False,False,False,0,False,0,0,False,False,none,14
train_ep_006769,train,False,False,True,2,False,0,2,True,True,speech_mention,14
train_ep_006770,train,True,True,True,4,True,1,13,True,True,direct_appearance,14
train_ep_006771,train,False,False,False,0,True,1,1,True,True,persona_mention,10
train_ep_006772,train,False,False,False,0,False,0,0,False,False,none,14
train_ep_006773,train,False,False,False,0,False,0,0,False,False,none,14
train_ep_006774,train,False,False,False,0,False,0,0,False,False,none,14
train_ep_006775,train,False,False,False,0,False,0,0,False,False,none,14
train_ep_006776,train,False,False,False,0,False,0,0,False,False,none,14
train_ep_006777,train,False,False,True,2,True,1,3,True,True,speech_mention,14
train_ep_006778,train,False,False,False,0,False,0,0,False,False,none,14
train_ep_006779,train,False,False,False,0,True,1,1,True,True,persona_mention,14
train_ep_006780,train,False,False,True,2,True,1,3,True,True,speech_mention,14
train_ep_006781,train,False,False,False,0,False,0,0,False,False,none,14
train_ep_006782,train,False,False,True,2,False,0,2,True,True,speech_mention,14
train_ep_006783,train,True,True,True,4,False,0,12,True,True,direct_appearance,14
train_ep_006784,train,False,False,False,0,True,1,1,True,True,persona_mention,14
train_ep_006785,train,False,False,False,0,False,0,0,False,False,none,14
train_ep_006786,train,False,False,False,0,True,1,1,True,True,persona_mention,14
train_ep_006787,train,False,False,False,0,False,0,0,False,False,none,14
train_ep_006788,train,True,True,False,0,True,3,11,True,True,direct_appearance,14
train_ep_006789,train,False,False,False,0,False,0,0,False,False,none,14
train_ep_006790,train,False,False,False,0,False,0,0,False,False,none,14
train_ep_006791,train,False,False,False,0,True,1,1,True,True,persona_mention,14
train_ep_006792,train,True,True,False,0,True,4,11,True,True,direct_appearance,14
train_ep_006793,train,False,False,False,0,False,0,0,False,False,none,14
train_ep_006794,train,False,False,False,0,True,1,1,True,True,persona_mention,14
train_ep_006795,train,False,False,True,2,True,1,3,True,True,speech_mention,14
train_ep_006796,train,False,False,False,0,False,0,0,False,False,none,14
train_ep_006797,train,False,False,True,2,True,2,4,True,True,speech_mention,14
train_ep_006798,train,False,False,True,1,False,0,1,True,False,speech_mention,14
train_ep_006799,train,False,False,True,1,False,0,1,True,False,speech_mention,14
train_ep_006800,train,False,False,False,0,False,0,0,False,False,none,14
train_ep_006801,train,True,True,True,2,True,3,13,True,True,direct_appearance,14
train_ep_006802,train,False,False,False,0,False,0,0,False,False,none,14
train_ep_006803,train,False,False,False,0,True,1,1,True,True,persona_mention,13
train_ep_006804,train,True,True,True,7,False,0,13,True,True,direct_appearance,14
train_ep_006805,train,False,False,False,0,False,0,0,False,False,none,12
train_ep_006806,train,False,False,True,1,False,0,1,True,False,speech_mention,14
train_ep_006807,train,True,True,False,0,True,3,11,True,True,direct_appearance,8
train_ep_006808,train,False,False,False,0,False,0,0,False,False,none,14
train_ep_006809,train,False,False,False,0,False,0,0,False,False,none,2
train_ep_006810,train,False,False,False,0,False,0,0,False,False,none,4
train_ep_006811,train,False,False,False,0,True,1,1,True,True,persona_mention,2
train_ep_006812,train,False,False,False,0,False,0,0,False,False,none,14
train_ep_006813,train,False,False,False,0,False,0,0,False,False,none,14
train_ep_006814,train,False,False,False,0,False,0,0,False,False,none,14
train_ep_006815,train,False,False,False,0,False,0,0,False,False,none,14
train_ep_006816,train,False,False,False,0,False,0,0,False,False,none,14
train_ep_006817,train,False,False,False,0,False,0,0,False,False,none,14
train_ep_006818,train,False,False,False,0,False,0,0,False,False,none,13
train_ep_006819,train,False,False,False,0,False,0,0,False,False,none,14
train_ep_006820,train,True,True,False,0,True,3,11,True,True,direct_appearance,14
train_ep_006821,train,True,True,False,0,True,1,9,True,True,direct_appearance,14
train_ep_006822,train,False,False,False,0,False,0,0,False,False,none,14
train_ep_006823,train,False,False,False,0,False,0,0,False,False,none,14
train_ep_006824,train,False,False,False,0,True,1,1,True,True,persona_mention,5
train_ep_006825,train,False,False,False,0,False,0,0,False,False,none,14
train_ep_006826,train,False,False,True,1,True,1,2,True,True,speech_mention,14
train_ep_006827,train,False,False,False,0,False,0,0,False,False,none,14
train_ep_006828,train,False,False,False,0,False,0,0,False,False,none,14
train_ep_006829,train,False,False,False,0,False,0,0,False,False,none,14
train_ep_006830,train,False,False,False,0,True,1,1,True,True,persona_mention,14
train_ep_006831,train,False,False,True,2,True,1,3,True,True,speech_mention,14
train_ep_006832,train,False,False,False,0,False,0,0,False,False,none,14
train_ep_006833,train,True,True,False,0,True,3,11,True,True,direct_appearance,14
train_ep_006834,train,False,False,False,0,True,1,1,True,True,persona_mention,14
train_ep_006835,train,False,False,False,0,True,1,1,True,True,persona_mention,14
train_ep_006836,train,False,False,False,0,False,0,0,False,False,none,14
train_ep_006837,train,True,True,True,2,True,3,13,True,True,direct_appearance,14
train_ep_006838,train,False,False,True,1,True,2,3,True,True,speech_mention,14
train_ep_006839,train,True,True,True,1,True,3,12,True,True,direct_appearance,14
train_ep_006840,train,True,True,False,0,True,1,9,True,True,direct_appearance,14
train_ep_006841,train,False,False,False,0,True,1,1,True,True,persona_mention,14
train_ep_006842,train,False,False,False,0,False,0,0,False,False,none,14
train_ep_006843,train,False,False,True,1,True,1,2,True,True,speech_mention,14
train_ep_006844,train,False,False,False,0,False,0,0,False,False,none,14
train_ep_006845,train,True,True,True,1,True,1,10,True,True,direct_appearance,9
train_ep_006846,train,False,False,False,0,False,0,0,False,False,none,14
train_ep_006847,train,False,False,False,0,False,0,0,False,False,none,14
train_ep_006848,train,False,False,False,0,False,0,0,False,False,none,14
train_ep_006849,train,False,False,False,0,False,0,0,False,False,none,14
train_ep_006850,train,False,False,False,0,True,1,1,True,True,persona_mention,14
train_ep_006851,train,False,False,False,0,False,0,0,False,False,none,14
train_ep_006852,train,False,False,False,0,False,0,0,False,False,none,14
train_ep_006853,train,False,False,True,1,True,1,2,True,True,speech_mention,14
train_ep_006854,train,False,False,True,1,True,1,2,True,True,speech_mention,14
train_ep_006855,train,False,False,False,0,False,0,0,False,False,none,14
train_ep_006856,train,False,False,True,2,False,0,2,True,True,speech_mention,14
train_ep_006857,train,False,False,False,0,True,1,1,True,True,persona_mention,14
train_ep_006858,train,True,True,True,3,True,3,14,True,True,direct_appearance,14
train_ep_006859,train,True,True,True,2,True,1,11,True,True,direct_appearance,14
train_ep_006860,train,False,False,False,0,False,0,0,False,False,none,14
train_ep_006861,train,False,False,True,1,True,1,2,True,True,speech_mention,14
train_ep_006862,train,False,False,False,0,False,0,0,False,False,none,7
train_ep_006863,train,False,False,False,0,False,0,0,False,False,none,14
train_ep_006864,train,False,False,False,0,False,0,0,False,False,none,14
train_ep_006865,train,False,False,False,0,False,0,0,False,False,none,14
train_ep_006866,train,False,False,False,0,False,0,0,False,False,none,14
train_ep_006867,train,False,False,True,3,True,1,4,True,True,speech_mention,14
train_ep_006868,train,False,False,False,0,False,0,0,False,False,none,14
train_ep_006869,train,False,False,True,1,True,1,2,True,True,speech_mention,14
train_ep_006870,train,False,False,False,0,False,0,0,False,False,none,3
train_ep_006871,train,False,False,False,0,False,0,0,False,False,none,14
train_ep_006872,train,False,False,True,2,False,0,2,True,True,speech_mention,14
train_ep_006873,train,False,False,False,0,False,0,0,False,False,none,14
train_ep_006874,train,False,False,False,0,False,0,0,False,False,none,14
train_ep_006875,train,True,True,False,0,True,3,11,True,True,direct_appearance,14
train_ep_006876,train,False,False,False,0,False,0,0,False,False,none,14
train_ep_006877,train,False,False,False,0,True,1,1,True,True,persona_mention,14
train_ep_006878,train,False,False,False,0,True,2,2,True,True,persona_mention,14
train_ep_006879,train,False,False,False,0,False,0,0,False,False,none,14
train_ep_006880,train,False,False,False,0,True,2,2,True,True,persona_mention,14
train_ep_006881,train,False,False,False,0,False,0,0,False,False,none,14
train_ep_006882,train,False,False,False,0,True,1,1,True,True,persona_mention,8
train_ep_006883,train,False,False,False,0,True,1,1,True,True,persona_mention,14
train_ep_006884,train,False,False,True,2,False,0,2,True,True,speech_mention,14
train_ep_006885,train,False,False,True,2,True,1,3,True,True,speech_mention,14
train_ep_006886,train,False,False,False,0,False,0,0,False,False,none,14
train_ep_006887,train,False,False,False,0,False,0,0,False,False,none,14
train_ep_006888,train,False,False,False,0,False,0,0,False,False,none,14
train_ep_006889,train,False,False,False,0,False,0,0,False,False,none,14
train_ep_006890,train,False,False,False,0,False,0,0,False,False,none,14
train_ep_006891,train,False,False,False,0,False,0,0,False,False,none,14
train_ep_006892,train,False,False,False,0,False,0,0,False,False,none,14
train_ep_006893,train,True,True,True,1,True,3,12,True,True,direct_appearance,14
train_ep_006894,train,False,False,False,0,True,1,1,True,True,persona_mention,14
train_ep_006895,train,False,False,False,0,True,1,1,True,True,persona_mention,14
train_ep_006896,train,False,False,False,0,False,0,0,False,False,none,14
train_ep_006897,train,False,False,False,0,True,2,2,True,True,persona_mention,14
train_ep_006898,train,False,False,False,0,False,0,0,False,False,none,14
train_ep_006899,train,False,False,False,0,False,0,0,False,False,none,14
train_ep_006900,train,False,False,True,2,False,0,2,True,True,speech_mention,14
train_ep_006901,train,False,False,False,0,False,0,0,False,False,none,14
train_ep_006902,train,True,True,True,2,True,1,11,True,True,direct_appearance,14
train_ep_006903,train,False,False,True,1,False,0,1,True,False,speech_mention,14
train_ep_006904,train,False,False,True,4,False,0,4,True,True,speech_mention,14
train_ep_006905,train,False,False,False,0,False,0,0,False,False,none,14
train_ep_006906,train,False,False,False,0,False,0,0,False,False,none,14
train_ep_006907,train,False,False,False,0,False,0,0,False,False,none,14
train_ep_006908,train,True,True,True,1,True,1,10,True,True,direct_appearance,14
train_ep_006909,train,False,False,False,0,False,0,0,False,False,none,14
train_ep_006910,train,False,False,False,0,True,1,1,True,True,persona_mention,14
train_ep_006911,train,False,False,False,0,True,1,1,True,True,persona_mention,14
train_ep_006912,train,False,False,True,3,True,1,4,True,True,speech_mention,14
train_ep_006913,train,False,False,False,0,False,0,0,False,False,none,14
train_ep_006914,train,False,False,True,8,True,2,7,True,True,speech_mention,14
train_ep_006915,train,False,False,False,0,False,0,0,False,False,none,14
train_ep_006916,train,False,False,True,1,False,0,1,True,False,speech_mention,14
train_ep_006917,train,False,False,False,0,False,0,0,False,False,none,14
train_ep_006918,train,False,False,False,0,False,0,0,False,False,none,14
train_ep_006919,train,False,False,False,0,False,0,0,False,False,none,14
train_ep_006920,train,False,False,False,0,False,0,0,False,False,none,14
train_ep_006921,train,False,False,False,0,True,2,2,True,True,persona_mention,14
train_ep_006922,train,False,False,False,0,False,0,0,False,False,none,14
train_ep_006923,train,False,False,False,0,False,0,0,False,False,none,14
train_ep_006924,train,True,True,False,0,True,3,11,True,True,direct_appearance,11
train_ep_006925,train,False,False,False,0,False,0,0,False,False,none,14
train_ep_006926,train,False,False,False,0,False,0,0,False,False,none,14
train_ep_006927,train,False,False,True,15,True,2,7,True,True,speech_mention,14
train_ep_006928,train,False,False,False,0,True,1,1,True,True,persona_mention,14
train_ep_006929,train,False,False,False,0,True,3,3,True,True,persona_mention,14
train_ep_006930,train,False,False,False,0,True,1,1,True,True,persona_mention,14
train_ep_006931,train,False,False,False,0,False,0,0,False,False,none,14
train_ep_006932,train,False,False,False,0,True,1,1,True,True,persona_mention,14
train_ep_006933,train,False,False,False,0,True,1,1,True,True,persona_mention,14
train_ep_006934,train,False,False,False,0,True,1,1,True,True,persona_mention,14
train_ep_006935,train,False,False,False,0,False,0,0,False,False,none,14
train_ep_006936,train,False,False,False,0,False,0,0,False,False,none,14
train_ep_006937,train,False,False,False,0,False,0,0,False,False,none,14
train_ep_006938,train,False,False,True,1,True,1,2,True,True,speech_mention,3
train_ep_006939,train,False,False,False,0,False,0,0,False,False,none,14
train_ep_006940,train,False,False,False,0,False,0,0,False,False,none,14
train_ep_006941,train,False,False,False,0,False,0,0,False,False,none,14
train_ep_006942,train,False,False,False,0,True,1,1,True,True,persona_mention,14
train_ep_006943,train,False,False,True,1,True,1,2,True,True,speech_mention,14
train_ep_006944,train,False,False,True,2,True,2,4,True,True,speech_mention,14
train_ep_006945,train,False,False,False,0,False,0,0,False,False,none,14
train_ep_006946,train,False,False,False,0,False,0,0,False,False,none,14
train_ep_006947,train,False,False,True,1,True,2,3,True,True,speech_mention,14
train_ep_006948,train,False,False,False,0,False,0,0,False,False,none,3
train_ep_006949,train,False,False,False,0,False,0,0,False,False,none,14
train_ep_006950,train,False,False,False,0,False,0,0,False,False,none,14
train_ep_006951,train,False,False,False,0,False,0,0,False,False,none,14
train_ep_006952,train,False,False,False,0,False,0,0,False,False,none,14
train_ep_006953,train,False,False,True,3,True,1,4,True,True,speech_mention,14
train_ep_006954,train,False,False,False,0,False,0,0,False,False,none,14
train_ep_006955,train,False,False,False,0,False,0,0,False,False,none,14
train_ep_006956,train,False,False,False,0,False,0,0,False,False,none,14
train_ep_006957,train,False,False,False,0,False,0,0,False,False,none,14
train_ep_006958,train,False,False,False,0,False,0,0,False,False,none,14
train_ep_006959,train,False,False,True,3,False,0,3,True,True,speech_mention,14
train_ep_006960,train,False,False,False,0,True,2,2,True,True,persona_mention,11
train_ep_006961,train,True,True,True,3,True,1,12,True,True,direct_appearance,14
train_ep_006962,train,False,False,False,0,False,0,0,False,False,none,14
train_ep_006963,train,False,False,False,0,False,0,0,False,False,none,14
train_ep_006964,train,False,False,False,0,False,0,0,False,False,none,14
train_ep_006965,train,False,False,False,0,False,0,0,False,False,none,14
train_ep_006966,train,False,False,False,0,False,0,0,False,False,none,14
train_ep_006967,train,False,False,False,0,True,1,1,True,True,persona_mention,14
train_ep_006968,train,False,False,False,0,False,0,0,False,False,none,14
train_ep_006969,train,True,True,False,0,True,3,11,True,True,direct_appearance,14
train_ep_006970,train,False,False,False,0,False,0,0,False,False,none,14
train_ep_006971,train,False,False,True,5,True,1,6,True,True,speech_mention,14
train_ep_006972,train,False,False,False,0,False,0,0,False,False,none,14
train_ep_006973,train,False,False,False,0,False,0,0,False,False,none,14
train_ep_006974,train,False,False,False,0,True,1,1,True,True,persona_mention,14
train_ep_006975,train,False,False,False,0,True,1,1,True,True,persona_mention,14
train_ep_006976,train,False,False,False,0,False,0,0,False,False,none,14
train_ep_006977,train,True,True,True,2,False,0,10,True,True,direct_appearance,14
train_ep_006978,train,False,False,True,2,False,0,2,True,True,speech_mention,14
train_ep_006979,train,False,False,False,0,False,0,0,False,False,none,14
train_ep_006980,train,False,False,False,0,False,0,0,False,False,none,14
train_ep_006981,train,False,False,False,0,False,0,0,False,False,none,14
train_ep_006982,train,False,False,False,0,False,0,0,False,False,none,14
train_ep_006983,train,False,False,True,2,True,2,4,True,True,speech_mention,14
train_ep_006984,train,False,False,False,0,False,0,0,False,False,none,14
train_ep_006985,train,False,False,False,0,False,0,0,False,False,none,14
train_ep_006986,train,False,False,False,0,False,0,0,False,False,none,14
train_ep_006987,train,False,False,False,0,False,0,0,False,False,none,14
train_ep_006988,train,True,True,False,0,True,3,11,True,True,direct_appearance,14
train_ep_006989,train,False,False,False,0,False,0,0,False,False,none,14
train_ep_006990,train,True,True,True,1,True,1,10,True,True,direct_appearance,14
train_ep_006991,train,False,False,False,0,False,0,0,False,False,none,14
train_ep_006992,train,False,False,False,0,False,0,0,False,False,none,14
train_ep_006993,train,False,False,False,0,False,0,0,False,False,none,14
train_ep_006994,train,False,False,False,0,False,0,0,False,False,none,14
train_ep_006995,train,False,False,True,3,True,2,5,True,True,speech_mention,14
train_ep_006996,train,False,False,False,0,False,0,0,False,False,none,14
train_ep_006997,train,False,False,False,0,False,0,0,False,False,none,14
train_ep_006998,train,False,False,False,0,True,1,1,True,True,persona_mention,14
train_ep_006999,train,False,False,False,0,False,0,0,False,False,none,14
train_ep_007000,train,True,True,True,2,True,3,13,True,True,direct_appearance,14
train_ep_007001,train,False,False,False,0,False,0,0,False,False,none,14
train_ep_007002,train,False,False,False,0,False,0,0,False,False,none,14
train_ep_007003,train,False,False,False,0,False,0,0,False,False,none,14
train_ep_007004,train,False,False,False,0,False,0,0,False,False,none,14
train_ep_007005,train,True,True,True,2,True,1,11,True,True,direct_appearance,14
train_ep_007006,train,False,False,False,0,True,2,2,True,True,persona_mention,14
train_ep_007007,train,False,False,True,2,False,0,2,True,True,speech_mention,14
train_ep_007008,train,False,False,False,0,False,0,0,False,False,none,14
train_ep_007009,train,False,False,False,0,False,0,0,False,False,none,14
train_ep_007010,train,False,False,False,0,False,0,0,False,False,none,14
train_ep_007011,train,True,True,False,0,False,0,8,True,True,direct_appearance,5
train_ep_007012,train,False,False,False,0,False,0,0,False,False,none,14
train_ep_007013,train,False,False,False,0,True,1,1,True,True,persona_mention,14
train_ep_007014,train,False,False,True,1,True,1,2,True,True,speech_mention,14
train_ep_007015,train,False,False,False,0,False,0,0,False,False,none,14
train_ep_007016,train,False,False,False,0,False,0,0,False,False,none,14
train_ep_007017,train,False,False,False,0,True,1,1,True,True,persona_mention,14
train_ep_007018,train,False,False,False,0,False,0,0,False,False,none,14
train_ep_007019,train,False,False,False,0,False,0,0,False,False,none,14
train_ep_007020,train,False,False,False,0,False,0,0,False,False,none,14
train_ep_007021,train,False,False,False,0,True,1,1,True,True,persona_mention,14
train_ep_007022,train,False,False,False,0,True,1,1,True,True,persona_mention,14
train_ep_007023,train,False,False,False,0,False,0,0,False,False,none,14
train_ep_007024,train,False,False,True,3,True,1,4,True,True,speech_mention,14
train_ep_007025,train,False,False,False,0,False,0,0,False,False,none,14
train_ep_007026,train,False,False,False,0,False,0,0,False,False,none,14
train_ep_007027,train,False,False,True,1,True,1,2,True,True,speech_mention,14
train_ep_007028,train,True,True,True,2,True,2,12,True,True,direct_appearance,14
train_ep_007029,train,False,False,True,2,False,0,2,True,True,speech_mention,14
train_ep_007030,train,False,False,False,0,False,0,0,False,False,none,9
train_ep_007031,train,True,True,False,0,True,1,9,True,True,direct_appearance,14
train_ep_007032,train,False,False,False,0,False,0,0,False,False,none,14
train_ep_007033,train,True,True,True,1,True,1,10,True,True,direct_appearance,14
train_ep_007034,train,False,False,False,0,False,0,0,False,False,none,14
train_ep_007035,train,False,False,False,0,False,0,0,False,False,none,14
train_ep_007036,train,False,False,False,0,False,0,0,False,False,none,14
train_ep_007037,train,False,False,True,1,True,2,3,True,True,speech_mention,14
train_ep_007038,train,True,True,True,5,True,1,14,True,True,direct_appearance,14
train_ep_007039,train,False,False,True,2,True,1,3,True,True,speech_mention,14
train_ep_007040,train,False,False,False,0,False,0,0,False,False,none,14
train_ep_007041,train,False,False,False,0,False,0,0,False,False,none,13
train_ep_007042,train,False,False,True,2,True,1,3,True,True,speech_mention,14
train_ep_007043,train,False,False,True,1,False,0,1,True,False,speech_mention,14
train_ep_007044,train,False,False,False,0,False,0,0,False,False,none,14
train_ep_007045,train,False,False,False,0,False,0,0,False,False,none,14
train_ep_007046,train,False,False,False,0,False,0,0,False,False,none,14
train_ep_007047,train,False,False,True,1,False,0,1,True,False,speech_mention,14
train_ep_007048,train,False,False,False,0,True,1,1,True,True,persona_mention,14
train_ep_007049,train,False,False,False,0,False,0,0,False,False,none,14
train_ep_007050,train,False,False,False,0,True,1,1,True,True,persona_mention,14
train_ep_007051,train,False,False,False,0,False,0,0,False,False,none,14
train_ep_007052,train,False,False,False,0,False,0,0,False,False,none,14
train_ep_007053,train,False,False,False,0,False,0,0,False,False,none,14
train_ep_007054,train,False,False,False,0,False,0,0,False,False,none,14
train_ep_007055,train,False,False,False,0,False,0,0,False,False,none,14
train_ep_007056,train,False,False,True,1,True,1,2,True,True,speech_mention,14
train_ep_007057,train,False,False,True,1,False,0,1,True,False,speech_mention,5
train_ep_007058,train,False,False,False,0,False,0,0,False,False,none,14
train_ep_007059,train,False,False,False,0,False,0,0,False,False,none,14
train_ep_007060,train,False,False,False,0,False,0,0,False,False,none,14
train_ep_007061,train,False,False,False,0,False,0,0,False,False,none,14
train_ep_007062,train,False,False,False,0,True,1,1,True,True,persona_mention,14
train_ep_007063,train,False,False,False,0,True,2,2,True,True,persona_mention,14
train_ep_007064,train,False,False,False,0,True,1,1,True,True,persona_mention,14
train_ep_007065,train,False,False,False,0,True,1,1,True,True,persona_mention,14
train_ep_007066,train,True,True,True,1,True,1,10,True,True,direct_appearance,14
train_ep_007067,train,False,False,False,0,False,0,0,False,False,none,14
train_ep_007068,train,False,False,False,0,True,1,1,True,True,persona_mention,3
train_ep_007069,train,False,False,False,0,False,0,0,False,False,none,14
train_ep_007070,train,False,False,False,0,False,0,0,False,False,none,14
train_ep_007071,train,False,False,True,1,True,1,2,True,True,speech_mention,14
train_ep_007072,train,False,False,True,1,True,1,2,True,True,speech_mention,14
train_ep_007073,train,False,False,False,0,False,0,0,False,False,none,14
train_ep_007074,train,False,False,False,0,False,0,0,False,False,none,14
train_ep_007075,train,False,False,False,0,False,0,0,False,False,none,14
train_ep_007076,train,False,False,False,0,False,0,0,False,False,none,14
train_ep_007077,train,False,False,True,2,True,2,4,True,True,speech_mention,14
train_ep_007078,train,False,False,False,0,True,1,1,True,True,persona_mention,14
train_ep_007079,train,False,False,False,0,False,0,0,False,False,none,14
train_ep_007080,train,False,False,False,0,False,0,0,False,False,none,14
train_ep_007081,train,False,False,False,0,False,0,0,False,False,none,14
train_ep_007082,train,False,False,False,0,False,0,0,False,False,none,14
train_ep_007083,train,False,False,True,2,True,1,3,True,True,speech_mention,14
train_ep_007084,train,False,False,False,0,False,0,0,False,False,none,14
train_ep_007085,train,False,False,True,4,False,0,4,True,True,speech_mention,14
train_ep_007086,train,False,False,False,0,False,0,0,False,False,none,14
train_ep_007087,train,False,False,False,0,False,0,0,False,False,none,7
train_ep_007088,train,False,False,True,2,False,0,2,True,True,speech_mention,14
train_ep_007089,train,False,False,False,0,False,0,0,False,False,none,14
train_ep_007090,train,False,False,False,0,False,0,0,False,False,none,14
train_ep_007091,train,False,False,False,0,False,0,0,False,False,none,14
train_ep_007092,train,False,False,False,0,True,1,1,True,True,persona_mention,14
train_ep_007093,train,False,False,False,0,False,0,0,False,False,none,14
train_ep_007094,train,False,False,False,0,False,0,0,False,False,none,14
train_ep_007095,train,False,False,False,0,False,0,0,False,False,none,14
train_ep_007096,train,False,False,False,0,False,0,0,False,False,none,14
train_ep_007097,train,False,False,False,0,False,0,0,False,False,none,14
train_ep_007098,train,False,False,False,0,False,0,0,False,False,none,14
train_ep_007099,train,False,False,False,0,False,0,0,False,False,none,14
train_ep_007100,train,False,False,False,0,False,0,0,False,False,none,2
train_ep_007101,train,False,False,False,0,True,1,1,True,True,persona_mention,5
train_ep_007102,train,False,False,True,1,True,1,2,True,True,speech_mention,14
train_ep_007103,train,False,False,False,0,False,0,0,False,False,none,14
train_ep_007104,train,False,False,True,1,False,0,1,True,False,speech_mention,14
train_ep_007105,train,False,False,False,0,False,0,0,False,False,none,14
train_ep_007106,train,False,False,False,0,False,0,0,False,False,none,14
train_ep_007107,train,False,False,False,0,False,0,0,False,False,none,14
train_ep_007108,train,False,False,False,0,True,2,2,True,True,persona_mention,14
train_ep_007109,train,False,False,False,0,False,0,0,False,False,none,14
train_ep_007110,train,False,False,False,0,False,0,0,False,False,none,14
train_ep_007111,train,False,False,False,0,False,0,0,False,False,none,14
train_ep_007112,train,False,False,True,1,False,0,1,True,False,speech_mention,14
train_ep_007113,train,False,False,False,0,False,0,0,False,False,none,14
train_ep_007114,train,False,False,False,0,True,1,1,True,True,persona_mention,14
train_ep_007115,train,False,False,True,3,True,1,4,True,True,speech_mention,14
train_ep_007116,train,False,False,False,0,False,0,0,False,False,none,14
train_ep_007117,train,False,False,True,2,True,1,3,True,True,speech_mention,14
train_ep_007118,train,False,False,True,4,True,1,5,True,True,speech_mention,14
train_ep_007119,train,False,False,False,0,False,0,0,False,False,none,14
train_ep_007120,train,True,True,False,0,True,1,9,True,True,direct_appearance,14
train_ep_007121,train,False,False,False,0,False,0,0,False,False,none,6
train_ep_007122,train,False,False,False,0,False,0,0,False,False,none,6
train_ep_007123,train,True,True,True,6,True,2,15,True,True,direct_appearance,6
train_ep_007124,train,False,False,False,0,True,1,1,True,True,persona_mention,14
train_ep_007125,train,True,True,True,2,True,1,11,True,True,direct_appearance,14
train_ep_007126,train,False,False,True,2,False,0,2,True,True,speech_mention,14
train_ep_007127,train,False,False,False,0,True,1,1,True,True,persona_mention,14
train_ep_007128,train,False,False,False,0,True,1,1,True,True,persona_mention,14
train_ep_007129,train,False,False,False,0,True,1,1,True,True,persona_mention,14
train_ep_007130,train,False,False,True,1,False,0,1,True,False,speech_mention,14
train_ep_007131,train,False,False,False,0,True,1,1,True,True,persona_mention,14
train_ep_007132,train,False,False,False,0,True,1,1,True,True,persona_mention,14
train_ep_007133,train,False,False,False,0,False,0,0,False,False,none,14
train_ep_007134,train,False,False,False,0,False,0,0,False,False,none,14
train_ep_007135,train,False,False,False,0,False,0,0,False,False,none,14
train_ep_007136,train,False,False,False,0,False,0,0,False,False,none,14
train_ep_007137,train,False,False,False,0,False,0,0,False,False,none,14
train_ep_007138,train,False,False,False,0,False,0,0,False,False,none,14
train_ep_007139,train,False,False,False,0,False,0,0,False,False,none,14
train_ep_007140,train,False,False,False,0,False,0,0,False,False,none,14
train_ep_007141,train,False,False,False,0,True,1,1,True,True,persona_mention,14
train_ep_007142,train,False,False,False,0,False,0,0,False,False,none,14
train_ep_007143,train,False,False,True,1,False,0,1,True,False,speech_mention,14
train_ep_007144,train,False,False,True,3,True,1,4,True,True,speech_mention,14
train_ep_007145,train,False,False,False,0,False,0,0,False,False,none,14
train_ep_007146,train,False,False,False,0,False,0,0,False,False,none,14
train_ep_007147,train,True,True,True,1,True,1,10,True,True,direct_appearance,14
train_ep_007148,train,False,False,False,0,False,0,0,False,False,none,14
train_ep_007149,train,False,False,False,0,False,0,0,False,False,none,14
train_ep_007150,train,False,False,True,4,True,1,5,True,True,speech_mention,14
train_ep_007151,train,False,False,False,0,False,0,0,False,False,none,14
train_ep_007152,train,False,False,True,1,False,0,1,True,False,speech_mention,14
train_ep_007153,train,False,False,False,0,True,1,1,True,True,persona_mention,14
train_ep_007154,train,False,False,True,2,False,0,2,True,True,speech_mention,14
train_ep_007155,train,False,False,False,0,True,1,1,True,True,persona_mention,14
train_ep_007156,train,False,False,False,0,False,0,0,False,False,none,14
train_ep_007157,train,False,False,False,0,False,0,0,False,False,none,14
train_ep_007158,train,True,True,True,3,True,1,12,True,True,direct_appearance,14
train_ep_007159,train,False,False,False,0,False,0,0,False,False,none,14
train_ep_007160,train,True,True,False,0,True,1,9,True,True,direct_appearance,14
train_ep_007161,train,False,False,False,0,False,0,0,False,False,none,14
train_ep_007162,train,False,False,False,0,False,0,0,False,False,none,14
train_ep_007163,train,False,False,False,0,False,0,0,False,False,none,14
train_ep_007164,train,False,False,False,0,False,0,0,False,False,none,14
train_ep_007165,train,True,True,True,1,True,1,10,True,True,direct_appearance,14
train_ep_007166,train,True,True,True,1,True,1,10,True,True,direct_appearance,14
train_ep_007167,train,False,False,False,0,False,0,0,False,False,none,14
train_ep_007168,train,False,False,False,0,False,0,0,False,False,none,14
train_ep_007169,train,False,False,True,1,False,0,1,True,False,speech_mention,10
train_ep_007170,train,False,False,False,0,False,0,0,False,False,none,5
train_ep_007171,train,False,False,False,0,False,0,0,False,False,none,14
train_ep_007172,train,False,False,True,6,False,0,5,True,True,speech_mention,14
train_ep_007173,train,False,False,False,0,False,0,0,False,False,none,14
train_ep_007174,train,False,False,True,1,False,0,1,True,False,speech_mention,14
train_ep_007175,train,False,False,True,2,False,0,2,True,True,speech_mention,14
train_ep_007176,train,False,False,True,2,False,0,2,True,True,speech_mention,14
train_ep_007177,train,False,False,False,0,True,1,1,True,True,persona_mention,14
train_ep_007178,train,False,False,False,0,True,1,1,True,True,persona_mention,14
train_ep_007179,train,False,False,False,0,False,0,0,False,False,none,14
train_ep_007180,train,False,False,False,0,False,0,0,False,False,none,14
train_ep_007181,train,False,False,False,0,False,0,0,False,False,none,14
train_ep_007182,train,True,True,True,6,True,1,14,True,True,direct_appearance,14
train_ep_007183,train,False,False,False,0,False,0,0,False,False,none,14
train_ep_007184,train,False,False,False,0,True,1,1,True,True,persona_mention,9
train_ep_007185,train,False,False,False,0,False,0,0,False,False,none,14
train_ep_007186,train,False,False,False,0,False,0,0,False,False,none,12
train_ep_007187,train,False,False,False,0,False,0,0,False,False,none,4
train_ep_007188,train,False,False,False,0,False,0,0,False,False,none,14
train_ep_007189,train,False,False,False,0,True,1,1,True,True,persona_mention,14
train_ep_007190,train,False,False,False,0,False,0,0,False,False,none,14
train_ep_007191,train,False,False,True,1,False,0,1,True,False,speech_mention,14
train_ep_007192,train,False,False,False,0,False,0,0,False,False,none,14
train_ep_007193,train,False,False,True,1,True,1,2,True,True,speech_mention,8
train_ep_007194,train,False,False,True,1,False,0,1,True,False,speech_mention,4
train_ep_007195,train,False,False,False,0,False,0,0,False,False,none,14
train_ep_007196,train,False,False,False,0,False,0,0,False,False,none,14
train_ep_007197,train,False,False,False,0,False,0,0,False,False,none,14
train_ep_007198,train,False,False,False,0,True,1,1,True,True,persona_mention,14
train_ep_007199,train,False,False,True,4,True,1,5,True,True,speech_mention,14
train_ep_007200,train,False,False,False,0,False,0,0,False,False,none,14
train_ep_007201,train,False,False,False,0,False,0,0,False,False,none,2
train_ep_007202,train,False,False,True,3,False,0,3,True,True,speech_mention,14
train_ep_007203,train,False,False,False,0,True,1,1,True,True,persona_mention,14
train_ep_007204,train,False,False,True,2,True,1,3,True,True,speech_mention,14
train_ep_007205,train,True,True,True,2,True,1,11,True,True,direct_appearance,14
train_ep_007206,train,False,False,False,0,False,0,0,False,False,none,14
train_ep_007207,train,False,False,True,5,True,1,6,True,True,speech_mention,14
train_ep_007208,train,False,False,False,0,False,0,0,False,False,none,14
train_ep_007209,train,False,False,False,0,True,1,1,True,True,persona_mention,14
train_ep_007210,train,False,False,False,0,False,0,0,False,False,none,14
train_ep_007211,train,False,False,False,0,False,0,0,False,False,none,14
train_ep_007212,train,False,False,False,0,False,0,0,False,False,none,14
train_ep_007213,train,False,False,True,1,False,0,1,True,False,speech_mention,14
train_ep_007214,train,False,False,False,0,False,0,0,False,False,none,14
train_ep_007215,train,False,False,True,4,True,2,6,True,True,speech_mention,14
train_ep_007216,train,False,False,False,0,False,0,0,False,False,none,9
train_ep_007217,train,False,False,True,5,True,1,6,True,True,speech_mention,14
train_ep_007218,train,False,False,False,0,False,0,0,False,False,none,14
train_ep_007219,train,False,False,False,0,False,0,0,False,False,none,14
train_ep_007220,train,True,True,True,3,True,3,14,True,True,direct_appearance,14
train_ep_007221,train,False,False,False,0,False,0,0,False,False,none,14
train_ep_007222,train,False,False,False,0,True,1,1,True,True,persona_mention,14
train_ep_007223,train,False,False,False,0,True,1,1,True,True,persona_mention,14
train_ep_007224,train,False,False,False,0,False,0,0,False,False,none,14
train_ep_007225,train,False,False,False,0,False,0,0,False,False,none,14
train_ep_007226,train,False,False,False,0,False,0,0,False,False,none,14
train_ep_007227,train,False,False,True,2,True,2,4,True,True,speech_mention,14
train_ep_007228,train,False,False,True,1,True,1,2,True,True,speech_mention,14
train_ep_007229,train,False,False,True,1,True,1,2,True,True,speech_mention,14
train_ep_007230,train,False,False,False,0,False,0,0,False,False,none,6
train_ep_007231,train,False,False,False,0,False,0,0,False,False,none,14
train_ep_007232,train,False,False,False,0,True,2,2,True,True,persona_mention,4
train_ep_007233,train,False,False,False,0,True,1,1,True,True,persona_mention,4
train_ep_007234,train,False,False,False,0,False,0,0,False,False,none,14
train_ep_007235,train,False,False,False,0,True,1,1,True,True,persona_mention,2
train_ep_007236,train,False,False,False,0,False,0,0,False,False,none,14
train_ep_007237,train,False,False,False,0,False,0,0,False,False,none,14
train_ep_007238,train,False,False,False,0,False,0,0,False,False,none,14
train_ep_007239,train,False,False,False,0,True,1,1,True,True,persona_mention,14
train_ep_007240,train,False,False,False,0,False,0,0,False,False,none,14
train_ep_007241,train,False,False,False,0,True,1,1,True,True,persona_mention,14
train_ep_007242,train,False,False,False,0,False,0,0,False,False,none,14
train_ep_007243,train,False,False,True,1,True,1,2,True,True,speech_mention,14
train_ep_007244,train,False,False,False,0,False,0,0,False,False,none,14
train_ep_007245,train,True,True,False,0,True,3,11,True,True,direct_appearance,14
train_ep_007246,train,False,False,True,2,False,0,2,True,True,speech_mention,14
train_ep_007247,train,False,False,False,0,False,0,0,False,False,none,5
train_ep_007248,train,True,True,True,2,True,3,13,True,True,direct_appearance,14
train_ep_007249,train,False,False,True,3,True,2,5,True,True,speech_mention,14
train_ep_007250,train,False,False,False,0,False,0,0,False,False,none,14
train_ep_007251,train,False,False,True,1,False,0,1,True,False,speech_mention,14
train_ep_007252,train,False,False,False,0,False,0,0,False,False,none,14
train_ep_007253,train,False,False,False,0,False,0,0,False,False,none,14
train_ep_007254,train,False,False,False,0,False,0,0,False,False,none,14
train_ep_007255,train,False,False,True,2,False,0,2,True,True,speech_mention,14
train_ep_007256,train,False,False,False,0,False,0,0,False,False,none,14
train_ep_007257,train,False,False,False,0,False,0,0,False,False,none,14
train_ep_007258,train,True,True,False,0,True,3,11,True,True,direct_appearance,14
train_ep_007259,train,False,False,False,0,True,1,1,True,True,persona_mention,14
train_ep_007260,train,True,True,True,1,True,1,10,True,True,direct_appearance,14
train_ep_007261,train,False,False,False,0,True,1,1,True,True,persona_mention,4
train_ep_007262,train,False,False,True,2,True,1,3,True,True,speech_mention,14
train_ep_007263,train,False,False,True,3,True,1,4,True,True,speech_mention,14
train_ep_007264,train,False,False,True,1,True,1,2,True,True,speech_mention,14
train_ep_007265,train,False,False,True,2,False,0,2,True,True,speech_mention,14
train_ep_007266,train,False,False,True,1,False,0,1,True,False,speech_mention,14
train_ep_007267,train,False,False,True,1,True,1,2,True,True,speech_mention,14
train_ep_007268,train,False,False,False,0,False,0,0,False,False,none,3
train_ep_007269,train,False,False,True,3,False,0,3,True,True,speech_mention,3
train_ep_007270,train,False,False,False,0,False,0,0,False,False,none,14
train_ep_007271,train,False,False,False,0,True,1,1,True,True,persona_mention,14
train_ep_007272,train,False,False,False,0,False,0,0,False,False,none,14
train_ep_007273,train,True,True,True,2,False,0,10,True,True,direct_appearance,14
train_ep_007274,train,False,False,False,0,False,0,0,False,False,none,14
train_ep_007275,train,False,False,False,0,False,0,0,False,False,none,14
train_ep_007276,train,False,False,False,0,False,0,0,False,False,none,14
train_ep_007277,train,False,False,False,0,False,0,0,False,False,none,14
train_ep_007278,train,False,False,False,0,False,0,0,False,False,none,14
train_ep_007279,train,False,False,False,0,False,0,0,False,False,none,14
train_ep_007280,train,False,False,False,0,True,1,1,True,True,persona_mention,11
train_ep_007281,train,False,False,False,0,False,0,0,False,False,none,14
train_ep_007282,train,False,False,True,4,False,0,4,True,True,speech_mention,14
train_ep_007283,train,False,False,False,0,False,0,0,False,False,none,14
train_ep_007284,train,False,False,False,0,False,0,0,False,False,none,14
train_ep_007285,train,False,False,False,0,False,0,0,False,False,none,13
train_ep_007286,train,False,False,True,1,True,2,3,True,True,speech_mention,14
train_ep_007287,train,True,True,True,1,True,2,11,True,True,direct_appearance,14
train_ep_007288,train,False,False,False,0,False,0,0,False,False,none,14
train_ep_007289,train,False,False,True,1,False,0,1,True,False,speech_mention,14
train_ep_007290,train,True,True,False,0,True,3,11,True,True,direct_appearance,14
train_ep_007291,train,False,False,False,0,True,1,1,True,True,persona_mention,14
train_ep_007292,train,False,False,False,0,True,2,2,True,True,persona_mention,8
train_ep_007293,train,True,True,False,0,True,1,9,True,True,direct_appearance,14
train_ep_007294,train,False,False,False,0,False,0,0,False,False,none,14
train_ep_007295,train,False,False,False,0,False,0,0,False,False,none,14
train_ep_007296,train,False,False,False,0,False,0,0,False,False,none,14
train_ep_007297,train,False,False,False,0,True,1,1,True,True,persona_mention,14
train_ep_007298,train,False,False,False,0,True,1,1,True,True,persona_mention,14
train_ep_007299,train,False,False,True,2,True,1,3,True,True,speech_mention,14
train_ep_007300,train,False,False,False,0,True,2,2,True,True,persona_mention,14
train_ep_007301,train,False,False,False,0,False,0,0,False,False,none,14
train_ep_007302,train,False,False,False,0,False,0,0,False,False,none,14
train_ep_007303,train,False,False,False,0,False,0,0,False,False,none,14
train_ep_007304,train,False,False,False,0,False,0,0,False,False,none,14
train_ep_007305,train,False,False,False,0,False,0,0,False,False,none,14
train_ep_007306,train,False,False,True,12,True,2,7,True,True,speech_mention,14
train_ep_007307,train,False,False,False,0,False,0,0,False,False,none,14
train_ep_007308,train,False,False,False,0,True,1,1,True,True,persona_mention,14
train_ep_007309,train,False,False,False,0,False,0,0,False,False,none,14
train_ep_007310,train,False,False,True,1,True,1,2,True,True,speech_mention,14
train_ep_007311,train,False,False,False,0,False,0,0,False,False,none,13
train_ep_007312,train,True,True,True,3,True,1,12,True,True,direct_appearance,14
train_ep_007313,train,False,False,False,0,False,0,0,False,False,none,14
train_ep_007314,train,False,False,True,3,True,1,4,True,True,speech_mention,14
train_ep_007315,train,True,True,True,2,True,3,13,True,True,direct_appearance,14
train_ep_007316,train,False,False,False,0,True,1,1,True,True,persona_mention,14
train_ep_007317,train,False,False,True,1,True,1,2,True,True,speech_mention,14
train_ep_007318,train,False,False,True,4,True,1,5,True,True,speech_mention,14
train_ep_007319,train,False,False,True,1,True,2,3,True,True,speech_mention,12
train_ep_007320,train,False,False,False,0,False,0,0,False,False,none,14
train_ep_007321,train,False,False,False,0,False,0,0,False,False,none,14
train_ep_007322,train,False,False,False,0,True,1,1,True,True,persona_mention,14
train_ep_007323,train,False,False,True,1,False,0,1,True,False,speech_mention,14
train_ep_007324,train,False,False,True,1,True,2,3,True,True,speech_mention,14
train_ep_007325,train,True,True,True,2,False,0,10,True,True,direct_appearance,14
train_ep_007326,train,False,False,True,1,False,0,1,True,False,speech_mention,12
train_ep_007327,train,False,False,True,4,True,1,5,True,True,speech_mention,14
train_ep_007328,train,False,False,False,0,False,0,0,False,False,none,14
train_ep_007329,train,False,False,False,0,False,0,0,False,False,none,14
train_ep_007330,train,False,False,False,0,False,0,0,False,False,none,6
train_ep_007331,train,False,False,True,4,True,1,5,True,True,speech_mention,14
train_ep_007332,train,False,False,False,0,False,0,0,False,False,none,14
train_ep_007333,train,False,False,False,0,False,0,0,False,False,none,14
train_ep_007334,train,False,False,True,1,False,0,1,True,False,speech_mention,14
train_ep_007335,train,False,False,False,0,True,1,1,True,True,persona_mention,14
train_ep_007336,train,False,False,False,0,False,0,0,False,False,none,14
train_ep_007337,train,False,False,True,1,False,0,1,True,False,speech_mention,14
train_ep_007338,train,False,False,False,0,False,0,0,False,False,none,14
train_ep_007339,train,False,False,False,0,False,0,0,False,False,none,14
train_ep_007340,train,True,True,True,1,True,3,12,True,True,direct_appearance,14
train_ep_007341,train,False,False,True,1,False,0,1,True,False,speech_mention,14
train_ep_007342,train,False,False,False,0,False,0,0,False,False,none,14
train_ep_007343,train,False,False,False,0,False,0,0,False,False,none,14
train_ep_007344,train,False,False,True,1,False,0,1,True,False,speech_mention,14
train_ep_007345,train,False,False,True,1,True,2,3,True,True,speech_mention,14
train_ep_007346,train,False,False,True,1,True,1,2,True,True,speech_mention,14
train_ep_007347,train,False,False,True,2,True,1,3,True,True,speech_mention,14
train_ep_007348,train,False,False,False,0,False,0,0,False,False,none,14
train_ep_007349,train,False,False,False,0,False,0,0,False,False,none,4
train_ep_007350,train,False,False,False,0,False,0,0,False,False,none,14
train_ep_007351,train,False,False,False,0,False,0,0,False,False,none,14
train_ep_007352,train,False,False,False,0,True,1,1,True,True,persona_mention,14
train_ep_007353,train,False,False,False,0,False,0,0,False,False,none,14
train_ep_007354,train,False,False,False,0,True,1,1,True,True,persona_mention,14
train_ep_007355,train,False,False,True,3,True,2,5,True,True,speech_mention,14
train_ep_007356,train,False,False,True,4,True,2,6,True,True,speech_mention,14
train_ep_007357,train,False,False,False,0,False,0,0,False,False,none,14
train_ep_007358,train,False,False,True,2,False,0,2,True,True,speech_mention,14
train_ep_007359,train,False,False,True,9,True,1,6,True,True,speech_mention,14
train_ep_007360,train,False,False,False,0,False,0,0,False,False,none,14
train_ep_007361,train,False,False,True,6,True,2,7,True,True,speech_mention,14
train_ep_007362,train,True,True,True,6,True,3,16,True,True,direct_appearance,14
train_ep_007363,train,True,True,False,0,True,1,9,True,True,direct_appearance,14
train_ep_007364,train,False,False,False,0,False,0,0,False,False,none,14
train_ep_007365,train,False,False,True,1,False,0,1,True,False,speech_mention,14
train_ep_007366,train,False,False,True,7,False,0,5,True,True,speech_mention,14
train_ep_007367,train,False,False,False,0,True,1,1,True,True,persona_mention,14
train_ep_007368,train,False,False,True,1,True,1,2,True,True,speech_mention,14
train_ep_007369,train,False,False,False,0,False,0,0,False,False,none,14
train_ep_007370,train,False,False,False,0,True,1,1,True,True,persona_mention,14
train_ep_007371,train,False,False,False,0,False,0,0,False,False,none,14
train_ep_007372,train,False,False,False,0,False,0,0,False,False,none,2
train_ep_007373,train,False,False,False,0,True,1,1,True,True,persona_mention,14
train_ep_007374,train,False,False,False,0,False,0,0,False,False,none,14
train_ep_007375,train,False,False,False,0,True,1,1,True,True,persona_mention,11
train_ep_007376,train,False,False,True,2,False,0,2,True,True,speech_mention,5
train_ep_007377,train,False,False,False,0,False,0,0,False,False,none,14
train_ep_007378,train,False,False,False,0,True,1,1,True,True,persona_mention,14
train_ep_007379,train,False,False,True,2,True,2,4,True,True,speech_mention,14
train_ep_007380,train,False,False,False,0,False,0,0,False,False,none,14
train_ep_007381,train,True,True,True,4,True,1,13,True,True,direct_appearance,14
train_ep_007382,train,False,False,False,0,False,0,0,False,False,none,14
train_ep_007383,train,False,False,False,0,False,0,0,False,False,none,14
train_ep_007384,train,False,False,False,0,False,0,0,False,False,none,14
train_ep_007385,train,False,False,False,0,False,0,0,False,False,none,14
train_ep_007386,train,False,False,False,0,False,0,0,False,False,none,14
train_ep_007387,train,False,False,False,0,False,0,0,False,False,none,14
train_ep_007388,train,False,False,False,0,False,0,0,False,False,none,14
train_ep_007389,train,False,False,False,0,False,0,0,False,False,none,14
train_ep_007390,train,True,True,False,0,True,3,11,True,True,direct_appearance,14
train_ep_007391,train,False,False,True,1,False,0,1,True,False,speech_mention,14
train_ep_007392,train,False,False,True,5,True,1,6,True,True,speech_mention,14
train_ep_007393,train,False,False,True,1,False,0,1,True,False,speech_mention,14
train_ep_007394,train,False,False,False,0,False,0,0,False,False,none,14
train_ep_007395,train,False,False,False,0,False,0,0,False,False,none,14
train_ep_007396,train,False,False,False,0,True,1,1,True,True,persona_mention,14
train_ep_007397,train,False,False,False,0,False,0,0,False,False,none,14
train_ep_007398,train,False,False,False,0,False,0,0,False,False,none,14
train_ep_007399,train,False,False,False,0,False,0,0,False,False,none,14
train_ep_007400,train,False,False,True,4,True,1,5,True,True,speech_mention,14
train_ep_007401,train,False,False,False,0,False,0,0,False,False,none,9
train_ep_007402,train,False,False,False,0,True,1,1,True,True,persona_mention,14
train_ep_007403,train,False,False,False,0,False,0,0,False,False,none,14
train_ep_007404,train,True,True,True,1,False,0,9,True,True,direct_appearance,4
train_ep_007405,train,False,False,False,0,False,0,0,False,False,none,14
train_ep_007406,train,False,False,False,0,False,0,0,False,False,none,14
train_ep_007407,train,False,False,False,0,False,0,0,False,False,none,14
train_ep_007408,train,False,False,True,1,True,1,2,True,True,speech_mention,14
train_ep_007409,train,False,False,False,0,False,0,0,False,False,none,14
train_ep_007410,train,False,False,True,1,False,0,1,True,False,speech_mention,14
train_ep_007411,train,False,False,False,0,False,0,0,False,False,none,14
train_ep_007412,train,False,False,False,0,False,0,0,False,False,none,14
train_ep_007413,train,False,False,False,0,False,0,0,False,False,none,14
train_ep_007414,train,False,False,False,0,False,0,0,False,False,none,14
train_ep_007415,train,False,False,False,0,True,1,1,True,True,persona_mention,14
train_ep_007416,train,False,False,False,0,True,1,1,True,True,persona_mention,14
train_ep_007417,train,False,False,False,0,False,0,0,False,False,none,14
train_ep_007418,train,False,False,False,0,False,0,0,False,False,none,14
train_ep_007419,train,False,False,False,0,False,0,0,False,False,none,14
train_ep_007420,train,False,False,False,0,False,0,0,False,False,none,14
train_ep_007421,train,False,False,False,0,False,0,0,False,False,none,14
train_ep_007422,train,False,False,True,2,True,1,3,True,True,speech_mention,14
train_ep_007423,train,False,False,False,0,False,0,0,False,False,none,14
train_ep_007424,train,False,False,False,0,True,1,1,True,True,persona_mention,14
train_ep_007425,train,True,True,False,0,True,2,10,True,True,direct_appearance,14
train_ep_007426,train,False,False,False,0,False,0,0,False,False,none,14
train_ep_007427,train,False,False,False,0,False,0,0,False,False,none,14
train_ep_007428,train,False,False,True,2,False,0,2,True,True,speech_mention,14
train_ep_007429,train,False,False,True,1,False,0,1,True,False,speech_mention,14
train_ep_007430,train,False,False,True,2,False,0,2,True,True,speech_mention,14
train_ep_007431,train,False,False,False,0,False,0,0,False,False,none,14
train_ep_007432,train,False,False,False,0,False,0,0,False,False,none,14
train_ep_007433,train,False,False,False,0,False,0,0,False,False,none,14
train_ep_007434,train,False,False,True,1,False,0,1,True,False,speech_mention,14
train_ep_007435,train,False,False,True,1,True,2,3,True,True,speech_mention,14
train_ep_007436,train,False,False,True,2,True,2,4,True,True,speech_mention,14
train_ep_007437,train,True,True,False,0,True,3,11,True,True,direct_appearance,14
train_ep_007438,train,False,False,True,3,False,0,3,True,True,speech_mention,14
train_ep_007439,train,False,False,False,0,False,0,0,False,False,none,14
train_ep_007440,train,False,False,False,0,False,0,0,False,False,none,14
train_ep_007441,train,False,False,True,7,True,1,6,True,True,speech_mention,14
train_ep_007442,train,False,False,False,0,True,1,1,True,True,persona_mention,14
train_ep_007443,train,True,True,True,1,True,1,10,True,True,direct_appearance,14
train_ep_007444,train,False,False,False,0,False,0,0,False,False,none,14
train_ep_007445,train,False,False,False,0,False,0,0,False,False,none,14
train_ep_007446,train,False,False,True,2,True,1,3,True,True,speech_mention,14
train_ep_007447,train,False,False,False,0,False,0,0,False,False,none,14
train_ep_007448,train,False,False,False,0,True,2,2,True,True,persona_mention,14
train_ep_007449,train,False,False,False,0,False,0,0,False,False,none,14
train_ep_007450,train,False,False,False,0,False,0,0,False,False,none,14
train_ep_007451,train,True,True,True,4,False,0,12,True,True,direct_appearance,14
train_ep_007452,train,False,False,False,0,True,1,1,True,True,persona_mention,14
train_ep_007453,train,False,False,False,0,False,0,0,False,False,none,14
train_ep_007454,train,False,False,False,0,False,0,0,False,False,none,2
train_ep_007455,train,False,False,False,0,True,1,1,True,True,persona_mention,14
train_ep_007456,train,False,False,False,0,False,0,0,False,False,none,14
train_ep_007457,train,False,False,False,0,False,0,0,False,False,none,14
train_ep_007458,train,False,False,True,1,False,0,1,True,False,speech_mention,14
train_ep_007459,train,True,True,True,4,True,3,15,True,True,direct_appearance,14
train_ep_007460,train,False,False,False,0,False,0,0,False,False,none,14
train_ep_007461,train,True,True,False,0,True,3,11,True,True,direct_appearance,14
train_ep_007462,train,False,False,True,1,False,0,1,True,False,speech_mention,14
train_ep_007463,train,False,False,False,0,False,0,0,False,False,none,14
train_ep_007464,train,False,False,False,0,False,0,0,False,False,none,14
train_ep_007465,train,False,False,False,0,False,0,0,False,False,none,14
train_ep_007466,train,False,False,False,0,False,0,0,False,False,none,14
train_ep_007467,train,False,False,False,0,False,0,0,False,False,none,2
train_ep_007468,train,False,False,False,0,False,0,0,False,False,none,14
train_ep_007469,train,False,False,True,1,True,1,2,True,True,speech_mention,14
train_ep_007470,train,False,False,False,0,False,0,0,False,False,none,14
train_ep_007471,train,False,False,False,0,False,0,0,False,False,none,14
train_ep_007472,train,True,True,True,7,True,1,14,True,True,direct_appearance,14
train_ep_007473,train,False,False,True,1,False,0,1,True,False,speech_mention,14
train_ep_007474,train,False,False,False,0,False,0,0,False,False,none,14
train_ep_007475,train,False,False,False,0,False,0,0,False,False,none,14
train_ep_007476,train,False,False,False,0,True,1,1,True,True,persona_mention,14
train_ep_007477,train,False,False,False,0,False,0,0,False,False,none,14
train_ep_007478,train,False,False,False,0,False,0,0,False,False,none,11
train_ep_007479,train,True,True,True,2,True,2,12,True,True,direct_appearance,14
train_ep_007480,train,False,False,False,0,True,3,3,True,True,persona_mention,14
train_ep_007481,train,False,False,False,0,False,0,0,False,False,none,14
train_ep_007482,train,False,False,True,1,True,2,3,True,True,speech_mention,14
train_ep_007483,train,False,False,False,0,False,0,0,False,False,none,14
train_ep_007484,train,False,False,False,0,False,0,0,False,False,none,14
train_ep_007485,train,False,False,False,0,True,1,1,True,True,persona_mention,14
train_ep_007486,train,False,False,True,2,True,1,3,True,True,speech_mention,14
train_ep_007487,train,False,False,True,5,True,1,6,True,True,speech_mention,14
train_ep_007488,train,False,False,False,0,False,0,0,False,False,none,14
train_ep_007489,train,False,False,False,0,False,0,0,False,False,none,14
train_ep_007490,train,False,False,False,0,False,0,0,False,False,none,11
train_ep_007491,train,False,False,False,0,False,0,0,False,False,none,14
train_ep_007492,train,False,False,False,0,False,0,0,False,False,none,14
train_ep_007493,train,False,False,False,0,False,0,0,False,False,none,14
train_ep_007494,train,False,False,True,2,True,2,4,True,True,speech_mention,14
train_ep_007495,train,False,False,False,0,False,0,0,False,False,none,14
train_ep_007496,train,False,False,False,0,False,0,0,False,False,none,14
train_ep_007497,train,False,False,False,0,False,0,0,False,False,none,14
train_ep_007498,train,False,False,False,0,False,0,0,False,False,none,14
train_ep_007499,train,False,False,False,0,False,0,0,False,False,none,14
train_ep_007500,train,False,False,False,0,True,3,3,True,True,persona_mention,14
train_ep_007501,train,False,False,False,0,False,0,0,False,False,none,14
train_ep_007502,train,False,False,True,3,True,2,5,True,True,speech_mention,14
train_ep_007503,train,False,False,False,0,False,0,0,False,False,none,14
train_ep_007504,train,False,False,False,0,True,1,1,True,True,persona_mention,14
train_ep_007505,train,False,False,True,1,True,1,2,True,True,speech_mention,14
train_ep_007506,train,False,False,False,0,False,0,0,False,False,none,14
train_ep_007507,train,False,False,False,0,False,0,0,False,False,none,14
train_ep_007508,train,False,False,True,2,True,1,3,True,True,speech_mention,14
train_ep_007509,train,False,False,False,0,False,0,0,False,False,none,14
train_ep_007510,train,False,False,False,0,False,0,0,False,False,none,14
train_ep_007511,train,False,False,True,3,True,1,4,True,True,speech_mention,14
train_ep_007512,train,False,False,False,0,False,0,0,False,False,none,14
train_ep_007513,train,False,False,True,1,False,0,1,True,False,speech_mention,14
train_ep_007514,train,False,False,False,0,True,2,2,True,True,persona_mention,14
train_ep_007515,train,False,False,False,0,True,1,1,True,True,persona_mention,14
train_ep_007516,train,False,False,False,0,False,0,0,False,False,none,14
train_ep_007517,train,False,False,False,0,False,0,0,False,False,none,14
train_ep_007518,train,False,False,False,0,True,2,2,True,True,persona_mention,14
train_ep_007519,train,False,False,False,0,True,1,1,True,True,persona_mention,14
train_ep_007520,train,False,False,False,0,False,0,0,False,False,none,14
train_ep_007521,train,False,False,False,0,False,0,0,False,False,none,14
train_ep_007522,train,False,False,False,0,False,0,0,False,False,none,14
train_ep_007523,train,True,True,False,0,True,1,9,True,True,direct_appearance,14
train_ep_007524,train,False,False,False,0,False,0,0,False,False,none,14
train_ep_007525,train,False,False,False,0,True,1,1,True,True,persona_mention,14
train_ep_007526,train,False,False,True,1,False,0,1,True,False,speech_mention,14
train_ep_007527,train,False,False,False,0,True,1,1,True,True,persona_mention,14
train_ep_007528,train,False,False,False,0,False,0,0,False,False,none,14
train_ep_007529,train,False,False,False,0,True,1,1,True,True,persona_mention,14
train_ep_007530,train,False,False,False,0,False,0,0,False,False,none,14
train_ep_007531,train,False,False,False,0,False,0,0,False,False,none,14
train_ep_007532,train,False,False,True,1,False,0,1,True,False,speech_mention,14
train_ep_007533,train,False,False,False,0,True,1,1,True,True,persona_mention,14
train_ep_007534,train,False,False,False,0,True,1,1,True,True,persona_mention,14
train_ep_007535,train,False,False,False,0,False,0,0,False,False,none,14
train_ep_007536,train,False,False,False,0,False,0,0,False,False,none,14
train_ep_007537,train,False,False,False,0,False,0,0,False,False,none,14
train_ep_007538,train,False,False,True,2,False,0,2,True,True,speech_mention,14
train_ep_007539,train,False,False,False,0,False,0,0,False,False,none,14
train_ep_007540,train,False,False,False,0,False,0,0,False,False,none,14
train_ep_007541,train,False,False,False,0,False,0,0,False,False,none,14
train_ep_007542,train,False,False,True,1,True,1,2,True,True,speech_mention,14
train_ep_007543,train,False,False,False,0,True,1,1,True,True,persona_mention,14
train_ep_007544,train,False,False,False,0,False,0,0,False,False,none,14
train_ep_007545,train,False,False,True,1,False,0,1,True,False,speech_mention,14
train_ep_007546,train,False,False,False,0,False,0,0,False,False,none,14
train_ep_007547,train,False,False,False,0,False,0,0,False,False,none,14
train_ep_007548,train,False,False,False,0,True,1,1,True,True,persona_mention,14
train_ep_007549,train,False,False,True,4,True,1,5,True,True,speech_mention,14
train_ep_007550,train,True,True,True,3,False,0,11,True,True,direct_appearance,14
train_ep_007551,train,False,False,False,0,False,0,0,False,False,none,14
train_ep_007552,train,False,False,False,0,False,0,0,False,False,none,14
train_ep_007553,train,False,False,False,0,False,0,0,False,False,none,14
train_ep_007554,train,False,False,False,0,False,0,0,False,False,none,14
train_ep_007555,train,False,False,False,0,False,0,0,False,False,none,14
train_ep_007556,train,False,False,False,0,False,0,0,False,False,none,14
train_ep_007557,train,False,False,True,1,True,2,3,True,True,speech_mention,14
train_ep_007558,train,False,False,False,0,False,0,0,False,False,none,14
train_ep_007559,train,False,False,False,0,False,0,0,False,False,none,14
train_ep_007560,train,False,False,True,3,True,2,5,True,True,speech_mention,14
train_ep_007561,train,True,True,False,0,True,4,11,True,True,direct_appearance,14
train_ep_007562,train,False,False,False,0,False,0,0,False,False,none,14
train_ep_007563,train,False,False,True,1,True,1,2,True,True,speech_mention,14
train_ep_007564,train,False,False,False,0,False,0,0,False,False,none,14
train_ep_007565,train,False,False,False,0,False,0,0,False,False,none,14
train_ep_007566,train,False,False,False,0,False,0,0,False,False,none,14
train_ep_007567,train,False,False,False,0,False,0,0,False,False,none,14
train_ep_007568,train,False,False,False,0,False,0,0,False,False,none,14
train_ep_007569,train,False,False,False,0,True,1,1,True,True,persona_mention,14
train_ep_007570,train,False,False,False,0,False,0,0,False,False,none,14
train_ep_007571,train,False,False,False,0,False,0,0,False,False,none,14
train_ep_007572,train,False,False,False,0,False,0,0,False,False,none,14
train_ep_007573,train,False,False,False,0,False,0,0,False,False,none,14
train_ep_007574,train,True,True,True,1,True,5,12,True,True,direct_appearance,14
train_ep_007575,train,False,False,False,0,False,0,0,False,False,none,14
train_ep_007576,train,False,False,False,0,False,0,0,False,False,none,14
train_ep_007577,train,False,False,False,0,False,0,0,False,False,none,14
train_ep_007578,train,False,False,True,1,True,1,2,True,True,speech_mention,14
train_ep_007579,train,False,False,False,0,True,2,2,True,True,persona_mention,14
train_ep_007580,train,False,False,False,0,False,0,0,False,False,none,14
train_ep_007581,train,True,True,True,3,True,1,12,True,True,direct_appearance,14
train_ep_007582,train,False,False,True,1,False,0,1,True,False,speech_mention,14
train_ep_007583,train,False,False,False,0,True,1,1,True,True,persona_mention,14
train_ep_007584,train,True,True,True,1,False,0,9,True,True,direct_appearance,14
train_ep_007585,train,False,False,False,0,False,0,0,False,False,none,14
train_ep_007586,train,False,False,False,0,False,0,0,False,False,none,14
train_ep_007587,train,False,False,False,0,False,0,0,False,False,none,14
train_ep_007588,train,False,False,False,0,False,0,0,False,False,none,14
train_ep_007589,train,False,False,False,0,False,0,0,False,False,none,14
train_ep_007590,train,False,False,False,0,False,0,0,False,False,none,14
train_ep_007591,train,False,False,False,0,False,0,0,False,False,none,14
train_ep_007592,train,False,False,False,0,False,0,0,False,False,none,14
train_ep_007593,train,False,False,False,0,False,0,0,False,False,none,14
train_ep_007594,train,False,False,False,0,False,0,0,False,False,none,14
train_ep_007595,train,False,False,True,4,False,0,4,True,True,speech_mention,14
train_ep_007596,train,False,False,False,0,False,0,0,False,False,none,14
train_ep_007597,train,False,False,True,5,True,1,6,True,True,speech_mention,14
train_ep_007598,train,False,False,False,0,False,0,0,False,False,none,14
train_ep_007599,train,False,False,True,5,False,0,5,True,True,speech_mention,14
train_ep_007600,train,False,False,False,0,True,1,1,True,True,persona_mention,14
train_ep_007601,train,True,True,True,2,True,1,11,True,True,direct_appearance,14
train_ep_007602,train,False,False,False,0,False,0,0,False,False,none,14
train_ep_007603,train,False,False,False,0,False,0,0,False,False,none,14
train_ep_007604,train,False,False,False,0,False,0,0,False,False,none,14
train_ep_007605,train,True,True,True,1,True,1,10,True,True,direct_appearance,14
train_ep_007606,train,False,False,False,0,True,1,1,True,True,persona_mention,14
train_ep_007607,train,True,True,False,0,True,1,9,True,True,direct_appearance,7
train_ep_007608,train,False,False,False,0,False,0,0,False,False,none,14
train_ep_007609,train,False,False,False,0,False,0,0,False,False,none,4
train_ep_007610,train,False,False,False,0,True,1,1,True,True,persona_mention,14
train_ep_007611,train,False,False,True,4,False,0,4,True,True,speech_mention,14
train_ep_007612,train,False,False,True,4,True,2,6,True,True,speech_mention,14
train_ep_007613,train,True,True,False,0,True,1,9,True,True,direct_appearance,14
train_ep_007614,train,False,False,False,0,False,0,0,False,False,none,14
train_ep_007615,train,True,True,True,2,True,1,11,True,True,direct_appearance,14
train_ep_007616,train,False,False,False,0,False,0,0,False,False,none,14
train_ep_007617,train,True,True,True,2,True,1,11,True,True,direct_appearance,14
train_ep_007618,train,False,False,False,0,False,0,0,False,False,none,14
train_ep_007619,train,False,False,False,0,False,0,0,False,False,none,14
train_ep_007620,train,False,False,False,0,False,0,0,False,False,none,14
train_ep_007621,train,False,False,False,0,False,0,0,False,False,none,14
train_ep_007622,train,False,False,False,0,False,0,0,False,False,none,14
train_ep_007623,train,False,False,False,0,False,0,0,False,False,none,14
train_ep_007624,train,False,False,False,0,False,0,0,False,False,none,14
train_ep_007625,train,False,False,False,0,False,0,0,False,False,none,14
train_ep_007626,train,False,False,False,0,False,0,0,False,False,none,14
train_ep_007627,train,False,False,False,0,True,1,1,True,True,persona_mention,14
train_ep_007628,train,False,False,False,0,False,0,0,False,False,none,14
train_ep_007629,train,False,False,False,0,False,0,0,False,False,none,14
train_ep_007630,train,False,False,False,0,False,0,0,False,False,none,14
train_ep_007631,train,True,True,True,2,True,1,11,True,True,direct_appearance,14
train_ep_007632,train,False,False,False,0,False,0,0,False,False,none,14
train_ep_007633,train,False,False,False,0,False,0,0,False,False,none,14
train_ep_007634,train,False,False,False,0,False,0,0,False,False,none,14
train_ep_007635,train,False,False,False,0,False,0,0,False,False,none,14
train_ep_007636,train,False,False,False,0,False,0,0,False,False,none,14
train_ep_007637,train,False,False,False,0,False,0,0,False,False,none,14
train_ep_007638,train,False,False,False,0,False,0,0,False,False,none,14
train_ep_007639,train,False,False,False,0,True,1,1,True,True,persona_mention,14
train_ep_007640,train,False,False,False,0,False,0,0,False,False,none,14
train_ep_007641,train,False,False,False,0,True,1,1,True,True,persona_mention,14
train_ep_007642,train,False,False,False,0,True,1,1,True,True,persona_mention,14
train_ep_007643,train,False,False,False,0,True,1,1,True,True,persona_mention,14
train_ep_007644,train,True,True,True,1,True,2,11,True,True,direct_appearance,14
train_ep_007645,train,False,False,False,0,True,1,1,True,True,persona_mention,14
train_ep_007646,train,False,False,False,0,False,0,0,False,False,none,14
train_ep_007647,train,False,False,False,0,False,0,0,False,False,none,14
train_ep_007648,train,False,False,False,0,False,0,0,False,False,none,14
train_ep_007649,train,False,False,True,1,True,1,2,True,True,speech_mention,14
train_ep_007650,train,False,False,False,0,False,0,0,False,False,none,14
train_ep_007651,train,True,True,True,6,True,1,14,True,True,direct_appearance,14
train_ep_007652,train,False,False,False,0,True,1,1,True,True,persona_mention,14
train_ep_007653,train,False,False,False,0,False,0,0,False,False,none,14
train_ep_007654,train,True,True,True,1,True,1,10,True,True,direct_appearance,14
train_ep_007655,train,False,False,False,0,False,0,0,False,False,none,14
train_ep_007656,train,False,False,False,0,False,0,0,False,False,none,14
train_ep_007657,train,True,True,True,1,True,1,10,True,True,direct_appearance,14
train_ep_007658,train,False,False,False,0,False,0,0,False,False,none,14
train_ep_007659,train,False,False,False,0,False,0,0,False,False,none,14
train_ep_007660,train,False,False,False,0,False,0,0,False,False,none,14
train_ep_007661,train,False,False,False,0,True,1,1,True,True,persona_mention,14
train_ep_007662,train,False,False,False,0,False,0,0,False,False,none,14
train_ep_007663,train,False,False,True,2,True,2,4,True,True,speech_mention,14
train_ep_007664,train,False,False,False,0,True,1,1,True,True,persona_mention,14
train_ep_007665,train,False,False,False,0,False,0,0,False,False,none,14
train_ep_007666,train,False,False,False,0,False,0,0,False,False,none,14
train_ep_007667,train,False,False,True,1,False,0,1,True,False,speech_mention,14
train_ep_007668,train,False,False,True,2,True,1,3,True,True,speech_mention,14
train_ep_007669,train,False,False,False,0,False,0,0,False,False,none,14
train_ep_007670,train,False,False,False,0,False,0,0,False,False,none,14
train_ep_007671,train,False,False,True,1,True,1,2,True,True,speech_mention,14
train_ep_007672,train,False,False,True,2,True,1,3,True,True,speech_mention,14
train_ep_007673,train,True,True,False,0,True,2,10,True,True,direct_appearance,14
train_ep_007674,train,False,False,False,0,False,0,0,False,False,none,14
train_ep_007675,train,False,False,False,0,False,0,0,False,False,none,14
train_ep_007676,train,False,False,False,0,True,1,1,True,True,persona_mention,14
train_ep_007677,train,False,False,False,0,False,0,0,False,False,none,14
train_ep_007678,train,False,False,True,3,True,1,4,True,True,speech_mention,14
train_ep_007679,train,False,False,False,0,True,2,2,True,True,persona_mention,14
train_ep_007680,train,False,False,False,0,False,0,0,False,False,none,7
train_ep_007681,train,False,False,False,0,False,0,0,False,False,none,14
train_ep_007682,train,False,False,False,0,False,0,0,False,False,none,14
train_ep_007683,train,False,False,False,0,False,0,0,False,False,none,14
train_ep_007684,train,False,False,False,0,False,0,0,False,False,none,14
train_ep_007685,train,False,False,False,0,False,0,0,False,False,none,14
train_ep_007686,train,False,False,True,1,True,1,2,True,True,speech_mention,14
train_ep_007687,train,False,False,False,0,False,0,0,False,False,none,14
train_ep_007688,train,False,False,False,0,False,0,0,False,False,none,11
train_ep_007689,train,False,False,False,0,True,1,1,True,True,persona_mention,14
train_ep_007690,train,False,False,True,1,True,1,2,True,True,speech_mention,14
train_ep_007691,train,False,False,True,3,True,1,4,True,True,speech_mention,14
train_ep_007692,train,False,False,False,0,False,0,0,False,False,none,14
train_ep_007693,train,True,True,True,3,True,1,12,True,True,direct_appearance,14
train_ep_007694,train,False,False,False,0,False,0,0,False,False,none,14
train_ep_007695,train,False,False,False,0,False,0,0,False,False,none,14
train_ep_007696,train,True,True,True,3,True,2,13,True,True,direct_appearance,14
train_ep_007697,train,False,False,False,0,True,1,1,True,True,persona_mention,6
train_ep_007698,train,False,False,False,0,False,0,0,False,False,none,14
train_ep_007699,train,False,False,True,2,False,0,2,True,True,speech_mention,6
train_ep_007700,train,False,False,True,2,False,0,2,True,True,speech_mention,14
train_ep_007701,train,False,False,False,0,True,1,1,True,True,persona_mention,14
train_ep_007702,train,True,True,True,1,True,1,10,True,True,direct_appearance,14
train_ep_007703,train,False,False,False,0,True,1,1,True,True,persona_mention,14
train_ep_007704,train,False,False,False,0,True,1,1,True,True,persona_mention,14
train_ep_007705,train,False,False,False,0,False,0,0,False,False,none,14
train_ep_007706,train,False,False,False,0,False,0,0,False,False,none,14
train_ep_007707,train,False,False,False,0,False,0,0,False,False,none,14
train_ep_007708,train,False,False,False,0,False,0,0,False,False,none,14
train_ep_007709,train,False,False,False,0,False,0,0,False,False,none,14
train_ep_007710,train,False,False,False,0,False,0,0,False,False,none,14
train_ep_007711,train,False,False,False,0,False,0,0,False,False,none,14
train_ep_007712,train,True,True,False,0,True,1,9,True,True,direct_appearance,14
train_ep_007713,train,False,False,False,0,False,0,0,False,False,none,14
train_ep_007714,train,False,False,False,0,False,0,0,False,False,none,14
train_ep_007715,train,False,False,False,0,False,0,0,False,False,none,14
train_ep_007716,train,False,False,False,0,False,0,0,False,False,none,14
train_ep_007717,train,False,False,False,0,False,0,0,False,False,none,14
train_ep_007718,train,True,True,True,3,True,1,12,True,True,direct_appearance,4
train_ep_007719,train,False,False,False,0,False,0,0,False,False,none,14
train_ep_007720,train,False,False,False,0,False,0,0,False,False,none,14
train_ep_007721,train,False,False,False,0,True,1,1,True,True,persona_mention,14
train_ep_007722,train,False,False,False,0,True,1,1,True,True,persona_mention,14
train_ep_007723,train,False,False,False,0,False,0,0,False,False,none,14
train_ep_007724,train,False,False,True,1,True,1,2,True,True,speech_mention,14
train_ep_007725,train,False,False,False,0,False,0,0,False,False,none,14
train_ep_007726,train,False,False,True,1,True,1,2,True,True,speech_mention,14
train_ep_007727,train,True,True,True,2,True,1,11,True,True,direct_appearance,14
train_ep_007728,train,False,False,False,0,False,0,0,False,False,none,14
train_ep_007729,train,True,True,True,1,True,1,10,True,True,direct_appearance,14
train_ep_007730,train,False,False,False,0,False,0,0,False,False,none,14
train_ep_007731,train,False,False,False,0,False,0,0,False,False,none,10
train_ep_007732,train,False,False,True,5,False,0,5,True,True,speech_mention,14
train_ep_007733,train,False,False,True,3,False,0,3,True,True,speech_mention,14
train_ep_007734,train,True,True,True,1,True,1,10,True,True,direct_appearance,14
train_ep_007735,train,False,False,False,0,False,0,0,False,False,none,14
train_ep_007736,train,False,False,False,0,False,0,0,False,False,none,14
train_ep_007737,train,False,False,False,0,False,0,0,False,False,none,14
train_ep_007738,train,False,False,False,0,False,0,0,False,False,none,14
train_ep_007739,train,False,False,True,3,False,0,3,True,True,speech_mention,14
train_ep_007740,train,False,False,False,0,False,0,0,False,False,none,14
train_ep_007741,train,False,False,False,0,False,0,0,False,False,none,14
train_ep_007742,train,True,True,True,3,True,1,12,True,True,direct_appearance,14
train_ep_007743,train,False,False,False,0,False,0,0,False,False,none,11
train_ep_007744,train,False,False,True,1,True,1,2,True,True,speech_mention,14
train_ep_007745,train,False,False,False,0,False,0,0,False,False,none,14
train_ep_007746,train,False,False,True,1,False,0,1,True,False,speech_mention,14
train_ep_007747,train,False,False,False,0,False,0,0,False,False,none,14
train_ep_007748,train,False,False,False,0,False,0,0,False,False,none,14
train_ep_007749,train,True,True,True,1,True,1,10,True,True,direct_appearance,14
train_ep_007750,train,False,False,True,1,True,1,2,True,True,speech_mention,5
train_ep_007751,train,False,False,False,0,True,1,1,True,True,persona_mention,14
train_ep_007752,train,False,False,False,0,True,1,1,True,True,persona_mention,12
train_ep_007753,train,False,False,False,0,False,0,0,False,False,none,14
train_ep_007754,train,True,True,True,3,True,3,14,True,True,direct_appearance,14
train_ep_007755,train,False,False,False,0,False,0,0,False,False,none,14
train_ep_007756,train,False,False,False,0,False,0,0,False,False,none,14
train_ep_007757,train,False,False,False,0,False,0,0,False,False,none,14
train_ep_007758,train,False,False,False,0,True,1,1,True,True,persona_mention,14
train_ep_007759,train,False,False,False,0,False,0,0,False,False,none,14
train_ep_007760,train,False,False,False,0,False,0,0,False,False,none,14
train_ep_007761,train,False,False,False,0,False,0,0,False,False,none,14
train_ep_007762,train,False,False,False,0,False,0,0,False,False,none,14
train_ep_007763,train,False,False,False,0,False,0,0,False,False,none,14
train_ep_007764,train,False,False,False,0,False,0,0,False,False,none,14
train_ep_007765,train,True,True,True,1,True,1,10,True,True,direct_appearance,14
train_ep_007766,train,False,False,False,0,False,0,0,False,False,none,14
train_ep_007767,train,False,False,False,0,True,1,1,True,True,persona_mention,14
train_ep_007768,train,False,False,False,0,True,1,1,True,True,persona_mention,14
train_ep_007769,train,False,False,True,2,False,0,2,True,True,speech_mention,14
train_ep_007770,train,False,False,False,0,False,0,0,False,False,none,14
train_ep_007771,train,False,False,False,0,False,0,0,False,False,none,14
train_ep_007772,train,False,False,True,4,True,1,5,True,True,speech_mention,14
train_ep_007773,train,False,False,True,5,True,2,7,True,True,speech_mention,14
train_ep_007774,train,True,True,True,5,True,1,14,True,True,direct_appearance,14
train_ep_007775,train,False,False,False,0,False,0,0,False,False,none,14
train_ep_007776,train,False,False,False,0,False,0,0,False,False,none,14
train_ep_007777,train,False,False,True,1,False,0,1,True,False,speech_mention,14
train_ep_007778,train,False,False,False,0,True,1,1,True,True,persona_mention,14
train_ep_007779,train,False,False,False,0,False,0,0,False,False,none,14
train_ep_007780,train,False,False,False,0,False,0,0,False,False,none,14
train_ep_007781,train,False,False,True,4,False,0,4,True,True,speech_mention,14
train_ep_007782,train,False,False,False,0,False,0,0,False,False,none,14
train_ep_007783,train,False,False,False,0,False,0,0,False,False,none,14
train_ep_007784,train,False,False,False,0,True,1,1,True,True,persona_mention,14
train_ep_007785,train,False,False,False,0,False,0,0,False,False,none,14
train_ep_007786,train,False,False,True,6,True,1,6,True,True,speech_mention,14
train_ep_007787,train,False,False,False,0,False,0,0,False,False,none,14
train_ep_007788,train,False,False,False,0,True,1,1,True,True,persona_mention,14
train_ep_007789,train,False,False,False,0,False,0,0,False,False,none,14
train_ep_007790,train,False,False,False,0,False,0,0,False,False,none,14
train_ep_007791,train,False,False,False,0,True,1,1,True,True,persona_mention,11
train_ep_007792,train,False,False,False,0,False,0,0,False,False,none,14
train_ep_007793,train,False,False,False,0,True,1,1,True,True,persona_mention,14
train_ep_007794,train,False,False,False,0,False,0,0,False,False,none,14
train_ep_007795,train,False,False,False,0,True,1,1,True,True,persona_mention,14
train_ep_007796,train,False,False,False,0,False,0,0,False,False,none,14
train_ep_007797,train,False,False,False,0,False,0,0,False,False,none,14
train_ep_007798,train,False,False,False,0,False,0,0,False,False,none,2
train_ep_007799,train,False,False,False,0,True,2,2,True,True,persona_mention,14
train_ep_007800,train,False,False,False,0,False,0,0,False,False,none,14
train_ep_007801,train,False,False,False,0,False,0,0,False,False,none,14
train_ep_007802,train,False,False,False,0,False,0,0,False,False,none,4
train_ep_007803,train,False,False,False,0,False,0,0,False,False,none,14
train_ep_007804,train,False,False,False,0,False,0,0,False,False,none,14
train_ep_007805,train,False,False,False,0,False,0,0,False,False,none,14
train_ep_007806,train,False,False,True,1,True,2,3,True,True,speech_mention,14
train_ep_007807,train,False,False,False,0,True,1,1,True,True,persona_mention,5
train_ep_007808,train,False,False,True,1,False,0,1,True,False,speech_mention,14
train_ep_007809,train,True,True,True,2,True,3,13,True,True,direct_appearance,9
train_ep_007810,train,False,False,False,0,False,0,0,False,False,none,14
train_ep_007811,train,False,False,False,0,False,0,0,False,False,none,14
train_ep_007812,train,False,False,False,0,False,0,0,False,False,none,14
train_ep_007813,train,False,False,True,2,True,1,3,True,True,speech_mention,14
train_ep_007814,train,False,False,True,2,True,1,3,True,True,speech_mention,14
train_ep_007815,train,False,False,False,0,False,0,0,False,False,none,14
train_ep_007816,train,False,False,False,0,True,1,1,True,True,persona_mention,14
train_ep_007817,train,False,False,False,0,False,0,0,False,False,none,14
train_ep_007818,train,False,False,True,3,True,1,4,True,True,speech_mention,14
train_ep_007819,train,False,False,True,2,True,1,3,True,True,speech_mention,14
train_ep_007820,train,False,False,True,1,False,0,1,True,False,speech_mention,14
train_ep_007821,train,False,False,False,0,False,0,0,False,False,none,14
train_ep_007822,train,False,False,False,0,False,0,0,False,False,none,14
train_ep_007823,train,False,False,False,0,True,1,1,True,True,persona_mention,14
train_ep_007824,train,True,True,True,1,True,3,12,True,True,direct_appearance,14
train_ep_007825,train,False,False,False,0,False,0,0,False,False,none,14
train_ep_007826,train,False,False,False,0,False,0,0,False,False,none,14
train_ep_007827,train,False,False,False,0,False,0,0,False,False,none,14
train_ep_007828,train,False,False,False,0,True,1,1,True,True,persona_mention,14
train_ep_007829,train,False,False,False,0,False,0,0,False,False,none,14
train_ep_007830,train,False,False,True,1,False,0,1,True,False,speech_mention,14
train_ep_007831,train,False,False,False,0,False,0,0,False,False,none,14
train_ep_007832,train,False,False,False,0,False,0,0,False,False,none,14
train_ep_007833,train,False,False,False,0,False,0,0,False,False,none,14
train_ep_007834,train,True,True,False,0,False,0,8,True,True,direct_appearance,14
train_ep_007835,train,False,False,False,0,False,0,0,False,False,none,14
train_ep_007836,train,False,False,False,0,False,0,0,False,False,none,14
train_ep_007837,train,False,False,False,0,True,1,1,True,True,persona_mention,10
train_ep_007838,train,False,False,False,0,False,0,0,False,False,none,14
train_ep_007839,train,False,False,False,0,False,0,0,False,False,none,14
train_ep_007840,train,False,False,False,0,True,1,1,True,True,persona_mention,14
train_ep_007841,train,False,False,False,0,False,0,0,False,False,none,14
train_ep_007842,train,False,False,False,0,False,0,0,False,False,none,14
train_ep_007843,train,True,True,False,0,False,0,8,True,True,direct_appearance,14
train_ep_007844,train,False,False,False,0,False,0,0,False,False,none,14
train_ep_007845,train,False,False,False,0,False,0,0,False,False,none,14
train_ep_007846,train,False,False,False,0,False,0,0,False,False,none,14
train_ep_007847,train,False,False,False,0,False,0,0,False,False,none,14
train_ep_007848,train,False,False,False,0,False,0,0,False,False,none,14
train_ep_007849,train,True,True,True,1,True,1,10,True,True,direct_appearance,9
train_ep_007850,train,False,False,False,0,False,0,0,False,False,none,14
train_ep_007851,train,False,False,False,0,False,0,0,False,False,none,14
train_ep_007852,train,False,False,False,0,False,0,0,False,False,none,14
train_ep_007853,train,False,False,True,1,False,0,1,True,False,speech_mention,14
train_ep_007854,train,False,False,False,0,False,0,0,False,False,none,14
train_ep_007855,train,False,False,False,0,False,0,0,False,False,none,14
train_ep_007856,train,True,True,True,2,True,1,11,True,True,direct_appearance,14
train_ep_007857,train,False,False,False,0,False,0,0,False,False,none,14
train_ep_007858,train,True,True,True,5,True,3,16,True,True,direct_appearance,14
train_ep_007859,train,False,False,True,4,True,1,5,True,True,speech_mention,14
train_ep_007860,train,False,False,True,1,True,2,3,True,True,speech_mention,14
train_ep_007861,train,True,True,True,1,True,3,12,True,True,direct_appearance,14
train_ep_007862,train,False,False,False,0,False,0,0,False,False,none,14
train_ep_007863,train,True,True,True,4,True,3,15,True,True,direct_appearance,14
train_ep_007864,train,False,False,False,0,False,0,0,False,False,none,14
train_ep_007865,train,False,False,False,0,False,0,0,False,False,none,14
train_ep_007866,train,False,False,False,0,False,0,0,False,False,none,14
train_ep_007867,train,False,False,False,0,False,0,0,False,False,none,14
train_ep_007868,train,False,False,False,0,False,0,0,False,False,none,14
train_ep_007869,train,False,False,False,0,False,0,0,False,False,none,14
train_ep_007870,train,False,False,False,0,False,0,0,False,False,none,14
train_ep_007871,train,False,False,True,1,True,1,2,True,True,speech_mention,14
train_ep_007872,train,False,False,False,0,False,0,0,False,False,none,14
train_ep_007873,train,False,False,True,2,True,1,3,True,True,speech_mention,14
train_ep_007874,train,False,False,False,0,False,0,0,False,False,none,14
train_ep_007875,train,False,False,False,0,False,0,0,False,False,none,14
train_ep_007876,train,True,True,True,1,True,1,10,True,True,direct_appearance,14
train_ep_007877,train,False,False,False,0,False,0,0,False,False,none,14
train_ep_007878,train,False,False,False,0,False,0,0,False,False,none,14
train_ep_007879,train,False,False,True,1,False,0,1,True,False,speech_mention,14
train_ep_007880,train,False,False,True,4,True,2,6,True,True,speech_mention,14
train_ep_007881,train,False,False,False,0,False,0,0,False,False,none,14
train_ep_007882,train,True,True,False,0,False,0,8,True,True,direct_appearance,14
train_ep_007883,train,False,False,False,0,False,0,0,False,False,none,14
train_ep_007884,train,False,False,False,0,True,1,1,True,True,persona_mention,14
train_ep_007885,train,True,True,True,1,True,3,12,True,True,direct_appearance,14
train_ep_007886,train,False,False,True,5,True,2,7,True,True,speech_mention,14
train_ep_007887,train,False,False,False,0,False,0,0,False,False,none,14
train_ep_007888,train,False,False,True,2,True,3,5,True,True,speech_mention,14
train_ep_007889,train,False,False,False,0,True,1,1,True,True,persona_mention,14
train_ep_007890,train,False,False,True,3,True,2,5,True,True,speech_mention,14
train_ep_007891,train,False,False,False,0,False,0,0,False,False,none,14
train_ep_007892,train,False,False,False,0,False,0,0,False,False,none,14
train_ep_007893,train,False,False,False,0,False,0,0,False,False,none,14
train_ep_007894,train,False,False,False,0,False,0,0,False,False,none,14
train_ep_007895,train,False,False,True,1,False,0,1,True,False,speech_mention,14
train_ep_007896,train,False,False,True,7,True,2,7,True,True,speech_mention,14
train_ep_007897,train,True,True,True,1,False,0,9,True,True,direct_appearance,14
train_ep_007898,train,False,False,False,0,False,0,0,False,False,none,14
train_ep_007899,train,True,True,True,4,True,1,13,True,True,direct_appearance,14
train_ep_007900,train,False,False,False,0,True,1,1,True,True,persona_mention,14
train_ep_007901,train,False,False,False,0,False,0,0,False,False,none,14
train_ep_007902,train,False,False,False,0,False,0,0,False,False,none,14
train_ep_007903,train,False,False,False,0,False,0,0,False,False,none,14
train_ep_007904,train,False,False,False,0,False,0,0,False,False,none,14
train_ep_007905,train,False,False,True,1,False,0,1,True,False,speech_mention,14
train_ep_007906,train,False,False,False,0,False,0,0,False,False,none,14
train_ep_007907,train,False,False,True,1,False,0,1,True,False,speech_mention,14
train_ep_007908,train,False,False,False,0,False,0,0,False,False,none,14
train_ep_007909,train,False,False,False,0,False,0,0,False,False,none,14
train_ep_007910,train,False,False,False,0,False,0,0,False,False,none,14
train_ep_007911,train,False,False,False,0,False,0,0,False,False,none,14
train_ep_007912,train,False,False,False,0,True,1,1,True,True,persona_mention,14
train_ep_007913,train,False,False,False,0,False,0,0,False,False,none,14
train_ep_007914,train,False,False,False,0,False,0,0,False,False,none,14
train_ep_007915,train,True,True,True,2,True,3,13,True,True,direct_appearance,14
train_ep_007916,train,True,True,False,0,True,1,9,True,True,direct_appearance,14
train_ep_007917,train,False,False,False,0,True,1,1,True,True,persona_mention,14
train_ep_007918,train,False,False,False,0,False,0,0,False,False,none,3
train_ep_007919,train,False,False,True,1,True,2,3,True,True,speech_mention,14
train_ep_007920,train,False,False,True,5,True,2,7,True,True,speech_mention,14
train_ep_007921,train,False,False,False,0,False,0,0,False,False,none,2
train_ep_007922,train,False,False,True,2,True,1,3,True,True,speech_mention,14
train_ep_007923,train,False,False,True,3,True,1,4,True,True,speech_mention,14
train_ep_007924,train,False,False,False,0,False,0,0,False,False,none,14
train_ep_007925,train,False,False,False,0,False,0,0,False,False,none,14
train_ep_007926,train,False,False,False,0,False,0,0,False,False,none,14
train_ep_007927,train,True,True,False,0,True,3,11,True,True,direct_appearance,14
train_ep_007928,train,False,False,True,5,True,1,6,True,True,speech_mention,14
train_ep_007929,train,False,False,False,0,True,1,1,True,True,persona_mention,8
train_ep_007930,train,False,False,False,0,False,0,0,False,False,none,14
train_ep_007931,train,False,False,False,0,False,0,0,False,False,none,14
train_ep_007932,train,False,False,False,0,False,0,0,False,False,none,14
train_ep_007933,train,False,False,False,0,True,1,1,True,True,persona_mention,14
train_ep_007934,train,False,False,False,0,True,1,1,True,True,persona_mention,14
train_ep_007935,train,False,False,False,0,True,2,2,True,True,persona_mention,14
train_ep_007936,train,False,False,False,0,True,2,2,True,True,persona_mention,14
train_ep_007937,train,False,False,False,0,False,0,0,False,False,none,14
train_ep_007938,train,False,False,False,0,True,1,1,True,True,persona_mention,14
train_ep_007939,train,False,False,True,1,True,1,2,True,True,speech_mention,10
train_ep_007940,train,True,True,True,1,True,2,11,True,True,direct_appearance,14
train_ep_007941,train,False,False,False,0,False,0,0,False,False,none,14
train_ep_007942,train,False,False,False,0,False,0,0,False,False,none,14
train_ep_007943,train,False,False,False,0,False,0,0,False,False,none,14
train_ep_007944,train,False,False,False,0,False,0,0,False,False,none,14
train_ep_007945,train,False,False,False,0,False,0,0,False,False,none,14
train_ep_007946,train,False,False,False,0,True,1,1,True,True,persona_mention,14
train_ep_007947,train,False,False,False,0,False,0,0,False,False,none,14
train_ep_007948,train,False,False,False,0,False,0,0,False,False,none,14
train_ep_007949,train,False,False,False,0,True,1,1,True,True,persona_mention,14
train_ep_007950,train,False,False,False,0,False,0,0,False,False,none,14
train_ep_007951,train,False,False,False,0,False,0,0,False,False,none,14
train_ep_007952,train,False,False,False,0,True,1,1,True,True,persona_mention,8
train_ep_007953,train,False,False,True,1,False,0,1,True,False,speech_mention,14
train_ep_007954,train,True,True,True,1,True,1,10,True,True,direct_appearance,14
train_ep_007955,train,False,False,False,0,False,0,0,False,False,none,14
train_ep_007956,train,False,False,False,0,False,0,0,False,False,none,14
train_ep_007957,train,False,False,False,0,True,1,1,True,True,persona_mention,14
train_ep_007958,train,False,False,False,0,False,0,0,False,False,none,14
train_ep_007959,train,False,False,False,0,False,0,0,False,False,none,14
train_ep_007960,train,False,False,True,2,False,0,2,True,True,speech_mention,14
train_ep_007961,train,False,False,False,0,False,0,0,False,False,none,14
train_ep_007962,train,False,False,True,1,True,1,2,True,True,speech_mention,14
train_ep_007963,train,False,False,False,0,False,0,0,False,False,none,14
train_ep_007964,train,False,False,False,0,True,1,1,True,True,persona_mention,14
train_ep_007965,train,False,False,False,0,False,0,0,False,False,none,14
train_ep_007966,train,False,False,False,0,False,0,0,False,False,none,14
train_ep_007967,train,False,False,False,0,False,0,0,False,False,none,14
train_ep_007968,train,False,False,True,1,True,2,3,True,True,speech_mention,14
train_ep_007969,train,False,False,False,0,False,0,0,False,False,none,14
train_ep_007970,train,False,False,True,1,False,0,1,True,False,speech_mention,14
train_ep_007971,train,False,False,True,6,True,1,6,True,True,speech_mention,14
train_ep_007972,train,False,False,False,0,False,0,0,False,False,none,14
train_ep_007973,train,False,False,True,4,True,2,6,True,True,speech_mention,14
train_ep_007974,train,False,False,True,1,True,1,2,True,True,speech_mention,14
train_ep_007975,train,False,False,False,0,False,0,0,False,False,none,14
train_ep_007976,train,False,False,True,1,True,1,2,True,True,speech_mention,14
train_ep_007977,train,False,False,False,0,False,0,0,False,False,none,14
train_ep_007978,train,False,False,False,0,True,1,1,True,True,persona_mention,14
train_ep_007979,train,False,False,False,0,True,1,1,True,True,persona_mention,14
train_ep_007980,train,False,False,False,0,False,0,0,False,False,none,14
train_ep_007981,train,False,False,False,0,True,1,1,True,True,persona_mention,14
train_ep_007982,train,False,False,True,4,True,2,6,True,True,speech_mention,14
train_ep_007983,train,False,False,False,0,True,2,2,True,True,persona_mention,14
train_ep_007984,train,False,False,True,1,False,0,1,True,False,speech_mention,14
train_ep_007985,train,False,False,False,0,False,0,0,False,False,none,14
train_ep_007986,train,False,False,False,0,False,0,0,False,False,none,14
train_ep_007987,train,False,False,False,0,False,0,0,False,False,none,14
train_ep_007988,train,False,False,False,0,False,0,0,False,False,none,14
train_ep_007989,train,False,False,False,0,False,0,0,False,False,none,14
train_ep_007990,train,False,False,False,0,False,0,0,False,False,none,14
train_ep_007991,train,False,False,True,1,False,0,1,True,False,speech_mention,14
train_ep_007992,train,False,False,False,0,False,0,0,False,False,none,14
train_ep_007993,train,True,True,False,0,False,0,8,True,True,direct_appearance,14
train_ep_007994,train,False,False,False,0,False,0,0,False,False,none,14
train_ep_007995,train,False,False,False,0,False,0,0,False,False,none,14
train_ep_007996,train,False,False,False,0,True,1,1,True,True,persona_mention,14
train_ep_007997,train,False,False,False,0,True,1,1,True,True,persona_mention,14
train_ep_007998,train,False,False,True,1,False,0,1,True,False,speech_mention,14
train_ep_007999,train,False,False,False,0,False,0,0,False,False,none,14
train_ep_008000,train,False,False,False,0,False,0,0,False,False,none,14
train_ep_008001,train,False,False,False,0,False,0,0,False,False,none,14
train_ep_008002,train,False,False,False,0,False,0,0,False,False,none,14
train_ep_008003,train,False,False,True,3,True,1,4,True,True,speech_mention,14
train_ep_008004,train,False,False,False,0,False,0,0,False,False,none,14
train_ep_008005,train,True,True,True,5,True,1,14,True,True,direct_appearance,14
train_ep_008006,train,False,False,False,0,True,2,2,True,True,persona_mention,14
train_ep_008007,train,False,False,False,0,False,0,0,False,False,none,14
train_ep_008008,train,False,False,True,3,False,0,3,True,True,speech_mention,14
train_ep_008009,train,False,False,True,5,False,0,5,True,True,speech_mention,14
train_ep_008010,train,False,False,False,0,True,1,1,True,True,persona_mention,14
train_ep_008011,train,False,False,False,0,False,0,0,False,False,none,14
train_ep_008012,train,False,False,False,0,False,0,0,False,False,none,14
train_ep_008013,train,True,True,True,1,True,3,12,True,True,direct_appearance,14
train_ep_008014,train,True,True,True,2,True,1,11,True,True,direct_appearance,14
train_ep_008015,train,False,False,False,0,False,0,0,False,False,none,14
train_ep_008016,train,False,False,False,0,False,0,0,False,False,none,14
train_ep_008017,train,False,False,False,0,False,0,0,False,False,none,14
train_ep_008018,train,False,False,False,0,False,0,0,False,False,none,14
train_ep_008019,train,False,False,False,0,False,0,0,False,False,none,14
train_ep_008020,train,False,False,False,0,True,1,1,True,True,persona_mention,14
train_ep_008021,train,False,False,False,0,False,0,0,False,False,none,14
train_ep_008022,train,False,False,False,0,False,0,0,False,False,none,14
train_ep_008023,train,False,False,False,0,False,0,0,False,False,none,14
train_ep_008024,train,False,False,False,0,False,0,0,False,False,none,14
train_ep_008025,train,False,False,False,0,True,1,1,True,True,persona_mention,5
train_ep_008026,train,False,False,False,0,False,0,0,False,False,none,14
train_ep_008027,train,False,False,False,0,False,0,0,False,False,none,14
train_ep_008028,train,False,False,False,0,True,1,1,True,True,persona_mention,3
train_ep_008029,train,False,False,False,0,False,0,0,False,False,none,14
train_ep_008030,train,False,False,False,0,False,0,0,False,False,none,14
train_ep_008031,train,True,True,True,3,True,4,14,True,True,direct_appearance,14
train_ep_008032,train,False,False,False,0,False,0,0,False,False,none,14
train_ep_008033,train,False,False,False,0,False,0,0,False,False,none,14
train_ep_008034,train,False,False,False,0,False,0,0,False,False,none,14
train_ep_008035,train,False,False,False,0,False,0,0,False,False,none,14
train_ep_008036,train,False,False,False,0,False,0,0,False,False,none,14
train_ep_008037,train,False,False,False,0,True,2,2,True,True,persona_mention,14
train_ep_008038,train,False,False,False,0,True,1,1,True,True,persona_mention,14
train_ep_008039,train,False,False,True,3,True,1,4,True,True,speech_mention,14
train_ep_008040,train,False,False,False,0,True,1,1,True,True,persona_mention,14
train_ep_008041,train,False,False,True,3,True,2,5,True,True,speech_mention,14
train_ep_008042,train,False,False,True,2,True,1,3,True,True,speech_mention,14
train_ep_008043,train,False,False,False,0,True,1,1,True,True,persona_mention,14
train_ep_008044,train,False,False,False,0,False,0,0,False,False,none,14
train_ep_008045,train,False,False,False,0,False,0,0,False,False,none,14
train_ep_008046,train,False,False,False,0,False,0,0,False,False,none,14
train_ep_008047,train,False,False,False,0,False,0,0,False,False,none,14
train_ep_008048,train,False,False,True,1,False,0,1,True,False,speech_mention,14
train_ep_008049,train,False,False,False,0,False,0,0,False,False,none,14
train_ep_008050,train,False,False,False,0,False,0,0,False,False,none,14
train_ep_008051,train,False,False,True,1,True,2,3,True,True,speech_mention,14
train_ep_008052,train,False,False,False,0,False,0,0,False,False,none,14
train_ep_008053,train,False,False,False,0,False,0,0,False,False,none,14
train_ep_008054,train,False,False,False,0,False,0,0,False,False,none,14
train_ep_008055,train,False,False,True,1,True,2,3,True,True,speech_mention,14
train_ep_008056,train,False,False,False,0,False,0,0,False,False,none,13
train_ep_008057,train,False,False,False,0,False,0,0,False,False,none,14
train_ep_008058,train,False,False,False,0,False,0,0,False,False,none,14
train_ep_008059,train,False,False,False,0,False,0,0,False,False,none,14
train_ep_008060,train,False,False,False,0,False,0,0,False,False,none,14
train_ep_008061,train,False,False,True,2,True,1,3,True,True,speech_mention,14
train_ep_008062,train,False,False,False,0,False,0,0,False,False,none,14
train_ep_008063,train,False,False,False,0,False,0,0,False,False,none,14
train_ep_008064,train,False,False,False,0,False,0,0,False,False,none,14
train_ep_008065,train,False,False,False,0,True,1,1,True,True,persona_mention,14
train_ep_008066,train,False,False,False,0,False,0,0,False,False,none,14
train_ep_008067,train,False,False,True,1,True,1,2,True,True,speech_mention,14
train_ep_008068,train,False,False,False,0,False,0,0,False,False,none,14
train_ep_008069,train,False,False,False,0,False,0,0,False,False,none,14
train_ep_008070,train,False,False,False,0,False,0,0,False,False,none,14
train_ep_008071,train,False,False,True,1,True,1,2,True,True,speech_mention,14
train_ep_008072,train,False,False,False,0,False,0,0,False,False,none,14
train_ep_008073,train,False,False,False,0,False,0,0,False,False,none,14
train_ep_008074,train,False,False,False,0,False,0,0,False,False,none,14
train_ep_008075,train,False,False,False,0,False,0,0,False,False,none,14
train_ep_008076,train,False,False,False,0,False,0,0,False,False,none,14
train_ep_008077,train,False,False,True,2,False,0,2,True,True,speech_mention,11
train_ep_008078,train,False,False,False,0,False,0,0,False,False,none,14
train_ep_008079,train,False,False,False,0,False,0,0,False,False,none,14
train_ep_008080,train,False,False,True,2,False,0,2,True,True,speech_mention,14
train_ep_008081,train,False,False,True,1,False,0,1,True,False,speech_mention,14
train_ep_008082,train,False,False,False,0,True,2,2,True,True,persona_mention,14
train_ep_008083,train,False,False,False,0,False,0,0,False,False,none,14
train_ep_008084,train,False,False,False,0,False,0,0,False,False,none,14
train_ep_008085,train,False,False,True,1,True,1,2,True,True,speech_mention,14
train_ep_008086,train,False,False,False,0,False,0,0,False,False,none,14
train_ep_008087,train,False,False,False,0,False,0,0,False,False,none,14
train_ep_008088,train,False,False,False,0,True,1,1,True,True,persona_mention,14
train_ep_008089,train,False,False,False,0,True,1,1,True,True,persona_mention,14
train_ep_008090,train,False,False,True,4,True,1,5,True,True,speech_mention,14
train_ep_008091,train,True,True,True,2,True,3,13,True,True,direct_appearance,14
train_ep_008092,train,True,True,True,2,False,0,10,True,True,direct_appearance,14
train_ep_008093,train,False,False,False,0,False,0,0,False,False,none,14
train_ep_008094,train,False,False,False,0,False,0,0,False,False,none,14
train_ep_008095,train,False,False,False,0,False,0,0,False,False,none,14
train_ep_008096,train,False,False,False,0,False,0,0,False,False,none,14
train_ep_008097,train,False,False,False,0,False,0,0,False,False,none,14
train_ep_008098,train,False,False,False,0,False,0,0,False,False,none,14
train_ep_008099,train,False,False,False,0,True,1,1,True,True,persona_mention,14
train_ep_008100,train,False,False,False,0,False,0,0,False,False,none,14
train_ep_008101,train,False,False,False,0,False,0,0,False,False,none,14
train_ep_008102,train,False,False,False,0,False,0,0,False,False,none,14
train_ep_008103,train,False,False,True,3,True,2,5,True,True,speech_mention,14
train_ep_008104,train,False,False,False,0,False,0,0,False,False,none,14
train_ep_008105,train,False,False,False,0,False,0,0,False,False,none,14
train_ep_008106,train,False,False,False,0,False,0,0,False,False,none,14
train_ep_008107,train,False,False,False,0,False,0,0,False,False,none,14
train_ep_008108,train,False,False,False,0,False,0,0,False,False,none,7
train_ep_008109,train,False,False,True,3,False,0,3,True,True,speech_mention,14
train_ep_008110,train,False,False,False,0,False,0,0,False,False,none,14
train_ep_008111,train,False,False,True,4,True,1,5,True,True,speech_mention,14
train_ep_008112,train,False,False,False,0,False,0,0,False,False,none,14
train_ep_008113,train,False,False,False,0,True,1,1,True,True,persona_mention,14
train_ep_008114,train,False,False,False,0,False,0,0,False,False,none,14
train_ep_008115,train,False,False,False,0,False,0,0,False,False,none,8
train_ep_008116,train,False,False,False,0,False,0,0,False,False,none,14
train_ep_008117,train,False,False,True,7,False,0,5,True,True,speech_mention,14
train_ep_008118,train,False,False,False,0,False,0,0,False,False,none,8
train_ep_008119,train,False,False,True,8,True,2,7,True,True,speech_mention,14
train_ep_008120,train,False,False,False,0,False,0,0,False,False,none,14
train_ep_008121,train,False,False,False,0,False,0,0,False,False,none,14
train_ep_008122,train,False,False,False,0,False,0,0,False,False,none,7
train_ep_008123,train,False,False,True,2,False,0,2,True,True,speech_mention,14
train_ep_008124,train,False,False,True,2,True,1,3,True,True,speech_mention,14
train_ep_008125,train,False,False,False,0,True,1,1,True,True,persona_mention,8
train_ep_008126,train,False,False,True,2,True,1,3,True,True,speech_mention,14
train_ep_008127,train,False,False,False,0,False,0,0,False,False,none,5
train_ep_008128,train,False,False,False,0,False,0,0,False,False,none,14
train_ep_008129,train,False,False,False,0,False,0,0,False,False,none,7
train_ep_008130,train,False,False,False,0,False,0,0,False,False,none,14
train_ep_008131,train,False,False,False,0,False,0,0,False,False,none,14
train_ep_008132,train,False,False,False,0,True,1,1,True,True,persona_mention,14
train_ep_008133,train,False,False,False,0,False,0,0,False,False,none,14
train_ep_008134,train,False,False,False,0,False,0,0,False,False,none,14
train_ep_008135,train,False,False,False,0,False,0,0,False,False,none,14
train_ep_008136,train,False,False,False,0,False,0,0,False,False,none,10
train_ep_008137,train,False,False,False,0,False,0,0,False,False,none,14
train_ep_008138,train,False,False,True,2,False,0,2,True,True,speech_mention,14
train_ep_008139,train,False,False,False,0,False,0,0,False,False,none,14
train_ep_008140,train,True,True,True,2,True,2,12,True,True,direct_appearance,14
train_ep_008141,train,False,False,False,0,False,0,0,False,False,none,14
train_ep_008142,train,False,False,False,0,False,0,0,False,False,none,14
train_ep_008143,train,True,True,True,1,True,1,10,True,True,direct_appearance,14
train_ep_008144,train,False,False,False,0,False,0,0,False,False,none,14
train_ep_008145,train,True,True,True,1,True,1,10,True,True,direct_appearance,14
train_ep_008146,train,False,False,True,2,True,1,3,True,True,speech_mention,14
train_ep_008147,train,True,True,False,0,True,1,9,True,True,direct_appearance,14
train_ep_008148,train,False,False,True,1,False,0,1,True,False,speech_mention,14
train_ep_008149,train,False,False,False,0,False,0,0,False,False,none,14
train_ep_008150,train,False,False,True,2,True,1,3,True,True,speech_mention,14
train_ep_008151,train,False,False,False,0,False,0,0,False,False,none,14
train_ep_008152,train,True,True,False,0,True,1,9,True,True,direct_appearance,14
train_ep_008153,train,False,False,True,2,True,2,4,True,True,speech_mention,14
train_ep_008154,train,False,False,False,0,False,0,0,False,False,none,14
train_ep_008155,train,True,True,True,1,True,1,10,True,True,direct_appearance,14
train_ep_008156,train,False,False,True,1,True,1,2,True,True,speech_mention,14
train_ep_008157,train,True,True,True,2,True,1,11,True,True,direct_appearance,14
train_ep_008158,train,False,False,False,0,False,0,0,False,False,none,14
train_ep_008159,train,False,False,False,0,False,0,0,False,False,none,14
train_ep_008160,train,False,False,False,0,False,0,0,False,False,none,14
train_ep_008161,train,False,False,False,0,False,0,0,False,False,none,14
train_ep_008162,train,False,False,False,0,False,0,0,False,False,none,14
train_ep_008163,train,False,False,False,0,True,1,1,True,True,persona_mention,13
train_ep_008164,train,False,False,False,0,False,0,0,False,False,none,14
train_ep_008165,train,False,False,False,0,True,1,1,True,True,persona_mention,14
train_ep_008166,train,False,False,False,0,False,0,0,False,False,none,14
train_ep_008167,train,False,False,False,0,False,0,0,False,False,none,14
train_ep_008168,train,False,False,False,0,False,0,0,False,False,none,14
train_ep_008169,train,False,False,False,0,False,0,0,False,False,none,14
train_ep_008170,train,False,False,False,0,False,0,0,False,False,none,14
train_ep_008171,train,False,False,False,0,False,0,0,False,False,none,14
train_ep_008172,train,False,False,True,4,False,0,4,True,True,speech_mention,14
train_ep_008173,train,False,False,True,1,True,1,2,True,True,speech_mention,14
train_ep_008174,train,False,False,False,0,False,0,0,False,False,none,14
train_ep_008175,train,False,False,True,3,False,0,3,True,True,speech_mention,14
train_ep_008176,train,False,False,False,0,False,0,0,False,False,none,14
train_ep_008177,train,False,False,False,0,False,0,0,False,False,none,14
train_ep_008178,train,False,False,False,0,True,1,1,True,True,persona_mention,14
train_ep_008179,train,False,False,False,0,True,1,1,True,True,persona_mention,14
train_ep_008180,train,False,False,False,0,True,1,1,True,True,persona_mention,14
train_ep_008181,train,False,False,True,2,True,2,4,True,True,speech_mention,8
train_ep_008182,train,False,False,False,0,False,0,0,False,False,none,14
train_ep_008183,train,False,False,True,2,True,2,4,True,True,speech_mention,14
train_ep_008184,train,False,False,False,0,False,0,0,False,False,none,14
train_ep_008185,train,False,False,False,0,False,0,0,False,False,none,14
train_ep_008186,train,False,False,False,0,False,0,0,False,False,none,14
train_ep_008187,train,False,False,False,0,False,0,0,False,False,none,14
train_ep_008188,train,False,False,True,4,True,1,5,True,True,speech_mention,14
train_ep_008189,train,False,False,False,0,False,0,0,False,False,none,14
train_ep_008190,train,False,False,False,0,False,0,0,False,False,none,14
train_ep_008191,train,False,False,False,0,False,0,0,False,False,none,14
train_ep_008192,train,False,False,True,1,True,2,3,True,True,speech_mention,14
train_ep_008193,train,False,False,False,0,False,0,0,False,False,none,14
train_ep_008194,train,False,False,False,0,True,1,1,True,True,persona_mention,6
train_ep_008195,train,False,False,True,3,False,0,3,True,True,speech_mention,14
train_ep_008196,train,False,False,False,0,False,0,0,False,False,none,14
train_ep_008197,train,False,False,False,0,False,0,0,False,False,none,14
train_ep_008198,train,False,False,True,1,False,0,1,True,False,speech_mention,14
train_ep_008199,train,False,False,False,0,False,0,0,False,False,none,14
train_ep_008200,train,False,False,False,0,True,1,1,True,True,persona_mention,14
train_ep_008201,train,False,False,False,0,False,0,0,False,False,none,14
train_ep_008202,train,False,False,True,6,False,0,5,True,True,speech_mention,14
train_ep_008203,train,False,False,False,0,False,0,0,False,False,none,14
train_ep_008204,train,False,False,True,5,True,1,6,True,True,speech_mention,14
train_ep_008205,train,False,False,False,0,True,1,1,True,True,persona_mention,14
train_ep_008206,train,False,False,True,4,True,1,5,True,True,speech_mention,14
train_ep_008207,train,False,False,False,0,False,0,0,False,False,none,14
train_ep_008208,train,False,False,True,1,False,0,1,True,False,speech_mention,14
train_ep_008209,train,False,False,False,0,False,0,0,False,False,none,14
train_ep_008210,train,False,False,False,0,False,0,0,False,False,none,14
train_ep_008211,train,False,False,False,0,False,0,0,False,False,none,14
train_ep_008212,train,False,False,False,0,False,0,0,False,False,none,14
train_ep_008213,train,False,False,True,6,False,0,5,True,True,speech_mention,14
train_ep_008214,train,False,False,True,3,True,1,4,True,True,speech_mention,14
train_ep_008215,train,True,True,True,2,True,2,12,True,True,direct_appearance,14
train_ep_008216,train,False,False,True,1,True,1,2,True,True,speech_mention,14
train_ep_008217,train,False,False,False,0,True,1,1,True,True,persona_mention,14
train_ep_008218,train,False,False,False,0,False,0,0,False,False,none,11
train_ep_008219,train,False,False,True,6,False,0,5,True,True,speech_mention,14
train_ep_008220,train,False,False,False,0,False,0,0,False,False,none,14
train_ep_008221,train,False,False,False,0,False,0,0,False,False,none,14
train_ep_008222,train,False,False,False,0,True,2,2,True,True,persona_mention,7
train_ep_008223,train,False,False,True,1,False,0,1,True,False,speech_mention,14
train_ep_008224,train,False,False,False,0,False,0,0,False,False,none,14
train_ep_008225,train,False,False,False,0,False,0,0,False,False,none,3
train_ep_008226,train,False,False,False,0,False,0,0,False,False,none,3
train_ep_008227,train,False,False,False,0,False,0,0,False,False,none,14
train_ep_008228,train,False,False,False,0,False,0,0,False,False,none,14
train_ep_008229,train,False,False,True,1,True,1,2,True,True,speech_mention,12
train_ep_008230,train,False,False,True,2,False,0,2,True,True,speech_mention,14
train_ep_008231,train,False,False,True,2,False,0,2,True,True,speech_mention,14
train_ep_008232,train,False,False,False,0,True,1,1,True,True,persona_mention,14
train_ep_008233,train,False,False,False,0,False,0,0,False,False,none,14
train_ep_008234,train,False,False,True,6,True,1,6,True,True,speech_mention,14
train_ep_008235,train,False,False,False,0,False,0,0,False,False,none,11
train_ep_008236,train,True,True,True,3,True,1,12,True,True,direct_appearance,9
train_ep_008237,train,False,False,False,0,False,0,0,False,False,none,14
train_ep_008238,train,False,False,False,0,False,0,0,False,False,none,14
train_ep_008239,train,False,False,False,0,False,0,0,False,False,none,3
train_ep_008240,train,False,False,False,0,False,0,0,False,False,none,14
train_ep_008241,train,False,False,True,1,True,1,2,True,True,speech_mention,14
train_ep_008242,train,False,False,False,0,True,2,2,True,True,persona_mention,2
train_ep_008243,train,False,False,False,0,True,1,1,True,True,persona_mention,14
train_ep_008244,train,True,True,True,1,True,1,10,True,True,direct_appearance,14
train_ep_008245,train,False,False,False,0,False,0,0,False,False,none,14
train_ep_008246,train,False,False,False,0,False,0,0,False,False,none,14
train_ep_008247,train,False,False,False,0,False,0,0,False,False,none,14
train_ep_008248,train,False,False,True,1,True,2,3,True,True,speech_mention,14
train_ep_008249,train,False,False,False,0,False,0,0,False,False,none,14
train_ep_008250,train,False,False,False,0,False,0,0,False,False,none,14
train_ep_008251,train,False,False,False,0,False,0,0,False,False,none,14
train_ep_008252,train,False,False,False,0,False,0,0,False,False,none,14
train_ep_008253,train,False,False,False,0,True,1,1,True,True,persona_mention,14
train_ep_008254,train,False,False,False,0,False,0,0,False,False,none,14
train_ep_008255,train,False,False,False,0,False,0,0,False,False,none,14
train_ep_008256,train,False,False,False,0,True,2,2,True,True,persona_mention,9
train_ep_008257,train,False,False,False,0,False,0,0,False,False,none,14
train_ep_008258,train,True,True,True,2,True,2,12,True,True,direct_appearance,14
train_ep_008259,train,False,False,True,2,False,0,2,True,True,speech_mention,14
train_ep_008260,train,False,False,False,0,False,0,0,False,False,none,14
train_ep_008261,train,False,False,False,0,False,0,0,False,False,none,14
train_ep_008262,train,False,False,False,0,True,1,1,True,True,persona_mention,14
train_ep_008263,train,False,False,False,0,False,0,0,False,False,none,14
train_ep_008264,train,False,False,True,2,False,0,2,True,True,speech_mention,14
train_ep_008265,train,False,False,True,1,False,0,1,True,False,speech_mention,14
train_ep_008266,train,False,False,False,0,True,1,1,True,True,persona_mention,14
train_ep_008267,train,False,False,True,1,True,1,2,True,True,speech_mention,14
train_ep_008268,train,False,False,False,0,False,0,0,False,False,none,6
train_ep_008269,train,False,False,False,0,True,1,1,True,True,persona_mention,12
train_ep_008270,train,True,True,False,0,True,1,9,True,True,direct_appearance,14
train_ep_008271,train,False,False,True,1,False,0,1,True,False,speech_mention,14
train_ep_008272,train,True,True,True,1,True,1,10,True,True,direct_appearance,14
train_ep_008273,train,False,False,False,0,False,0,0,False,False,none,14
train_ep_008274,train,False,False,True,1,False,0,1,True,False,speech_mention,14
train_ep_008275,train,False,False,True,1,False,0,1,True,False,speech_mention,14
train_ep_008276,train,False,False,False,0,False,0,0,False,False,none,14
train_ep_008277,train,True,True,True,2,True,1,11,True,True,direct_appearance,8
train_ep_008278,train,True,True,True,3,True,1,12,True,True,direct_appearance,14
train_ep_008279,train,False,False,False,0,False,0,0,False,False,none,14
train_ep_008280,train,False,False,False,0,False,0,0,False,False,none,14
train_ep_008281,train,False,False,True,1,False,0,1,True,False,speech_mention,14
train_ep_008282,train,False,False,False,0,False,0,0,False,False,none,14
train_ep_008283,train,False,False,False,0,False,0,0,False,False,none,14
train_ep_008284,train,False,False,False,0,False,0,0,False,False,none,14
train_ep_008285,train,False,False,False,0,False,0,0,False,False,none,14
train_ep_008286,train,True,True,True,2,True,1,11,True,True,direct_appearance,14
train_ep_008287,train,False,False,False,0,False,0,0,False,False,none,14
train_ep_008288,train,False,False,False,0,False,0,0,False,False,none,14
train_ep_008289,train,False,False,False,0,True,1,1,True,True,persona_mention,14
train_ep_008290,train,False,False,False,0,True,1,1,True,True,persona_mention,14
train_ep_008291,train,False,False,False,0,False,0,0,False,False,none,10
train_ep_008292,train,False,False,False,0,False,0,0,False,False,none,14
train_ep_008293,train,False,False,False,0,False,0,0,False,False,none,14
train_ep_008294,train,False,False,True,2,True,2,4,True,True,speech_mention,14
train_ep_008295,train,False,False,False,0,False,0,0,False,False,none,14
train_ep_008296,train,False,False,False,0,False,0,0,False,False,none,14
train_ep_008297,train,False,False,False,0,True,1,1,True,True,persona_mention,14
train_ep_008298,train,False,False,True,2,True,3,5,True,True,speech_mention,14
train_ep_008299,train,True,True,False,0,True,1,9,True,True,direct_appearance,14
train_ep_008300,train,False,False,False,0,False,0,0,False,False,none,14
train_ep_008301,train,False,False,False,0,False,0,0,False,False,none,14
train_ep_008302,train,False,False,True,2,False,0,2,True,True,speech_mention,14
train_ep_008303,train,False,False,False,0,False,0,0,False,False,none,14
train_ep_008304,train,False,False,False,0,False,0,0,False,False,none,14
train_ep_008305,train,False,False,False,0,False,0,0,False,False,none,14
train_ep_008306,train,False,False,False,0,False,0,0,False,False,none,14
train_ep_008307,train,False,False,False,0,False,0,0,False,False,none,14
train_ep_008308,train,False,False,False,0,False,0,0,False,False,none,14
train_ep_008309,train,False,False,False,0,False,0,0,False,False,none,14
train_ep_008310,train,False,False,False,0,False,0,0,False,False,none,14
train_ep_008311,train,False,False,False,0,False,0,0,False,False,none,14
train_ep_008312,train,False,False,False,0,True,1,1,True,True,persona_mention,4
train_ep_008313,train,False,False,True,1,True,1,2,True,True,speech_mention,14
train_ep_008314,train,False,False,False,0,True,2,2,True,True,persona_mention,4
train_ep_008315,train,False,False,False,0,False,0,0,False,False,none,14
train_ep_008316,train,False,False,False,0,False,0,0,False,False,none,14
train_ep_008317,train,False,False,False,0,True,1,1,True,True,persona_mention,14
train_ep_008318,train,False,False,False,0,True,1,1,True,True,persona_mention,9
train_ep_008319,train,False,False,False,0,True,1,1,True,True,persona_mention,14
train_ep_008320,train,False,False,False,0,False,0,0,False,False,none,14
train_ep_008321,train,False,False,True,1,False,0,1,True,False,speech_mention,14
train_ep_008322,train,False,False,False,0,False,0,0,False,False,none,14
train_ep_008323,train,False,False,True,1,True,1,2,True,True,speech_mention,14
train_ep_008324,train,False,False,True,2,True,1,3,True,True,speech_mention,14
train_ep_008325,train,False,False,True,1,True,1,2,True,True,speech_mention,14
train_ep_008326,train,False,False,False,0,False,0,0,False,False,none,14
train_ep_008327,train,False,False,False,0,False,0,0,False,False,none,14
train_ep_008328,train,False,False,False,0,False,0,0,False,False,none,14
train_ep_008329,train,False,False,False,0,True,1,1,True,True,persona_mention,14
train_ep_008330,train,False,False,False,0,False,0,0,False,False,none,14
train_ep_008331,train,False,False,False,0,False,0,0,False,False,none,14
train_ep_008332,train,False,False,False,0,False,0,0,False,False,none,14
train_ep_008333,train,False,False,False,0,False,0,0,False,False,none,7
train_ep_008334,train,False,False,False,0,True,1,1,True,True,persona_mention,14
train_ep_008335,train,False,False,True,2,True,1,3,True,True,speech_mention,14
train_ep_008336,train,False,False,False,0,False,0,0,False,False,none,13
train_ep_008337,train,False,False,False,0,False,0,0,False,False,none,14
train_ep_008338,train,True,True,True,2,True,1,11,True,True,direct_appearance,14
train_ep_008339,train,False,False,False,0,False,0,0,False,False,none,14
train_ep_008340,train,False,False,True,1,False,0,1,True,False,speech_mention,14
train_ep_008341,train,False,False,False,0,False,0,0,False,False,none,14
train_ep_008342,train,False,False,False,0,True,1,1,True,True,persona_mention,14
train_ep_008343,train,False,False,False,0,False,0,0,False,False,none,14
train_ep_008344,train,False,False,True,1,False,0,1,True,False,speech_mention,5
train_ep_008345,train,False,False,True,1,False,0,1,True,False,speech_mention,14
train_ep_008346,train,False,False,True,1,True,2,3,True,True,speech_mention,14
train_ep_008347,train,False,False,True,1,True,2,3,True,True,speech_mention,14
train_ep_008348,train,True,True,True,4,True,1,13,True,True,direct_appearance,14
train_ep_008349,train,False,False,False,0,False,0,0,False,False,none,14
train_ep_008350,train,False,False,False,0,True,1,1,True,True,persona_mention,14
train_ep_008351,train,False,False,False,0,False,0,0,False,False,none,14
train_ep_008352,train,False,False,False,0,False,0,0,False,False,none,14
train_ep_008353,train,False,False,False,0,False,0,0,False,False,none,14
train_ep_008354,train,False,False,True,1,True,1,2,True,True,speech_mention,14
train_ep_008355,train,False,False,False,0,False,0,0,False,False,none,14
train_ep_008356,train,False,False,False,0,False,0,0,False,False,none,14
train_ep_008357,train,False,False,False,0,False,0,0,False,False,none,14
train_ep_008358,train,False,False,False,0,True,1,1,True,True,persona_mention,14
train_ep_008359,train,False,False,False,0,False,0,0,False,False,none,14
train_ep_008360,train,False,False,False,0,False,0,0,False,False,none,14
train_ep_008361,train,False,False,False,0,False,0,0,False,False,none,13
train_ep_008362,train,False,False,False,0,False,0,0,False,False,none,14
train_ep_008363,train,True,True,False,0,True,3,11,True,True,direct_appearance,14
train_ep_008364,train,False,False,False,0,False,0,0,False,False,none,14
train_ep_008365,train,False,False,True,3,True,1,4,True,True,speech_mention,14
train_ep_008366,train,False,False,False,0,True,1,1,True,True,persona_mention,14
train_ep_008367,train,False,False,False,0,False,0,0,False,False,none,14
train_ep_008368,train,False,False,False,0,False,0,0,False,False,none,14
train_ep_008369,train,False,False,True,1,False,0,1,True,False,speech_mention,12
train_ep_008370,train,False,False,False,0,False,0,0,False,False,none,14
train_ep_008371,train,False,False,True,7,True,2,7,True,True,speech_mention,8
train_ep_008372,train,False,False,False,0,True,1,1,True,True,persona_mention,14
train_ep_008373,train,False,False,False,0,False,0,0,False,False,none,14
train_ep_008374,train,True,True,False,0,True,3,11,True,True,direct_appearance,14
train_ep_008375,train,True,True,False,0,True,1,9,True,True,direct_appearance,14
train_ep_008376,train,False,False,True,1,False,0,1,True,False,speech_mention,13
train_ep_008377,train,False,False,False,0,False,0,0,False,False,none,14
train_ep_008378,train,False,False,True,1,True,1,2,True,True,speech_mention,14
train_ep_008379,train,False,False,True,1,False,0,1,True,False,speech_mention,14
train_ep_008380,train,False,False,False,0,False,0,0,False,False,none,14
train_ep_008381,train,False,False,False,0,True,1,1,True,True,persona_mention,14
train_ep_008382,train,False,False,False,0,False,0,0,False,False,none,14
train_ep_008383,train,False,False,False,0,False,0,0,False,False,none,14
train_ep_008384,train,False,False,False,0,False,0,0,False,False,none,14
train_ep_008385,train,False,False,False,0,False,0,0,False,False,none,14
train_ep_008386,train,False,False,False,0,False,0,0,False,False,none,14
train_ep_008387,train,False,False,False,0,False,0,0,False,False,none,14
train_ep_008388,train,False,False,False,0,False,0,0,False,False,none,14
train_ep_008389,train,False,False,False,0,False,0,0,False,False,none,14
train_ep_008390,train,True,True,False,0,False,0,8,True,True,direct_appearance,14
train_ep_008391,train,False,False,False,0,True,1,1,True,True,persona_mention,14
train_ep_008392,train,False,False,True,4,True,1,5,True,True,speech_mention,14
train_ep_008393,train,False,False,False,0,False,0,0,False,False,none,14
train_ep_008394,train,False,False,True,1,False,0,1,True,False,speech_mention,14
train_ep_008395,train,False,False,False,0,False,0,0,False,False,none,13
train_ep_008396,train,False,False,True,4,False,0,4,True,True,speech_mention,14
train_ep_008397,train,False,False,False,0,False,0,0,False,False,none,14
train_ep_008398,train,False,False,False,0,False,0,0,False,False,none,10
train_ep_008399,train,True,True,True,1,True,1,10,True,True,direct_appearance,10
train_ep_008400,train,True,True,True,2,True,3,13,True,True,direct_appearance,14
train_ep_008401,train,False,False,False,0,False,0,0,False,False,none,14
train_ep_008402,train,False,False,False,0,True,1,1,True,True,persona_mention,14
train_ep_008403,train,False,False,True,4,True,1,5,True,True,speech_mention,14
train_ep_008404,train,False,False,False,0,False,0,0,False,False,none,14
train_ep_008405,train,False,False,False,0,True,2,2,True,True,persona_mention,14
train_ep_008406,train,False,False,False,0,False,0,0,False,False,none,14
train_ep_008407,train,True,True,True,3,True,4,14,True,True,direct_appearance,14
train_ep_008408,train,False,False,False,0,False,0,0,False,False,none,14
train_ep_008409,train,False,False,False,0,False,0,0,False,False,none,9
train_ep_008410,train,False,False,False,0,False,0,0,False,False,none,14
train_ep_008411,train,False,False,False,0,True,2,2,True,True,persona_mention,11
train_ep_008412,train,False,False,False,0,False,0,0,False,False,none,8
train_ep_008413,train,False,False,False,0,False,0,0,False,False,none,11
train_ep_008414,train,False,False,False,0,False,0,0,False,False,none,3
train_ep_008415,train,False,False,False,0,False,0,0,False,False,none,3
train_ep_008416,train,False,False,False,0,True,1,1,True,True,persona_mention,3
train_ep_008417,train,False,False,False,0,False,0,0,False,False,none,14
train_ep_008418,train,False,False,False,0,True,1,1,True,True,persona_mention,14
train_ep_008419,train,False,False,True,4,True,2,6,True,True,speech_mention,14
train_ep_008420,train,False,False,False,0,False,0,0,False,False,none,14
train_ep_008421,train,False,False,False,0,False,0,0,False,False,none,14
train_ep_008422,train,False,False,True,5,True,1,6,True,True,speech_mention,14
train_ep_008423,train,False,False,False,0,False,0,0,False,False,none,14
train_ep_008424,train,False,False,False,0,False,0,0,False,False,none,14
train_ep_008425,train,False,False,False,0,False,0,0,False,False,none,14
train_ep_008426,train,True,True,True,1,True,3,12,True,True,direct_appearance,3
train_ep_008427,train,False,False,False,0,True,1,1,True,True,persona_mention,14
train_ep_008428,train,False,False,True,4,True,2,6,True,True,speech_mention,14
train_ep_008429,train,False,False,False,0,False,0,0,False,False,none,14
train_ep_008430,train,False,False,False,0,False,0,0,False,False,none,13
train_ep_008431,train,False,False,False,0,False,0,0,False,False,none,14
train_ep_008432,train,False,False,False,0,False,0,0,False,False,none,14
train_ep_008433,train,True,True,False,0,True,3,11,True,True,direct_appearance,14
train_ep_008434,train,False,False,False,0,False,0,0,False,False,none,14
train_ep_008435,train,False,False,True,4,True,2,6,True,True,speech_mention,14
train_ep_008436,train,False,False,False,0,False,0,0,False,False,none,14
train_ep_008437,train,False,False,False,0,False,0,0,False,False,none,11
train_ep_008438,train,True,True,True,3,True,3,14,True,True,direct_appearance,14
train_ep_008439,train,False,False,False,0,False,0,0,False,False,none,14
train_ep_008440,train,False,False,False,0,True,1,1,True,True,persona_mention,14
train_ep_008441,train,False,False,False,0,False,0,0,False,False,none,14
train_ep_008442,train,False,False,False,0,True,1,1,True,True,persona_mention,14
train_ep_008443,train,False,False,False,0,False,0,0,False,False,none,5
train_ep_008444,train,False,False,True,5,True,3,8,True,True,speech_mention,14
train_ep_008445,train,False,False,False,0,True,1,1,True,True,persona_mention,14
train_ep_008446,train,False,False,True,2,False,0,2,True,True,speech_mention,14
train_ep_008447,train,False,False,False,0,False,0,0,False,False,none,14
train_ep_008448,train,False,False,False,0,False,0,0,False,False,none,12
train_ep_008449,train,False,False,True,7,False,0,5,True,True,speech_mention,14
train_ep_008450,train,False,False,False,0,False,0,0,False,False,none,14
train_ep_008451,train,False,False,False,0,False,0,0,False,False,none,4
train_ep_008452,train,False,False,False,0,False,0,0,False,False,none,12
train_ep_008453,train,False,False,True,1,True,1,2,True,True,speech_mention,14
train_ep_008454,train,False,False,False,0,False,0,0,False,False,none,14
train_ep_008455,train,False,False,False,0,False,0,0,False,False,none,14
train_ep_008456,train,False,False,True,3,False,0,3,True,True,speech_mention,14
train_ep_008457,train,False,False,False,0,True,1,1,True,True,persona_mention,14
train_ep_008458,train,False,False,False,0,False,0,0,False,False,none,14
train_ep_008459,train,False,False,False,0,True,1,1,True,True,persona_mention,14
train_ep_008460,train,False,False,False,0,False,0,0,False,False,none,14
train_ep_008461,train,False,False,False,0,False,0,0,False,False,none,14
train_ep_008462,train,True,True,True,3,True,4,14,True,True,direct_appearance,14
train_ep_008463,train,False,False,True,3,False,0,3,True,True,speech_mention,14
train_ep_008464,train,False,False,False,0,False,0,0,False,False,none,14
train_ep_008465,train,False,False,False,0,False,0,0,False,False,none,14
train_ep_008466,train,False,False,True,2,True,2,4,True,True,speech_mention,14
train_ep_008467,train,False,False,False,0,True,2,2,True,True,persona_mention,14
train_ep_008468,train,False,False,False,0,True,1,1,True,True,persona_mention,14
train_ep_008469,train,False,False,False,0,False,0,0,False,False,none,14
train_ep_008470,train,False,False,False,0,False,0,0,False,False,none,14
train_ep_008471,train,False,False,False,0,False,0,0,False,False,none,14
train_ep_008472,train,False,False,True,1,False,0,1,True,False,speech_mention,14
train_ep_008473,train,False,False,False,0,False,0,0,False,False,none,14
train_ep_008474,train,True,True,False,0,True,1,9,True,True,direct_appearance,14
train_ep_008475,train,False,False,False,0,False,0,0,False,False,none,14
train_ep_008476,train,False,False,False,0,False,0,0,False,False,none,14
train_ep_008477,train,False,False,False,0,False,0,0,False,False,none,14
train_ep_008478,train,False,False,False,0,False,0,0,False,False,none,14
train_ep_008479,train,False,False,True,1,False,0,1,True,False,speech_mention,14
train_ep_008480,train,False,False,False,0,False,0,0,False,False,none,14
train_ep_008481,train,False,False,False,0,False,0,0,False,False,none,14
train_ep_008482,train,False,False,True,1,True,1,2,True,True,speech_mention,14
train_ep_008483,train,False,False,False,0,True,2,2,True,True,persona_mention,14
train_ep_008484,train,True,True,True,3,True,3,14,True,True,direct_appearance,14
train_ep_008485,train,True,True,True,3,True,3,14,True,True,direct_appearance,14
train_ep_008486,train,False,False,False,0,False,0,0,False,False,none,3
train_ep_008487,train,False,False,False,0,False,0,0,False,False,none,14
train_ep_008488,train,False,False,True,1,False,0,1,True,False,speech_mention,14
train_ep_008489,train,False,False,False,0,True,1,1,True,True,persona_mention,14
train_ep_008490,train,False,False,False,0,False,0,0,False,False,none,14
train_ep_008491,train,False,False,True,2,False,0,2,True,True,speech_mention,14
train_ep_008492,train,False,False,False,0,True,1,1,True,True,persona_mention,14
train_ep_008493,train,False,False,False,0,False,0,0,False,False,none,14
train_ep_008494,train,False,False,False,0,False,0,0,False,False,none,14
train_ep_008495,train,False,False,True,1,True,1,2,True,True,speech_mention,14
train_ep_008496,train,False,False,True,1,True,2,3,True,True,speech_mention,14
train_ep_008497,train,False,False,False,0,False,0,0,False,False,none,9
train_ep_008498,train,False,False,False,0,False,0,0,False,False,none,14
train_ep_008499,train,False,False,False,0,False,0,0,False,False,none,14
train_ep_008500,train,False,False,False,0,True,1,1,True,True,persona_mention,9
train_ep_008501,train,False,False,True,1,True,1,2,True,True,speech_mention,3
train_ep_008502,train,False,False,True,1,False,0,1,True,False,speech_mention,14
train_ep_008503,train,False,False,False,0,False,0,0,False,False,none,14
train_ep_008504,train,False,False,True,2,True,1,3,True,True,speech_mention,14
train_ep_008505,train,False,False,True,2,False,0,2,True,True,speech_mention,14
train_ep_008506,train,False,False,True,4,False,0,4,True,True,speech_mention,12
train_ep_008507,train,False,False,False,0,False,0,0,False,False,none,3
train_ep_008508,train,False,False,False,0,False,0,0,False,False,none,5
train_ep_008509,train,True,True,False,0,True,3,11,True,True,direct_appearance,14
train_ep_008510,train,False,False,False,0,False,0,0,False,False,none,14
train_ep_008511,train,False,False,False,0,False,0,0,False,False,none,14
train_ep_008512,train,False,False,False,0,False,0,0,False,False,none,14
train_ep_008513,train,False,False,False,0,False,0,0,False,False,none,14
train_ep_008514,train,False,False,False,0,False,0,0,False,False,none,5
train_ep_008515,train,False,False,False,0,False,0,0,False,False,none,14
train_ep_008516,train,False,False,True,5,True,2,7,True,True,speech_mention,14
train_ep_008517,train,False,False,False,0,True,1,1,True,True,persona_mention,14
train_ep_008518,train,False,False,True,1,False,0,1,True,False,speech_mention,14
train_ep_008519,train,True,True,True,6,True,4,16,True,True,direct_appearance,14
train_ep_008520,train,False,False,True,3,False,0,3,True,True,speech_mention,14
train_ep_008521,train,False,False,False,0,False,0,0,False,False,none,14
train_ep_008522,train,False,False,False,0,True,1,1,True,True,persona_mention,14
train_ep_008523,train,False,False,False,0,True,1,1,True,True,persona_mention,14
train_ep_008524,train,True,True,True,3,True,3,14,True,True,direct_appearance,14
train_ep_008525,train,False,False,False,0,True,1,1,True,True,persona_mention,14
train_ep_008526,train,False,False,False,0,True,2,2,True,True,persona_mention,14
train_ep_008527,train,False,False,True,2,True,1,3,True,True,speech_mention,14
train_ep_008528,train,False,False,False,0,False,0,0,False,False,none,2
train_ep_008529,train,False,False,True,3,True,1,4,True,True,speech_mention,14
train_ep_008530,train,False,False,False,0,False,0,0,False,False,none,14
train_ep_008531,train,True,True,True,1,False,0,9,True,True,direct_appearance,14
train_ep_008532,train,False,False,False,0,False,0,0,False,False,none,14
train_ep_008533,train,False,False,False,0,False,0,0,False,False,none,14
train_ep_008534,train,False,False,True,3,False,0,3,True,True,speech_mention,14
train_ep_008535,train,False,False,False,0,False,0,0,False,False,none,14
train_ep_008536,train,False,False,True,3,False,0,3,True,True,speech_mention,14
train_ep_008537,train,False,False,True,3,False,0,3,True,True,speech_mention,9
train_ep_008538,train,False,False,False,0,False,0,0,False,False,none,4
train_ep_008539,train,False,False,False,0,True,1,1,True,True,persona_mention,14
train_ep_008540,train,True,True,False,0,True,3,11,True,True,direct_appearance,2
train_ep_008541,train,False,False,False,0,False,0,0,False,False,none,14
train_ep_008542,train,False,False,True,1,False,0,1,True,False,speech_mention,14
train_ep_008543,train,False,False,False,0,False,0,0,False,False,none,14
train_ep_008544,train,False,False,False,0,False,0,0,False,False,none,10
train_ep_008545,train,False,False,False,0,True,1,1,True,True,persona_mention,14
train_ep_008546,train,False,False,False,0,False,0,0,False,False,none,14
train_ep_008547,train,False,False,False,0,False,0,0,False,False,none,14
train_ep_008548,train,False,False,True,7,False,0,5,True,True,speech_mention,14
train_ep_008549,train,False,False,True,1,False,0,1,True,False,speech_mention,14
train_ep_008550,train,False,False,True,1,True,1,2,True,True,speech_mention,14
train_ep_008551,train,False,False,True,2,False,0,2,True,True,speech_mention,14
train_ep_008552,train,False,False,True,1,True,3,4,True,True,speech_mention,14
train_ep_008553,train,True,True,True,1,True,1,10,True,True,direct_appearance,14
train_ep_008554,train,False,False,False,0,False,0,0,False,False,none,14
train_ep_008555,train,False,False,True,3,False,0,3,True,True,speech_mention,14
train_ep_008556,train,False,False,False,0,False,0,0,False,False,none,14
train_ep_008557,train,False,False,True,2,True,1,3,True,True,speech_mention,5
train_ep_008558,train,False,False,False,0,True,1,1,True,True,persona_mention,14
train_ep_008559,train,False,False,False,0,False,0,0,False,False,none,14
train_ep_008560,train,False,False,True,1,True,2,3,True,True,speech_mention,14
train_ep_008561,train,True,True,True,1,True,1,10,True,True,direct_appearance,14
train_ep_008562,train,False,False,False,0,False,0,0,False,False,none,14
train_ep_008563,train,False,False,False,0,True,2,2,True,True,persona_mention,14
train_ep_008564,train,False,False,False,0,False,0,0,False,False,none,14
train_ep_008565,train,False,False,False,0,True,1,1,True,True,persona_mention,14
train_ep_008566,train,False,False,False,0,True,1,1,True,True,persona_mention,14
train_ep_008567,train,False,False,True,1,True,1,2,True,True,speech_mention,14
train_ep_008568,train,False,False,True,1,True,1,2,True,True,speech_mention,14
train_ep_008569,train,False,False,False,0,False,0,0,False,False,none,14
train_ep_008570,train,False,False,False,0,False,0,0,False,False,none,14
train_ep_008571,train,False,False,False,0,False,0,0,False,False,none,14
train_ep_008572,train,False,False,False,0,False,0,0,False,False,none,14
train_ep_008573,train,False,False,False,0,False,0,0,False,False,none,14
train_ep_008574,train,False,False,False,0,True,1,1,True,True,persona_mention,14
train_ep_008575,train,False,False,False,0,True,1,1,True,True,persona_mention,14
train_ep_008576,train,False,False,False,0,False,0,0,False,False,none,14
train_ep_008577,train,False,False,False,0,False,0,0,False,False,none,14
train_ep_008578,train,False,False,False,0,False,0,0,False,False,none,14
train_ep_008579,train,False,False,False,0,False,0,0,False,False,none,14
train_ep_008580,train,False,False,False,0,False,0,0,False,False,none,14
train_ep_008581,train,False,False,False,0,False,0,0,False,False,none,14
train_ep_008582,train,False,False,False,0,True,1,1,True,True,persona_mention,14
train_ep_008583,train,False,False,False,0,False,0,0,False,False,none,14
train_ep_008584,train,False,False,True,2,True,1,3,True,True,speech_mention,14
train_ep_008585,train,False,False,False,0,True,3,3,True,True,persona_mention,14
train_ep_008586,train,False,False,False,0,True,2,2,True,True,persona_mention,14
train_ep_008587,train,False,False,False,0,True,1,1,True,True,persona_mention,14
train_ep_008588,train,False,False,False,0,False,0,0,False,False,none,14
train_ep_008589,train,False,False,False,0,False,0,0,False,False,none,14
train_ep_008590,train,False,False,True,1,True,1,2,True,True,speech_mention,14
train_ep_008591,train,False,False,False,0,False,0,0,False,False,none,14
train_ep_008592,train,False,False,False,0,False,0,0,False,False,none,14
train_ep_008593,train,False,False,True,2,True,1,3,True,True,speech_mention,14
train_ep_008594,train,False,False,False,0,False,0,0,False,False,none,14
train_ep_008595,train,False,False,False,0,False,0,0,False,False,none,14
train_ep_008596,train,False,False,False,0,False,0,0,False,False,none,14
train_ep_008597,train,False,False,True,1,False,0,1,True,False,speech_mention,14
train_ep_008598,train,False,False,False,0,True,1,1,True,True,persona_mention,14
train_ep_008599,train,False,False,True,1,True,2,3,True,True,speech_mention,14
train_ep_008600,train,False,False,False,0,True,1,1,True,True,persona_mention,14
train_ep_008601,train,False,False,False,0,False,0,0,False,False,none,14
train_ep_008602,train,False,False,False,0,False,0,0,False,False,none,14
train_ep_008603,train,False,False,True,1,True,1,2,True,True,speech_mention,14
train_ep_008604,train,False,False,False,0,False,0,0,False,False,none,14
train_ep_008605,train,False,False,False,0,False,0,0,False,False,none,14
train_ep_008606,train,False,False,True,2,False,0,2,True,True,speech_mention,14
train_ep_008607,train,False,False,False,0,False,0,0,False,False,none,14
train_ep_008608,train,False,False,False,0,False,0,0,False,False,none,14
train_ep_008609,train,False,False,False,0,False,0,0,False,False,none,14
train_ep_008610,train,False,False,False,0,False,0,0,False,False,none,14
train_ep_008611,train,False,False,False,0,False,0,0,False,False,none,14
train_ep_008612,train,False,False,True,1,True,1,2,True,True,speech_mention,14
train_ep_008613,train,False,False,False,0,False,0,0,False,False,none,14
train_ep_008614,train,False,False,False,0,False,0,0,False,False,none,14
train_ep_008615,train,False,False,False,0,False,0,0,False,False,none,14
train_ep_008616,train,False,False,False,0,True,2,2,True,True,persona_mention,4
train_ep_008617,train,False,False,False,0,False,0,0,False,False,none,14
train_ep_008618,train,True,True,True,1,True,1,10,True,True,direct_appearance,14
train_ep_008619,train,False,False,False,0,True,1,1,True,True,persona_mention,8
train_ep_008620,train,False,False,False,0,False,0,0,False,False,none,14
train_ep_008621,train,False,False,False,0,False,0,0,False,False,none,14
train_ep_008622,train,False,False,False,0,True,1,1,True,True,persona_mention,14
train_ep_008623,train,False,False,False,0,False,0,0,False,False,none,14
train_ep_008624,train,False,False,True,2,False,0,2,True,True,speech_mention,14
train_ep_008625,train,False,False,False,0,False,0,0,False,False,none,14
train_ep_008626,train,False,False,False,0,False,0,0,False,False,none,14
train_ep_008627,train,False,False,False,0,False,0,0,False,False,none,14
train_ep_008628,train,False,False,True,7,True,1,6,True,True,speech_mention,14
train_ep_008629,train,False,False,True,1,False,0,1,True,False,speech_mention,14
train_ep_008630,train,False,False,False,0,False,0,0,False,False,none,14
train_ep_008631,train,False,False,True,2,False,0,2,True,True,speech_mention,14
train_ep_008632,train,False,False,False,0,True,1,1,True,True,persona_mention,9
train_ep_008633,train,False,False,False,0,False,0,0,False,False,none,14
train_ep_008634,train,False,False,True,1,False,0,1,True,False,speech_mention,14
train_ep_008635,train,False,False,False,0,True,1,1,True,True,persona_mention,14
train_ep_008636,train,False,False,True,2,True,2,4,True,True,speech_mention,14
train_ep_008637,train,False,False,True,3,True,1,4,True,True,speech_mention,14
train_ep_008638,train,True,True,False,0,True,3,11,True,True,direct_appearance,14
train_ep_008639,train,True,True,False,0,False,0,8,True,True,direct_appearance,5
train_ep_008640,train,False,False,False,0,False,0,0,False,False,none,14
train_ep_008641,train,False,False,False,0,False,0,0,False,False,none,2
train_ep_008642,train,False,False,False,0,False,0,0,False,False,none,14
train_ep_008643,train,False,False,False,0,False,0,0,False,False,none,14
train_ep_008644,train,False,False,True,2,False,0,2,True,True,speech_mention,14
train_ep_008645,train,False,False,True,1,True,1,2,True,True,speech_mention,14
train_ep_008646,train,False,False,False,0,False,0,0,False,False,none,14
train_ep_008647,train,False,False,False,0,False,0,0,False,False,none,14
train_ep_008648,train,False,False,False,0,False,0,0,False,False,none,14
train_ep_008649,train,False,False,False,0,False,0,0,False,False,none,14
train_ep_008650,train,True,True,True,1,True,3,12,True,True,direct_appearance,14
train_ep_008651,train,False,False,False,0,False,0,0,False,False,none,14
train_ep_008652,train,True,True,True,5,True,1,14,True,True,direct_appearance,14
train_ep_008653,train,False,False,False,0,False,0,0,False,False,none,14
train_ep_008654,train,False,False,False,0,False,0,0,False,False,none,14
train_ep_008655,train,False,False,False,0,True,1,1,True,True,persona_mention,14
train_ep_008656,train,False,False,False,0,False,0,0,False,False,none,14
train_ep_008657,train,False,False,True,1,True,2,3,True,True,speech_mention,14
train_ep_008658,train,False,False,False,0,True,1,1,True,True,persona_mention,14
train_ep_008659,train,False,False,True,1,True,1,2,True,True,speech_mention,14
train_ep_008660,train,False,False,False,0,False,0,0,False,False,none,14
train_ep_008661,train,False,False,True,1,False,0,1,True,False,speech_mention,14
train_ep_008662,train,False,False,False,0,True,1,1,True,True,persona_mention,14
train_ep_008663,train,True,True,False,0,True,3,11,True,True,direct_appearance,14
train_ep_008664,train,False,False,False,0,False,0,0,False,False,none,14
train_ep_008665,train,False,False,False,0,False,0,0,False,False,none,14
train_ep_008666,train,False,False,True,1,False,0,1,True,False,speech_mention,14
train_ep_008667,train,False,False,False,0,False,0,0,False,False,none,14
train_ep_008668,train,False,False,False,0,False,0,0,False,False,none,14
train_ep_008669,train,False,False,True,3,True,2,5,True,True,speech_mention,14
train_ep_008670,train,False,False,False,0,False,0,0,False,False,none,14
train_ep_008671,train,True,True,False,0,True,1,9,True,True,direct_appearance,14
train_ep_008672,train,False,False,False,0,False,0,0,False,False,none,14
train_ep_008673,train,False,False,False,0,False,0,0,False,False,none,14
train_ep_008674,train,False,False,False,0,False,0,0,False,False,none,14
train_ep_008675,train,False,False,True,1,True,1,2,True,True,speech_mention,14
train_ep_008676,train,False,False,True,1,True,1,2,True,True,speech_mention,14
train_ep_008677,train,False,False,False,0,False,0,0,False,False,none,14
train_ep_008678,train,False,False,True,5,False,0,5,True,True,speech_mention,14
train_ep_008679,train,False,False,False,0,False,0,0,False,False,none,14
train_ep_008680,train,False,False,False,0,False,0,0,False,False,none,14
train_ep_008681,train,False,False,True,1,True,1,2,True,True,speech_mention,14
train_ep_008682,train,False,False,False,0,False,0,0,False,False,none,14
train_ep_008683,train,False,False,False,0,False,0,0,False,False,none,14
train_ep_008684,train,False,False,False,0,False,0,0,False,False,none,14
train_ep_008685,train,False,False,False,0,False,0,0,False,False,none,14
train_ep_008686,train,False,False,True,1,True,1,2,True,True,speech_mention,14
train_ep_008687,train,False,False,True,1,True,1,2,True,True,speech_mention,14
train_ep_008688,train,False,False,False,0,False,0,0,False,False,none,14
train_ep_008689,train,False,False,False,0,False,0,0,False,False,none,14
train_ep_008690,train,False,False,True,1,True,1,2,True,True,speech_mention,14
train_ep_008691,train,False,False,False,0,False,0,0,False,False,none,14
train_ep_008692,train,False,False,False,0,False,0,0,False,False,none,14
train_ep_008693,train,False,False,False,0,True,2,2,True,True,persona_mention,14
train_ep_008694,train,True,True,False,0,True,2,10,True,True,direct_appearance,14
train_ep_008695,train,False,False,True,6,True,1,6,True,True,speech_mention,14
train_ep_008696,train,False,False,True,1,True,1,2,True,True,speech_mention,14
train_ep_008697,train,True,True,False,0,True,1,9,True,True,direct_appearance,14
train_ep_008698,train,False,False,False,0,False,0,0,False,False,none,2
train_ep_008699,train,True,True,False,0,True,1,9,True,True,direct_appearance,5
train_ep_008700,train,False,False,True,2,True,1,3,True,True,speech_mention,14
train_ep_008701,train,False,False,True,1,False,0,1,True,False,speech_mention,14
train_ep_008702,train,False,False,False,0,False,0,0,False,False,none,14
train_ep_008703,train,False,False,True,7,True,1,6,True,True,speech_mention,14
train_ep_008704,train,False,False,False,0,False,0,0,False,False,none,14
train_ep_008705,train,True,True,True,4,True,1,13,True,True,direct_appearance,14
train_ep_008706,train,False,False,False,0,False,0,0,False,False,none,14
train_ep_008707,train,False,False,True,3,True,1,4,True,True,speech_mention,14
train_ep_008708,train,False,False,False,0,False,0,0,False,False,none,14
train_ep_008709,train,False,False,True,2,True,1,3,True,True,speech_mention,14
train_ep_008710,train,False,False,False,0,False,0,0,False,False,none,14
train_ep_008711,train,False,False,False,0,False,0,0,False,False,none,14
train_ep_008712,train,False,False,False,0,True,1,1,True,True,persona_mention,14
train_ep_008713,train,False,False,False,0,False,0,0,False,False,none,14
train_ep_008714,train,False,False,False,0,False,0,0,False,False,none,14
train_ep_008715,train,False,False,False,0,False,0,0,False,False,none,14
train_ep_008716,train,False,False,True,2,True,1,3,True,True,speech_mention,14
train_ep_008717,train,False,False,False,0,False,0,0,False,False,none,14
train_ep_008718,train,False,False,True,2,True,1,3,True,True,speech_mention,14
train_ep_008719,train,False,False,False,0,False,0,0,False,False,none,14
train_ep_008720,train,False,False,True,3,True,1,4,True,True,speech_mention,14
train_ep_008721,train,False,False,False,0,False,0,0,False,False,none,14
train_ep_008722,train,False,False,False,0,False,0,0,False,False,none,14
train_ep_008723,train,True,True,True,2,True,1,11,True,True,direct_appearance,14
train_ep_008724,train,False,False,False,0,False,0,0,False,False,none,14
train_ep_008725,train,True,True,True,5,True,1,14,True,True,direct_appearance,14
train_ep_008726,train,False,False,True,3,True,1,4,True,True,speech_mention,14
train_ep_008727,train,False,False,False,0,False,0,0,False,False,none,14
train_ep_008728,train,False,False,False,0,False,0,0,False,False,none,14
train_ep_008729,train,False,False,False,0,False,0,0,False,False,none,14
train_ep_008730,train,False,False,True,1,False,0,1,True,False,speech_mention,14
train_ep_008731,train,False,False,False,0,True,1,1,True,True,persona_mention,14
train_ep_008732,train,False,False,True,1,False,0,1,True,False,speech_mention,14
train_ep_008733,train,False,False,True,3,True,1,4,True,True,speech_mention,14
train_ep_008734,train,False,False,False,0,True,1,1,True,True,persona_mention,14
train_ep_008735,train,True,True,False,0,True,1,9,True,True,direct_appearance,14
train_ep_008736,train,False,False,False,0,True,1,1,True,True,persona_mention,14
train_ep_008737,train,False,False,False,0,False,0,0,False,False,none,14
train_ep_008738,train,False,False,False,0,False,0,0,False,False,none,9
train_ep_008739,train,False,False,False,0,False,0,0,False,False,none,14
train_ep_008740,train,False,False,False,0,False,0,0,False,False,none,14
train_ep_008741,train,True,True,False,0,True,1,9,True,True,direct_appearance,14
train_ep_008742,train,False,False,True,4,True,2,6,True,True,speech_mention,14
train_ep_008743,train,False,False,False,0,False,0,0,False,False,none,14
train_ep_008744,train,False,False,True,1,False,0,1,True,False,speech_mention,14
train_ep_008745,train,False,False,True,2,True,1,3,True,True,speech_mention,14
train_ep_008746,train,False,False,False,0,False,0,0,False,False,none,14
train_ep_008747,train,False,False,True,2,True,1,3,True,True,speech_mention,14
train_ep_008748,train,False,False,False,0,False,0,0,False,False,none,14
train_ep_008749,train,False,False,False,0,False,0,0,False,False,none,14
train_ep_008750,train,False,False,False,0,False,0,0,False,False,none,14
train_ep_008751,train,False,False,False,0,False,0,0,False,False,none,14
train_ep_008752,train,False,False,True,1,False,0,1,True,False,speech_mention,14
train_ep_008753,train,False,False,False,0,False,0,0,False,False,none,14
train_ep_008754,train,False,False,False,0,False,0,0,False,False,none,14
train_ep_008755,train,False,False,False,0,False,0,0,False,False,none,14
train_ep_008756,train,False,False,True,5,True,1,6,True,True,speech_mention,14
train_ep_008757,train,False,False,False,0,False,0,0,False,False,none,14
train_ep_008758,train,False,False,False,0,False,0,0,False,False,none,14
train_ep_008759,train,False,False,False,0,False,0,0,False,False,none,14
train_ep_008760,train,False,False,False,0,False,0,0,False,False,none,14
train_ep_008761,train,False,False,False,0,False,0,0,False,False,none,14
train_ep_008762,train,False,False,False,0,False,0,0,False,False,none,14
train_ep_008763,train,False,False,False,0,False,0,0,False,False,none,4
train_ep_008764,train,False,False,True,3,False,0,3,True,True,speech_mention,14
train_ep_008765,train,False,False,True,1,True,1,2,True,True,speech_mention,14
train_ep_008766,train,False,False,False,0,False,0,0,False,False,none,14
train_ep_008767,train,False,False,False,0,False,0,0,False,False,none,14
train_ep_008768,train,False,False,False,0,False,0,0,False,False,none,5
train_ep_008769,train,False,False,False,0,False,0,0,False,False,none,14
train_ep_008770,train,False,False,False,0,False,0,0,False,False,none,14
train_ep_008771,train,False,False,False,0,False,0,0,False,False,none,14
train_ep_008772,train,False,False,True,2,True,2,4,True,True,speech_mention,14
train_ep_008773,train,False,False,False,0,False,0,0,False,False,none,14
train_ep_008774,train,False,False,True,1,False,0,1,True,False,speech_mention,14
train_ep_008775,train,False,False,False,0,False,0,0,False,False,none,14
train_ep_008776,train,False,False,False,0,False,0,0,False,False,none,14
train_ep_008777,train,False,False,False,0,False,0,0,False,False,none,14
train_ep_008778,train,False,False,False,0,False,0,0,False,False,none,14
train_ep_008779,train,False,False,False,0,False,0,0,False,False,none,14
train_ep_008780,train,False,False,False,0,False,0,0,False,False,none,14
train_ep_008781,train,False,False,False,0,False,0,0,False,False,none,14
train_ep_008782,train,False,False,False,0,True,1,1,True,True,persona_mention,14
train_ep_008783,train,False,False,False,0,True,1,1,True,True,persona_mention,14
train_ep_008784,train,False,False,False,0,False,0,0,False,False,none,14
train_ep_008785,train,False,False,False,0,False,0,0,False,False,none,14
train_ep_008786,train,False,False,True,1,False,0,1,True,False,speech_mention,14
train_ep_008787,train,True,True,True,3,True,1,12,True,True,direct_appearance,14
train_ep_008788,train,False,False,False,0,False,0,0,False,False,none,14
train_ep_008789,train,False,False,False,0,True,1,1,True,True,persona_mention,14
train_ep_008790,train,False,False,True,1,True,2,3,True,True,speech_mention,14
train_ep_008791,train,False,False,False,0,False,0,0,False,False,none,14
train_ep_008792,train,False,False,False,0,False,0,0,False,False,none,14
train_ep_008793,train,False,False,True,1,True,1,2,True,True,speech_mention,14
train_ep_008794,train,False,False,False,0,False,0,0,False,False,none,14
train_ep_008795,train,False,False,False,0,False,0,0,False,False,none,14
train_ep_008796,train,False,False,True,1,True,1,2,True,True,speech_mention,14
train_ep_008797,train,False,False,False,0,True,1,1,True,True,persona_mention,14
train_ep_008798,train,False,False,False,0,False,0,0,False,False,none,14
train_ep_008799,train,False,False,False,0,False,0,0,False,False,none,14
train_ep_008800,train,False,False,False,0,False,0,0,False,False,none,14
train_ep_008801,train,False,False,False,0,False,0,0,False,False,none,14
train_ep_008802,train,False,False,False,0,True,1,1,True,True,persona_mention,14
train_ep_008803,train,True,True,False,0,True,1,9,True,True,direct_appearance,14
train_ep_008804,train,False,False,False,0,True,2,2,True,True,persona_mention,14
train_ep_008805,train,False,False,False,0,False,0,0,False,False,none,14
train_ep_008806,train,False,False,False,0,True,1,1,True,True,persona_mention,14
train_ep_008807,train,False,False,True,1,False,0,1,True,False,speech_mention,14
train_ep_008808,train,False,False,True,1,False,0,1,True,False,speech_mention,14
train_ep_008809,train,False,False,False,0,True,1,1,True,True,persona_mention,14
train_ep_008810,train,False,False,False,0,False,0,0,False,False,none,14
train_ep_008811,train,False,False,False,0,False,0,0,False,False,none,14
train_ep_008812,train,False,False,False,0,True,1,1,True,True,persona_mention,14
train_ep_008813,train,False,False,False,0,False,0,0,False,False,none,14
train_ep_008814,train,False,False,False,0,False,0,0,False,False,none,14
train_ep_008815,train,False,False,True,5,True,2,7,True,True,speech_mention,14
train_ep_008816,train,False,False,False,0,False,0,0,False,False,none,14
train_ep_008817,train,False,False,True,4,True,1,5,True,True,speech_mention,14
train_ep_008818,train,False,False,False,0,False,0,0,False,False,none,14
train_ep_008819,train,False,False,False,0,True,1,1,True,True,persona_mention,14
train_ep_008820,train,True,True,False,0,True,1,9,True,True,direct_appearance,14
train_ep_008821,train,False,False,False,0,False,0,0,False,False,none,14
train_ep_008822,train,True,True,True,1,True,1,10,True,True,direct_appearance,14
train_ep_008823,train,False,False,False,0,False,0,0,False,False,none,14
train_ep_008824,train,False,False,False,0,False,0,0,False,False,none,14
train_ep_008825,train,False,False,False,0,False,0,0,False,False,none,14
train_ep_008826,train,False,False,True,1,False,0,1,True,False,speech_mention,14
train_ep_008827,train,True,True,True,1,True,1,10,True,True,direct_appearance,14
train_ep_008828,train,True,True,True,1,True,1,10,True,True,direct_appearance,14
train_ep_008829,train,False,False,False,0,False,0,0,False,False,none,14
train_ep_008830,train,False,False,False,0,False,0,0,False,False,none,14
train_ep_008831,train,False,False,False,0,True,1,1,True,True,persona_mention,14
train_ep_008832,train,False,False,False,0,False,0,0,False,False,none,14
train_ep_008833,train,False,False,False,0,False,0,0,False,False,none,14
train_ep_008834,train,False,False,False,0,False,0,0,False,False,none,14
train_ep_008835,train,False,False,False,0,False,0,0,False,False,none,14
train_ep_008836,train,False,False,False,0,False,0,0,False,False,none,14
train_ep_008837,train,False,False,True,4,False,0,4,True,True,speech_mention,14
train_ep_008838,train,False,False,False,0,True,1,1,True,True,persona_mention,14
train_ep_008839,train,False,False,True,2,True,1,3,True,True,speech_mention,14
train_ep_008840,train,False,False,False,0,True,1,1,True,True,persona_mention,14
train_ep_008841,train,False,False,False,0,False,0,0,False,False,none,14
train_ep_008842,train,False,False,False,0,False,0,0,False,False,none,14
train_ep_008843,train,False,False,True,2,False,0,2,True,True,speech_mention,14
train_ep_008844,train,False,False,False,0,False,0,0,False,False,none,14
train_ep_008845,train,True,True,True,3,True,1,12,True,True,direct_appearance,14
train_ep_008846,train,False,False,False,0,False,0,0,False,False,none,14
train_ep_008847,train,False,False,False,0,False,0,0,False,False,none,14
train_ep_008848,train,False,False,False,0,True,1,1,True,True,persona_mention,14
train_ep_008849,train,False,False,False,0,True,1,1,True,True,persona_mention,14
train_ep_008850,train,False,False,True,1,True,2,3,True,True,speech_mention,14
train_ep_008851,train,False,False,False,0,False,0,0,False,False,none,14
train_ep_008852,train,False,False,False,0,False,0,0,False,False,none,14
train_ep_008853,train,False,False,False,0,False,0,0,False,False,none,14
train_ep_008854,train,False,False,False,0,False,0,0,False,False,none,14
train_ep_008855,train,False,False,False,0,False,0,0,False,False,none,14
train_ep_008856,train,False,False,False,0,False,0,0,False,False,none,14
train_ep_008857,train,False,False,False,0,False,0,0,False,False,none,14
train_ep_008858,train,False,False,False,0,False,0,0,False,False,none,14
train_ep_008859,train,False,False,False,0,False,0,0,False,False,none,14
train_ep_008860,train,False,False,False,0,False,0,0,False,False,none,14
train_ep_008861,train,False,False,False,0,False,0,0,False,False,none,14
train_ep_008862,train,False,False,False,0,False,0,0,False,False,none,14
train_ep_008863,train,False,False,True,3,False,0,3,True,True,speech_mention,14
train_ep_008864,train,False,False,True,1,True,1,2,True,True,speech_mention,14
train_ep_008865,train,False,False,True,4,True,1,5,True,True,speech_mention,14
train_ep_008866,train,True,True,False,0,True,2,10,True,True,direct_appearance,14
train_ep_008867,train,False,False,False,0,False,0,0,False,False,none,14
train_ep_008868,train,False,False,False,0,False,0,0,False,False,none,14
train_ep_008869,train,False,False,True,2,True,1,3,True,True,speech_mention,14
train_ep_008870,train,False,False,False,0,False,0,0,False,False,none,3
train_ep_008871,train,False,False,False,0,False,0,0,False,False,none,14
train_ep_008872,train,False,False,False,0,False,0,0,False,False,none,14
train_ep_008873,train,False,False,True,4,False,0,4,True,True,speech_mention,14
train_ep_008874,train,False,False,False,0,False,0,0,False,False,none,14
train_ep_008875,train,False,False,False,0,False,0,0,False,False,none,14
train_ep_008876,train,False,False,False,0,False,0,0,False,False,none,14
train_ep_008877,train,False,False,False,0,False,0,0,False,False,none,14
train_ep_008878,train,False,False,True,2,False,0,2,True,True,speech_mention,14
train_ep_008879,train,False,False,True,1,False,0,1,True,False,speech_mention,14
train_ep_008880,train,False,False,False,0,False,0,0,False,False,none,14
train_ep_008881,train,False,False,False,0,False,0,0,False,False,none,14
train_ep_008882,train,False,False,False,0,False,0,0,False,False,none,14
train_ep_008883,train,False,False,False,0,True,1,1,True,True,persona_mention,14
train_ep_008884,train,False,False,True,1,False,0,1,True,False,speech_mention,14
train_ep_008885,train,False,False,False,0,False,0,0,False,False,none,14
train_ep_008886,train,False,False,False,0,False,0,0,False,False,none,14
train_ep_008887,train,False,False,False,0,False,0,0,False,False,none,5
train_ep_008888,train,False,False,True,1,True,1,2,True,True,speech_mention,14
train_ep_008889,train,False,False,False,0,False,0,0,False,False,none,14
train_ep_008890,train,False,False,False,0,False,0,0,False,False,none,14
train_ep_008891,train,False,False,False,0,False,0,0,False,False,none,14
train_ep_008892,train,False,False,True,1,True,2,3,True,True,speech_mention,14
train_ep_008893,train,True,True,True,2,True,4,13,True,True,direct_appearance,13
train_ep_008894,train,False,False,False,0,False,0,0,False,False,none,4
train_ep_008895,train,False,False,False,0,False,0,0,False,False,none,6
train_ep_008896,train,False,False,False,0,True,2,2,True,True,persona_mention,6
train_ep_008897,train,False,False,False,0,False,0,0,False,False,none,14
train_ep_008898,train,False,False,True,1,True,1,2,True,True,speech_mention,14
train_ep_008899,train,False,False,False,0,False,0,0,False,False,none,14
train_ep_008900,train,False,False,False,0,False,0,0,False,False,none,14
train_ep_008901,train,False,False,False,0,False,0,0,False,False,none,14
train_ep_008902,train,False,False,False,0,False,0,0,False,False,none,14
train_ep_008903,train,False,False,True,1,True,1,2,True,True,speech_mention,14
train_ep_008904,train,False,False,False,0,False,0,0,False,False,none,14
train_ep_008905,train,False,False,True,5,True,1,6,True,True,speech_mention,14
train_ep_008906,train,False,False,False,0,False,0,0,False,False,none,14
train_ep_008907,train,True,True,False,0,True,3,11,True,True,direct_appearance,14
train_ep_008908,train,False,False,False,0,False,0,0,False,False,none,14
train_ep_008909,train,False,False,False,0,False,0,0,False,False,none,14
train_ep_008910,train,False,False,True,12,True,3,8,True,True,speech_mention,14
train_ep_008911,train,False,False,False,0,False,0,0,False,False,none,14
train_ep_008912,train,False,False,False,0,False,0,0,False,False,none,14
train_ep_008913,train,False,False,True,2,False,0,2,True,True,speech_mention,14
train_ep_008914,train,False,False,False,0,True,1,1,True,True,persona_mention,14
train_ep_008915,train,False,False,False,0,False,0,0,False,False,none,14
train_ep_008916,train,False,False,False,0,False,0,0,False,False,none,14
train_ep_008917,train,False,False,False,0,False,0,0,False,False,none,14
train_ep_008918,train,False,False,False,0,False,0,0,False,False,none,14
train_ep_008919,train,False,False,True,1,False,0,1,True,False,speech_mention,14
train_ep_008920,train,False,False,False,0,True,1,1,True,True,persona_mention,3
train_ep_008921,train,False,False,False,0,False,0,0,False,False,none,14
train_ep_008922,train,False,False,False,0,False,0,0,False,False,none,14
train_ep_008923,train,False,False,False,0,True,1,1,True,True,persona_mention,14
train_ep_008924,train,False,False,False,0,True,1,1,True,True,persona_mention,14
train_ep_008925,train,False,False,False,0,False,0,0,False,False,none,14
train_ep_008926,train,False,False,True,1,False,0,1,True,False,speech_mention,14
train_ep_008927,train,False,False,False,0,False,0,0,False,False,none,14
train_ep_008928,train,False,False,False,0,False,0,0,False,False,none,14
train_ep_008929,train,False,False,False,0,False,0,0,False,False,none,14
train_ep_008930,train,False,False,True,2,True,1,3,True,True,speech_mention,14
train_ep_008931,train,False,False,False,0,False,0,0,False,False,none,14
train_ep_008932,train,False,False,False,0,False,0,0,False,False,none,14
train_ep_008933,train,False,False,False,0,False,0,0,False,False,none,14
train_ep_008934,train,False,False,False,0,False,0,0,False,False,none,14
train_ep_008935,train,False,False,False,0,False,0,0,False,False,none,14
train_ep_008936,train,False,False,False,0,False,0,0,False,False,none,14
train_ep_008937,train,False,False,False,0,False,0,0,False,False,none,14
train_ep_008938,train,False,False,False,0,False,0,0,False,False,none,14
train_ep_008939,train,False,False,False,0,False,0,0,False,False,none,14
train_ep_008940,train,False,False,False,0,False,0,0,False,False,none,14
train_ep_008941,train,False,False,False,0,False,0,0,False,False,none,7
train_ep_008942,train,False,False,False,0,False,0,0,False,False,none,14
train_ep_008943,train,False,False,False,0,False,0,0,False,False,none,10
train_ep_008944,train,False,False,False,0,False,0,0,False,False,none,6
train_ep_008945,train,False,False,True,1,True,1,2,True,True,speech_mention,5
train_ep_008946,train,False,False,False,0,False,0,0,False,False,none,4
train_ep_008947,train,False,False,False,0,False,0,0,False,False,none,4
train_ep_008948,train,False,False,False,0,False,0,0,False,False,none,3
train_ep_008949,train,False,False,False,0,False,0,0,False,False,none,14
train_ep_008950,train,True,True,True,6,False,0,13,True,True,direct_appearance,14
train_ep_008951,train,True,True,True,2,True,3,13,True,True,direct_appearance,14
train_ep_008952,train,False,False,False,0,False,0,0,False,False,none,14
train_ep_008953,train,False,False,False,0,False,0,0,False,False,none,4
train_ep_008954,train,False,False,False,0,False,0,0,False,False,none,14
train_ep_008955,train,True,True,True,2,False,0,10,True,True,direct_appearance,14
train_ep_008956,train,False,False,False,0,True,2,2,True,True,persona_mention,14
train_ep_008957,train,False,False,True,1,True,2,3,True,True,speech_mention,14
train_ep_008958,train,False,False,False,0,False,0,0,False,False,none,14
train_ep_008959,train,False,False,False,0,False,0,0,False,False,none,14
train_ep_008960,train,False,False,False,0,False,0,0,False,False,none,14
train_ep_008961,train,False,False,True,3,True,1,4,True,True,speech_mention,14
train_ep_008962,train,False,False,False,0,True,2,2,True,True,persona_mention,14
train_ep_008963,train,False,False,False,0,False,0,0,False,False,none,14
train_ep_008964,train,False,False,False,0,False,0,0,False,False,none,14
train_ep_008965,train,False,False,True,2,False,0,2,True,True,speech_mention,14
train_ep_008966,train,False,False,False,0,False,0,0,False,False,none,14
train_ep_008967,train,False,False,False,0,False,0,0,False,False,none,14
train_ep_008968,train,False,False,False,0,False,0,0,False,False,none,14
train_ep_008969,train,False,False,True,2,True,2,4,True,True,speech_mention,14
train_ep_008970,train,False,False,True,2,True,2,4,True,True,speech_mention,14
train_ep_008971,train,False,False,False,0,False,0,0,False,False,none,14
train_ep_008972,train,False,False,False,0,True,2,2,True,True,persona_mention,14
train_ep_008973,train,False,False,False,0,False,0,0,False,False,none,14
train_ep_008974,train,False,False,False,0,False,0,0,False,False,none,14
train_ep_008975,train,False,False,False,0,False,0,0,False,False,none,14
train_ep_008976,train,False,False,False,0,False,0,0,False,False,none,14
train_ep_008977,train,False,False,False,0,False,0,0,False,False,none,14
train_ep_008978,train,True,True,False,0,True,4,11,True,True,direct_appearance,14
train_ep_008979,train,False,False,False,0,False,0,0,False,False,none,14
train_ep_008980,train,False,False,False,0,False,0,0,False,False,none,14
train_ep_008981,train,False,False,True,6,True,1,6,True,True,speech_mention,14
train_ep_008982,train,False,False,False,0,True,2,2,True,True,persona_mention,14
train_ep_008983,train,False,False,False,0,False,0,0,False,False,none,14
train_ep_008984,train,False,False,True,1,True,1,2,True,True,speech_mention,14
train_ep_008985,train,False,False,True,1,True,1,2,True,True,speech_mention,14
train_ep_008986,train,False,False,False,0,True,1,1,True,True,persona_mention,14
train_ep_008987,train,False,False,False,0,False,0,0,False,False,none,14
train_ep_008988,train,False,False,False,0,False,0,0,False,False,none,12
train_ep_008989,train,False,False,True,2,True,1,3,True,True,speech_mention,14
train_ep_008990,train,False,False,False,0,False,0,0,False,False,none,14
train_ep_008991,train,False,False,False,0,False,0,0,False,False,none,14
train_ep_008992,train,False,False,False,0,False,0,0,False,False,none,14
train_ep_008993,train,False,False,False,0,False,0,0,False,False,none,14
train_ep_008994,train,False,False,True,4,True,3,7,True,True,speech_mention,14
train_ep_008995,train,False,False,False,0,False,0,0,False,False,none,14
train_ep_008996,train,True,True,False,0,True,3,11,True,True,direct_appearance,14
train_ep_008997,train,False,False,False,0,False,0,0,False,False,none,14
train_ep_008998,train,False,False,False,0,False,0,0,False,False,none,14
train_ep_008999,train,False,False,False,0,False,0,0,False,False,none,12
train_ep_009000,train,False,False,True,2,False,0,2,True,True,speech_mention,12
train_ep_009001,train,False,False,False,0,False,0,0,False,False,none,8
train_ep_009002,train,False,False,False,0,True,1,1,True,True,persona_mention,10
train_ep_009003,train,False,False,False,0,False,0,0,False,False,none,8
train_ep_009004,train,False,False,False,0,False,0,0,False,False,none,9
train_ep_009005,train,False,False,False,0,True,1,1,True,True,persona_mention,7
train_ep_009006,train,False,False,False,0,False,0,0,False,False,none,7
train_ep_009007,train,True,True,False,0,True,2,10,True,True,direct_appearance,5
train_ep_009008,train,False,False,False,0,False,0,0,False,False,none,3
train_ep_009009,train,True,True,False,0,True,3,11,True,True,direct_appearance,2
train_ep_009010,train,False,False,False,0,False,0,0,False,False,none,14
train_ep_009011,train,False,False,False,0,False,0,0,False,False,none,14
train_ep_009012,train,False,False,True,1,False,0,1,True,False,speech_mention,14
train_ep_009013,train,False,False,True,1,True,2,3,True,True,speech_mention,14
train_ep_009014,train,False,False,True,3,False,0,3,True,True,speech_mention,14
train_ep_009015,train,False,False,False,0,True,1,1,True,True,persona_mention,14
train_ep_009016,train,False,False,False,0,False,0,0,False,False,none,14
train_ep_009017,train,False,False,False,0,False,0,0,False,False,none,14
train_ep_009018,train,False,False,False,0,False,0,0,False,False,none,14
train_ep_009019,train,False,False,False,0,True,1,1,True,True,persona_mention,14
train_ep_009020,train,False,False,True,1,False,0,1,True,False,speech_mention,14
train_ep_009021,train,False,False,False,0,False,0,0,False,False,none,14
train_ep_009022,train,True,True,True,3,True,3,14,True,True,direct_appearance,14
train_ep_009023,train,False,False,False,0,True,1,1,True,True,persona_mention,14
train_ep_009024,train,False,False,True,2,True,1,3,True,True,speech_mention,14
train_ep_009025,train,False,False,False,0,False,0,0,False,False,none,14
train_ep_009026,train,False,False,False,0,False,0,0,False,False,none,14
train_ep_009027,train,False,False,True,3,True,1,4,True,True,speech_mention,14
train_ep_009028,train,False,False,False,0,False,0,0,False,False,none,14
train_ep_009029,train,True,True,False,0,True,3,11,True,True,direct_appearance,14
train_ep_009030,train,False,False,False,0,False,0,0,False,False,none,14
train_ep_009031,train,True,True,True,2,True,3,13,True,True,direct_appearance,2
train_ep_009032,train,False,False,False,0,False,0,0,False,False,none,14
train_ep_009033,train,False,False,False,0,False,0,0,False,False,none,14
train_ep_009034,train,False,False,False,0,False,0,0,False,False,none,14
train_ep_009035,train,False,False,False,0,False,0,0,False,False,none,14
train_ep_009036,train,False,False,False,0,False,0,0,False,False,none,14
train_ep_009037,train,True,True,False,0,True,1,9,True,True,direct_appearance,14
train_ep_009038,train,False,False,False,0,False,0,0,False,False,none,14
train_ep_009039,train,False,False,False,0,False,0,0,False,False,none,14
train_ep_009040,train,False,False,False,0,False,0,0,False,False,none,14
train_ep_009041,train,False,False,False,0,False,0,0,False,False,none,14
train_ep_009042,train,False,False,False,0,False,0,0,False,False,none,14
train_ep_009043,train,False,False,True,1,True,1,2,True,True,speech_mention,9
train_ep_009044,train,False,False,False,0,False,0,0,False,False,none,14
train_ep_009045,train,False,False,False,0,False,0,0,False,False,none,13
train_ep_009046,train,False,False,True,1,True,1,2,True,True,speech_mention,9
train_ep_009047,train,False,False,False,0,False,0,0,False,False,none,14
train_ep_009048,train,False,False,False,0,False,0,0,False,False,none,7
train_ep_009049,train,False,False,False,0,True,2,2,True,True,persona_mention,2
train_ep_009050,train,True,True,False,0,True,1,9,True,True,direct_appearance,3
train_ep_009051,train,False,False,False,0,True,1,1,True,True,persona_mention,4
train_ep_009052,train,False,False,False,0,False,0,0,False,False,none,4
train_ep_009053,train,False,False,False,0,True,1,1,True,True,persona_mention,8
train_ep_009054,train,False,False,False,0,False,0,0,False,False,none,4
train_ep_009055,train,False,False,False,0,False,0,0,False,False,none,2
train_ep_009056,train,False,False,False,0,False,0,0,False,False,none,6
train_ep_009057,train,False,False,False,0,False,0,0,False,False,none,4
train_ep_009058,train,False,False,False,0,True,1,1,True,True,persona_mention,4
train_ep_009059,train,False,False,False,0,False,0,0,False,False,none,7
train_ep_009060,train,False,False,False,0,False,0,0,False,False,none,6
train_ep_009061,train,False,False,False,0,False,0,0,False,False,none,5
train_ep_009062,train,False,False,True,2,True,1,3,True,True,speech_mention,4
train_ep_009063,train,True,True,True,3,True,3,14,True,True,direct_appearance,14
train_ep_009064,train,False,False,False,0,False,0,0,False,False,none,14
train_ep_009065,train,False,False,False,0,False,0,0,False,False,none,14
train_ep_009066,train,False,False,False,0,False,0,0,False,False,none,14
train_ep_009067,train,False,False,False,0,False,0,0,False,False,none,14
train_ep_009068,train,False,False,False,0,False,0,0,False,False,none,14
train_ep_009069,train,False,False,False,0,False,0,0,False,False,none,14
train_ep_009070,train,False,False,True,1,False,0,1,True,False,speech_mention,14
train_ep_009071,train,False,False,False,0,False,0,0,False,False,none,14
train_ep_009072,train,False,False,False,0,False,0,0,False,False,none,14
train_ep_009073,train,False,False,False,0,False,0,0,False,False,none,14
train_ep_009074,train,False,False,True,4,True,1,5,True,True,speech_mention,14
train_ep_009075,train,False,False,True,1,True,1,2,True,True,speech_mention,14
train_ep_009076,train,False,False,True,2,False,0,2,True,True,speech_mention,14
train_ep_009077,train,False,False,False,0,True,1,1,True,True,persona_mention,3
train_ep_009078,train,False,False,False,0,False,0,0,False,False,none,14
train_ep_009079,train,False,False,False,0,False,0,0,False,False,none,14
train_ep_009080,train,False,False,True,1,True,1,2,True,True,speech_mention,14
train_ep_009081,train,False,False,False,0,False,0,0,False,False,none,14
train_ep_009082,train,False,False,True,1,False,0,1,True,False,speech_mention,14
train_ep_009083,train,False,False,False,0,False,0,0,False,False,none,14
train_ep_009084,train,False,False,False,0,True,1,1,True,True,persona_mention,14
train_ep_009085,train,False,False,True,2,True,1,3,True,True,speech_mention,14
train_ep_009086,train,False,False,False,0,False,0,0,False,False,none,3
train_ep_009087,train,False,False,False,0,True,1,1,True,True,persona_mention,14
train_ep_009088,train,False,False,False,0,False,0,0,False,False,none,14
train_ep_009089,train,False,False,False,0,False,0,0,False,False,none,14
train_ep_009090,train,False,False,True,1,True,1,2,True,True,speech_mention,14
train_ep_009091,train,False,False,True,1,True,1,2,True,True,speech_mention,14
train_ep_009092,train,False,False,False,0,False,0,0,False,False,none,14
train_ep_009093,train,False,False,False,0,True,1,1,True,True,persona_mention,14
train_ep_009094,train,False,False,False,0,False,0,0,False,False,none,14
train_ep_009095,train,False,False,False,0,False,0,0,False,False,none,14
train_ep_009096,train,False,False,False,0,False,0,0,False,False,none,14
train_ep_009097,train,False,False,False,0,False,0,0,False,False,none,14
train_ep_009098,train,False,False,False,0,False,0,0,False,False,none,14
train_ep_009099,train,False,False,True,2,False,0,2,True,True,speech_mention,14
train_ep_009100,train,False,False,False,0,False,0,0,False,False,none,14
train_ep_009101,train,False,False,False,0,False,0,0,False,False,none,14
train_ep_009102,train,True,True,False,0,True,3,11,True,True,direct_appearance,14
train_ep_009103,train,False,False,False,0,False,0,0,False,False,none,14
train_ep_009104,train,False,False,True,1,False,0,1,True,False,speech_mention,14
train_ep_009105,train,False,False,False,0,False,0,0,False,False,none,14
train_ep_009106,train,False,False,False,0,False,0,0,False,False,none,14
train_ep_009107,train,False,False,False,0,False,0,0,False,False,none,14
train_ep_009108,train,False,False,False,0,False,0,0,False,False,none,14
train_ep_009109,train,False,False,False,0,False,0,0,False,False,none,14
train_ep_009110,train,False,False,False,0,True,1,1,True,True,persona_mention,14
train_ep_009111,train,False,False,False,0,False,0,0,False,False,none,14
train_ep_009112,train,False,False,False,0,True,1,1,True,True,persona_mention,14
train_ep_009113,train,True,True,True,2,True,1,11,True,True,direct_appearance,14
train_ep_009114,train,False,False,False,0,False,0,0,False,False,none,14
train_ep_009115,train,False,False,True,3,False,0,3,True,True,speech_mention,14
train_ep_009116,train,False,False,False,0,False,0,0,False,False,none,14
train_ep_009117,train,False,False,True,2,True,1,3,True,True,speech_mention,14
train_ep_009118,train,False,False,False,0,False,0,0,False,False,none,14
train_ep_009119,train,False,False,True,2,False,0,2,True,True,speech_mention,14
train_ep_009120,train,False,False,False,0,True,1,1,True,True,persona_mention,14
train_ep_009121,train,False,False,False,0,False,0,0,False,False,none,14
train_ep_009122,train,False,False,False,0,False,0,0,False,False,none,14
train_ep_009123,train,False,False,True,1,True,1,2,True,True,speech_mention,14
train_ep_009124,train,False,False,True,1,True,1,2,True,True,speech_mention,14
train_ep_009125,train,False,False,True,1,True,1,2,True,True,speech_mention,4
train_ep_009126,train,False,False,False,0,False,0,0,False,False,none,14
train_ep_009127,train,False,False,False,0,True,1,1,True,True,persona_mention,14
train_ep_009128,train,False,False,False,0,False,0,0,False,False,none,14
train_ep_009129,train,False,False,True,2,False,0,2,True,True,speech_mention,14
train_ep_009130,train,False,False,False,0,False,0,0,False,False,none,14
train_ep_009131,train,False,False,False,0,False,0,0,False,False,none,14
train_ep_009132,train,False,False,False,0,False,0,0,False,False,none,14
train_ep_009133,train,False,False,False,0,True,1,1,True,True,persona_mention,14
train_ep_009134,train,False,False,True,2,True,1,3,True,True,speech_mention,14
train_ep_009135,train,False,False,False,0,False,0,0,False,False,none,14
train_ep_009136,train,False,False,False,0,False,0,0,False,False,none,14
train_ep_009137,train,False,False,True,1,False,0,1,True,False,speech_mention,14
train_ep_009138,train,False,False,False,0,False,0,0,False,False,none,14
train_ep_009139,train,False,False,False,0,False,0,0,False,False,none,14
train_ep_009140,train,False,False,False,0,False,0,0,False,False,none,14
train_ep_009141,train,True,True,False,0,True,3,11,True,True,direct_appearance,14
train_ep_009142,train,False,False,False,0,False,0,0,False,False,none,14
train_ep_009143,train,False,False,False,0,True,1,1,True,True,persona_mention,14
train_ep_009144,train,False,False,True,2,True,1,3,True,True,speech_mention,14
train_ep_009145,train,False,False,False,0,False,0,0,False,False,none,14
train_ep_009146,train,False,False,False,0,False,0,0,False,False,none,14
train_ep_009147,train,False,False,False,0,False,0,0,False,False,none,14
train_ep_009148,train,False,False,False,0,True,1,1,True,True,persona_mention,14
train_ep_009149,train,False,False,False,0,True,1,1,True,True,persona_mention,14
train_ep_009150,train,False,False,False,0,False,0,0,False,False,none,14
train_ep_009151,train,False,False,True,1,False,0,1,True,False,speech_mention,14
train_ep_009152,train,False,False,False,0,False,0,0,False,False,none,14
train_ep_009153,train,False,False,False,0,False,0,0,False,False,none,12
train_ep_009154,train,False,False,False,0,False,0,0,False,False,none,14
train_ep_009155,train,False,False,False,0,True,1,1,True,True,persona_mention,14
train_ep_009156,train,False,False,False,0,False,0,0,False,False,none,14
train_ep_009157,train,False,False,False,0,False,0,0,False,False,none,14
train_ep_009158,train,False,False,True,2,True,1,3,True,True,speech_mention,14
train_ep_009159,train,False,False,False,0,False,0,0,False,False,none,9
train_ep_009160,train,False,False,True,2,True,1,3,True,True,speech_mention,14
train_ep_009161,train,False,False,False,0,False,0,0,False,False,none,14
train_ep_009162,train,False,False,False,0,False,0,0,False,False,none,5
train_ep_009163,train,False,False,False,0,False,0,0,False,False,none,14
train_ep_009164,train,False,False,False,0,False,0,0,False,False,none,14
train_ep_009165,train,False,False,True,1,False,0,1,True,False,speech_mention,14
train_ep_009166,train,False,False,False,0,False,0,0,False,False,none,14
train_ep_009167,train,False,False,True,1,True,1,2,True,True,speech_mention,14
train_ep_009168,train,False,False,False,0,False,0,0,False,False,none,14
train_ep_009169,train,False,False,False,0,False,0,0,False,False,none,14
train_ep_009170,train,False,False,False,0,False,0,0,False,False,none,14
train_ep_009171,train,False,False,False,0,False,0,0,False,False,none,14
train_ep_009172,train,False,False,True,1,True,1,2,True,True,speech_mention,14
train_ep_009173,train,False,False,False,0,False,0,0,False,False,none,14
train_ep_009174,train,False,False,False,0,True,1,1,True,True,persona_mention,14
train_ep_009175,train,False,False,True,1,True,1,2,True,True,speech_mention,14
train_ep_009176,train,False,False,False,0,False,0,0,False,False,none,14
train_ep_009177,train,False,False,False,0,False,0,0,False,False,none,14
train_ep_009178,train,False,False,False,0,True,1,1,True,True,persona_mention,14
train_ep_009179,train,False,False,False,0,False,0,0,False,False,none,14
train_ep_009180,train,False,False,False,0,False,0,0,False,False,none,14
train_ep_009181,train,False,False,False,0,False,0,0,False,False,none,14
train_ep_009182,train,False,False,False,0,False,0,0,False,False,none,14
train_ep_009183,train,False,False,False,0,False,0,0,False,False,none,14
train_ep_009184,train,False,False,False,0,False,0,0,False,False,none,14
train_ep_009185,train,False,False,False,0,False,0,0,False,False,none,14
train_ep_009186,train,False,False,False,0,False,0,0,False,False,none,14
train_ep_009187,train,False,False,False,0,False,0,0,False,False,none,14
train_ep_009188,train,False,False,False,0,False,0,0,False,False,none,14
train_ep_009189,train,False,False,False,0,False,0,0,False,False,none,14
train_ep_009190,train,False,False,True,1,False,0,1,True,False,speech_mention,14
train_ep_009191,train,False,False,True,1,True,1,2,True,True,speech_mention,14
train_ep_009192,train,False,False,False,0,False,0,0,False,False,none,14
train_ep_009193,train,False,False,False,0,False,0,0,False,False,none,14
train_ep_009194,train,False,False,False,0,False,0,0,False,False,none,14
train_ep_009195,train,False,False,False,0,True,1,1,True,True,persona_mention,14
train_ep_009196,train,False,False,False,0,True,1,1,True,True,persona_mention,14
train_ep_009197,train,True,True,False,0,True,1,9,True,True,direct_appearance,14
train_ep_009198,train,False,False,True,3,False,0,3,True,True,speech_mention,14
train_ep_009199,train,False,False,False,0,False,0,0,False,False,none,14
train_ep_009200,train,False,False,False,0,False,0,0,False,False,none,14
train_ep_009201,train,False,False,False,0,False,0,0,False,False,none,14
train_ep_009202,train,False,False,False,0,True,1,1,True,True,persona_mention,14
train_ep_009203,train,False,False,True,2,True,2,4,True,True,speech_mention,14
train_ep_009204,train,False,False,False,0,False,0,0,False,False,none,14
train_ep_009205,train,False,False,False,0,False,0,0,False,False,none,14
train_ep_009206,train,False,False,False,0,False,0,0,False,False,none,14
train_ep_009207,train,False,False,False,0,False,0,0,False,False,none,14
train_ep_009208,train,False,False,False,0,False,0,0,False,False,none,14
train_ep_009209,train,False,False,False,0,False,0,0,False,False,none,14
train_ep_009210,train,False,False,True,1,True,1,2,True,True,speech_mention,14
train_ep_009211,train,False,False,False,0,False,0,0,False,False,none,14
train_ep_009212,train,False,False,False,0,False,0,0,False,False,none,14
train_ep_009213,train,False,False,False,0,False,0,0,False,False,none,14
train_ep_009214,train,False,False,False,0,False,0,0,False,False,none,14
train_ep_009215,train,False,False,True,2,True,2,4,True,True,speech_mention,14
train_ep_009216,train,False,False,False,0,False,0,0,False,False,none,14
train_ep_009217,train,False,False,False,0,True,1,1,True,True,persona_mention,14
train_ep_009218,train,False,False,False,0,False,0,0,False,False,none,14
train_ep_009219,train,False,False,False,0,False,0,0,False,False,none,14
train_ep_009220,train,False,False,False,0,False,0,0,False,False,none,12
train_ep_009221,train,True,True,True,1,True,3,12,True,True,direct_appearance,14
train_ep_009222,train,False,False,False,0,False,0,0,False,False,none,14
train_ep_009223,train,False,False,False,0,False,0,0,False,False,none,14
train_ep_009224,train,False,False,True,1,False,0,1,True,False,speech_mention,14
train_ep_009225,train,False,False,False,0,False,0,0,False,False,none,14
train_ep_009226,train,False,False,False,0,True,1,1,True,True,persona_mention,14
train_ep_009227,train,False,False,False,0,True,2,2,True,True,persona_mention,14
train_ep_009228,train,False,False,True,1,False,0,1,True,False,speech_mention,7
train_ep_009229,train,True,True,False,0,True,1,9,True,True,direct_appearance,14
train_ep_009230,train,False,False,False,0,False,0,0,False,False,none,14
train_ep_009231,train,False,False,False,0,False,0,0,False,False,none,14
train_ep_009232,train,False,False,False,0,False,0,0,False,False,none,14
train_ep_009233,train,True,True,True,4,False,0,12,True,True,direct_appearance,14
train_ep_009234,train,False,False,True,1,True,1,2,True,True,speech_mention,14
train_ep_009235,train,False,False,False,0,False,0,0,False,False,none,14
train_ep_009236,train,False,False,False,0,True,1,1,True,True,persona_mention,14
train_ep_009237,train,False,False,False,0,False,0,0,False,False,none,14
train_ep_009238,train,False,False,False,0,False,0,0,False,False,none,14
train_ep_009239,train,False,False,False,0,False,0,0,False,False,none,14
train_ep_009240,train,False,False,False,0,False,0,0,False,False,none,14
train_ep_009241,train,False,False,False,0,True,1,1,True,True,persona_mention,14
train_ep_009242,train,False,False,False,0,False,0,0,False,False,none,14
train_ep_009243,train,False,False,False,0,True,1,1,True,True,persona_mention,14
train_ep_009244,train,False,False,False,0,True,1,1,True,True,persona_mention,14
train_ep_009245,train,False,False,False,0,False,0,0,False,False,none,14
train_ep_009246,train,False,False,False,0,False,0,0,False,False,none,14
train_ep_009247,train,False,False,False,0,False,0,0,False,False,none,14
train_ep_009248,train,False,False,False,0,False,0,0,False,False,none,14
train_ep_009249,train,False,False,False,0,False,0,0,False,False,none,14
train_ep_009250,train,False,False,True,3,True,1,4,True,True,speech_mention,14
train_ep_009251,train,False,False,False,0,True,1,1,True,True,persona_mention,14
train_ep_009252,train,False,False,False,0,False,0,0,False,False,none,8
train_ep_009253,train,False,False,False,0,False,0,0,False,False,none,14
train_ep_009254,train,True,True,True,3,True,1,12,True,True,direct_appearance,14
train_ep_009255,train,False,False,False,0,False,0,0,False,False,none,14
train_ep_009256,train,False,False,True,1,False,0,1,True,False,speech_mention,14
train_ep_009257,train,False,False,True,2,True,1,3,True,True,speech_mention,14
train_ep_009258,train,True,True,True,2,True,1,11,True,True,direct_appearance,14
train_ep_009259,train,False,False,False,0,False,0,0,False,False,none,14
train_ep_009260,train,False,False,False,0,False,0,0,False,False,none,14
train_ep_009261,train,False,False,False,0,False,0,0,False,False,none,5
train_ep_009262,train,False,False,False,0,False,0,0,False,False,none,14
train_ep_009263,train,False,False,True,1,True,2,3,True,True,speech_mention,13
train_ep_009264,train,True,True,False,0,True,1,9,True,True,direct_appearance,14
train_ep_009265,train,True,True,True,3,True,1,12,True,True,direct_appearance,14
train_ep_009266,train,False,False,False,0,False,0,0,False,False,none,14
train_ep_009267,train,False,False,False,0,False,0,0,False,False,none,8
train_ep_009268,train,False,False,False,0,False,0,0,False,False,none,14
train_ep_009269,train,False,False,True,1,False,0,1,True,False,speech_mention,14
train_ep_009270,train,False,False,False,0,False,0,0,False,False,none,14
train_ep_009271,train,False,False,False,0,False,0,0,False,False,none,12
train_ep_009272,train,False,False,False,0,True,1,1,True,True,persona_mention,14
train_ep_009273,train,False,False,False,0,False,0,0,False,False,none,14
train_ep_009274,train,False,False,False,0,True,1,1,True,True,persona_mention,14
train_ep_009275,train,False,False,True,1,False,0,1,True,False,speech_mention,14
train_ep_009276,train,False,False,True,1,False,0,1,True,False,speech_mention,14
train_ep_009277,train,False,False,False,0,False,0,0,False,False,none,14
train_ep_009278,train,False,False,False,0,False,0,0,False,False,none,14
train_ep_009279,train,False,False,False,0,False,0,0,False,False,none,14
train_ep_009280,train,False,False,False,0,False,0,0,False,False,none,14
train_ep_009281,train,False,False,False,0,False,0,0,False,False,none,14
train_ep_009282,train,False,False,False,0,True,1,1,True,True,persona_mention,14
train_ep_009283,train,True,True,False,0,True,1,9,True,True,direct_appearance,14
train_ep_009284,train,False,False,False,0,False,0,0,False,False,none,14
train_ep_009285,train,False,False,False,0,False,0,0,False,False,none,14
train_ep_009286,train,False,False,False,0,False,0,0,False,False,none,14
train_ep_009287,train,False,False,False,0,False,0,0,False,False,none,14
train_ep_009288,train,False,False,False,0,True,2,2,True,True,persona_mention,14
train_ep_009289,train,False,False,False,0,False,0,0,False,False,none,14
train_ep_009290,train,False,False,True,1,True,1,2,True,True,speech_mention,14
train_ep_009291,train,False,False,False,0,True,1,1,True,True,persona_mention,14
train_ep_009292,train,False,False,False,0,False,0,0,False,False,none,14
train_ep_009293,train,False,False,True,1,True,2,3,True,True,speech_mention,14
train_ep_009294,train,False,False,False,0,False,0,0,False,False,none,14
train_ep_009295,train,False,False,False,0,False,0,0,False,False,none,14
train_ep_009296,train,False,False,False,0,False,0,0,False,False,none,14
train_ep_009297,train,False,False,False,0,False,0,0,False,False,none,14
train_ep_009298,train,False,False,False,0,False,0,0,False,False,none,14
train_ep_009299,train,False,False,False,0,True,1,1,True,True,persona_mention,14
train_ep_009300,train,False,False,False,0,False,0,0,False,False,none,14
train_ep_009301,train,False,False,False,0,False,0,0,False,False,none,14
train_ep_009302,train,False,False,False,0,True,1,1,True,True,persona_mention,14
train_ep_009303,train,False,False,False,0,False,0,0,False,False,none,14
train_ep_009304,train,False,False,False,0,True,1,1,True,True,persona_mention,14
train_ep_009305,train,False,False,False,0,False,0,0,False,False,none,5
train_ep_009306,train,False,False,True,1,True,1,2,True,True,speech_mention,14
train_ep_009307,train,False,False,False,0,False,0,0,False,False,none,14
train_ep_009308,train,False,False,False,0,False,0,0,False,False,none,5
train_ep_009309,train,False,False,False,0,False,0,0,False,False,none,14
train_ep_009310,train,False,False,True,1,True,1,2,True,True,speech_mention,14
train_ep_009311,train,False,False,False,0,False,0,0,False,False,none,14
train_ep_009312,train,False,False,True,3,False,0,3,True,True,speech_mention,14
train_ep_009313,train,False,False,False,0,False,0,0,False,False,none,4
train_ep_009314,train,False,False,False,0,False,0,0,False,False,none,14
train_ep_009315,train,False,False,False,0,True,1,1,True,True,persona_mention,14
train_ep_009316,train,False,False,False,0,True,1,1,True,True,persona_mention,14
train_ep_009317,train,False,False,False,0,False,0,0,False,False,none,14
train_ep_009318,train,False,False,True,1,False,0,1,True,False,speech_mention,14
train_ep_009319,train,False,False,False,0,False,0,0,False,False,none,10
train_ep_009320,train,False,False,False,0,False,0,0,False,False,none,14
train_ep_009321,train,False,False,True,1,False,0,1,True,False,speech_mention,14
train_ep_009322,train,False,False,False,0,False,0,0,False,False,none,14
train_ep_009323,train,False,False,True,4,False,0,4,True,True,speech_mention,14
train_ep_009324,train,False,False,False,0,False,0,0,False,False,none,14
train_ep_009325,train,False,False,True,1,True,1,2,True,True,speech_mention,14
train_ep_009326,train,False,False,False,0,True,1,1,True,True,persona_mention,14
train_ep_009327,train,True,True,True,1,True,1,10,True,True,direct_appearance,14
train_ep_009328,train,False,False,False,0,True,2,2,True,True,persona_mention,14
train_ep_009329,train,False,False,False,0,False,0,0,False,False,none,14
train_ep_009330,train,False,False,False,0,False,0,0,False,False,none,14
train_ep_009331,train,False,False,False,0,False,0,0,False,False,none,14
train_ep_009332,train,False,False,False,0,False,0,0,False,False,none,14
train_ep_009333,train,False,False,True,1,True,2,3,True,True,speech_mention,14
train_ep_009334,train,False,False,False,0,False,0,0,False,False,none,14
train_ep_009335,train,False,False,True,1,False,0,1,True,False,speech_mention,14
train_ep_009336,train,False,False,False,0,False,0,0,False,False,none,14
train_ep_009337,train,False,False,False,0,False,0,0,False,False,none,14
train_ep_009338,train,False,False,False,0,False,0,0,False,False,none,14
train_ep_009339,train,False,False,False,0,False,0,0,False,False,none,14
train_ep_009340,train,False,False,False,0,True,1,1,True,True,persona_mention,14
train_ep_009341,train,False,False,True,2,True,1,3,True,True,speech_mention,14
train_ep_009342,train,False,False,False,0,False,0,0,False,False,none,14
train_ep_009343,train,False,False,True,1,True,1,2,True,True,speech_mention,14
train_ep_009344,train,False,False,False,0,True,1,1,True,True,persona_mention,14
train_ep_009345,train,False,False,False,0,True,1,1,True,True,persona_mention,14
train_ep_009346,train,False,False,False,0,False,0,0,False,False,none,14
train_ep_009347,train,False,False,False,0,True,1,1,True,True,persona_mention,14
train_ep_009348,train,False,False,False,0,True,1,1,True,True,persona_mention,14
train_ep_009349,train,True,True,True,1,True,1,10,True,True,direct_appearance,14
train_ep_009350,train,False,False,False,0,False,0,0,False,False,none,14
train_ep_009351,train,False,False,False,0,False,0,0,False,False,none,14
train_ep_009352,train,True,True,False,0,True,2,10,True,True,direct_appearance,14
train_ep_009353,train,False,False,True,3,True,1,4,True,True,speech_mention,14
train_ep_009354,train,True,True,False,0,True,1,9,True,True,direct_appearance,14
train_ep_009355,train,False,False,True,2,False,0,2,True,True,speech_mention,9
train_ep_009356,train,False,False,False,0,True,2,2,True,True,persona_mention,14
train_ep_009357,train,False,False,False,0,True,1,1,True,True,persona_mention,14
train_ep_009358,train,False,False,False,0,False,0,0,False,False,none,14
train_ep_009359,train,False,False,False,0,False,0,0,False,False,none,12
train_ep_009360,train,False,False,True,1,True,1,2,True,True,speech_mention,14
train_ep_009361,train,False,False,False,0,False,0,0,False,False,none,14
train_ep_009362,train,False,False,False,0,False,0,0,False,False,none,14
train_ep_009363,train,False,False,False,0,False,0,0,False,False,none,14
train_ep_009364,train,False,False,False,0,False,0,0,False,False,none,14
train_ep_009365,train,False,False,False,0,True,1,1,True,True,persona_mention,14
train_ep_009366,train,False,False,False,0,False,0,0,False,False,none,14
train_ep_009367,train,False,False,False,0,False,0,0,False,False,none,14
train_ep_009368,train,True,True,False,0,True,1,9,True,True,direct_appearance,14
train_ep_009369,train,False,False,False,0,False,0,0,False,False,none,14
train_ep_009370,train,True,True,False,0,True,1,9,True,True,direct_appearance,14
train_ep_009371,train,False,False,False,0,False,0,0,False,False,none,14
train_ep_009372,train,False,False,True,1,True,1,2,True,True,speech_mention,14
train_ep_009373,train,False,False,False,0,False,0,0,False,False,none,14
train_ep_009374,train,False,False,True,1,False,0,1,True,False,speech_mention,14
train_ep_009375,train,False,False,False,0,True,1,1,True,True,persona_mention,14
train_ep_009376,train,False,False,False,0,False,0,0,False,False,none,14
train_ep_009377,train,False,False,False,0,False,0,0,False,False,none,14
train_ep_009378,train,False,False,False,0,False,0,0,False,False,none,14
train_ep_009379,train,True,True,True,2,True,1,11,True,True,direct_appearance,14
train_ep_009380,train,False,False,False,0,False,0,0,False,False,none,14
train_ep_009381,train,True,True,False,0,True,1,9,True,True,direct_appearance,14
train_ep_009382,train,False,False,False,0,False,0,0,False,False,none,14
train_ep_009383,train,False,False,False,0,False,0,0,False,False,none,14
train_ep_009384,train,False,False,False,0,False,0,0,False,False,none,14
train_ep_009385,train,False,False,True,4,False,0,4,True,True,speech_mention,14
train_ep_009386,train,False,False,False,0,True,2,2,True,True,persona_mention,14
train_ep_009387,train,True,True,True,1,True,1,10,True,True,direct_appearance,14
train_ep_009388,train,False,False,False,0,False,0,0,False,False,none,14
train_ep_009389,train,False,False,False,0,False,0,0,False,False,none,14
train_ep_009390,train,False,False,False,0,False,0,0,False,False,none,14
train_ep_009391,train,False,False,False,0,False,0,0,False,False,none,14
train_ep_009392,train,False,False,False,0,False,0,0,False,False,none,14
train_ep_009393,train,False,False,False,0,False,0,0,False,False,none,14
train_ep_009394,train,False,False,False,0,False,0,0,False,False,none,14
train_ep_009395,train,False,False,False,0,False,0,0,False,False,none,14
train_ep_009396,train,False,False,False,0,False,0,0,False,False,none,8
train_ep_009397,train,False,False,False,0,True,1,1,True,True,persona_mention,14
train_ep_009398,train,False,False,False,0,True,1,1,True,True,persona_mention,14
train_ep_009399,train,False,False,False,0,False,0,0,False,False,none,14
train_ep_009400,train,False,False,False,0,False,0,0,False,False,none,14
train_ep_009401,train,False,False,False,0,False,0,0,False,False,none,14
train_ep_009402,train,False,False,False,0,False,0,0,False,False,none,14
train_ep_009403,train,False,False,False,0,False,0,0,False,False,none,14
train_ep_009404,train,False,False,False,0,False,0,0,False,False,none,14
train_ep_009405,train,False,False,False,0,True,2,2,True,True,persona_mention,6
train_ep_009406,train,False,False,False,0,False,0,0,False,False,none,11
train_ep_009407,train,False,False,False,0,True,2,2,True,True,persona_mention,14
train_ep_009408,train,False,False,False,0,True,1,1,True,True,persona_mention,14
train_ep_009409,train,True,True,True,3,True,1,12,True,True,direct_appearance,14
train_ep_009410,train,False,False,False,0,False,0,0,False,False,none,14
train_ep_009411,train,False,False,False,0,False,0,0,False,False,none,14
train_ep_009412,train,False,False,True,2,False,0,2,True,True,speech_mention,14
train_ep_009413,train,False,False,False,0,False,0,0,False,False,none,14
train_ep_009414,train,False,False,False,0,False,0,0,False,False,none,14
train_ep_009415,train,False,False,False,0,True,1,1,True,True,persona_mention,14
train_ep_009416,train,False,False,True,1,False,0,1,True,False,speech_mention,14
train_ep_009417,train,False,False,False,0,False,0,0,False,False,none,14
train_ep_009418,train,False,False,False,0,False,0,0,False,False,none,14
train_ep_009419,train,True,True,True,2,False,0,10,True,True,direct_appearance,14
train_ep_009420,train,False,False,False,0,False,0,0,False,False,none,14
train_ep_009421,train,False,False,False,0,True,1,1,True,True,persona_mention,3
train_ep_009422,train,False,False,False,0,True,1,1,True,True,persona_mention,14
train_ep_009423,train,False,False,False,0,False,0,0,False,False,none,14
train_ep_009424,train,False,False,False,0,False,0,0,False,False,none,9
train_ep_009425,train,False,False,True,4,True,1,5,True,True,speech_mention,14
train_ep_009426,train,False,False,True,2,False,0,2,True,True,speech_mention,14
train_ep_009427,train,False,False,False,0,False,0,0,False,False,none,14
train_ep_009428,train,False,False,False,0,False,0,0,False,False,none,14
train_ep_009429,train,False,False,False,0,False,0,0,False,False,none,14
train_ep_009430,train,False,False,False,0,False,0,0,False,False,none,14
train_ep_009431,train,False,False,False,0,True,1,1,True,True,persona_mention,14
train_ep_009432,train,False,False,False,0,False,0,0,False,False,none,14
train_ep_009433,train,False,False,False,0,False,0,0,False,False,none,11
train_ep_009434,train,False,False,False,0,False,0,0,False,False,none,14
train_ep_009435,train,False,False,False,0,False,0,0,False,False,none,14
train_ep_009436,train,False,False,True,1,False,0,1,True,False,speech_mention,14
train_ep_009437,train,False,False,True,1,True,1,2,True,True,speech_mention,14
train_ep_009438,train,False,False,False,0,False,0,0,False,False,none,14
train_ep_009439,train,False,False,True,4,False,0,4,True,True,speech_mention,14
train_ep_009440,train,False,False,False,0,False,0,0,False,False,none,14
train_ep_009441,train,False,False,True,1,False,0,1,True,False,speech_mention,14
train_ep_009442,train,False,False,False,0,True,1,1,True,True,persona_mention,14
train_ep_009443,train,False,False,False,0,False,0,0,False,False,none,14
train_ep_009444,train,False,False,False,0,False,0,0,False,False,none,14
train_ep_009445,train,False,False,False,0,False,0,0,False,False,none,14
train_ep_009446,train,False,False,False,0,False,0,0,False,False,none,14
train_ep_009447,train,False,False,False,0,False,0,0,False,False,none,14
train_ep_009448,train,False,False,False,0,False,0,0,False,False,none,14
train_ep_009449,train,False,False,False,0,False,0,0,False,False,none,14
train_ep_009450,train,False,False,False,0,False,0,0,False,False,none,14
train_ep_009451,train,False,False,False,0,True,1,1,True,True,persona_mention,14
train_ep_009452,train,False,False,True,3,True,2,5,True,True,speech_mention,14
train_ep_009453,train,True,True,True,1,True,4,12,True,True,direct_appearance,14
train_ep_009454,train,False,False,False,0,False,0,0,False,False,none,14
train_ep_009455,train,False,False,False,0,False,0,0,False,False,none,14
train_ep_009456,train,False,False,False,0,False,0,0,False,False,none,14
train_ep_009457,train,False,False,False,0,False,0,0,False,False,none,14
train_ep_009458,train,False,False,False,0,False,0,0,False,False,none,14
train_ep_009459,train,False,False,False,0,False,0,0,False,False,none,14
train_ep_009460,train,False,False,True,2,False,0,2,True,True,speech_mention,14
train_ep_009461,train,False,False,False,0,False,0,0,False,False,none,14
train_ep_009462,train,False,False,False,0,False,0,0,False,False,none,14
train_ep_009463,train,False,False,False,0,False,0,0,False,False,none,14
train_ep_009464,train,False,False,False,0,True,1,1,True,True,persona_mention,14
train_ep_009465,train,False,False,False,0,False,0,0,False,False,none,14
train_ep_009466,train,False,False,False,0,False,0,0,False,False,none,14
train_ep_009467,train,False,False,False,0,False,0,0,False,False,none,14
train_ep_009468,train,False,False,False,0,False,0,0,False,False,none,14
train_ep_009469,train,True,True,True,1,True,3,12,True,True,direct_appearance,14
train_ep_009470,train,False,False,False,0,False,0,0,False,False,none,14
train_ep_009471,train,False,False,False,0,False,0,0,False,False,none,14
train_ep_009472,train,False,False,False,0,False,0,0,False,False,none,14
train_ep_009473,train,False,False,True,3,True,2,5,True,True,speech_mention,14
train_ep_009474,train,False,False,False,0,False,0,0,False,False,none,14
train_ep_009475,train,True,True,True,1,True,3,12,True,True,direct_appearance,14
train_ep_009476,train,True,True,True,5,True,3,16,True,True,direct_appearance,14
train_ep_009477,train,False,False,False,0,False,0,0,False,False,none,14
train_ep_009478,train,False,False,False,0,False,0,0,False,False,none,14
train_ep_009479,train,False,False,True,1,True,2,3,True,True,speech_mention,14
train_ep_009480,train,False,False,False,0,False,0,0,False,False,none,14
train_ep_009481,train,False,False,False,0,True,1,1,True,True,persona_mention,14
train_ep_009482,train,True,True,True,1,True,3,12,True,True,direct_appearance,14
train_ep_009483,train,False,False,False,0,False,0,0,False,False,none,14
train_ep_009484,train,False,False,True,1,True,1,2,True,True,speech_mention,14
train_ep_009485,train,False,False,False,0,True,1,1,True,True,persona_mention,14
train_ep_009486,train,False,False,False,0,False,0,0,False,False,none,14
train_ep_009487,train,False,False,False,0,False,0,0,False,False,none,14
train_ep_009488,train,False,False,False,0,False,0,0,False,False,none,14
train_ep_009489,train,False,False,False,0,False,0,0,False,False,none,14
train_ep_009490,train,False,False,False,0,False,0,0,False,False,none,14
train_ep_009491,train,False,False,False,0,False,0,0,False,False,none,14
train_ep_009492,train,False,False,False,0,False,0,0,False,False,none,14
train_ep_009493,train,False,False,False,0,False,0,0,False,False,none,14
train_ep_009494,train,False,False,False,0,False,0,0,False,False,none,14
train_ep_009495,train,False,False,False,0,False,0,0,False,False,none,14
train_ep_009496,train,False,False,False,0,False,0,0,False,False,none,14
train_ep_009497,train,False,False,False,0,False,0,0,False,False,none,11
train_ep_009498,train,False,False,False,0,False,0,0,False,False,none,14
train_ep_009499,train,False,False,False,0,False,0,0,False,False,none,14
train_ep_009500,train,True,True,True,2,True,3,13,True,True,direct_appearance,14
train_ep_009501,train,False,False,False,0,False,0,0,False,False,none,14
train_ep_009502,train,False,False,False,0,False,0,0,False,False,none,14
train_ep_009503,train,False,False,False,0,False,0,0,False,False,none,14
train_ep_009504,train,False,False,False,0,False,0,0,False,False,none,5
train_ep_009505,train,True,True,True,2,False,0,10,True,True,direct_appearance,14
train_ep_009506,train,False,False,False,0,False,0,0,False,False,none,14
train_ep_009507,train,False,False,True,1,True,1,2,True,True,speech_mention,14
train_ep_009508,train,False,False,False,0,False,0,0,False,False,none,14
train_ep_009509,train,False,False,False,0,False,0,0,False,False,none,14
train_ep_009510,train,False,False,False,0,False,0,0,False,False,none,14
train_ep_009511,train,False,False,False,0,False,0,0,False,False,none,14
train_ep_009512,train,False,False,False,0,False,0,0,False,False,none,14
train_ep_009513,train,False,False,True,1,True,2,3,True,True,speech_mention,14
train_ep_009514,train,False,False,True,1,True,1,2,True,True,speech_mention,14
train_ep_009515,train,False,False,False,0,False,0,0,False,False,none,14
train_ep_009516,train,True,True,True,2,True,3,13,True,True,direct_appearance,14
train_ep_009517,train,False,False,True,4,True,1,5,True,True,speech_mention,14
train_ep_009518,train,False,False,True,1,True,1,2,True,True,speech_mention,14
train_ep_009519,train,False,False,False,0,False,0,0,False,False,none,14
train_ep_009520,train,True,True,True,1,True,1,10,True,True,direct_appearance,14
train_ep_009521,train,False,False,False,0,False,0,0,False,False,none,14
train_ep_009522,train,True,True,True,1,True,3,12,True,True,direct_appearance,14
train_ep_009523,train,False,False,True,1,False,0,1,True,False,speech_mention,14
train_ep_009524,train,False,False,False,0,False,0,0,False,False,none,14
train_ep_009525,train,False,False,True,2,True,1,3,True,True,speech_mention,14
train_ep_009526,train,False,False,False,0,True,2,2,True,True,persona_mention,14
train_ep_009527,train,False,False,False,0,False,0,0,False,False,none,14
train_ep_009528,train,False,False,False,0,False,0,0,False,False,none,14
train_ep_009529,train,False,False,False,0,True,1,1,True,True,persona_mention,14
train_ep_009530,train,False,False,False,0,False,0,0,False,False,none,14
train_ep_009531,train,False,False,True,2,False,0,2,True,True,speech_mention,14
train_ep_009532,train,False,False,True,2,True,1,3,True,True,speech_mention,14
train_ep_009533,train,False,False,False,0,False,0,0,False,False,none,14
train_ep_009534,train,False,False,False,0,False,0,0,False,False,none,14
train_ep_009535,train,False,False,True,1,False,0,1,True,False,speech_mention,14
train_ep_009536,train,False,False,False,0,False,0,0,False,False,none,14
train_ep_009537,train,False,False,False,0,False,0,0,False,False,none,14
train_ep_009538,train,False,False,False,0,False,0,0,False,False,none,14
train_ep_009539,train,False,False,False,0,False,0,0,False,False,none,14
train_ep_009540,train,False,False,False,0,True,1,1,True,True,persona_mention,14
train_ep_009541,train,False,False,False,0,False,0,0,False,False,none,14
train_ep_009542,train,False,False,False,0,False,0,0,False,False,none,14
train_ep_009543,train,False,False,False,0,False,0,0,False,False,none,14
train_ep_009544,train,True,True,True,1,True,3,12,True,True,direct_appearance,14
train_ep_009545,train,False,False,False,0,True,2,2,True,True,persona_mention,14
train_ep_009546,train,False,False,False,0,False,0,0,False,False,none,14
train_ep_009547,train,False,False,False,0,True,1,1,True,True,persona_mention,11
train_ep_009548,train,False,False,False,0,False,0,0,False,False,none,14
train_ep_009549,train,False,False,True,3,True,2,5,True,True,speech_mention,14
train_ep_009550,train,False,False,False,0,True,1,1,True,True,persona_mention,14
train_ep_009551,train,False,False,False,0,False,0,0,False,False,none,14
train_ep_009552,train,False,False,True,3,True,1,4,True,True,speech_mention,14
train_ep_009553,train,False,False,False,0,False,0,0,False,False,none,14
train_ep_009554,train,False,False,False,0,False,0,0,False,False,none,14
train_ep_009555,train,False,False,False,0,False,0,0,False,False,none,14
train_ep_009556,train,False,False,True,1,True,2,3,True,True,speech_mention,14
train_ep_009557,train,False,False,True,1,False,0,1,True,False,speech_mention,14
train_ep_009558,train,False,False,True,1,True,2,3,True,True,speech_mention,14
train_ep_009559,train,False,False,False,0,False,0,0,False,False,none,14
train_ep_009560,train,True,True,False,0,True,3,11,True,True,direct_appearance,14
train_ep_009561,train,False,False,False,0,False,0,0,False,False,none,14
train_ep_009562,train,False,False,False,0,False,0,0,False,False,none,14
train_ep_009563,train,False,False,False,0,True,1,1,True,True,persona_mention,14
train_ep_009564,train,False,False,False,0,False,0,0,False,False,none,14
train_ep_009565,train,False,False,False,0,False,0,0,False,False,none,14
train_ep_009566,train,True,True,False,0,False,0,8,True,True,direct_appearance,14
train_ep_009567,train,False,False,False,0,False,0,0,False,False,none,14
train_ep_009568,train,False,False,False,0,False,0,0,False,False,none,14
train_ep_009569,train,False,False,False,0,False,0,0,False,False,none,14
train_ep_009570,train,False,False,True,5,False,0,5,True,True,speech_mention,14
train_ep_009571,train,False,False,False,0,False,0,0,False,False,none,8
train_ep_009572,train,False,False,False,0,False,0,0,False,False,none,14
train_ep_009573,train,False,False,False,0,False,0,0,False,False,none,14
train_ep_009574,train,False,False,True,6,False,0,5,True,True,speech_mention,14
train_ep_009575,train,True,True,False,0,True,1,9,True,True,direct_appearance,14
train_ep_009576,train,False,False,False,0,True,2,2,True,True,persona_mention,14
train_ep_009577,train,False,False,False,0,False,0,0,False,False,none,14
train_ep_009578,train,False,False,False,0,True,2,2,True,True,persona_mention,14
train_ep_009579,train,False,False,False,0,False,0,0,False,False,none,14
train_ep_009580,train,False,False,False,0,False,0,0,False,False,none,14
train_ep_009581,train,False,False,False,0,False,0,0,False,False,none,14
train_ep_009582,train,False,False,False,0,False,0,0,False,False,none,14
train_ep_009583,train,False,False,False,0,False,0,0,False,False,none,14
train_ep_009584,train,False,False,False,0,False,0,0,False,False,none,14
train_ep_009585,train,False,False,True,1,False,0,1,True,False,speech_mention,14
train_ep_009586,train,False,False,True,5,True,1,6,True,True,speech_mention,14
train_ep_009587,train,False,False,False,0,False,0,0,False,False,none,14
train_ep_009588,train,False,False,False,0,True,1,1,True,True,persona_mention,14
train_ep_009589,train,False,False,True,4,True,1,5,True,True,speech_mention,14
train_ep_009590,train,False,False,True,1,False,0,1,True,False,speech_mention,14
train_ep_009591,train,False,False,False,0,False,0,0,False,False,none,14
train_ep_009592,train,False,False,False,0,True,1,1,True,True,persona_mention,14
train_ep_009593,train,True,True,True,4,True,1,13,True,True,direct_appearance,14
train_ep_009594,train,True,True,True,1,True,2,11,True,True,direct_appearance,14
train_ep_009595,train,True,True,False,0,True,3,11,True,True,direct_appearance,14
train_ep_009596,train,False,False,False,0,False,0,0,False,False,none,14
train_ep_009597,train,False,False,False,0,False,0,0,False,False,none,14
train_ep_009598,train,False,False,False,0,False,0,0,False,False,none,14
train_ep_009599,train,False,False,False,0,False,0,0,False,False,none,14
train_ep_009600,train,False,False,True,2,False,0,2,True,True,speech_mention,14
train_ep_009601,train,True,True,False,0,True,1,9,True,True,direct_appearance,14
train_ep_009602,train,False,False,False,0,False,0,0,False,False,none,14
train_ep_009603,train,False,False,False,0,False,0,0,False,False,none,14
train_ep_009604,train,False,False,False,0,False,0,0,False,False,none,14
train_ep_009605,train,False,False,False,0,True,1,1,True,True,persona_mention,14
train_ep_009606,train,False,False,False,0,False,0,0,False,False,none,14
train_ep_009607,train,False,False,False,0,False,0,0,False,False,none,14
train_ep_009608,train,False,False,False,0,False,0,0,False,False,none,14
train_ep_009609,train,False,False,False,0,False,0,0,False,False,none,14
train_ep_009610,train,False,False,False,0,True,1,1,True,True,persona_mention,14
train_ep_009611,train,False,False,True,5,False,0,5,True,True,speech_mention,14
train_ep_009612,train,False,False,False,0,False,0,0,False,False,none,14
train_ep_009613,train,False,False,False,0,True,1,1,True,True,persona_mention,14
train_ep_009614,train,False,False,False,0,False,0,0,False,False,none,14
train_ep_009615,train,True,True,True,3,True,1,12,True,True,direct_appearance,14
train_ep_009616,train,False,False,True,6,False,0,5,True,True,speech_mention,14
train_ep_009617,train,False,False,False,0,True,1,1,True,True,persona_mention,14
train_ep_009618,train,False,False,False,0,False,0,0,False,False,none,14
train_ep_009619,train,False,False,False,0,True,1,1,True,True,persona_mention,14
train_ep_009620,train,False,False,True,2,False,0,2,True,True,speech_mention,14
train_ep_009621,train,False,False,False,0,False,0,0,False,False,none,14
train_ep_009622,train,False,False,False,0,False,0,0,False,False,none,14
train_ep_009623,train,False,False,False,0,False,0,0,False,False,none,14
train_ep_009624,train,False,False,True,2,True,1,3,True,True,speech_mention,14
train_ep_009625,train,False,False,False,0,False,0,0,False,False,none,14
train_ep_009626,train,False,False,False,0,True,1,1,True,True,persona_mention,14
train_ep_009627,train,False,False,False,0,False,0,0,False,False,none,14
train_ep_009628,train,False,False,True,6,True,1,6,True,True,speech_mention,14
train_ep_009629,train,False,False,False,0,True,1,1,True,True,persona_mention,14
train_ep_009630,train,True,True,False,0,True,3,11,True,True,direct_appearance,14
train_ep_009631,train,False,False,False,0,False,0,0,False,False,none,14
train_ep_009632,train,False,False,False,0,False,0,0,False,False,none,14
train_ep_009633,train,False,False,False,0,False,0,0,False,False,none,14
train_ep_009634,train,False,False,False,0,False,0,0,False,False,none,14
train_ep_009635,train,True,True,True,3,True,4,14,True,True,direct_appearance,10
train_ep_009636,train,False,False,False,0,False,0,0,False,False,none,14
train_ep_009637,train,False,False,False,0,False,0,0,False,False,none,14
train_ep_009638,train,False,False,False,0,False,0,0,False,False,none,14
train_ep_009639,train,False,False,True,6,True,2,7,True,True,speech_mention,14
train_ep_009640,train,False,False,True,2,True,1,3,True,True,speech_mention,14
train_ep_009641,train,False,False,False,0,False,0,0,False,False,none,14
train_ep_009642,train,True,True,False,0,False,0,8,True,True,direct_appearance,14
train_ep_009643,train,False,False,False,0,True,1,1,True,True,persona_mention,14
train_ep_009644,train,False,False,False,0,False,0,0,False,False,none,14
train_ep_009645,train,False,False,False,0,True,1,1,True,True,persona_mention,14
train_ep_009646,train,False,False,False,0,True,1,1,True,True,persona_mention,14
train_ep_009647,train,False,False,False,0,False,0,0,False,False,none,14
train_ep_009648,train,False,False,False,0,False,0,0,False,False,none,14
train_ep_009649,train,False,False,False,0,False,0,0,False,False,none,14
train_ep_009650,train,False,False,False,0,False,0,0,False,False,none,14
train_ep_009651,train,True,True,True,6,True,3,16,True,True,direct_appearance,14
train_ep_009652,train,False,False,False,0,False,0,0,False,False,none,14
train_ep_009653,train,False,False,False,0,False,0,0,False,False,none,14
train_ep_009654,train,False,False,True,1,True,1,2,True,True,speech_mention,14
train_ep_009655,train,False,False,False,0,False,0,0,False,False,none,14
train_ep_009656,train,False,False,False,0,False,0,0,False,False,none,3
train_ep_009657,train,False,False,False,0,False,0,0,False,False,none,14
train_ep_009658,train,False,False,False,0,False,0,0,False,False,none,14
train_ep_009659,train,False,False,True,2,True,1,3,True,True,speech_mention,14
train_ep_009660,train,False,False,False,0,False,0,0,False,False,none,14
train_ep_009661,train,False,False,False,0,False,0,0,False,False,none,14
train_ep_009662,train,True,True,True,1,True,1,10,True,True,direct_appearance,14
train_ep_009663,train,False,False,False,0,False,0,0,False,False,none,14
train_ep_009664,train,False,False,True,2,False,0,2,True,True,speech_mention,14
train_ep_009665,train,False,False,False,0,False,0,0,False,False,none,14
train_ep_009666,train,False,False,False,0,True,1,1,True,True,persona_mention,14
train_ep_009667,train,False,False,False,0,True,1,1,True,True,persona_mention,14
train_ep_009668,train,False,False,False,0,True,1,1,True,True,persona_mention,14
train_ep_009669,train,False,False,True,4,True,1,5,True,True,speech_mention,14
train_ep_009670,train,False,False,False,0,False,0,0,False,False,none,14
train_ep_009671,train,False,False,True,2,True,1,3,True,True,speech_mention,14
train_ep_009672,train,False,False,True,2,False,0,2,True,True,speech_mention,14
train_ep_009673,train,False,False,False,0,False,0,0,False,False,none,14
train_ep_009674,train,False,False,True,1,True,1,2,True,True,speech_mention,14
train_ep_009675,train,False,False,False,0,True,1,1,True,True,persona_mention,14
train_ep_009676,train,False,False,False,0,False,0,0,False,False,none,14
train_ep_009677,train,False,False,False,0,False,0,0,False,False,none,14
train_ep_009678,train,False,False,False,0,False,0,0,False,False,none,14
train_ep_009679,train,False,False,False,0,False,0,0,False,False,none,14
train_ep_009680,train,False,False,True,1,True,1,2,True,True,speech_mention,14
train_ep_009681,train,False,False,False,0,False,0,0,False,False,none,14
train_ep_009682,train,False,False,False,0,True,1,1,True,True,persona_mention,14
train_ep_009683,train,False,False,False,0,False,0,0,False,False,none,14
train_ep_009684,train,False,False,False,0,False,0,0,False,False,none,14
train_ep_009685,train,False,False,True,1,True,1,2,True,True,speech_mention,14
train_ep_009686,train,False,False,True,6,False,0,5,True,True,speech_mention,14
train_ep_009687,train,False,False,False,0,False,0,0,False,False,none,14
train_ep_009688,train,False,False,False,0,False,0,0,False,False,none,14
train_ep_009689,train,False,False,False,0,False,0,0,False,False,none,9
train_ep_009690,train,False,False,False,0,False,0,0,False,False,none,14
train_ep_009691,train,False,False,False,0,True,1,1,True,True,persona_mention,14
train_ep_009692,train,False,False,False,0,False,0,0,False,False,none,14
train_ep_009693,train,False,False,False,0,True,2,2,True,True,persona_mention,14
train_ep_009694,train,False,False,False,0,False,0,0,False,False,none,14
train_ep_009695,train,False,False,True,1,True,1,2,True,True,speech_mention,14
train_ep_009696,train,False,False,False,0,False,0,0,False,False,none,14
train_ep_009697,train,False,False,True,1,False,0,1,True,False,speech_mention,14
train_ep_009698,train,False,False,True,1,False,0,1,True,False,speech_mention,14
train_ep_009699,train,False,False,False,0,False,0,0,False,False,none,14
train_ep_009700,train,False,False,False,0,True,1,1,True,True,persona_mention,14
train_ep_009701,train,False,False,False,0,False,0,0,False,False,none,14
train_ep_009702,train,False,False,True,1,True,1,2,True,True,speech_mention,14
train_ep_009703,train,False,False,True,12,True,3,8,True,True,speech_mention,14
train_ep_009704,train,False,False,False,0,False,0,0,False,False,none,3
train_ep_009705,train,False,False,False,0,False,0,0,False,False,none,14
train_ep_009706,train,False,False,False,0,False,0,0,False,False,none,14
train_ep_009707,train,False,False,True,5,True,2,7,True,True,speech_mention,14
train_ep_009708,train,False,False,True,4,True,1,5,True,True,speech_mention,14
train_ep_009709,train,False,False,False,0,False,0,0,False,False,none,14
train_ep_009710,train,False,False,False,0,False,0,0,False,False,none,14
train_ep_009711,train,False,False,False,0,False,0,0,False,False,none,14
train_ep_009712,train,False,False,True,5,True,1,6,True,True,speech_mention,14
train_ep_009713,train,False,False,True,4,True,1,5,True,True,speech_mention,14
train_ep_009714,train,False,False,True,1,False,0,1,True,False,speech_mention,14
train_ep_009715,train,False,False,False,0,True,1,1,True,True,persona_mention,14
train_ep_009716,train,False,False,True,2,False,0,2,True,True,speech_mention,14
train_ep_009717,train,False,False,False,0,True,1,1,True,True,persona_mention,14
train_ep_009718,train,False,False,False,0,False,0,0,False,False,none,14
train_ep_009719,train,False,False,False,0,True,2,2,True,True,persona_mention,14
train_ep_009720,train,False,False,False,0,False,0,0,False,False,none,14
train_ep_009721,train,True,True,True,1,True,1,10,True,True,direct_appearance,14
train_ep_009722,train,False,False,False,0,False,0,0,False,False,none,3
train_ep_009723,train,False,False,False,0,False,0,0,False,False,none,14
train_ep_009724,train,False,False,False,0,False,0,0,False,False,none,14
train_ep_009725,train,False,False,False,0,False,0,0,False,False,none,14
train_ep_009726,train,False,False,True,1,False,0,1,True,False,speech_mention,14
train_ep_009727,train,False,False,False,0,True,1,1,True,True,persona_mention,14
train_ep_009728,train,False,False,False,0,False,0,0,False,False,none,14
train_ep_009729,train,False,False,True,1,False,0,1,True,False,speech_mention,14
train_ep_009730,train,False,False,False,0,False,0,0,False,False,none,14
train_ep_009731,train,False,False,True,5,True,2,7,True,True,speech_mention,14
train_ep_009732,train,False,False,False,0,True,1,1,True,True,persona_mention,14
train_ep_009733,train,False,False,True,1,False,0,1,True,False,speech_mention,14
train_ep_009734,train,True,True,True,2,True,3,13,True,True,direct_appearance,14
train_ep_009735,train,False,False,False,0,True,1,1,True,True,persona_mention,14
train_ep_009736,train,False,False,False,0,False,0,0,False,False,none,14
train_ep_009737,train,False,False,True,4,True,1,5,True,True,speech_mention,14
train_ep_009738,train,False,False,True,1,False,0,1,True,False,speech_mention,14
train_ep_009739,train,False,False,False,0,True,1,1,True,True,persona_mention,14
train_ep_009740,train,False,False,False,0,True,1,1,True,True,persona_mention,2
train_ep_009741,train,True,True,False,0,False,0,8,True,True,direct_appearance,14
train_ep_009742,train,False,False,True,2,True,1,3,True,True,speech_mention,14
train_ep_009743,train,False,False,True,2,False,0,2,True,True,speech_mention,14
train_ep_009744,train,False,False,False,0,False,0,0,False,False,none,14
train_ep_009745,train,False,False,False,0,True,1,1,True,True,persona_mention,14
train_ep_009746,train,False,False,False,0,True,2,2,True,True,persona_mention,14
train_ep_009747,train,False,False,False,0,False,0,0,False,False,none,14
train_ep_009748,train,False,False,False,0,False,0,0,False,False,none,14
train_ep_009749,train,False,False,False,0,False,0,0,False,False,none,14
train_ep_009750,train,False,False,True,2,True,1,3,True,True,speech_mention,14
train_ep_009751,train,False,False,False,0,False,0,0,False,False,none,14
train_ep_009752,train,False,False,False,0,False,0,0,False,False,none,14
train_ep_009753,train,False,False,True,2,True,1,3,True,True,speech_mention,14
train_ep_009754,train,False,False,False,0,False,0,0,False,False,none,14
train_ep_009755,train,False,False,False,0,False,0,0,False,False,none,14
train_ep_009756,train,False,False,False,0,True,1,1,True,True,persona_mention,14
train_ep_009757,train,False,False,False,0,False,0,0,False,False,none,14
train_ep_009758,train,False,False,True,2,True,2,4,True,True,speech_mention,14
train_ep_009759,train,False,False,True,1,True,1,2,True,True,speech_mention,14
train_ep_009760,train,False,False,False,0,True,1,1,True,True,persona_mention,14
train_ep_009761,train,False,False,False,0,False,0,0,False,False,none,14
train_ep_009762,train,False,False,False,0,False,0,0,False,False,none,14
train_ep_009763,train,False,False,False,0,False,0,0,False,False,none,14
train_ep_009764,train,True,True,True,3,True,3,14,True,True,direct_appearance,14
train_ep_009765,train,False,False,False,0,False,0,0,False,False,none,14
train_ep_009766,train,False,False,False,0,False,0,0,False,False,none,14
train_ep_009767,train,False,False,True,2,False,0,2,True,True,speech_mention,14
train_ep_009768,train,False,False,False,0,False,0,0,False,False,none,2
train_ep_009769,train,False,False,True,1,False,0,1,True,False,speech_mention,14
train_ep_009770,train,False,False,False,0,False,0,0,False,False,none,14
train_ep_009771,train,True,True,True,1,True,1,10,True,True,direct_appearance,14
train_ep_009772,train,False,False,False,0,False,0,0,False,False,none,14
train_ep_009773,train,False,False,False,0,False,0,0,False,False,none,14
train_ep_009774,train,False,False,True,1,False,0,1,True,False,speech_mention,14
train_ep_009775,train,False,False,True,5,True,1,6,True,True,speech_mention,14
train_ep_009776,train,False,False,False,0,True,1,1,True,True,persona_mention,14
train_ep_009777,train,False,False,False,0,False,0,0,False,False,none,14
train_ep_009778,train,False,False,True,1,True,2,3,True,True,speech_mention,14
train_ep_009779,train,False,False,False,0,False,0,0,False,False,none,14
train_ep_009780,train,False,False,False,0,True,1,1,True,True,persona_mention,14
train_ep_009781,train,False,False,False,0,False,0,0,False,False,none,14
train_ep_009782,train,False,False,False,0,True,2,2,True,True,persona_mention,14
train_ep_009783,train,False,False,False,0,False,0,0,False,False,none,14
train_ep_009784,train,False,False,False,0,False,0,0,False,False,none,14
train_ep_009785,train,False,False,True,3,True,1,4,True,True,speech_mention,14
train_ep_009786,train,False,False,False,0,False,0,0,False,False,none,14
train_ep_009787,train,False,False,True,1,False,0,1,True,False,speech_mention,14
train_ep_009788,train,False,False,False,0,False,0,0,False,False,none,14
train_ep_009789,train,False,False,True,1,False,0,1,True,False,speech_mention,14
train_ep_009790,train,False,False,False,0,True,1,1,True,True,persona_mention,14
train_ep_009791,train,False,False,True,2,False,0,2,True,True,speech_mention,14
train_ep_009792,train,False,False,False,0,True,1,1,True,True,persona_mention,14
train_ep_009793,train,True,True,False,0,True,1,9,True,True,direct_appearance,14
train_ep_009794,train,False,False,True,1,False,0,1,True,False,speech_mention,14
train_ep_009795,train,False,False,True,1,False,0,1,True,False,speech_mention,14
train_ep_009796,train,False,False,False,0,True,1,1,True,True,persona_mention,14
train_ep_009797,train,True,True,True,2,True,1,11,True,True,direct_appearance,14
train_ep_009798,train,False,False,False,0,False,0,0,False,False,none,14
train_ep_009799,train,False,False,False,0,False,0,0,False,False,none,14
train_ep_009800,train,False,False,False,0,True,1,1,True,True,persona_mention,14
train_ep_009801,train,False,False,False,0,False,0,0,False,False,none,14
train_ep_009802,train,True,True,True,1,True,1,10,True,True,direct_appearance,7
train_ep_009803,train,False,False,True,1,False,0,1,True,False,speech_mention,14
train_ep_009804,train,False,False,False,0,False,0,0,False,False,none,14
train_ep_009805,train,True,True,False,0,True,2,10,True,True,direct_appearance,14
train_ep_009806,train,False,False,False,0,False,0,0,False,False,none,14
train_ep_009807,train,False,False,False,0,False,0,0,False,False,none,14
train_ep_009808,train,True,False,False,0,True,4,8,True,True,direct_appearance,1
train_ep_009809,train,False,False,False,0,False,0,0,False,False,none,1
train_ep_009810,train,False,False,False,0,False,0,0,False,False,none,1
train_ep_009811,train,False,False,False,0,True,1,1,True,True,persona_mention,1
train_ep_009812,train,True,False,False,0,False,0,5,True,True,direct_appearance,1
train_ep_009813,train,False,False,False,0,False,0,0,False,False,none,1
train_ep_009814,train,False,False,False,0,False,0,0,False,False,none,1
train_ep_009815,train,False,False,False,0,False,0,0,False,False,none,1
train_ep_009816,train,False,False,False,0,True,1,1,True,True,persona_mention,1
train_ep_009817,train,False,False,False,0,False,0,0,False,False,none,1
train_ep_009818,train,False,False,False,0,False,0,0,False,False,none,1
train_ep_009819,train,False,False,False,0,False,0,0,False,False,none,1
train_ep_009820,train,False,False,False,0,False,0,0,False,False,none,1
train_ep_009821,train,False,False,False,0,True,1,1,True,True,persona_mention,1
train_ep_009822,train,True,False,False,0,True,3,8,True,True,direct_appearance,1
train_ep_009823,train,False,False,False,0,False,0,0,False,False,none,1
train_ep_009824,train,False,False,False,0,False,0,0,False,False,none,1
train_ep_009825,train,False,False,False,0,True,1,1,True,True,persona_mention,1
train_ep_009826,train,False,False,False,0,True,1,1,True,True,persona_mention,1
train_ep_009827,train,False,False,False,0,False,0,0,False,False,none,1
train_ep_009828,train,False,False,False,0,True,1,1,True,True,persona_mention,1
train_ep_009829,train,False,False,False,0,True,2,2,True,True,persona_mention,1
train_ep_009830,train,False,False,False,0,False,0,0,False,False,none,1
train_ep_009831,train,False,False,False,0,False,0,0,False,False,none,1
train_ep_009832,train,False,False,False,0,True,2,2,True,True,persona_mention,1
train_ep_009833,train,False,False,False,0,False,0,0,False,False,none,1
train_ep_009834,train,False,False,False,0,False,0,0,False,False,none,1
train_ep_009835,train,False,False,False,0,False,0,0,False,False,none,1
train_ep_009836,train,False,False,False,0,False,0,0,False,False,none,1
train_ep_009837,train,True,False,False,0,True,1,6,True,True,direct_appearance,1
train_ep_009838,train,False,False,False,0,False,0,0,False,False,none,1
train_ep_009839,train,False,False,False,0,False,0,0,False,False,none,1
train_ep_009840,train,False,False,True,1,True,1,2,True,True,speech_mention,1
train_ep_009841,train,False,False,False,0,True,1,1,True,True,persona_mention,1
train_ep_009842,train,False,False,False,0,False,0,0,False,False,none,1
train_ep_009843,train,False,False,False,0,False,0,0,False,False,none,1
train_ep_009844,train,False,False,False,0,False,0,0,False,False,none,1
train_ep_009845,train,False,False,False,0,False,0,0,False,False,none,1
train_ep_009846,train,False,False,False,0,False,0,0,False,False,none,1
train_ep_009847,train,True,False,True,1,True,4,9,True,True,direct_appearance,1
train_ep_009848,train,False,False,False,0,False,0,0,False,False,none,1
train_ep_009849,train,False,False,False,0,False,0,0,False,False,none,1
train_ep_009850,train,True,True,False,0,True,1,9,True,True,direct_appearance,1
train_ep_009851,train,False,False,False,0,False,0,0,False,False,none,1
train_ep_009852,train,False,False,False,0,True,1,1,True,True,persona_mention,1
train_ep_009853,train,False,False,False,0,False,0,0,False,False,none,1
train_ep_009854,train,False,False,False,0,False,0,0,False,False,none,1
train_ep_009855,train,False,False,False,0,False,0,0,False,False,none,1
train_ep_009856,train,False,False,False,0,False,0,0,False,False,none,1
train_ep_009857,train,False,False,False,0,True,2,2,True,True,persona_mention,1
train_ep_009858,train,False,False,False,0,False,0,0,False,False,none,1
train_ep_009859,train,True,False,False,0,True,3,8,True,True,direct_appearance,1
train_ep_009860,train,True,False,False,0,False,0,5,True,True,direct_appearance,1
train_ep_009861,train,False,False,False,0,False,0,0,False,False,none,1
train_ep_009862,train,False,False,False,0,False,0,0,False,False,none,1
train_ep_009863,train,False,False,False,0,True,1,1,True,True,persona_mention,1
train_ep_009864,train,False,False,False,0,False,0,0,False,False,none,1
train_ep_009865,train,False,False,False,0,True,1,1,True,True,persona_mention,1
train_ep_009866,train,False,False,False,0,False,0,0,False,False,none,1
train_ep_009867,train,False,False,False,0,True,1,1,True,True,persona_mention,1
train_ep_009868,train,False,False,False,0,True,1,1,True,True,persona_mention,1
train_ep_009869,train,False,False,False,0,False,0,0,False,False,none,1
train_ep_009870,train,False,False,False,0,True,1,1,True,True,persona_mention,1
train_ep_009871,train,False,False,False,0,False,0,0,False,False,none,1
train_ep_009872,train,False,False,False,0,True,1,1,True,True,persona_mention,1
train_ep_009873,train,False,False,False,0,True,1,1,True,True,persona_mention,1
train_ep_009874,train,False,False,False,0,False,0,0,False,False,none,1
train_ep_009875,train,False,False,False,0,False,0,0,False,False,none,1
train_ep_009876,train,False,False,False,0,False,0,0,False,False,none,1
train_ep_009877,train,False,False,False,0,False,0,0,False,False,none,1
train_ep_009878,train,False,False,False,0,True,1,1,True,True,persona_mention,1
train_ep_009879,train,False,False,False,0,False,0,0,False,False,none,1
train_ep_009880,train,True,False,False,0,True,1,6,True,True,direct_appearance,1
train_ep_009881,train,False,False,False,0,False,0,0,False,False,none,1
train_ep_009882,train,False,False,False,0,False,0,0,False,False,none,1
train_ep_009883,train,False,False,False,0,False,0,0,False,False,none,1
train_ep_009884,train,True,True,False,0,True,1,9,True,True,direct_appearance,1
train_ep_009885,train,False,False,False,0,False,0,0,False,False,none,1
train_ep_009886,train,False,False,False,0,True,1,1,True,True,persona_mention,1
train_ep_009887,train,False,False,False,0,True,1,1,True,True,persona_mention,1
train_ep_009888,train,False,False,False,0,False,0,0,False,False,none,1
train_ep_009889,train,False,False,False,0,False,0,0,False,False,none,1
train_ep_009890,train,False,False,False,0,False,0,0,False,False,none,1
train_ep_009891,train,False,False,False,0,True,3,3,True,True,persona_mention,1
train_ep_009892,train,False,False,False,0,False,0,0,False,False,none,1
train_ep_009893,train,False,False,False,0,False,0,0,False,False,none,1
train_ep_009894,train,False,False,False,0,True,1,1,True,True,persona_mention,1
train_ep_009895,train,False,False,False,0,False,0,0,False,False,none,1
train_ep_009896,train,False,False,False,0,False,0,0,False,False,none,1
train_ep_009897,train,False,False,False,0,False,0,0,False,False,none,1
train_ep_009898,train,False,False,False,0,False,0,0,False,False,none,1
train_ep_009899,train,False,False,False,0,False,0,0,False,False,none,1
train_ep_009900,train,False,False,False,0,False,0,0,False,False,none,1
train_ep_009901,train,True,True,False,0,True,1,9,True,True,direct_appearance,1
train_ep_009902,train,False,False,False,0,False,0,0,False,False,none,1
train_ep_009903,train,False,False,False,0,True,1,1,True,True,persona_mention,1
train_ep_009904,train,False,False,False,0,True,2,2,True,True,persona_mention,1
train_ep_009905,train,False,False,False,0,False,0,0,False,False,none,1
train_ep_009906,train,False,False,False,0,True,1,1,True,True,persona_mention,1
train_ep_009907,train,False,False,False,0,False,0,0,False,False,none,1
train_ep_009908,train,False,False,False,0,False,0,0,False,False,none,1
train_ep_009909,train,False,False,False,0,True,1,1,True,True,persona_mention,1
train_ep_009910,train,False,False,False,0,True,1,1,True,True,persona_mention,1
train_ep_009911,train,False,False,False,0,False,0,0,False,False,none,1
train_ep_009912,train,True,True,False,0,True,1,9,True,True,direct_appearance,1
train_ep_009913,train,False,False,False,0,False,0,0,False,False,none,1
train_ep_009914,train,False,False,False,0,False,0,0,False,False,none,1
train_ep_009915,train,False,False,False,0,False,0,0,False,False,none,1
train_ep_009916,train,False,False,False,0,False,0,0,False,False,none,1
train_ep_009917,train,False,False,False,0,False,0,0,False,False,none,1
train_ep_009918,train,False,False,False,0,False,0,0,False,False,none,1
train_ep_009919,train,False,False,False,0,False,0,0,False,False,none,1
train_ep_009920,train,False,False,False,0,True,1,1,True,True,persona_mention,1
train_ep_009921,train,False,False,False,0,False,0,0,False,False,none,1
train_ep_009922,train,False,False,False,0,False,0,0,False,False,none,1
train_ep_009923,train,False,False,False,0,True,1,1,True,True,persona_mention,1
train_ep_009924,train,False,False,False,0,True,1,1,True,True,persona_mention,1
train_ep_009925,train,False,False,False,0,False,0,0,False,False,none,1
train_ep_009926,train,False,False,False,0,False,0,0,False,False,none,1
train_ep_009927,train,False,False,False,0,False,0,0,False,False,none,1
train_ep_009928,train,False,False,False,0,False,0,0,False,False,none,1
train_ep_009929,train,False,False,False,0,True,1,1,True,True,persona_mention,1
train_ep_009930,train,False,False,False,0,True,1,1,True,True,persona_mention,1
train_ep_009931,train,False,False,False,0,False,0,0,False,False,none,1
train_ep_009932,train,False,False,False,0,False,0,0,False,False,none,1
train_ep_009933,train,False,False,False,0,False,0,0,False,False,none,1
train_ep_009934,train,False,False,False,0,False,0,0,False,False,none,1
train_ep_009935,train,False,False,False,0,False,0,0,False,False,none,1
train_ep_009936,train,False,False,False,0,False,0,0,False,False,none,1
train_ep_009937,train,False,False,False,0,True,2,2,True,True,persona_mention,1
train_ep_009938,train,False,False,False,0,False,0,0,False,False,none,1
train_ep_009939,train,False,False,False,0,True,1,1,True,True,persona_mention,1
train_ep_009940,train,False,False,False,0,False,0,0,False,False,none,1
train_ep_009941,train,False,False,False,0,False,0,0,False,False,none,1
train_ep_009942,train,False,False,False,0,False,0,0,False,False,none,1
train_ep_009943,train,False,False,False,0,False,0,0,False,False,none,1
train_ep_009944,train,False,False,False,0,False,0,0,False,False,none,1
train_ep_009945,train,False,False,False,0,False,0,0,False,False,none,1
train_ep_009946,train,False,False,False,0,True,1,1,True,True,persona_mention,1
train_ep_009947,train,False,False,False,0,True,1,1,True,True,persona_mention,1
train_ep_009948,train,False,False,False,0,False,0,0,False,False,none,1
train_ep_009949,train,False,False,False,0,False,0,0,False,False,none,1
train_ep_009950,train,False,False,False,0,True,3,3,True,True,persona_mention,1
train_ep_009951,train,False,False,False,0,False,0,0,False,False,none,1
train_ep_009952,train,False,False,False,0,False,0,0,False,False,none,1
train_ep_009953,train,False,False,False,0,True,1,1,True,True,persona_mention,1
train_ep_009954,train,False,False,False,0,False,0,0,False,False,none,1
train_ep_009955,train,False,False,False,0,False,0,0,False,False,none,1
train_ep_009956,train,False,False,False,0,True,1,1,True,True,persona_mention,1
train_ep_009957,train,False,False,False,0,True,1,1,True,True,persona_mention,1
train_ep_009958,train,True,True,False,0,True,1,9,True,True,direct_appearance,1
train_ep_009959,train,False,False,False,0,False,0,0,False,False,none,1
train_ep_009960,train,False,False,False,0,False,0,0,False,False,none,1
train_ep_009961,train,False,False,False,0,False,0,0,False,False,none,1
train_ep_009962,train,False,False,False,0,False,0,0,False,False,none,1
train_ep_009963,train,False,False,False,0,False,0,0,False,False,none,1
train_ep_009964,train,False,False,False,0,True,1,1,True,True,persona_mention,1
train_ep_009965,train,False,False,False,0,True,2,2,True,True,persona_mention,1
train_ep_009966,train,False,False,True,1,True,2,3,True,True,speech_mention,1
train_ep_009967,train,False,False,False,0,True,1,1,True,True,persona_mention,1
train_ep_009968,train,False,False,False,0,False,0,0,False,False,none,1
train_ep_009969,train,False,False,False,0,False,0,0,False,False,none,1
train_ep_009970,train,False,False,False,0,False,0,0,False,False,none,1
train_ep_009971,train,False,False,False,0,False,0,0,False,False,none,1
train_ep_009972,train,False,False,False,0,False,0,0,False,False,none,1
train_ep_009973,train,False,False,False,0,False,0,0,False,False,none,1
train_ep_009974,train,False,False,False,0,False,0,0,False,False,none,1
train_ep_009975,train,False,False,False,0,False,0,0,False,False,none,1
train_ep_009976,train,False,False,False,0,False,0,0,False,False,none,1
train_ep_009977,train,False,False,False,0,True,2,2,True,True,persona_mention,1
train_ep_009978,train,True,False,False,0,True,3,8,True,True,direct_appearance,1
train_ep_009979,train,False,False,False,0,True,2,2,True,True,persona_mention,1
train_ep_009980,train,False,False,False,0,True,1,1,True,True,persona_mention,1
train_ep_009981,train,False,False,False,0,False,0,0,False,False,none,1
train_ep_009982,train,False,False,False,0,False,0,0,False,False,none,1
train_ep_009983,train,False,False,False,0,False,0,0,False,False,none,1
train_ep_009984,train,False,False,False,0,True,1,1,True,True,persona_mention,1
train_ep_009985,train,False,False,False,0,False,0,0,False,False,none,1
train_ep_009986,train,False,False,False,0,False,0,0,False,False,none,1
train_ep_009987,train,False,False,False,0,False,0,0,False,False,none,1
train_ep_009988,train,False,False,False,0,True,1,1,True,True,persona_mention,1
train_ep_009989,train,False,False,False,0,False,0,0,False,False,none,1
train_ep_009990,train,False,False,False,0,False,0,0,False,False,none,1
train_ep_009991,train,False,False,False,0,False,0,0,False,False,none,1
train_ep_009992,train,False,False,False,0,True,3,3,True,True,persona_mention,1
train_ep_009993,train,False,False,False,0,False,0,0,False,False,none,1
train_ep_009994,train,False,False,False,0,True,1,1,True,True,persona_mention,1
train_ep_009995,train,False,False,False,0,False,0,0,False,False,none,1
train_ep_009996,train,False,False,False,0,True,1,1,True,True,persona_mention,1
train_ep_009997,train,False,False,False,0,True,1,1,True,True,persona_mention,1
train_ep_009998,train,False,False,False,0,True,1,1,True,True,persona_mention,1
train_ep_009999,train,False,False,False,0,False,0,0,False,False,none,1
train_ep_010000,train,False,False,False,0,False,0,0,False,False,none,1
train_ep_010001,train,False,False,False,0,False,0,0,False,False,none,1
train_ep_010002,train,False,False,False,0,False,0,0,False,False,none,1
train_ep_010003,train,False,False,False,0,True,2,2,True,True,persona_mention,1
train_ep_010004,train,False,False,False,0,False,0,0,False,False,none,1
train_ep_010005,train,False,False,False,0,False,0,0,False,False,none,1
train_ep_010006,train,False,False,False,0,True,1,1,True,True,persona_mention,1
train_ep_010007,train,False,False,False,0,False,0,0,False,False,none,1
train_ep_010008,train,False,False,False,0,True,1,1,True,True,persona_mention,1
train_ep_010009,train,False,False,False,0,False,0,0,False,False,none,1
train_ep_010010,train,False,False,False,0,True,1,1,True,True,persona_mention,1
train_ep_010011,train,False,False,False,0,False,0,0,False,False,none,1
train_ep_010012,train,False,False,False,0,False,0,0,False,False,none,1
train_ep_010013,train,False,False,True,1,False,0,1,True,False,speech_mention,1
train_ep_010014,train,False,False,False,0,False,0,0,False,False,none,1
train_ep_010015,train,False,False,False,0,False,0,0,False,False,none,1
train_ep_010016,train,False,False,False,0,False,0,0,False,False,none,1
train_ep_010017,train,False,False,False,0,False,0,0,False,False,none,1
train_ep_010018,train,True,True,False,0,True,3,11,True,True,direct_appearance,1
train_ep_010019,train,False,False,False,0,False,0,0,False,False,none,1
train_ep_010020,train,False,False,False,0,False,0,0,False,False,none,1
train_ep_010021,train,False,False,False,0,True,1,1,True,True,persona_mention,1
train_ep_010022,train,False,False,False,0,False,0,0,False,False,none,1
train_ep_010023,train,False,False,False,0,False,0,0,False,False,none,1
train_ep_010024,train,False,False,False,0,True,1,1,True,True,persona_mention,1
train_ep_010025,train,False,False,False,0,True,2,2,True,True,persona_mention,1
train_ep_010026,train,False,False,True,1,True,2,3,True,True,speech_mention,1
train_ep_010027,train,False,False,False,0,False,0,0,False,False,none,1
train_ep_010028,train,False,False,False,0,False,0,0,False,False,none,1
train_ep_010029,train,False,False,False,0,False,0,0,False,False,none,1
train_ep_010030,train,False,False,False,0,True,1,1,True,True,persona_mention,1
train_ep_010031,train,False,False,False,0,False,0,0,False,False,none,1
train_ep_010032,train,False,False,False,0,False,0,0,False,False,none,1
train_ep_010033,train,False,False,False,0,False,0,0,False,False,none,1
train_ep_010034,train,False,False,False,0,False,0,0,False,False,none,1
train_ep_010035,train,False,False,False,0,True,1,1,True,True,persona_mention,1
train_ep_010036,train,False,False,False,0,False,0,0,False,False,none,1
train_ep_010037,train,False,False,False,0,False,0,0,False,False,none,1
train_ep_010038,train,False,False,False,0,False,0,0,False,False,none,1
train_ep_010039,train,False,False,False,0,True,1,1,True,True,persona_mention,1
train_ep_010040,train,False,False,False,0,False,0,0,False,False,none,1
train_ep_010041,train,False,False,True,1,False,0,1,True,False,speech_mention,1
train_ep_010042,train,True,True,False,0,True,1,9,True,True,direct_appearance,1
train_ep_010043,train,False,False,False,0,False,0,0,False,False,none,1
train_ep_010044,train,True,True,False,0,True,1,9,True,True,direct_appearance,1
train_ep_010045,train,False,False,False,0,False,0,0,False,False,none,1
train_ep_010046,train,False,False,False,0,False,0,0,False,False,none,1
train_ep_010047,train,False,False,False,0,False,0,0,False,False,none,1
train_ep_010048,train,False,False,False,0,False,0,0,False,False,none,1
train_ep_010049,train,False,False,False,0,False,0,0,False,False,none,1
train_ep_010050,train,False,False,False,0,False,0,0,False,False,none,1
train_ep_010051,train,False,False,False,0,False,0,0,False,False,none,1
train_ep_010052,train,False,False,False,0,True,1,1,True,True,persona_mention,1
train_ep_010053,train,False,False,False,0,False,0,0,False,False,none,1
train_ep_010054,train,False,False,False,0,False,0,0,False,False,none,1
train_ep_010055,train,False,False,False,0,True,3,3,True,True,persona_mention,1
train_ep_010056,train,False,False,False,0,False,0,0,False,False,none,1
train_ep_010057,train,False,False,False,0,True,2,2,True,True,persona_mention,1
train_ep_010058,train,False,False,False,0,False,0,0,False,False,none,1
train_ep_010059,train,False,False,False,0,False,0,0,False,False,none,1
train_ep_010060,train,False,False,False,0,False,0,0,False,False,none,1
train_ep_010061,train,True,False,True,1,True,2,8,True,True,direct_appearance,1
train_ep_010062,train,False,False,False,0,False,0,0,False,False,none,1
train_ep_010063,train,False,False,False,0,False,0,0,False,False,none,1
train_ep_010064,train,False,False,False,0,False,0,0,False,False,none,1
train_ep_010065,train,False,False,False,0,False,0,0,False,False,none,1
train_ep_010066,train,False,False,False,0,True,1,1,True,True,persona_mention,1
train_ep_010067,train,False,False,False,0,False,0,0,False,False,none,1
train_ep_010068,train,False,False,False,0,False,0,0,False,False,none,1
train_ep_010069,train,False,False,False,0,True,1,1,True,True,persona_mention,1
train_ep_010070,train,False,False,False,0,True,1,1,True,True,persona_mention,1
train_ep_010071,train,False,False,False,0,False,0,0,False,False,none,1
train_ep_010072,train,False,False,False,0,False,0,0,False,False,none,1
train_ep_010073,train,False,False,False,0,False,0,0,False,False,none,1
train_ep_010074,train,False,False,False,0,True,1,1,True,True,persona_mention,1
train_ep_010075,train,False,False,False,0,True,1,1,True,True,persona_mention,1
train_ep_010076,train,False,False,False,0,False,0,0,False,False,none,1
train_ep_010077,train,False,False,False,0,False,0,0,False,False,none,1
train_ep_010078,train,False,False,False,0,True,1,1,True,True,persona_mention,1
train_ep_010079,train,False,False,False,0,True,1,1,True,True,persona_mention,1
train_ep_010080,train,False,False,False,0,False,0,0,False,False,none,1
train_ep_010081,train,False,False,False,0,False,0,0,False,False,none,1
train_ep_010082,train,False,False,False,0,False,0,0,False,False,none,1
train_ep_010083,train,False,False,False,0,False,0,0,False,False,none,1
train_ep_010084,train,False,False,False,0,False,0,0,False,False,none,1
train_ep_010085,train,False,False,False,0,False,0,0,False,False,none,1
train_ep_010086,train,False,False,False,0,False,0,0,False,False,none,1
train_ep_010087,train,False,False,False,0,False,0,0,False,False,none,1
train_ep_010088,train,False,False,False,0,False,0,0,False,False,none,1
train_ep_010089,train,False,False,False,0,False,0,0,False,False,none,1
train_ep_010090,train,False,False,False,0,False,0,0,False,False,none,1
train_ep_010091,train,False,False,False,0,False,0,0,False,False,none,1
train_ep_010092,train,True,False,False,0,True,2,7,True,True,direct_appearance,1
train_ep_010093,train,False,False,False,0,True,1,1,True,True,persona_mention,1
train_ep_010094,train,False,False,False,0,False,0,0,False,False,none,1
train_ep_010095,train,False,False,False,0,True,1,1,True,True,persona_mention,1
train_ep_010096,train,False,False,False,0,True,1,1,True,True,persona_mention,1
train_ep_010097,train,False,False,False,0,False,0,0,False,False,none,1
train_ep_010098,train,False,False,False,0,False,0,0,False,False,none,1
train_ep_010099,train,False,False,False,0,False,0,0,False,False,none,1
train_ep_010100,train,False,False,False,0,False,0,0,False,False,none,1
train_ep_010101,train,False,False,False,0,False,0,0,False,False,none,1
train_ep_010102,train,False,False,False,0,False,0,0,False,False,none,1
train_ep_010103,train,False,False,False,0,True,1,1,True,True,persona_mention,1
train_ep_010104,train,False,False,False,0,False,0,0,False,False,none,1
train_ep_010105,train,False,False,False,0,False,0,0,False,False,none,1
train_ep_010106,train,False,False,False,0,False,0,0,False,False,none,1
train_ep_010107,train,False,False,False,0,True,1,1,True,True,persona_mention,1
train_ep_010108,train,False,False,False,0,False,0,0,False,False,none,1
train_ep_010109,train,False,False,False,0,False,0,0,False,False,none,1
train_ep_010110,train,False,False,False,0,False,0,0,False,False,none,1
train_ep_010111,train,False,False,False,0,False,0,0,False,False,none,1
train_ep_010112,train,False,False,False,0,False,0,0,False,False,none,1
train_ep_010113,train,False,False,False,0,False,0,0,False,False,none,1
train_ep_010114,train,False,False,False,0,False,0,0,False,False,none,1
train_ep_010115,train,False,False,False,0,False,0,0,False,False,none,1
train_ep_010116,train,False,False,False,0,True,1,1,True,True,persona_mention,1
train_ep_010117,train,False,False,False,0,False,0,0,False,False,none,1
train_ep_010118,train,False,False,False,0,False,0,0,False,False,none,1
train_ep_010119,train,True,False,False,0,True,3,8,True,True,direct_appearance,1
train_ep_010120,train,False,False,False,0,False,0,0,False,False,none,1
train_ep_010121,train,False,False,False,0,False,0,0,False,False,none,1
train_ep_010122,train,False,False,False,0,False,0,0,False,False,none,1
train_ep_010123,train,False,False,False,0,False,0,0,False,False,none,1
train_ep_010124,train,False,False,False,0,True,1,1,True,True,persona_mention,1
train_ep_010125,train,False,False,False,0,False,0,0,False,False,none,1
train_ep_010126,train,False,False,False,0,False,0,0,False,False,none,1
train_ep_010127,train,False,False,False,0,False,0,0,False,False,none,1
train_ep_010128,train,False,False,False,0,False,0,0,False,False,none,1
train_ep_010129,train,False,False,False,0,False,0,0,False,False,none,1
train_ep_010130,train,False,False,False,0,False,0,0,False,False,none,1
train_ep_010131,train,False,False,False,0,False,0,0,False,False,none,1
train_ep_010132,train,False,False,False,0,False,0,0,False,False,none,1
train_ep_010133,train,False,False,False,0,False,0,0,False,False,none,1
train_ep_010134,train,False,False,False,0,False,0,0,False,False,none,1
train_ep_010135,train,False,False,False,0,True,1,1,True,True,persona_mention,1
train_ep_010136,train,False,False,False,0,False,0,0,False,False,none,1
train_ep_010137,train,False,False,False,0,False,0,0,False,False,none,1
train_ep_010138,train,False,False,False,0,False,0,0,False,False,none,1
train_ep_010139,train,False,False,False,0,False,0,0,False,False,none,1
train_ep_010140,train,False,False,False,0,False,0,0,False,False,none,1
train_ep_010141,train,False,False,False,0,True,2,2,True,True,persona_mention,1
train_ep_010142,train,False,False,False,0,False,0,0,False,False,none,1
train_ep_010143,train,False,False,False,0,False,0,0,False,False,none,1
train_ep_010144,train,False,False,False,0,False,0,0,False,False,none,1
train_ep_010145,train,False,False,False,0,False,0,0,False,False,none,1
train_ep_010146,train,False,False,False,0,False,0,0,False,False,none,1
train_ep_010147,train,True,True,False,0,True,1,9,True,True,direct_appearance,1
train_ep_010148,train,False,False,False,0,False,0,0,False,False,none,1
train_ep_010149,train,False,False,False,0,True,1,1,True,True,persona_mention,1
train_ep_010150,train,False,False,False,0,False,0,0,False,False,none,1
train_ep_010151,train,True,True,False,0,True,4,11,True,True,direct_appearance,1
train_ep_010152,train,False,False,False,0,False,0,0,False,False,none,1
train_ep_010153,train,False,False,False,0,False,0,0,False,False,none,1
train_ep_010154,train,False,False,False,0,False,0,0,False,False,none,1
train_ep_010155,train,False,False,False,0,True,1,1,True,True,persona_mention,1
train_ep_010156,train,False,False,False,0,False,0,0,False,False,none,1
train_ep_010157,train,False,False,False,0,False,0,0,False,False,none,1
train_ep_010158,train,False,False,False,0,True,1,1,True,True,persona_mention,1
train_ep_010159,train,False,False,False,0,False,0,0,False,False,none,1
train_ep_010160,train,False,False,False,0,False,0,0,False,False,none,1
train_ep_010161,train,False,False,False,0,False,0,0,False,False,none,1
train_ep_010162,train,True,True,False,0,True,2,10,True,True,direct_appearance,1
train_ep_010163,train,False,False,False,0,False,0,0,False,False,none,1
train_ep_010164,train,False,False,False,0,False,0,0,False,False,none,1
train_ep_010165,train,False,False,False,0,False,0,0,False,False,none,1
train_ep_010166,train,False,False,False,0,False,0,0,False,False,none,1
train_ep_010167,train,False,False,True,1,False,0,1,True,False,speech_mention,1
train_ep_010168,train,False,False,False,0,False,0,0,False,False,none,1
train_ep_010169,train,False,False,False,0,True,1,1,True,True,persona_mention,1
train_ep_010170,train,False,False,False,0,False,0,0,False,False,none,1
train_ep_010171,train,False,False,False,0,True,1,1,True,True,persona_mention,1
train_ep_010172,train,False,False,False,0,False,0,0,False,False,none,1
train_ep_010173,train,False,False,False,0,False,0,0,False,False,none,1
train_ep_010174,train,False,False,False,0,False,0,0,False,False,none,1
train_ep_010175,train,False,False,False,0,False,0,0,False,False,none,1
train_ep_010176,train,True,False,True,1,True,1,7,True,True,direct_appearance,1
train_ep_010177,train,False,False,False,0,False,0,0,False,False,none,1
train_ep_010178,train,False,False,False,0,True,1,1,True,True,persona_mention,1
train_ep_010179,train,False,False,False,0,False,0,0,False,False,none,1
train_ep_010180,train,False,False,True,1,False,0,1,True,False,speech_mention,1
train_ep_010181,train,False,False,False,0,False,0,0,False,False,none,1
train_ep_010182,train,False,False,False,0,False,0,0,False,False,none,1
train_ep_010183,train,False,False,False,0,False,0,0,False,False,none,1
train_ep_010184,train,False,False,False,0,True,1,1,True,True,persona_mention,1
train_ep_010185,train,False,False,False,0,False,0,0,False,False,none,1
train_ep_010186,train,True,False,True,1,True,3,9,True,True,direct_appearance,1
train_ep_010187,train,False,False,False,0,False,0,0,False,False,none,1
train_ep_010188,train,False,False,False,0,False,0,0,False,False,none,1
train_ep_010189,train,False,False,False,0,False,0,0,False,False,none,1
train_ep_010190,train,False,False,False,0,False,0,0,False,False,none,1
train_ep_010191,train,False,False,False,0,True,1,1,True,True,persona_mention,1
train_ep_010192,train,False,False,False,0,False,0,0,False,False,none,1
train_ep_010193,train,False,False,False,0,False,0,0,False,False,none,1
train_ep_010194,train,False,False,False,0,True,1,1,True,True,persona_mention,1
train_ep_010195,train,True,True,False,0,True,1,9,True,True,direct_appearance,1
train_ep_010196,train,False,False,False,0,False,0,0,False,False,none,1
train_ep_010197,train,False,False,False,0,False,0,0,False,False,none,1
train_ep_010198,train,True,True,False,0,False,0,8,True,True,direct_appearance,1
train_ep_010199,train,False,False,False,0,False,0,0,False,False,none,1
train_ep_010200,train,False,False,False,0,True,1,1,True,True,persona_mention,1
train_ep_010201,train,False,False,False,0,False,0,0,False,False,none,1
train_ep_010202,train,False,False,False,0,False,0,0,False,False,none,1
train_ep_010203,train,False,False,False,0,False,0,0,False,False,none,1
train_ep_010204,train,False,False,False,0,True,1,1,True,True,persona_mention,1
train_ep_010205,train,False,False,False,0,True,1,1,True,True,persona_mention,1
train_ep_010206,train,False,False,False,0,True,1,1,True,True,persona_mention,1
train_ep_010207,train,False,False,False,0,False,0,0,False,False,none,1
train_ep_010208,train,False,False,False,0,False,0,0,False,False,none,1
train_ep_010209,train,False,False,False,0,True,1,1,True,True,persona_mention,1
train_ep_010210,train,False,False,False,0,False,0,0,False,False,none,1
train_ep_010211,train,False,False,False,0,True,1,1,True,True,persona_mention,1
train_ep_010212,train,False,False,False,0,False,0,0,False,False,none,1
train_ep_010213,train,False,False,False,0,False,0,0,False,False,none,1
train_ep_010214,train,False,False,False,0,False,0,0,False,False,none,1
train_ep_010215,train,False,False,False,0,False,0,0,False,False,none,1
train_ep_010216,train,True,True,False,0,True,1,9,True,True,direct_appearance,1
train_ep_010217,train,False,False,False,0,False,0,0,False,False,none,1
train_ep_010218,train,False,False,False,0,True,1,1,True,True,persona_mention,1
train_ep_010219,train,False,False,False,0,False,0,0,False,False,none,1
train_ep_010220,train,False,False,False,0,False,0,0,False,False,none,1
train_ep_010221,train,False,False,False,0,False,0,0,False,False,none,1
train_ep_010222,train,False,False,False,0,True,1,1,True,True,persona_mention,1
train_ep_010223,train,True,True,True,1,True,1,10,True,True,direct_appearance,1
train_ep_010224,train,False,False,False,0,False,0,0,False,False,none,1
train_ep_010225,train,False,False,False,0,True,1,1,True,True,persona_mention,1
train_ep_010226,train,False,False,False,0,True,1,1,True,True,persona_mention,1
train_ep_010227,train,False,False,False,0,False,0,0,False,False,none,1
train_ep_010228,train,False,False,False,0,False,0,0,False,False,none,1
train_ep_010229,train,False,False,False,0,True,2,2,True,True,persona_mention,1
train_ep_010230,train,False,False,False,0,False,0,0,False,False,none,1
train_ep_010231,train,False,False,False,0,False,0,0,False,False,none,1
train_ep_010232,train,False,False,False,0,False,0,0,False,False,none,1
train_ep_010233,train,False,False,False,0,False,0,0,False,False,none,1
train_ep_010234,train,False,False,False,0,False,0,0,False,False,none,1
train_ep_010235,train,False,False,False,0,False,0,0,False,False,none,1
train_ep_010236,train,False,False,False,0,True,1,1,True,True,persona_mention,1
train_ep_010237,train,False,False,False,0,False,0,0,False,False,none,1
train_ep_010238,train,False,False,False,0,False,0,0,False,False,none,1
train_ep_010239,train,True,False,True,1,True,1,7,True,True,direct_appearance,1
train_ep_010240,train,False,False,False,0,False,0,0,False,False,none,1
train_ep_010241,train,False,False,False,0,False,0,0,False,False,none,1
train_ep_010242,train,False,False,False,0,False,0,0,False,False,none,1
train_ep_010243,train,True,True,False,0,True,1,9,True,True,direct_appearance,1
train_ep_010244,train,False,False,False,0,False,0,0,False,False,none,1
train_ep_010245,train,False,False,False,0,False,0,0,False,False,none,1
train_ep_010246,train,False,False,False,0,False,0,0,False,False,none,1
train_ep_010247,train,False,False,False,0,False,0,0,False,False,none,1
train_ep_010248,train,False,False,False,0,False,0,0,False,False,none,1
train_ep_010249,train,False,False,False,0,False,0,0,False,False,none,1
train_ep_010250,train,False,False,False,0,False,0,0,False,False,none,1
train_ep_010251,train,True,False,False,0,True,5,8,True,True,direct_appearance,1
train_ep_010252,train,False,False,False,0,False,0,0,False,False,none,1
train_ep_010253,train,False,False,False,0,False,0,0,False,False,none,1
train_ep_010254,train,False,False,False,0,False,0,0,False,False,none,1
train_ep_010255,train,True,True,False,0,True,3,11,True,True,direct_appearance,1
train_ep_010256,train,False,False,False,0,False,0,0,False,False,none,1
train_ep_010257,train,False,False,False,0,True,1,1,True,True,persona_mention,1
train_ep_010258,train,False,False,False,0,False,0,0,False,False,none,1
train_ep_010259,train,False,False,False,0,False,0,0,False,False,none,1
train_ep_010260,train,False,False,False,0,False,0,0,False,False,none,1
train_ep_010261,train,False,False,True,1,False,0,1,True,False,speech_mention,1
train_ep_010262,train,False,False,False,0,False,0,0,False,False,none,1
train_ep_010263,train,False,False,False,0,False,0,0,False,False,none,1
train_ep_010264,train,False,False,False,0,False,0,0,False,False,none,1
train_ep_010265,train,False,False,False,0,False,0,0,False,False,none,1
train_ep_010266,train,False,False,False,0,False,0,0,False,False,none,1
train_ep_010267,train,False,False,False,0,True,1,1,True,True,persona_mention,1
unseen_ep_000000,unseen,False,False,False,0,False,0,0,False,False,none,14
unseen_ep_000001,unseen,False,False,False,0,False,0,0,False,False,none,10
unseen_ep_000002,unseen,False,False,True,1,True,1,2,True,True,speech_mention,14
unseen_ep_000003,unseen,False,False,False,0,False,0,0,False,False,none,14
unseen_ep_000004,unseen,False,False,True,1,True,1,2,True,True,speech_mention,14
unseen_ep_000005,unseen,False,False,False,0,False,0,0,False,False,none,14
unseen_ep_000006,unseen,False,False,True,2,True,1,3,True,True,speech_mention,14
unseen_ep_000007,unseen,False,False,False,0,False,0,0,False,False,none,14
unseen_ep_000008,unseen,False,False,False,0,False,0,0,False,False,none,14
unseen_ep_000009,unseen,False,False,True,1,True,1,2,True,True,speech_mention,14
unseen_ep_000010,unseen,False,False,False,0,False,0,0,False,False,none,14
unseen_ep_000011,unseen,False,False,False,0,False,0,0,False,False,none,14
unseen_ep_000012,unseen,False,False,False,0,False,0,0,False,False,none,14
unseen_ep_000013,unseen,False,False,False,0,False,0,0,False,False,none,14
unseen_ep_000014,unseen,False,False,False,0,False,0,0,False,False,none,14
unseen_ep_000015,unseen,True,True,True,2,True,1,11,True,True,direct_appearance,14
unseen_ep_000016,unseen,False,False,False,0,False,0,0,False,False,none,14
unseen_ep_000017,unseen,False,False,False,0,False,0,0,False,False,none,14
unseen_ep_000018,unseen,False,False,False,0,False,0,0,False,False,none,14
unseen_ep_000019,unseen,False,False,False,0,False,0,0,False,False,none,14
unseen_ep_000020,unseen,False,False,False,0,False,0,0,False,False,none,14
unseen_ep_000021,unseen,False,False,False,0,False,0,0,False,False,none,14
unseen_ep_000022,unseen,False,False,True,7,True,2,7,True,True,speech_mention,14
unseen_ep_000023,unseen,False,False,False,0,False,0,0,False,False,none,14
unseen_ep_000024,unseen,False,False,False,0,False,0,0,False,False,none,14
unseen_ep_000025,unseen,False,False,False,0,False,0,0,False,False,none,14
unseen_ep_000026,unseen,False,False,False,0,False,0,0,False,False,none,14
unseen_ep_000027,unseen,False,False,False,0,False,0,0,False,False,none,14
unseen_ep_000028,unseen,False,False,False,0,False,0,0,False,False,none,11
unseen_ep_000029,unseen,True,True,True,2,False,0,10,True,True,direct_appearance,14
unseen_ep_000030,unseen,False,False,False,0,False,0,0,False,False,none,14
unseen_ep_000031,unseen,False,False,False,0,False,0,0,False,False,none,14
unseen_ep_000032,unseen,False,False,False,0,False,0,0,False,False,none,14
unseen_ep_000033,unseen,False,False,False,0,False,0,0,False,False,none,14
unseen_ep_000034,unseen,False,False,False,0,False,0,0,False,False,none,14
unseen_ep_000035,unseen,True,True,True,3,True,1,12,True,True,direct_appearance,8
unseen_ep_000036,unseen,False,False,False,0,False,0,0,False,False,none,2
unseen_ep_000037,unseen,False,False,True,1,True,1,2,True,True,speech_mention,14
unseen_ep_000038,unseen,False,False,False,0,False,0,0,False,False,none,14
unseen_ep_000039,unseen,False,False,False,0,False,0,0,False,False,none,14
unseen_ep_000040,unseen,False,False,False,0,False,0,0,False,False,none,14
unseen_ep_000041,unseen,False,False,False,0,False,0,0,False,False,none,14
unseen_ep_000042,unseen,False,False,False,0,True,1,1,True,True,persona_mention,14
unseen_ep_000043,unseen,False,False,False,0,False,0,0,False,False,none,14
unseen_ep_000044,unseen,False,False,False,0,False,0,0,False,False,none,14
unseen_ep_000045,unseen,False,False,True,1,True,1,2,True,True,speech_mention,14
unseen_ep_000046,unseen,False,False,False,0,False,0,0,False,False,none,14
unseen_ep_000047,unseen,True,True,False,0,False,0,8,True,True,direct_appearance,14
unseen_ep_000048,unseen,False,False,False,0,False,0,0,False,False,none,14
unseen_ep_000049,unseen,False,False,False,0,False,0,0,False,False,none,3
unseen_ep_000050,unseen,False,False,False,0,False,0,0,False,False,none,14
unseen_ep_000051,unseen,False,False,True,6,True,1,6,True,True,speech_mention,14
unseen_ep_000052,unseen,False,False,False,0,False,0,0,False,False,none,14
unseen_ep_000053,unseen,False,False,False,0,False,0,0,False,False,none,14
unseen_ep_000054,unseen,False,False,False,0,False,0,0,False,False,none,14
unseen_ep_000055,unseen,False,False,False,0,False,0,0,False,False,none,14
unseen_ep_000056,unseen,False,False,False,0,False,0,0,False,False,none,14
unseen_ep_000057,unseen,False,False,True,4,True,1,5,True,True,speech_mention,14
unseen_ep_000058,unseen,False,False,False,0,True,1,1,True,True,persona_mention,14
unseen_ep_000059,unseen,False,False,True,1,False,0,1,True,False,speech_mention,14
unseen_ep_000060,unseen,False,False,True,1,False,0,1,True,False,speech_mention,14
unseen_ep_000061,unseen,False,False,True,1,False,0,1,True,False,speech_mention,14
unseen_ep_000062,unseen,False,False,False,0,False,0,0,False,False,none,14
unseen_ep_000063,unseen,False,False,False,0,True,1,1,True,True,persona_mention,14
unseen_ep_000064,unseen,False,False,False,0,False,0,0,False,False,none,14
unseen_ep_000065,unseen,False,False,False,0,False,0,0,False,False,none,4
unseen_ep_000066,unseen,False,False,False,0,False,0,0,False,False,none,14
unseen_ep_000067,unseen,False,False,False,0,True,1,1,True,True,persona_mention,14
unseen_ep_000068,unseen,False,False,True,2,False,0,2,True,True,speech_mention,14
unseen_ep_000069,unseen,False,False,False,0,False,0,0,False,False,none,14
unseen_ep_000070,unseen,False,False,False,0,True,1,1,True,True,persona_mention,14
unseen_ep_000071,unseen,False,False,False,0,False,0,0,False,False,none,14
unseen_ep_000072,unseen,False,False,False,0,False,0,0,False,False,none,14
unseen_ep_000073,unseen,False,False,False,0,False,0,0,False,False,none,14
unseen_ep_000074,unseen,False,False,False,0,True,1,1,True,True,persona_mention,14
unseen_ep_000075,unseen,False,False,False,0,False,0,0,False,False,none,14
unseen_ep_000076,unseen,False,False,True,1,True,1,2,True,True,speech_mention,14
unseen_ep_000077,unseen,False,False,True,4,True,1,5,True,True,speech_mention,14
unseen_ep_000078,unseen,False,False,False,0,False,0,0,False,False,none,8
unseen_ep_000079,unseen,False,False,False,0,False,0,0,False,False,none,14
unseen_ep_000080,unseen,False,False,False,0,False,0,0,False,False,none,14
unseen_ep_000081,unseen,False,False,False,0,False,0,0,False,False,none,14
unseen_ep_000082,unseen,False,False,False,0,False,0,0,False,False,none,14
unseen_ep_000083,unseen,False,False,False,0,True,1,1,True,True,persona_mention,14
unseen_ep_000084,unseen,False,False,True,3,False,0,3,True,True,speech_mention,14
unseen_ep_000085,unseen,False,False,True,2,True,2,4,True,True,speech_mention,14
unseen_ep_000086,unseen,False,False,False,0,False,0,0,False,False,none,14
unseen_ep_000087,unseen,False,False,False,0,False,0,0,False,False,none,14
unseen_ep_000088,unseen,False,False,False,0,False,0,0,False,False,none,14
unseen_ep_000089,unseen,False,False,False,0,False,0,0,False,False,none,14
unseen_ep_000090,unseen,False,False,False,0,True,2,2,True,True,persona_mention,2
unseen_ep_000091,unseen,False,False,False,0,False,0,0,False,False,none,14
unseen_ep_000092,unseen,False,False,False,0,False,0,0,False,False,none,14
unseen_ep_000093,unseen,False,False,False,0,False,0,0,False,False,none,14
unseen_ep_000094,unseen,False,False,False,0,False,0,0,False,False,none,1
unseen_ep_000095,unseen,False,False,False,0,False,0,0,False,False,none,14
unseen_ep_000096,unseen,False,False,False,0,False,0,0,False,False,none,14
unseen_ep_000097,unseen,False,False,False,0,False,0,0,False,False,none,14
unseen_ep_000098,unseen,False,False,False,0,False,0,0,False,False,none,14
unseen_ep_000099,unseen,False,False,False,0,False,0,0,False,False,none,14
unseen_ep_000100,unseen,False,False,False,0,False,0,0,False,False,none,2
unseen_ep_000101,unseen,False,False,False,0,False,0,0,False,False,none,2
unseen_ep_000102,unseen,False,False,False,0,False,0,0,False,False,none,14
unseen_ep_000103,unseen,False,False,False,0,False,0,0,False,False,none,14
unseen_ep_000104,unseen,False,False,False,0,False,0,0,False,False,none,14
unseen_ep_000105,unseen,False,False,False,0,False,0,0,False,False,none,14
unseen_ep_000106,unseen,False,False,False,0,False,0,0,False,False,none,14
unseen_ep_000107,unseen,False,False,False,0,False,0,0,False,False,none,14
unseen_ep_000108,unseen,False,False,False,0,False,0,0,False,False,none,1
unseen_ep_000109,unseen,False,False,True,2,True,1,3,True,True,speech_mention,14
unseen_ep_000110,unseen,False,False,False,0,False,0,0,False,False,none,14
unseen_ep_000111,unseen,False,False,False,0,False,0,0,False,False,none,5
unseen_ep_000112,unseen,False,False,False,0,False,0,0,False,False,none,14
unseen_ep_000113,unseen,False,False,False,0,False,0,0,False,False,none,14
unseen_ep_000114,unseen,True,True,True,2,True,1,11,True,True,direct_appearance,14
unseen_ep_000115,unseen,False,False,False,0,False,0,0,False,False,none,2
unseen_ep_000116,unseen,False,False,False,0,False,0,0,False,False,none,1
unseen_ep_000117,unseen,False,False,False,0,False,0,0,False,False,none,14
unseen_ep_000118,unseen,True,True,True,2,True,1,11,True,True,direct_appearance,14
unseen_ep_000119,unseen,False,False,False,0,False,0,0,False,False,none,3
unseen_ep_000120,unseen,True,True,False,0,False,0,8,True,True,direct_appearance,14
unseen_ep_000121,unseen,False,False,False,0,False,0,0,False,False,none,14
unseen_ep_000122,unseen,False,False,False,0,False,0,0,False,False,none,10
unseen_ep_000123,unseen,False,False,False,0,False,0,0,False,False,none,14
unseen_ep_000124,unseen,False,False,False,0,False,0,0,False,False,none,14
unseen_ep_000125,unseen,False,False,False,0,False,0,0,False,False,none,14
unseen_ep_000126,unseen,False,False,False,0,False,0,0,False,False,none,14
unseen_ep_000127,unseen,False,False,False,0,False,0,0,False,False,none,1
unseen_ep_000128,unseen,False,False,False,0,False,0,0,False,False,none,14
unseen_ep_000129,unseen,False,False,False,0,True,1,1,True,True,persona_mention,14
unseen_ep_000130,unseen,False,False,False,0,False,0,0,False,False,none,14
unseen_ep_000131,unseen,False,False,False,0,False,0,0,False,False,none,11
unseen_ep_000132,unseen,False,False,False,0,False,0,0,False,False,none,14
unseen_ep_000133,unseen,False,False,False,0,False,0,0,False,False,none,14
unseen_ep_000134,unseen,False,False,False,0,False,0,0,False,False,none,14
unseen_ep_000135,unseen,True,True,True,1,True,2,11,True,True,direct_appearance,14
unseen_ep_000136,unseen,False,False,False,0,False,0,0,False,False,none,14
unseen_ep_000137,unseen,False,False,False,0,False,0,0,False,False,none,14
unseen_ep_000138,unseen,False,False,True,3,True,1,4,True,True,speech_mention,14
unseen_ep_000139,unseen,False,False,False,0,False,0,0,False,False,none,14
unseen_ep_000140,unseen,False,False,False,0,False,0,0,False,False,none,14
unseen_ep_000141,unseen,False,False,True,3,True,2,5,True,True,speech_mention,14
unseen_ep_000142,unseen,False,False,False,0,False,0,0,False,False,none,14
unseen_ep_000143,unseen,True,True,False,0,False,0,8,True,True,direct_appearance,14
unseen_ep_000144,unseen,False,False,True,2,False,0,2,True,True,speech_mention,14
unseen_ep_000145,unseen,False,False,False,0,True,1,1,True,True,persona_mention,14
unseen_ep_000146,unseen,False,False,True,2,True,1,3,True,True,speech_mention,14
unseen_ep_000147,unseen,False,False,False,0,False,0,0,False,False,none,1
unseen_ep_000148,unseen,False,False,True,3,True,1,4,True,True,speech_mention,14
unseen_ep_000149,unseen,False,False,False,0,False,0,0,False,False,none,2
unseen_ep_000150,unseen,False,False,False,0,False,0,0,False,False,none,14
unseen_ep_000151,unseen,False,False,False,0,True,1,1,True,True,persona_mention,14
unseen_ep_000152,unseen,False,False,False,0,False,0,0,False,False,none,1
unseen_ep_000153,unseen,False,False,False,0,False,0,0,False,False,none,14
unseen_ep_000154,unseen,False,False,False,0,False,0,0,False,False,none,14
unseen_ep_000155,unseen,False,False,True,1,False,0,1,True,False,speech_mention,14
unseen_ep_000156,unseen,False,False,True,1,False,0,1,True,False,speech_mention,14
unseen_ep_000157,unseen,False,False,False,0,False,0,0,False,False,none,14
unseen_ep_000158,unseen,False,False,False,0,False,0,0,False,False,none,14
unseen_ep_000159,unseen,True,True,True,3,True,1,12,True,True,direct_appearance,14
unseen_ep_000160,unseen,False,False,False,0,False,0,0,False,False,none,14
unseen_ep_000161,unseen,False,False,False,0,False,0,0,False,False,none,14
unseen_ep_000162,unseen,False,False,False,0,False,0,0,False,False,none,14
unseen_ep_000163,unseen,False,False,False,0,False,0,0,False,False,none,14
unseen_ep_000164,unseen,False,False,True,1,True,2,3,True,True,speech_mention,14
unseen_ep_000165,unseen,False,False,False,0,False,0,0,False,False,none,14
unseen_ep_000166,unseen,False,False,False,0,True,1,1,True,True,persona_mention,14
unseen_ep_000167,unseen,False,False,False,0,False,0,0,False,False,none,14
unseen_ep_000168,unseen,False,False,False,0,False,0,0,False,False,none,14
unseen_ep_000169,unseen,False,False,False,0,False,0,0,False,False,none,14
unseen_ep_000170,unseen,False,False,False,0,True,1,1,True,True,persona_mention,14
unseen_ep_000171,unseen,False,False,False,0,False,0,0,False,False,none,14
unseen_ep_000172,unseen,False,False,False,0,False,0,0,False,False,none,14
unseen_ep_000173,unseen,True,True,True,6,False,0,13,True,True,direct_appearance,14
unseen_ep_000174,unseen,False,False,False,0,False,0,0,False,False,none,14
unseen_ep_000175,unseen,False,False,False,0,False,0,0,False,False,none,14
unseen_ep_000176,unseen,False,False,False,0,False,0,0,False,False,none,14
unseen_ep_000177,unseen,False,False,True,1,False,0,1,True,False,speech_mention,14
unseen_ep_000178,unseen,True,True,True,1,True,1,10,True,True,direct_appearance,14
unseen_ep_000179,unseen,False,False,False,0,False,0,0,False,False,none,14
unseen_ep_000180,unseen,False,False,False,0,False,0,0,False,False,none,14
unseen_ep_000181,unseen,False,False,False,0,False,0,0,False,False,none,6
unseen_ep_000182,unseen,False,False,False,0,False,0,0,False,False,none,14
unseen_ep_000183,unseen,False,False,False,0,False,0,0,False,False,none,14
unseen_ep_000184,unseen,False,False,False,0,False,0,0,False,False,none,14
unseen_ep_000185,unseen,True,True,False,0,True,2,10,True,True,direct_appearance,14
unseen_ep_000186,unseen,False,False,False,0,False,0,0,False,False,none,14
unseen_ep_000187,unseen,False,False,False,0,False,0,0,False,False,none,14
unseen_ep_000188,unseen,False,False,False,0,False,0,0,False,False,none,14
unseen_ep_000189,unseen,False,False,False,0,False,0,0,False,False,none,14
unseen_ep_000190,unseen,False,False,False,0,False,0,0,False,False,none,14
unseen_ep_000191,unseen,False,False,False,0,False,0,0,False,False,none,14
unseen_ep_000192,unseen,False,False,False,0,False,0,0,False,False,none,14
unseen_ep_000193,unseen,False,False,False,0,False,0,0,False,False,none,14
unseen_ep_000194,unseen,False,False,False,0,False,0,0,False,False,none,14
unseen_ep_000195,unseen,False,False,False,0,False,0,0,False,False,none,14
unseen_ep_000196,unseen,False,False,False,0,False,0,0,False,False,none,14
unseen_ep_000197,unseen,False,False,False,0,False,0,0,False,False,none,14
unseen_ep_000198,unseen,False,False,False,0,False,0,0,False,False,none,14
unseen_ep_000199,unseen,False,False,False,0,False,0,0,False,False,none,14
unseen_ep_000200,unseen,False,False,True,1,True,1,2,True,True,speech_mention,14
unseen_ep_000201,unseen,False,False,False,0,False,0,0,False,False,none,14
unseen_ep_000202,unseen,False,False,False,0,True,1,1,True,True,persona_mention,14
unseen_ep_000203,unseen,True,True,True,2,True,1,11,True,True,direct_appearance,14
unseen_ep_000204,unseen,False,False,False,0,False,0,0,False,False,none,14
unseen_ep_000205,unseen,False,False,False,0,False,0,0,False,False,none,14
unseen_ep_000206,unseen,True,True,True,1,True,2,11,True,True,direct_appearance,14
unseen_ep_000207,unseen,False,False,False,0,False,0,0,False,False,none,14
unseen_ep_000208,unseen,False,False,False,0,False,0,0,False,False,none,14
unseen_ep_000209,unseen,False,False,False,0,False,0,0,False,False,none,14
unseen_ep_000210,unseen,False,False,True,2,True,2,4,True,True,speech_mention,13
unseen_ep_000211,unseen,False,False,False,0,False,0,0,False,False,none,14
unseen_ep_000212,unseen,False,False,False,0,False,0,0,False,False,none,14
unseen_ep_000213,unseen,False,False,True,1,False,0,1,True,False,speech_mention,14
unseen_ep_000214,unseen,False,False,False,0,True,2,2,True,True,persona_mention,1
unseen_ep_000215,unseen,True,True,True,1,False,0,9,True,True,direct_appearance,14
unseen_ep_000216,unseen,False,False,True,1,False,0,1,True,False,speech_mention,14
unseen_ep_000217,unseen,False,False,True,4,True,1,5,True,True,speech_mention,14
unseen_ep_000218,unseen,False,False,False,0,False,0,0,False,False,none,14
unseen_ep_000219,unseen,False,False,False,0,True,1,1,True,True,persona_mention,1
unseen_ep_000220,unseen,False,False,False,0,False,0,0,False,False,none,14
unseen_ep_000221,unseen,False,False,True,1,True,1,2,True,True,speech_mention,14
unseen_ep_000222,unseen,False,False,True,2,True,1,3,True,True,speech_mention,14
unseen_ep_000223,unseen,False,False,False,0,False,0,0,False,False,none,14
unseen_ep_000224,unseen,False,False,False,0,True,1,1,True,True,persona_mention,14
unseen_ep_000225,unseen,False,False,False,0,False,0,0,False,False,none,14
unseen_ep_000226,unseen,False,False,True,4,False,0,4,True,True,speech_mention,14
unseen_ep_000227,unseen,False,False,False,0,True,1,1,True,True,persona_mention,14
unseen_ep_000228,unseen,False,False,False,0,False,0,0,False,False,none,14
unseen_ep_000229,unseen,False,False,False,0,False,0,0,False,False,none,14
unseen_ep_000230,unseen,False,False,False,0,False,0,0,False,False,none,14
unseen_ep_000231,unseen,True,True,True,1,True,1,10,True,True,direct_appearance,14
unseen_ep_000232,unseen,False,False,False,0,False,0,0,False,False,none,13
unseen_ep_000233,unseen,False,False,False,0,False,0,0,False,False,none,14
unseen_ep_000234,unseen,False,False,True,1,False,0,1,True,False,speech_mention,14
unseen_ep_000235,unseen,False,False,False,0,False,0,0,False,False,none,14
unseen_ep_000236,unseen,False,False,False,0,True,1,1,True,True,persona_mention,14
unseen_ep_000237,unseen,False,False,False,0,False,0,0,False,False,none,14
unseen_ep_000238,unseen,False,False,False,0,False,0,0,False,False,none,14
unseen_ep_000239,unseen,False,False,False,0,False,0,0,False,False,none,14
unseen_ep_000240,unseen,False,False,False,0,False,0,0,False,False,none,14
unseen_ep_000241,unseen,False,False,False,0,False,0,0,False,False,none,14
unseen_ep_000242,unseen,False,False,False,0,False,0,0,False,False,none,14
unseen_ep_000243,unseen,False,False,False,0,False,0,0,False,False,none,14
unseen_ep_000244,unseen,False,False,True,4,False,0,4,True,True,speech_mention,14
unseen_ep_000245,unseen,False,False,True,1,False,0,1,True,False,speech_mention,14
unseen_ep_000246,unseen,False,False,False,0,False,0,0,False,False,none,14
unseen_ep_000247,unseen,False,False,False,0,False,0,0,False,False,none,14
unseen_ep_000248,unseen,False,False,False,0,False,0,0,False,False,none,14
unseen_ep_000249,unseen,False,False,False,0,False,0,0,False,False,none,14
unseen_ep_000250,unseen,True,True,True,3,True,1,12,True,True,direct_appearance,14
unseen_ep_000251,unseen,False,False,False,0,False,0,0,False,False,none,14
unseen_ep_000252,unseen,False,False,False,0,False,0,0,False,False,none,14
unseen_ep_000253,unseen,False,False,False,0,False,0,0,False,False,none,14
unseen_ep_000254,unseen,False,False,False,0,False,0,0,False,False,none,14
unseen_ep_000255,unseen,False,False,True,1,False,0,1,True,False,speech_mention,14
unseen_ep_000256,unseen,False,False,False,0,False,0,0,False,False,none,14
unseen_ep_000257,unseen,False,False,False,0,True,1,1,True,True,persona_mention,14
unseen_ep_000258,unseen,False,False,False,0,False,0,0,False,False,none,14
unseen_ep_000259,unseen,False,False,False,0,False,0,0,False,False,none,14
unseen_ep_000260,unseen,False,False,False,0,False,0,0,False,False,none,14
unseen_ep_000261,unseen,False,False,True,3,False,0,3,True,True,speech_mention,14
unseen_ep_000262,unseen,False,False,False,0,False,0,0,False,False,none,14
unseen_ep_000263,unseen,True,True,True,1,True,1,10,True,True,direct_appearance,14
unseen_ep_000264,unseen,False,False,False,0,False,0,0,False,False,none,14
unseen_ep_000265,unseen,False,False,False,0,False,0,0,False,False,none,14
unseen_ep_000266,unseen,False,False,False,0,False,0,0,False,False,none,5
unseen_ep_000267,unseen,False,False,False,0,False,0,0,False,False,none,14
unseen_ep_000268,unseen,False,False,False,0,True,1,1,True,True,persona_mention,1
unseen_ep_000269,unseen,False,False,False,0,False,0,0,False,False,none,14
unseen_ep_000270,unseen,False,False,False,0,True,1,1,True,True,persona_mention,14
unseen_ep_000271,unseen,False,False,False,0,False,0,0,False,False,none,1
unseen_ep_000272,unseen,False,False,False,0,False,0,0,False,False,none,14
unseen_ep_000273,unseen,False,False,False,0,True,1,1,True,True,persona_mention,14
unseen_ep_000274,unseen,False,False,False,0,False,0,0,False,False,none,14
unseen_ep_000275,unseen,False,False,False,0,False,0,0,False,False,none,14
unseen_ep_000276,unseen,False,False,False,0,False,0,0,False,False,none,13
unseen_ep_000277,unseen,True,True,True,2,True,2,12,True,True,direct_appearance,14
unseen_ep_000278,unseen,False,False,False,0,False,0,0,False,False,none,14
unseen_ep_000279,unseen,False,False,False,0,False,0,0,False,False,none,14
unseen_ep_000280,unseen,False,False,True,1,False,0,1,True,False,speech_mention,14
unseen_ep_000281,unseen,False,False,False,0,False,0,0,False,False,none,14
unseen_ep_000282,unseen,False,False,False,0,True,1,1,True,True,persona_mention,14
unseen_ep_000283,unseen,False,False,False,0,False,0,0,False,False,none,14
unseen_ep_000284,unseen,False,False,False,0,False,0,0,False,False,none,14
unseen_ep_000285,unseen,False,False,False,0,False,0,0,False,False,none,14
unseen_ep_000286,unseen,False,False,False,0,True,1,1,True,True,persona_mention,1
unseen_ep_000287,unseen,False,False,False,0,False,0,0,False,False,none,1
unseen_ep_000288,unseen,False,False,False,0,False,0,0,False,False,none,14
unseen_ep_000289,unseen,False,False,True,2,False,0,2,True,True,speech_mention,14
unseen_ep_000290,unseen,False,False,False,0,False,0,0,False,False,none,14
unseen_ep_000291,unseen,False,False,True,3,True,1,4,True,True,speech_mention,14
unseen_ep_000292,unseen,False,False,False,0,False,0,0,False,False,none,14
unseen_ep_000293,unseen,False,False,False,0,False,0,0,False,False,none,14
unseen_ep_000294,unseen,False,False,False,0,False,0,0,False,False,none,14
unseen_ep_000295,unseen,False,False,False,0,True,1,1,True,True,persona_mention,14
unseen_ep_000296,unseen,False,False,False,0,False,0,0,False,False,none,14
unseen_ep_000297,unseen,False,False,False,0,False,0,0,False,False,none,14
unseen_ep_000298,unseen,False,False,False,0,False,0,0,False,False,none,14
unseen_ep_000299,unseen,False,False,True,2,True,1,3,True,True,speech_mention,14
unseen_ep_000300,unseen,False,False,False,0,False,0,0,False,False,none,14
unseen_ep_000301,unseen,False,False,False,0,False,0,0,False,False,none,14
unseen_ep_000302,unseen,False,False,False,0,False,0,0,False,False,none,14
unseen_ep_000303,unseen,True,True,False,0,True,1,9,True,True,direct_appearance,14
unseen_ep_000304,unseen,False,False,False,0,False,0,0,False,False,none,14
unseen_ep_000305,unseen,False,False,False,0,False,0,0,False,False,none,14
unseen_ep_000306,unseen,False,False,False,0,False,0,0,False,False,none,14
unseen_ep_000307,unseen,False,False,False,0,False,0,0,False,False,none,1
unseen_ep_000308,unseen,False,False,False,0,False,0,0,False,False,none,14
unseen_ep_000309,unseen,False,False,False,0,False,0,0,False,False,none,14
unseen_ep_000310,unseen,False,False,False,0,False,0,0,False,False,none,14
unseen_ep_000311,unseen,False,False,False,0,False,0,0,False,False,none,14
unseen_ep_000312,unseen,False,False,False,0,False,0,0,False,False,none,14
unseen_ep_000313,unseen,False,False,False,0,False,0,0,False,False,none,14
unseen_ep_000314,unseen,False,False,False,0,False,0,0,False,False,none,14
unseen_ep_000315,unseen,False,False,False,0,False,0,0,False,False,none,14
unseen_ep_000316,unseen,False,False,False,0,False,0,0,False,False,none,14
unseen_ep_000317,unseen,False,False,False,0,False,0,0,False,False,none,14
unseen_ep_000318,unseen,False,False,False,0,False,0,0,False,False,none,14
unseen_ep_000319,unseen,False,False,False,0,True,1,1,True,True,persona_mention,14
unseen_ep_000320,unseen,False,False,False,0,False,0,0,False,False,none,14
unseen_ep_000321,unseen,False,False,False,0,False,0,0,False,False,none,14
unseen_ep_000322,unseen,False,False,False,0,False,0,0,False,False,none,1
unseen_ep_000323,unseen,True,True,True,5,True,1,14,True,True,direct_appearance,14
unseen_ep_000324,unseen,False,False,False,0,False,0,0,False,False,none,14
unseen_ep_000325,unseen,False,False,False,0,False,0,0,False,False,none,14
unseen_ep_000326,unseen,False,False,False,0,False,0,0,False,False,none,14
unseen_ep_000327,unseen,False,False,False,0,False,0,0,False,False,none,14
unseen_ep_000328,unseen,False,False,False,0,False,0,0,False,False,none,14
unseen_ep_000329,unseen,False,False,False,0,False,0,0,False,False,none,14
unseen_ep_000330,unseen,True,True,True,2,True,2,12,True,True,direct_appearance,14
unseen_ep_000331,unseen,False,False,False,0,False,0,0,False,False,none,14
unseen_ep_000332,unseen,False,False,False,0,False,0,0,False,False,none,14
unseen_ep_000333,unseen,False,False,False,0,False,0,0,False,False,none,14
unseen_ep_000334,unseen,False,False,False,0,False,0,0,False,False,none,14
unseen_ep_000335,unseen,True,True,True,2,False,0,10,True,True,direct_appearance,14
unseen_ep_000336,unseen,True,True,True,4,True,1,13,True,True,direct_appearance,14
unseen_ep_000337,unseen,False,False,False,0,False,0,0,False,False,none,14
unseen_ep_000338,unseen,False,False,False,0,False,0,0,False,False,none,14
unseen_ep_000339,unseen,False,False,False,0,False,0,0,False,False,none,14
unseen_ep_000340,unseen,False,False,False,0,False,0,0,False,False,none,14
unseen_ep_000341,unseen,False,False,False,0,False,0,0,False,False,none,14
unseen_ep_000342,unseen,False,False,False,0,False,0,0,False,False,none,14
unseen_ep_000343,unseen,False,False,False,0,False,0,0,False,False,none,1
unseen_ep_000344,unseen,False,False,True,1,True,1,2,True,True,speech_mention,14
unseen_ep_000345,unseen,False,False,False,0,False,0,0,False,False,none,14
unseen_ep_000346,unseen,False,False,True,1,True,1,2,True,True,speech_mention,14
unseen_ep_000347,unseen,False,False,False,0,True,1,1,True,True,persona_mention,1
unseen_ep_000348,unseen,False,False,False,0,True,1,1,True,True,persona_mention,14
unseen_ep_000349,unseen,False,False,False,0,False,0,0,False,False,none,14
unseen_ep_000350,unseen,False,False,False,0,False,0,0,False,False,none,14
unseen_ep_000351,unseen,True,True,True,2,True,2,12,True,True,direct_appearance,14
unseen_ep_000352,unseen,False,False,False,0,False,0,0,False,False,none,14
unseen_ep_000353,unseen,False,False,True,3,False,0,3,True,True,speech_mention,14
unseen_ep_000354,unseen,False,False,False,0,False,0,0,False,False,none,14
unseen_ep_000355,unseen,False,False,True,2,True,2,4,True,True,speech_mention,14
unseen_ep_000356,unseen,False,False,False,0,False,0,0,False,False,none,14
unseen_ep_000357,unseen,False,False,False,0,False,0,0,False,False,none,14
unseen_ep_000358,unseen,False,False,False,0,False,0,0,False,False,none,14
unseen_ep_000359,unseen,False,False,False,0,False,0,0,False,False,none,14
unseen_ep_000360,unseen,False,False,False,0,False,0,0,False,False,none,14
unseen_ep_000361,unseen,False,False,False,0,False,0,0,False,False,none,14
unseen_ep_000362,unseen,False,False,False,0,True,1,1,True,True,persona_mention,14
unseen_ep_000363,unseen,False,False,False,0,False,0,0,False,False,none,14
unseen_ep_000364,unseen,False,False,False,0,True,1,1,True,True,persona_mention,14
unseen_ep_000365,unseen,False,False,False,0,False,0,0,False,False,none,14
unseen_ep_000366,unseen,False,False,False,0,False,0,0,False,False,none,14
unseen_ep_000367,unseen,False,False,False,0,False,0,0,False,False,none,14
unseen_ep_000368,unseen,False,False,False,0,True,1,1,True,True,persona_mention,1
unseen_ep_000369,unseen,False,False,False,0,False,0,0,False,False,none,14
unseen_ep_000370,unseen,False,False,False,0,False,0,0,False,False,none,14
unseen_ep_000371,unseen,False,False,True,1,False,0,1,True,False,speech_mention,14
unseen_ep_000372,unseen,False,False,True,1,True,1,2,True,True,speech_mention,14
unseen_ep_000373,unseen,False,False,False,0,False,0,0,False,False,none,14
unseen_ep_000374,unseen,False,False,False,0,False,0,0,False,False,none,14
unseen_ep_000375,unseen,False,False,False,0,False,0,0,False,False,none,7
unseen_ep_000376,unseen,True,True,True,2,True,1,11,True,True,direct_appearance,14
unseen_ep_000377,unseen,False,False,False,0,False,0,0,False,False,none,14
unseen_ep_000378,unseen,False,False,False,0,False,0,0,False,False,none,14
unseen_ep_000379,unseen,False,False,False,0,False,0,0,False,False,none,14
unseen_ep_000380,unseen,False,False,False,0,False,0,0,False,False,none,14
unseen_ep_000381,unseen,False,False,False,0,False,0,0,False,False,none,14
unseen_ep_000382,unseen,False,False,False,0,False,0,0,False,False,none,14
unseen_ep_000383,unseen,False,False,False,0,False,0,0,False,False,none,14
unseen_ep_000384,unseen,False,False,False,0,False,0,0,False,False,none,14
unseen_ep_000385,unseen,False,False,True,1,False,0,1,True,False,speech_mention,14
unseen_ep_000386,unseen,False,False,False,0,False,0,0,False,False,none,14
unseen_ep_000387,unseen,False,False,False,0,False,0,0,False,False,none,14
unseen_ep_000388,unseen,False,False,False,0,False,0,0,False,False,none,14
unseen_ep_000389,unseen,False,False,False,0,False,0,0,False,False,none,14
unseen_ep_000390,unseen,False,False,False,0,False,0,0,False,False,none,1
unseen_ep_000391,unseen,False,False,True,4,True,1,5,True,True,speech_mention,14
unseen_ep_000392,unseen,False,False,True,1,False,0,1,True,False,speech_mention,1
unseen_ep_000393,unseen,False,False,False,0,False,0,0,False,False,none,14
unseen_ep_000394,unseen,False,False,False,0,False,0,0,False,False,none,14
unseen_ep_000395,unseen,False,False,False,0,False,0,0,False,False,none,14
unseen_ep_000396,unseen,False,False,False,0,False,0,0,False,False,none,14
unseen_ep_000397,unseen,True,True,False,0,True,1,9,True,True,direct_appearance,14
unseen_ep_000398,unseen,False,False,False,0,False,0,0,False,False,none,14
unseen_ep_000399,unseen,False,False,True,5,False,0,5,True,True,speech_mention,14
unseen_ep_000400,unseen,False,False,False,0,False,0,0,False,False,none,14
unseen_ep_000401,unseen,False,False,True,2,False,0,2,True,True,speech_mention,14
unseen_ep_000402,unseen,True,True,True,2,True,1,11,True,True,direct_appearance,14
unseen_ep_000403,unseen,False,False,False,0,False,0,0,False,False,none,1
unseen_ep_000404,unseen,False,False,False,0,False,0,0,False,False,none,14
unseen_ep_000405,unseen,False,False,False,0,False,0,0,False,False,none,14
unseen_ep_000406,unseen,False,False,False,0,False,0,0,False,False,none,14
unseen_ep_000407,unseen,False,False,False,0,True,1,1,True,True,persona_mention,14
unseen_ep_000408,unseen,True,True,True,5,True,1,14,True,True,direct_appearance,14
unseen_ep_000409,unseen,False,False,True,1,False,0,1,True,False,speech_mention,14
unseen_ep_000410,unseen,False,False,True,1,True,1,2,True,True,speech_mention,14
unseen_ep_000411,unseen,False,False,False,0,False,0,0,False,False,none,14
unseen_ep_000412,unseen,False,False,False,0,True,1,1,True,True,persona_mention,14
unseen_ep_000413,unseen,False,False,False,0,False,0,0,False,False,none,1
unseen_ep_000414,unseen,False,False,False,0,False,0,0,False,False,none,14
unseen_ep_000415,unseen,False,False,False,0,False,0,0,False,False,none,14
unseen_ep_000416,unseen,False,False,False,0,False,0,0,False,False,none,14
unseen_ep_000417,unseen,False,False,False,0,False,0,0,False,False,none,14
unseen_ep_000418,unseen,False,False,False,0,False,0,0,False,False,none,14
unseen_ep_000419,unseen,False,False,False,0,True,1,1,True,True,persona_mention,1
unseen_ep_000420,unseen,False,False,False,0,False,0,0,False,False,none,1
unseen_ep_000421,unseen,False,False,False,0,False,0,0,False,False,none,14
unseen_ep_000422,unseen,False,False,True,3,False,0,3,True,True,speech_mention,14
unseen_ep_000423,unseen,False,False,False,0,False,0,0,False,False,none,14
unseen_ep_000424,unseen,False,False,True,8,True,2,7,True,True,speech_mention,14
unseen_ep_000425,unseen,False,False,False,0,False,0,0,False,False,none,14
unseen_ep_000426,unseen,False,False,False,0,True,1,1,True,True,persona_mention,14
unseen_ep_000427,unseen,False,False,True,1,True,1,2,True,True,speech_mention,14
unseen_ep_000428,unseen,False,False,False,0,False,0,0,False,False,none,14
unseen_ep_000429,unseen,False,False,False,0,False,0,0,False,False,none,14
unseen_ep_000430,unseen,False,False,False,0,False,0,0,False,False,none,3
unseen_ep_000431,unseen,False,False,True,1,False,0,1,True,False,speech_mention,14
unseen_ep_000432,unseen,False,False,True,3,True,1,4,True,True,speech_mention,14
unseen_ep_000433,unseen,False,False,False,0,False,0,0,False,False,none,14
unseen_ep_000434,unseen,False,False,False,0,False,0,0,False,False,none,14
unseen_ep_000435,unseen,False,False,False,0,False,0,0,False,False,none,14
unseen_ep_000436,unseen,False,False,False,0,False,0,0,False,False,none,1
unseen_ep_000437,unseen,False,False,True,1,True,1,2,True,True,speech_mention,14
unseen_ep_000438,unseen,False,False,False,0,False,0,0,False,False,none,14
unseen_ep_000439,unseen,False,False,False,0,False,0,0,False,False,none,14
unseen_ep_000440,unseen,False,False,False,0,False,0,0,False,False,none,14
unseen_ep_000441,unseen,False,False,False,0,False,0,0,False,False,none,14
unseen_ep_000442,unseen,False,False,False,0,True,1,1,True,True,persona_mention,14
unseen_ep_000443,unseen,False,False,False,0,False,0,0,False,False,none,14
unseen_ep_000444,unseen,False,False,False,0,False,0,0,False,False,none,14
unseen_ep_000445,unseen,True,True,False,0,True,1,9,True,True,direct_appearance,14
unseen_ep_000446,unseen,False,False,False,0,False,0,0,False,False,none,14
unseen_ep_000447,unseen,False,False,False,0,False,0,0,False,False,none,14
unseen_ep_000448,unseen,False,False,False,0,False,0,0,False,False,none,14
unseen_ep_000449,unseen,False,False,False,0,False,0,0,False,False,none,14
unseen_ep_000450,unseen,False,False,False,0,False,0,0,False,False,none,14
unseen_ep_000451,unseen,False,False,False,0,False,0,0,False,False,none,14
unseen_ep_000452,unseen,False,False,False,0,False,0,0,False,False,none,14
unseen_ep_000453,unseen,False,False,False,0,False,0,0,False,False,none,14
unseen_ep_000454,unseen,False,False,False,0,True,1,1,True,True,persona_mention,14
unseen_ep_000455,unseen,False,False,False,0,False,0,0,False,False,none,14
unseen_ep_000456,unseen,False,False,False,0,False,0,0,False,False,none,1
unseen_ep_000457,unseen,False,False,False,0,False,0,0,False,False,none,14
unseen_ep_000458,unseen,False,False,False,0,False,0,0,False,False,none,14
unseen_ep_000459,unseen,True,True,True,1,False,0,9,True,True,direct_appearance,14
unseen_ep_000460,unseen,False,False,True,2,False,0,2,True,True,speech_mention,14
unseen_ep_000461,unseen,False,False,True,1,True,1,2,True,True,speech_mention,14
unseen_ep_000462,unseen,False,False,False,0,False,0,0,False,False,none,14
unseen_ep_000463,unseen,False,False,False,0,False,0,0,False,False,none,14
unseen_ep_000464,unseen,False,False,False,0,False,0,0,False,False,none,14
unseen_ep_000465,unseen,True,True,True,3,True,1,12,True,True,direct_appearance,14
unseen_ep_000466,unseen,False,False,True,2,True,1,3,True,True,speech_mention,14
unseen_ep_000467,unseen,False,False,False,0,False,0,0,False,False,none,14
unseen_ep_000468,unseen,False,False,False,0,False,0,0,False,False,none,14
unseen_ep_000469,unseen,False,False,False,0,False,0,0,False,False,none,14
unseen_ep_000470,unseen,False,False,False,0,False,0,0,False,False,none,1
unseen_ep_000471,unseen,False,False,False,0,False,0,0,False,False,none,14
unseen_ep_000472,unseen,True,True,True,3,True,2,13,True,True,direct_appearance,14
unseen_ep_000473,unseen,False,False,False,0,False,0,0,False,False,none,14
unseen_ep_000474,unseen,False,False,False,0,False,0,0,False,False,none,14
unseen_ep_000475,unseen,False,False,False,0,False,0,0,False,False,none,14
unseen_ep_000476,unseen,False,False,False,0,False,0,0,False,False,none,14
unseen_ep_000477,unseen,True,False,False,0,False,0,5,True,True,direct_appearance,1
unseen_ep_000478,unseen,False,False,False,0,False,0,0,False,False,none,14
unseen_ep_000479,unseen,True,True,False,0,True,1,9,True,True,direct_appearance,14
unseen_ep_000480,unseen,False,False,False,0,False,0,0,False,False,none,14
unseen_ep_000481,unseen,False,False,False,0,True,1,1,True,True,persona_mention,14
unseen_ep_000482,unseen,False,False,False,0,False,0,0,False,False,none,14
unseen_ep_000483,unseen,False,False,True,1,True,1,2,True,True,speech_mention,14
unseen_ep_000484,unseen,False,False,False,0,False,0,0,False,False,none,14
unseen_ep_000485,unseen,False,False,False,0,False,0,0,False,False,none,14
unseen_ep_000486,unseen,False,False,False,0,False,0,0,False,False,none,14
unseen_ep_000487,unseen,False,False,False,0,False,0,0,False,False,none,14
unseen_ep_000488,unseen,False,False,True,2,True,1,3,True,True,speech_mention,14
unseen_ep_000489,unseen,False,False,False,0,False,0,0,False,False,none,14
unseen_ep_000490,unseen,True,True,True,3,True,1,12,True,True,direct_appearance,14
unseen_ep_000491,unseen,False,False,False,0,False,0,0,False,False,none,14
unseen_ep_000492,unseen,False,False,True,3,True,1,4,True,True,speech_mention,14
unseen_ep_000493,unseen,True,True,True,2,True,1,11,True,True,direct_appearance,14
unseen_ep_000494,unseen,False,False,False,0,False,0,0,False,False,none,14
unseen_ep_000495,unseen,False,False,False,0,False,0,0,False,False,none,14
unseen_ep_000496,unseen,False,False,False,0,False,0,0,False,False,none,14
unseen_ep_000497,unseen,False,False,True,3,True,1,4,True,True,speech_mention,14
unseen_ep_000498,unseen,False,False,False,0,False,0,0,False,False,none,14
unseen_ep_000499,unseen,False,False,False,0,False,0,0,False,False,none,14
unseen_ep_000500,unseen,False,False,False,0,True,1,1,True,True,persona_mention,14
unseen_ep_000501,unseen,False,False,True,1,False,0,1,True,False,speech_mention,14
unseen_ep_000502,unseen,False,False,False,0,False,0,0,False,False,none,14
unseen_ep_000503,unseen,False,False,False,0,False,0,0,False,False,none,14
unseen_ep_000504,unseen,False,False,True,1,False,0,1,True,False,speech_mention,14
unseen_ep_000505,unseen,False,False,False,0,False,0,0,False,False,none,14
unseen_ep_000506,unseen,False,False,False,0,False,0,0,False,False,none,4
unseen_ep_000507,unseen,False,False,True,1,False,0,1,True,False,speech_mention,14
unseen_ep_000508,unseen,False,False,True,1,True,1,2,True,True,speech_mention,14
unseen_ep_000509,unseen,False,False,False,0,False,0,0,False,False,none,14
unseen_ep_000510,unseen,False,False,False,0,False,0,0,False,False,none,14
unseen_ep_000511,unseen,False,False,False,0,False,0,0,False,False,none,14
unseen_ep_000512,unseen,False,False,True,2,True,1,3,True,True,speech_mention,14
unseen_ep_000513,unseen,False,False,False,0,False,0,0,False,False,none,14
unseen_ep_000514,unseen,False,False,False,0,False,0,0,False,False,none,14
unseen_ep_000515,unseen,True,True,True,1,True,1,10,True,True,direct_appearance,3
unseen_ep_000516,unseen,False,False,False,0,False,0,0,False,False,none,14
unseen_ep_000517,unseen,False,False,False,0,False,0,0,False,False,none,14
unseen_ep_000518,unseen,False,False,True,1,True,2,3,True,True,speech_mention,14
unseen_ep_000519,unseen,False,False,False,0,False,0,0,False,False,none,14
unseen_ep_000520,unseen,False,False,False,0,False,0,0,False,False,none,10
unseen_ep_000521,unseen,False,False,False,0,False,0,0,False,False,none,6
unseen_ep_000522,unseen,False,False,False,0,False,0,0,False,False,none,14
unseen_ep_000523,unseen,False,False,False,0,False,0,0,False,False,none,14
unseen_ep_000524,unseen,False,False,False,0,False,0,0,False,False,none,14
unseen_ep_000525,unseen,False,False,False,0,False,0,0,False,False,none,14
unseen_ep_000526,unseen,False,False,False,0,False,0,0,False,False,none,14
unseen_ep_000527,unseen,False,False,False,0,False,0,0,False,False,none,14
unseen_ep_000528,unseen,False,False,False,0,False,0,0,False,False,none,14
unseen_ep_000529,unseen,False,False,False,0,False,0,0,False,False,none,14
unseen_ep_000530,unseen,False,False,False,0,False,0,0,False,False,none,14
unseen_ep_000531,unseen,False,False,False,0,False,0,0,False,False,none,14
unseen_ep_000532,unseen,False,False,False,0,False,0,0,False,False,none,14
unseen_ep_000533,unseen,False,False,True,1,False,0,1,True,False,speech_mention,14
unseen_ep_000534,unseen,True,True,False,0,True,1,9,True,True,direct_appearance,14
unseen_ep_000535,unseen,False,False,True,2,False,0,2,True,True,speech_mention,14
unseen_ep_000536,unseen,False,False,False,0,False,0,0,False,False,none,14
unseen_ep_000537,unseen,False,False,True,1,False,0,1,True,False,speech_mention,14
unseen_ep_000538,unseen,False,False,False,0,False,0,0,False,False,none,14
unseen_ep_000539,unseen,False,False,False,0,False,0,0,False,False,none,14
unseen_ep_000540,unseen,False,False,True,2,False,0,2,True,True,speech_mention,14
unseen_ep_000541,unseen,True,True,False,0,True,2,10,True,True,direct_appearance,14
unseen_ep_000542,unseen,False,False,False,0,False,0,0,False,False,none,14
unseen_ep_000543,unseen,False,False,False,0,False,0,0,False,False,none,14
unseen_ep_000544,unseen,False,False,False,0,False,0,0,False,False,none,14
unseen_ep_000545,unseen,False,False,False,0,False,0,0,False,False,none,1
unseen_ep_000546,unseen,True,True,True,1,False,0,9,True,True,direct_appearance,14
unseen_ep_000547,unseen,True,True,False,0,True,1,9,True,True,direct_appearance,14
unseen_ep_000548,unseen,False,False,False,0,False,0,0,False,False,none,14
unseen_ep_000549,unseen,False,False,False,0,False,0,0,False,False,none,14
unseen_ep_000550,unseen,False,False,False,0,False,0,0,False,False,none,14
unseen_ep_000551,unseen,False,False,False,0,False,0,0,False,False,none,14
unseen_ep_000552,unseen,False,False,False,0,False,0,0,False,False,none,14
unseen_ep_000553,unseen,False,False,True,1,False,0,1,True,False,speech_mention,14
unseen_ep_000554,unseen,False,False,False,0,False,0,0,False,False,none,14
unseen_ep_000555,unseen,False,False,False,0,False,0,0,False,False,none,8
unseen_ep_000556,unseen,False,False,False,0,False,0,0,False,False,none,8
unseen_ep_000557,unseen,False,False,False,0,True,1,1,True,True,persona_mention,14
unseen_ep_000558,unseen,False,False,True,1,False,0,1,True,False,speech_mention,1
unseen_ep_000559,unseen,True,True,True,4,True,1,13,True,True,direct_appearance,14
unseen_ep_000560,unseen,False,False,False,0,False,0,0,False,False,none,14
unseen_ep_000561,unseen,False,False,False,0,False,0,0,False,False,none,14
unseen_ep_000562,unseen,True,True,False,0,True,2,10,True,True,direct_appearance,12
unseen_ep_000563,unseen,False,False,False,0,False,0,0,False,False,none,14
unseen_ep_000564,unseen,False,False,False,0,False,0,0,False,False,none,14
unseen_ep_000565,unseen,False,False,False,0,False,0,0,False,False,none,14
unseen_ep_000566,unseen,False,False,False,0,True,1,1,True,True,persona_mention,14
unseen_ep_000567,unseen,False,False,False,0,False,0,0,False,False,none,14
unseen_ep_000568,unseen,False,False,False,0,False,0,0,False,False,none,14
unseen_ep_000569,unseen,False,False,False,0,True,1,1,True,True,persona_mention,14
unseen_ep_000570,unseen,False,False,False,0,False,0,0,False,False,none,14
unseen_ep_000571,unseen,False,False,True,1,False,0,1,True,False,speech_mention,14
unseen_ep_000572,unseen,False,False,False,0,False,0,0,False,False,none,11
unseen_ep_000573,unseen,False,False,False,0,False,0,0,False,False,none,14
unseen_ep_000574,unseen,False,False,True,2,True,1,3,True,True,speech_mention,14
unseen_ep_000575,unseen,False,False,True,1,False,0,1,True,False,speech_mention,14
unseen_ep_000576,unseen,False,False,True,1,True,1,2,True,True,speech_mention,14
unseen_ep_000577,unseen,False,False,False,0,False,0,0,False,False,none,14
unseen_ep_000578,unseen,False,False,False,0,False,0,0,False,False,none,14
unseen_ep_000579,unseen,False,False,True,1,True,1,2,True,True,speech_mention,14
unseen_ep_000580,unseen,False,False,False,0,False,0,0,False,False,none,14
unseen_ep_000581,unseen,False,False,False,0,False,0,0,False,False,none,14
unseen_ep_000582,unseen,False,False,True,1,False,0,1,True,False,speech_mention,14
unseen_ep_000583,unseen,False,False,True,1,True,1,2,True,True,speech_mention,14
unseen_ep_000584,unseen,False,False,True,1,False,0,1,True,False,speech_mention,14
unseen_ep_000585,unseen,False,False,False,0,False,0,0,False,False,none,14
unseen_ep_000586,unseen,False,False,False,0,False,0,0,False,False,none,14
unseen_ep_000587,unseen,False,False,False,0,False,0,0,False,False,none,14
unseen_ep_000588,unseen,True,True,False,0,True,1,9,True,True,direct_appearance,14
unseen_ep_000589,unseen,False,False,False,0,False,0,0,False,False,none,14
unseen_ep_000590,unseen,False,False,False,0,False,0,0,False,False,none,14
unseen_ep_000591,unseen,False,False,False,0,False,0,0,False,False,none,14
unseen_ep_000592,unseen,False,False,False,0,True,1,1,True,True,persona_mention,14
unseen_ep_000593,unseen,False,False,False,0,False,0,0,False,False,none,14
unseen_ep_000594,unseen,False,False,False,0,False,0,0,False,False,none,7
unseen_ep_000595,unseen,False,False,True,4,True,1,5,True,True,speech_mention,11
unseen_ep_000596,unseen,False,False,False,0,False,0,0,False,False,none,14
unseen_ep_000597,unseen,False,False,False,0,False,0,0,False,False,none,14
unseen_ep_000598,unseen,False,False,False,0,False,0,0,False,False,none,14
unseen_ep_000599,unseen,False,False,False,0,False,0,0,False,False,none,14
unseen_ep_000600,unseen,False,False,False,0,False,0,0,False,False,none,14
unseen_ep_000601,unseen,False,False,False,0,False,0,0,False,False,none,14
unseen_ep_000602,unseen,False,False,False,0,False,0,0,False,False,none,14
unseen_ep_000603,unseen,False,False,False,0,False,0,0,False,False,none,14
unseen_ep_000604,unseen,False,False,False,0,False,0,0,False,False,none,14
unseen_ep_000605,unseen,False,False,False,0,False,0,0,False,False,none,14
unseen_ep_000606,unseen,True,True,True,1,True,1,10,True,True,direct_appearance,14
unseen_ep_000607,unseen,False,False,False,0,False,0,0,False,False,none,14
unseen_ep_000608,unseen,False,False,False,0,False,0,0,False,False,none,14
unseen_ep_000609,unseen,False,False,False,0,False,0,0,False,False,none,14
unseen_ep_000610,unseen,False,False,False,0,False,0,0,False,False,none,14
unseen_ep_000611,unseen,False,False,False,0,False,0,0,False,False,none,14
unseen_ep_000612,unseen,True,True,True,2,True,1,11,True,True,direct_appearance,14
unseen_ep_000613,unseen,False,False,False,0,False,0,0,False,False,none,14
unseen_ep_000614,unseen,False,False,False,0,False,0,0,False,False,none,14
unseen_ep_000615,unseen,False,False,False,0,False,0,0,False,False,none,14
unseen_ep_000616,unseen,False,False,False,0,False,0,0,False,False,none,14
unseen_ep_000617,unseen,False,False,False,0,True,1,1,True,True,persona_mention,14
unseen_ep_000618,unseen,False,False,False,0,False,0,0,False,False,none,14
unseen_ep_000619,unseen,False,False,False,0,False,0,0,False,False,none,14
unseen_ep_000620,unseen,False,False,True,2,True,1,3,True,True,speech_mention,14
unseen_ep_000621,unseen,False,False,False,0,False,0,0,False,False,none,14
unseen_ep_000622,unseen,False,False,False,0,False,0,0,False,False,none,14
unseen_ep_000623,unseen,False,False,False,0,False,0,0,False,False,none,14
unseen_ep_000624,unseen,False,False,False,0,False,0,0,False,False,none,14
unseen_ep_000625,unseen,False,False,False,0,False,0,0,False,False,none,14
unseen_ep_000626,unseen,False,False,False,0,True,1,1,True,True,persona_mention,14
unseen_ep_000627,unseen,False,False,False,0,False,0,0,False,False,none,14
unseen_ep_000628,unseen,False,False,False,0,False,0,0,False,False,none,14
unseen_ep_000629,unseen,False,False,False,0,False,0,0,False,False,none,14
unseen_ep_000630,unseen,True,True,False,0,True,2,10,True,True,direct_appearance,14
unseen_ep_000631,unseen,False,False,False,0,False,0,0,False,False,none,14
unseen_ep_000632,unseen,False,False,False,0,False,0,0,False,False,none,14
unseen_ep_000633,unseen,False,False,False,0,False,0,0,False,False,none,14
unseen_ep_000634,unseen,True,True,True,1,True,1,10,True,True,direct_appearance,14
unseen_ep_000635,unseen,False,False,False,0,False,0,0,False,False,none,14
unseen_ep_000636,unseen,False,False,False,0,False,0,0,False,False,none,14
unseen_ep_000637,unseen,False,False,False,0,False,0,0,False,False,none,2
unseen_ep_000638,unseen,False,False,True,2,True,1,3,True,True,speech_mention,14
unseen_ep_000639,unseen,False,False,False,0,False,0,0,False,False,none,1
unseen_ep_000640,unseen,False,False,False,0,True,1,1,True,True,persona_mention,14
unseen_ep_000641,unseen,False,False,False,0,False,0,0,False,False,none,14
unseen_ep_000642,unseen,True,True,False,0,False,0,8,True,True,direct_appearance,9
unseen_ep_000643,unseen,False,False,False,0,False,0,0,False,False,none,14
unseen_ep_000644,unseen,False,False,False,0,False,0,0,False,False,none,14
unseen_ep_000645,unseen,False,False,False,0,False,0,0,False,False,none,14
unseen_ep_000646,unseen,False,False,True,2,True,1,3,True,True,speech_mention,14
unseen_ep_000647,unseen,False,False,True,1,False,0,1,True,False,speech_mention,14
unseen_ep_000648,unseen,False,False,False,0,False,0,0,False,False,none,14
unseen_ep_000649,unseen,False,False,False,0,False,0,0,False,False,none,14
unseen_ep_000650,unseen,False,False,False,0,True,1,1,True,True,persona_mention,14
unseen_ep_000651,unseen,False,False,False,0,False,0,0,False,False,none,14
unseen_ep_000652,unseen,False,False,False,0,False,0,0,False,False,none,14
unseen_ep_000653,unseen,False,False,True,2,False,0,2,True,True,speech_mention,14
unseen_ep_000654,unseen,False,False,False,0,True,1,1,True,True,persona_mention,14
unseen_ep_000655,unseen,False,False,False,0,False,0,0,False,False,none,1
unseen_ep_000656,unseen,False,False,False,0,False,0,0,False,False,none,14
unseen_ep_000657,unseen,True,False,False,0,True,1,6,True,True,direct_appearance,1
unseen_ep_000658,unseen,False,False,False,0,False,0,0,False,False,none,1
unseen_ep_000659,unseen,False,False,False,0,False,0,0,False,False,none,14
unseen_ep_000660,unseen,False,False,False,0,False,0,0,False,False,none,14
unseen_ep_000661,unseen,False,False,False,0,False,0,0,False,False,none,14
unseen_ep_000662,unseen,False,False,True,1,False,0,1,True,False,speech_mention,14
unseen_ep_000663,unseen,False,False,False,0,False,0,0,False,False,none,14
unseen_ep_000664,unseen,False,False,False,0,False,0,0,False,False,none,14
unseen_ep_000665,unseen,False,False,False,0,False,0,0,False,False,none,14
unseen_ep_000666,unseen,False,False,False,0,False,0,0,False,False,none,14
unseen_ep_000667,unseen,False,False,True,1,True,2,3,True,True,speech_mention,14
unseen_ep_000668,unseen,False,False,False,0,False,0,0,False,False,none,14
unseen_ep_000669,unseen,False,False,False,0,False,0,0,False,False,none,14
unseen_ep_000670,unseen,False,False,False,0,False,0,0,False,False,none,14
unseen_ep_000671,unseen,False,False,False,0,False,0,0,False,False,none,14
unseen_ep_000672,unseen,True,True,True,1,False,0,9,True,True,direct_appearance,14
unseen_ep_000673,unseen,False,False,True,1,False,0,1,True,False,speech_mention,14
unseen_ep_000674,unseen,False,False,False,0,False,0,0,False,False,none,14
unseen_ep_000675,unseen,False,False,False,0,False,0,0,False,False,none,14
unseen_ep_000676,unseen,False,False,False,0,False,0,0,False,False,none,14
unseen_ep_000677,unseen,False,False,False,0,False,0,0,False,False,none,14
unseen_ep_000678,unseen,True,True,True,2,True,1,11,True,True,direct_appearance,14
unseen_ep_000679,unseen,False,False,False,0,False,0,0,False,False,none,14
unseen_ep_000680,unseen,False,False,False,0,False,0,0,False,False,none,14
unseen_ep_000681,unseen,False,False,False,0,False,0,0,False,False,none,14
unseen_ep_000682,unseen,False,False,False,0,False,0,0,False,False,none,14
unseen_ep_000683,unseen,False,False,False,0,False,0,0,False,False,none,14
unseen_ep_000684,unseen,True,True,True,2,True,1,11,True,True,direct_appearance,14
unseen_ep_000685,unseen,False,False,False,0,False,0,0,False,False,none,14
unseen_ep_000686,unseen,False,False,False,0,False,0,0,False,False,none,14
unseen_ep_000687,unseen,False,False,False,0,False,0,0,False,False,none,14
unseen_ep_000688,unseen,False,False,False,0,False,0,0,False,False,none,14
unseen_ep_000689,unseen,False,False,True,2,True,1,3,True,True,speech_mention,14
unseen_ep_000690,unseen,False,False,False,0,False,0,0,False,False,none,14
unseen_ep_000691,unseen,False,False,False,0,False,0,0,False,False,none,14
unseen_ep_000692,unseen,False,False,False,0,False,0,0,False,False,none,14
unseen_ep_000693,unseen,False,False,False,0,False,0,0,False,False,none,14
unseen_ep_000694,unseen,False,False,False,0,False,0,0,False,False,none,14
unseen_ep_000695,unseen,False,False,False,0,False,0,0,False,False,none,14
unseen_ep_000696,unseen,False,False,False,0,False,0,0,False,False,none,14
unseen_ep_000697,unseen,False,False,False,0,False,0,0,False,False,none,14
unseen_ep_000698,unseen,False,False,False,0,False,0,0,False,False,none,14
unseen_ep_000699,unseen,False,False,True,1,True,1,2,True,True,speech_mention,14
unseen_ep_000700,unseen,False,False,False,0,True,1,1,True,True,persona_mention,14
unseen_ep_000701,unseen,False,False,False,0,False,0,0,False,False,none,14
unseen_ep_000702,unseen,False,False,False,0,False,0,0,False,False,none,14
unseen_ep_000703,unseen,False,False,False,0,False,0,0,False,False,none,14
unseen_ep_000704,unseen,False,False,False,0,False,0,0,False,False,none,14
unseen_ep_000705,unseen,True,True,False,0,True,1,9,True,True,direct_appearance,14
unseen_ep_000706,unseen,False,False,False,0,False,0,0,False,False,none,14
unseen_ep_000707,unseen,False,False,False,0,False,0,0,False,False,none,14
unseen_ep_000708,unseen,False,False,False,0,False,0,0,False,False,none,14
unseen_ep_000709,unseen,False,False,True,3,True,1,4,True,True,speech_mention,14
unseen_ep_000710,unseen,False,False,True,1,False,0,1,True,False,speech_mention,14
unseen_ep_000711,unseen,False,False,False,0,False,0,0,False,False,none,14
unseen_ep_000712,unseen,False,False,True,1,True,1,2,True,True,speech_mention,14
unseen_ep_000713,unseen,False,False,False,0,False,0,0,False,False,none,14
unseen_ep_000714,unseen,False,False,False,0,False,0,0,False,False,none,14
unseen_ep_000715,unseen,False,False,False,0,False,0,0,False,False,none,14
unseen_ep_000716,unseen,False,False,True,1,True,1,2,True,True,speech_mention,14
unseen_ep_000717,unseen,False,False,False,0,False,0,0,False,False,none,1
unseen_ep_000718,unseen,False,False,False,0,False,0,0,False,False,none,14
unseen_ep_000719,unseen,False,False,False,0,False,0,0,False,False,none,14
unseen_ep_000720,unseen,False,False,False,0,False,0,0,False,False,none,14
unseen_ep_000721,unseen,False,False,False,0,False,0,0,False,False,none,12
unseen_ep_000722,unseen,False,False,False,0,True,1,1,True,True,persona_mention,1
unseen_ep_000723,unseen,False,False,False,0,False,0,0,False,False,none,14
unseen_ep_000724,unseen,False,False,False,0,True,1,1,True,True,persona_mention,14
unseen_ep_000725,unseen,False,False,False,0,False,0,0,False,False,none,14
unseen_ep_000726,unseen,False,False,False,0,True,1,1,True,True,persona_mention,14
unseen_ep_000727,unseen,False,False,True,1,False,0,1,True,False,speech_mention,14
unseen_ep_000728,unseen,False,False,True,1,False,0,1,True,False,speech_mention,14
unseen_ep_000729,unseen,False,False,False,0,False,0,0,False,False,none,14
unseen_ep_000730,unseen,True,True,False,0,True,1,9,True,True,direct_appearance,14
unseen_ep_000731,unseen,False,False,False,0,False,0,0,False,False,none,6
unseen_ep_000732,unseen,False,False,False,0,False,0,0,False,False,none,14
unseen_ep_000733,unseen,False,False,False,0,False,0,0,False,False,none,14
unseen_ep_000734,unseen,False,False,False,0,False,0,0,False,False,none,14
unseen_ep_000735,unseen,False,False,True,2,False,0,2,True,True,speech_mention,14
unseen_ep_000736,unseen,False,False,False,0,False,0,0,False,False,none,14
unseen_ep_000737,unseen,False,False,True,1,False,0,1,True,False,speech_mention,14
unseen_ep_000738,unseen,False,False,False,0,False,0,0,False,False,none,14
unseen_ep_000739,unseen,False,False,False,0,False,0,0,False,False,none,14
unseen_ep_000740,unseen,False,False,False,0,False,0,0,False,False,none,14
unseen_ep_000741,unseen,False,False,False,0,False,0,0,False,False,none,14
unseen_ep_000742,unseen,False,False,False,0,False,0,0,False,False,none,14
unseen_ep_000743,unseen,False,False,False,0,False,0,0,False,False,none,14
unseen_ep_000744,unseen,False,False,True,2,False,0,2,True,True,speech_mention,14
unseen_ep_000745,unseen,False,False,False,0,False,0,0,False,False,none,14
unseen_ep_000746,unseen,False,False,False,0,False,0,0,False,False,none,14
unseen_ep_000747,unseen,False,False,True,2,False,0,2,True,True,speech_mention,14
unseen_ep_000748,unseen,False,False,False,0,False,0,0,False,False,none,14
unseen_ep_000749,unseen,False,False,False,0,False,0,0,False,False,none,14
unseen_ep_000750,unseen,True,True,True,3,True,1,12,True,True,direct_appearance,14
unseen_ep_000751,unseen,False,False,False,0,False,0,0,False,False,none,14
unseen_ep_000752,unseen,False,False,False,0,False,0,0,False,False,none,2
unseen_ep_000753,unseen,False,False,False,0,False,0,0,False,False,none,14
unseen_ep_000754,unseen,False,False,False,0,False,0,0,False,False,none,14
unseen_ep_000755,unseen,False,False,False,0,False,0,0,False,False,none,14
