utterance_id,character_id,mentioned_name,mention_count,episode_id,turn_index,is_target_agent_mention
utt__train_ep_001422__004,char__king,king,1,train_ep_001422,4,True
utt__train_ep_001438__001,char__princess,princess,1,train_ep_001438,1,False
utt__train_ep_001438__003,char__princess,princess,1,train_ep_001438,3,False
utt__train_ep_001438__007,char__father,father,1,train_ep_001438,7,False
utt__train_ep_001438__010,char__daughter,daughter,1,train_ep_001438,10,False
utt__train_ep_001493__001,char__servant,servant,1,train_ep_001493,1,False
utt__train_ep_001493__002,char__king,king,1,train_ep_001493,2,True
utt__train_ep_001493__004,char__royal,royal,1,train_ep_001493,4,False
utt__train_ep_001493__005,char__servant,servant,1,train_ep_001493,5,False
utt__train_ep_001493__011,char__knight,knight,1,train_ep_001493,11,False
utt__train_ep_001493__013,char__servant,servant,1,train_ep_001493,13,False
utt__train_ep_001494__002,char__army,army,1,train_ep_001494,2,False
utt__train_ep_001494__006,char__officer,officer,1,train_ep_001494,6,False
utt__train_ep_001494__008,char__old_man,old man,1,train_ep_001494,8,False
utt__train_ep_001494__008,char__man,man,1,train_ep_001494,8,False
utt__train_ep_001494__009,char__wife,wife,1,train_ep_001494,9,False
utt__train_ep_001494__009,char__fool,fool,1,train_ep_001494,9,False
utt__train_ep_001494__011,char__man,man,1,train_ep_001494,11,False
utt__train_ep_001494__013,char__messenger,messenger,1,train_ep_001494,13,False
utt__train_ep_001501__001,char__king,king,1,train_ep_001501,1,True
utt__train_ep_001501__001,char__family,family,1,train_ep_001501,1,False
utt__train_ep_001501__007,char__soul,soul,1,train_ep_001501,7,False
utt__train_ep_001501__008,char__chef,chef,1,train_ep_001501,8,False
utt__train_ep_001501__009,char__king,king,1,train_ep_001501,9,True
utt__train_ep_001501__010,char__servant,servant,1,train_ep_001501,10,False
utt__train_ep_001501__011,char__chef,chef,1,train_ep_001501,11,False
utt__train_ep_001679__000,char__king,king,1,train_ep_001679,0,True
utt__train_ep_001679__001,char__noble,noble,1,train_ep_001679,1,False
utt__train_ep_001679__001,char__guard,guard,1,train_ep_001679,1,False
utt__train_ep_001679__002,char__bandit,bandit,1,train_ep_001679,2,False
utt__train_ep_001679__002,char__old_woman,old woman,1,train_ep_001679,2,False
utt__train_ep_001679__002,char__woman,woman,1,train_ep_001679,2,False
utt__train_ep_001679__008,char__king,king,1,train_ep_001679,8,True
utt__train_ep_001693__000,char__king,king,1,train_ep_001693,0,True
utt__train_ep_001693__000,char__apothecary,apothecary,1,train_ep_001693,0,False
utt__train_ep_001693__002,char__king,king,1,train_ep_001693,2,True
utt__train_ep_001693__003,char__people,people,1,train_ep_001693,3,False
utt__train_ep_001693__005,char__people,people,1,train_ep_001693,5,False
utt__train_ep_001693__006,char__people,people,1,train_ep_001693,6,False
utt__train_ep_001693__007,char__wizards,wizards,1,train_ep_001693,7,False
utt__train_ep_001693__008,char__thing,thing,1,train_ep_001693,8,False
utt__train_ep_001693__008,char__family,family,1,train_ep_001693,8,False
utt__train_ep_001693__009,char__royal,royal,1,train_ep_001693,9,False
utt__train_ep_001693__009,char__apothecary,apothecary,1,train_ep_001693,9,False
utt__train_ep_001693__010,char__family,family,1,train_ep_001693,10,False
utt__train_ep_001693__012,char__people,people,1,train_ep_001693,12,False
utt__train_ep_001693__013,char__frog,frog,1,train_ep_001693,13,False
utt__train_ep_001693__013,char__jester,jester,1,train_ep_001693,13,False
utt__train_ep_001695__001,char__visitor,visitor,1,train_ep_001695,1,False
utt__train_ep_001695__004,char__father,father,1,train_ep_001695,4,False
utt__train_ep_001695__008,char__people,people,1,train_ep_001695,8,False
utt__train_ep_001695__009,char__visitor,visitor,1,train_ep_001695,9,False
utt__train_ep_001695__010,char__royal,royal,1,train_ep_001695,10,False
utt__train_ep_001695__010,char__visitor,visitor,1,train_ep_001695,10,False
utt__train_ep_001710__004,char__guards,guards,1,train_ep_001710,4,False
utt__train_ep_001710__004,char__man,man,1,train_ep_001710,4,False
utt__train_ep_001710__005,char__daughter,daughter,1,train_ep_001710,5,False
utt__train_ep_001710__006,char__princess,princess,1,train_ep_001710,6,False
utt__train_ep_001710__007,char__messenger,messenger,1,train_ep_001710,7,False
utt__train_ep_001710__008,char__guards,guards,1,train_ep_001710,8,False
utt__train_ep_001710__008,char__man,man,1,train_ep_001710,8,False
utt__train_ep_001710__012,char__guards,guards,1,train_ep_001710,12,False
utt__train_ep_001710__012,char__soldiers,soldiers,1,train_ep_001710,12,False
utt__train_ep_001731__000,char__animal,animal,1,train_ep_001731,0,False
utt__train_ep_001731__001,char__animal,animal,1,train_ep_001731,1,False
utt__train_ep_001731__001,char__bridge,bridge,1,train_ep_001731,1,False
utt__train_ep_001731__001,char__king,king,1,train_ep_001731,1,True
utt__train_ep_001731__002,char__bridge,bridge,1,train_ep_001731,2,False
utt__train_ep_001731__002,char__troll,troll,1,train_ep_001731,2,False
utt__train_ep_001731__003,char__troll,troll,1,train_ep_001731,3,False
utt__train_ep_001731__003,char__people,people,1,train_ep_001731,3,False
utt__train_ep_001731__003,char__bridge,bridge,1,train_ep_001731,3,False
utt__train_ep_001731__004,char__thing,thing,1,train_ep_001731,4,False
utt__train_ep_001736__001,char__servant,servant,1,train_ep_001736,1,False
utt__train_ep_001736__002,char__child,child,1,train_ep_001736,2,False
utt__train_ep_001736__002,char__wife,wife,1,train_ep_001736,2,False
utt__train_ep_001736__008,char__cook,cook,1,train_ep_001736,8,False
utt__train_ep_001736__009,char__servant,servant,1,train_ep_001736,9,False
utt__train_ep_001736__011,char__subjects,subjects,1,train_ep_001736,11,False
utt__train_ep_001739__001,char__king,king,1,train_ep_001739,1,True
utt__train_ep_001739__004,char__people,people,1,train_ep_001739,4,False
utt__train_ep_001739__006,char__people,people,1,train_ep_001739,6,False
utt__train_ep_001739__007,char__drunk,drunk,1,train_ep_001739,7,False
utt__train_ep_001739__008,char__citizen,citizen,1,train_ep_001739,8,False
utt__train_ep_001739__009,char__king,king,1,train_ep_001739,9,True
utt__train_ep_001739__012,char__citizen,citizen,1,train_ep_001739,12,False
utt__train_ep_001755__000,char__merchant,merchant,1,train_ep_001755,0,False
utt__train_ep_001755__006,char__guards,guards,1,train_ep_001755,6,False
utt__train_ep_001755__006,char__devil,devil,1,train_ep_001755,6,False
utt__train_ep_001755__008,char__thing,thing,1,train_ep_001755,8,False
utt__train_ep_001755__010,char__son,son,1,train_ep_001755,10,False
utt__train_ep_001779__001,char__subject,subject,1,train_ep_001779,1,False
utt__train_ep_001779__002,char__royal,royal,1,train_ep_001779,2,False
utt__train_ep_001779__008,char__king,king,1,train_ep_001779,8,True
utt__train_ep_001779__009,char__guards,guards,1,train_ep_001779,9,False
utt__train_ep_001779__010,char__peasant,peasant,1,train_ep_001779,10,False
utt__train_ep_001779__013,char__wench,wench,1,train_ep_001779,13,False
utt__train_ep_001781__001,char__drunk,drunk,1,train_ep_001781,1,False
utt__train_ep_001781__001,char__king,king,1,train_ep_001781,1,True
utt__train_ep_001781__001,char__thing,thing,1,train_ep_001781,1,False
utt__train_ep_001781__003,char__king,king,1,train_ep_001781,3,True
utt__train_ep_001781__005,char__king,king,1,train_ep_001781,5,True
utt__train_ep_001781__006,char__king,king,1,train_ep_001781,6,True
utt__train_ep_001781__007,char__king,king,1,train_ep_001781,7,True
utt__train_ep_001781__007,char__farmer,farmer,2,train_ep_001781,7,False
utt__train_ep_001781__008,char__king,king,1,train_ep_001781,8,True
utt__train_ep_001781__009,char__people,people,1,train_ep_001781,9,False
utt__train_ep_001804__004,char__king,king,1,train_ep_001804,4,True
utt__train_ep_001810__000,char__queen,queen,1,train_ep_001810,0,False
utt__train_ep_001810__004,char__artist,artist,1,train_ep_001810,4,False
utt__train_ep_001810__006,char__artist,artist,1,train_ep_001810,6,False
utt__train_ep_001810__012,char__guards,guards,1,train_ep_001810,12,False
utt__train_ep_001812__001,char__royalty,royalty,1,train_ep_001812,1,False
utt__train_ep_001812__003,char__queen,queen,1,train_ep_001812,3,False
utt__train_ep_001812__006,char__cook,cook,1,train_ep_001812,6,False
utt__train_ep_001812__006,char__chicken,chicken,1,train_ep_001812,6,False
utt__train_ep_001812__007,char__family,family,1,train_ep_001812,7,False
utt__train_ep_001812__008,char__chicken,chicken,1,train_ep_001812,8,False
utt__train_ep_001812__008,char__cook,cook,1,train_ep_001812,8,False
utt__train_ep_001812__013,char__queen,queen,1,train_ep_001812,13,False
utt__train_ep_001826__000,char__child,child,1,train_ep_001826,0,False
utt__train_ep_001826__001,char__child,child,1,train_ep_001826,1,False
utt__train_ep_001826__001,char__thing,thing,1,train_ep_001826,1,False
utt__train_ep_001826__002,char__god,god,1,train_ep_001826,2,False
utt__train_ep_001826__002,char__lord,lord,1,train_ep_001826,2,False
utt__train_ep_001826__003,char__father,father,1,train_ep_001826,3,False
utt__train_ep_001826__004,char__army,army,1,train_ep_001826,4,False
utt__train_ep_001826__005,char__leader,leader,1,train_ep_001826,5,False
utt__train_ep_001838__000,char__king,king,1,train_ep_001838,0,True
utt__train_ep_001838__002,char__faeries,faeries,1,train_ep_001838,2,False
utt__train_ep_001838__012,char__villagers,villagers,1,train_ep_001838,12,False
utt__train_ep_001838__013,char__king,king,1,train_ep_001838,13,True
utt__train_ep_001876__000,char__visitor,visitor,1,train_ep_001876,0,False
utt__train_ep_001876__001,char__king,king,1,train_ep_001876,1,True
utt__train_ep_001876__002,char__fool,fool,1,train_ep_001876,2,False
utt__train_ep_001876__002,char__king,king,1,train_ep_001876,2,True
utt__train_ep_001876__007,char__traitor,traitor,1,train_ep_001876,7,False
utt__train_ep_001876__013,char__fighter,fighter,1,train_ep_001876,13,False
utt__train_ep_001876__013,char__king,king,1,train_ep_001876,13,True
utt__train_ep_002010__001,char__dove,dove,1,train_ep_002010,1,False
utt__train_ep_002010__001,char__spirits,spirits,1,train_ep_002010,1,False
utt__train_ep_002010__005,char__king,king,1,train_ep_002010,5,True
utt__train_ep_002010__007,char__blacksmith,blacksmith,1,train_ep_002010,7,False
utt__train_ep_002010__011,char__merchant,merchant,1,train_ep_002010,11,False
utt__train_ep_002023__000,char__royalty,royalty,1,train_ep_002023,0,False
utt__train_ep_002023__001,char__princess,princess,1,train_ep_002023,1,False
utt__train_ep_002023__005,char__princess,princess,1,train_ep_002023,5,False
utt__train_ep_002023__008,char__king,king,1,train_ep_002023,8,True
utt__train_ep_002023__010,char__brother,brother,1,train_ep_002023,10,False
utt__train_ep_002023__012,char__soul,soul,1,train_ep_002023,12,False
utt__train_ep_002023__012,char__brother,brother,1,train_ep_002023,12,False
utt__train_ep_002071__000,char__servant,servant,1,train_ep_002071,0,False
utt__train_ep_002073__009,char__sons,sons,1,train_ep_002073,9,False
utt__train_ep_002073__010,char__king,king,1,train_ep_002073,10,True
utt__train_ep_002077__000,char__dragon,dragon,1,train_ep_002077,0,False
utt__train_ep_002077__004,char__dragon,dragon,1,train_ep_002077,4,False
utt__train_ep_002077__005,char__man,man,1,train_ep_002077,5,False
utt__train_ep_002077__005,char__dragon,dragon,1,train_ep_002077,5,False
utt__train_ep_002077__006,char__dragon,dragon,1,train_ep_002077,6,False
utt__train_ep_002077__006,char__friends,friends,1,train_ep_002077,6,False
utt__train_ep_002077__006,char__fight,fight,1,train_ep_002077,6,False
utt__train_ep_002077__007,char__friends,friends,1,train_ep_002077,7,False
utt__train_ep_002077__008,char__dragon,dragon,1,train_ep_002077,8,False
utt__train_ep_002077__011,char__friend,friend,1,train_ep_002077,11,False
utt__train_ep_002091__001,char__son,son,1,train_ep_002091,1,False
utt__train_ep_002091__002,char__king_of,king of,1,train_ep_002091,2,False
utt__train_ep_002091__002,char__king,king,1,train_ep_002091,2,True
utt__train_ep_002091__002,char__no_one,no one,1,train_ep_002091,2,False
utt__train_ep_002091__002,char__queen,queen,1,train_ep_002091,2,False
utt__train_ep_002091__003,char__wife,wife,1,train_ep_002091,3,False
utt__train_ep_002091__004,char__battle,battle,1,train_ep_002091,4,False
utt__train_ep_002091__005,char__son,son,1,train_ep_002091,5,False
utt__train_ep_002091__006,char__people,people,1,train_ep_002091,6,False
utt__train_ep_002091__006,char__battle,battle,1,train_ep_002091,6,False
utt__train_ep_002091__006,char__father,father,1,train_ep_002091,6,False
utt__train_ep_002091__007,char__children,children,1,train_ep_002091,7,False
utt__train_ep_002091__007,char__people,people,1,train_ep_002091,7,False
utt__train_ep_002091__008,char__father,father,1,train_ep_002091,8,False
utt__train_ep_002091__009,char__son,son,1,train_ep_002091,9,False
utt__train_ep_002091__009,char__thing,thing,1,train_ep_002091,9,False
utt__train_ep_002091__009,char__queen,queen,1,train_ep_002091,9,False
utt__train_ep_002091__010,char__wife,wife,1,train_ep_002091,10,False
utt__train_ep_002091__010,char__father,father,1,train_ep_002091,10,False
utt__train_ep_002091__011,char__son,son,1,train_ep_002091,11,False
utt__train_ep_002091__012,char__father,father,1,train_ep_002091,12,False
utt__train_ep_002091__013,char__son,son,1,train_ep_002091,13,False
utt__train_ep_002242__000,char__king,king,1,train_ep_002242,0,True
utt__train_ep_002242__006,char__table,table,1,train_ep_002242,6,False
utt__train_ep_002242__007,char__maid,maid,1,train_ep_002242,7,False
utt__train_ep_002242__007,char__fight,fight,1,train_ep_002242,7,False
utt__train_ep_002242__009,char__woman,woman,1,train_ep_002242,9,False
utt__train_ep_002262__000,char__king,king,1,train_ep_002262,0,True
utt__train_ep_002262__002,char__lord,lord,1,train_ep_002262,2,False
utt__train_ep_002262__003,char__guard,guard,1,train_ep_002262,3,False
utt__train_ep_002262__004,char__lord,lord,1,train_ep_002262,4,False
utt__train_ep_002262__005,char__fool,fool,1,train_ep_002262,5,False
utt__train_ep_002262__006,char__lord,lord,1,train_ep_002262,6,False
utt__train_ep_002262__011,char__guard,guard,1,train_ep_002262,11,False
utt__train_ep_002262__012,char__blacksmith,blacksmith,1,train_ep_002262,12,False
utt__train_ep_002262__012,char__people,people,1,train_ep_002262,12,False
utt__train_ep_002265__002,char__lord,lord,1,train_ep_002265,2,False
utt__train_ep_002265__003,char__slave,slave,1,train_ep_002265,3,False
utt__train_ep_002265__004,char__lord,lord,1,train_ep_002265,4,False
utt__train_ep_002265__004,char__man,man,1,train_ep_002265,4,False
utt__train_ep_002265__005,char__maid,maid,1,train_ep_002265,5,False
utt__train_ep_002265__005,char__king,king,1,train_ep_002265,5,True
utt__train_ep_002265__006,char__lord,lord,1,train_ep_002265,6,False
utt__train_ep_002265__007,char__queen,queen,1,train_ep_002265,7,False
utt__train_ep_002265__007,char__king,king,1,train_ep_002265,7,True
utt__train_ep_002265__008,char__mistress,mistress,1,train_ep_002265,8,False
utt__train_ep_002265__010,char__lord,lord,1,train_ep_002265,10,False
utt__train_ep_002266__000,char__king,king,1,train_ep_002266,0,True
utt__train_ep_002266__001,char__family,family,1,train_ep_002266,1,False
utt__train_ep_002266__002,char__family,family,1,train_ep_002266,2,False
utt__train_ep_002266__003,char__pheasant,pheasant,1,train_ep_002266,3,False
utt__train_ep_002266__004,char__king,king,1,train_ep_002266,4,True
utt__train_ep_002266__004,char__knight,knight,1,train_ep_002266,4,False
utt__train_ep_002266__004,char__wife,wife,1,train_ep_002266,4,False
utt__train_ep_002266__005,char__pheasant,pheasant,1,train_ep_002266,5,False
utt__train_ep_002266__006,char__fly,fly,1,train_ep_002266,6,False
utt__train_ep_002266__006,char__pheasant,pheasant,1,train_ep_002266,6,False
utt__train_ep_002266__006,char__king,king,1,train_ep_002266,6,True
utt__train_ep_002266__008,char__king,king,1,train_ep_002266,8,True
utt__train_ep_002266__008,char__insects,insects,1,train_ep_002266,8,False
utt__train_ep_002266__009,char__king,king,1,train_ep_002266,9,True
utt__train_ep_002267__003,char__lord,lord,1,train_ep_002267,3,False
utt__train_ep_002267__003,char__man,man,1,train_ep_002267,3,False
utt__train_ep_002267__003,char__chambermaid,chambermaid,1,train_ep_002267,3,False
utt__train_ep_002267__004,char__lord,lord,1,train_ep_002267,4,False
utt__train_ep_002267__004,char__guards,guards,1,train_ep_002267,4,False
utt__train_ep_002267__005,char__lord,lord,1,train_ep_002267,5,False
utt__train_ep_002267__006,char__servant,servant,1,train_ep_002267,6,False
utt__train_ep_002267__006,char__queen_s,queen's,1,train_ep_002267,6,False
utt__train_ep_002267__007,char__king,king,1,train_ep_002267,7,True
utt__train_ep_002267__007,char__man,man,1,train_ep_002267,7,False
utt__train_ep_002267__008,char__queen,queen,1,train_ep_002267,8,False
utt__train_ep_002267__008,char__king_of,king of,1,train_ep_002267,8,False
utt__train_ep_002267__008,char__king,king,1,train_ep_002267,8,True
utt__train_ep_002267__008,char__prince,prince,1,train_ep_002267,8,False
utt__train_ep_002267__010,char__lady,lady,1,train_ep_002267,10,False
utt__train_ep_002267__011,char__chambermaid,chambermaid,1,train_ep_002267,11,False
utt__train_ep_002267__012,char__chambermaid,chambermaid,1,train_ep_002267,12,False
utt__train_ep_002267__012,char__queen_s,queen's,1,train_ep_002267,12,False
utt__train_ep_002267__013,char__lord,lord,1,train_ep_002267,13,False
utt__train_ep_002267__013,char__chambermaid,chambermaid,1,train_ep_002267,13,False
utt__train_ep_002273__001,char__peasant,peasant,1,train_ep_002273,1,False
utt__train_ep_002273__002,char__member,member,1,train_ep_002273,2,False
utt__train_ep_002273__002,char__village,village,1,train_ep_002273,2,False
utt__train_ep_002273__003,char__townsperson,townsperson,1,train_ep_002273,3,False
utt__train_ep_002273__003,char__king,king,1,train_ep_002273,3,True
utt__train_ep_002273__007,char__king,king,1,train_ep_002273,7,True
utt__train_ep_002273__008,char__queen,queen,1,train_ep_002273,8,False
utt__train_ep_002275__000,char__follower,follower,1,train_ep_002275,0,False
utt__train_ep_002275__004,char__deer,deer,1,train_ep_002275,4,False
utt__train_ep_002275__005,char__king,king,1,train_ep_002275,5,True
utt__train_ep_002275__006,char__man,man,1,train_ep_002275,6,False
utt__train_ep_002275__007,char__lord,lord,1,train_ep_002275,7,False
utt__train_ep_002275__009,char__village,village,1,train_ep_002275,9,False
utt__train_ep_002275__013,char__gods,gods,1,train_ep_002275,13,False
utt__train_ep_002275__013,char__high_priest,high priest,1,train_ep_002275,13,False
utt__train_ep_002275__013,char__priest,priest,1,train_ep_002275,13,False
utt__train_ep_002277__000,char__friend,friend,1,train_ep_002277,0,False
utt__train_ep_002277__001,char__turkey,turkey,1,train_ep_002277,1,False
utt__train_ep_002277__002,char__chef,chef,1,train_ep_002277,2,False
utt__train_ep_002277__002,char__turkey,turkey,1,train_ep_002277,2,False
utt__train_ep_002277__004,char__friend,friend,1,train_ep_002277,4,False
utt__train_ep_002277__004,char__royalty,royalty,1,train_ep_002277,4,False
utt__train_ep_002277__005,char__king,king,1,train_ep_002277,5,True
utt__train_ep_002277__006,char__friend,friend,1,train_ep_002277,6,False
utt__train_ep_002277__007,char__king,king,1,train_ep_002277,7,True
utt__train_ep_002277__007,char__wife,wife,1,train_ep_002277,7,False
utt__train_ep_002304__000,char__king,king,1,train_ep_002304,0,True
utt__train_ep_002304__000,char__royal,royal,1,train_ep_002304,0,False
utt__train_ep_002304__001,char__guard,guard,1,train_ep_002304,1,False
utt__train_ep_002304__003,char__others,others,1,train_ep_002304,3,False
utt__train_ep_002304__004,char__king,king,1,train_ep_002304,4,True
utt__train_ep_002304__005,char__wall,wall,1,train_ep_002304,5,False
utt__train_ep_002304__006,char__king,king,1,train_ep_002304,6,True
utt__train_ep_002304__007,char__royal,royal,1,train_ep_002304,7,False
utt__train_ep_002304__008,char__king,king,1,train_ep_002304,8,True
utt__train_ep_002304__010,char__king,king,1,train_ep_002304,10,True
utt__train_ep_002304__012,char__king,king,2,train_ep_002304,12,True
utt__train_ep_002304__012,char__royal,royal,1,train_ep_002304,12,False
utt__train_ep_002312__003,char__king,king,1,train_ep_002312,3,True
utt__train_ep_002312__005,char__children,children,1,train_ep_002312,5,False
utt__train_ep_002312__007,char__village,village,1,train_ep_002312,7,False
utt__train_ep_002312__009,char__village,village,1,train_ep_002312,9,False
utt__train_ep_002317__000,char__servant,servant,1,train_ep_002317,0,False
utt__train_ep_002317__002,char__people,people,1,train_ep_002317,2,False
utt__train_ep_002317__008,char__gather,gather,1,train_ep_002317,8,False
utt__train_ep_002317__009,char__king,king,1,train_ep_002317,9,True
utt__train_ep_002317__013,char__jester,jester,1,train_ep_002317,13,False
utt__train_ep_002351__000,char__citizen,citizen,1,train_ep_002351,0,False
utt__train_ep_002351__004,char__royal_guard,royal guard,1,train_ep_002351,4,False
utt__train_ep_002351__004,char__royal,royal,1,train_ep_002351,4,False
utt__train_ep_002351__004,char__guard,guard,1,train_ep_002351,4,False
utt__train_ep_002351__005,char__royal_guard,royal guard,1,train_ep_002351,5,False
utt__train_ep_002351__005,char__royal,royal,1,train_ep_002351,5,False
utt__train_ep_002351__005,char__guard,guard,1,train_ep_002351,5,False
utt__train_ep_002351__006,char__member,member,1,train_ep_002351,6,False
utt__train_ep_002351__006,char__royal_guard,royal guard,1,train_ep_002351,6,False
utt__train_ep_002351__006,char__royal,royal,1,train_ep_002351,6,False
utt__train_ep_002351__006,char__guard,guard,1,train_ep_002351,6,False
utt__train_ep_002351__007,char__man,man,1,train_ep_002351,7,False
utt__train_ep_002351__008,char__king,king,1,train_ep_002351,8,True
utt__train_ep_002351__009,char__guards,guards,1,train_ep_002351,9,False
utt__train_ep_002351__010,char__king,king,1,train_ep_002351,10,True
utt__train_ep_002351__011,char__guards,guards,1,train_ep_002351,11,False
utt__train_ep_002351__012,char__prisoner,prisoner,1,train_ep_002351,12,False
utt__train_ep_002369__001,char__servant,servant,1,train_ep_002369,1,False
utt__train_ep_002369__005,char__people,people,1,train_ep_002369,5,False
utt__train_ep_002369__007,char__family,family,1,train_ep_002369,7,False
utt__train_ep_002369__008,char__mother,mother,1,train_ep_002369,8,False
utt__train_ep_002369__008,char__brother,brother,1,train_ep_002369,8,False
utt__train_ep_002369__008,char__merchant,merchant,1,train_ep_002369,8,False
utt__train_ep_002369__009,char__mother,mother,1,train_ep_002369,9,False
utt__train_ep_002369__011,char__brother,brother,1,train_ep_002369,11,False
utt__train_ep_002369__011,char__mother,mother,1,train_ep_002369,11,False
utt__train_ep_002369__012,char__family,family,1,train_ep_002369,12,False
utt__train_ep_002369__013,char__brother,brother,1,train_ep_002369,13,False
utt__train_ep_002375__001,char__customer,customer,1,train_ep_002375,1,False
utt__train_ep_002375__001,char__battle,battle,1,train_ep_002375,1,False
utt__train_ep_002375__002,char__thing,thing,1,train_ep_002375,2,False
utt__train_ep_002375__004,char__man,man,1,train_ep_002375,4,False
utt__train_ep_002375__005,char__blacksmith,blacksmith,1,train_ep_002375,5,False
utt__train_ep_002375__005,char__enemy,enemy,1,train_ep_002375,5,False
utt__train_ep_002375__006,char__king,king,2,train_ep_002375,6,True
utt__train_ep_002375__009,char__fool,fool,1,train_ep_002375,9,False
utt__train_ep_002375__010,char__thing,thing,1,train_ep_002375,10,False
utt__train_ep_002383__000,char__lord,lord,1,train_ep_002383,0,False
utt__train_ep_002383__002,char__cooks,cooks,1,train_ep_002383,2,False
utt__train_ep_002383__003,char__maid,maid,1,train_ep_002383,3,False
utt__train_ep_002383__004,char__man,man,1,train_ep_002383,4,False
utt__train_ep_002383__005,char__maid,maid,1,train_ep_002383,5,False
utt__train_ep_002383__005,char__cooks,cooks,1,train_ep_002383,5,False
utt__train_ep_002383__006,char__lord,lord,1,train_ep_002383,6,False
utt__train_ep_002383__006,char__king,king,1,train_ep_002383,6,True
utt__train_ep_002383__007,char__maid,maid,2,train_ep_002383,7,False
utt__train_ep_002383__008,char__lord,lord,1,train_ep_002383,8,False
utt__train_ep_002383__009,char__animal,animal,1,train_ep_002383,9,False
utt__train_ep_002383__009,char__no_one,no one,1,train_ep_002383,9,False
utt__train_ep_002383__009,char__children,children,1,train_ep_002383,9,False
utt__train_ep_002383__010,char__lord,lord,1,train_ep_002383,10,False
utt__train_ep_002383__010,char__children,children,1,train_ep_002383,10,False
utt__train_ep_002383__011,char__lord,lord,1,train_ep_002383,11,False
utt__train_ep_002383__011,char__maid,maid,1,train_ep_002383,11,False
utt__train_ep_002383__012,char__lord,lord,1,train_ep_002383,12,False
utt__train_ep_002383__013,char__king,king,1,train_ep_002383,13,True
utt__train_ep_002386__000,char__spider,spider,1,train_ep_002386,0,False
utt__train_ep_002386__004,char__brother,brother,1,train_ep_002386,4,False
utt__train_ep_002386__007,char__person,person,1,train_ep_002386,7,False
utt__train_ep_002386__010,char__king,king,1,train_ep_002386,10,True
utt__train_ep_002405__000,char__fool,fool,1,train_ep_002405,0,False
utt__train_ep_002405__001,char__king,king,1,train_ep_002405,1,True
utt__train_ep_002405__001,char__fool,fool,1,train_ep_002405,1,False
utt__train_ep_002405__002,char__king_of,king of,1,train_ep_002405,2,False
utt__train_ep_002405__002,char__king,king,1,train_ep_002405,2,True
utt__train_ep_002405__003,char__king,king,2,train_ep_002405,3,True
utt__train_ep_002405__004,char__king,king,1,train_ep_002405,4,True
utt__train_ep_002405__005,char__royalty,royalty,1,train_ep_002405,5,False
utt__train_ep_002405__006,char__fool,fool,1,train_ep_002405,6,False
utt__train_ep_002405__007,char__king,king,1,train_ep_002405,7,True
utt__train_ep_002405__012,char__fool,fool,1,train_ep_002405,12,False
utt__train_ep_002405__013,char__scientist,scientist,1,train_ep_002405,13,False
utt__train_ep_002410__000,char__lord,lord,1,train_ep_002410,0,False
utt__train_ep_002410__003,char__army,army,1,train_ep_002410,3,False
utt__train_ep_002410__004,char__nobleman,nobleman,1,train_ep_002410,4,False
utt__train_ep_002410__006,char__troop,troop,1,train_ep_002410,6,False
utt__train_ep_002410__008,char__lord,lord,1,train_ep_002410,8,False
utt__train_ep_002410__010,char__king,king,1,train_ep_002410,10,True
utt__train_ep_002410__010,char__army,army,1,train_ep_002410,10,False
utt__train_ep_002410__011,char__leader,leader,1,train_ep_002410,11,False
utt__train_ep_002447__006,char__thing,thing,1,train_ep_002447,6,False
utt__train_ep_002447__006,char__murderer,murderer,1,train_ep_002447,6,False
utt__train_ep_002447__009,char__people,people,1,train_ep_002447,9,False
utt__train_ep_002447__009,char__guards,guards,1,train_ep_002447,9,False
utt__train_ep_002447__010,char__son,son,1,train_ep_002447,10,False
utt__train_ep_002447__012,char__murderer,murderer,1,train_ep_002447,12,False
utt__train_ep_002447__012,char__king,king,1,train_ep_002447,12,True
utt__train_ep_002531__001,char__father,father,1,train_ep_002531,1,False
utt__train_ep_002531__003,char__mother,mother,1,train_ep_002531,3,False
utt__train_ep_002531__003,char__father,father,1,train_ep_002531,3,False
utt__train_ep_002531__005,char__mother,mother,1,train_ep_002531,5,False
utt__train_ep_002531__005,char__woman,woman,1,train_ep_002531,5,False
utt__train_ep_002531__006,char__mother,mother,1,train_ep_002531,6,False
utt__train_ep_002531__007,char__lady,lady,1,train_ep_002531,7,False
utt__train_ep_002531__011,char__father,father,1,train_ep_002531,11,False
utt__train_ep_002531__012,char__royalty,royalty,1,train_ep_002531,12,False
utt__train_ep_002531__013,char__girl,girl,1,train_ep_002531,13,False
utt__train_ep_002579__000,char__officer,officer,1,train_ep_002579,0,False
utt__train_ep_002579__002,char__thing,thing,1,train_ep_002579,2,False
utt__train_ep_002579__005,char__tower,tower,1,train_ep_002579,5,False
utt__train_ep_002579__006,char__others,others,1,train_ep_002579,6,False
utt__train_ep_002579__007,char__turkey,turkey,1,train_ep_002579,7,False
utt__train_ep_002579__011,char__drunk,drunk,1,train_ep_002579,11,False
utt__train_ep_002581__001,char__brother,brother,1,train_ep_002581,1,False
utt__train_ep_002581__004,char__daughter,daughter,1,train_ep_002581,4,False
utt__train_ep_002581__008,char__king,king,1,train_ep_002581,8,True
utt__train_ep_002581__009,char__king,king,1,train_ep_002581,9,True
utt__train_ep_002581__011,char__party,party,1,train_ep_002581,11,False
utt__train_ep_002586__000,char__king,king,1,train_ep_002586,0,True
utt__train_ep_002586__001,char__dragon,dragon,1,train_ep_002586,1,False
utt__train_ep_002586__002,char__king,king,1,train_ep_002586,2,True
utt__train_ep_002586__003,char__dragon,dragon,1,train_ep_002586,3,False
utt__train_ep_002586__004,char__king,king,1,train_ep_002586,4,True
utt__train_ep_002586__006,char__people,people,1,train_ep_002586,6,False
utt__train_ep_002586__006,char__dragon,dragon,1,train_ep_002586,6,False
utt__train_ep_002586__007,char__no_one,no one,1,train_ep_002586,7,False
utt__train_ep_002586__008,char__king,king,1,train_ep_002586,8,True
utt__train_ep_002586__008,char__queen,queen,1,train_ep_002586,8,False
utt__train_ep_002586__012,char__king,king,2,train_ep_002586,12,True
utt__train_ep_002586__013,char__dragon,dragon,1,train_ep_002586,13,False
utt__train_ep_002595__000,char__queen,queen,1,train_ep_002595,0,False
utt__train_ep_002595__003,char__queen,queen,1,train_ep_002595,3,False
utt__train_ep_002595__006,char__queen,queen,1,train_ep_002595,6,False
utt__train_ep_002595__008,char__fool,fool,1,train_ep_002595,8,False
utt__train_ep_002595__008,char__queen,queen,1,train_ep_002595,8,False
utt__train_ep_002790__001,char__queen,queen,1,train_ep_002790,1,False
utt__train_ep_002790__007,char__gardener,gardener,1,train_ep_002790,7,False
utt__train_ep_002790__007,char__king,king,1,train_ep_002790,7,True
utt__train_ep_002790__010,char__sons,sons,1,train_ep_002790,10,False
utt__train_ep_002790__010,char__gardener,gardener,1,train_ep_002790,10,False
utt__train_ep_002790__011,char__sons,sons,1,train_ep_002790,11,False
utt__train_ep_002790__011,char__fool,fool,1,train_ep_002790,11,False
utt__train_ep_002805__000,char__woman,woman,1,train_ep_002805,0,False
utt__train_ep_002805__001,char__wife,wife,1,train_ep_002805,1,False
utt__train_ep_002805__002,char__blacksmith,blacksmith,1,train_ep_002805,2,False
utt__train_ep_002805__003,char__family,family,1,train_ep_002805,3,False
utt__train_ep_002805__004,char__family,family,1,train_ep_002805,4,False
utt__train_ep_002805__006,char__mother,mother,1,train_ep_002805,6,False
utt__train_ep_002805__007,char__people,people,1,train_ep_002805,7,False
utt__train_ep_002805__009,char__king,king,1,train_ep_002805,9,True
utt__train_ep_002805__009,char__guards,guards,1,train_ep_002805,9,False
utt__train_ep_002805__010,char__father,father,1,train_ep_002805,10,False
utt__train_ep_002805__012,char__wife,wife,1,train_ep_002805,12,False
utt__train_ep_002805__012,char__mother,mother,1,train_ep_002805,12,False
utt__train_ep_002805__012,char__prince,prince,1,train_ep_002805,12,False
utt__train_ep_002805__013,char__wife,wife,1,train_ep_002805,13,False
utt__train_ep_002865__000,char__king,king,1,train_ep_002865,0,True
utt__train_ep_002865__001,char__king,king,1,train_ep_002865,1,True
utt__train_ep_002865__003,char__soldiers,soldiers,1,train_ep_002865,3,False
utt__train_ep_002865__004,char__soldiers,soldiers,1,train_ep_002865,4,False
utt__train_ep_002865__009,char__army,army,1,train_ep_002865,9,False
utt__train_ep_002865__010,char__man,man,1,train_ep_002865,10,False
utt__train_ep_002865__012,char__queen,queen,1,train_ep_002865,12,False
utt__train_ep_002865__013,char__soldiers,soldiers,1,train_ep_002865,13,False
utt__train_ep_002872__001,char__queen,queen,1,train_ep_002872,1,False
utt__train_ep_002872__004,char__dragon,dragon,1,train_ep_002872,4,False
utt__train_ep_002872__005,char__dragon,dragon,1,train_ep_002872,5,False
utt__train_ep_002872__006,char__woman,woman,1,train_ep_002872,6,False
utt__train_ep_002872__007,char__family,family,1,train_ep_002872,7,False
utt__train_ep_002872__009,char__dragon,dragon,1,train_ep_002872,9,False
utt__train_ep_002872__010,char__friends,friends,1,train_ep_002872,10,False
utt__train_ep_002872__011,char__dragon,dragon,1,train_ep_002872,11,False
utt__train_ep_002872__011,char__queen,queen,1,train_ep_002872,11,False
utt__train_ep_002872__013,char__king,king,1,train_ep_002872,13,True
utt__train_ep_002872__013,char__subject,subject,1,train_ep_002872,13,False
utt__train_ep_003048__001,char__brother,brother,1,train_ep_003048,1,False
utt__train_ep_003048__002,char__king,king,1,train_ep_003048,2,True
utt__train_ep_003048__004,char__sister,sister,1,train_ep_003048,4,False
utt__train_ep_003048__005,char__sister,sister,1,train_ep_003048,5,False
utt__train_ep_003048__005,char__horse,horse,1,train_ep_003048,5,False
utt__train_ep_003048__008,char__king,king,1,train_ep_003048,8,True
utt__train_ep_003048__008,char__sister,sister,1,train_ep_003048,8,False
utt__train_ep_003048__008,char__brother,brother,1,train_ep_003048,8,False
utt__train_ep_003071__000,char__servant,servant,1,train_ep_003071,0,False
utt__train_ep_003071__000,char__queen,queen,1,train_ep_003071,0,False
utt__train_ep_003071__004,char__family,family,1,train_ep_003071,4,False
utt__train_ep_003071__008,char__brother,brother,1,train_ep_003071,8,False
utt__train_ep_003071__008,char__queen,queen,1,train_ep_003071,8,False
utt__train_ep_003071__008,char__thing,thing,1,train_ep_003071,8,False
utt__train_ep_003071__009,char__guard,guard,1,train_ep_003071,9,False
utt__train_ep_003071__009,char__queen,queen,1,train_ep_003071,9,False
utt__train_ep_003071__009,char__brother,brother,1,train_ep_003071,9,False
utt__train_ep_003071__010,char__soldiers,soldiers,1,train_ep_003071,10,False
utt__train_ep_003071__010,char__man,man,1,train_ep_003071,10,False
utt__train_ep_003071__011,char__people,people,1,train_ep_003071,11,False
utt__train_ep_003071__012,char__royal_family,royal family,1,train_ep_003071,12,False
utt__train_ep_003071__012,char__royal,royal,1,train_ep_003071,12,False
utt__train_ep_003071__012,char__family,family,1,train_ep_003071,12,False
utt__train_ep_003073__004,char__thing,thing,1,train_ep_003073,4,False
utt__train_ep_003073__005,char__lord,lord,1,train_ep_003073,5,False
utt__train_ep_003073__008,char__people,people,1,train_ep_003073,8,False
utt__train_ep_003080__000,char__queen,queen,1,train_ep_003080,0,False
utt__train_ep_003080__000,char__apothecary,apothecary,1,train_ep_003080,0,False
utt__train_ep_003080__001,char__queen_s,queen's,1,train_ep_003080,1,False
utt__train_ep_003080__003,char__king,king,1,train_ep_003080,3,True
utt__train_ep_003080__003,char__wall,wall,1,train_ep_003080,3,False
utt__train_ep_003080__005,char__queen,queen,1,train_ep_003080,5,False
utt__train_ep_003080__008,char__queen,queen,1,train_ep_003080,8,False
utt__train_ep_003080__013,char__king,king,1,train_ep_003080,13,True
utt__train_ep_003082__000,char__knight,knight,1,train_ep_003082,0,False
utt__train_ep_003082__004,char__knight,knight,1,train_ep_003082,4,False
utt__train_ep_003082__006,char__knight,knight,1,train_ep_003082,6,False
utt__train_ep_003082__006,char__horse,horse,1,train_ep_003082,6,False
utt__train_ep_003082__008,char__wizards,wizards,1,train_ep_003082,8,False
utt__train_ep_003082__008,char__fight,fight,1,train_ep_003082,8,False
utt__train_ep_003082__008,char__deer,deer,1,train_ep_003082,8,False
utt__train_ep_003082__009,char__horse,horse,1,train_ep_003082,9,False
utt__train_ep_003082__009,char__battle,battle,1,train_ep_003082,9,False
utt__train_ep_003082__010,char__horse,horse,1,train_ep_003082,10,False
utt__train_ep_003082__012,char__queen,queen,1,train_ep_003082,12,False
utt__train_ep_003084__000,char__soldier,soldier,1,train_ep_003084,0,False
utt__train_ep_003084__000,char__thief,thief,1,train_ep_003084,0,False
utt__train_ep_003084__001,char__royal,royal,1,train_ep_003084,1,False
utt__train_ep_003084__001,char__soldiers,soldiers,1,train_ep_003084,1,False
utt__train_ep_003084__001,char__thief,thief,2,train_ep_003084,1,False
utt__train_ep_003084__003,char__soldiers,soldiers,1,train_ep_003084,3,False
utt__train_ep_003084__004,char__soldiers,soldiers,1,train_ep_003084,4,False
utt__train_ep_003084__004,char__thief,thief,1,train_ep_003084,4,False
utt__train_ep_003084__005,char__thief,thief,2,train_ep_003084,5,False
utt__train_ep_003084__006,char__brother,brother,1,train_ep_003084,6,False
utt__train_ep_003084__007,char__lord,lord,1,train_ep_003084,7,False
utt__train_ep_003084__007,char__army,army,1,train_ep_003084,7,False
utt__train_ep_003084__008,char__soldiers,soldiers,1,train_ep_003084,8,False
utt__train_ep_003084__008,char__army,army,1,train_ep_003084,8,False
utt__train_ep_003084__009,char__thief,thief,1,train_ep_003084,9,False
utt__train_ep_003084__012,char__soldier,soldier,1,train_ep_003084,12,False
utt__train_ep_003111__000,char__king,king,1,train_ep_003111,0,True
utt__train_ep_003111__002,char__king,king,1,train_ep_003111,2,True
utt__train_ep_003111__004,char__king,king,1,train_ep_003111,4,True
utt__train_ep_003118__000,char__child,child,1,train_ep_003118,0,False
utt__train_ep_003118__002,char__young_man,young man,1,train_ep_003118,2,False
utt__train_ep_003118__002,char__man,man,1,train_ep_003118,2,False
utt__train_ep_003118__005,char__brave_knight,brave knight,1,train_ep_003118,5,False
utt__train_ep_003118__005,char__knight,knight,1,train_ep_003118,5,False
utt__train_ep_003118__005,char__lady,lady,1,train_ep_003118,5,False
utt__train_ep_003118__008,char__people,people,1,train_ep_003118,8,False
utt__train_ep_003118__012,char__rabbit,rabbit,2,train_ep_003118,12,False
utt__train_ep_003118__013,char__rabbit,rabbit,2,train_ep_003118,13,False
utt__train_ep_003123__000,char__king,king,1,train_ep_003123,0,True
utt__train_ep_003123__002,char__king,king,1,train_ep_003123,2,True
utt__train_ep_003123__004,char__king,king,1,train_ep_003123,4,True
utt__train_ep_003123__004,char__bear,bear,1,train_ep_003123,4,False
utt__train_ep_003123__005,char__guards,guards,1,train_ep_003123,5,False
utt__train_ep_003123__005,char__bear,bear,1,train_ep_003123,5,False
utt__train_ep_003123__006,char__warrior,warrior,1,train_ep_003123,6,False
utt__train_ep_003141__001,char__lord,lord,1,train_ep_003141,1,False
utt__train_ep_003141__001,char__king,king,1,train_ep_003141,1,True
utt__train_ep_003141__001,char__bear,bear,1,train_ep_003141,1,False
utt__train_ep_003141__003,char__enemy,enemy,1,train_ep_003141,3,False
utt__train_ep_003141__007,char__king,king,1,train_ep_003141,7,True
utt__train_ep_003141__007,char__battle,battle,1,train_ep_003141,7,False
utt__train_ep_003141__009,char__merchant,merchant,1,train_ep_003141,9,False
utt__train_ep_003141__010,char__man,man,1,train_ep_003141,10,False
utt__train_ep_003141__010,char__guards,guards,1,train_ep_003141,10,False
utt__train_ep_003141__011,char__enemy,enemy,1,train_ep_003141,11,False
utt__train_ep_003141__013,char__king,king,1,train_ep_003141,13,True
utt__train_ep_003141__013,char__royal,royal,1,train_ep_003141,13,False
utt__train_ep_003160__001,char__king,king,1,train_ep_003160,1,True
utt__train_ep_003160__001,char__young_boy,young boy,1,train_ep_003160,1,False
utt__train_ep_003160__001,char__boy,boy,1,train_ep_003160,1,False
utt__train_ep_003160__002,char__knight,knight,1,train_ep_003160,2,False
utt__train_ep_003160__004,char__light,light,1,train_ep_003160,4,False
utt__train_ep_003160__004,char__thing,thing,1,train_ep_003160,4,False
utt__train_ep_003160__005,char__royal,royal,1,train_ep_003160,5,False
utt__train_ep_003160__005,char__lord,lord,1,train_ep_003160,5,False
utt__train_ep_003160__007,char__king,king,1,train_ep_003160,7,True
utt__train_ep_003160__008,char__chef,chef,1,train_ep_003160,8,False
utt__train_ep_003160__009,char__chef,chef,1,train_ep_003160,9,False
utt__train_ep_003160__010,char__queen,queen,1,train_ep_003160,10,False
utt__train_ep_003160__010,char__prince,prince,1,train_ep_003160,10,False
utt__train_ep_003160__010,char__child,child,1,train_ep_003160,10,False
utt__train_ep_003160__011,char__maester,maester,1,train_ep_003160,11,False
utt__train_ep_003160__011,char__child,child,1,train_ep_003160,11,False
utt__train_ep_003160__011,char__battle,battle,1,train_ep_003160,11,False
utt__train_ep_003160__012,char__children,children,1,train_ep_003160,12,False
utt__train_ep_003160__013,char__royal,royal,1,train_ep_003160,13,False
utt__train_ep_003160__013,char__people,people,1,train_ep_003160,13,False
utt__train_ep_003165__008,char__people,people,1,train_ep_003165,8,False
utt__train_ep_003165__009,char__king,king,1,train_ep_003165,9,True
utt__train_ep_003165__010,char__wife,wife,1,train_ep_003165,10,False
utt__train_ep_003165__011,char__wife,wife,1,train_ep_003165,11,False
utt__train_ep_003178__000,char__king,king,1,train_ep_003178,0,True
utt__train_ep_003178__002,char__king,king,1,train_ep_003178,2,True
utt__train_ep_003178__003,char__family,family,1,train_ep_003178,3,False
utt__train_ep_003178__004,char__mother,mother,1,train_ep_003178,4,False
utt__train_ep_003178__005,char__mother,mother,1,train_ep_003178,5,False
utt__train_ep_003178__007,char__mother,mother,1,train_ep_003178,7,False
utt__train_ep_003178__008,char__king,king,1,train_ep_003178,8,True
utt__train_ep_003178__009,char__mother,mother,1,train_ep_003178,9,False
utt__train_ep_003178__010,char__family,family,1,train_ep_003178,10,False
utt__train_ep_003178__011,char__mother,mother,1,train_ep_003178,11,False
utt__train_ep_003178__011,char__family,family,1,train_ep_003178,11,False
utt__train_ep_003178__012,char__father,father,1,train_ep_003178,12,False
utt__train_ep_003184__004,char__knight,knight,1,train_ep_003184,4,False
utt__train_ep_003184__005,char__blacksmith,blacksmith,1,train_ep_003184,5,False
utt__train_ep_003184__006,char__knight,knight,1,train_ep_003184,6,False
utt__train_ep_003184__006,char__lord,lord,1,train_ep_003184,6,False
utt__train_ep_003184__013,char__blacksmith,blacksmith,1,train_ep_003184,13,False
utt__train_ep_003193__002,char__mother,mother,1,train_ep_003193,2,False
utt__train_ep_003193__003,char__mother,mother,1,train_ep_003193,3,False
utt__train_ep_003193__006,char__mother,mother,1,train_ep_003193,6,False
utt__train_ep_003193__006,char__daughter,daughter,2,train_ep_003193,6,False
utt__train_ep_003193__006,char__servant,servant,1,train_ep_003193,6,False
utt__train_ep_003193__006,char__man,man,1,train_ep_003193,6,False
utt__train_ep_003193__006,char__prince,prince,1,train_ep_003193,6,False
utt__train_ep_003193__006,char__king,king,1,train_ep_003193,6,True
utt__train_ep_003193__007,char__servant,servant,1,train_ep_003193,7,False
utt__train_ep_003193__008,char__child,child,1,train_ep_003193,8,False
utt__train_ep_003193__008,char__mother,mother,1,train_ep_003193,8,False
utt__train_ep_003193__008,char__girl,girl,1,train_ep_003193,8,False
utt__train_ep_003193__010,char__child,child,1,train_ep_003193,10,False
utt__train_ep_003193__010,char__mother,mother,1,train_ep_003193,10,False
utt__train_ep_003193__010,char__people,people,1,train_ep_003193,10,False
utt__train_ep_003195__000,char__thief,thief,1,train_ep_003195,0,False
utt__train_ep_003195__000,char__dogs,dogs,1,train_ep_003195,0,False
utt__train_ep_003195__002,char__royal,royal,1,train_ep_003195,2,False
utt__train_ep_003195__004,char__father,father,1,train_ep_003195,4,False
utt__train_ep_003195__004,char__mistress,mistress,1,train_ep_003195,4,False
utt__train_ep_003195__005,char__thief,thief,1,train_ep_003195,5,False
utt__train_ep_003195__006,char__man,man,1,train_ep_003195,6,False
utt__train_ep_003195__007,char__thief,thief,1,train_ep_003195,7,False
utt__train_ep_003195__008,char__rival,rival,1,train_ep_003195,8,False
utt__train_ep_003195__008,char__king,king,1,train_ep_003195,8,True
utt__train_ep_003195__009,char__king,king,1,train_ep_003195,9,True
utt__train_ep_003195__010,char__thief,thief,1,train_ep_003195,10,False
utt__train_ep_003195__012,char__man,man,1,train_ep_003195,12,False
utt__train_ep_003195__012,char__king,king,1,train_ep_003195,12,True
utt__train_ep_003195__013,char__king,king,1,train_ep_003195,13,True
utt__train_ep_003200__002,char__people,people,1,train_ep_003200,2,False
utt__train_ep_003200__003,char__battle,battle,1,train_ep_003200,3,False
utt__train_ep_003200__005,char__queen,queen,1,train_ep_003200,5,False
utt__train_ep_003200__006,char__queen,queen,1,train_ep_003200,6,False
utt__train_ep_003200__008,char__jester,jester,1,train_ep_003200,8,False
utt__train_ep_003200__009,char__jester,jester,1,train_ep_003200,9,False
utt__train_ep_003200__013,char__cook,cook,1,train_ep_003200,13,False
utt__train_ep_003208__001,char__father,father,1,train_ep_003208,1,False
utt__train_ep_003208__001,char__soul,soul,1,train_ep_003208,1,False
utt__train_ep_003208__002,char__king,king,1,train_ep_003208,2,True
utt__train_ep_003208__003,char__wife,wife,1,train_ep_003208,3,False
utt__train_ep_003208__003,char__man,man,1,train_ep_003208,3,False
utt__train_ep_003208__003,char__father,father,1,train_ep_003208,3,False
utt__train_ep_003208__005,char__father,father,2,train_ep_003208,5,False
utt__train_ep_003208__006,char__child,child,1,train_ep_003208,6,False
utt__train_ep_003208__007,char__subjects,subjects,1,train_ep_003208,7,False
utt__train_ep_003208__009,char__soul,soul,1,train_ep_003208,9,False
utt__train_ep_003208__009,char__father,father,1,train_ep_003208,9,False
utt__train_ep_003208__009,char__man,man,1,train_ep_003208,9,False
utt__train_ep_003208__009,char__his_wife,his wife,1,train_ep_003208,9,False
utt__train_ep_003208__009,char__wife,wife,1,train_ep_003208,9,False
utt__train_ep_003208__010,char__god,god,1,train_ep_003208,10,False
utt__train_ep_003208__010,char__soul,soul,1,train_ep_003208,10,False
utt__train_ep_003208__011,char__father,father,1,train_ep_003208,11,False
utt__train_ep_003208__011,char__queen,queen,1,train_ep_003208,11,False
utt__train_ep_003208__012,char__son,son,1,train_ep_003208,12,False
utt__train_ep_003208__012,char__daughter,daughter,1,train_ep_003208,12,False
utt__train_ep_003208__013,char__father,father,1,train_ep_003208,13,False
utt__train_ep_003219__003,char__king,king,1,train_ep_003219,3,True
utt__train_ep_003219__005,char__artist,artist,1,train_ep_003219,5,False
utt__train_ep_003219__009,char__servant,servant,1,train_ep_003219,9,False
utt__train_ep_003219__012,char__guest,guest,1,train_ep_003219,12,False
utt__train_ep_003347__001,char__father,father,1,train_ep_003347,1,False
utt__train_ep_003347__001,char__woman,woman,2,train_ep_003347,1,False
utt__train_ep_003347__001,char__mother,mother,1,train_ep_003347,1,False
utt__train_ep_003347__003,char__mother,mother,1,train_ep_003347,3,False
utt__train_ep_003347__005,char__princess,princess,1,train_ep_003347,5,False
utt__train_ep_003347__005,char__king,king,1,train_ep_003347,5,True
utt__train_ep_003347__006,char__guards,guards,1,train_ep_003347,6,False
utt__train_ep_003347__006,char__king,king,1,train_ep_003347,6,True
utt__train_ep_003347__006,char__queen,queen,1,train_ep_003347,6,False
utt__train_ep_003347__007,char__wife,wife,1,train_ep_003347,7,False
utt__train_ep_003347__008,char__army,army,2,train_ep_003347,8,False
utt__train_ep_003347__009,char__father,father,1,train_ep_003347,9,False
utt__train_ep_003347__010,char__army,army,1,train_ep_003347,10,False
utt__train_ep_003347__011,char__father,father,1,train_ep_003347,11,False
utt__train_ep_003347__013,char__man,man,1,train_ep_003347,13,False
utt__train_ep_003347__013,char__wizard,wizard,1,train_ep_003347,13,False
utt__train_ep_003404__000,char__guard,guard,1,train_ep_003404,0,False
utt__train_ep_003404__002,char__guard,guard,1,train_ep_003404,2,False
utt__train_ep_003404__003,char__king,king,1,train_ep_003404,3,True
utt__train_ep_003404__003,char__friend,friend,1,train_ep_003404,3,False
utt__train_ep_003404__004,char__friends,friends,1,train_ep_003404,4,False
utt__train_ep_003404__006,char__lord,lord,1,train_ep_003404,6,False
utt__train_ep_003404__007,char__royal_guard,royal guard,1,train_ep_003404,7,False
utt__train_ep_003404__007,char__royal,royal,1,train_ep_003404,7,False
utt__train_ep_003404__007,char__guard,guard,1,train_ep_003404,7,False
utt__train_ep_003404__009,char__groom,groom,1,train_ep_003404,9,False
utt__train_ep_003404__009,char__horse,horse,1,train_ep_003404,9,False
utt__train_ep_003404__013,char__priest,priest,1,train_ep_003404,13,False
utt__train_ep_003405__002,char__soldiers,soldiers,1,train_ep_003405,2,False
utt__train_ep_003405__006,char__king,king,1,train_ep_003405,6,True
utt__train_ep_003412__001,char__royal,royal,1,train_ep_003412,1,False
utt__train_ep_003412__001,char__servant,servant,1,train_ep_003412,1,False
utt__train_ep_003412__002,char__knight,knight,1,train_ep_003412,2,False
utt__train_ep_003412__003,char__queen,queen,1,train_ep_003412,3,False
utt__train_ep_003412__005,char__battle,battle,1,train_ep_003412,5,False
utt__train_ep_003412__005,char__faerie,faerie,1,train_ep_003412,5,False
utt__train_ep_003412__006,char__man,man,1,train_ep_003412,6,False
utt__train_ep_003412__008,char__brother,brother,1,train_ep_003412,8,False
utt__train_ep_003412__010,char__fool,fool,1,train_ep_003412,10,False
utt__train_ep_003412__011,char__king,king,1,train_ep_003412,11,True
utt__train_ep_003412__011,char__queen,queen,1,train_ep_003412,11,False
utt__train_ep_003412__013,char__king,king,1,train_ep_003412,13,True
utt__train_ep_003424__003,char__king,king,1,train_ep_003424,3,True
utt__train_ep_003424__004,char__queen,queen,1,train_ep_003424,4,False
utt__train_ep_003424__005,char__queen,queen,1,train_ep_003424,5,False
utt__train_ep_003424__005,char__wall,wall,1,train_ep_003424,5,False
utt__train_ep_003424__009,char__fool,fool,1,train_ep_003424,9,False
utt__train_ep_003424__011,char__enemy,enemy,1,train_ep_003424,11,False
utt__train_ep_003424__013,char__light,light,1,train_ep_003424,13,False
utt__train_ep_003530__001,char__chef,chef,1,train_ep_003530,1,False
utt__train_ep_003530__002,char__chef,chef,1,train_ep_003530,2,False
utt__train_ep_003530__004,char__chef,chef,1,train_ep_003530,4,False
utt__train_ep_003530__012,char__king,king,1,train_ep_003530,12,True
utt__train_ep_003532__000,char__king,king,1,train_ep_003532,0,True
utt__train_ep_003532__001,char__debtor,debtor,1,train_ep_003532,1,False
utt__train_ep_003532__005,char__king_s_guard,king's guard,1,train_ep_003532,5,False
utt__train_ep_003532__005,char__guard,guard,1,train_ep_003532,5,False
utt__train_ep_003532__007,char__young_man,young man,1,train_ep_003532,7,False
utt__train_ep_003532__007,char__man,man,1,train_ep_003532,7,False
utt__train_ep_003532__007,char__slave,slave,1,train_ep_003532,7,False
utt__train_ep_003532__009,char__young_man,young man,1,train_ep_003532,9,False
utt__train_ep_003532__009,char__man,man,1,train_ep_003532,9,False
utt__train_ep_003532__009,char__thing,thing,1,train_ep_003532,9,False
utt__train_ep_003532__009,char__light,light,1,train_ep_003532,9,False
utt__train_ep_003532__009,char__slave,slave,1,train_ep_003532,9,False
utt__train_ep_003532__010,char__children,children,1,train_ep_003532,10,False
utt__train_ep_003581__000,char__brother,brother,1,train_ep_003581,0,False
utt__train_ep_003581__006,char__thing,thing,1,train_ep_003581,6,False
utt__train_ep_003581__009,char__father,father,1,train_ep_003581,9,False
utt__train_ep_003581__010,char__father,father,1,train_ep_003581,10,False
utt__train_ep_003581__011,char__father,father,1,train_ep_003581,11,False
utt__train_ep_003604__000,char__trader,trader,1,train_ep_003604,0,False
utt__train_ep_003604__011,char__beaver,beaver,1,train_ep_003604,11,False
utt__train_ep_003605__000,char__servant,servant,1,train_ep_003605,0,False
utt__train_ep_003605__004,char__servant,servant,1,train_ep_003605,4,False
utt__train_ep_003605__007,char__servant,servant,1,train_ep_003605,7,False
utt__train_ep_003605__011,char__king,king,1,train_ep_003605,11,True
utt__train_ep_003605__011,char__peasant,peasant,1,train_ep_003605,11,False
utt__train_ep_003607__000,char__gardener,gardener,1,train_ep_003607,0,False
utt__train_ep_003607__004,char__servant,servant,1,train_ep_003607,4,False
utt__train_ep_003607__009,char__god,god,1,train_ep_003607,9,False
utt__train_ep_003613__001,char__king,king,1,train_ep_003613,1,True
utt__train_ep_003616__001,char__friend,friend,1,train_ep_003616,1,False
utt__train_ep_003616__002,char__queen,queen,1,train_ep_003616,2,False
utt__train_ep_003616__003,char__queen,queen,1,train_ep_003616,3,False
utt__train_ep_003616__005,char__doctor,doctor,1,train_ep_003616,5,False
utt__train_ep_003616__007,char__fighter,fighter,1,train_ep_003616,7,False
utt__train_ep_003616__007,char__people,people,1,train_ep_003616,7,False
utt__train_ep_003616__008,char__high_priest,high priest,1,train_ep_003616,8,False
utt__train_ep_003616__008,char__priest,priest,1,train_ep_003616,8,False
utt__train_ep_003616__010,char__queen_s,queen's,1,train_ep_003616,10,False
utt__train_ep_003616__011,char__queen,queen,1,train_ep_003616,11,False
utt__train_ep_003616__012,char__chef,chef,1,train_ep_003616,12,False
utt__train_ep_003616__013,char__pheasant,pheasant,1,train_ep_003616,13,False
utt__train_ep_003630__004,char__king,king,1,train_ep_003630,4,True
utt__train_ep_003630__007,char__people,people,1,train_ep_003630,7,False
utt__train_ep_003630__011,char__people,people,1,train_ep_003630,11,False
utt__train_ep_003630__012,char__people,people,1,train_ep_003630,12,False
utt__train_ep_003643__000,char__king,king,1,train_ep_003643,0,True
utt__train_ep_003643__001,char__guard,guard,1,train_ep_003643,1,False
utt__train_ep_003643__001,char__royal,royal,1,train_ep_003643,1,False
utt__train_ep_003643__004,char__general,general,1,train_ep_003643,4,False
utt__train_ep_003643__004,char__king,king,1,train_ep_003643,4,True
utt__train_ep_003643__005,char__general,general,1,train_ep_003643,5,False
utt__train_ep_003694__000,char__king,king,1,train_ep_003694,0,True
utt__train_ep_003694__001,char__king,king,1,train_ep_003694,1,True
utt__train_ep_003694__002,char__son,son,1,train_ep_003694,2,False
utt__train_ep_003694__003,char__guard,guard,1,train_ep_003694,3,False
utt__train_ep_003694__003,char__lord,lord,1,train_ep_003694,3,False
utt__train_ep_003694__004,char__king,king,1,train_ep_003694,4,True
utt__train_ep_003694__005,char__noble,noble,1,train_ep_003694,5,False
utt__train_ep_003694__005,char__lord,lord,1,train_ep_003694,5,False
utt__train_ep_003694__008,char__thief,thief,1,train_ep_003694,8,False
utt__train_ep_003694__009,char__guards,guards,1,train_ep_003694,9,False
utt__train_ep_003694__009,char__man,man,1,train_ep_003694,9,False
utt__train_ep_003694__009,char__king,king,2,train_ep_003694,9,True
utt__train_ep_003694__010,char__king,king,1,train_ep_003694,10,True
utt__train_ep_003694__011,char__family,family,1,train_ep_003694,11,False
utt__train_ep_003694__011,char__guards,guards,1,train_ep_003694,11,False
utt__train_ep_003694__013,char__guards,guards,1,train_ep_003694,13,False
utt__train_ep_003699__001,char__children,children,1,train_ep_003699,1,False
utt__train_ep_003699__002,char__army,army,1,train_ep_003699,2,False
utt__train_ep_003699__003,char__king,king,1,train_ep_003699,3,True
utt__train_ep_003699__004,char__daughter,daughter,1,train_ep_003699,4,False
utt__train_ep_003699__005,char__son,son,1,train_ep_003699,5,False
utt__train_ep_003699__005,char__army,army,1,train_ep_003699,5,False
utt__train_ep_003699__005,char__people,people,1,train_ep_003699,5,False
utt__train_ep_003699__009,char__kings,kings,1,train_ep_003699,9,False
utt__train_ep_003699__011,char__footman,footman,1,train_ep_003699,11,False
utt__train_ep_003699__013,char__guard,guard,1,train_ep_003699,13,False
utt__train_ep_003699__013,char__sons,sons,1,train_ep_003699,13,False
utt__train_ep_003706__000,char__king,king,1,train_ep_003706,0,True
utt__train_ep_003706__000,char__queen,queen,1,train_ep_003706,0,False
utt__train_ep_003706__002,char__thing,thing,1,train_ep_003706,2,False
utt__train_ep_003706__004,char__queen,queen,1,train_ep_003706,4,False
utt__train_ep_003706__010,char__lord,lord,1,train_ep_003706,10,False
utt__train_ep_003706__010,char__family,family,1,train_ep_003706,10,False
utt__train_ep_003706__012,char__queen,queen,1,train_ep_003706,12,False
utt__train_ep_003709__005,char__blacksmith,blacksmith,1,train_ep_003709,5,False
utt__train_ep_003709__008,char__king,king,1,train_ep_003709,8,True
utt__train_ep_003709__009,char__blacksmith,blacksmith,1,train_ep_003709,9,False
utt__train_ep_003709__010,char__royal_family,royal family,1,train_ep_003709,10,False
utt__train_ep_003709__010,char__royal,royal,1,train_ep_003709,10,False
utt__train_ep_003709__010,char__family,family,1,train_ep_003709,10,False
utt__train_ep_003709__011,char__queen,queen,1,train_ep_003709,11,False
utt__train_ep_003709__012,char__leader,leader,1,train_ep_003709,12,False
utt__train_ep_003709__013,char__blacksmith,blacksmith,1,train_ep_003709,13,False
utt__train_ep_003718__000,char__king,king,1,train_ep_003718,0,True
utt__train_ep_003718__003,char__pig,pig,1,train_ep_003718,3,False
utt__train_ep_003718__004,char__chef,chef,1,train_ep_003718,4,False
utt__train_ep_003718__004,char__king,king,1,train_ep_003718,4,True
utt__train_ep_003718__006,char__king,king,1,train_ep_003718,6,True
utt__train_ep_003718__006,char__chef,chef,1,train_ep_003718,6,False
utt__train_ep_003718__007,char__maid,maid,1,train_ep_003718,7,False
utt__train_ep_003718__013,char__warrior,warrior,1,train_ep_003718,13,False
utt__train_ep_003718__013,char__battle,battle,1,train_ep_003718,13,False
utt__train_ep_003723__000,char__servant,servant,1,train_ep_003723,0,False
utt__train_ep_003723__001,char__queen,queen,1,train_ep_003723,1,False
utt__train_ep_003723__002,char__dragon,dragon,1,train_ep_003723,2,False
utt__train_ep_003723__005,char__king,king,1,train_ep_003723,5,True
utt__train_ep_003723__008,char__subjects,subjects,1,train_ep_003723,8,False
utt__train_ep_003738__000,char__noble,noble,1,train_ep_003738,0,False
utt__train_ep_003738__001,char__light,light,1,train_ep_003738,1,False
utt__train_ep_003738__003,char__fairy,fairy,1,train_ep_003738,3,False
utt__train_ep_003738__006,char__fairy,fairy,1,train_ep_003738,6,False
utt__train_ep_003738__006,char__thing,thing,1,train_ep_003738,6,False
utt__train_ep_003738__007,char__king,king,1,train_ep_003738,7,True
utt__train_ep_003738__007,char__villagers,villagers,1,train_ep_003738,7,False
utt__train_ep_003738__009,char__merchant,merchant,1,train_ep_003738,9,False
utt__train_ep_003738__011,char__merchant,merchant,1,train_ep_003738,11,False
utt__train_ep_003738__011,char__fairy,fairy,1,train_ep_003738,11,False
utt__train_ep_003738__012,char__noble,noble,1,train_ep_003738,12,False
utt__train_ep_003738__013,char__king,king,1,train_ep_003738,13,True
utt__train_ep_003807__004,char__student,student,1,train_ep_003807,4,False
utt__train_ep_003807__005,char__local,local,1,train_ep_003807,5,False
utt__train_ep_003807__005,char__plants,plants,3,train_ep_003807,5,False
utt__train_ep_003807__006,char__king,king,1,train_ep_003807,6,True
utt__train_ep_003807__006,char__plants,plants,1,train_ep_003807,6,False
utt__train_ep_003807__007,char__plants,plants,1,train_ep_003807,7,False
utt__train_ep_003807__008,char__plants,plants,1,train_ep_003807,8,False
utt__train_ep_003807__009,char__royal,royal,1,train_ep_003807,9,False
utt__train_ep_003807__012,char__person,person,1,train_ep_003807,12,False
utt__train_ep_003895__000,char__queen,queen,1,train_ep_003895,0,False
utt__train_ep_003895__000,char__lady,lady,1,train_ep_003895,0,False
utt__train_ep_004048__000,char__brother,brother,1,train_ep_004048,0,False
utt__train_ep_004048__002,char__battle,battle,1,train_ep_004048,2,False
utt__train_ep_004048__004,char__mad_king,mad king,1,train_ep_004048,4,False
utt__train_ep_004048__004,char__king,king,1,train_ep_004048,4,True
utt__train_ep_004048__004,char__warrior,warrior,1,train_ep_004048,4,False
utt__train_ep_004048__004,char__royal,royal,1,train_ep_004048,4,False
utt__train_ep_004048__005,char__child,child,1,train_ep_004048,5,False
utt__train_ep_004048__005,char__mad_king,mad king,1,train_ep_004048,5,False
utt__train_ep_004048__005,char__king,king,1,train_ep_004048,5,True
utt__train_ep_004048__007,char__man,man,1,train_ep_004048,7,False
utt__train_ep_004048__007,char__king,king,1,train_ep_004048,7,True
utt__train_ep_004048__008,char__enemy,enemy,1,train_ep_004048,8,False
utt__train_ep_004048__009,char__king,king,1,train_ep_004048,9,True
utt__train_ep_004048__010,char__hound,hound,1,train_ep_004048,10,False
utt__train_ep_004048__011,char__smith,smith,1,train_ep_004048,11,False
utt__train_ep_004068__001,char__servant,servant,1,train_ep_004068,1,False
utt__train_ep_004068__001,char__maid,maid,1,train_ep_004068,1,False
utt__train_ep_004068__011,char__royal,royal,1,train_ep_004068,11,False
utt__train_ep_004080__001,char__family,family,1,train_ep_004080,1,False
utt__train_ep_004080__002,char__father,father,1,train_ep_004080,2,False
utt__train_ep_004080__002,char__apothecary,apothecary,1,train_ep_004080,2,False
utt__train_ep_004080__002,char__king,king,1,train_ep_004080,2,True
utt__train_ep_004080__003,char__people,people,1,train_ep_004080,3,False
utt__train_ep_004080__005,char__magician,magician,1,train_ep_004080,5,False
utt__train_ep_004080__005,char__son,son,1,train_ep_004080,5,False
utt__train_ep_004080__006,char__magician,magician,1,train_ep_004080,6,False
utt__train_ep_004080__006,char__grandmother,grandmother,1,train_ep_004080,6,False
utt__train_ep_004080__007,char__apothecary,apothecary,1,train_ep_004080,7,False
utt__train_ep_004080__007,char__magician,magician,1,train_ep_004080,7,False
utt__train_ep_004080__008,char__king,king,2,train_ep_004080,8,True
utt__train_ep_004080__008,char__potion,potion,1,train_ep_004080,8,False
utt__train_ep_004080__008,char__father,father,1,train_ep_004080,8,False
utt__train_ep_004080__008,char__magician,magician,1,train_ep_004080,8,False
utt__train_ep_004080__009,char__magician,magician,2,train_ep_004080,9,False
utt__train_ep_004080__009,char__father,father,1,train_ep_004080,9,False
utt__train_ep_004080__009,char__guard,guard,1,train_ep_004080,9,False
utt__train_ep_004080__009,char__wife,wife,1,train_ep_004080,9,False
utt__train_ep_004080__010,char__wife,wife,1,train_ep_004080,10,False
utt__train_ep_004080__010,char__child,child,1,train_ep_004080,10,False
utt__train_ep_004080__010,char__son,son,1,train_ep_004080,10,False
utt__train_ep_004080__010,char__queen,queen,1,train_ep_004080,10,False
utt__train_ep_004080__011,char__queen,queen,1,train_ep_004080,11,False
utt__train_ep_004080__011,char__son,son,1,train_ep_004080,11,False
utt__train_ep_004080__012,char__king,king,1,train_ep_004080,12,True
utt__train_ep_004080__012,char__people,people,1,train_ep_004080,12,False
utt__train_ep_004080__012,char__royal_family,royal family,1,train_ep_004080,12,False
utt__train_ep_004080__012,char__royal,royal,1,train_ep_004080,12,False
utt__train_ep_004080__012,char__family,family,1,train_ep_004080,12,False
utt__train_ep_004080__013,char__footman,footman,1,train_ep_004080,13,False
utt__train_ep_004080__013,char__son,son,1,train_ep_004080,13,False
utt__train_ep_004084__000,char__king,king,1,train_ep_004084,0,True
utt__train_ep_004084__002,char__people,people,1,train_ep_004084,2,False
utt__train_ep_004084__003,char__queen,queen,1,train_ep_004084,3,False
utt__train_ep_004084__003,char__member,member,1,train_ep_004084,3,False
utt__train_ep_004084__003,char__family,family,1,train_ep_004084,3,False
utt__train_ep_004084__004,char__family,family,1,train_ep_004084,4,False
utt__train_ep_004084__005,char__children,children,1,train_ep_004084,5,False
utt__train_ep_004084__007,char__family,family,1,train_ep_004084,7,False
utt__train_ep_004084__007,char__wife,wife,1,train_ep_004084,7,False
utt__train_ep_004084__008,char__family,family,1,train_ep_004084,8,False
utt__train_ep_004084__009,char__family,family,1,train_ep_004084,9,False
utt__train_ep_004098__000,char__princess,princess,1,train_ep_004098,0,False
utt__train_ep_004098__002,char__royal,royal,1,train_ep_004098,2,False
utt__train_ep_004098__002,char__mother,mother,1,train_ep_004098,2,False
utt__train_ep_004098__003,char__mother,mother,1,train_ep_004098,3,False
utt__train_ep_004098__003,char__king,king,1,train_ep_004098,3,True
utt__train_ep_004098__004,char__father,father,1,train_ep_004098,4,False
utt__train_ep_004098__005,char__father,father,2,train_ep_004098,5,False
utt__train_ep_004098__005,char__woman,woman,1,train_ep_004098,5,False
utt__train_ep_004098__008,char__girl,girl,1,train_ep_004098,8,False
utt__train_ep_004098__009,char__thing,thing,1,train_ep_004098,9,False
utt__train_ep_004098__009,char__queen,queen,1,train_ep_004098,9,False
utt__train_ep_004098__010,char__spirits,spirits,1,train_ep_004098,10,False
utt__train_ep_004098__013,char__queen,queen,1,train_ep_004098,13,False
utt__train_ep_004098__013,char__light,light,1,train_ep_004098,13,False
utt__train_ep_004111__000,char__father,father,1,train_ep_004111,0,False
utt__train_ep_004111__001,char__royal,royal,2,train_ep_004111,1,False
utt__train_ep_004111__002,char__lady,lady,1,train_ep_004111,2,False
utt__train_ep_004111__003,char__royal,royal,1,train_ep_004111,3,False
utt__train_ep_004111__003,char__king,king,1,train_ep_004111,3,True
utt__train_ep_004111__003,char__battle,battle,1,train_ep_004111,3,False
utt__train_ep_004111__004,char__father,father,1,train_ep_004111,4,False
utt__train_ep_004111__004,char__ladies,ladies,1,train_ep_004111,4,False
utt__train_ep_004111__008,char__royal,royal,1,train_ep_004111,8,False
utt__train_ep_004111__009,char__king,king,1,train_ep_004111,9,True
utt__train_ep_004111__013,char__royal,royal,1,train_ep_004111,13,False
utt__train_ep_004120__000,char__children,children,1,train_ep_004120,0,False
utt__train_ep_004120__000,char__child,child,1,train_ep_004120,0,False
utt__train_ep_004120__002,char__witch,witch,1,train_ep_004120,2,False
utt__train_ep_004120__002,char__child,child,1,train_ep_004120,2,False
utt__train_ep_004120__003,char__witch,witch,1,train_ep_004120,3,False
utt__train_ep_004120__007,char__owner,owner,1,train_ep_004120,7,False
utt__train_ep_004120__010,char__witch,witch,1,train_ep_004120,10,False
utt__train_ep_004120__012,char__miner,miner,1,train_ep_004120,12,False
utt__train_ep_004120__012,char__witch,witch,1,train_ep_004120,12,False
utt__train_ep_004120__013,char__witch,witch,1,train_ep_004120,13,False
utt__train_ep_004120__013,char__fly,fly,1,train_ep_004120,13,False
utt__train_ep_004124__000,char__servant,servant,1,train_ep_004124,0,False
utt__train_ep_004124__001,char__lord,lord,1,train_ep_004124,1,False
utt__train_ep_004124__001,char__daughter,daughter,1,train_ep_004124,1,False
utt__train_ep_004124__003,char__boy,boy,1,train_ep_004124,3,False
utt__train_ep_004124__006,char__guards,guards,1,train_ep_004124,6,False
utt__train_ep_004124__007,char__lord,lord,1,train_ep_004124,7,False
utt__train_ep_004124__007,char__royal,royal,1,train_ep_004124,7,False
utt__train_ep_004124__007,char__guards,guards,1,train_ep_004124,7,False
utt__train_ep_004124__008,char__guards,guards,1,train_ep_004124,8,False
utt__train_ep_004124__009,char__lord,lord,1,train_ep_004124,9,False
utt__train_ep_004124__012,char__dragon,dragon,1,train_ep_004124,12,False
utt__train_ep_004124__013,char__god,god,1,train_ep_004124,13,False
utt__train_ep_004145__002,char__diplomat,diplomat,1,train_ep_004145,2,False
utt__train_ep_004145__002,char__noble,noble,1,train_ep_004145,2,False
utt__train_ep_004145__003,char__table,table,1,train_ep_004145,3,False
utt__train_ep_004145__004,char__king,king,1,train_ep_004145,4,True
utt__train_ep_004145__005,char__diplomat,diplomat,1,train_ep_004145,5,False
utt__train_ep_004145__008,char__son,son,1,train_ep_004145,8,False
utt__train_ep_004145__008,char__prince,prince,1,train_ep_004145,8,False
utt__train_ep_004145__010,char__prince,prince,1,train_ep_004145,10,False
utt__train_ep_004145__011,char__merchant,merchant,1,train_ep_004145,11,False
utt__train_ep_004145__013,char__merchant,merchant,1,train_ep_004145,13,False
utt__train_ep_004163__005,char__subject,subject,1,train_ep_004163,5,False
utt__train_ep_004163__009,char__queen,queen,1,train_ep_004163,9,False
utt__train_ep_004163__011,char__god,god,1,train_ep_004163,11,False
utt__train_ep_004190__000,char__blacksmith,blacksmith,1,train_ep_004190,0,False
utt__train_ep_004190__005,char__royal,royal,1,train_ep_004190,5,False
utt__train_ep_004200__002,char__cow,cow,1,train_ep_004200,2,False
utt__train_ep_004200__002,char__chicken,chicken,1,train_ep_004200,2,False
utt__train_ep_004200__007,char__lord,lord,1,train_ep_004200,7,False
utt__train_ep_004200__008,char__royal,royal,1,train_ep_004200,8,False
utt__train_ep_004200__009,char__lord,lord,1,train_ep_004200,9,False
utt__train_ep_004200__010,char__donkey,donkey,1,train_ep_004200,10,False
utt__train_ep_004200__013,char__lord,lord,1,train_ep_004200,13,False
utt__train_ep_004202__002,char__spider,spider,1,train_ep_004202,2,False
utt__train_ep_004202__003,char__village,village,1,train_ep_004202,3,False
utt__train_ep_004202__005,char__insect,insect,1,train_ep_004202,5,False
utt__train_ep_004202__005,char__fly,fly,1,train_ep_004202,5,False
utt__train_ep_004202__005,char__bird,bird,1,train_ep_004202,5,False
utt__train_ep_004202__007,char__king,king,1,train_ep_004202,7,True
utt__train_ep_004202__008,char__mistress,mistress,1,train_ep_004202,8,False
utt__train_ep_004202__008,char__queen,queen,1,train_ep_004202,8,False
utt__train_ep_004202__008,char__guards,guards,1,train_ep_004202,8,False
utt__train_ep_004202__009,char__king,king,1,train_ep_004202,9,True
utt__train_ep_004208__002,char__craftsman,craftsman,1,train_ep_004208,2,False
utt__train_ep_004208__003,char__son,son,1,train_ep_004208,3,False
utt__train_ep_004208__008,char__queen,queen,1,train_ep_004208,8,False
utt__train_ep_004208__012,char__king,king,1,train_ep_004208,12,True
utt__train_ep_004228__004,char__father,father,1,train_ep_004228,4,False
utt__train_ep_004228__006,char__people,people,1,train_ep_004228,6,False
utt__train_ep_004228__006,char__thing,thing,1,train_ep_004228,6,False
utt__train_ep_004228__012,char__army,army,1,train_ep_004228,12,False
utt__train_ep_004268__000,char__guard,guard,1,train_ep_004268,0,False
utt__train_ep_004268__001,char__friend,friend,2,train_ep_004268,1,False
utt__train_ep_004268__006,char__queen,queen,1,train_ep_004268,6,False
utt__train_ep_004268__013,char__lord,lord,1,train_ep_004268,13,False
utt__train_ep_004414__001,char__battle,battle,1,train_ep_004414,1,False
utt__train_ep_004414__003,char__battle,battle,1,train_ep_004414,3,False
utt__train_ep_004414__004,char__battle,battle,1,train_ep_004414,4,False
utt__train_ep_004414__005,char__fight,fight,1,train_ep_004414,5,False
utt__train_ep_004414__009,char__king,king,1,train_ep_004414,9,True
utt__train_ep_004421__001,char__boar,boar,1,train_ep_004421,1,False
utt__train_ep_004421__003,char__king,king,1,train_ep_004421,3,True
utt__train_ep_004421__003,char__guards,guards,1,train_ep_004421,3,False
utt__train_ep_004421__005,char__pig,pig,1,train_ep_004421,5,False
utt__train_ep_004421__013,char__boar,boar,1,train_ep_004421,13,False
utt__train_ep_004434__000,char__son,son,1,train_ep_004434,0,False
utt__train_ep_004434__001,char__father,father,1,train_ep_004434,1,False
utt__train_ep_004434__003,char__father,father,1,train_ep_004434,3,False
utt__train_ep_004434__003,char__king,king,1,train_ep_004434,3,True
utt__train_ep_004434__006,char__spirit,spirit,1,train_ep_004434,6,False
utt__train_ep_004434__007,char__father,father,1,train_ep_004434,7,False
utt__train_ep_004434__010,char__spirits,spirits,2,train_ep_004434,10,False
utt__train_ep_004434__012,char__spirits,spirits,1,train_ep_004434,12,False
utt__train_ep_004434__013,char__king,king,1,train_ep_004434,13,True
utt__train_ep_004539__002,char__guest,guest,1,train_ep_004539,2,False
utt__train_ep_004539__003,char__queen,queen,2,train_ep_004539,3,False
utt__train_ep_004539__003,char__animal,animal,1,train_ep_004539,3,False
utt__train_ep_004539__005,char__queen,queen,1,train_ep_004539,5,False
utt__train_ep_004539__005,char__wife,wife,2,train_ep_004539,5,False
utt__train_ep_004539__005,char__handmaid,handmaid,1,train_ep_004539,5,False
utt__train_ep_004539__006,char__man,man,1,train_ep_004539,6,False
utt__train_ep_004539__007,char__king,king,1,train_ep_004539,7,True
utt__train_ep_004539__009,char__queen,queen,1,train_ep_004539,9,False
utt__train_ep_004539__013,char__cook,cook,1,train_ep_004539,13,False
utt__train_ep_004584__000,char__child,child,1,train_ep_004584,0,False
utt__train_ep_004584__003,char__child,child,1,train_ep_004584,3,False
utt__train_ep_004584__007,char__king,king,1,train_ep_004584,7,True
utt__train_ep_004584__008,char__king,king,1,train_ep_004584,8,True
utt__train_ep_004601__001,char__guards,guards,1,train_ep_004601,1,False
utt__train_ep_004601__002,char__guards,guards,1,train_ep_004601,2,False
utt__train_ep_004601__003,char__peasant,peasant,1,train_ep_004601,3,False
utt__train_ep_004601__005,char__family,family,1,train_ep_004601,5,False
utt__train_ep_004601__006,char__family,family,1,train_ep_004601,6,False
utt__train_ep_004601__009,char__queen,queen,1,train_ep_004601,9,False
utt__train_ep_004601__010,char__queen,queen,1,train_ep_004601,10,False
utt__train_ep_004608__002,char__apothecary,apothecary,1,train_ep_004608,2,False
utt__train_ep_004608__004,char__man,man,1,train_ep_004608,4,False
utt__train_ep_004608__006,char__servant,servant,1,train_ep_004608,6,False
utt__train_ep_004608__007,char__figure,figure,1,train_ep_004608,7,False
utt__train_ep_004608__008,char__family,family,1,train_ep_004608,8,False
utt__train_ep_004608__008,char__apothecary,apothecary,1,train_ep_004608,8,False
utt__train_ep_004608__012,char__apothecary,apothecary,1,train_ep_004608,12,False
utt__train_ep_004615__003,char__assassin,assassin,1,train_ep_004615,3,False
utt__train_ep_004615__005,char__guard,guard,1,train_ep_004615,5,False
utt__train_ep_004615__005,char__bedroom,bedroom,1,train_ep_004615,5,False
utt__train_ep_004615__007,char__knight,knight,1,train_ep_004615,7,False
utt__train_ep_004615__008,char__father,father,1,train_ep_004615,8,False
utt__train_ep_004615__008,char__knight,knight,1,train_ep_004615,8,False
utt__train_ep_004617__000,char__king,king,1,train_ep_004617,0,True
utt__train_ep_004617__002,char__chef,chef,1,train_ep_004617,2,False
utt__train_ep_004617__003,char__chef,chef,1,train_ep_004617,3,False
utt__train_ep_004637__000,char__guard,guard,1,train_ep_004637,0,False
utt__train_ep_004637__000,char__royal,royal,1,train_ep_004637,0,False
utt__train_ep_004637__001,char__king,king,1,train_ep_004637,1,True
utt__train_ep_004637__003,char__king,king,1,train_ep_004637,3,True
utt__train_ep_004637__003,char__queen,queen,1,train_ep_004637,3,False
utt__train_ep_004637__006,char__queen,queen,1,train_ep_004637,6,False
utt__train_ep_004637__009,char__king,king,1,train_ep_004637,9,True
utt__train_ep_004637__010,char__guard,guard,1,train_ep_004637,10,False
utt__train_ep_004637__013,char__fly,fly,1,train_ep_004637,13,False
utt__train_ep_004652__001,char__children,children,1,train_ep_004652,1,False
utt__train_ep_004652__004,char__queen,queen,1,train_ep_004652,4,False
utt__train_ep_004652__005,char__woman,woman,1,train_ep_004652,5,False
utt__train_ep_004652__007,char__people,people,1,train_ep_004652,7,False
utt__train_ep_004652__008,char__lord,lord,1,train_ep_004652,8,False
utt__train_ep_004652__009,char__woman,woman,1,train_ep_004652,9,False
utt__train_ep_004652__010,char__father,father,1,train_ep_004652,10,False
utt__train_ep_004652__011,char__father,father,1,train_ep_004652,11,False
utt__train_ep_004686__000,char__servant,servant,1,train_ep_004686,0,False
utt__train_ep_004686__005,char__blacksmith,blacksmith,1,train_ep_004686,5,False
utt__train_ep_004686__005,char__wife,wife,1,train_ep_004686,5,False
utt__train_ep_004686__005,char__criminal,criminal,1,train_ep_004686,5,False
utt__train_ep_004686__006,char__wife,wife,1,train_ep_004686,6,False
utt__train_ep_004686__006,char__royal,royal,1,train_ep_004686,6,False
utt__train_ep_004686__009,char__owner,owner,1,train_ep_004686,9,False
utt__train_ep_004686__011,char__soldiers,soldiers,1,train_ep_004686,11,False
utt__train_ep_004686__013,char__family,family,1,train_ep_004686,13,False
utt__train_ep_004688__000,char__torturer,torturer,1,train_ep_004688,0,False
utt__train_ep_004688__000,char__chief,chief,1,train_ep_004688,0,False
utt__train_ep_004688__002,char__king_of,king of,1,train_ep_004688,2,False
utt__train_ep_004688__002,char__king,king,1,train_ep_004688,2,True
utt__train_ep_004688__002,char__thief,thief,1,train_ep_004688,2,False
utt__train_ep_004688__003,char__person,person,1,train_ep_004688,3,False
utt__train_ep_004688__004,char__guards,guards,1,train_ep_004688,4,False
utt__train_ep_004688__005,char__guards,guards,1,train_ep_004688,5,False
utt__train_ep_004688__006,char__guards,guards,1,train_ep_004688,6,False
utt__train_ep_004688__007,char__king,king,1,train_ep_004688,7,True
utt__train_ep_004688__010,char__enemy,enemy,1,train_ep_004688,10,False
utt__train_ep_004688__011,char__fool,fool,1,train_ep_004688,11,False
utt__train_ep_004688__011,char__king,king,1,train_ep_004688,11,True
utt__train_ep_004688__013,char__man,man,1,train_ep_004688,13,False
utt__train_ep_004688__013,char__no_one,no one,1,train_ep_004688,13,False
utt__train_ep_004845__008,char__boar,boar,1,train_ep_004845,8,False
utt__train_ep_004924__000,char__maid,maid,1,train_ep_004924,0,False
utt__train_ep_004924__003,char__lord,lord,1,train_ep_004924,3,False
utt__train_ep_004924__005,char__lord,lord,1,train_ep_004924,5,False
utt__train_ep_004924__007,char__lord,lord,1,train_ep_004924,7,False
utt__train_ep_004927__000,char__people,people,1,train_ep_004927,0,False
utt__train_ep_004927__002,char__lord,lord,1,train_ep_004927,2,False
utt__train_ep_004927__004,char__dove,dove,1,train_ep_004927,4,False
utt__train_ep_004927__013,char__lord,lord,1,train_ep_004927,13,False
utt__train_ep_004934__000,char__lord,lord,1,train_ep_004934,0,False
utt__train_ep_004934__001,char__companion,companion,1,train_ep_004934,1,False
utt__train_ep_004934__002,char__owner,owner,1,train_ep_004934,2,False
utt__train_ep_004934__003,char__apothecary,apothecary,1,train_ep_004934,3,False
utt__train_ep_004934__009,char__chef,chef,1,train_ep_004934,9,False
utt__train_ep_004934__013,char__royal,royal,1,train_ep_004934,13,False
utt__train_ep_004936__002,char__king,king,1,train_ep_004936,2,True
utt__train_ep_004936__003,char__royal,royal,1,train_ep_004936,3,False
utt__train_ep_004936__005,char__king,king,1,train_ep_004936,5,True
utt__train_ep_004936__005,char__queen,queen,1,train_ep_004936,5,False
utt__train_ep_004936__008,char__king,king,1,train_ep_004936,8,True
utt__train_ep_004936__012,char__noble,noble,1,train_ep_004936,12,False
utt__train_ep_004936__013,char__man,man,1,train_ep_004936,13,False
utt__train_ep_004936__013,char__children,children,1,train_ep_004936,13,False
utt__train_ep_004938__001,char__king,king,1,train_ep_004938,1,True
utt__train_ep_004938__003,char__queen,queen,1,train_ep_004938,3,False
utt__train_ep_004938__004,char__friend,friend,1,train_ep_004938,4,False
utt__train_ep_004938__005,char__king,king,1,train_ep_004938,5,True
utt__train_ep_004938__006,char__wife,wife,1,train_ep_004938,6,False
utt__train_ep_004938__008,char__king,king,1,train_ep_004938,8,True
utt__train_ep_004938__010,char__friend,friend,1,train_ep_004938,10,False
utt__train_ep_004938__010,char__guard,guard,1,train_ep_004938,10,False
utt__train_ep_004938__011,char__queen,queen,1,train_ep_004938,11,False
utt__train_ep_004953__001,char__man,man,1,train_ep_004953,1,False
utt__train_ep_004953__001,char__queen,queen,1,train_ep_004953,1,False
utt__train_ep_004953__001,char__royal_guard,royal guard,1,train_ep_004953,1,False
utt__train_ep_004953__001,char__royal,royal,1,train_ep_004953,1,False
utt__train_ep_004953__001,char__guard,guard,1,train_ep_004953,1,False
utt__train_ep_004953__001,char__guards,guards,1,train_ep_004953,1,False
utt__train_ep_004953__003,char__merchant,merchant,1,train_ep_004953,3,False
utt__train_ep_004953__005,char__battle,battle,1,train_ep_004953,5,False
utt__train_ep_004953__005,char__queen,queen,1,train_ep_004953,5,False
utt__train_ep_004953__007,char__battle,battle,1,train_ep_004953,7,False
utt__train_ep_004953__008,char__battle,battle,1,train_ep_004953,8,False
utt__train_ep_004953__009,char__lady,lady,1,train_ep_004953,9,False
utt__train_ep_004953__009,char__battle,battle,1,train_ep_004953,9,False
utt__train_ep_004953__009,char__warrior,warrior,1,train_ep_004953,9,False
utt__train_ep_004953__009,char__king,king,1,train_ep_004953,9,True
utt__train_ep_004953__011,char__merchant,merchant,1,train_ep_004953,11,False
utt__train_ep_004953__011,char__queen,queen,1,train_ep_004953,11,False
utt__train_ep_004953__012,char__queen,queen,1,train_ep_004953,12,False
utt__train_ep_004953__013,char__king,king,1,train_ep_004953,13,True
utt__train_ep_004966__000,char__father,father,1,train_ep_004966,0,False
utt__train_ep_004966__001,char__family,family,1,train_ep_004966,1,False
utt__train_ep_004966__007,char__people,people,1,train_ep_004966,7,False
utt__train_ep_004966__009,char__battle,battle,1,train_ep_004966,9,False
utt__train_ep_004966__010,char__father,father,1,train_ep_004966,10,False
utt__train_ep_004979__000,char__king,king,1,train_ep_004979,0,True
utt__train_ep_004979__001,char__servant,servant,1,train_ep_004979,1,False
utt__train_ep_004979__001,char__chef,chef,1,train_ep_004979,1,False
utt__train_ep_004979__002,char__queen_s,queen's,1,train_ep_004979,2,False
utt__train_ep_004979__003,char__servant,servant,1,train_ep_004979,3,False
utt__train_ep_004979__004,char__queen,queen,2,train_ep_004979,4,False
utt__train_ep_004979__004,char__king,king,1,train_ep_004979,4,True
utt__train_ep_004979__006,char__fool,fool,1,train_ep_004979,6,False
utt__train_ep_004979__006,char__queen,queen,1,train_ep_004979,6,False
utt__train_ep_004979__007,char__table,table,1,train_ep_004979,7,False
utt__train_ep_004979__010,char__queen,queen,1,train_ep_004979,10,False
utt__train_ep_004979__011,char__queen,queen,1,train_ep_004979,11,False
utt__train_ep_004979__012,char__battle,battle,1,train_ep_004979,12,False
utt__train_ep_004982__000,char__king,king,1,train_ep_004982,0,True
utt__train_ep_004982__001,char__orc,orc,1,train_ep_004982,1,False
utt__train_ep_004982__002,char__others,others,1,train_ep_004982,2,False
utt__train_ep_004982__003,char__wall,wall,1,train_ep_004982,3,False
utt__train_ep_004982__004,char__king,king,1,train_ep_004982,4,True
utt__train_ep_004982__008,char__thing,thing,1,train_ep_004982,8,False
utt__train_ep_004982__008,char__people,people,1,train_ep_004982,8,False
utt__train_ep_004982__009,char__king,king,2,train_ep_004982,9,True
utt__train_ep_004982__009,char__people,people,1,train_ep_004982,9,False
utt__train_ep_004982__011,char__king,king,1,train_ep_004982,11,True
utt__train_ep_004982__011,char__people,people,1,train_ep_004982,11,False
utt__train_ep_005001__000,char__king,king,1,train_ep_005001,0,True
utt__train_ep_005001__002,char__king,king,1,train_ep_005001,2,True
utt__train_ep_005001__002,char__guard,guard,1,train_ep_005001,2,False
utt__train_ep_005001__002,char__jester,jester,1,train_ep_005001,2,False
utt__train_ep_005001__008,char__king,king,1,train_ep_005001,8,True
utt__train_ep_005001__010,char__rabbit,rabbit,1,train_ep_005001,10,False
utt__train_ep_005001__011,char__rabbit,rabbit,1,train_ep_005001,11,False
utt__train_ep_005001__012,char__thing,thing,1,train_ep_005001,12,False
utt__train_ep_005024__000,char__king,king,1,train_ep_005024,0,True
utt__train_ep_005024__003,char__servant,servant,1,train_ep_005024,3,False
utt__train_ep_005024__007,char__king,king,1,train_ep_005024,7,True
utt__train_ep_005024__011,char__court_jester,court jester,1,train_ep_005024,11,False
utt__train_ep_005024__011,char__jester,jester,1,train_ep_005024,11,False
utt__train_ep_005026__002,char__king,king,1,train_ep_005026,2,True
utt__train_ep_005026__002,char__subjects,subjects,1,train_ep_005026,2,False
utt__train_ep_005026__003,char__king,king,1,train_ep_005026,3,True
utt__train_ep_005026__003,char__individual,individual,1,train_ep_005026,3,False
utt__train_ep_005026__004,char__people,people,1,train_ep_005026,4,False
utt__train_ep_005026__005,char__man,man,1,train_ep_005026,5,False
utt__train_ep_005026__005,char__woman,woman,1,train_ep_005026,5,False
utt__train_ep_005026__006,char__person,person,1,train_ep_005026,6,False
utt__train_ep_005026__006,char__people,people,1,train_ep_005026,6,False
utt__train_ep_005026__007,char__king,king,1,train_ep_005026,7,True
utt__train_ep_005026__008,char__people,people,1,train_ep_005026,8,False
utt__train_ep_005026__008,char__citizen,citizen,1,train_ep_005026,8,False
utt__train_ep_005026__009,char__royal,royal,1,train_ep_005026,9,False
utt__train_ep_005026__009,char__man,man,1,train_ep_005026,9,False
utt__train_ep_005026__010,char__child,child,1,train_ep_005026,10,False
utt__train_ep_005026__010,char__cow,cow,1,train_ep_005026,10,False
utt__train_ep_005026__011,char__sacrifice,sacrifice,1,train_ep_005026,11,False
utt__train_ep_005026__012,char__people,people,2,train_ep_005026,12,False
utt__train_ep_005026__012,char__king,king,3,train_ep_005026,12,True
utt__train_ep_005050__011,char__family,family,1,train_ep_005050,11,False
utt__train_ep_005060__000,char__chef,chef,1,train_ep_005060,0,False
utt__train_ep_005060__001,char__beast,beast,1,train_ep_005060,1,False
utt__train_ep_005060__003,char__beast,beast,1,train_ep_005060,3,False
utt__train_ep_005060__003,char__pheasant,pheasant,1,train_ep_005060,3,False
utt__train_ep_005060__006,char__chef,chef,1,train_ep_005060,6,False
utt__train_ep_005060__011,char__fight,fight,1,train_ep_005060,11,False
utt__train_ep_005060__013,char__pheasant,pheasant,1,train_ep_005060,13,False
utt__train_ep_005062__001,char__king,king,1,train_ep_005062,1,True
utt__train_ep_005062__003,char__man,man,1,train_ep_005062,3,False
utt__train_ep_005062__005,char__guards,guards,1,train_ep_005062,5,False
utt__train_ep_005062__007,char__king,king,1,train_ep_005062,7,True
utt__train_ep_005062__009,char__king,king,1,train_ep_005062,9,True
utt__train_ep_005062__010,char__retainer,retainer,1,train_ep_005062,10,False
utt__train_ep_005066__000,char__queen,queen,1,train_ep_005066,0,False
utt__train_ep_005066__001,char__queen,queen,1,train_ep_005066,1,False
utt__train_ep_005066__005,char__queen,queen,1,train_ep_005066,5,False
utt__train_ep_005066__007,char__brother,brother,1,train_ep_005066,7,False
utt__train_ep_005066__009,char__king,king,1,train_ep_005066,9,True
utt__train_ep_005067__003,char__royalty,royalty,1,train_ep_005067,3,False
utt__train_ep_005067__005,char__dragon,dragon,1,train_ep_005067,5,False
utt__train_ep_005067__005,char__no_one,no one,1,train_ep_005067,5,False
utt__train_ep_005067__007,char__man,man,1,train_ep_005067,7,False
utt__train_ep_005067__007,char__father,father,1,train_ep_005067,7,False
utt__train_ep_005067__009,char__king,king,1,train_ep_005067,9,True
utt__train_ep_005067__010,char__queen,queen,1,train_ep_005067,10,False
utt__train_ep_005067__010,char__leader,leader,1,train_ep_005067,10,False
utt__train_ep_005088__000,char__queen,queen,1,train_ep_005088,0,False
utt__train_ep_005088__002,char__maid,maid,1,train_ep_005088,2,False
utt__train_ep_005088__008,char__queen,queen,1,train_ep_005088,8,False
utt__train_ep_005088__013,char__librarian,librarian,1,train_ep_005088,13,False
utt__train_ep_005128__003,char__guards,guards,1,train_ep_005128,3,False
utt__train_ep_005128__004,char__king_s_guard,king's guard,1,train_ep_005128,4,False
utt__train_ep_005128__004,char__guard,guard,1,train_ep_005128,4,False
utt__train_ep_005128__011,char__people,people,1,train_ep_005128,11,False
utt__train_ep_005209__000,char__daughter,daughter,1,train_ep_005209,0,False
utt__train_ep_005209__000,char__son,son,1,train_ep_005209,0,False
utt__train_ep_005209__001,char__families,families,1,train_ep_005209,1,False
utt__train_ep_005209__002,char__daughter,daughter,1,train_ep_005209,2,False
utt__train_ep_005209__002,char__scholar,scholar,1,train_ep_005209,2,False
utt__train_ep_005209__003,char__son,son,1,train_ep_005209,3,False
utt__train_ep_005209__007,char__dragon,dragon,1,train_ep_005209,7,False
utt__train_ep_005209__013,char__son,son,1,train_ep_005209,13,False
utt__train_ep_005230__004,char__dragon,dragon,1,train_ep_005230,4,False
utt__train_ep_005230__006,char__dragon,dragon,1,train_ep_005230,6,False
utt__train_ep_005230__011,char__dragon,dragon,1,train_ep_005230,11,False
utt__train_ep_005263__000,char__officer,officer,1,train_ep_005263,0,False
utt__train_ep_005263__001,char__king,king,1,train_ep_005263,1,True
utt__train_ep_005263__003,char__king,king,1,train_ep_005263,3,True
utt__train_ep_005263__005,char__king,king,1,train_ep_005263,5,True
utt__train_ep_005263__007,char__king,king,1,train_ep_005263,7,True
utt__train_ep_005263__007,char__princess,princess,1,train_ep_005263,7,False
utt__train_ep_005263__008,char__daughter,daughter,1,train_ep_005263,8,False
utt__train_ep_005263__010,char__queen,queen,1,train_ep_005263,10,False
utt__train_ep_005265__004,char__royal,royal,1,train_ep_005265,4,False
utt__train_ep_005265__005,char__people,people,1,train_ep_005265,5,False
utt__train_ep_005265__006,char__king,king,1,train_ep_005265,6,True
utt__train_ep_005265__008,char__people,people,1,train_ep_005265,8,False
utt__train_ep_005265__010,char__royal,royal,1,train_ep_005265,10,False
utt__train_ep_005265__011,char__people,people,1,train_ep_005265,11,False
utt__train_ep_005265__012,char__king,king,1,train_ep_005265,12,True
utt__train_ep_005270__000,char__king,king,1,train_ep_005270,0,True
utt__train_ep_005270__001,char__knight,knight,1,train_ep_005270,1,False
utt__train_ep_005270__001,char__light,light,1,train_ep_005270,1,False
utt__train_ep_005270__004,char__fairy,fairy,1,train_ep_005270,4,False
utt__train_ep_005270__004,char__court_wizard,court wizard,1,train_ep_005270,4,False
utt__train_ep_005270__004,char__wizard,wizard,1,train_ep_005270,4,False
utt__train_ep_005270__005,char__wizard,wizard,1,train_ep_005270,5,False
utt__train_ep_005270__007,char__high_priestess,high priestess,1,train_ep_005270,7,False
utt__train_ep_005270__007,char__priestess,priestess,1,train_ep_005270,7,False
utt__train_ep_005270__007,char__witch,witch,1,train_ep_005270,7,False
utt__train_ep_005270__008,char__witch,witch,1,train_ep_005270,8,False
utt__train_ep_005270__012,char__king,king,1,train_ep_005270,12,True
utt__train_ep_005270__013,char__man,man,1,train_ep_005270,13,False
utt__train_ep_005281__002,char__king,king,1,train_ep_005281,2,True
utt__train_ep_005281__003,char__queen,queen,1,train_ep_005281,3,False
utt__train_ep_005281__006,char__queen,queen,1,train_ep_005281,6,False
utt__train_ep_005281__006,char__woman,woman,1,train_ep_005281,6,False
utt__train_ep_005281__006,char__thing,thing,1,train_ep_005281,6,False
utt__train_ep_005281__006,char__king,king,1,train_ep_005281,6,True
utt__train_ep_005281__008,char__lord,lord,1,train_ep_005281,8,False
utt__train_ep_005281__010,char__lord,lord,1,train_ep_005281,10,False
utt__train_ep_005281__010,char__queen,queen,1,train_ep_005281,10,False
utt__train_ep_005281__011,char__thing,thing,1,train_ep_005281,11,False
utt__train_ep_005393__000,char__king,king,1,train_ep_005393,0,True
utt__train_ep_005393__000,char__family,family,1,train_ep_005393,0,False
utt__train_ep_005393__002,char__family,family,1,train_ep_005393,2,False
utt__train_ep_005393__003,char__family,family,1,train_ep_005393,3,False
utt__train_ep_005393__003,char__son,son,1,train_ep_005393,3,False
utt__train_ep_005393__004,char__king,king,1,train_ep_005393,4,True
utt__train_ep_005393__005,char__guard,guard,1,train_ep_005393,5,False
utt__train_ep_005393__006,char__guards,guards,1,train_ep_005393,6,False
utt__train_ep_005393__007,char__man,man,1,train_ep_005393,7,False
utt__train_ep_005393__009,char__prisoners,prisoners,1,train_ep_005393,9,False
utt__train_ep_005464__000,char__guard,guard,1,train_ep_005464,0,False
utt__train_ep_005464__001,char__king,king,1,train_ep_005464,1,True
utt__train_ep_005464__002,char__dragon,dragon,1,train_ep_005464,2,False
utt__train_ep_005464__002,char__people,people,1,train_ep_005464,2,False
utt__train_ep_005464__005,char__fight,fight,1,train_ep_005464,5,False
utt__train_ep_005464__008,char__guard,guard,1,train_ep_005464,8,False
utt__train_ep_005464__008,char__beast,beast,1,train_ep_005464,8,False
utt__train_ep_005464__009,char__thing,thing,1,train_ep_005464,9,False
utt__train_ep_005464__010,char__guard,guard,1,train_ep_005464,10,False
utt__train_ep_005464__012,char__dragon,dragon,1,train_ep_005464,12,False
utt__train_ep_005473__001,char__apothecary,apothecary,1,train_ep_005473,1,False
utt__train_ep_005473__001,char__husband,husband,1,train_ep_005473,1,False
utt__train_ep_005473__002,char__fool,fool,1,train_ep_005473,2,False
utt__train_ep_005473__002,char__apothecary,apothecary,1,train_ep_005473,2,False
utt__train_ep_005473__006,char__dog,dog,1,train_ep_005473,6,False
utt__train_ep_005473__006,char__apothecary,apothecary,1,train_ep_005473,6,False
utt__train_ep_005473__007,char__dogs,dogs,1,train_ep_005473,7,False
utt__train_ep_005473__007,char__apothecary,apothecary,1,train_ep_005473,7,False
utt__train_ep_005473__009,char__pet,pet,1,train_ep_005473,9,False
utt__train_ep_005473__009,char__dog,dog,1,train_ep_005473,9,False
utt__train_ep_005473__010,char__pet,pet,1,train_ep_005473,10,False
utt__train_ep_005477__006,char__battle,battle,1,train_ep_005477,6,False
utt__train_ep_005477__007,char__advisor,advisor,1,train_ep_005477,7,False
utt__train_ep_005477__008,char__survivors,survivors,1,train_ep_005477,8,False
utt__train_ep_005477__009,char__guards,guards,1,train_ep_005477,9,False
utt__train_ep_005477__012,char__queen,queen,1,train_ep_005477,12,False
utt__train_ep_005513__000,char__king,king,1,train_ep_005513,0,True
utt__train_ep_005513__001,char__servant,servant,1,train_ep_005513,1,False
utt__train_ep_005513__002,char__lord,lord,1,train_ep_005513,2,False
utt__train_ep_005513__007,char__bear,bear,1,train_ep_005513,7,False
utt__train_ep_005513__007,char__beast,beast,1,train_ep_005513,7,False
utt__train_ep_005513__009,char__bear,bear,1,train_ep_005513,9,False
utt__train_ep_005513__009,char__children,children,1,train_ep_005513,9,False
utt__train_ep_005513__010,char__family,family,1,train_ep_005513,10,False
utt__train_ep_005513__011,char__servant,servant,1,train_ep_005513,11,False
utt__train_ep_005513__013,char__queen,queen,1,train_ep_005513,13,False
utt__train_ep_005517__000,char__merchant,merchant,1,train_ep_005517,0,False
utt__train_ep_005517__001,char__merchant,merchant,1,train_ep_005517,1,False
utt__train_ep_005517__002,char__fool,fool,1,train_ep_005517,2,False
utt__train_ep_005517__005,char__wizard,wizard,1,train_ep_005517,5,False
utt__train_ep_005517__006,char__wizard,wizard,1,train_ep_005517,6,False
utt__train_ep_005517__009,char__soul,soul,1,train_ep_005517,9,False
utt__train_ep_005517__010,char__merchant,merchant,1,train_ep_005517,10,False
utt__train_ep_005517__011,char__merchant,merchant,1,train_ep_005517,11,False
utt__train_ep_005517__013,char__wife,wife,1,train_ep_005517,13,False
utt__train_ep_005536__000,char__orc,orc,1,train_ep_005536,0,False
utt__train_ep_005536__001,char__lord,lord,1,train_ep_005536,1,False
utt__train_ep_005536__003,char__lord,lord,1,train_ep_005536,3,False
utt__train_ep_005536__004,char__friend,friend,1,train_ep_005536,4,False
utt__train_ep_005536__005,char__lord,lord,1,train_ep_005536,5,False
utt__train_ep_005536__007,char__lord,lord,1,train_ep_005536,7,False
utt__train_ep_005536__008,char__others,others,1,train_ep_005536,8,False
utt__train_ep_005536__008,char__village,village,1,train_ep_005536,8,False
utt__train_ep_005536__009,char__orc,orc,1,train_ep_005536,9,False
utt__train_ep_005536__009,char__lord,lord,1,train_ep_005536,9,False
utt__train_ep_005536__010,char__friend,friend,1,train_ep_005536,10,False
utt__train_ep_005536__010,char__nobles,nobles,1,train_ep_005536,10,False
utt__train_ep_005536__011,char__lord,lord,1,train_ep_005536,11,False
utt__train_ep_005536__012,char__friend,friend,1,train_ep_005536,12,False
utt__train_ep_005536__012,char__people,people,1,train_ep_005536,12,False
utt__train_ep_005536__013,char__lord,lord,1,train_ep_005536,13,False
utt__train_ep_005536__013,char__kings,kings,1,train_ep_005536,13,False
utt__train_ep_005536__013,char__orc,orc,1,train_ep_005536,13,False
utt__train_ep_005557__000,char__king,king,1,train_ep_005557,0,True
utt__train_ep_005557__000,char__guard,guard,1,train_ep_005557,0,False
utt__train_ep_005557__000,char__royal,royal,1,train_ep_005557,0,False
utt__train_ep_005557__003,char__wife,wife,1,train_ep_005557,3,False
utt__train_ep_005557__003,char__queen,queen,1,train_ep_005557,3,False
utt__train_ep_005557__004,char__guard,guard,1,train_ep_005557,4,False
utt__train_ep_005557__007,char__guard,guard,1,train_ep_005557,7,False
utt__train_ep_005557__009,char__queen,queen,1,train_ep_005557,9,False
utt__train_ep_005557__011,char__guard,guard,1,train_ep_005557,11,False
utt__train_ep_005560__001,char__lord,lord,1,train_ep_005560,1,False
utt__train_ep_005560__003,char__subject,subject,1,train_ep_005560,3,False
utt__train_ep_005560__004,char__king,king,1,train_ep_005560,4,True
utt__train_ep_005560__005,char__people,people,1,train_ep_005560,5,False
utt__train_ep_005560__006,char__king,king,1,train_ep_005560,6,True
utt__train_ep_005560__006,char__god,god,1,train_ep_005560,6,False
utt__train_ep_005560__007,char__king,king,2,train_ep_005560,7,True
utt__train_ep_005560__007,char__lord,lord,1,train_ep_005560,7,False
utt__train_ep_005560__008,char__subject,subject,1,train_ep_005560,8,False
utt__train_ep_005560__009,char__king,king,1,train_ep_005560,9,True
utt__train_ep_005560__010,char__king,king,1,train_ep_005560,10,True
utt__train_ep_005560__010,char__guards,guards,1,train_ep_005560,10,False
utt__train_ep_005560__011,char__woman,woman,1,train_ep_005560,11,False
utt__train_ep_005560__012,char__woman,woman,1,train_ep_005560,12,False
utt__train_ep_005560__012,char__man,man,1,train_ep_005560,12,False
utt__train_ep_005560__013,char__king,king,1,train_ep_005560,13,True
utt__train_ep_005562__004,char__brother,brother,1,train_ep_005562,4,False
utt__train_ep_005562__005,char__thing,thing,1,train_ep_005562,5,False
utt__train_ep_005562__008,char__fight,fight,1,train_ep_005562,8,False
utt__train_ep_005562__012,char__family,family,1,train_ep_005562,12,False
utt__train_ep_005562__013,char__king,king,1,train_ep_005562,13,True
utt__train_ep_005567__002,char__king,king,1,train_ep_005567,2,True
utt__train_ep_005567__003,char__thing,thing,1,train_ep_005567,3,False
utt__train_ep_005567__010,char__fight,fight,1,train_ep_005567,10,False
utt__train_ep_005567__010,char__army,army,1,train_ep_005567,10,False
utt__train_ep_005567__013,char__battle,battle,1,train_ep_005567,13,False
utt__train_ep_005583__000,char__knight,knight,1,train_ep_005583,0,False
utt__train_ep_005583__000,char__noble,noble,1,train_ep_005583,0,False
utt__train_ep_005583__000,char__family,family,1,train_ep_005583,0,False
utt__train_ep_005583__000,char__king,king,1,train_ep_005583,0,True
utt__train_ep_005583__000,char__father,father,1,train_ep_005583,0,False
utt__train_ep_005583__000,char__fight,fight,1,train_ep_005583,0,False
utt__train_ep_005583__001,char__knight,knight,1,train_ep_005583,1,False
utt__train_ep_005583__001,char__blacksmith,blacksmith,1,train_ep_005583,1,False
utt__train_ep_005583__009,char__knight,knight,1,train_ep_005583,9,False
utt__train_ep_005583__010,char__blacksmith,blacksmith,1,train_ep_005583,10,False
utt__train_ep_005583__011,char__battle,battle,1,train_ep_005583,11,False
utt__train_ep_005583__011,char__knight,knight,1,train_ep_005583,11,False
utt__train_ep_005594__001,char__chef,chef,1,train_ep_005594,1,False
utt__train_ep_005594__007,char__staff,staff,3,train_ep_005594,7,False
utt__train_ep_005594__011,char__staff,staff,1,train_ep_005594,11,False
utt__train_ep_005596__002,char__family,family,1,train_ep_005596,2,False
utt__train_ep_005596__002,char__king,king,1,train_ep_005596,2,True
utt__train_ep_005596__006,char__artists,artists,1,train_ep_005596,6,False
utt__train_ep_005596__008,char__farmer,farmer,1,train_ep_005596,8,False
utt__train_ep_005596__008,char__servant,servant,1,train_ep_005596,8,False
utt__train_ep_005596__008,char__king,king,1,train_ep_005596,8,True
utt__train_ep_005596__010,char__old_man,old man,1,train_ep_005596,10,False
utt__train_ep_005596__010,char__man,man,1,train_ep_005596,10,False
utt__train_ep_005596__010,char__crow,crow,1,train_ep_005596,10,False
utt__train_ep_005596__010,char__flies,flies,1,train_ep_005596,10,False
utt__train_ep_005596__013,char__guards,guards,1,train_ep_005596,13,False
utt__train_ep_005601__000,char__queen,queen,1,train_ep_005601,0,False
utt__train_ep_005601__004,char__queen,queen,1,train_ep_005601,4,False
utt__train_ep_005601__005,char__king,king,1,train_ep_005601,5,True
utt__train_ep_005601__005,char__chambermaid,chambermaid,1,train_ep_005601,5,False
utt__train_ep_005601__006,char__queen,queen,1,train_ep_005601,6,False
utt__train_ep_005601__006,char__chambermaid,chambermaid,1,train_ep_005601,6,False
utt__train_ep_005601__007,char__king,king,1,train_ep_005601,7,True
utt__train_ep_005601__009,char__animal,animal,1,train_ep_005601,9,False
utt__train_ep_005601__010,char__animal,animal,1,train_ep_005601,10,False
utt__train_ep_005601__011,char__animal,animal,1,train_ep_005601,11,False
utt__train_ep_005601__012,char__queen,queen,1,train_ep_005601,12,False
utt__train_ep_005601__013,char__king,king,1,train_ep_005601,13,True
utt__train_ep_005601__013,char__chambermaid,chambermaid,1,train_ep_005601,13,False
utt__train_ep_005624__000,char__king,king,1,train_ep_005624,0,True
utt__train_ep_005624__010,char__thing,thing,1,train_ep_005624,10,False
utt__train_ep_005624__013,char__guards,guards,1,train_ep_005624,13,False
utt__train_ep_005624__013,char__guest,guest,1,train_ep_005624,13,False
utt__train_ep_005749__000,char__family,family,1,train_ep_005749,0,False
utt__train_ep_005749__006,char__father,father,1,train_ep_005749,6,False
utt__train_ep_005749__008,char__woman,woman,1,train_ep_005749,8,False
utt__train_ep_005749__010,char__father,father,1,train_ep_005749,10,False
utt__train_ep_005749__013,char__prince,prince,1,train_ep_005749,13,False
utt__train_ep_005803__000,char__king,king,1,train_ep_005803,0,True
utt__train_ep_005803__001,char__queen,queen,1,train_ep_005803,1,False
utt__train_ep_005803__005,char__guards,guards,1,train_ep_005803,5,False
utt__train_ep_005803__005,char__thing,thing,1,train_ep_005803,5,False
utt__train_ep_005803__006,char__guards,guards,2,train_ep_005803,6,False
utt__train_ep_005803__008,char__guards,guards,1,train_ep_005803,8,False
utt__train_ep_005803__008,char__king,king,1,train_ep_005803,8,True
utt__train_ep_005803__010,char__horse,horse,1,train_ep_005803,10,False
utt__train_ep_005803__012,char__horse,horse,1,train_ep_005803,12,False
utt__train_ep_005805__003,char__queen,queen,1,train_ep_005805,3,False
utt__train_ep_005805__004,char__wife,wife,1,train_ep_005805,4,False
utt__train_ep_005805__004,char__man,man,1,train_ep_005805,4,False
utt__train_ep_005805__005,char__drunk,drunk,1,train_ep_005805,5,False
utt__train_ep_005805__005,char__man,man,1,train_ep_005805,5,False
utt__train_ep_005805__005,char__wife,wife,1,train_ep_005805,5,False
utt__train_ep_005805__006,char__king,king,1,train_ep_005805,6,True
utt__train_ep_005805__006,char__wife,wife,1,train_ep_005805,6,False
utt__train_ep_005805__006,char__queen,queen,1,train_ep_005805,6,False
utt__train_ep_005805__011,char__child,child,1,train_ep_005805,11,False
utt__train_ep_005805__012,char__woman,woman,1,train_ep_005805,12,False
utt__train_ep_005805__012,char__queen,queen,1,train_ep_005805,12,False
utt__train_ep_005805__013,char__adulterer,adulterer,1,train_ep_005805,13,False
utt__train_ep_005809__000,char__king,king,1,train_ep_005809,0,True
utt__train_ep_005809__002,char__king,king,1,train_ep_005809,2,True
utt__train_ep_006019__000,char__maid,maid,1,train_ep_006019,0,False
utt__train_ep_006019__004,char__man,man,1,train_ep_006019,4,False
utt__train_ep_006019__010,char__king,king,1,train_ep_006019,10,True
utt__train_ep_006019__012,char__high_priest,high priest,1,train_ep_006019,12,False
utt__train_ep_006019__012,char__priest,priest,1,train_ep_006019,12,False
utt__train_ep_006019__012,char__thing,thing,1,train_ep_006019,12,False
utt__train_ep_006021__000,char__maid,maid,2,train_ep_006021,0,False
utt__train_ep_006021__002,char__lord,lord,1,train_ep_006021,2,False
utt__train_ep_006021__004,char__chamber_maid,chamber maid,1,train_ep_006021,4,False
utt__train_ep_006021__004,char__maid,maid,1,train_ep_006021,4,False
utt__train_ep_006021__006,char__chambermaid,chambermaid,1,train_ep_006021,6,False
utt__train_ep_006021__008,char__chamber_maid,chamber maid,2,train_ep_006021,8,False
utt__train_ep_006021__008,char__maid,maid,2,train_ep_006021,8,False
utt__train_ep_006021__009,char__maid,maid,1,train_ep_006021,9,False
utt__train_ep_006021__011,char__bird,bird,1,train_ep_006021,11,False
utt__train_ep_006021__012,char__god,god,1,train_ep_006021,12,False
utt__train_ep_006021__013,char__maid,maid,1,train_ep_006021,13,False
utt__train_ep_006023__001,char__queen,queen,1,train_ep_006023,1,False
utt__train_ep_006023__005,char__king,king,1,train_ep_006023,5,True
utt__train_ep_006023__009,char__queen,queen,1,train_ep_006023,9,False
utt__train_ep_006023__010,char__prisoner,prisoner,1,train_ep_006023,10,False
utt__train_ep_006023__011,char__people,people,1,train_ep_006023,11,False
utt__train_ep_006023__011,char__person,person,1,train_ep_006023,11,False
utt__train_ep_006029__000,char__townsperson,townsperson,1,train_ep_006029,0,False
utt__train_ep_006029__000,char__fight,fight,1,train_ep_006029,0,False
utt__train_ep_006029__004,char__battle,battle,1,train_ep_006029,4,False
utt__train_ep_006029__006,char__king,king,1,train_ep_006029,6,True
utt__train_ep_006029__006,char__potion,potion,1,train_ep_006029,6,False
utt__train_ep_006029__007,char__no_one,no one,1,train_ep_006029,7,False
utt__train_ep_006029__008,char__king,king,1,train_ep_006029,8,True
utt__train_ep_006029__008,char__potion,potion,1,train_ep_006029,8,False
utt__train_ep_006029__008,char__fight,fight,1,train_ep_006029,8,False
utt__train_ep_006029__012,char__fool,fool,1,train_ep_006029,12,False
utt__train_ep_006055__000,char__subjects,subjects,1,train_ep_006055,0,False
utt__train_ep_006055__004,char__subjects,subjects,1,train_ep_006055,4,False
utt__train_ep_006055__006,char__kings,kings,1,train_ep_006055,6,False
utt__train_ep_006055__006,char__subjects,subjects,1,train_ep_006055,6,False
utt__train_ep_006055__009,char__king,king,1,train_ep_006055,9,True
utt__train_ep_006055__010,char__guard,guard,1,train_ep_006055,10,False
utt__train_ep_006055__010,char__subjects,subjects,1,train_ep_006055,10,False
utt__train_ep_006055__011,char__king,king,1,train_ep_006055,11,True
utt__train_ep_006066__000,char__servant,servant,1,train_ep_006066,0,False
utt__train_ep_006066__000,char__queen,queen,1,train_ep_006066,0,False
utt__train_ep_006066__002,char__apothecary,apothecary,1,train_ep_006066,2,False
utt__train_ep_006066__003,char__king,king,1,train_ep_006066,3,True
utt__train_ep_006066__004,char__fish,fish,1,train_ep_006066,4,False
utt__train_ep_006066__006,char__baby,baby,1,train_ep_006066,6,False
utt__train_ep_006066__007,char__baby,baby,1,train_ep_006066,7,False
utt__train_ep_006066__008,char__thing,thing,1,train_ep_006066,8,False
utt__train_ep_006066__011,char__king,king,1,train_ep_006066,11,True
utt__train_ep_006066__011,char__magician,magician,1,train_ep_006066,11,False
utt__train_ep_006066__012,char__servant,servant,1,train_ep_006066,12,False
utt__train_ep_006066__013,char__servant,servant,1,train_ep_006066,13,False
utt__train_ep_006066__013,char__royal_family,royal family,1,train_ep_006066,13,False
utt__train_ep_006066__013,char__royal,royal,1,train_ep_006066,13,False
utt__train_ep_006066__013,char__family,family,1,train_ep_006066,13,False
utt__train_ep_006068__000,char__god,god,1,train_ep_006068,0,False
utt__train_ep_006068__001,char__people,people,1,train_ep_006068,1,False
utt__train_ep_006087__001,char__king,king,1,train_ep_006087,1,True
utt__train_ep_006087__001,char__royal,royal,1,train_ep_006087,1,False
utt__train_ep_006087__002,char__royal,royal,1,train_ep_006087,2,False
utt__train_ep_006087__005,char__guards,guards,1,train_ep_006087,5,False
utt__train_ep_006087__006,char__king,king,1,train_ep_006087,6,True
utt__train_ep_006087__007,char__king,king,1,train_ep_006087,7,True
utt__train_ep_006087__008,char__king,king,1,train_ep_006087,8,True
utt__train_ep_006087__008,char__diplomat,diplomat,1,train_ep_006087,8,False
utt__train_ep_006087__009,char__king,king,1,train_ep_006087,9,True
utt__train_ep_006087__010,char__guards,guards,1,train_ep_006087,10,False
utt__train_ep_006087__010,char__man,man,1,train_ep_006087,10,False
utt__train_ep_006087__011,char__king,king,1,train_ep_006087,11,True
utt__train_ep_006087__013,char__king,king,1,train_ep_006087,13,True
utt__train_ep_006108__001,char__warden,warden,1,train_ep_006108,1,False
utt__train_ep_006108__001,char__lord,lord,1,train_ep_006108,1,False
utt__train_ep_006108__004,char__people,people,1,train_ep_006108,4,False
utt__train_ep_006108__005,char__lord,lord,1,train_ep_006108,5,False
utt__train_ep_006108__006,char__people,people,1,train_ep_006108,6,False
utt__train_ep_006108__008,char__peasant,peasant,1,train_ep_006108,8,False
utt__train_ep_006108__010,char__people,people,1,train_ep_006108,10,False
utt__train_ep_006108__011,char__people,people,1,train_ep_006108,11,False
utt__train_ep_006108__013,char__lord,lord,1,train_ep_006108,13,False
utt__train_ep_006131__000,char__blacksmith,blacksmith,1,train_ep_006131,0,False
utt__train_ep_006131__001,char__army,army,1,train_ep_006131,1,False
utt__train_ep_006131__002,char__battle,battle,1,train_ep_006131,2,False
utt__train_ep_006131__003,char__king,king,1,train_ep_006131,3,True
utt__train_ep_006131__004,char__blacksmith,blacksmith,1,train_ep_006131,4,False
utt__train_ep_006131__004,char__watchman,watchman,1,train_ep_006131,4,False
utt__train_ep_006131__007,char__king,king,1,train_ep_006131,7,True
utt__train_ep_006131__008,char__man,man,1,train_ep_006131,8,False
utt__train_ep_006131__009,char__king,king,1,train_ep_006131,9,True
utt__train_ep_006131__010,char__man,man,1,train_ep_006131,10,False
utt__train_ep_006131__010,char__people,people,1,train_ep_006131,10,False
utt__train_ep_006131__012,char__friend,friend,1,train_ep_006131,12,False
utt__train_ep_006131__013,char__king,king,1,train_ep_006131,13,True
utt__train_ep_006131__013,char__guards,guards,1,train_ep_006131,13,False
utt__train_ep_006131__013,char__queen,queen,1,train_ep_006131,13,False
utt__train_ep_006141__000,char__maid,maid,1,train_ep_006141,0,False
utt__train_ep_006141__009,char__mouse,mouse,1,train_ep_006141,9,False
utt__train_ep_006141__011,char__lizard,lizard,1,train_ep_006141,11,False
utt__train_ep_006141__011,char__table,table,1,train_ep_006141,11,False
utt__train_ep_006141__012,char__maid,maid,1,train_ep_006141,12,False
utt__train_ep_006141__012,char__mice,mice,1,train_ep_006141,12,False
utt__train_ep_006141__013,char__chicken,chicken,1,train_ep_006141,13,False
utt__train_ep_006142__002,char__guards,guards,1,train_ep_006142,2,False
utt__train_ep_006142__004,char__king,king,1,train_ep_006142,4,True
utt__train_ep_006147__000,char__queen,queen,1,train_ep_006147,0,False
utt__train_ep_006147__001,char__king,king,1,train_ep_006147,1,True
utt__train_ep_006147__006,char__queen,queen,1,train_ep_006147,6,False
utt__train_ep_006147__007,char__husband,husband,1,train_ep_006147,7,False
utt__train_ep_006147__009,char__king,king,1,train_ep_006147,9,True
utt__train_ep_006147__010,char__guards,guards,1,train_ep_006147,10,False
utt__train_ep_006147__010,char__brother,brother,1,train_ep_006147,10,False
utt__train_ep_006147__011,char__brother,brother,1,train_ep_006147,11,False
utt__train_ep_006147__013,char__husband,husband,1,train_ep_006147,13,False
utt__train_ep_006147__013,char__brother,brother,1,train_ep_006147,13,False
utt__train_ep_006161__000,char__lord,lord,1,train_ep_006161,0,False
utt__train_ep_006161__000,char__patron,patron,1,train_ep_006161,0,False
utt__train_ep_006161__002,char__lord,lord,1,train_ep_006161,2,False
utt__train_ep_006161__004,char__lord,lord,1,train_ep_006161,4,False
utt__train_ep_006161__006,char__farmer,farmer,1,train_ep_006161,6,False
utt__train_ep_006161__007,char__noble,noble,1,train_ep_006161,7,False
utt__train_ep_006161__008,char__lord,lord,1,train_ep_006161,8,False
utt__train_ep_006161__008,char__family,family,1,train_ep_006161,8,False
utt__train_ep_006161__009,char__man,man,1,train_ep_006161,9,False
utt__train_ep_006161__009,char__insects,insects,1,train_ep_006161,9,False
utt__train_ep_006161__010,char__king,king,1,train_ep_006161,10,True
utt__train_ep_006161__011,char__wife,wife,1,train_ep_006161,11,False
utt__train_ep_006161__011,char__family,family,1,train_ep_006161,11,False
utt__train_ep_006161__012,char__lord,lord,1,train_ep_006161,12,False
utt__train_ep_006161__012,char__wife,wife,2,train_ep_006161,12,False
utt__train_ep_006161__013,char__family,family,1,train_ep_006161,13,False
utt__train_ep_006161__013,char__character,character,1,train_ep_006161,13,False
utt__train_ep_006161__013,char__man,man,1,train_ep_006161,13,False
utt__train_ep_006166__006,char__faerie,faerie,1,train_ep_006166,6,False
utt__train_ep_006166__008,char__table,table,1,train_ep_006166,8,False
utt__train_ep_006166__009,char__man,man,1,train_ep_006166,9,False
utt__train_ep_006486__002,char__captain,captain,1,train_ep_006486,2,False
utt__train_ep_006486__005,char__father,father,1,train_ep_006486,5,False
utt__train_ep_006486__005,char__royal,royal,1,train_ep_006486,5,False
utt__train_ep_006486__005,char__hunter,hunter,1,train_ep_006486,5,False
utt__train_ep_006486__006,char__captain,captain,1,train_ep_006486,6,False
utt__train_ep_006486__006,char__king,king,1,train_ep_006486,6,True
utt__train_ep_006486__007,char__captain,captain,1,train_ep_006486,7,False
utt__train_ep_006486__009,char__gather,gather,1,train_ep_006486,9,False
utt__train_ep_006486__009,char__father,father,1,train_ep_006486,9,False
utt__train_ep_006486__009,char__child,child,1,train_ep_006486,9,False
utt__train_ep_006486__010,char__farmers,farmers,1,train_ep_006486,10,False
utt__train_ep_006486__011,char__boy,boy,1,train_ep_006486,11,False
utt__train_ep_006486__011,char__family,family,1,train_ep_006486,11,False
utt__train_ep_006486__011,char__friends,friends,1,train_ep_006486,11,False
utt__train_ep_006486__012,char__family,family,1,train_ep_006486,12,False
utt__train_ep_006486__013,char__captain,captain,1,train_ep_006486,13,False
utt__train_ep_006509__007,char__guards,guards,1,train_ep_006509,7,False
utt__train_ep_006518__001,char__villager,villager,1,train_ep_006518,1,False
utt__train_ep_006518__002,char__king_of,king of,1,train_ep_006518,2,False
utt__train_ep_006518__002,char__king,king,2,train_ep_006518,2,True
utt__train_ep_006518__003,char__no_one,no one,1,train_ep_006518,3,False
utt__train_ep_006518__005,char__royal,royal,1,train_ep_006518,5,False
utt__train_ep_006518__005,char__dogs,dogs,1,train_ep_006518,5,False
utt__train_ep_006518__007,char__royal,royal,1,train_ep_006518,7,False
utt__train_ep_006518__011,char__lord,lord,1,train_ep_006518,11,False
utt__train_ep_006518__011,char__potion,potion,1,train_ep_006518,11,False
utt__train_ep_006518__013,char__lord,lord,1,train_ep_006518,13,False
utt__train_ep_006519__004,char__no_one,no one,1,train_ep_006519,4,False
utt__train_ep_006519__007,char__guards,guards,1,train_ep_006519,7,False
utt__train_ep_006519__007,char__dogs,dogs,1,train_ep_006519,7,False
utt__train_ep_006519__012,char__wife,wife,1,train_ep_006519,12,False
utt__train_ep_006519__013,char__wife,wife,1,train_ep_006519,13,False
utt__train_ep_006534__001,char__scholar,scholar,1,train_ep_006534,1,False
utt__train_ep_006534__002,char__scholar,scholar,1,train_ep_006534,2,False
utt__train_ep_006534__010,char__guards,guards,1,train_ep_006534,10,False
utt__train_ep_006534__011,char__king,king,1,train_ep_006534,11,True
utt__train_ep_006534__013,char__king,king,1,train_ep_006534,13,True
utt__train_ep_006575__000,char__lord,lord,1,train_ep_006575,0,False
utt__train_ep_006575__000,char__merchant,merchant,1,train_ep_006575,0,False
utt__train_ep_006575__003,char__merchant,merchant,1,train_ep_006575,3,False
utt__train_ep_006575__004,char__village,village,1,train_ep_006575,4,False
utt__train_ep_006575__005,char__family,family,1,train_ep_006575,5,False
utt__train_ep_006603__001,char__fight,fight,1,train_ep_006603,1,False
utt__train_ep_006603__001,char__no_one,no one,1,train_ep_006603,1,False
utt__train_ep_006603__002,char__gather,gather,1,train_ep_006603,2,False
utt__train_ep_006603__002,char__wizards,wizards,1,train_ep_006603,2,False
utt__train_ep_006614__000,char__king,king,1,train_ep_006614,0,True
utt__train_ep_006614__001,char__merchant,merchant,1,train_ep_006614,1,False
utt__train_ep_006614__002,char__king,king,1,train_ep_006614,2,True
utt__train_ep_006614__003,char__others,others,1,train_ep_006614,3,False
utt__train_ep_006614__004,char__king,king,1,train_ep_006614,4,True
utt__train_ep_006614__005,char__dark_lord,dark lord,1,train_ep_006614,5,False
utt__train_ep_006614__005,char__lord,lord,1,train_ep_006614,5,False
utt__train_ep_006614__006,char__dark_lord,dark lord,2,train_ep_006614,6,False
utt__train_ep_006614__006,char__lord,lord,2,train_ep_006614,6,False
utt__train_ep_006614__006,char__queen,queen,1,train_ep_006614,6,False
utt__train_ep_006614__006,char__light,light,1,train_ep_006614,6,False
utt__train_ep_006614__009,char__goddess,goddess,1,train_ep_006614,9,False
utt__train_ep_006614__010,char__sacrifice,sacrifice,1,train_ep_006614,10,False
utt__train_ep_006614__010,char__others,others,1,train_ep_006614,10,False
utt__train_ep_006614__010,char__king,king,1,train_ep_006614,10,True
utt__train_ep_006614__012,char__king,king,1,train_ep_006614,12,True
utt__train_ep_006614__013,char__merchant,merchant,1,train_ep_006614,13,False
utt__train_ep_006614__013,char__brother,brother,2,train_ep_006614,13,False
utt__train_ep_006631__002,char__beast,beast,1,train_ep_006631,2,False
utt__train_ep_006631__005,char__royal,royal,1,train_ep_006631,5,False
utt__train_ep_006631__005,char__queen,queen,1,train_ep_006631,5,False
utt__train_ep_006631__006,char__maid,maid,1,train_ep_006631,6,False
utt__train_ep_006631__006,char__family,family,1,train_ep_006631,6,False
utt__train_ep_006633__000,char__rabbit,rabbit,1,train_ep_006633,0,False
utt__train_ep_006633__004,char__rabbit,rabbit,1,train_ep_006633,4,False
utt__train_ep_006633__004,char__guards,guards,1,train_ep_006633,4,False
utt__train_ep_006633__006,char__rabbit,rabbit,1,train_ep_006633,6,False
utt__train_ep_006633__008,char__rabbit,rabbit,1,train_ep_006633,8,False
utt__train_ep_006633__013,char__son,son,1,train_ep_006633,13,False
utt__train_ep_006638__001,char__people,people,1,train_ep_006638,1,False
utt__train_ep_006638__002,char__people,people,1,train_ep_006638,2,False
utt__train_ep_006638__004,char__queen,queen,1,train_ep_006638,4,False
utt__train_ep_006638__005,char__king,king,1,train_ep_006638,5,True
utt__train_ep_006638__006,char__king,king,1,train_ep_006638,6,True
utt__train_ep_006638__007,char__chambermaid,chambermaid,1,train_ep_006638,7,False
utt__train_ep_006638__008,char__maid,maid,1,train_ep_006638,8,False
utt__train_ep_006638__009,char__king,king,1,train_ep_006638,9,True
utt__train_ep_006638__010,char__people,people,1,train_ep_006638,10,False
utt__train_ep_006638__012,char__thing,thing,1,train_ep_006638,12,False
utt__train_ep_006696__001,char__people,people,1,train_ep_006696,1,False
utt__train_ep_006696__002,char__king,king,1,train_ep_006696,2,True
utt__train_ep_006837__000,char__king,king,1,train_ep_006837,0,True
utt__train_ep_006837__000,char__princess,princess,1,train_ep_006837,0,False
utt__train_ep_006837__004,char__princess,princess,1,train_ep_006837,4,False
utt__train_ep_006837__005,char__friend,friend,1,train_ep_006837,5,False
utt__train_ep_006837__012,char__king,king,1,train_ep_006837,12,True
utt__train_ep_006840__001,char__brother,brother,1,train_ep_006840,1,False
utt__train_ep_006840__007,char__brother,brother,1,train_ep_006840,7,False
utt__train_ep_006840__008,char__royalty,royalty,1,train_ep_006840,8,False
utt__train_ep_006840__008,char__people,people,1,train_ep_006840,8,False
utt__train_ep_006840__009,char__people,people,1,train_ep_006840,9,False
utt__train_ep_006840__009,char__guard,guard,1,train_ep_006840,9,False
utt__train_ep_006845__000,char__king,king,1,train_ep_006845,0,True
utt__train_ep_006845__001,char__dragon,dragon,1,train_ep_006845,1,False
utt__train_ep_006845__005,char__guards,guards,1,train_ep_006845,5,False
utt__train_ep_006845__007,char__god,god,1,train_ep_006845,7,False
utt__train_ep_006845__007,char__fight,fight,1,train_ep_006845,7,False
utt__train_ep_006858__001,char__king,king,1,train_ep_006858,1,True
utt__train_ep_006858__002,char__fool,fool,1,train_ep_006858,2,False
utt__train_ep_006858__003,char__king,king,1,train_ep_006858,3,True
utt__train_ep_006858__004,char__fool,fool,1,train_ep_006858,4,False
utt__train_ep_006858__010,char__fool,fool,2,train_ep_006858,10,False
utt__train_ep_006858__010,char__guards,guards,1,train_ep_006858,10,False
utt__train_ep_006858__011,char__king,king,1,train_ep_006858,11,True
utt__train_ep_006858__011,char__stable_boy,stable boy,1,train_ep_006858,11,False
utt__train_ep_006858__011,char__boy,boy,1,train_ep_006858,11,False
utt__train_ep_006858__012,char__fool,fool,1,train_ep_006858,12,False
utt__train_ep_006961__001,char__lord,lord,1,train_ep_006961,1,False
utt__train_ep_006961__001,char__family,family,1,train_ep_006961,1,False
utt__train_ep_006961__002,char__family,family,2,train_ep_006961,2,False
utt__train_ep_006961__003,char__king,king,1,train_ep_006961,3,True
utt__train_ep_006961__003,char__wife,wife,1,train_ep_006961,3,False
utt__train_ep_006961__005,char__king,king,1,train_ep_006961,5,True
utt__train_ep_006961__005,char__children,children,1,train_ep_006961,5,False
utt__train_ep_006961__005,char__father,father,1,train_ep_006961,5,False
utt__train_ep_006961__006,char__friend,friend,1,train_ep_006961,6,False
utt__train_ep_006961__008,char__queen,queen,1,train_ep_006961,8,False
utt__train_ep_006961__009,char__king,king,1,train_ep_006961,9,True
utt__train_ep_006961__009,char__person,person,1,train_ep_006961,9,False
utt__train_ep_007005__000,char__king,king,1,train_ep_007005,0,True
utt__train_ep_007005__001,char__brother,brother,1,train_ep_007005,1,False
utt__train_ep_007005__003,char__souls,souls,1,train_ep_007005,3,False
utt__train_ep_007005__003,char__gods,gods,1,train_ep_007005,3,False
utt__train_ep_007005__007,char__battle,battle,1,train_ep_007005,7,False
utt__train_ep_007005__008,char__old_man,old man,1,train_ep_007005,8,False
utt__train_ep_007005__008,char__man,man,1,train_ep_007005,8,False
utt__train_ep_007005__011,char__brother,brother,1,train_ep_007005,11,False
utt__train_ep_007005__012,char__guard,guard,1,train_ep_007005,12,False
utt__train_ep_007005__012,char__fight,fight,1,train_ep_007005,12,False
utt__train_ep_007005__013,char__king,king,1,train_ep_007005,13,True
utt__train_ep_007005__013,char__peasant,peasant,1,train_ep_007005,13,False
utt__train_ep_007028__000,char__king,king,1,train_ep_007028,0,True
utt__train_ep_007028__004,char__king,king,1,train_ep_007028,4,True
utt__train_ep_007028__004,char__young_boy,young boy,1,train_ep_007028,4,False
utt__train_ep_007028__004,char__boy,boy,1,train_ep_007028,4,False
utt__train_ep_007028__005,char__guards,guards,1,train_ep_007028,5,False
utt__train_ep_007028__007,char__enemy,enemy,1,train_ep_007028,7,False
utt__train_ep_007028__010,char__wall,wall,1,train_ep_007028,10,False
utt__train_ep_007031__000,char__servant,servant,1,train_ep_007031,0,False
utt__train_ep_007031__002,char__servant,servant,1,train_ep_007031,2,False
utt__train_ep_007033__000,char__father,father,1,train_ep_007033,0,False
utt__train_ep_007033__001,char__god,god,1,train_ep_007033,1,False
utt__train_ep_007033__002,char__daughter,daughter,1,train_ep_007033,2,False
utt__train_ep_007033__003,char__princess,princess,1,train_ep_007033,3,False
utt__train_ep_007033__004,char__prince,prince,1,train_ep_007033,4,False
utt__train_ep_007033__009,char__prince,prince,1,train_ep_007033,9,False
utt__train_ep_007033__010,char__daughter,daughter,1,train_ep_007033,10,False
utt__train_ep_007033__011,char__king,king,1,train_ep_007033,11,True
utt__train_ep_007033__012,char__person,person,1,train_ep_007033,12,False
utt__train_ep_007033__013,char__priest,priest,1,train_ep_007033,13,False
utt__train_ep_007038__000,char__townsperson,townsperson,1,train_ep_007038,0,False
utt__train_ep_007038__003,char__king,king,1,train_ep_007038,3,True
utt__train_ep_007038__004,char__potion,potion,1,train_ep_007038,4,False
utt__train_ep_007038__007,char__king,king,3,train_ep_007038,7,True
utt__train_ep_007038__011,char__king,king,1,train_ep_007038,11,True
utt__train_ep_007038__011,char__dog,dog,1,train_ep_007038,11,False
utt__train_ep_007066__000,char__servant,servant,1,train_ep_007066,0,False
utt__train_ep_007066__002,char__beast,beast,1,train_ep_007066,2,False
utt__train_ep_007066__003,char__prior,prior,1,train_ep_007066,3,False
utt__train_ep_007066__003,char__lord,lord,1,train_ep_007066,3,False
utt__train_ep_007066__003,char__cooks,cooks,1,train_ep_007066,3,False
utt__train_ep_007066__005,char__lord,lord,1,train_ep_007066,5,False
utt__train_ep_007066__007,char__guard,guard,1,train_ep_007066,7,False
utt__train_ep_007066__008,char__king_of,king of,1,train_ep_007066,8,False
utt__train_ep_007066__008,char__king,king,1,train_ep_007066,8,True
utt__train_ep_007066__008,char__noble,noble,1,train_ep_007066,8,False
utt__train_ep_007066__008,char__guard,guard,3,train_ep_007066,8,False
utt__train_ep_007066__010,char__guard,guard,2,train_ep_007066,10,False
utt__train_ep_007066__011,char__royal,royal,1,train_ep_007066,11,False
utt__train_ep_007066__012,char__royal,royal,1,train_ep_007066,12,False
utt__train_ep_007120__001,char__peasant,peasant,1,train_ep_007120,1,False
utt__train_ep_007120__002,char__knight,knight,1,train_ep_007120,2,False
utt__train_ep_007120__012,char__sons,sons,1,train_ep_007120,12,False
utt__train_ep_007123__003,char__king,king,5,train_ep_007123,3,True
utt__train_ep_007123__003,char__people,people,1,train_ep_007123,3,False
utt__train_ep_007123__003,char__father,father,3,train_ep_007123,3,False
utt__train_ep_007123__003,char__his_father,his father,2,train_ep_007123,3,False
utt__train_ep_007123__004,char__king,king,1,train_ep_007123,4,True
utt__train_ep_007123__004,char__rat,rat,1,train_ep_007123,4,False
utt__train_ep_007123__004,char__prior,prior,1,train_ep_007123,4,False
utt__train_ep_007123__005,char__subject,subject,1,train_ep_007123,5,False
utt__train_ep_007125__001,char__king,king,1,train_ep_007125,1,True
utt__train_ep_007125__007,char__thing,thing,1,train_ep_007125,7,False
utt__train_ep_007125__009,char__monster,monster,1,train_ep_007125,9,False
utt__train_ep_007125__010,char__family,family,1,train_ep_007125,10,False
utt__train_ep_007125__013,char__king,king,1,train_ep_007125,13,True
utt__train_ep_007125__013,char__royalty,royalty,1,train_ep_007125,13,False
utt__train_ep_007147__012,char__king,king,1,train_ep_007147,12,True
utt__train_ep_007147__013,char__mage,mage,1,train_ep_007147,13,False
utt__train_ep_007158__000,char__king,king,1,train_ep_007158,0,True
utt__train_ep_007158__001,char__rabbit,rabbit,1,train_ep_007158,1,False
utt__train_ep_007158__002,char__rabbit,rabbit,1,train_ep_007158,2,False
utt__train_ep_007158__005,char__rabbit,rabbit,1,train_ep_007158,5,False
utt__train_ep_007158__005,char__royal,royal,1,train_ep_007158,5,False
utt__train_ep_007158__006,char__king,king,1,train_ep_007158,6,True
utt__train_ep_007158__006,char__lord,lord,1,train_ep_007158,6,False
utt__train_ep_007158__007,char__rabbit,rabbit,1,train_ep_007158,7,False
utt__train_ep_007158__009,char__royal,royal,1,train_ep_007158,9,False
utt__train_ep_007158__009,char__rabbit,rabbit,1,train_ep_007158,9,False
utt__train_ep_007158__010,char__king,king,1,train_ep_007158,10,True
utt__train_ep_007158__011,char__rabbit,rabbit,1,train_ep_007158,11,False
utt__train_ep_007158__011,char__subject,subject,1,train_ep_007158,11,False
utt__train_ep_007158__011,char__thing,thing,1,train_ep_007158,11,False
utt__train_ep_007158__012,char__lord,lord,1,train_ep_007158,12,False
utt__train_ep_007158__013,char__rabbit,rabbit,1,train_ep_007158,13,False
utt__train_ep_007160__002,char__spider,spider,1,train_ep_007160,2,False
utt__train_ep_007160__004,char__spider,spider,1,train_ep_007160,4,False
utt__train_ep_007160__005,char__owner,owner,1,train_ep_007160,5,False
utt__train_ep_007160__006,char__spider,spider,1,train_ep_007160,6,False
utt__train_ep_007160__007,char__mother,mother,1,train_ep_007160,7,False
utt__train_ep_007160__007,char__father,father,1,train_ep_007160,7,False
utt__train_ep_007160__008,char__mother,mother,1,train_ep_007160,8,False
utt__train_ep_007160__008,char__father,father,1,train_ep_007160,8,False
utt__train_ep_007160__011,char__father,father,1,train_ep_007160,11,False
utt__train_ep_007165__005,char__chambermaid,chambermaid,1,train_ep_007165,5,False
utt__train_ep_007165__009,char__young_boy,young boy,1,train_ep_007165,9,False
utt__train_ep_007165__009,char__boy,boy,1,train_ep_007165,9,False
utt__train_ep_007165__009,char__fight,fight,1,train_ep_007165,9,False
utt__train_ep_007165__009,char__demon,demon,1,train_ep_007165,9,False
utt__train_ep_007165__012,char__child,child,1,train_ep_007165,12,False
utt__train_ep_007165__012,char__king,king,1,train_ep_007165,12,True
utt__train_ep_007165__012,char__prince,prince,1,train_ep_007165,12,False
utt__train_ep_007166__002,char__king,king,1,train_ep_007166,2,True
utt__train_ep_007166__008,char__sister,sister,1,train_ep_007166,8,False
utt__train_ep_007166__010,char__person,person,1,train_ep_007166,10,False
utt__train_ep_007166__011,char__woman,woman,1,train_ep_007166,11,False
utt__train_ep_007166__011,char__queen,queen,1,train_ep_007166,11,False
utt__train_ep_007166__012,char__chambermaid,chambermaid,1,train_ep_007166,12,False
utt__train_ep_007182__000,char__king,king,1,train_ep_007182,0,True
utt__train_ep_007182__002,char__people,people,1,train_ep_007182,2,False
utt__train_ep_007182__004,char__worms,worms,1,train_ep_007182,4,False
utt__train_ep_007182__005,char__king,king,1,train_ep_007182,5,True
utt__train_ep_007182__005,char__worms,worms,1,train_ep_007182,5,False
utt__train_ep_007182__006,char__king_of,king of,1,train_ep_007182,6,False
utt__train_ep_007182__006,char__king,king,1,train_ep_007182,6,True
utt__train_ep_007182__008,char__no_one,no one,1,train_ep_007182,8,False
utt__train_ep_007182__008,char__king,king,1,train_ep_007182,8,True
utt__train_ep_007182__010,char__king,king,2,train_ep_007182,10,True
utt__train_ep_007182__011,char__family,family,1,train_ep_007182,11,False
utt__train_ep_007220__000,char__friend,friend,1,train_ep_007220,0,False
utt__train_ep_007220__001,char__king,king,1,train_ep_007220,1,True
utt__train_ep_007220__002,char__friend,friend,1,train_ep_007220,2,False
utt__train_ep_007220__003,char__old_man,old man,1,train_ep_007220,3,False
utt__train_ep_007220__003,char__man,man,1,train_ep_007220,3,False
utt__train_ep_007220__005,char__prisoner,prisoner,1,train_ep_007220,5,False
utt__train_ep_007220__006,char__friends,friends,1,train_ep_007220,6,False
utt__train_ep_007220__007,char__old_man,old man,1,train_ep_007220,7,False
utt__train_ep_007220__007,char__man,man,1,train_ep_007220,7,False
utt__train_ep_007220__009,char__king,king,1,train_ep_007220,9,True
utt__train_ep_007220__009,char__friend,friend,1,train_ep_007220,9,False
utt__train_ep_007220__013,char__prisoners,prisoners,1,train_ep_007220,13,False
utt__train_ep_007220__013,char__king_of,king of,1,train_ep_007220,13,False
utt__train_ep_007220__013,char__king,king,1,train_ep_007220,13,True
utt__train_ep_007363__001,char__prior,prior,1,train_ep_007363,1,False
utt__train_ep_007363__002,char__gods,gods,1,train_ep_007363,2,False
utt__train_ep_007363__004,char__gods,gods,1,train_ep_007363,4,False
utt__train_ep_007363__004,char__lord,lord,1,train_ep_007363,4,False
utt__train_ep_007363__008,char__lord,lord,1,train_ep_007363,8,False
utt__train_ep_007581__000,char__maid,maid,1,train_ep_007581,0,False
utt__train_ep_007581__001,char__king,king,1,train_ep_007581,1,True
utt__train_ep_007581__002,char__maid,maid,1,train_ep_007581,2,False
utt__train_ep_007581__003,char__table,table,1,train_ep_007581,3,False
utt__train_ep_007581__003,char__family,family,1,train_ep_007581,3,False
utt__train_ep_007581__005,char__king,king,1,train_ep_007581,5,True
utt__train_ep_007581__007,char__mother,mother,1,train_ep_007581,7,False
utt__train_ep_007581__013,char__king,king,1,train_ep_007581,13,True
utt__train_ep_007601__000,char__servant,servant,1,train_ep_007601,0,False
utt__train_ep_007601__002,char__guards,guards,1,train_ep_007601,2,False
utt__train_ep_007601__002,char__people,people,1,train_ep_007601,2,False
utt__train_ep_007601__003,char__bandit,bandit,1,train_ep_007601,3,False
utt__train_ep_007601__004,char__bandit,bandit,1,train_ep_007601,4,False
utt__train_ep_007601__009,char__child,child,1,train_ep_007601,9,False
utt__train_ep_007601__009,char__family,family,1,train_ep_007601,9,False
utt__train_ep_007601__010,char__servant,servant,1,train_ep_007601,10,False
utt__train_ep_007601__010,char__others,others,1,train_ep_007601,10,False
utt__train_ep_007601__010,char__family,family,1,train_ep_007601,10,False
utt__train_ep_007601__012,char__family,family,1,train_ep_007601,12,False
utt__train_ep_007601__012,char__king_of,king of,1,train_ep_007601,12,False
utt__train_ep_007601__012,char__king,king,1,train_ep_007601,12,True
utt__train_ep_007601__013,char__king,king,1,train_ep_007601,13,True
utt__train_ep_007605__002,char__king,king,1,train_ep_007605,2,True
utt__train_ep_007605__003,char__man,man,1,train_ep_007605,3,False
utt__train_ep_007605__004,char__servant,servant,1,train_ep_007605,4,False
utt__train_ep_007605__010,char__thing,thing,1,train_ep_007605,10,False
utt__train_ep_007605__011,char__woman,woman,1,train_ep_007605,11,False
utt__train_ep_007605__012,char__son,son,1,train_ep_007605,12,False
utt__train_ep_007605__013,char__servant,servant,1,train_ep_007605,13,False
utt__train_ep_007607__004,char__guard,guard,1,train_ep_007607,4,False
utt__train_ep_007607__004,char__soldiers,soldiers,1,train_ep_007607,4,False
utt__train_ep_007607__005,char__people,people,2,train_ep_007607,5,False
utt__train_ep_007607__006,char__guards,guards,1,train_ep_007607,6,False
utt__train_ep_007613__000,char__townsperson,townsperson,1,train_ep_007613,0,False
utt__train_ep_007613__001,char__apothecary,apothecary,1,train_ep_007613,1,False
utt__train_ep_007613__001,char__table,table,1,train_ep_007613,1,False
utt__train_ep_007613__002,char__potion,potion,1,train_ep_007613,2,False
utt__train_ep_007613__002,char__son,son,1,train_ep_007613,2,False
utt__train_ep_007613__003,char__apothecary,apothecary,1,train_ep_007613,3,False
utt__train_ep_007613__004,char__thing,thing,1,train_ep_007613,4,False
utt__train_ep_007613__005,char__son,son,1,train_ep_007613,5,False
utt__train_ep_007613__011,char__doctor,doctor,1,train_ep_007613,11,False
utt__train_ep_007613__011,char__apothecary,apothecary,1,train_ep_007613,11,False
utt__train_ep_007613__013,char__son,son,1,train_ep_007613,13,False
utt__train_ep_007615__000,char__king,king,1,train_ep_007615,0,True
utt__train_ep_007615__003,char__blacksmith,blacksmith,1,train_ep_007615,3,False
utt__train_ep_007615__003,char__wife,wife,1,train_ep_007615,3,False
utt__train_ep_007615__005,char__man,man,1,train_ep_007615,5,False
utt__train_ep_007615__006,char__king,king,1,train_ep_007615,6,True
utt__train_ep_007615__009,char__people,people,1,train_ep_007615,9,False
utt__train_ep_007617__000,char__king,king,1,train_ep_007617,0,True
utt__train_ep_007617__001,char__guest,guest,1,train_ep_007617,1,False
utt__train_ep_007617__003,char__man,man,1,train_ep_007617,3,False
utt__train_ep_007617__004,char__friends,friends,1,train_ep_007617,4,False
utt__train_ep_007617__005,char__thief,thief,1,train_ep_007617,5,False
utt__train_ep_007617__005,char__mother,mother,1,train_ep_007617,5,False
utt__train_ep_007617__005,char__servant,servant,1,train_ep_007617,5,False
utt__train_ep_007617__006,char__king,king,1,train_ep_007617,6,True
utt__train_ep_007617__007,char__people,people,1,train_ep_007617,7,False
utt__train_ep_007617__007,char__guest,guest,1,train_ep_007617,7,False
utt__train_ep_007617__008,char__fight,fight,1,train_ep_007617,8,False
utt__train_ep_007617__009,char__subjects,subjects,1,train_ep_007617,9,False
utt__train_ep_007617__010,char__wife,wife,1,train_ep_007617,10,False
utt__train_ep_007617__010,char__children,children,1,train_ep_007617,10,False
utt__train_ep_007617__011,char__local,local,2,train_ep_007617,11,False
utt__train_ep_007617__011,char__people,people,2,train_ep_007617,11,False
utt__train_ep_007617__011,char__royal,royal,1,train_ep_007617,11,False
utt__train_ep_007617__011,char__staff,staff,1,train_ep_007617,11,False
utt__train_ep_007617__012,char__people,people,1,train_ep_007617,12,False
utt__train_ep_007617__013,char__people,people,2,train_ep_007617,13,False
utt__train_ep_007631__001,char__king,king,1,train_ep_007631,1,True
utt__train_ep_007631__002,char__son,son,1,train_ep_007631,2,False
utt__train_ep_007631__004,char__king_of,king of,1,train_ep_007631,4,False
utt__train_ep_007631__004,char__king,king,1,train_ep_007631,4,True
utt__train_ep_007631__005,char__people,people,2,train_ep_007631,5,False
utt__train_ep_007631__009,char__boy,boy,1,train_ep_007631,9,False
utt__train_ep_007631__011,char__grandfather,grandfather,1,train_ep_007631,11,False
utt__train_ep_007631__011,char__army,army,1,train_ep_007631,11,False
utt__train_ep_007631__013,char__fight,fight,1,train_ep_007631,13,False
utt__train_ep_007644__000,char__king,king,1,train_ep_007644,0,True
utt__train_ep_007644__000,char__boy,boy,1,train_ep_007644,0,False
utt__train_ep_007644__003,char__noble,noble,1,train_ep_007644,3,False
utt__train_ep_007644__003,char__people,people,1,train_ep_007644,3,False
utt__train_ep_007644__006,char__father,father,1,train_ep_007644,6,False
utt__train_ep_007644__008,char__father,father,1,train_ep_007644,8,False
utt__train_ep_007644__009,char__children,children,1,train_ep_007644,9,False
utt__train_ep_007644__010,char__children,children,1,train_ep_007644,10,False
utt__train_ep_007644__011,char__child,child,1,train_ep_007644,11,False
utt__train_ep_007644__011,char__people,people,1,train_ep_007644,11,False
utt__train_ep_007644__013,char__child,child,1,train_ep_007644,13,False
utt__train_ep_007651__000,char__creature,creature,1,train_ep_007651,0,False
utt__train_ep_007651__003,char__man,man,1,train_ep_007651,3,False
utt__train_ep_007651__004,char__king,king,1,train_ep_007651,4,True
utt__train_ep_007651__005,char__king,king,1,train_ep_007651,5,True
utt__train_ep_007651__006,char__people,people,1,train_ep_007651,6,False
utt__train_ep_007651__007,char__king,king,3,train_ep_007651,7,True
utt__train_ep_007651__007,char__king_of,king of,1,train_ep_007651,7,False
utt__train_ep_007651__007,char__bridge,bridge,1,train_ep_007651,7,False
utt__train_ep_007651__009,char__people,people,1,train_ep_007651,9,False
utt__train_ep_007651__011,char__people,people,2,train_ep_007651,11,False
utt__train_ep_007651__011,char__bridge,bridge,1,train_ep_007651,11,False
utt__train_ep_007651__012,char__king,king,1,train_ep_007651,12,True
utt__train_ep_007654__000,char__servant,servant,1,train_ep_007654,0,False
utt__train_ep_007654__005,char__mother,mother,1,train_ep_007654,5,False
utt__train_ep_007654__008,char__grandfather,grandfather,1,train_ep_007654,8,False
utt__train_ep_007654__008,char__king,king,1,train_ep_007654,8,True
utt__train_ep_007654__012,char__servant,servant,1,train_ep_007654,12,False
utt__train_ep_007657__000,char__merchant,merchant,1,train_ep_007657,0,False
utt__train_ep_007657__002,char__animal,animal,1,train_ep_007657,2,False
utt__train_ep_007657__003,char__king,king,1,train_ep_007657,3,True
utt__train_ep_007657__004,char__merchant,merchant,1,train_ep_007657,4,False
utt__train_ep_007657__008,char__people,people,1,train_ep_007657,8,False
utt__train_ep_007657__010,char__people,people,1,train_ep_007657,10,False
utt__train_ep_007657__011,char__slave,slave,1,train_ep_007657,11,False
utt__train_ep_007657__011,char__families,families,1,train_ep_007657,11,False
utt__train_ep_007657__011,char__loved_ones,loved ones,1,train_ep_007657,11,False
utt__train_ep_007673__004,char__guards,guards,1,train_ep_007673,4,False
utt__train_ep_007673__004,char__watcher,watcher,1,train_ep_007673,4,False
utt__train_ep_007673__004,char__tower,tower,1,train_ep_007673,4,False
utt__train_ep_007673__005,char__trolls,trolls,1,train_ep_007673,5,False
utt__train_ep_007673__008,char__people,people,1,train_ep_007673,8,False
utt__train_ep_007673__010,char__patient,patient,1,train_ep_007673,10,False
utt__train_ep_007693__000,char__king,king,1,train_ep_007693,0,True
utt__train_ep_007693__001,char__knight,knight,1,train_ep_007693,1,False
utt__train_ep_007693__001,char__guard,guard,1,train_ep_007693,1,False
utt__train_ep_007693__002,char__lord,lord,1,train_ep_007693,2,False
utt__train_ep_007693__004,char__king,king,1,train_ep_007693,4,True
utt__train_ep_007693__006,char__king,king,1,train_ep_007693,6,True
utt__train_ep_007696__000,char__king,king,1,train_ep_007696,0,True
utt__train_ep_007696__001,char__subject,subject,1,train_ep_007696,1,False
utt__train_ep_007696__003,char__king,king,1,train_ep_007696,3,True
utt__train_ep_007696__003,char__subjects,subjects,1,train_ep_007696,3,False
utt__train_ep_007696__011,char__subject,subject,1,train_ep_007696,11,False
utt__train_ep_007696__013,char__king,king,1,train_ep_007696,13,True
utt__train_ep_007702__000,char__king,king,1,train_ep_007702,0,True
utt__train_ep_007702__002,char__people,people,1,train_ep_007702,2,False
utt__train_ep_007702__004,char__spiders,spiders,1,train_ep_007702,4,False
utt__train_ep_007702__006,char__battle,battle,1,train_ep_007702,6,False
utt__train_ep_007702__008,char__families,families,1,train_ep_007702,8,False
utt__train_ep_007702__008,char__daughter,daughter,1,train_ep_007702,8,False
utt__train_ep_007702__008,char__son,son,1,train_ep_007702,8,False
utt__train_ep_007702__010,char__daughter,daughter,1,train_ep_007702,10,False
utt__train_ep_007712__006,char__man,man,1,train_ep_007712,6,False
utt__train_ep_007712__011,char__people,people,1,train_ep_007712,11,False
utt__train_ep_007712__012,char__people,people,1,train_ep_007712,12,False
utt__train_ep_007712__012,char__cut_throat,cut throat,1,train_ep_007712,12,False
utt__train_ep_007718__000,char__blacksmith,blacksmith,1,train_ep_007718,0,False
utt__train_ep_007718__000,char__king,king,1,train_ep_007718,0,True
utt__train_ep_007718__001,char__king,king,1,train_ep_007718,1,True
utt__train_ep_007718__002,char__blacksmiths,blacksmiths,1,train_ep_007718,2,False
utt__train_ep_007718__003,char__king,king,1,train_ep_007718,3,True
utt__train_ep_007727__000,char__king,king,1,train_ep_007727,0,True
utt__train_ep_007727__006,char__lord,lord,1,train_ep_007727,6,False
utt__train_ep_007727__008,char__lord,lord,1,train_ep_007727,8,False
utt__train_ep_007727__010,char__lord,lord,1,train_ep_007727,10,False
utt__train_ep_007727__011,char__king,king,1,train_ep_007727,11,True
utt__train_ep_007727__012,char__lord,lord,1,train_ep_007727,12,False
utt__train_ep_007729__001,char__king,king,1,train_ep_007729,1,True
utt__train_ep_007729__008,char__no_one,no one,1,train_ep_007729,8,False
utt__train_ep_007729__010,char__no_one,no one,1,train_ep_007729,10,False
utt__train_ep_007729__013,char__no_one,no one,1,train_ep_007729,13,False
utt__train_ep_007734__001,char__king,king,1,train_ep_007734,1,True
utt__train_ep_007734__004,char__people,people,1,train_ep_007734,4,False
utt__train_ep_007734__004,char__light,light,1,train_ep_007734,4,False
utt__train_ep_007734__004,char__gods,gods,1,train_ep_007734,4,False
utt__train_ep_007734__005,char__people,people,1,train_ep_007734,5,False
utt__train_ep_007734__006,char__fishermen,fishermen,1,train_ep_007734,6,False
utt__train_ep_007734__008,char__wife,wife,1,train_ep_007734,8,False
utt__train_ep_007734__009,char__girl,girl,1,train_ep_007734,9,False
utt__train_ep_007742__000,char__king,king,1,train_ep_007742,0,True
utt__train_ep_007742__001,char__priest,priest,1,train_ep_007742,1,False
utt__train_ep_007742__002,char__king,king,1,train_ep_007742,2,True
utt__train_ep_007742__006,char__god,god,1,train_ep_007742,6,False
utt__train_ep_007742__006,char__judge,judge,1,train_ep_007742,6,False
utt__train_ep_007742__006,char__people,people,1,train_ep_007742,6,False
utt__train_ep_007742__007,char__thing,thing,1,train_ep_007742,7,False
utt__train_ep_007742__007,char__noble,noble,1,train_ep_007742,7,False
utt__train_ep_007742__011,char__citizen,citizen,1,train_ep_007742,11,False
utt__train_ep_007742__012,char__king,king,1,train_ep_007742,12,True
utt__train_ep_007742__013,char__gods,gods,1,train_ep_007742,13,False
utt__train_ep_007749__001,char__king,king,1,train_ep_007749,1,True
utt__train_ep_007749__011,char__assassin,assassin,1,train_ep_007749,11,False
utt__train_ep_007754__000,char__son,son,1,train_ep_007754,0,False
utt__train_ep_007754__001,char__father,father,1,train_ep_007754,1,False
utt__train_ep_007754__005,char__king,king,1,train_ep_007754,5,True
utt__train_ep_007754__006,char__father,father,1,train_ep_007754,6,False
utt__train_ep_007754__006,char__son,son,1,train_ep_007754,6,False
utt__train_ep_007754__007,char__king,king,1,train_ep_007754,7,True
utt__train_ep_007754__010,char__king,king,1,train_ep_007754,10,True
utt__train_ep_007861__004,char__diplomat,diplomat,1,train_ep_007861,4,False
utt__train_ep_007861__005,char__king,king,1,train_ep_007861,5,True
utt__train_ep_007861__009,char__sons,sons,1,train_ep_007861,9,False
utt__train_ep_007861__009,char__battle,battle,1,train_ep_007861,9,False
utt__train_ep_007861__012,char__royal_family,royal family,1,train_ep_007861,12,False
utt__train_ep_007861__012,char__royal,royal,1,train_ep_007861,12,False
utt__train_ep_007861__012,char__family,family,1,train_ep_007861,12,False
utt__train_ep_007861__012,char__battle,battle,1,train_ep_007861,12,False
utt__train_ep_007861__013,char__battle,battle,1,train_ep_007861,13,False
utt__train_ep_007876__000,char__king,king,1,train_ep_007876,0,True
utt__train_ep_007876__001,char__lady,lady,1,train_ep_007876,1,False
utt__train_ep_007876__008,char__queen,queen,1,train_ep_007876,8,False
utt__train_ep_007876__009,char__subjects,subjects,1,train_ep_007876,9,False
utt__train_ep_007876__009,char__queen,queen,1,train_ep_007876,9,False
utt__train_ep_007876__011,char__wife,wife,1,train_ep_007876,11,False
utt__train_ep_007876__012,char__thing,thing,1,train_ep_007876,12,False
utt__train_ep_007876__013,char__lady,lady,1,train_ep_007876,13,False
utt__train_ep_007899__000,char__king,king,2,train_ep_007899,0,True
utt__train_ep_007899__002,char__dragon,dragon,1,train_ep_007899,2,False
utt__train_ep_007899__002,char__king,king,1,train_ep_007899,2,True
utt__train_ep_007899__003,char__king,king,1,train_ep_007899,3,True
utt__train_ep_007899__007,char__dragon,dragon,1,train_ep_007899,7,False
utt__train_ep_007899__008,char__dragon,dragon,1,train_ep_007899,8,False
utt__train_ep_007899__008,char__traitor,traitor,1,train_ep_007899,8,False
utt__train_ep_007899__011,char__son,son,1,train_ep_007899,11,False
utt__train_ep_007899__013,char__family,family,1,train_ep_007899,13,False
utt__train_ep_007940__000,char__lord,lord,1,train_ep_007940,0,False
utt__train_ep_007940__001,char__brave_knight,brave knight,1,train_ep_007940,1,False
utt__train_ep_007940__001,char__knight,knight,1,train_ep_007940,1,False
utt__train_ep_007940__002,char__dragon,dragon,1,train_ep_007940,2,False
utt__train_ep_007940__003,char__knight,knight,1,train_ep_007940,3,False
utt__train_ep_007940__004,char__dragon,dragon,1,train_ep_007940,4,False
utt__train_ep_007940__005,char__king,king,1,train_ep_007940,5,True
utt__train_ep_007940__005,char__knight,knight,1,train_ep_007940,5,False
utt__train_ep_007940__006,char__people,people,1,train_ep_007940,6,False
utt__train_ep_007940__006,char__dragon,dragon,1,train_ep_007940,6,False
utt__train_ep_007940__007,char__sacrifice,sacrifice,1,train_ep_007940,7,False
utt__train_ep_007940__009,char__fool,fool,1,train_ep_007940,9,False
utt__train_ep_007940__010,char__dragon,dragon,1,train_ep_007940,10,False
utt__train_ep_007940__011,char__fool,fool,1,train_ep_007940,11,False
utt__train_ep_007940__013,char__dragon,dragon,1,train_ep_007940,13,False
utt__train_ep_007954__000,char__son,son,1,train_ep_007954,0,False
utt__train_ep_007954__004,char__leader,leader,1,train_ep_007954,4,False
utt__train_ep_007954__004,char__fight,fight,2,train_ep_007954,4,False
utt__train_ep_007954__006,char__fight,fight,1,train_ep_007954,6,False
utt__train_ep_007954__008,char__mother,mother,1,train_ep_007954,8,False
utt__train_ep_007954__012,char__king,king,1,train_ep_007954,12,True
utt__train_ep_007954__013,char__fight,fight,1,train_ep_007954,13,False
utt__train_ep_007954__013,char__queen,queen,1,train_ep_007954,13,False
utt__train_ep_008140__000,char__king,king,1,train_ep_008140,0,True
utt__train_ep_008140__003,char__man,man,1,train_ep_008140,3,False
utt__train_ep_008140__003,char__queen,queen,1,train_ep_008140,3,False
utt__train_ep_008140__004,char__king,king,1,train_ep_008140,4,True
utt__train_ep_008140__007,char__guard,guard,1,train_ep_008140,7,False
utt__train_ep_008140__008,char__family,family,1,train_ep_008140,8,False
utt__train_ep_008140__008,char__guard,guard,1,train_ep_008140,8,False
utt__train_ep_008140__008,char__father,father,2,train_ep_008140,8,False
utt__train_ep_008140__008,char__his_father,his father,1,train_ep_008140,8,False
utt__train_ep_008140__009,char__father,father,1,train_ep_008140,9,False
utt__train_ep_008140__011,char__guard,guard,1,train_ep_008140,11,False
utt__train_ep_008140__013,char__father,father,1,train_ep_008140,13,False
utt__train_ep_008143__000,char__royal,royal,1,train_ep_008143,0,False
utt__train_ep_008143__001,char__lord,lord,1,train_ep_008143,1,False
utt__train_ep_008143__002,char__chef,chef,1,train_ep_008143,2,False
utt__train_ep_008143__004,char__chef,chef,1,train_ep_008143,4,False
utt__train_ep_008143__011,char__king,king,1,train_ep_008143,11,True
utt__train_ep_008145__000,char__fly,fly,1,train_ep_008145,0,False
utt__train_ep_008145__001,char__fly,fly,1,train_ep_008145,1,False
utt__train_ep_008145__002,char__pheasant,pheasant,1,train_ep_008145,2,False
utt__train_ep_008145__002,char__slave,slave,1,train_ep_008145,2,False
utt__train_ep_008145__003,char__slave,slave,1,train_ep_008145,3,False
utt__train_ep_008145__006,char__royal,royal,1,train_ep_008145,6,False
utt__train_ep_008145__006,char__gardener,gardener,1,train_ep_008145,6,False
utt__train_ep_008145__008,char__bird,bird,1,train_ep_008145,8,False
utt__train_ep_008145__009,char__friend,friend,1,train_ep_008145,9,False
utt__train_ep_008145__012,char__pheasant,pheasant,1,train_ep_008145,12,False
utt__train_ep_008145__012,char__king,king,1,train_ep_008145,12,True
utt__train_ep_008145__013,char__pheasant,pheasant,1,train_ep_008145,13,False
utt__train_ep_008147__000,char__son,son,1,train_ep_008147,0,False
utt__train_ep_008147__002,char__lady_in_waiting,lady in waiting,1,train_ep_008147,2,False
utt__train_ep_008147__002,char__lady,lady,1,train_ep_008147,2,False
utt__train_ep_008147__002,char__child,child,1,train_ep_008147,2,False
utt__train_ep_008147__006,char__ladies,ladies,1,train_ep_008147,6,False
utt__train_ep_008147__007,char__boy,boy,1,train_ep_008147,7,False
utt__train_ep_008147__008,char__lady,lady,1,train_ep_008147,8,False
utt__train_ep_008147__008,char__child,child,1,train_ep_008147,8,False
utt__train_ep_008147__009,char__royal,royal,1,train_ep_008147,9,False
utt__train_ep_008147__010,char__father,father,1,train_ep_008147,10,False
utt__train_ep_008147__010,char__child,child,1,train_ep_008147,10,False
utt__train_ep_008147__010,char__drunk,drunk,1,train_ep_008147,10,False
utt__train_ep_008147__011,char__royal,royal,1,train_ep_008147,11,False
utt__train_ep_008147__011,char__family,family,1,train_ep_008147,11,False
utt__train_ep_008147__011,char__thing,thing,1,train_ep_008147,11,False
utt__train_ep_008152__000,char__apothecary,apothecary,1,train_ep_008152,0,False
utt__train_ep_008152__002,char__people,people,1,train_ep_008152,2,False
utt__train_ep_008152__002,char__fight,fight,1,train_ep_008152,2,False
utt__train_ep_008152__003,char__thing,thing,1,train_ep_008152,3,False
utt__train_ep_008152__003,char__village,village,1,train_ep_008152,3,False
utt__train_ep_008152__004,char__people,people,1,train_ep_008152,4,False
utt__train_ep_008152__005,char__apothecary,apothecary,1,train_ep_008152,5,False
utt__train_ep_008152__006,char__apothecary,apothecary,1,train_ep_008152,6,False
utt__train_ep_008152__006,char__people,people,2,train_ep_008152,6,False
utt__train_ep_008152__007,char__village,village,1,train_ep_008152,7,False
utt__train_ep_008152__007,char__apothecary,apothecary,1,train_ep_008152,7,False
utt__train_ep_008152__007,char__dog,dog,1,train_ep_008152,7,False
utt__train_ep_008152__008,char__dog,dog,1,train_ep_008152,8,False
utt__train_ep_008152__008,char__subject,subject,1,train_ep_008152,8,False
utt__train_ep_008152__008,char__apothecary,apothecary,1,train_ep_008152,8,False
utt__train_ep_008152__009,char__subject,subject,1,train_ep_008152,9,False
utt__train_ep_008152__009,char__apothecary,apothecary,1,train_ep_008152,9,False
utt__train_ep_008152__009,char__dog,dog,1,train_ep_008152,9,False
utt__train_ep_008152__010,char__person,person,1,train_ep_008152,10,False
utt__train_ep_008152__011,char__table,table,1,train_ep_008152,11,False
utt__train_ep_008152__011,char__dog,dog,1,train_ep_008152,11,False
utt__train_ep_008152__012,char__table,table,1,train_ep_008152,12,False
utt__train_ep_008155__001,char__enemy,enemy,1,train_ep_008155,1,False
utt__train_ep_008155__002,char__king,king,1,train_ep_008155,2,True
utt__train_ep_008155__003,char__enemy,enemy,1,train_ep_008155,3,False
utt__train_ep_008155__007,char__enemy,enemy,1,train_ep_008155,7,False
utt__train_ep_008155__008,char__villagers,villagers,1,train_ep_008155,8,False
utt__train_ep_008155__009,char__villagers,villagers,1,train_ep_008155,9,False
utt__train_ep_008155__009,char__enemy,enemy,1,train_ep_008155,9,False
utt__train_ep_008155__011,char__subjects,subjects,1,train_ep_008155,11,False
utt__train_ep_008155__011,char__enemy,enemy,1,train_ep_008155,11,False
utt__train_ep_008155__012,char__subject,subject,1,train_ep_008155,12,False
utt__train_ep_008157__000,char__king,king,1,train_ep_008157,0,True
utt__train_ep_008157__000,char__peasant,peasant,1,train_ep_008157,0,False
utt__train_ep_008157__001,char__peasant,peasant,1,train_ep_008157,1,False
utt__train_ep_008157__001,char__daughter,daughter,1,train_ep_008157,1,False
utt__train_ep_008157__001,char__fool,fool,1,train_ep_008157,1,False
utt__train_ep_008157__002,char__drunkard,drunkard,1,train_ep_008157,2,False
utt__train_ep_008157__004,char__diplomat,diplomat,1,train_ep_008157,4,False
utt__train_ep_008157__004,char__general,general,1,train_ep_008157,4,False
utt__train_ep_008157__005,char__king_of,king of,1,train_ep_008157,5,False
utt__train_ep_008157__005,char__king,king,1,train_ep_008157,5,True
utt__train_ep_008157__005,char__maid,maid,1,train_ep_008157,5,False
utt__train_ep_008157__005,char__queen,queen,1,train_ep_008157,5,False
utt__train_ep_008157__005,char__son,son,1,train_ep_008157,5,False
utt__train_ep_008157__005,char__toad,toad,1,train_ep_008157,5,False
utt__train_ep_008157__007,char__general,general,1,train_ep_008157,7,False
utt__train_ep_008157__007,char__sister,sister,1,train_ep_008157,7,False
utt__train_ep_008157__008,char__old_man,old man,1,train_ep_008157,8,False
utt__train_ep_008157__008,char__man,man,1,train_ep_008157,8,False
utt__train_ep_008157__008,char__father,father,1,train_ep_008157,8,False
utt__train_ep_008157__008,char__brother,brother,1,train_ep_008157,8,False
utt__train_ep_008157__010,char__sister,sister,1,train_ep_008157,10,False
utt__train_ep_008157__012,char__court_jester,court jester,1,train_ep_008157,12,False
utt__train_ep_008157__012,char__jester,jester,1,train_ep_008157,12,False
utt__train_ep_008215__001,char__bear,bear,1,train_ep_008215,1,False
utt__train_ep_008215__001,char__king,king,1,train_ep_008215,1,True
utt__train_ep_008215__004,char__horse,horse,1,train_ep_008215,4,False
utt__train_ep_008215__005,char__king,king,1,train_ep_008215,5,True
utt__train_ep_008215__006,char__no_one,no one,1,train_ep_008215,6,False
utt__train_ep_008215__008,char__subjects,subjects,1,train_ep_008215,8,False
utt__train_ep_008215__010,char__royal,royal,1,train_ep_008215,10,False
utt__train_ep_008215__010,char__subjects,subjects,1,train_ep_008215,10,False
utt__train_ep_008215__011,char__kings,kings,1,train_ep_008215,11,False
utt__train_ep_008215__011,char__people,people,1,train_ep_008215,11,False
utt__train_ep_008236__002,char__servant,servant,1,train_ep_008236,2,False
utt__train_ep_008236__005,char__king,king,1,train_ep_008236,5,True
utt__train_ep_008236__007,char__king,king,2,train_ep_008236,7,True
utt__train_ep_008244__001,char__wife,wife,1,train_ep_008244,1,False
utt__train_ep_008244__003,char__horse,horse,1,train_ep_008244,3,False
utt__train_ep_008244__003,char__chambermaid,chambermaid,1,train_ep_008244,3,False
utt__train_ep_008244__004,char__queen,queen,1,train_ep_008244,4,False
utt__train_ep_008244__005,char__kid,kid,1,train_ep_008244,5,False
utt__train_ep_008244__009,char__chambermaid,chambermaid,1,train_ep_008244,9,False
utt__train_ep_008244__010,char__king_of,king of,1,train_ep_008244,10,False
utt__train_ep_008244__010,char__king,king,1,train_ep_008244,10,True
utt__train_ep_008244__012,char__queen,queen,1,train_ep_008244,12,False
utt__train_ep_008258__000,char__boy,boy,1,train_ep_008258,0,False
utt__train_ep_008258__000,char__apprentice,apprentice,1,train_ep_008258,0,False
utt__train_ep_008258__002,char__blacksmith,blacksmith,1,train_ep_008258,2,False
utt__train_ep_008258__003,char__king,king,1,train_ep_008258,3,True
utt__train_ep_008258__003,char__people,people,1,train_ep_008258,3,False
utt__train_ep_008258__004,char__blacksmith,blacksmith,1,train_ep_008258,4,False
utt__train_ep_008258__005,char__king,king,1,train_ep_008258,5,True
utt__train_ep_008258__006,char__guard,guard,1,train_ep_008258,6,False
utt__train_ep_008258__007,char__brave_knight,brave knight,1,train_ep_008258,7,False
utt__train_ep_008258__007,char__knight,knight,1,train_ep_008258,7,False
utt__train_ep_008258__007,char__person,person,1,train_ep_008258,7,False
utt__train_ep_008258__007,char__people,people,1,train_ep_008258,7,False
utt__train_ep_008258__010,char__blacksmith,blacksmith,2,train_ep_008258,10,False
utt__train_ep_008258__011,char__party,party,1,train_ep_008258,11,False
utt__train_ep_008258__012,char__blacksmith,blacksmith,1,train_ep_008258,12,False
utt__train_ep_008258__013,char__people,people,1,train_ep_008258,13,False
utt__train_ep_008270__001,char__people,people,1,train_ep_008270,1,False
utt__train_ep_008270__001,char__lord,lord,1,train_ep_008270,1,False
utt__train_ep_008270__002,char__chef,chef,1,train_ep_008270,2,False
utt__train_ep_008270__004,char__lord,lord,1,train_ep_008270,4,False
utt__train_ep_008270__005,char__pheasant,pheasant,1,train_ep_008270,5,False
utt__train_ep_008270__006,char__cook,cook,1,train_ep_008270,6,False
utt__train_ep_008270__006,char__pheasant,pheasant,1,train_ep_008270,6,False
utt__train_ep_008270__006,char__parishioner,parishioner,1,train_ep_008270,6,False
utt__train_ep_008270__007,char__lord,lord,1,train_ep_008270,7,False
utt__train_ep_008270__009,char__queen,queen,1,train_ep_008270,9,False
utt__train_ep_008270__010,char__butler,butler,1,train_ep_008270,10,False
utt__train_ep_008270__011,char__lord,lord,3,train_ep_008270,11,False
utt__train_ep_008270__011,char__queen,queen,1,train_ep_008270,11,False
utt__train_ep_008270__012,char__god,god,2,train_ep_008270,12,False
utt__train_ep_008270__013,char__god,god,1,train_ep_008270,13,False
utt__train_ep_008272__003,char__party,party,1,train_ep_008272,3,False
utt__train_ep_008272__005,char__king,king,1,train_ep_008272,5,True
utt__train_ep_008272__005,char__queen_s,queen's,1,train_ep_008272,5,False
utt__train_ep_008272__009,char__wife,wife,1,train_ep_008272,9,False
utt__train_ep_008272__010,char__wife,wife,1,train_ep_008272,10,False
utt__train_ep_008272__011,char__guard,guard,1,train_ep_008272,11,False
utt__train_ep_008272__012,char__staff,staff,2,train_ep_008272,12,False
utt__train_ep_008277__000,char__queen,queen,1,train_ep_008277,0,False
utt__train_ep_008277__001,char__king,king,1,train_ep_008277,1,True
utt__train_ep_008277__002,char__thing,thing,1,train_ep_008277,2,False
utt__train_ep_008277__007,char__king,king,1,train_ep_008277,7,True
utt__train_ep_008277__007,char__maid,maid,1,train_ep_008277,7,False
utt__train_ep_008278__004,char__queen,queen,1,train_ep_008278,4,False
utt__train_ep_008278__005,char__king,king,1,train_ep_008278,5,True
utt__train_ep_008278__008,char__woman,woman,1,train_ep_008278,8,False
utt__train_ep_008278__010,char__people,people,1,train_ep_008278,10,False
utt__train_ep_008278__010,char__king,king,1,train_ep_008278,10,True
utt__train_ep_008278__010,char__queen,queen,1,train_ep_008278,10,False
utt__train_ep_008278__012,char__queen,queen,1,train_ep_008278,12,False
utt__train_ep_008278__013,char__king,king,1,train_ep_008278,13,True
utt__train_ep_008286__000,char__priest,priest,1,train_ep_008286,0,False
utt__train_ep_008286__003,char__child,child,1,train_ep_008286,3,False
utt__train_ep_008286__004,char__villagers,villagers,1,train_ep_008286,4,False
utt__train_ep_008286__006,char__villagers,villagers,1,train_ep_008286,6,False
utt__train_ep_008286__006,char__king_of,king of,1,train_ep_008286,6,False
utt__train_ep_008286__006,char__king,king,1,train_ep_008286,6,True
utt__train_ep_008286__007,char__villagers,villagers,1,train_ep_008286,7,False
utt__train_ep_008286__007,char__king,king,1,train_ep_008286,7,True
utt__train_ep_008286__007,char__people,people,1,train_ep_008286,7,False
utt__train_ep_008286__009,char__people,people,1,train_ep_008286,9,False
utt__train_ep_008286__009,char__villager,villager,1,train_ep_008286,9,False
utt__train_ep_008286__010,char__priest,priest,1,train_ep_008286,10,False
utt__train_ep_008286__010,char__thing,thing,1,train_ep_008286,10,False
utt__train_ep_008286__010,char__battle,battle,1,train_ep_008286,10,False
utt__train_ep_008286__011,char__god,god,1,train_ep_008286,11,False
utt__train_ep_008286__011,char__people,people,1,train_ep_008286,11,False
utt__train_ep_008286__012,char__priest,priest,1,train_ep_008286,12,False
utt__train_ep_008286__013,char__people,people,1,train_ep_008286,13,False
utt__train_ep_008286__013,char__god,god,1,train_ep_008286,13,False
utt__train_ep_008299__000,char__daughter,daughter,1,train_ep_008299,0,False
utt__train_ep_008299__001,char__father,father,1,train_ep_008299,1,False
utt__train_ep_008299__001,char__queen,queen,1,train_ep_008299,1,False
utt__train_ep_008299__003,char__prince,prince,1,train_ep_008299,3,False
utt__train_ep_008299__003,char__man,man,1,train_ep_008299,3,False
utt__train_ep_008299__005,char__father,father,1,train_ep_008299,5,False
utt__train_ep_008299__005,char__queen,queen,1,train_ep_008299,5,False
utt__train_ep_008299__008,char__lady,lady,1,train_ep_008299,8,False
utt__train_ep_008299__009,char__prince,prince,1,train_ep_008299,9,False
utt__train_ep_008299__009,char__royal,royal,1,train_ep_008299,9,False
utt__train_ep_008299__009,char__knight,knight,1,train_ep_008299,9,False
utt__train_ep_008299__010,char__noble,noble,1,train_ep_008299,10,False
utt__train_ep_008299__010,char__people,people,1,train_ep_008299,10,False
utt__train_ep_008299__010,char__thing,thing,1,train_ep_008299,10,False
utt__train_ep_008338__000,char__captive,captive,1,train_ep_008338,0,False
utt__train_ep_008338__001,char__king,king,1,train_ep_008338,1,True
utt__train_ep_008338__002,char__family,family,1,train_ep_008338,2,False
utt__train_ep_008338__011,char__king,king,1,train_ep_008338,11,True
utt__train_ep_008484__001,char__king,king,1,train_ep_008484,1,True
utt__train_ep_008484__001,char__husband,husband,1,train_ep_008484,1,False
utt__train_ep_008484__001,char__gods,gods,1,train_ep_008484,1,False
utt__train_ep_008484__003,char__parent,parent,1,train_ep_008484,3,False
utt__train_ep_008484__004,char__father,father,1,train_ep_008484,4,False
utt__train_ep_008484__005,char__son,son,1,train_ep_008484,5,False
utt__train_ep_008484__005,char__lady,lady,1,train_ep_008484,5,False
utt__train_ep_008484__006,char__woman,woman,1,train_ep_008484,6,False
utt__train_ep_008484__006,char__queen,queen,1,train_ep_008484,6,False
utt__train_ep_008484__007,char__ladies,ladies,1,train_ep_008484,7,False
utt__train_ep_008484__007,char__king,king,1,train_ep_008484,7,True
utt__train_ep_008484__009,char__sons,sons,1,train_ep_008484,9,False
utt__train_ep_008484__010,char__daughter,daughter,1,train_ep_008484,10,False
utt__train_ep_008484__011,char__princess,princess,1,train_ep_008484,11,False
utt__train_ep_008484__013,char__king,king,1,train_ep_008484,13,True
utt__train_ep_008618__001,char__spider,spider,1,train_ep_008618,1,False
utt__train_ep_008618__003,char__guards,guards,1,train_ep_008618,3,False
utt__train_ep_008618__003,char__spiders,spiders,1,train_ep_008618,3,False
utt__train_ep_008618__006,char__king,king,1,train_ep_008618,6,True
utt__train_ep_008618__011,char__spider,spider,1,train_ep_008618,11,False
utt__train_ep_008618__013,char__guards,guards,1,train_ep_008618,13,False
utt__train_ep_008671__010,char__leader,leader,1,train_ep_008671,10,False
utt__train_ep_008694__002,char__guard,guard,1,train_ep_008694,2,False
utt__train_ep_008694__004,char__guards,guards,1,train_ep_008694,4,False
utt__train_ep_008694__007,char__queen,queen,1,train_ep_008694,7,False
utt__train_ep_008694__010,char__man,man,1,train_ep_008694,10,False
utt__train_ep_008694__012,char__guards,guards,1,train_ep_008694,12,False
utt__train_ep_008694__013,char__wife,wife,1,train_ep_008694,13,False
utt__train_ep_008694__013,char__cook,cook,1,train_ep_008694,13,False
utt__train_ep_008697__005,char__children,children,1,train_ep_008697,5,False
utt__train_ep_008697__006,char__maid,maid,1,train_ep_008697,6,False
utt__train_ep_008699__000,char__husband,husband,1,train_ep_008699,0,False
utt__train_ep_008699__002,char__husband,husband,1,train_ep_008699,2,False
utt__train_ep_008705__000,char__townperson,townperson,1,train_ep_008705,0,False
utt__train_ep_008705__000,char__king,king,2,train_ep_008705,0,True
utt__train_ep_008705__001,char__king,king,1,train_ep_008705,1,True
utt__train_ep_008705__002,char__apothecary,apothecary,1,train_ep_008705,2,False
utt__train_ep_008705__002,char__queen,queen,1,train_ep_008705,2,False
utt__train_ep_008705__004,char__townperson,townperson,1,train_ep_008705,4,False
utt__train_ep_008705__004,char__queen,queen,1,train_ep_008705,4,False
utt__train_ep_008705__005,char__family,family,1,train_ep_008705,5,False
utt__train_ep_008705__005,char__village,village,1,train_ep_008705,5,False
utt__train_ep_008705__006,char__family,family,1,train_ep_008705,6,False
utt__train_ep_008705__006,char__king,king,1,train_ep_008705,6,True
utt__train_ep_008705__007,char__family,family,1,train_ep_008705,7,False
utt__train_ep_008705__009,char__family,family,1,train_ep_008705,9,False
utt__train_ep_008705__010,char__family,family,1,train_ep_008705,10,False
utt__train_ep_008705__013,char__son,son,1,train_ep_008705,13,False
utt__train_ep_008723__001,char__king,king,1,train_ep_008723,1,True
utt__train_ep_008723__002,char__man,man,1,train_ep_008723,2,False
utt__train_ep_008723__003,char__fool,fool,1,train_ep_008723,3,False
utt__train_ep_008723__003,char__old_man,old man,1,train_ep_008723,3,False
utt__train_ep_008723__003,char__man,man,1,train_ep_008723,3,False
utt__train_ep_008723__004,char__man,man,1,train_ep_008723,4,False
utt__train_ep_008723__008,char__murderer,murderer,1,train_ep_008723,8,False
utt__train_ep_008723__009,char__fool,fool,1,train_ep_008723,9,False
utt__train_ep_008723__011,char__guards,guards,1,train_ep_008723,11,False
utt__train_ep_008723__011,char__no_one,no one,1,train_ep_008723,11,False
utt__train_ep_008723__011,char__king,king,1,train_ep_008723,11,True
utt__train_ep_008723__013,char__mother,mother,1,train_ep_008723,13,False
utt__train_ep_008725__000,char__king,king,1,train_ep_008725,0,True
utt__train_ep_008725__003,char__fool,fool,1,train_ep_008725,3,False
utt__train_ep_008725__006,char__king,king,1,train_ep_008725,6,True
utt__train_ep_008725__007,char__dragon,dragon,1,train_ep_008725,7,False
utt__train_ep_008725__007,char__grandfather,grandfather,1,train_ep_008725,7,False
utt__train_ep_008725__008,char__king,king,1,train_ep_008725,8,True
utt__train_ep_008725__010,char__king,king,1,train_ep_008725,10,True
utt__train_ep_008725__012,char__king,king,1,train_ep_008725,12,True
utt__train_ep_008735__001,char__servant,servant,1,train_ep_008735,1,False
utt__train_ep_008735__003,char__servant,servant,1,train_ep_008735,3,False
utt__train_ep_008735__003,char__royal,royal,1,train_ep_008735,3,False
utt__train_ep_008735__005,char__servant,servant,1,train_ep_008735,5,False
utt__train_ep_008735__005,char__no_one,no one,1,train_ep_008735,5,False
utt__train_ep_008735__005,char__royal,royal,1,train_ep_008735,5,False
utt__train_ep_008735__007,char__servant,servant,1,train_ep_008735,7,False
utt__train_ep_008735__007,char__assistant,assistant,1,train_ep_008735,7,False
utt__train_ep_008735__007,char__staff,staff,1,train_ep_008735,7,False
utt__train_ep_008735__013,char__attendant,attendant,1,train_ep_008735,13,False
utt__train_ep_008741__001,char__villager,villager,1,train_ep_008741,1,False
utt__train_ep_008741__005,char__village,village,1,train_ep_008741,5,False
utt__train_ep_008741__007,char__subjects,subjects,1,train_ep_008741,7,False
utt__train_ep_008741__007,char__villagers,villagers,1,train_ep_008741,7,False
utt__train_ep_008741__007,char__children,children,1,train_ep_008741,7,False
utt__train_ep_008741__009,char__villager,villager,1,train_ep_008741,9,False
utt__train_ep_008741__009,char__children,children,1,train_ep_008741,9,False
utt__train_ep_008741__011,char__villager,villager,1,train_ep_008741,11,False
utt__train_ep_008741__011,char__knight,knight,1,train_ep_008741,11,False
utt__train_ep_008741__012,char__man,man,1,train_ep_008741,12,False
utt__train_ep_008741__013,char__villager,villager,1,train_ep_008741,13,False
utt__train_ep_008787__000,char__knight,knight,1,train_ep_008787,0,False
utt__train_ep_008787__001,char__king,king,1,train_ep_008787,1,True
utt__train_ep_008787__004,char__general,general,1,train_ep_008787,4,False
utt__train_ep_008787__005,char__king,king,1,train_ep_008787,5,True
utt__train_ep_008787__007,char__daughter,daughter,1,train_ep_008787,7,False
utt__train_ep_008787__007,char__son,son,1,train_ep_008787,7,False
utt__train_ep_008787__009,char__king,king,1,train_ep_008787,9,True
utt__train_ep_008787__011,char__fight,fight,1,train_ep_008787,11,False
utt__train_ep_008803__005,char__servant,servant,1,train_ep_008803,5,False
utt__train_ep_008803__006,char__royal_family,royal family,1,train_ep_008803,6,False
utt__train_ep_008803__006,char__royal,royal,1,train_ep_008803,6,False
utt__train_ep_008803__006,char__family,family,1,train_ep_008803,6,False
utt__train_ep_008803__008,char__queen,queen,1,train_ep_008803,8,False
utt__train_ep_008803__012,char__woman,woman,1,train_ep_008803,12,False
utt__train_ep_008820__000,char__lord,lord,1,train_ep_008820,0,False
utt__train_ep_008820__001,char__maid,maid,1,train_ep_008820,1,False
utt__train_ep_008820__002,char__chef,chef,1,train_ep_008820,2,False
utt__train_ep_008820__006,char__chef,chef,1,train_ep_008820,6,False
utt__train_ep_008820__008,char__lord,lord,1,train_ep_008820,8,False
utt__train_ep_008820__009,char__maid,maid,1,train_ep_008820,9,False
utt__train_ep_008820__012,char__chef,chef,1,train_ep_008820,12,False
utt__train_ep_008822__009,char__thief,thief,1,train_ep_008822,9,False
utt__train_ep_008822__010,char__king,king,1,train_ep_008822,10,True
utt__train_ep_008822__010,char__children,children,1,train_ep_008822,10,False
utt__train_ep_008822__013,char__thief,thief,1,train_ep_008822,13,False
utt__train_ep_008827__000,char__lord,lord,1,train_ep_008827,0,False
utt__train_ep_008827__003,char__mother,mother,1,train_ep_008827,3,False
utt__train_ep_008827__006,char__family,family,1,train_ep_008827,6,False
utt__train_ep_008827__008,char__king,king,1,train_ep_008827,8,True
utt__train_ep_008828__005,char__servant,servant,1,train_ep_008828,5,False
utt__train_ep_008828__010,char__man,man,1,train_ep_008828,10,False
utt__train_ep_008828__010,char__king,king,1,train_ep_008828,10,True
utt__train_ep_008828__011,char__queen,queen,1,train_ep_008828,11,False
utt__train_ep_008828__012,char__man,man,1,train_ep_008828,12,False
utt__train_ep_008845__004,char__king,king,1,train_ep_008845,4,True
utt__train_ep_008845__008,char__king,king,1,train_ep_008845,8,True
utt__train_ep_008845__012,char__king,king,1,train_ep_008845,12,True
utt__train_ep_009029__005,char__queen,queen,1,train_ep_009029,5,False
utt__train_ep_009029__006,char__thing,thing,1,train_ep_009029,6,False
utt__train_ep_009029__012,char__sons,sons,1,train_ep_009029,12,False
utt__train_ep_009037__008,char__peasant,peasant,1,train_ep_009037,8,False
utt__train_ep_009037__009,char__peasant,peasant,1,train_ep_009037,9,False
utt__train_ep_009037__009,char__cook,cook,1,train_ep_009037,9,False
utt__train_ep_009229__000,char__brother,brother,1,train_ep_009229,0,False
utt__train_ep_009229__006,char__brother,brother,1,train_ep_009229,6,False
utt__train_ep_009229__010,char__slave,slave,1,train_ep_009229,10,False
utt__train_ep_009229__013,char__brother,brother,1,train_ep_009229,13,False
utt__train_ep_009254__000,char__king,king,1,train_ep_009254,0,True
utt__train_ep_009254__002,char__king,king,1,train_ep_009254,2,True
utt__train_ep_009254__005,char__king,king,1,train_ep_009254,5,True
utt__train_ep_009254__007,char__royal,royal,1,train_ep_009254,7,False
utt__train_ep_009254__012,char__man,man,1,train_ep_009254,12,False
utt__train_ep_009258__000,char__king,king,1,train_ep_009258,0,True
utt__train_ep_009258__001,char__priest,priest,1,train_ep_009258,1,False
utt__train_ep_009258__002,char__king,king,1,train_ep_009258,2,True
utt__train_ep_009258__007,char__mother,mother,1,train_ep_009258,7,False
utt__train_ep_009258__009,char__friends,friends,1,train_ep_009258,9,False
utt__train_ep_009258__012,char__thing,thing,1,train_ep_009258,12,False
utt__train_ep_009258__013,char__queen,queen,1,train_ep_009258,13,False
utt__train_ep_009264__001,char__dog,dog,1,train_ep_009264,1,False
utt__train_ep_009264__001,char__boy,boy,2,train_ep_009264,1,False
utt__train_ep_009264__003,char__prince,prince,1,train_ep_009264,3,False
utt__train_ep_009264__006,char__dog,dog,1,train_ep_009264,6,False
utt__train_ep_009264__007,char__prince,prince,1,train_ep_009264,7,False
utt__train_ep_009264__007,char__dogs,dogs,1,train_ep_009264,7,False
utt__train_ep_009264__007,char__royal,royal,1,train_ep_009264,7,False
utt__train_ep_009264__007,char__painter,painter,1,train_ep_009264,7,False
utt__train_ep_009264__008,char__dog,dog,1,train_ep_009264,8,False
utt__train_ep_009264__009,char__dog,dog,1,train_ep_009264,9,False
utt__train_ep_009265__000,char__king,king,1,train_ep_009265,0,True
utt__train_ep_009265__001,char__enemy,enemy,1,train_ep_009265,1,False
utt__train_ep_009265__006,char__king,king,1,train_ep_009265,6,True
utt__train_ep_009265__007,char__king,king,1,train_ep_009265,7,True
utt__train_ep_009265__007,char__fool,fool,1,train_ep_009265,7,False
utt__train_ep_009265__012,char__daughter,daughter,1,train_ep_009265,12,False
utt__train_ep_009265__013,char__daughter,daughter,1,train_ep_009265,13,False
utt__train_ep_009265__013,char__man,man,1,train_ep_009265,13,False
utt__train_ep_009283__003,char__chef,chef,1,train_ep_009283,3,False
utt__train_ep_009283__005,char__cooks,cooks,1,train_ep_009283,5,False
utt__train_ep_009283__013,char__queen,queen,1,train_ep_009283,13,False
utt__train_ep_009327__001,char__king,king,1,train_ep_009327,1,True
utt__train_ep_009327__004,char__royal,royal,1,train_ep_009327,4,False
utt__train_ep_009327__009,char__thing,thing,1,train_ep_009327,9,False
utt__train_ep_009327__012,char__family,family,1,train_ep_009327,12,False
utt__train_ep_009349__003,char__queen,queen,1,train_ep_009349,3,False
utt__train_ep_009349__003,char__knight,knight,1,train_ep_009349,3,False
utt__train_ep_009349__003,char__prisoner,prisoner,1,train_ep_009349,3,False
utt__train_ep_009349__004,char__queen,queen,1,train_ep_009349,4,False
utt__train_ep_009349__004,char__knight,knight,2,train_ep_009349,4,False
utt__train_ep_009349__005,char__queen,queen,1,train_ep_009349,5,False
utt__train_ep_009349__007,char__queen,queen,2,train_ep_009349,7,False
utt__train_ep_009349__007,char__thing,thing,1,train_ep_009349,7,False
utt__train_ep_009349__007,char__others,others,1,train_ep_009349,7,False
utt__train_ep_009349__008,char__king,king,1,train_ep_009349,8,True
utt__train_ep_009349__009,char__queen,queen,1,train_ep_009349,9,False
utt__train_ep_009349__009,char__knight,knight,2,train_ep_009349,9,False
utt__train_ep_009349__013,char__knight,knight,1,train_ep_009349,13,False
utt__train_ep_009352__004,char__girl,girl,1,train_ep_009352,4,False
utt__train_ep_009352__005,char__queen,queen,1,train_ep_009352,5,False
utt__train_ep_009354__004,char__prisoner,prisoner,1,train_ep_009354,4,False
utt__train_ep_009354__011,char__cat,cat,1,train_ep_009354,11,False
utt__train_ep_009370__001,char__blacksmith,blacksmith,1,train_ep_009370,1,False
utt__train_ep_009370__002,char__friend,friend,1,train_ep_009370,2,False
utt__train_ep_009370__003,char__man,man,1,train_ep_009370,3,False
utt__train_ep_009370__004,char__friend,friend,1,train_ep_009370,4,False
utt__train_ep_009370__005,char__friend,friend,1,train_ep_009370,5,False
utt__train_ep_009370__007,char__friend,friend,1,train_ep_009370,7,False
utt__train_ep_009370__009,char__blacksmith,blacksmith,1,train_ep_009370,9,False
utt__train_ep_009379__001,char__king,king,1,train_ep_009379,1,True
utt__train_ep_009379__013,char__king,king,1,train_ep_009379,13,True
utt__train_ep_009381__007,char__spider,spider,1,train_ep_009381,7,False
utt__train_ep_009381__009,char__insect,insect,1,train_ep_009381,9,False
utt__train_ep_009381__009,char__faery,faery,1,train_ep_009381,9,False
utt__train_ep_009381__013,char__spider,spider,1,train_ep_009381,13,False
utt__train_ep_009387__000,char__queen,queen,1,train_ep_009387,0,False
utt__train_ep_009387__003,char__king,king,1,train_ep_009387,3,True
utt__train_ep_009387__004,char__no_one,no one,1,train_ep_009387,4,False
utt__train_ep_009409__000,char__king,king,1,train_ep_009409,0,True
utt__train_ep_009409__001,char__royal,royal,1,train_ep_009409,1,False
utt__train_ep_009409__001,char__queen,queen,1,train_ep_009409,1,False
utt__train_ep_009409__005,char__light,light,1,train_ep_009409,5,False
utt__train_ep_009409__006,char__king,king,1,train_ep_009409,6,True
utt__train_ep_009409__009,char__lady,lady,1,train_ep_009409,9,False
utt__train_ep_009409__010,char__chambermaid,chambermaid,1,train_ep_009409,10,False
utt__train_ep_009409__012,char__girl,girl,1,train_ep_009409,12,False
utt__train_ep_009409__013,char__king,king,1,train_ep_009409,13,True
utt__train_ep_009520__001,char__child,child,1,train_ep_009520,1,False
utt__train_ep_009520__003,char__royal,royal,1,train_ep_009520,3,False
utt__train_ep_009520__008,char__king,king,1,train_ep_009520,8,True
utt__train_ep_009520__013,char__scientist,scientist,1,train_ep_009520,13,False
utt__train_ep_009593__000,char__king,king,1,train_ep_009593,0,True
utt__train_ep_009593__001,char__guard,guard,1,train_ep_009593,1,False
utt__train_ep_009593__001,char__battle,battle,1,train_ep_009593,1,False
utt__train_ep_009593__004,char__battle,battle,1,train_ep_009593,4,False
utt__train_ep_009593__006,char__king,king,1,train_ep_009593,6,True
utt__train_ep_009593__011,char__battle,battle,1,train_ep_009593,11,False
utt__train_ep_009593__012,char__king,king,1,train_ep_009593,12,True
utt__train_ep_009593__013,char__king,king,1,train_ep_009593,13,True
utt__train_ep_009594__000,char__horse,horse,1,train_ep_009594,0,False
utt__train_ep_009594__003,char__king,king,1,train_ep_009594,3,True
utt__train_ep_009594__006,char__horse,horse,1,train_ep_009594,6,False
utt__train_ep_009594__007,char__lord,lord,1,train_ep_009594,7,False
utt__train_ep_009594__009,char__guard,guard,1,train_ep_009594,9,False
utt__train_ep_009594__011,char__queen,queen,1,train_ep_009594,11,False
utt__train_ep_009594__012,char__noble,noble,1,train_ep_009594,12,False
utt__train_ep_009601__000,char__queen,queen,1,train_ep_009601,0,False
utt__train_ep_009601__005,char__prior,prior,1,train_ep_009601,5,False
utt__train_ep_009601__013,char__man,man,1,train_ep_009601,13,False
utt__train_ep_009615__000,char__king,king,1,train_ep_009615,0,True
utt__train_ep_009615__000,char__son,son,1,train_ep_009615,0,False
utt__train_ep_009615__001,char__son,son,1,train_ep_009615,1,False
utt__train_ep_009615__002,char__king,king,1,train_ep_009615,2,True
utt__train_ep_009615__002,char__family,family,1,train_ep_009615,2,False
utt__train_ep_009615__004,char__royal,royal,1,train_ep_009615,4,False
utt__train_ep_009615__004,char__army,army,1,train_ep_009615,4,False
utt__train_ep_009615__005,char__soldiers,soldiers,1,train_ep_009615,5,False
utt__train_ep_009615__006,char__general,general,1,train_ep_009615,6,False
utt__train_ep_009615__007,char__warrior,warrior,1,train_ep_009615,7,False
utt__train_ep_009615__007,char__thing,thing,1,train_ep_009615,7,False
utt__train_ep_009615__008,char__fool,fool,1,train_ep_009615,8,False
utt__train_ep_009615__012,char__king,king,1,train_ep_009615,12,True
utt__train_ep_009615__012,char__family,family,1,train_ep_009615,12,False
utt__train_ep_009615__012,char__royal,royal,1,train_ep_009615,12,False
utt__train_ep_009615__013,char__guards,guards,1,train_ep_009615,13,False
utt__train_ep_009721__004,char__king,king,1,train_ep_009721,4,True
utt__train_ep_009721__006,char__rat,rat,1,train_ep_009721,6,False
utt__train_ep_009721__007,char__thing,thing,1,train_ep_009721,7,False
utt__train_ep_009721__012,char__no_one,no one,1,train_ep_009721,12,False
utt__train_ep_009771__000,char__brother,brother,1,train_ep_009771,0,False
utt__train_ep_009771__000,char__knight,knight,1,train_ep_009771,0,False
utt__train_ep_009771__006,char__brother,brother,1,train_ep_009771,6,False
utt__train_ep_009771__007,char__guard,guard,1,train_ep_009771,7,False
utt__train_ep_009771__007,char__king,king,1,train_ep_009771,7,True
utt__train_ep_009771__008,char__brother,brother,1,train_ep_009771,8,False
utt__train_ep_009771__013,char__father,father,1,train_ep_009771,13,False
utt__train_ep_009793__000,char__servant,servant,1,train_ep_009793,0,False
utt__train_ep_009793__001,char__person,person,1,train_ep_009793,1,False
utt__train_ep_009793__003,char__person,person,1,train_ep_009793,3,False
utt__train_ep_009793__009,char__minister,minister,1,train_ep_009793,9,False
utt__train_ep_009793__010,char__boy,boy,1,train_ep_009793,10,False
utt__train_ep_009793__011,char__person,person,1,train_ep_009793,11,False
utt__train_ep_009793__011,char__royal,royal,1,train_ep_009793,11,False
utt__train_ep_009797__000,char__king,king,1,train_ep_009797,0,True
utt__train_ep_009797__007,char__queen,queen,1,train_ep_009797,7,False
utt__train_ep_009797__009,char__wife,wife,1,train_ep_009797,9,False
utt__train_ep_009797__009,char__queen,queen,1,train_ep_009797,9,False
utt__train_ep_009797__010,char__king,king,1,train_ep_009797,10,True
utt__train_ep_009802__002,char__priests,priests,1,train_ep_009802,2,False
utt__train_ep_009802__003,char__priest,priest,1,train_ep_009802,3,False
utt__train_ep_009802__005,char__mother,mother,1,train_ep_009802,5,False
utt__train_ep_009802__006,char__king,king,1,train_ep_009802,6,True
utt__train_ep_009805__003,char__enemy,enemy,1,train_ep_009805,3,False
utt__train_ep_009880__000,char__lord,lord,1,train_ep_009880,0,False
utt__train_ep_009901__000,char__soul,soul,1,train_ep_009901,0,False
utt__train_ep_010044__000,char__servant,servant,1,train_ep_010044,0,False
utt__train_ep_010061__000,char__king,king,1,train_ep_010061,0,True
utt__train_ep_010092__000,char__lord,lord,1,train_ep_010092,0,False
utt__train_ep_010147__000,char__queen,queen,1,train_ep_010147,0,False
utt__train_ep_010176__000,char__king,king,1,train_ep_010176,0,True
utt__train_ep_010195__000,char__servant,servant,1,train_ep_010195,0,False
utt__train_ep_010223__000,char__king,king,1,train_ep_010223,0,True
utt__train_ep_010223__000,char__murderer,murderer,1,train_ep_010223,0,False
utt__train_ep_010239__000,char__king,king,1,train_ep_010239,0,True
