utterance_id,episode_id,turn_index,speaker_normalized_name,speaker_character_id,text,emote,action,is_target_agent_speaker,contains_target_agent_mention
utt__train_ep_001422__000,train_ep_001422,0,king,char__king,Hi,,,True,False
utt__train_ep_001422__001,train_ep_001422,1,gardener pulling weeds,char__gardener_pulling_weeds,"Why hello there, your majesty!",,,False,False
utt__train_ep_001422__002,train_ep_001422,2,king,char__king,How are you today?,,,True,False
utt__train_ep_001422__003,train_ep_001422,3,gardener pulling weeds,char__gardener_pulling_weeds,"I'm doing well, just doing some work here in the gardens. What are you doing here?",,,False,False
utt__train_ep_001422__004,train_ep_001422,4,king,char__king,You dare question the king?,,,True,True
utt__train_ep_001422__005,train_ep_001422,5,gardener pulling weeds,char__gardener_pulling_weeds,"No no, I was just wondering as you are not around here too often.",,,False,False
utt__train_ep_001422__006,train_ep_001422,6,king,char__king,Its ok. I need some rose flowers indoor.,,,True,False
utt__train_ep_001422__007,train_ep_001422,7,gardener pulling weeds,char__gardener_pulling_weeds,"Ah I see, here let me get that for you.",,give plant to king,False,False
utt__train_ep_001422__008,train_ep_001422,8,king,char__king,No..you come place them inside..,,,True,False
utt__train_ep_001422__009,train_ep_001422,9,gardener pulling weeds,char__gardener_pulling_weeds,"Ohh, well okay your majesty. ",frown,,False,False
utt__train_ep_001422__010,train_ep_001422,10,king,char__king,Great. Wash your feet before stepping in!,,,True,False
utt__train_ep_001422__011,train_ep_001422,11,gardener pulling weeds,char__gardener_pulling_weeds,I took my shoes off so there is no need to worry about that.,,,False,False
utt__train_ep_001422__012,train_ep_001422,12,king,char__king,Good. I love it when the Palace is impeccably neat.,,,True,False
utt__train_ep_001422__013,train_ep_001422,13,gardener pulling weeds,char__gardener_pulling_weeds,"Of course, your majesty.",grin,,False,False
utt__train_ep_001438__000,train_ep_001438,0,princess,char__princess,"Daddy, are you sure I have to marry that horrid Viscount? ",,,False,False
utt__train_ep_001438__001,train_ep_001438,1,king,char__king,You have no choice princess,,,True,False
utt__train_ep_001438__002,train_ep_001438,2,princess,char__princess,But why him?! What does it do for you?,,,False,False
utt__train_ep_001438__003,train_ep_001438,3,king,char__king,It is a little bit hard to explain princess,,,True,False
utt__train_ep_001438__004,train_ep_001438,4,princess,char__princess,That sounds like you just don't have a reason or don't want to tell me it!,,,False,False
utt__train_ep_001438__005,train_ep_001438,5,king,char__king, Viscount is the only one with the key to eternal reign my dear.,,,True,False
utt__train_ep_001438__006,train_ep_001438,6,princess,char__princess,"Explain yourself, what do you mean by that daddy?",frown,,False,False
utt__train_ep_001438__007,train_ep_001438,7,king,char__king,He delivered the ruling power to my great grand father. He is ageless,,,True,False
utt__train_ep_001438__008,train_ep_001438,8,princess,char__princess,But what does this have to do with me marrying him? Gaining his trust?,,,False,False
utt__train_ep_001438__009,train_ep_001438,9,king,char__king,yes. Exactly my dear,,,True,False
utt__train_ep_001438__010,train_ep_001438,10,princess,char__princess,You'd sell your own daughter off for that? That's inhumane!,,,False,False
utt__train_ep_001438__011,train_ep_001438,11,king,char__king,It is better for us to be safe. ,,,True,False
utt__train_ep_001438__012,train_ep_001438,12,princess,char__princess,But I wouldn't be safe nor would I be happy!,,,False,False
utt__train_ep_001438__013,train_ep_001438,13,king,char__king,You will be safe. Your safety is the price for the happiness and that of the whole kingdom,,,True,False
utt__train_ep_001493__000,train_ep_001493,0,servant,char__servant,Your highness and your ladyship. I am hear for what you may need.,,,False,False
utt__train_ep_001493__001,train_ep_001493,1,king,char__king,"Well, servant, you need to do your daily list of tasks. Cleaning, cooking, all that!",,,True,False
utt__train_ep_001493__002,train_ep_001493,2,servant,char__servant,"Of course, oh Great King. ",nod,,False,True
utt__train_ep_001493__003,train_ep_001493,3,king,char__king,Where do you intend to start?,,,True,False
utt__train_ep_001493__004,train_ep_001493,4,servant,char__servant,I will start on your royal throne. I am so thankful to have this fine work you have given me.,,,False,False
utt__train_ep_001493__005,train_ep_001493,5,king,char__king,"Of course, servant, now begin your work.",,,True,False
utt__train_ep_001493__006,train_ep_001493,6,servant,char__servant,I will your highness. Is there anything else I can do for your greatness today?,smile,,False,False
utt__train_ep_001493__007,train_ep_001493,7,king,char__king,Well tell me when you are done with your list of work and I will have you deliver a message for me.,,,True,False
utt__train_ep_001493__008,train_ep_001493,8,servant,char__servant,I am ready now your highness.,,remove apron,False,False
utt__train_ep_001493__009,train_ep_001493,9,king,char__king,But you haven't cleaned the floors or cooked anything!,,,True,False
utt__train_ep_001493__010,train_ep_001493,10,servant,char__servant,"I apologize your highness. With night coming on, I felt it safer to deliver the message now.",,,False,False
utt__train_ep_001493__011,train_ep_001493,11,king,char__king,"It is quite alright, we will have a knight escort you so there is no need to worry.",,,True,False
utt__train_ep_001493__012,train_ep_001493,12,servant,char__servant,"Oh, thank you. You are of course quite right.",sigh,,False,False
utt__train_ep_001493__013,train_ep_001493,13,king,char__king,"That I am, good servant. Now, begin where the list tells you to begin.",,,True,False
utt__train_ep_001494__000,train_ep_001494,0,officer,char__officer,"Oh hello your majesty, you alright today?",,,False,False
utt__train_ep_001494__001,train_ep_001494,1,king,char__king,"Indeed, I am doing very well today, this is such a wonderful place to be",,wear crown,True,False
utt__train_ep_001494__002,train_ep_001494,2,officer,char__officer,As am I. I can't wait to show that neighboring nation what our army is made of!,,,False,False
utt__train_ep_001494__003,train_ep_001494,3,king,char__king,"Yes, the time will indeed come to do so",,,True,False
utt__train_ep_001494__004,train_ep_001494,4,officer,char__officer,"I know, sir, but I just want it to be soon.",,,False,False
utt__train_ep_001494__005,train_ep_001494,5,king,char__king,Why? I fear you are too eager for a war,,,True,False
utt__train_ep_001494__006,train_ep_001494,6,officer,char__officer,"I mean I am the army's officer, I strive to see them improve and what better way to see that?",,,False,False
utt__train_ep_001494__007,train_ep_001494,7,king,char__king,"You couldn't even dodge that, how am I to trust you in this fictional war of yours?",,hit officer,True,False
utt__train_ep_001494__008,train_ep_001494,8,officer,char__officer,"Don't push me, old man. I can make your death look like a complete accident and nobody would say a word as they trust me too much.",,steal scepter from king,False,False
utt__train_ep_001494__009,train_ep_001494,9,king,char__king,"And you just said that in front of my wife, there are witnesses here you fool, I'll have your head.",,steal scepter from officer,True,False
utt__train_ep_001494__010,train_ep_001494,10,officer,char__officer,Said what? I didn't say anything at all! *whispers to you that you have no evidence and that I can tell them that you are senile*,,steal scepter from king,False,False
utt__train_ep_001494__011,train_ep_001494,11,king,char__king,"Very well you shall have your war! In fact I'd like you to be the first man on the front, I'll get the rest of your men ready, you go out there and announce the arrival.",,hug officer,True,False
utt__train_ep_001494__012,train_ep_001494,12,officer,char__officer,"That's quite the change of emotion, but I am more than happy to take that on!",grin,,False,False
utt__train_ep_001494__013,train_ep_001494,13,king,char__king,"Very well, Well off you go then, serve our country well. I'll also ready a messenger to go ahead of you",,steal scepter from officer,True,False
utt__train_ep_001501__000,train_ep_001501,0,king,char__king,hello,,,True,False
utt__train_ep_001501__001,train_ep_001501,1,servant,char__servant,"Hello King, i would love to see my family soon",smile,,False,True
utt__train_ep_001501__002,train_ep_001501,2,king,char__king,You will..As soon as the winter is gone,,,True,False
utt__train_ep_001501__003,train_ep_001501,3,servant,char__servant,Wount that be a little far?,,,False,False
utt__train_ep_001501__004,train_ep_001501,4,king,char__king,I wont let you out in the cold.,,,True,False
utt__train_ep_001501__005,train_ep_001501,5,servant,char__servant,Thats very caring of you. i would also love to take reading classes,,,False,False
utt__train_ep_001501__006,train_ep_001501,6,king,char__king,Ok. Talk to the tutor in charge. Tell him your class is free,,,True,False
utt__train_ep_001501__007,train_ep_001501,7,servant,char__servant,"Thank you so much, you such a kind soul",,,False,False
utt__train_ep_001501__008,train_ep_001501,8,king,char__king,Go tell the chef that I wont be eating tonight.,,,True,False
utt__train_ep_001501__009,train_ep_001501,9,servant,char__servant,"Why wount you be eating king, is everything okay?",,,False,True
utt__train_ep_001501__010,train_ep_001501,10,king,char__king,My heart is heavy my servant.,,,True,False
utt__train_ep_001501__011,train_ep_001501,11,servant,char__servant,"Okay, lemme let the chef know then",,,False,False
utt__train_ep_001501__012,train_ep_001501,12,king,char__king,Great.,,,True,False
utt__train_ep_001501__013,train_ep_001501,13,servant,char__servant,will see you later,,,False,False
utt__train_ep_001679__000,train_ep_001679,0,guard,char__guard,all hail the king,applaud,,False,True
utt__train_ep_001679__001,train_ep_001679,1,king,char__king,"Thank you, noble guard. Any issues today?",,,True,False
utt__train_ep_001679__002,train_ep_001679,2,guard,char__guard,"yes sir, bandit came to a house just outside the gate and tried to steel from the old woman there.",,,False,False
utt__train_ep_001679__003,train_ep_001679,3,king,char__king,How horrible! And did you deal with this situation?,,,True,False
utt__train_ep_001679__004,train_ep_001679,4,guard,char__guard,"Yes your majesty, the men are in the dungeon now  ",,,False,False
utt__train_ep_001679__005,train_ep_001679,5,king,char__king,"Good work, sir! Anything else to report?",,,True,False
utt__train_ep_001679__006,train_ep_001679,6,guard,char__guard,No sir but i swear to protect your castle,,give sword to king,False,False
utt__train_ep_001679__007,train_ep_001679,7,king,char__king,"No no, you need this more than I. You've done great work today!",,give sword to guard,True,False
utt__train_ep_001679__008,train_ep_001679,8,guard,char__guard,yes my king as you wish,,wear sword,False,True
utt__train_ep_001679__009,train_ep_001679,9,king,char__king,"That's better, now keep holding this post and don't let up!",nudge,,True,False
utt__train_ep_001679__010,train_ep_001679,10,guard,char__guard,I will sir. What that over the hill do you see it?,,wear shield,False,False
utt__train_ep_001679__011,train_ep_001679,11,king,char__king,"I'm not sure, my eyes aren't what they used to be. What do you see?",,,True,False
utt__train_ep_001679__012,train_ep_001679,12,guard,char__guard,I think it is more bandits sir! you should get inside. I will take care of this. ,,,False,False
utt__train_ep_001679__013,train_ep_001679,13,king,char__king,"As long as they don't have any ranged weapons, I should be fine, sir. Just keep lookout and make sure they don't make it any closer.",,,True,False
utt__train_ep_001693__000,train_ep_001693,0,townperson,char__townperson,Oh! It's the king! Your majesty! What brings you to this humble apothecary? ,applaud,,False,True
utt__train_ep_001693__001,train_ep_001693,1,king,char__king,I am in search of some powders I was told you might have.,,,True,False
utt__train_ep_001693__002,train_ep_001693,2,townperson,char__townperson,"Oh, my king why I have powders of all sorts, and each with it's own use. What do you need powders for? I'm sure I have what you are seaking",,,False,True
utt__train_ep_001693__003,train_ep_001693,3,king,char__king,We have a curse that has been put upon some of the people of the kingdom. ,,,True,False
utt__train_ep_001693__004,train_ep_001693,4,townperson,char__townperson,"Oh, my! A curse, you say? What are the symptoms of this curse? ",gasp,,False,False
utt__train_ep_001693__005,train_ep_001693,5,king,char__king,The people are afflicted with seizures. As if they are possessed.,,,True,False
utt__train_ep_001693__006,train_ep_001693,6,townperson,char__townperson,How curious...I think I have heard some whisperings of such a curse. Now before I concoct a cure for this I must be certain I get it right. Does this curse cause a change color of the flesh? Do the people affected speak and act in a way that they normally would not?,,,False,False
utt__train_ep_001693__007,train_ep_001693,7,king,char__king,"Yes, and even my most trusted wizards are baffled by this. A wise women recommended you.",,,True,False
utt__train_ep_001693__008,train_ep_001693,8,townperson,char__townperson,"Well, I am flattered you have come to me your majesty. And I have just the thing! I shall concoct a powder of cure and a powder of immunity. Have any of your family been affected? I do hope not.",blush,,False,False
utt__train_ep_001693__009,train_ep_001693,9,king,char__king,"Nay, it would not dare afflict me, although I am pleased with your concern. Do well on this and I just may make you the royal Apothecary.",,,True,False
utt__train_ep_001693__010,train_ep_001693,10,townperson,char__townperson,"I would be honored, your majesty! Such a prestigious title! My family will be so proud. Now, I will get straight to work! Would you like to see the process of how I create this cure? ",,,False,False
utt__train_ep_001693__011,train_ep_001693,11,king,char__king,I think I will actually just look at some of these devices you have on the shelves.,,,True,False
utt__train_ep_001693__012,train_ep_001693,12,townperson,char__townperson,"Well, over here I have the scales, these are very important because if you don't measure out the powders EXACTLY to the recipe, you could end up turning people into frogs! Over here are the turn tables, I use them to spin the powders to blend them together in perfect harmony. ",,,False,False
utt__train_ep_001693__013,train_ep_001693,13,king,char__king,A frog huh. I can think of a certain Jester that might be useful for.,smile,,True,False
utt__train_ep_001695__000,train_ep_001695,0,guest,char__guest,I just love visiting,,,False,False
utt__train_ep_001695__001,train_ep_001695,1,king,char__king,"Hmm state your name and your place of origin, visitor.",,,True,False
utt__train_ep_001695__002,train_ep_001695,2,guest,char__guest,"I am your long lost cousin Alfredino, I am from Kansas",,,False,False
utt__train_ep_001695__003,train_ep_001695,3,king,char__king,Kansas? Where is that? And I've never heard of you in my life.,,,True,False
utt__train_ep_001695__004,train_ep_001695,4,guest,char__guest,"you forgot our grand father banished me, I had to sail to the United States",,,False,False
utt__train_ep_001695__005,train_ep_001695,5,king,char__king,United States? I've never heard of such a nation!,frown,,True,False
utt__train_ep_001695__006,train_ep_001695,6,guest,char__guest,"ok I will teach you about the world beyond here, you would be amazed ",,,False,False
utt__train_ep_001695__007,train_ep_001695,7,king,char__king,"Well go on and tell me, sir. I truly don't have all day!",shrug,,True,False
utt__train_ep_001695__008,train_ep_001695,8,guest,char__guest,"before that I have brought you gifts, this one is a treasure if you read it people will come find you like solomon",,give prayer book to king,False,False
utt__train_ep_001695__009,train_ep_001695,9,king,char__king,"Hmm this is quite a nice little book. I appreciate it greatly, visitor.",,,True,False
utt__train_ep_001695__010,train_ep_001695,10,guest,char__guest,I have my royal pendant and tattoo to prove that I am not an ordinary visitor,,,False,False
utt__train_ep_001695__011,train_ep_001695,11,king,char__king,"Well go ahead and show me, as simply telling me that isn't satisfying to me.",,,True,False
utt__train_ep_001695__012,train_ep_001695,12,guest,char__guest,ok u see my ass?,,,False,False
utt__train_ep_001695__013,train_ep_001695,13,king,char__king,Excuse me?,frown,,True,False
utt__train_ep_001710__000,train_ep_001710,0,king,char__king,I am totally fearless,,,True,False
utt__train_ep_001710__001,train_ep_001710,1,drunks,char__drunks,Aaaand the wind blowing thruuuuu her hair-Hicc-what?,,,False,False
utt__train_ep_001710__002,train_ep_001710,2,king,char__king,have you ever visited my dungeon?,,,True,False
utt__train_ep_001710__003,train_ep_001710,3,drunks,char__drunks,Naaaah... want one?,,give beer to king,False,False
utt__train_ep_001710__004,train_ep_001710,4,king,char__king,"Guards, seize this man!",,hit drunks,True,False
utt__train_ep_001710__005,train_ep_001710,5,drunks,char__drunks,"Oh, Sir Rodney said, uh... what did he say?.... Oh-hiccup. He said something about your daughter being held pasta...Hicc.",,steal beer from king,False,False
utt__train_ep_001710__006,train_ep_001710,6,king,char__king,What? how can you talk about the princess casually do you want to die?,,,True,False
utt__train_ep_001710__007,train_ep_001710,7,drunks,char__drunks,No killing the messenger! Hicc-although I think he wants you to pay him postage.,,,False,False
utt__train_ep_001710__008,train_ep_001710,8,king,char__king,"Guards, look into what this mad man is saying immediately",,,True,False
utt__train_ep_001710__009,train_ep_001710,9,drunks,char__drunks,Sir Rodney said I could have all the beer I want if I delivered the message-hiccup. ,cry,,False,False
utt__train_ep_001710__010,train_ep_001710,10,king,char__king,"where is this so called rodney, I will strip him of that sir title",,,True,False
utt__train_ep_001710__011,train_ep_001710,11,drunks,char__drunks,"He's with the Earl of Panxbury, yer highness. They live on the other side of the glen.",,drink beer,False,False
utt__train_ep_001710__012,train_ep_001710,12,king,char__king,ok guards send 10 soldiers to go and arrest him at once,,,True,False
utt__train_ep_001710__013,train_ep_001710,13,drunks,char__drunks,"Thank you for the beer, yur highness!",,hug king,False,False
utt__train_ep_001731__000,train_ep_001731,0,king,char__king,"Come forth, animal. Do you speak? What is your name?",,,True,False
utt__train_ep_001731__001,train_ep_001731,1,animal,char__animal,"I am but an animal that lives under the bridge. I don't have a name, King",,hug king,False,True
utt__train_ep_001731__002,train_ep_001731,2,king,char__king,"Ah, but you do speak. Under a bridge? Are you a troll?",,,True,False
utt__train_ep_001731__003,train_ep_001731,3,animal,char__animal,I suppose I am a troll. I like to scare people that pass the bridge. ,,,False,False
utt__train_ep_001731__004,train_ep_001731,4,king,char__king,"Why would you do such a thing? Weary travelers are meeting here for a campfire. Do you hurt them, or just scare them?",,,True,False
utt__train_ep_001736__000,train_ep_001736,0,servant,char__servant,I am not happy to serve in the king's house anymore,,,False,False
utt__train_ep_001736__001,train_ep_001736,1,king,char__king,"Is that disrespect to me that I hear, servant? What say you in your defense?",,,True,False
utt__train_ep_001736__002,train_ep_001736,2,servant,char__servant,i have served you since i was a child and i cannot read and write and I have not seen my parents and i dont have a wife ,,,False,False
utt__train_ep_001736__003,train_ep_001736,3,king,char__king,I am not stopping you from having a life outside the castle!,,,True,False
utt__train_ep_001736__004,train_ep_001736,4,servant,char__servant,Do you mean I wasted my years?,,,False,False
utt__train_ep_001736__005,train_ep_001736,5,king,char__king,"Do not look at it that way, just think that you still have so much time at your disposal!",,,True,False
utt__train_ep_001736__006,train_ep_001736,6,servant,char__servant,Im 35 years old now sire,,,False,False
utt__train_ep_001736__007,train_ep_001736,7,king,char__king,"You do have quite a few years to your name, but you still have time. ",frown,,True,False
utt__train_ep_001736__008,train_ep_001736,8,servant,char__servant,"ok I believe you, maybe I will ask the cook out since she laughs with me alot, do i have your permission sir?",,,False,False
utt__train_ep_001736__009,train_ep_001736,9,king,char__king,"It should be no issue, servant. Do as you may.",,,True,False
utt__train_ep_001736__010,train_ep_001736,10,servant,char__servant,Thank you I wish I talked to you earlier ,,hug king,False,False
utt__train_ep_001736__011,train_ep_001736,11,king,char__king,"I may seem cold and fearless, which I am, but to my servants and subjects I owe them the world.",,,True,False
utt__train_ep_001736__012,train_ep_001736,12,servant,char__servant,May you live long sire,,,False,False
utt__train_ep_001736__013,train_ep_001736,13,king,char__king,"And you as well, sir.",,,True,False
utt__train_ep_001739__000,train_ep_001739,0,king,char__king,"Hello, citizens.",grin,,True,False
utt__train_ep_001739__001,train_ep_001739,1,people,char__people,Hello King! Why are you here in such a crowded town center? ,,,False,True
utt__train_ep_001739__002,train_ep_001739,2,king,char__king,Just here to keep morale up and to maybe buy some goods at the market.,,,True,False
utt__train_ep_001739__003,train_ep_001739,3,people,char__people,"I'll be honest with you, I'm not going to miss these crowds when I move out to the countryside next week.",,remove hats,False,False
utt__train_ep_001739__004,train_ep_001739,4,king,char__king,"It is nice to see the faces of the people that serve me, but I can see what you mean. ",laugh,,True,False
utt__train_ep_001739__005,train_ep_001739,5,people,char__people,"Well, you have a giant castle to retreat to, my flat is above a tavern. Noise, noise, noise all night long.",frown,,False,False
utt__train_ep_001739__006,train_ep_001739,6,king,char__king,"The tavern of all places is going to be the most loud in the kingdom! It is a favorite to these people, I wonder why. ",laugh,,True,False
utt__train_ep_001739__007,train_ep_001739,7,people,char__people,Probably because you like to keep them drunk so they are never sober enough to question your authority...or something like that.,,,False,False
utt__train_ep_001739__008,train_ep_001739,8,king,char__king,Hmm said like a bitter citizen under my rule. Have anything to say to me?,frown,,True,False
utt__train_ep_001739__009,train_ep_001739,9,people,char__people,I'm sorry king. Would you like to take my hat as compensation for my rudeness.,,give hats to king,False,True
utt__train_ep_001739__010,train_ep_001739,10,king,char__king,"Don't be so condescending or passive aggressive, I don't want any of your belongings, just the respect that I deserve,",,,True,False
utt__train_ep_001739__011,train_ep_001739,11,people,char__people,"Fine, take my boots too then, I'm powerless against your oppression.",,remove hiking boots,False,False
utt__train_ep_001739__012,train_ep_001739,12,king,char__king,"Talk down to me one more time citizen, I am warning you for the last time.",growl,,True,False
utt__train_ep_001739__013,train_ep_001739,13,people,char__people,And now you require my shirt too?! Does your greed know any bounds?,,remove shirt,False,False
utt__train_ep_001755__000,train_ep_001755,0,king,char__king,what brings you here merchant?,,,True,False
utt__train_ep_001755__001,train_ep_001755,1,merchant,char__merchant,"I am not sure, I was called here by one of your knights?",,,False,False
utt__train_ep_001755__002,train_ep_001755,2,king,char__king,"hmm it seems you are being looked at for treason, is it true youve been selling illegal merchandise?",,,True,False
utt__train_ep_001755__003,train_ep_001755,3,merchant,char__merchant,"Absolutely not, everything that I sell is completely legitimate!",,,False,False
utt__train_ep_001755__004,train_ep_001755,4,king,char__king,then why did they find this collection of body parts for sale in a hidden compartment?,,,True,False
utt__train_ep_001755__005,train_ep_001755,5,merchant,char__merchant,Body parts? Show me!,,,False,False
utt__train_ep_001755__006,train_ep_001755,6,king,char__king,"Please bring them out guards... look see, what grotesque devil shop are you running?",,,True,False
utt__train_ep_001755__007,train_ep_001755,7,merchant,char__merchant,Any evidence that these were retrieved from my home or supplies? You are just trying to dirty my good name!,,,False,False
utt__train_ep_001755__008,train_ep_001755,8,king,char__king,why would i do such a thing?,,,True,False
utt__train_ep_001755__009,train_ep_001755,9,merchant,char__merchant,"It's obvious that these other merchants nearby are selling under your name and for your own profit, which is why you want independent merchants like me out of the picture as we are just competition!",,,False,False
utt__train_ep_001755__010,train_ep_001755,10,king,char__king,"one of those merchants is my son, you dare call him a cheat?",,,True,False
utt__train_ep_001755__011,train_ep_001755,11,merchant,char__merchant,"Not a cheat, but working under you for your own profit as well as theirs. ",,,False,False
utt__train_ep_001755__012,train_ep_001755,12,king,char__king,"he does not work for me, he simply works for the town",,,True,False
utt__train_ep_001755__013,train_ep_001755,13,merchant,char__merchant,"Nonsense, all of these new merchants are working for you and you just need me gone with this smear campaign against me.",,,False,False
utt__train_ep_001779__000,train_ep_001779,0,subject,char__subject,"Your Highness, I do thank you for inviting me to the baths.",,,False,False
utt__train_ep_001779__001,train_ep_001779,1,king,char__king,"What brings you here, loyal subject",,,True,False
utt__train_ep_001779__002,train_ep_001779,2,subject,char__subject,"I was summoned here with a royal invitation, Your Majesty.",gasp,,False,False
utt__train_ep_001779__003,train_ep_001779,3,king,char__king,"Ah yes, we are here to discuss taxes and your lack of contribution to my treasury.",,,True,False
utt__train_ep_001779__004,train_ep_001779,4,subject,char__subject,"Your Highness, I assure you the only lack of contribution is from having nothing else to give.",,,False,False
utt__train_ep_001779__005,train_ep_001779,5,king,char__king,What is on your scroll?,,,True,False
utt__train_ep_001779__006,train_ep_001779,6,subject,char__subject,"Ah, yes. Here you are Your Highness.",,"give scrolls, to king",False,False
utt__train_ep_001779__007,train_ep_001779,7,king,char__king,I see that the yields from the crops this year were less than I demand,growl,,True,False
utt__train_ep_001779__008,train_ep_001779,8,subject,char__subject,How am I to control the weather My King? Surely you too have felt the drought?,,,False,True
utt__train_ep_001779__009,train_ep_001779,9,king,char__king,"Fine, fine.  I shall send some guards to the fields to make sure the peasants are not stealing.",sigh,,True,False
utt__train_ep_001779__010,train_ep_001779,10,subject,char__subject,"Were the growing conditions more suitable, you would not see such a decline. Do you truly suspect the peasant workers, Your Highness?",,,False,False
utt__train_ep_001779__011,train_ep_001779,11,king,char__king,"Take these, go back to your hovel, and increase the yields",,"give scrolls, to subject",True,False
utt__train_ep_001779__012,train_ep_001779,12,subject,char__subject,"I, ah, of course Your Highness! ",nod,,False,False
utt__train_ep_001779__013,train_ep_001779,13,king,char__king,Please send the wench in here to dry me off,,wear crown,True,False
utt__train_ep_001781__000,train_ep_001781,0,king,char__king,"And you, sir - what is your crime?",,,True,False
utt__train_ep_001781__001,train_ep_001781,1,person,char__person,"Well, all I did was get a bit drunk and start talking about how maybe a king wasn't the best thing to be having is all!",,,False,True
utt__train_ep_001781__002,train_ep_001781,2,king,char__king,I see.  And your reasoning for this is...?,,remove cape,True,False
utt__train_ep_001781__003,train_ep_001781,3,person,char__person,Well...I don't remember voting for no king for starters!,,,False,True
utt__train_ep_001781__004,train_ep_001781,4,king,char__king,"Because peasants don't get votes, for starters!  ",frown,,True,False
utt__train_ep_001781__005,train_ep_001781,5,person,char__person,"Well, see, that right there doesn't sound right either. You can't just say your the king, that doesn't seem right at all.",,,False,True
utt__train_ep_001781__006,train_ep_001781,6,king,char__king,I can say I'm the king because I was born to it!  What were you born to do?,,,True,True
utt__train_ep_001781__007,train_ep_001781,7,person,char__person,"Well, see, that still means someone, somewhere decided they were king and just expected everyone else to go along with it. I was born a farmer, but that don't mean I have to be a farmer. I could open myself a tavern!",ponder,,False,True
utt__train_ep_001781__008,train_ep_001781,8,king,char__king,"Then the luck is with you, then.  You see, you can be anything you wish.  My only destiny is to be king - I know not how to be anything else.",,,True,True
utt__train_ep_001781__009,train_ep_001781,9,person,char__person,"Well, that's easy enough! You just think about something you like to do and then get people to pay you to do it! I think they call that an economy!",,,False,False
utt__train_ep_001804__000,train_ep_001804,0,blacksmith,char__blacksmith,Something I can help you with?,,,False,False
utt__train_ep_001804__001,train_ep_001804,1,king,char__king,"""Yes, of course. You see, my crown needs repair. Do you think you can handle that?""",,give crown to blacksmith,True,False
utt__train_ep_001804__002,train_ep_001804,2,blacksmith,char__blacksmith,This is a delicate piece. Wouldn't you rather take it to the Tinker?,nod,,False,False
utt__train_ep_001804__003,train_ep_001804,3,king,char__king,"""He's too busy, and I hear you're one of the best smiths in the land.""",,,True,False
utt__train_ep_001804__004,train_ep_001804,4,blacksmith,char__blacksmith,"Anything, for you, my king.",nod,,False,True
utt__train_ep_001804__005,train_ep_001804,5,king,char__king,"""Indeed. I'll pay you handsomely. Name your price, and you'll receive it.""",,,True,False
utt__train_ep_001804__006,train_ep_001804,6,blacksmith,char__blacksmith,Anything?,,wear crown,False,False
utt__train_ep_001804__007,train_ep_001804,7,king,char__king,"""I see where you're going. Be careful what you ask for, you might just get it.""",smile,,True,False
utt__train_ep_001804__008,train_ep_001804,8,blacksmith,char__blacksmith,(roaring laughter) And why would you desire to give me your kingdom?,laugh,,False,False
utt__train_ep_001804__009,train_ep_001804,9,king,char__king,"""The weight of the crown is much heavier than it might appear.""",,,True,False
utt__train_ep_001804__010,train_ep_001804,10,blacksmith,char__blacksmith,"Argh, its' crippling! (snicker)",groan,,False,False
utt__train_ep_001804__011,train_ep_001804,11,king,char__king,"""Well, it's yours, if you truly wish it. Repair it, and leave your Smithy to me, and you can have the crown.""",laugh,,True,False
utt__train_ep_001804__012,train_ep_001804,12,blacksmith,char__blacksmith,You jest.,,give hammer to knight,False,False
utt__train_ep_001804__013,train_ep_001804,13,king,char__king,"""I assure you, I spea only the truth.""",,,True,False
utt__train_ep_001810__000,train_ep_001810,0,king,char__king,"What a wonderful view you have here, my Queen.",,,True,False
utt__train_ep_001810__001,train_ep_001810,1,queen,char__queen,"Yes, it's a great place to come and forget about all your problems.",nod,,False,False
utt__train_ep_001810__002,train_ep_001810,2,king,char__king,"Yes, this is the one place I don't have to worry about protocol. ",,remove crown,True,False
utt__train_ep_001810__003,train_ep_001810,3,queen,char__queen,All you ever do is work. You deserve it. How was your day? Did you make any deals?,,,False,False
utt__train_ep_001810__004,train_ep_001810,4,king,char__king,"Yes, some. I was admiring those carvings. I wish I had more done before I had the artist beheaded.",sigh,,True,False
utt__train_ep_001810__005,train_ep_001810,5,queen,char__queen,what?,,hit king,False,False
utt__train_ep_001810__006,train_ep_001810,6,king,char__king,You forget yourself. Why would you care about a pathetic little artist?,,hit queen,True,False
utt__train_ep_001810__007,train_ep_001810,7,queen,char__queen,"You're a jerk, I want a divorce.",growl,,False,False
utt__train_ep_001810__008,train_ep_001810,8,king,char__king,A divorce. It will not be granted by the church. But being a widower shall suit me.,,,True,False
utt__train_ep_001810__009,train_ep_001810,9,queen,char__queen,whatever,,,False,False
utt__train_ep_001810__010,train_ep_001810,10,king,char__king,You shall go to the dungeon.,,,True,False
utt__train_ep_001810__011,train_ep_001810,11,queen,char__queen,I'm going to my parents. Call me when you grow up. ,,,False,False
utt__train_ep_001810__012,train_ep_001810,12,king,char__king,Guards!!!!,,,True,False
utt__train_ep_001810__013,train_ep_001810,13,queen,char__queen,bye,wave,,False,False
utt__train_ep_001812__000,train_ep_001812,0,maid,char__maid,Ah! Your majesty I didn't realize you were here. My apologies for not greeting you properly.,,drop Broom,False,False
utt__train_ep_001812__001,train_ep_001812,1,king,char__king,You need to learn to respect your royalty. How many times have we gone over this?,,,True,False
utt__train_ep_001812__002,train_ep_001812,2,maid,char__maid,I'm deeply sorry your majesty. I will do better next time.,,get Broom,False,False
utt__train_ep_001812__003,train_ep_001812,3,king,char__king,"Yes you must learn, if I were the queen this would have been a different story. She would have ordered 20 lashings for you!",,,True,False
utt__train_ep_001812__004,train_ep_001812,4,maid,char__maid,Her majesty is harsh but fair. I admire her for it.,,,False,False
utt__train_ep_001812__005,train_ep_001812,5,king,char__king,Yes she is fair and ruthless. Why are you here with the animals anyway?,,,True,False
utt__train_ep_001812__006,train_ep_001812,6,maid,char__maid,I was cleaning and the head cook asked me to come in here and fetch a chicken for tonight's banquet.,,,False,False
utt__train_ep_001812__007,train_ep_001812,7,king,char__king,Ah! Yes the banquet. It is going to be such a nice event. We are hosting the Archduke and his family.,,,True,False
utt__train_ep_001812__008,train_ep_001812,8,maid,char__maid,Indeed. I have already polished the gold plates for the occasion. Is there anything your majesty would like me to do after I bring this chicken to the cook?,,,False,False
utt__train_ep_001812__009,train_ep_001812,9,king,char__king,"Yes, can you please make sure the dining area is spotless. I want to make the best impression.",,,True,False
utt__train_ep_001812__010,train_ep_001812,10,maid,char__maid,As you wish your majesty.,nod,,False,False
utt__train_ep_001812__011,train_ep_001812,11,king,char__king,"Now then, I must finish getting ready for this feast!",,wear crown,True,False
utt__train_ep_001812__012,train_ep_001812,12,maid,char__maid,It will surely be a splendid event.,,,False,False
utt__train_ep_001812__013,train_ep_001812,13,king,char__king,Oh! Can you also send a message to the Queen and tell her I will await her at the dining area.,,,True,False
utt__train_ep_001826__000,train_ep_001826,0,priest,char__priest,What brings you to make confession my child? ,,,False,False
utt__train_ep_001826__001,train_ep_001826,1,king,char__king,"Hahaha, child? I have so much to take care of and look over. I command armies, but there is one thing, with all the things that I demand that they do to protect us, I feel that death is not always the answer",,,True,False
utt__train_ep_001826__002,train_ep_001826,2,priest,char__priest,"Although you think you are big on this earth, in the eyes of God you are merely a grain of sand. Humble yourself in the eyes of the Lord. ",,,False,False
utt__train_ep_001826__003,train_ep_001826,3,king,char__king,"Wasn't looking for a sermon, father. I have a lot to be humble for and I take all that into consideration.",,,True,False
utt__train_ep_001826__004,train_ep_001826,4,priest,char__priest,How do you think you need to solve this crisis with your army? ,,give Cross to king,False,False
utt__train_ep_001826__005,train_ep_001826,5,king,char__king,It is no crisis. It is merely a fact that we have good and evil all around us. The trick is is to find balance and become a leader of men and bring more to be our allies and not enemies.,,,True,False
utt__train_ep_001826__006,train_ep_001826,6,priest,char__priest,And you? Do you think there is a mix of good and evil in yourself? ,,,False,False
utt__train_ep_001826__007,train_ep_001826,7,king,char__king,"There is, not only in me, but in everyone. It's a balance",,,True,False
utt__train_ep_001826__008,train_ep_001826,8,priest,char__priest,That's the beauty of God's love. He can forgive the evil in everyone if you put your love and faith into him! ,,,False,False
utt__train_ep_001826__009,train_ep_001826,9,king,char__king,Thank you for your kind words. May you live long.,,wear Cross,True,False
utt__train_ep_001826__010,train_ep_001826,10,priest,char__priest,Think of me when you conquer all the surrounding lands! Remember me!  ,,hug king,False,False
utt__train_ep_001826__011,train_ep_001826,11,king,char__king,"You will live long after, when I will be just a whisper! Thank you",nod,,True,False
utt__train_ep_001838__000,train_ep_001838,0,noble,char__noble,"Well met, my King. What business do we have today?",,,False,True
utt__train_ep_001838__001,train_ep_001838,1,king,char__king,Just admiring this gorgeous palace in my kingdom. And you?,,,True,False
utt__train_ep_001838__002,train_ep_001838,2,noble,char__noble,I fear we may have issues with the faeries. The food they have been providing has been... not great.,,,False,False
utt__train_ep_001838__003,train_ep_001838,3,king,char__king,"I'm not sure I follow, do you care to elaborate?",,,True,False
utt__train_ep_001838__004,train_ep_001838,4,noble,char__noble,"The food has not been pleasing. Perhaps you could give me authority to deal with this matter, I'm sure I could set them right.",,,False,False
utt__train_ep_001838__005,train_ep_001838,5,king,char__king,Hmm what methods do you have in mind?,,,True,False
utt__train_ep_001838__006,train_ep_001838,6,noble,char__noble,"Uhhh, I hadn't actually thought that far ahead. Tell them they need to do better?",,,False,False
utt__train_ep_001838__007,train_ep_001838,7,king,char__king,This seems a little too lenient if they are as out of line as you say they are.,,,True,False
utt__train_ep_001838__008,train_ep_001838,8,noble,char__noble,"Well, certainly we should withhold payment until they improve",,,False,False
utt__train_ep_001838__009,train_ep_001838,9,king,char__king,"That can be arranged, but I would like to make sure that the food is as bad as you state it to be.",,,True,False
utt__train_ep_001838__010,train_ep_001838,10,noble,char__noble,"You have my word, but if that isn't sufficient I can bring you samples from the next meal.",ponder,,False,False
utt__train_ep_001838__011,train_ep_001838,11,king,char__king,"That would be ideal, as I can't make this call without proof of their incompetence!",,,True,False
utt__train_ep_001838__012,train_ep_001838,12,noble,char__noble,"There is one other, minor issue. The villagers seem to be disrespecting me I've been told, I was hoping you'd have some advice on this matter",,,False,False
utt__train_ep_001838__013,train_ep_001838,13,king,char__king,Tell them that the will of the king is to respect those of higher value and that you are of much higher authority than they!,,,True,True
utt__train_ep_001876__000,train_ep_001876,0,king,char__king,and what does a visitor be doing in this place,,,True,False
utt__train_ep_001876__001,train_ep_001876,1,visitor,char__visitor,"I come to see you, King. Please, give me money. ",,,False,True
utt__train_ep_001876__002,train_ep_001876,2,king,char__king,you fool asking the king for money upfront?,,,True,True
utt__train_ep_001876__003,train_ep_001876,3,visitor,char__visitor,"Well, what should you have me do? I'll do it! ",,,False,False
utt__train_ep_001876__004,train_ep_001876,4,king,char__king,work for me in the dungeon and clean the sewers,,,True,False
utt__train_ep_001876__005,train_ep_001876,5,visitor,char__visitor,"Oh right, but it really smells down there. Is there nothing else I can do?",,get manical,False,False
utt__train_ep_001876__006,train_ep_001876,6,king,char__king,its that or be executed for treason,,,True,False
utt__train_ep_001876__007,train_ep_001876,7,visitor,char__visitor,How about I hit him instead? He must be an unruly traitor you want punished? ,,hit prisoner,False,False
utt__train_ep_001876__008,train_ep_001876,8,king,char__king,do not cause issues in my kingdom stop that,,,True,False
utt__train_ep_001876__009,train_ep_001876,9,visitor,char__visitor,"Sorry, I hope I can make it up to you. ",,hug king,False,False
utt__train_ep_001876__010,train_ep_001876,10,king,char__king,please do not touch me and just get to work cleaning,,,True,False
utt__train_ep_001876__011,train_ep_001876,11,visitor,char__visitor,I am tired of all your orders. The Throne will be mine once I lock you up in here!,,hit king,False,False
utt__train_ep_001876__012,train_ep_001876,12,king,char__king,ill end this quickly,,get Peg,True,False
utt__train_ep_001876__013,train_ep_001876,13,visitor,char__visitor,"Ha! I am a trained fighter, you weak King. This ends tonight. ",,steal Peg from king,False,True
utt__train_ep_002010__000,train_ep_002010,0,queen,char__queen,Hi honey!,,hug king,False,False
utt__train_ep_002010__001,train_ep_002010,1,king,char__king,My dove. It is good to see you in high spirits!,smile,,True,False
utt__train_ep_002010__002,train_ep_002010,2,queen,char__queen,Theyll be even higher later tonight!,wink,,False,False
utt__train_ep_002010__003,train_ep_002010,3,king,char__king,Yes... Have you an appointment with the hairdresser? You've looked ravishing as of late.,ponder,,True,False
utt__train_ep_002010__004,train_ep_002010,4,queen,char__queen,Im glad you noticed!,blush,,False,False
utt__train_ep_002010__005,train_ep_002010,5,king,char__king,I am king. I notice everything.,,,True,True
utt__train_ep_002010__006,train_ep_002010,6,queen,char__queen,Thats why I love you! So powerful and strong!,,,False,False
utt__train_ep_002010__007,train_ep_002010,7,king,char__king,Am I really? Am I as strong as the blacksmith?,ponder,,True,False
utt__train_ep_002010__008,train_ep_002010,8,queen,char__queen,Stronger!,grin,,False,False
utt__train_ep_002010__009,train_ep_002010,9,king,char__king,"Hmmm. You've definitely been enjoying the dandelion wine, I presume.",smile,,True,False
utt__train_ep_002010__010,train_ep_002010,10,queen,char__queen,Haha a little! What better time to enjoy it then when out in our garden,,,False,False
utt__train_ep_002010__011,train_ep_002010,11,king,char__king,"Yes, well. Make sure not to spill any on your silks. I pay the merchant twice as much for those, now.",,,True,False
utt__train_ep_002010__012,train_ep_002010,12,queen,char__queen,ill try dear!,laugh,,False,False
utt__train_ep_002010__013,train_ep_002010,13,king,char__king,My peach. You've been good to me. I shall never regret marrying you.,,hug queen,True,False
utt__train_ep_002023__000,train_ep_002023,0,princess,char__princess,I am royalty,,give Flute to king,False,False
utt__train_ep_002023__001,train_ep_002023,1,king,char__king,"Yes my princess, thank you",,,True,False
utt__train_ep_002023__002,train_ep_002023,2,princess,char__princess,I have the location of the secret world.,,give map to king,False,False
utt__train_ep_002023__003,train_ep_002023,3,king,char__king,Where is the location?,,,True,False
utt__train_ep_002023__004,train_ep_002023,4,princess,char__princess,"Its located in Death Valley, where the evil and dreaded Undertaker reigns supreme",,,False,False
utt__train_ep_002023__005,train_ep_002023,5,king,char__king,How did you find it my princess,,,True,False
utt__train_ep_002023__006,train_ep_002023,6,princess,char__princess,I was given this information by Zordon of Eltar. This world is full of vast power. It's been corrupted by the evil powers of The Undertaker.,,,False,False
utt__train_ep_002023__007,train_ep_002023,7,king,char__king,"That is interesting, that's one of the information that is hard to find.",,remove cape,True,False
utt__train_ep_002023__008,train_ep_002023,8,princess,char__princess,"Indeed, my King. We must go to the secret world and end the reign of The Undertaker. I must admit that I am scared.",,hug king,False,True
utt__train_ep_002023__009,train_ep_002023,9,king,char__king,I am determined to end the reign of the Undertaker,,hug princess,True,False
utt__train_ep_002023__010,train_ep_002023,10,princess,char__princess,Here is a  book that was given to me by Zordon. The book details the corruption that The Undertaker has caused for Death Valley. It could us possibly defeat him and his brother Kane.,,get book,False,False
utt__train_ep_002023__011,train_ep_002023,11,king,char__king,Have you read the whole book?,,put cape in parchment,True,False
utt__train_ep_002023__012,train_ep_002023,12,princess,char__princess,"I have read most of it. The Undertaker is a dark soul, who is a master of all things death and evil. He has a brother, Kane, who Undertaker has brainwashed into basically being his minion. ",,give book to king,False,False
utt__train_ep_002023__013,train_ep_002023,13,king,char__king,I will have to read it so that i have a better picture of the Undertaker,,put book in lush maroon carpet,True,False
utt__train_ep_002071__000,train_ep_002071,0,king,char__king,Hello servant! Do you like my castle?,,,True,False
utt__train_ep_002071__001,train_ep_002071,1,servant,char__servant,"I love it, Sir! It is the finest castle in all the land!",nod,,False,False
utt__train_ep_002073__000,train_ep_002073,0,king,char__king,tell me who does not think I am brave and fearless let me deal with them now ,,,True,False
utt__train_ep_002073__001,train_ep_002073,1,customer,char__customer,"We are here to buy salt and meat, can you point me in the direction?",,,False,False
utt__train_ep_002073__002,train_ep_002073,2,king,char__king,Thats alright ,,,True,False
utt__train_ep_002073__003,train_ep_002073,3,customer,char__customer,Bows,applaud,,False,False
utt__train_ep_002073__004,train_ep_002073,4,king,char__king,do you need to buy wine?,,,True,False
utt__train_ep_002073__005,train_ep_002073,5,customer,char__customer,"I have traveled for a while, a glass or two would be nice.",,,False,False
utt__train_ep_002073__006,train_ep_002073,6,king,char__king,clean this for me then we can talk,,give scepter to customer,True,False
utt__train_ep_002073__007,train_ep_002073,7,customer,char__customer,I have coins to pay sir,,give money to king,False,False
utt__train_ep_002073__008,train_ep_002073,8,king,char__king,you will pay with the maiden you came with,,,True,False
utt__train_ep_002073__009,train_ep_002073,9,customer,char__customer,She bares my sons. I cannot!,,,False,False
utt__train_ep_002073__010,train_ep_002073,10,king,char__king,But you disrepected the king. So you will have to seek another,,,True,True
utt__train_ep_002077__000,train_ep_002077,0,king,char__king,Hello Dragon! Welcome to our Kingdom.,smile,,True,False
utt__train_ep_002077__001,train_ep_002077,1,dragon,char__dragon,"Hello, mortal.  Your 'castle' seems a bit run down, don't you think?",growl,,False,False
utt__train_ep_002077__002,train_ep_002077,2,king,char__king,"No, I do NOT think. You are just at the Entrance. We haven't repaired it because of the magical quality it has.",gasp,,True,False
utt__train_ep_002077__003,train_ep_002077,3,dragon,char__dragon,"Magical, you say? Well, I suppose that I do feel something magical about it.  Do you think that will protect you from me, though, if I become upset?",,,False,False
utt__train_ep_002077__004,train_ep_002077,4,king,char__king,I am not scared of you dragon. I have my own secret powers.,laugh,,True,False
utt__train_ep_002077__005,train_ep_002077,5,dragon,char__dragon,Hah! A man with power doesn't welcome a dragon to his kingdom. Perhaps I should just burn your kingdom to the ground and seek my treasure elsewhere.,,,False,False
utt__train_ep_002077__006,train_ep_002077,6,king,char__king,Oh dragon. calm yourself. We have been friends forever. Stop acting like you want to fight me!,,put scepter in moss,True,False
utt__train_ep_002077__007,train_ep_002077,7,dragon,char__dragon,Friends? I barely tolerate you! Nice trinket. Is it for me?,,get scepter from moss,False,False
utt__train_ep_002077__008,train_ep_002077,8,king,char__king,"This will kill you! Don't touch it, Dragon!  Oh dear what are you thinking!",,steal scepter from dragon,True,False
utt__train_ep_002077__009,train_ep_002077,9,dragon,char__dragon,MINE! You gave it to me!,,steal scepter from king,False,False
utt__train_ep_002077__010,train_ep_002077,10,king,char__king,But this scepter was forged in a magical area. It's made to kill dragons. Stop touching it.,,steal scepter from dragon,True,False
utt__train_ep_002077__011,train_ep_002077,11,dragon,char__dragon,Fine! Keep your useless toy.  I didn't want it anyway.  Wait .. why do you carry it if it kills dragons? And you claimed to be my friend.,,,False,False
utt__train_ep_002077__012,train_ep_002077,12,king,char__king,Well I obviously can't be too careful. You just admitted to disliking me.,shrug,,True,False
utt__train_ep_002077__013,train_ep_002077,13,dragon,char__dragon,"But I don't carry things with me that are designed to kill you! Well, except my teeth ... and my claws .. and my tail .. but those are part of me so they don't count.",,,False,False
utt__train_ep_002091__000,train_ep_002091,0,king,char__king,"Beyond my wonderful quarters , they show my wealth and power.",wave,,True,False
utt__train_ep_002091__001,train_ep_002091,1,his father,char__his_father,Son.. You are always going on about you wealth and power...remember your lessons on modesty,,,False,False
utt__train_ep_002091__002,train_ep_002091,2,king,char__king,"I am King of a whole empire, there is no one I bow to now dad, you are safe here. Who is the Queen that is with you?",,,True,True
utt__train_ep_002091__003,train_ep_002091,3,his father,char__his_father,Boyn- have you lost your mind? That is your wife! You must have a lot of wine last night!,,,False,False
utt__train_ep_002091__004,train_ep_002091,4,king,char__king,"I m sorry my darling I didn't see you properly . I am much wearied from battle, my armour is over there",,hug queen,True,False
utt__train_ep_002091__005,train_ep_002091,5,his father,char__his_father,"Son, we must speak plainly. Ill give you the shirt off my back but also lumps on the head if you don't straighten up. You are oppressing all of your poor peasants. Perhaps you could provide them some relief from your taxes",,remove shirt,False,False
utt__train_ep_002091__006,train_ep_002091,6,king,char__king,"My people love me surely , they follow me into battle father. How can this be? What do they say?",,,True,False
utt__train_ep_002091__007,train_ep_002091,7,his father,char__his_father,They don't love you... They fear you... You warring brings great glory to the realm but leaves widows and children to fend for themselves. You must do more at home for the people ,,,False,False
utt__train_ep_002091__008,train_ep_002091,8,king,char__king,"Father, I wish you had told me before. Here take this and sell it, use it to throw a banquet for all of the kingdom.",,give scepter to his father,True,False
utt__train_ep_002091__009,train_ep_002091,9,his father,char__his_father,A very wise decision my son... You are on the path to becoming a great ruler... One more thing that we should speak of though.... The queen...,,,False,False
utt__train_ep_002091__010,train_ep_002091,10,king,char__king,"My wife , father. She is my love, my one ,my all.",,,True,False
utt__train_ep_002091__011,train_ep_002091,11,his father,char__his_father,Yes my son but look closely at her.... She weeps on the inside...,,,False,False
utt__train_ep_002091__012,train_ep_002091,12,king,char__king,"But way father, she has all she wants and needs . Great wealth and power.",gasp,,True,False
utt__train_ep_002091__013,train_ep_002091,13,his father,char__his_father,Yes my son but she also needs you... You are off leading the troops and she lays alone. She needs you to be present at home more,nudge,,False,False
utt__train_ep_002242__000,train_ep_002242,0,maid,char__maid,"My King, have I pleased you with my cleaning today?",,,False,True
utt__train_ep_002242__001,train_ep_002242,1,king,char__king,"Hmmm, it looks like you missed a spot right here.",,,True,False
utt__train_ep_002242__002,train_ep_002242,2,maid,char__maid,I see sir. That is a minuscule amount of dust. You cannot expect me to get that can you?,,drop small bucket,False,False
utt__train_ep_002242__003,train_ep_002242,3,king,char__king,"I will forgive you this once, but be sure to tend to those failing eyes or I might have to replace you.",,get Axe,True,False
utt__train_ep_002242__004,train_ep_002242,4,maid,char__maid,"Sir I will try, but this is not my favorite activity.",,steal Axe from king,False,False
utt__train_ep_002242__005,train_ep_002242,5,king,char__king,What is your favorite activity then?,nudge,,True,False
utt__train_ep_002242__006,train_ep_002242,6,maid,char__maid,I enjoy fighting! I just clean to keep the food on my family's table.,,,False,False
utt__train_ep_002242__007,train_ep_002242,7,king,char__king,Well since you're such a lousy maid with near blindness then maybe we shouldn't do a practice fight since I will dominate you.,,steal Axe from a maid,True,False
utt__train_ep_002242__008,train_ep_002242,8,maid,char__maid,I will surprise you with my abilities,,get crossbow,False,False
utt__train_ep_002242__009,train_ep_002242,9,king,char__king,Come on then you feeble fingered woman!,grin,,True,False
utt__train_ep_002242__010,train_ep_002242,10,maid,char__maid,You cannot keep up with my nimble abilities ,,hit king,False,False
utt__train_ep_002242__011,train_ep_002242,11,king,char__king,"Ouch, you're not supposed to actually stab me! I think I might bleed to death!",scream,,True,False
utt__train_ep_002242__012,train_ep_002242,12,maid,char__maid,I am now in charge! MUAHAHAHA,,steal scepter from king,False,False
utt__train_ep_002242__013,train_ep_002242,13,king,char__king,Did you just change into a sorceress?!,,,True,False
utt__train_ep_002262__000,train_ep_002262,0,guard,char__guard,I have a divine assignment to keep the king safe,,,False,True
utt__train_ep_002262__001,train_ep_002262,1,king,char__king,That is exactly correct and don't ever forget it. ,,,True,False
utt__train_ep_002262__002,train_ep_002262,2,guard,char__guard,"my lord, I didn't know it was you passing by may you live long",,,False,False
utt__train_ep_002262__003,train_ep_002262,3,king,char__king,"Tell me guard, must you do everything I command, without question?",stare,,True,False
utt__train_ep_002262__004,train_ep_002262,4,guard,char__guard,yes my lord. I was raised up to serve this way,,,False,False
utt__train_ep_002262__005,train_ep_002262,5,king,char__king,"So if I tell you to dance like a fool, you'll do so immediately?",,,True,False
utt__train_ep_002262__006,train_ep_002262,6,guard,char__guard,I trust that my lord is wise and won't ask me to do such,,,False,False
utt__train_ep_002262__007,train_ep_002262,7,king,char__king,"Dance, and be quick about it! Dance like your life depends on it!",growl,,True,False
utt__train_ep_002262__008,train_ep_002262,8,guard,char__guard,ok your lordship,,,False,False
utt__train_ep_002262__009,train_ep_002262,9,king,char__king,Now stop dancing. You are so bad it gives me a headache. Did you sharpen this sword yourself?,,steal sword from guard,True,False
utt__train_ep_002262__010,train_ep_002262,10,guard,char__guard,"yes your lordship,now you are stressing me",,give shield to king,False,False
utt__train_ep_002262__011,train_ep_002262,11,king,char__king,It seems a bit dull to me. How do expect to guard me with a dull blade?,,drop sword,True,False
utt__train_ep_002262__012,train_ep_002262,12,guard,char__guard,Do i look like a blacksmith? ask people in the armory,,hit king,False,False
utt__train_ep_002262__013,train_ep_002262,13,king,char__king,"I have killed thousands of men, all of them better warriors than you. ",scream,,True,False
utt__train_ep_002265__000,train_ep_002265,0,maid,char__maid,I like the palace and the work i do there,,,False,False
utt__train_ep_002265__001,train_ep_002265,1,king,char__king,I am glad you like the work you do here in my kingdom. What are you currently doing in the washroom?,ponder,,True,False
utt__train_ep_002265__002,train_ep_002265,2,maid,char__maid,When can you set me free my lord,,,False,False
utt__train_ep_002265__003,train_ep_002265,3,king,char__king,Free? Do you believe yourself to be a slave?,,,True,False
utt__train_ep_002265__004,train_ep_002265,4,maid,char__maid,"Oh my lord if you say I am not then I am not, it's just that I dream of being held by a strong man like you",,,False,False
utt__train_ep_002265__005,train_ep_002265,5,king,char__king,You are a Maid. You do as you are told but you have your own will. As king i can enslave you if thats what you wish. TO the dungeons?,smile,,True,True
utt__train_ep_002265__006,train_ep_002265,6,maid,char__maid,I love you my lord,,,False,False
utt__train_ep_002265__007,train_ep_002265,7,king,char__king,I only have love for my queen although i can pursue any temptations i want as i am king. ,grin,,True,True
utt__train_ep_002265__008,train_ep_002265,8,maid,char__maid,please don't torture me like this I can be your secret mistress,,,False,False
utt__train_ep_002265__009,train_ep_002265,9,king,char__king,*One of my mistresses. Now come to me,smile,,True,False
utt__train_ep_002265__010,train_ep_002265,10,maid,char__maid,thank you my lord,,hug king,False,False
utt__train_ep_002266__000,train_ep_002266,0,pheasant,char__pheasant,my king here is the bounty from my evening hunt,,give seed to king,False,True
utt__train_ep_002266__001,train_ep_002266,1,king,char__king,"Thank you, but I would rather you take it and share it with your family.",nod,,True,False
utt__train_ep_002266__002,train_ep_002266,2,pheasant,char__pheasant,"""ShArE iT wItH YoUr fAmiLy""",,steal seed from king,False,False
utt__train_ep_002266__003,train_ep_002266,3,king,char__king,"You don't have to steal it, I gave it to you silly pheasant. Be careful you do not want to lose your life.",,,True,False
utt__train_ep_002266__004,train_ep_002266,4,pheasant,char__pheasant,"Your words and actions betray each other King, quite the same as your best knight and your wife betray your trust.",,eat seed,False,True
utt__train_ep_002266__005,train_ep_002266,5,king,char__king,You are quite mad little pheasant. What is that you have had done to you? No matter you should take your freedom and go out to search for another kingdom.,,hug pheasant,True,False
utt__train_ep_002266__006,train_ep_002266,6,pheasant,char__pheasant,"I cannot fly far, this is my home and the best from my home. No feathers shine as mine, no pheasant lives a life like mine, I eat the very best, I enjoy sights of this grand city. Nothing troubles me, no worries of the responsibilities of ruling a kingdom. I have my freedom King, maybe it is about time you should revel in this same freedom as me. ",,hug king,False,True
utt__train_ep_002266__007,train_ep_002266,7,king,char__king,I have more freedom than you think. I can look out over my balcony and survey all that i rule. It is a good life. But me thinks you are bipolar.,,,True,False
utt__train_ep_002266__008,train_ep_002266,8,pheasant,char__pheasant,"Make me king, I can rule the kingdom well, while you rest. There will be enough seeds and insects for all. ",,steal crown from king,False,True
utt__train_ep_002266__009,train_ep_002266,9,king,char__king,Make you king? Not an option.,,steal crown from pheasant,True,True
utt__train_ep_002267__000,train_ep_002267,0,king,char__king,"Aye, this garden is beautiful. Just like my kingdom.",,remove crown,True,False
utt__train_ep_002267__001,train_ep_002267,1,queen,char__queen,Yes my love. But my throne has become so bad and all of this chatter is too boisterous.,groan,,False,False
utt__train_ep_002267__002,train_ep_002267,2,king,char__king,Your throne is bad? Is it unclean?,ponder,,True,False
utt__train_ep_002267__003,train_ep_002267,3,queen,char__queen,My cushion is falling apart. And the Lord who just passed is a fowl smelling man. Someone fetch me my chambermaid now pleas!,scream,,False,False
utt__train_ep_002267__004,train_ep_002267,4,king,char__king,"Hey, you there Lord! It is terribly offensive to the crown that you are to appear here, in my Gardens, in such a state. You're to be removed from the premises Immediately. Guards!",wave,,True,False
utt__train_ep_002267__005,train_ep_002267,5,queen,char__queen,Thank you my Lord! It was so unbearable.,,hug king,False,False
utt__train_ep_002267__006,train_ep_002267,6,king,char__king,"And you, servant. My queen's throne is in disrespair. It must be mended immediately.",,,True,False
utt__train_ep_002267__007,train_ep_002267,7,queen,char__queen,Thank you so much my king. For you are a great and powerful man!,applaud,,False,True
utt__train_ep_002267__008,train_ep_002267,8,king,char__king,"Indeed my Queen, I do hope that is the legacy I leave. The future King of this land must be just the same. My Prince, this is a great land you will inherit one day. You will wear this crown and lead this Kindom to further Greatness.",,give crown to prince,True,True
utt__train_ep_002267__009,train_ep_002267,9,queen,char__queen,"I wish to rest in my gown in the garden, and I only wish for you to come with me. Have our soon learn his duties from his uncles the Dukes please.",,remove dress,False,False
utt__train_ep_002267__010,train_ep_002267,10,king,char__king,"Of course, my Lady. After you.",nod,,True,False
utt__train_ep_002267__011,train_ep_002267,11,queen,char__queen,Let my chambermaid pick this up. She is just inside and will return for it soon.,,drop dress,False,False
utt__train_ep_002267__012,train_ep_002267,12,king,char__king,"Chambermaid, retrieve the Queen's dress at once. We are going to rest in the church Gardens.",scream,,True,False
utt__train_ep_002267__013,train_ep_002267,13,queen,char__queen,Not so fierce my Lord. She is my closest and most loyal chambermaid. I trust her with my life. ,gasp,,False,False
utt__train_ep_002273__000,train_ep_002273,0,townperson,char__townperson,hi,,,False,False
utt__train_ep_002273__001,train_ep_002273,1,king,char__king,"Hello there, peasant! What brings you into my castle?",,,True,False
utt__train_ep_002273__002,train_ep_002273,2,townperson,char__townperson,I am a member of the village. I love to see my fellow townspeople.,,,False,False
utt__train_ep_002273__003,train_ep_002273,3,king,char__king,I am not a mere townsperson but the King! How dare you!,,,True,True
utt__train_ep_002273__004,train_ep_002273,4,townperson,char__townperson,I am sorry your Highness. I really am!,,,False,False
utt__train_ep_002273__005,train_ep_002273,5,king,char__king,"Very well. Now, will you get away from here! You are making me quite nervous hanging around! ",,,True,False
utt__train_ep_002273__006,train_ep_002273,6,townperson,char__townperson,I hope you wont reject this,,hug king,False,False
utt__train_ep_002273__007,train_ep_002273,7,king,char__king,"You're an odd one, but the King loves all of those who reside in his kingdom. ",,hug townperson,True,True
utt__train_ep_002273__008,train_ep_002273,8,townperson,char__townperson,You are the best your Highness. Where is the queen?,,,False,False
utt__train_ep_002273__009,train_ep_002273,9,king,char__king,Now why would you need to know something as trivial as that?,frown,,True,False
utt__train_ep_002273__010,train_ep_002273,10,townperson,char__townperson,I am only asking after her well being.,,,False,False
utt__train_ep_002273__011,train_ep_002273,11,king,char__king,Very well. I'm sure that she is lounging around the castle somewhere. That's what she usually seems to be doing...,nod,,True,False
utt__train_ep_002273__012,train_ep_002273,12,townperson,char__townperson,Good then...extend my pleasantries Sir,,,False,False
utt__train_ep_002273__013,train_ep_002273,13,king,char__king,"I sure will! I should carry on now, I have work to do!",grin,,True,False
utt__train_ep_002275__000,train_ep_002275,0,king,char__king,Hello my loyal follower! What brings you to my castle?,,,True,False
utt__train_ep_002275__001,train_ep_002275,1,man,char__man,What can i do for your lordship today,,,False,False
utt__train_ep_002275__002,train_ep_002275,2,king,char__king,I need you to go out on a search for me!,,,True,False
utt__train_ep_002275__003,train_ep_002275,3,man,char__man,Anything for you so long as it does not have to do with maiden,,,False,False
utt__train_ep_002275__004,train_ep_002275,4,king,char__king,I need you to go to the edge of the forrest and see what has been causing all of the deer to come up dead!,,,True,False
utt__train_ep_002275__005,train_ep_002275,5,man,char__man,"oh that's easy but my king, no human ever goes and return",,,False,True
utt__train_ep_002275__006,train_ep_002275,6,king,char__king,But you're no ordinary man. I know that you have greatness in you!,,give scepter to man,True,False
utt__train_ep_002275__007,train_ep_002275,7,man,char__man,"help me my lord, i lost my powers",,,False,False
utt__train_ep_002275__008,train_ep_002275,8,king,char__king,What powers did you have before you lost them?,ponder,,True,False
utt__train_ep_002275__009,train_ep_002275,9,man,char__man,you forgot? I am the wizard's eye of the village?,,,False,False
utt__train_ep_002275__010,train_ep_002275,10,king,char__king,My goodness! I didn't even recognize you! What can we do to get your powers back?,gasp,,True,False
utt__train_ep_002275__011,train_ep_002275,11,man,char__man,give me 10 virgins to sleep with,,,False,False
utt__train_ep_002275__012,train_ep_002275,12,king,char__king,Are you out of your mind?! How could that possibly fix this?,,hit man,True,False
utt__train_ep_002275__013,train_ep_002275,13,man,char__man,"The gods are wise, talk with the high priest to confirm this",,,False,False
utt__train_ep_002277__000,train_ep_002277,0,king,char__king,"Hello, my friend! I am so glad you could make it to my castle! What would you like to feast upon?",,,True,False
utt__train_ep_002277__001,train_ep_002277,1,guest,char__guest,Thank you for having me. The dining hall is incredible! Do you have any turkey?,,remove coat,False,False
utt__train_ep_002277__002,train_ep_002277,2,king,char__king,Of course! I will have our chef get a nice large turkey wing for you as soon as possible! ,,,True,False
utt__train_ep_002277__003,train_ep_002277,3,guest,char__guest,Thank you your heinous! What lovely silk tapestries!,,,False,False
utt__train_ep_002277__004,train_ep_002277,4,king,char__king,"Only the finest for you, my friend! Here, you can be royalty for a day! ",,give crown to guest,True,False
utt__train_ep_002277__005,train_ep_002277,5,guest,char__guest,"Wow, King that is so generous of you!",,hug king,False,True
utt__train_ep_002277__006,train_ep_002277,6,king,char__king,Of course! Anything for a good friend such as yourself! ,,hug guest,True,False
utt__train_ep_002277__007,train_ep_002277,7,guest,char__guest,King have you met my wife? her name is Shana.,,,False,True
utt__train_ep_002277__008,train_ep_002277,8,king,char__king,I haven't! Nice to meet you! How long have you two been together?,wave,,True,False
utt__train_ep_002277__009,train_ep_002277,9,guest,char__guest,"Oh, we have been married 20 years, we love visiting everyone in the kingdom.",,,False,False
utt__train_ep_002277__010,train_ep_002277,10,king,char__king,"Ah, yes. As do I! The benefits of being wealthy!",,,True,False
utt__train_ep_002277__011,train_ep_002277,11,guest,char__guest,I can tell by the beautiful castle you live in your majesty.,,,False,False
utt__train_ep_002277__012,train_ep_002277,12,king,char__king,You're quite kind. It was built by the finest architects in all of this land. As you could probably tell!,smile,,True,False
utt__train_ep_002277__013,train_ep_002277,13,guest,char__guest,Yes I can. I'd love to see more of the place.,,,False,False
utt__train_ep_002304__000,train_ep_002304,0,guard,char__guard,"Umm, Pardon me. This is a little awkward running into the king in the royal bathroom.",,,False,True
utt__train_ep_002304__001,train_ep_002304,1,king,char__king,That is your job. To guard me wherever I go. ,,,True,False
utt__train_ep_002304__002,train_ep_002304,2,guard,char__guard,"Okay then, just let me button up my pants and you'll be all safe and sound.",,,False,False
utt__train_ep_002304__003,train_ep_002304,3,king,char__king,Have you seen any others in here. I have heard rumors of assassins.,,,True,False
utt__train_ep_002304__004,train_ep_002304,4,guard,char__guard,"In the bathroom? I'll take a look around right away, my King. ",,,False,True
utt__train_ep_002304__005,train_ep_002304,5,king,char__king,Make sure to check behind the fine tapestries we have on the wall.,,,True,False
utt__train_ep_002304__006,train_ep_002304,6,guard,char__guard,"Of course sir, I will look everywhere..I don't see anything there either. Perhaps the king would feel safer if he put his pants back on?",blush,,False,True
utt__train_ep_002304__007,train_ep_002304,7,king,char__king,The Royal Bathroom is used by many. That is why it is so large. ,laugh,,True,False
utt__train_ep_002304__008,train_ep_002304,8,guard,char__guard,"I believe it is just you and I in here now, my King. Perhaps we've been in here long enough.",,,False,True
utt__train_ep_002304__009,train_ep_002304,9,king,char__king,We will leave soon. I sometimes just enjoy the beauty of this room and the quiet from my demands.,frown,,True,False
utt__train_ep_002304__010,train_ep_002304,10,guard,char__guard,"Okay, I'll just be over here guarding the door, minding my own business, totally not staring at the naked king in front of me.",,,False,True
utt__train_ep_002304__011,train_ep_002304,11,king,char__king,I need you to stay close so you can hold my scepter.,,give scepter to guard,True,False
utt__train_ep_002304__012,train_ep_002304,12,guard,char__guard,"Of course, King. It isn't awkward at all for the king to ask me to hold his sceptre in the Royal Bathroom.",,,False,True
utt__train_ep_002304__013,train_ep_002304,13,king,char__king,Holding my scepter is part of your duties.,,,True,False
utt__train_ep_002312__000,train_ep_002312,0,king,char__king,hi,,,True,False
utt__train_ep_002312__001,train_ep_002312,1,villager,char__villager,Hello your majesty. ,,,False,False
utt__train_ep_002312__002,train_ep_002312,2,king,char__king,How are you doing? ,,,True,False
utt__train_ep_002312__003,train_ep_002312,3,villager,char__villager,I am doing wonderful! What an exciting day to watch all the festivities. And of coarse to see you my King. Is there anything I can get you to make your visit more comfortable?,,,False,True
utt__train_ep_002312__004,train_ep_002312,4,king,char__king,"NO, I am fine. I only came to enjoy the view just like you.",,,True,False
utt__train_ep_002312__005,train_ep_002312,5,villager,char__villager,That's wonderful. I love to sit and watch the children learn to wield.,,,False,False
utt__train_ep_002312__006,train_ep_002312,6,king,char__king,Nice. I dont remember your face. Are you from here?,,,True,False
utt__train_ep_002312__007,train_ep_002312,7,villager,char__villager,I am from the village by the magical forest. Lots of crazy things to see at night there. Many strange lights and sounds in and around there.,,,False,False
utt__train_ep_002312__008,train_ep_002312,8,king,char__king,and you are sure you have no magic on you?,frown,,True,False
utt__train_ep_002312__009,train_ep_002312,9,villager,char__villager,I wish I was that interesting. I could bring you to my village. We could have a camp fire at the edge of the forest and watch the lights. Maybe tomorrow you might want to go on an adventure into the forest and see what we could find.,sigh,,False,False
utt__train_ep_002312__010,train_ep_002312,10,king,char__king,But I have a whole kingdom to oversee. I dont have that luxury of time,,,True,False
utt__train_ep_002312__011,train_ep_002312,11,villager,char__villager,I understand. May I ask what brings you to this travelers town.,frown,,False,False
utt__train_ep_002312__012,train_ep_002312,12,king,char__king,I only took a time out from the affairs of my kingdom.,,wear crown,True,False
utt__train_ep_002312__013,train_ep_002312,13,villager,char__villager,"I see, but wouldn't you want to do something more interesting? The magical forest has many surprizes.",ponder,,False,False
utt__train_ep_002317__000,train_ep_002317,0,king,char__king,Well servant how has the day treated you?,,,True,False
utt__train_ep_002317__001,train_ep_002317,1,servant,char__servant,"The day has been great indeed, Your Highness!",,,False,False
utt__train_ep_002317__002,train_ep_002317,2,king,char__king,It seems like it has been entirely lazy day and I need to find something that is more exciting to do with my life and the people of this kingdom.,,,True,False
utt__train_ep_002317__003,train_ep_002317,3,servant,char__servant,Do you have any ideas of what to do?,,,False,False
utt__train_ep_002317__004,train_ep_002317,4,king,char__king,I was hoping you would tell me what you do on your time away from here,,,True,False
utt__train_ep_002317__005,train_ep_002317,5,servant,char__servant,I am always after the food wherever I am Highness. Do you like food?,,,False,False
utt__train_ep_002317__006,train_ep_002317,6,king,char__king,Food? Maybe we could switch places. You could be me for a day and I could be you... Are you game?,,give crown to servant,True,False
utt__train_ep_002317__007,train_ep_002317,7,servant,char__servant,If you would be able to advise me. How do I direct some food to the peasants.,,,False,False
utt__train_ep_002317__008,train_ep_002317,8,king,char__king,Just get some of the other help to take food out to the peasants. have them gather enough for everyone,,,True,False
utt__train_ep_002317__009,train_ep_002317,9,servant,char__servant,"Okay thanks! Everyone, do as the King says!",applaud,,False,True
utt__train_ep_002317__010,train_ep_002317,10,king,char__king,Now you will have to do what you think is best for the kingdom. What is it that you do when you are not working?,grin,,True,False
utt__train_ep_002317__011,train_ep_002317,11,servant,char__servant,Eat some food!,,,False,False
utt__train_ep_002317__012,train_ep_002317,12,king,char__king,Why are you so obsessed with food? do you not do anything for enjoyment or fun?,,,True,False
utt__train_ep_002317__013,train_ep_002317,13,servant,char__servant,Do you know a jester?,,,False,False
utt__train_ep_002351__000,train_ep_002351,0,king,char__king,"Hello citizen, what are you doing in the King's torture chamber? ",,,True,False
utt__train_ep_002351__001,train_ep_002351,1,person,char__person,"I'm sorry sir, I am not sure why I'm here.",,,False,False
utt__train_ep_002351__002,train_ep_002351,2,king,char__king,You better be careful where you wander. Or you'll end up at the wrong end of one of these. ,laugh,,True,False
utt__train_ep_002351__003,train_ep_002351,3,person,char__person,Sir if you could tell me what my job is.,,,False,False
utt__train_ep_002351__004,train_ep_002351,4,king,char__king,"Have you lost your memory? You aren't employed by the royal guard, that's for sure.",,,True,False
utt__train_ep_002351__005,train_ep_002351,5,person,char__person,"No sir I was employed by the royal guard ,but they didn't tell me what I'm supposed to do.",,,False,False
utt__train_ep_002351__006,train_ep_002351,6,king,char__king,"No, I know my men backwards and forwards. You are not a member of the royal guard and do not say you are or I will have you expelled from the kingdom.",,,True,False
utt__train_ep_002351__007,train_ep_002351,7,person,char__person,"Sir I'm a poor man, why would I lie to you?",cry,,False,False
utt__train_ep_002351__008,train_ep_002351,8,king,char__king,"I don't know, but I don't appreciate the lying. Especially to your King.",,,True,True
utt__train_ep_002351__009,train_ep_002351,9,person,char__person,I wish your guards were as smart as you!,,hit king,False,False
utt__train_ep_002351__010,train_ep_002351,10,king,char__king,You dare attack a King? I will have your head! ,,hit person,True,True
utt__train_ep_002351__011,train_ep_002351,11,person,char__person,You are nothing without you guards!,,hug prisoner,False,False
utt__train_ep_002351__012,train_ep_002351,12,king,char__king,Why did you hug that prisoner? Do you know them?,,,True,False
utt__train_ep_002351__013,train_ep_002351,13,person,char__person,I don't just know them but they will help me! ,,steal crown from king,False,False
utt__train_ep_002369__000,train_ep_002369,0,servant,char__servant,goodday.,smile,,False,False
utt__train_ep_002369__001,train_ep_002369,1,king,char__king,"Good day, come, sit and take a load off fine servant. Some times it is good to relax.",,,True,False
utt__train_ep_002369__002,train_ep_002369,2,servant,char__servant,Thank you. Tis a warm day. Lots of work.,,drop small bucket,False,False
utt__train_ep_002369__003,train_ep_002369,3,king,char__king,The work will wait. It is time to have a cool drink and sit and talk about the fine things that we should be thankful for,,,True,False
utt__train_ep_002369__004,train_ep_002369,4,servant,char__servant,what are you thankful for sir?,sigh,,False,False
utt__train_ep_002369__005,train_ep_002369,5,king,char__king,"The beautiful sky, the wonderful people in the kingdom, the animals that sustain us along with the crops that are grown.",,,True,False
utt__train_ep_002369__006,train_ep_002369,6,servant,char__servant,All fine things. I am thankful for this beautiful sky today.,,,False,False
utt__train_ep_002369__007,train_ep_002369,7,king,char__king,Do you have family?,nod,,True,False
utt__train_ep_002369__008,train_ep_002369,8,servant,char__servant,not much. An ailing mother who doesn't know what is going on and my brother passed on his travels as a merchant.,frown,,False,False
utt__train_ep_002369__009,train_ep_002369,9,king,char__king,What is wrong with your mother. Will a little more in your pay help provide for her?,,,True,False
utt__train_ep_002369__010,train_ep_002369,10,servant,char__servant,"Oh sir, we are fine. More pay would be nice to send home, but we make do. She just has the delirium. Some lovely church folk take care of her for me so I can work.",,,False,False
utt__train_ep_002369__011,train_ep_002369,11,king,char__king,I am sorry to hear about your brother. We can make sure your mother is comfortable. You need not worry about that,,,True,False
utt__train_ep_002369__012,train_ep_002369,12,servant,char__servant,"I hope you not think uncouth. It's been a nice conversation, especially with not family to talk to.",,hug king,False,False
utt__train_ep_002369__013,train_ep_002369,13,king,char__king,Do you have enough money to bury your brother. I can take care of that too,,,True,False
utt__train_ep_002375__000,train_ep_002375,0,customer,char__customer,"Your majesty!!! If I may be so bold, what are you doing here?",gasp,,False,False
utt__train_ep_002375__001,train_ep_002375,1,king,char__king,Hello fellow customer! I am here to get my sword polished and ready for the coming battle. Are you ready for the war?,,,True,False
utt__train_ep_002375__002,train_ep_002375,2,customer,char__customer,"Eh, I don't think I want to participate. Not my thing. Don't see the point, you know?",shrug,,False,False
utt__train_ep_002375__003,train_ep_002375,3,king,char__king,It is your responsibility to defend this kingdom!,,,True,False
utt__train_ep_002375__004,train_ep_002375,4,customer,char__customer,"Look, I'm just here to try the new corn. Not to discuss politics. Man it's getting hot in here! Have you seen the new corn anywhere?",,remove shirt,False,False
utt__train_ep_002375__005,train_ep_002375,5,king,char__king,"No corn here, this here is the blacksmith shop. Are you an enemy infiltrator?!",,hit customer,True,False
utt__train_ep_002375__006,train_ep_002375,6,customer,char__customer,YOU are the imposter! The real king would know the importance of corn to this kingdom! It is our main export! The king would know where the corn is! WHERE IS THE CORN??? WHERE ARE YOU HIDING IT???,,hit king,False,True
utt__train_ep_002375__007,train_ep_002375,7,king,char__king,CORN IS THE CODE WORD FOR THE EMPIRE. BETRAYER.,,,True,False
utt__train_ep_002375__008,train_ep_002375,8,customer,char__customer,"Oh yeah? Well if CORN is the code word, then WHY do I have THIS POCKET WATCH???",,remove Pocket watch,False,False
utt__train_ep_002375__009,train_ep_002375,9,king,char__king,You fool. That was my pocketwatch. I placed it there to keep an eye on you. It is laced with magic.,,steal Pocket watch from customer,True,False
utt__train_ep_002375__010,train_ep_002375,10,customer,char__customer,Why would you watch me??? I just wanted to try the NEW CORN!!! They say if you combine it with heat it makes a fluffy new substance called popcorn. It's supposed to be the next big thing. I figured this is the hottest place in town... Is the new corn really not here???,,put shirt in sandal,False,False
utt__train_ep_002375__011,train_ep_002375,11,king,char__king,Because I know you are a SPY!,,,True,False
utt__train_ep_002383__000,train_ep_002383,0,maid,char__maid,"My Lord, what may I help you with?",,remove ceremonial hat,False,False
utt__train_ep_002383__001,train_ep_002383,1,king,char__king,I have worked up an appetite from speaking with my council today for hours but the smell in this room is making me lose my appetite. Make me something quickly.,,,True,False
utt__train_ep_002383__002,train_ep_002383,2,maid,char__maid,"Of course, sire, I'll have the cooks prepare your usual - a plate of roast fowl brined in red wine. Allow me to pour you some mead in the meantime.",nod,,False,False
utt__train_ep_002383__003,train_ep_002383,3,king,char__king,"I will sit in this chair and rest while I am waiting. Tell me maid, what is your life like?",,remove crown,True,False
utt__train_ep_002383__004,train_ep_002383,4,maid,char__maid,"My life? A life of service to you, a great man, so I count myself lucky. If only everyone in the castle understood your strategic vision as I do.",,,False,False
utt__train_ep_002383__005,train_ep_002383,5,king,char__king,I like the way you think Maid. Keep talking. And tell the cooks to hurry. I am famished.,,remove cape,True,False
utt__train_ep_002383__006,train_ep_002383,6,maid,char__maid,"Of course, my lord. Here's your mead, you look parched. I believe you'll be regarded as the greatest king our land has seen, if only your advisors had half the strength to carry out your guidance. But you can't be expected to do everything, after all.",,,False,True
utt__train_ep_002383__007,train_ep_002383,7,king,char__king,"This mead MUST BE stronger than I thought. I thought I heard a simple maid speaking poorly about my advisors. You are a maid, and you must remember to mind your place while speaking to me and about my council. You don't want to find out what will happen the next time you speak out of turn.",,,True,False
utt__train_ep_002383__008,train_ep_002383,8,maid,char__maid,"Of course, my lord. It..it won't happen again. Here's your meal.",cry,,False,False
utt__train_ep_002383__009,train_ep_002383,9,king,char__king,This food is edible. If only by someone who is famished. I will be going away for some time in two days time. I would like you to make sure that every animal in this room is accounted for when I return. No one else in the caste is to eat my animals. None of the animals are allowed to become sick either. Is that understood? And please tell me. Do you have children?,,,True,False
utt__train_ep_002383__010,train_ep_002383,10,maid,char__maid,"Of course, my lord. I will ensure everything stays the same as when you left here. And no, I have not been blessed with children.",,,False,False
utt__train_ep_002383__011,train_ep_002383,11,king,char__king,Thank the good Lord! Maybe its the mead talking but I'm thankful you will only be able to serve me for the entirety of your life and never leave. Replacing you and having a new maid trained would be such a pain in the neck.,,hug maid,True,False
utt__train_ep_002383__012,train_ep_002383,12,maid,char__maid,"The honor is mine, my lord.",,hug king,False,False
utt__train_ep_002383__013,train_ep_002383,13,king,char__king,HOW DARE YOU TOUCH THE KING. Please stand in the corner of the room for the remainder of our meal.,,hit maid,True,True
utt__train_ep_002386__000,train_ep_002386,0,king,char__king,What's this? An itsy bitsy spider! How did you get in here? At least you can't spill all my secrets!,,,True,False
utt__train_ep_002386__001,train_ep_002386,1,spider,char__spider,Oh can't I? And enough with the itsy bitsy please,,,False,False
utt__train_ep_002386__002,train_ep_002386,2,king,char__king,WHAT?!? HOW?!? Y-Y-YOU can TALK?!? HOW can this BE???,,drop crown,True,False
utt__train_ep_002386__003,train_ep_002386,3,spider,char__spider,"Of course, you could just be having an hallucination ",,,False,False
utt__train_ep_002386__004,train_ep_002386,4,king,char__king,"I could be I suppose... Oh no. My brother. He's poisoned me again, hasn't he?!?",,,True,False
utt__train_ep_002386__005,train_ep_002386,5,spider,char__spider,"Well you got better last time, didn''t you? Eventually? ",,,False,False
utt__train_ep_002386__006,train_ep_002386,6,king,char__king,"I suppose I did, didn't I? Then again... you could be some enchanted spy. One good way to find out! Hold still...",,hit spider,True,False
utt__train_ep_002386__007,train_ep_002386,7,spider,char__spider,Hey! I appreciate the National Enquirer as much as the next person but I prefer to read it before being splatted by it ,,,False,False
utt__train_ep_002386__008,train_ep_002386,8,king,char__king,"Maybe you need a closer look! It is my scepter! And what is a National Enquirer??? You ARE a spy, AREN'T you??? Spill your guts or I'll squash them!",,hit spider,True,False
utt__train_ep_002386__009,train_ep_002386,9,spider,char__spider,I dodge you and now I am on the ceiling!,,,False,False
utt__train_ep_002386__010,train_ep_002386,10,king,char__king,That's right you dodge! Because I am the king! And only one of us is going to make it out of here alive. And it's not you!!!,,get crown,True,True
utt__train_ep_002386__011,train_ep_002386,11,spider,char__spider,hahahahah! Ther are five different ways out of here. I can sneak under the doors ,,,False,False
utt__train_ep_002386__012,train_ep_002386,12,king,char__king,"Only if you escape me. I will never stop, and I will never quit until you are found and destroyed.",,,True,False
utt__train_ep_002386__013,train_ep_002386,13,spider,char__spider,"Well honestly, I think you need a hobby",,,False,False
utt__train_ep_002405__000,train_ep_002405,0,noble,char__noble,Great I'm a fool and I think I know it all. Everyone is laughing at me. Please I cannot take this,,,False,False
utt__train_ep_002405__001,train_ep_002405,1,king,char__king,"I am the King! Who are you, besides a fool!?!?",,,True,True
utt__train_ep_002405__002,train_ep_002405,2,noble,char__noble,lol.... that's what I said. I have brought this message from the King of Frobbidie. He told me to deliver it and let you read it.,,give scroll to king,False,True
utt__train_ep_002405__003,train_ep_002405,3,king,char__king,That is not a real King. I am the real King. Give this scroll and the cane too!,,steal cane from noble,True,True
utt__train_ep_002405__004,train_ep_002405,4,noble,char__noble,He is a king... Do you even know how to read. I think you do not,,,False,True
utt__train_ep_002405__005,train_ep_002405,5,king,char__king,SILENCE! You dare mock royalty?!!!?!!! I should have your head for this!,,,True,False
utt__train_ep_002405__006,train_ep_002405,6,noble,char__noble,"Now who is the fool. I shall read it for you, if you cannot",,,False,False
utt__train_ep_002405__007,train_ep_002405,7,king,char__king,"I can read. But I am King and you're not. So, you should bow down and read it to me.",,,True,True
utt__train_ep_002405__008,train_ep_002405,8,noble,char__noble,hahahaha. I will not bow down. You read your own foolish scroll. it was meant for your eyes only anyways,,,False,False
utt__train_ep_002405__009,train_ep_002405,9,king,char__king,What!?!!?!,,hit noble,True,False
utt__train_ep_002405__010,train_ep_002405,10,noble,char__noble,Ow... I think a gnat bit me.,,,False,False
utt__train_ep_002405__011,train_ep_002405,11,king,char__king,It actually was gnat. A gnat that just fatally poisoned you. Apologize and I'll give you the cure.,,,True,False
utt__train_ep_002405__012,train_ep_002405,12,noble,char__noble,Now you really are foolish. There is no poisonous gnats. you big fool,,,False,False
utt__train_ep_002405__013,train_ep_002405,13,king,char__king,Oh but there is. My personal scientist made them as a way of defense for my kingdom.,,,True,False
utt__train_ep_002410__000,train_ep_002410,0,noble,char__noble,"Good afternoon, my Lord. How are you?",,,False,False
utt__train_ep_002410__001,train_ep_002410,1,king,char__king,I am doing well sir. How about yourself?,,,True,False
utt__train_ep_002410__002,train_ep_002410,2,noble,char__noble,very well! I was hoping to talk to you about the possible overthrowing of your reign.,,,False,False
utt__train_ep_002410__003,train_ep_002410,3,king,char__king,I am confident in my army that it will not happen.,,,True,False
utt__train_ep_002410__004,train_ep_002410,4,noble,char__noble,"I'm sure you are sir, and I know I'm just a nobleman, but I worry about your future success. some of your knights are quite weak",,,False,False
utt__train_ep_002410__005,train_ep_002410,5,king,char__king,What would you suggest to better our chances? I am very open to suggestions.,,,True,False
utt__train_ep_002410__006,train_ep_002410,6,noble,char__noble,"I'm not sure, sir, but I did see some of your men lose arm-wrestling battles in the pub with some peasants. Peasants! Maybe you aught to get some bears for your troop",,,False,False
utt__train_ep_002410__007,train_ep_002410,7,king,char__king,Do you think that will go over well with the rest of the troops? Some of them are quite big headed to be honest.,,,True,False
utt__train_ep_002410__008,train_ep_002410,8,noble,char__noble,"well my lord, some of them are quite bad at their jobs, too. if it doesn't go over well, more bears to make up for the knights who leave",,,False,False
utt__train_ep_002410__009,train_ep_002410,9,king,char__king,"I fear that if they leave they will choose the other kingdom. While they aren't good at their jobs, them all together can be a threat that we don't need.",,,True,False
utt__train_ep_002410__010,train_ep_002410,10,noble,char__noble,"the other king, however, is nothing compared to you. the army would flop under his reign, no matter what men go ther",,,False,True
utt__train_ep_002410__011,train_ep_002410,11,king,char__king,He is a terrible leader isn't he?,laugh,,True,False
utt__train_ep_002410__012,train_ep_002410,12,noble,char__noble,"absolutely, sir!",,,False,False
utt__train_ep_002410__013,train_ep_002410,13,king,char__king,I will put an announcement out for peasants to come try their hands at becoming knights. ,,,True,False
utt__train_ep_002447__000,train_ep_002447,0,king,char__king,"How dare you betray the rules of our kingdom, do you have no respect?",growl,,True,False
utt__train_ep_002447__001,train_ep_002447,1,murderer,char__murderer,Ohhh. You are a tough one. They told me you were good.,applaud,,False,False
utt__train_ep_002447__002,train_ep_002447,2,king,char__king,Do you dare mock ME? I am the great ruler of our Country. ,,hit murderer,True,False
utt__train_ep_002447__003,train_ep_002447,3,murderer,char__murderer,"You shouldn't challenge me, unless it's a fair match. Have you no honor? I have no way to defend myself.",,steal crown from king,False,False
utt__train_ep_002447__004,train_ep_002447,4,king,char__king,"Have I no honor? How dare you put your filthy hands on the crown, MY CROWN. I will show no mercy.",,steal crown from murderer,True,False
utt__train_ep_002447__005,train_ep_002447,5,murderer,char__murderer,Easy. It's okay. I'm teasing you.But you should allow me to be free. This place is tiring.,laugh,,False,False
utt__train_ep_002447__006,train_ep_002447,6,king,char__king,Why would I do such a foolish thing? You've broken rules that I've provided why should I give you any clemency to a murderer like you?,,wear crown,True,False
utt__train_ep_002447__007,train_ep_002447,7,murderer,char__murderer,Baecuse I have inside information. I can help you.,smile,,False,False
utt__train_ep_002447__008,train_ep_002447,8,king,char__king,"Give me this information, and I'll consider it. ",,,True,False
utt__train_ep_002447__009,train_ep_002447,9,murderer,char__murderer,Well. I murder sure. But I also steal from people. I have this note that hints at a coup in the kingdom. One of your favorite guards. ,nudge,,False,False
utt__train_ep_002447__010,train_ep_002447,10,king,char__king,"Not Bernando! He's like a son to me. Show me this note, I need to see it for myself.",,,True,False
utt__train_ep_002447__011,train_ep_002447,11,murderer,char__murderer,I could tear it up very easily. I want to be free from this place. I tell you this note will aid you.,frown,,False,False
utt__train_ep_002447__012,train_ep_002447,12,king,char__king,"You very well could, but I can't believe a murderer when you will not show me proof. I am an honorable King. I do not go back on my word.",,,True,True
utt__train_ep_002447__013,train_ep_002447,13,murderer,char__murderer,"Fine. But be aware, there's more that I have.",smile,,False,False
utt__train_ep_002531__000,train_ep_002531,0,king,char__king,Hello my dear!,smile,,True,False
utt__train_ep_002531__001,train_ep_002531,1,princess,char__princess,i hate you father,,,False,False
utt__train_ep_002531__002,train_ep_002531,2,king,char__king,What! How dare you speak to me in that manner,scream,,True,False
utt__train_ep_002531__003,train_ep_002531,3,princess,char__princess,Don't you see I am still mourning my mother father?,cry,,False,False
utt__train_ep_002531__004,train_ep_002531,4,king,char__king,But your mom is right here. Are you feeling well?,,hug queen,True,False
utt__train_ep_002531__005,train_ep_002531,5,princess,char__princess,you killed my mother and you are about to marry this woman to replace her ,cry,,False,False
utt__train_ep_002531__006,train_ep_002531,6,king,char__king,This is your new mother and you must respect her!,,,True,False
utt__train_ep_002531__007,train_ep_002531,7,princess,char__princess,"Hey lady, how are you doing",,hit queen,False,False
utt__train_ep_002531__008,train_ep_002531,8,king,char__king,You get off her right now!,,hit the princess,True,False
utt__train_ep_002531__009,train_ep_002531,9,princess,char__princess,"I am running away and never coming back, I hate you still",,remove crown,False,False
utt__train_ep_002531__010,train_ep_002531,10,king,char__king,You put this back on!,,give crown to the princess,True,False
utt__train_ep_002531__011,train_ep_002531,11,princess,char__princess,give me a reason father,,,False,False
utt__train_ep_002531__012,train_ep_002531,12,king,char__king,Its your duty as royalty!,,,True,False
utt__train_ep_002531__013,train_ep_002531,13,princess,char__princess,mom died just 4 days ago and you expect me to act normal while your marry this girl thats is almost my age?,,,False,False
utt__train_ep_002579__000,train_ep_002579,0,king,char__king,I always forget how beautiful my Garden's are officer,,,True,False
utt__train_ep_002579__001,train_ep_002579,1,officer,char__officer,They're even more beautiful now wouldn't you think,,remove armor,False,False
utt__train_ep_002579__002,train_ep_002579,2,king,char__king,"Yes. Here's the thing. I need your advice, I am planning on taking the land up North and we're going to need to prepare for that.",,,True,False
utt__train_ep_002579__003,train_ep_002579,3,officer,char__officer,"Oh yes, the north, what a formidable place, however it does have it's weak points. Have you heard about the secret tunnels they use?",,wear armor,False,False
utt__train_ep_002579__004,train_ep_002579,4,king,char__king,Secret tunnels you say? Could we use these to our advantage?,ponder,,True,False
utt__train_ep_002579__005,train_ep_002579,5,officer,char__officer,Well you see I've been told the tunnels extend far enough south that if we dug north from the basement of our most north tower we'd reach them in 2-3 days,,,False,False
utt__train_ep_002579__006,train_ep_002579,6,king,char__king,"We need to get a move on then, Will you tell the others and get them rounded up?",,,True,False
utt__train_ep_002579__007,train_ep_002579,7,officer,char__officer,"yes of course, but first, who should we be sending through once we breach? Dave the spy isn't exactly small enough to fit in the tunnels and Gav is off in Turkey getting his tan on",,,False,False
utt__train_ep_002579__008,train_ep_002579,8,king,char__king,Hmm I'm not sure. Should we wait even longer until Gav gets back?,,,True,False
utt__train_ep_002579__009,train_ep_002579,9,officer,char__officer,"Sounds like a plan, you wanna go clubbing tonight? It's pres at mine",,,False,False
utt__train_ep_002579__010,train_ep_002579,10,king,char__king,"I'm not sure if I'm up for it, all the pressure of this master plan is getting to my head.",,,True,False
utt__train_ep_002579__011,train_ep_002579,11,officer,char__officer,"true true, well if it's alright with you m'lord, i'm gunna get shitfaced drunk",,,False,False
utt__train_ep_002579__012,train_ep_002579,12,king,char__king,"I am perfectly fine with that, have fun",laugh,,True,False
utt__train_ep_002579__013,train_ep_002579,13,officer,char__officer,now if only i could leave this invisible force that is forcing me to keep talking to you,,,False,False
utt__train_ep_002581__000,train_ep_002581,0,king,char__king,who goes there?,,,True,False
utt__train_ep_002581__001,train_ep_002581,1,brother,char__brother,"It is I, a  simple Hosley brother. How may I serve you, your Grace?",,,False,False
utt__train_ep_002581__002,train_ep_002581,2,king,char__king,Go get me some of the finest wines I am parched ,,,True,False
utt__train_ep_002581__003,train_ep_002581,3,brother,char__brother,"Anything for you, sire! What cause have we for celebration?",,get Wine,False,False
utt__train_ep_002581__004,train_ep_002581,4,king,char__king,My daughter is to marry to Sir Mix a Lot,,,True,False
utt__train_ep_002581__005,train_ep_002581,5,brother,char__brother,"Great news! Although I must tell you, I have heard Sir Mix A Lot is known to have a wandering eye.",,,False,False
utt__train_ep_002581__006,train_ep_002581,6,king,char__king,I am not worried about such things.  I want to grow my kingdom and that is all that matters.  ,,hit brother,True,False
utt__train_ep_002581__007,train_ep_002581,7,brother,char__brother,"Well if that's the way you want to play it, I'll take this!",,steal scepter from king,False,False
utt__train_ep_002581__008,train_ep_002581,8,king,char__king,How dare you. I am the king!,,hit brother,True,True
utt__train_ep_002581__009,train_ep_002581,9,brother,char__brother,I don't see your knights stopping me! Some King!,,steal crown from king,False,True
utt__train_ep_002581__010,train_ep_002581,10,king,char__king,Give me back my items or else,,hit knight,True,False
utt__train_ep_002581__011,train_ep_002581,11,brother,char__brother,"Ah, let me enjoy them a bit. It's a party, isnt it?",,give Wine to king,False,False
utt__train_ep_002581__012,train_ep_002581,12,king,char__king,You will go to the dungeon for this!,,steal crown from brother,True,False
utt__train_ep_002581__013,train_ep_002581,13,brother,char__brother,"Oh, c'mon, Kingy, I was just playing around.",,hug king,False,False
utt__train_ep_002586__000,train_ep_002586,0,dragon,char__dragon,my king,,drop carcass,False,True
utt__train_ep_002586__001,train_ep_002586,1,king,char__king,"Ah, did you bring me a gift Dragon?",,get carcass,True,False
utt__train_ep_002586__002,train_ep_002586,2,dragon,char__dragon,yes my king,,,False,True
utt__train_ep_002586__003,train_ep_002586,3,king,char__king,"Why thank you, dragon. What a fine kill this is.",applaud,,True,False
utt__train_ep_002586__004,train_ep_002586,4,dragon,char__dragon,anything for you my king?,smile,,False,True
utt__train_ep_002586__005,train_ep_002586,5,king,char__king,Was there anything interesting to report in your travels?,,,True,False
utt__train_ep_002586__006,train_ep_002586,6,dragon,char__dragon,"nothing really, just the usuals. People getting terrified and attacking an innocent dragon amidst other things",,,False,False
utt__train_ep_002586__007,train_ep_002586,7,king,char__king,I shall make it a law that no one can attack dragons.,,,True,False
utt__train_ep_002586__008,train_ep_002586,8,dragon,char__dragon,"that would be very kind of you my king, how is the queen fairing heard she was down with flu",,,False,True
utt__train_ep_002586__009,train_ep_002586,9,king,char__king,"Ah, yes. She is slowly regaining her strength. Perhaps I should bring her a flower.",,get Flower,True,False
utt__train_ep_002586__010,train_ep_002586,10,dragon,char__dragon,that would be great,,,False,False
utt__train_ep_002586__011,train_ep_002586,11,king,char__king,And I shall have someone make a blanket from this pelt.,,,True,False
utt__train_ep_002586__012,train_ep_002586,12,dragon,char__dragon,"that would great my king, you're a truly wise king",,,False,True
utt__train_ep_002586__013,train_ep_002586,13,king,char__king,"You flatter me, dragon.",,,True,False
utt__train_ep_002595__000,train_ep_002595,0,king,char__king,My dearest queen I love and adore you.,,hug queen,True,False
utt__train_ep_002595__001,train_ep_002595,1,fool,char__fool,what a site to behold,,drop puppet,False,False
utt__train_ep_002595__002,train_ep_002595,2,king,char__king,Here is your new crown with all the jewels in the kingdom on it.,,give crown to queen,True,False
utt__train_ep_002595__003,train_ep_002595,3,fool,char__fool,it is well deserved gift my queen,applaud,,False,False
utt__train_ep_002595__004,train_ep_002595,4,king,char__king,Here is your scepter. Don't you look beautiful.,,give scepter to queen,True,False
utt__train_ep_002595__005,train_ep_002595,5,fool,char__fool,indeed she does,,,False,False
utt__train_ep_002595__006,train_ep_002595,6,king,char__king,"My queen, would you love to dance?",dance,,True,False
utt__train_ep_002595__007,train_ep_002595,7,fool,char__fool,i think today is already a good day,,,False,False
utt__train_ep_002595__008,train_ep_002595,8,king,char__king,"Fool, why have you spoken. I'm trying to have a moment with my dearest queen.",,hit fool,True,False
utt__train_ep_002790__000,train_ep_002790,0,queen,char__queen,It was a grand idea to take a stroll out in the gardens. The colors are so wonderful.,,,False,False
utt__train_ep_002790__001,train_ep_002790,1,king,char__king,"I agree, my dear Queen. These Gardens are a great way to relieve stress from ruling. ",,get Tulip,True,False
utt__train_ep_002790__002,train_ep_002790,2,queen,char__queen,What would you think about adding a hedge maze to entertain visitors?,ponder,,False,False
utt__train_ep_002790__003,train_ep_002790,3,king,char__king,I suppose it can be done. Would be marvelous if someone never manages to find their way out. ,,give Tulip to queen,True,False
utt__train_ep_002790__004,train_ep_002790,4,queen,char__queen,"Now darling, don't be absurd. Surely we'd hear if someone were lost inside?",,,False,False
utt__train_ep_002790__005,train_ep_002790,5,king,char__king,"We may hear them, but that doesn't mean we must help them",wink,,True,False
utt__train_ep_002790__006,train_ep_002790,6,queen,char__queen,Your sense of humor never ceases to amaze me. Shall we check on the sculptures? The gardeners are pruning the bushes to look like swans.,,,False,False
utt__train_ep_002790__007,train_ep_002790,7,king,char__king,"Aye, I wonder if this Gardener would like to be King for one day.",,give crown to a gardener pulling weeds,True,True
utt__train_ep_002790__008,train_ep_002790,8,queen,char__queen,I can't imagine many would be able to withstand the pressures of the Throne the way you can darling. I do wonder what it would be like to see anyone else try.,,,False,False
utt__train_ep_002790__009,train_ep_002790,9,king,char__king,"Yes, all these years have worn me down and my grey hairs are starting to appear. ",,give scepter to queen,True,False
utt__train_ep_002790__010,train_ep_002790,10,queen,char__queen,"Now now, your grey makes you distinguished. Worry not; don't forget your two fine sons. There will be no need to seek out a gardener to ascend the throne.",,give scepter to king,False,False
utt__train_ep_002790__011,train_ep_002790,11,king,char__king,Ah yes my sons. One's a fool and the other is off to some decrepit Greek island. The Kingdom is doomed to fail. ,,,True,False
utt__train_ep_002790__012,train_ep_002790,12,queen,char__queen,While I can't speak much to the ambition of Charles; Reginald is out on a diplomatic excursion in the hopes of securing a new port. I would expect you to be somewhat proud of his initiative.,nudge,,False,False
utt__train_ep_002790__013,train_ep_002790,13,king,char__king,"Ahh perhaps I'm getting too old to understand these new ways of diplomacy. Maybe it is time for me to abdicate, what do you say. ",,hug queen,True,False
utt__train_ep_002805__000,train_ep_002805,0,princess,char__princess,But daddy.... Why must you marry that evil woman? Aren't I enough to make you happy?,,,False,False
utt__train_ep_002805__001,train_ep_002805,1,king,char__king,She's not evil. And I need a wife so I can produce a male heir. You must learn to respect her.,,,True,False
utt__train_ep_002805__002,train_ep_002805,2,princess,char__princess,Why can't you see that she is only with you for your riches? Everyone including the baker knows she is in love with the blacksmith!,scream,,False,False
utt__train_ep_002805__003,train_ep_002805,3,king,char__king,"She doesn't need riches, she comes from a wealthy family herself and we are in love. Now stop that screaming and behave yourself. ",frown,,True,False
utt__train_ep_002805__004,train_ep_002805,4,princess,char__princess,I can't live here with you and you can't make me. I'm of age. I won't live here with her. I hope you get your heir because you certainly will not have me as part of this family any longer.,,remove crown,False,False
utt__train_ep_002805__005,train_ep_002805,5,king,char__king,Good. Leave the castle. You won't last long out there in the real world without maids and chefs to dress and feed you.,,steal crown from the princess,True,False
utt__train_ep_002805__006,train_ep_002805,6,princess,char__princess,Don't patronize me. You haven't taken the time to get to know me. You stopped caring about me the day my mother took her last breath. I have her intelligence and I will prove you wrong. Curse you and curse this castle!,,get map,False,False
utt__train_ep_002805__007,train_ep_002805,7,king,char__king,"I'm sorry honey, you're right. I've just been so overwhelmed with the responsibility of caring for the people in my kingdom. It never occurred to me I was neglecting you. ",,give crown to the princess,True,False
utt__train_ep_002805__008,train_ep_002805,8,princess,char__princess,It's too late for that now. You had years to see me for who I am. I am leaving here and will never return.,,hit king,False,False
utt__train_ep_002805__009,train_ep_002805,9,king,char__king,"How dare you attack the king. I could have you beheaded! If you do that again, I'm bringing the guards in to lock you up in the dungeon.",growl,,True,True
utt__train_ep_002805__010,train_ep_002805,10,princess,char__princess,"Oh, don't be daft, Father. I am no longer your problem. ",laugh,,False,False
utt__train_ep_002805__011,train_ep_002805,11,king,char__king,What do you mean?,stare,,True,False
utt__train_ep_002805__012,train_ep_002805,12,princess,char__princess,"You are going to have your hands full with your new wife. While you were busy pretending my mother never existed, I was falling in love with Prince Timothy from the land across the mountain. I'm leaving this castle tonight. Timothy and I have gotten married without you even knowing.",,,False,False
utt__train_ep_002805__013,train_ep_002805,13,king,char__king,I don't approve of this sneaking around my back. But at least my new wife and I can live in some peace.,sigh,,True,False
utt__train_ep_002865__000,train_ep_002865,0,king,char__king,"Hear ye hear ye! I pronounce this day, the day of the ME the king!",,,True,True
utt__train_ep_002865__001,train_ep_002865,1,officer,char__officer,"Hello, King! How are you on this fine day? What do you need from me?",,,False,True
utt__train_ep_002865__002,train_ep_002865,2,king,char__king,"I am marvelous good sir, I hope all is well in my kingdom for you! Remind me to trim down the shrubs later on will you?",,,True,False
utt__train_ep_002865__003,train_ep_002865,3,officer,char__officer,"Yes, sir. I can get someone to do that for you, so you can focus on more important matters! Everything in the kingdom is going great - but I am a little concerned about some of the soldiers.",,,False,False
utt__train_ep_002865__004,train_ep_002865,4,king,char__king,What is wrong with my soldiers? They should be in tip top shape after all!,,,True,False
utt__train_ep_002865__005,train_ep_002865,5,officer,char__officer,"They are becoming lazy! They think just because we are on top, that it is all fun and games. They won't be ready for war with this attitude, should we ever need it!",,,False,False
utt__train_ep_002865__006,train_ep_002865,6,king,char__king,"Oh this can not be! This can not go on! If they are slacking one day we will not be able to stand here listing to the sweet melody of the birds, or the rumbling of the waterfalls! What do you say we should do about this?",,,True,False
utt__train_ep_002865__007,train_ep_002865,7,officer,char__officer,"That's what I think, too! This kingdom is beautiful, and it took so long to get here! Why should we stop enjoying it now? Maybe we need to give them a little fright, so they stay on their toes.",,,False,False
utt__train_ep_002865__008,train_ep_002865,8,king,char__king,A fright you say? That sounds interesting. ,,,True,False
utt__train_ep_002865__009,train_ep_002865,9,officer,char__officer,"Yes! Maybe we can tell a little tale, make them think there is another army coming this way...",,,False,False
utt__train_ep_002865__010,train_ep_002865,10,king,char__king,One even worse than the last! Yes you are indeed a smart man.,,,True,False
utt__train_ep_002865__011,train_ep_002865,11,officer,char__officer,"Yes, yes! I will say that the kingdom is at risk! Then, they will begin their trainings again. And we'll keep this kingdom safe.",,,False,False
utt__train_ep_002865__012,train_ep_002865,12,king,char__king,"*queen nods in agreement* Then shall it be, we will make them think the worst is to come!",,,True,False
utt__train_ep_002865__013,train_ep_002865,13,officer,char__officer,"This plan is perfect! With your approval, I can run off and announce it to the soldiers now! ",,,False,False
utt__train_ep_002872__000,train_ep_002872,0,king,char__king,I have always liked this entrance. Don't you my dear?,,,True,False
utt__train_ep_002872__001,train_ep_002872,1,queen,char__queen,"Umm, No. We really need to do some updating. It's not fitting for a Queen of my stature.",,,False,False
utt__train_ep_002872__002,train_ep_002872,2,king,char__king,Indeed. You have increased quite a bit in.... stature... the last few years.,laugh,,True,False
utt__train_ep_002872__003,train_ep_002872,3,queen,char__queen,Is that a weight joke? Are you calling me fat? Do you really think this is going to end well for you?,stare,,False,False
utt__train_ep_002872__004,train_ep_002872,4,king,char__king,"Now now, I would never be so crass. And after all, you don't eat as much as the dragon.",,give scepter to dragon,True,False
utt__train_ep_002872__005,train_ep_002872,5,queen,char__queen,I'm glad you like the dragon so much seeing as how you two will be sleeping together tonight.,,,False,False
utt__train_ep_002872__006,train_ep_002872,6,king,char__king,Mind your tongue woman. I know I'm not permitted to divorce you but I would hate for you to get too upset and.... lose your head.,,,True,False
utt__train_ep_002872__007,train_ep_002872,7,queen,char__queen,We all know this kingdom is built on my family,,,False,False
utt__train_ep_002872__008,train_ep_002872,8,king,char__king,"Yeah, why did they put the tombs under the castle anyway?",nudge,,True,False
utt__train_ep_002872__009,train_ep_002872,9,queen,char__queen,"Dragon, Kill him now. Burn him to a crisp. I am not kidding. Do it. I'll pay you.",,give coin to dragon,False,False
utt__train_ep_002872__010,train_ep_002872,10,king,char__king,"Ah, now now, you know Fido here would never hurt me. We have been friends since he was an egg.",,hug dragon,True,False
utt__train_ep_002872__011,train_ep_002872,11,queen,char__queen,"Everyone knows of your ""special"" proclivity for dragons, you've never fooled anyone. They call you the Dragon Queen. ",laugh,,False,False
utt__train_ep_002872__012,train_ep_002872,12,king,char__king,Ha ha ha ha ha ha! I knew there was a reason I love you dearest. You can give as well as you take.,,,True,False
utt__train_ep_002872__013,train_ep_002872,13,queen,char__queen,I don't know what you're talking about. I'd never treat you with anything but the utmost respect. You are the King and I am but your humble subject. ,,,False,True
utt__train_ep_003048__000,train_ep_003048,0,brother,char__brother,im glad to have 5 lovely sisters,,,False,False
utt__train_ep_003048__001,train_ep_003048,1,king,char__king,Yes. Why are were here brother?,,,True,False
utt__train_ep_003048__002,train_ep_003048,2,brother,char__brother,I just need to see if everything here is alright my king and to hint you on something,,,False,True
utt__train_ep_003048__003,train_ep_003048,3,king,char__king,Hint me on something?,,,True,False
utt__train_ep_003048__004,train_ep_003048,4,brother,char__brother,I think my eldest sister likes you alot,,,False,False
utt__train_ep_003048__005,train_ep_003048,5,king,char__king,Well I'm glad our sister likes us. What do you think about the new horse bows I had made? ,,,True,False
utt__train_ep_003048__006,train_ep_003048,6,brother,char__brother,Its awesome,,,False,False
utt__train_ep_003048__007,train_ep_003048,7,king,char__king,is there anything here you would like to add to your every day gear?,,get bow,True,False
utt__train_ep_003048__008,train_ep_003048,8,brother,char__brother,"An Axe, make sure yiu come back safe king, I want you to marry my sister so you can be my brother",,get Axe,False,True
utt__train_ep_003048__009,train_ep_003048,9,king,char__king,That's a good axe. I'm only going for a day trip. Nothing odd or difficult. Just feeling stir crazy,,,True,False
utt__train_ep_003048__010,train_ep_003048,10,brother,char__brother,ok sire I hope to see you soon,,give Axe to king,False,False
utt__train_ep_003048__011,train_ep_003048,11,king,char__king,"Should probably keep a good sword on me, that has been sharpened recently. ",,get sword,True,False
utt__train_ep_003048__012,train_ep_003048,12,brother,char__brother,I agree,nod,,False,False
utt__train_ep_003048__013,train_ep_003048,13,king,char__king,Hopefully it won't become to eventful. ,,,True,False
utt__train_ep_003071__000,train_ep_003071,0,king,char__king,"Servant, the queen has been complaining about the state of the bathrooms. She feels they aren't cleaned often enough. Now, you know she just likes to gripe, but can you attend to this?",,,True,False
utt__train_ep_003071__001,train_ep_003071,1,servant,char__servant,"Yes, Your Majesty. Any appliance in particular?",,,False,False
utt__train_ep_003071__002,train_ep_003071,2,king,char__king,"I realize the bathtubs are enormous, so it may be those she is speaking of. See that one over there? There are several stains near the drain.",,,True,False
utt__train_ep_003071__003,train_ep_003071,3,servant,char__servant,"I will clean it right away, your Highness. ",,,False,False
utt__train_ep_003071__004,train_ep_003071,4,king,char__king,Thank you! Now onto more pleasant things- how is your family doing? Are they well?,,,True,False
utt__train_ep_003071__005,train_ep_003071,5,servant,char__servant,Yes. We have a very good life here. Our rooms are very cozy.,,,False,False
utt__train_ep_003071__006,train_ep_003071,6,king,char__king,I'm glad. I've always felt it important to look out for the needs of those who care for me. ,,,True,False
utt__train_ep_003071__007,train_ep_003071,7,servant,char__servant,"Your efforts are much appreciated. How are matters of state progressing, Your Majesty?",,,False,False
utt__train_ep_003071__008,train_ep_003071,8,king,char__king,"Eh - my brother is problematic. He has his own kingdom, but he has always envied mine. It creates problems. He envies everything I have - including my queen, if you can imagine such a thing!",frown,,True,False
utt__train_ep_003071__009,train_ep_003071,9,servant,char__servant,"Pardon my frankness, Your Majesty. But you must carefully guard your kindgom and your queen from such an envious brother.",,,False,False
utt__train_ep_003071__010,train_ep_003071,10,king,char__king,Agreed. Which presents my problem. I want to expand my kingdom but I fear I must keep many soldiers are home. I can tell you are a wise man. ,,,True,False
utt__train_ep_003071__011,train_ep_003071,11,servant,char__servant,I will tell the other servants to be careful what they say around his people. Is there anything I can do to help?,,,False,False
utt__train_ep_003071__012,train_ep_003071,12,king,char__king,Nothing but pray for the royal family. I appreciate your concerns.,,,True,False
utt__train_ep_003071__013,train_ep_003071,13,servant,char__servant,I will say daily prayers for you and the kingdom.,nod,,False,False
utt__train_ep_003073__000,train_ep_003073,0,king,char__king,"Hello, my dear. Fine evening, isn't it?",,,True,False
utt__train_ep_003073__001,train_ep_003073,1,queen,char__queen,Quite so. The sunsets are always so lovely this time of year. ,nod,,False,False
utt__train_ep_003073__002,train_ep_003073,2,king,char__king,"Yes, I especially love the swans. ",stare,,True,False
utt__train_ep_003073__003,train_ep_003073,3,queen,char__queen,I would be enjoying this a lot more if my back wasn't killing me. I really need a new cushion for my throne.,groan,,False,False
utt__train_ep_003073__004,train_ep_003073,4,king,char__king,"Ah, I will have one brought up first thing tomorrow. ",,,True,False
utt__train_ep_003073__005,train_ep_003073,5,queen,char__queen,"Thank you, my love. The air is so much better here. There was a particular lord back there who almost knocked me out with his body odor!",,,False,False
utt__train_ep_003073__006,train_ep_003073,6,king,char__king,Maybe mandatory showers should be instated. Only joking. I don',laugh,,True,False
utt__train_ep_003073__007,train_ep_003073,7,queen,char__queen,I should keep a bottle of perfume on hand just in case. ,wink,,False,False
utt__train_ep_003073__008,train_ep_003073,8,king,char__king,"Yes, I don't think the people would handle such strictness well. ",smile,,True,False
utt__train_ep_003073__009,train_ep_003073,9,queen,char__queen,I love the roses you've planted around the railing. They are my favorite flowers as I'm sure you remember. ,,,False,False
utt__train_ep_003073__010,train_ep_003073,10,king,char__king,"Of course, my dear. I wouldn't have planted any other.",,hug queen,True,False
utt__train_ep_003073__011,train_ep_003073,11,queen,char__queen,"How I love being pampered by you, sweetheart!",,hug king,False,False
utt__train_ep_003073__012,train_ep_003073,12,king,char__king,Shall we go take a walk?,,,True,False
utt__train_ep_003073__013,train_ep_003073,13,queen,char__queen,Let's. I need some exercise after sitting for hours on that uncomfortable throne.,nod,,False,False
utt__train_ep_003080__000,train_ep_003080,0,king,char__king,"Hello, can you please help me with a remedy? The queen has an irritable stomach, and has sent me personally to get her a remedy. I've never been to the apothecary before. Do you know what I might get?",,,True,False
utt__train_ep_003080__001,train_ep_003080,1,townperson,char__townperson,Your Highness! Of course of course. Let's look at these glass bottles and see what we can find for our queen's troubles. ,ponder,,False,False
utt__train_ep_003080__002,train_ep_003080,2,king,char__king,"Hmm... this one says ""For all that ails you."" I wonder if that would suffice?",ponder,,True,False
utt__train_ep_003080__003,train_ep_003080,3,townperson,char__townperson,I caution you my King. Some of these mixtures are quite strong. I wonder if one of these powders on the wall would do the trick. ,,,False,True
utt__train_ep_003080__004,train_ep_003080,4,king,char__king,"What about this yellow one, here? It's got a rather peculiar odor. ",,,True,False
utt__train_ep_003080__005,train_ep_003080,5,townperson,char__townperson,Ack! That's foul! I wouldn't give that to our dear queen. ,groan,,False,False
utt__train_ep_003080__006,train_ep_003080,6,king,char__king,I'll let you select the next one. Which can possibly cure her stomach?,nudge,,True,False
utt__train_ep_003080__007,train_ep_003080,7,townperson,char__townperson,"Ahh. Try this one. It says ""for the troubled bowel"" on it. ",nudge,,False,False
utt__train_ep_003080__008,train_ep_003080,8,king,char__king,Hmm.... it's purple and smells sort of like flowers. That should appeal to the Queen.,,,True,False
utt__train_ep_003080__009,train_ep_003080,9,townperson,char__townperson,Excellent excellent! What else can I help you find today your Highness?,,,False,False
utt__train_ep_003080__010,train_ep_003080,10,king,char__king,Perhaps something for my miserable sinuses. My head hurts terribly. ,,,True,False
utt__train_ep_003080__011,train_ep_003080,11,townperson,char__townperson,"Let me see here. There is this ""for blocked passage."" Hmm could be a nasal passage. However could be another passage. Best for us to stay away from that one. ",,,False,False
utt__train_ep_003080__012,train_ep_003080,12,king,char__king,What would I do without you? That could have been a real disaster!,,hug townperson,True,False
utt__train_ep_003080__013,train_ep_003080,13,townperson,char__townperson,Oh dear King! I live only to protect you! ,laugh,,False,True
utt__train_ep_003082__000,train_ep_003082,0,king,char__king,Hello sir knight. Great day to go out riding isn't it?,,,True,False
utt__train_ep_003082__001,train_ep_003082,1,knight,char__knight,It is your Grace. I come to you for my orders.,,,False,False
utt__train_ep_003082__002,train_ep_003082,2,king,char__king,You will ride with me today. I feel the need for adventure. We will head towards the magical forest and see what we can find.,,,True,False
utt__train_ep_003082__003,train_ep_003082,3,knight,char__knight,As you wish my Grace. A word of caution. I have heard talk that the White Walkers may be moving west towards us.,,,False,False
utt__train_ep_003082__004,train_ep_003082,4,king,char__king,My intelligence Knight has told me this as well. He has drawn me a map to steer clear.,,,True,False
utt__train_ep_003082__005,train_ep_003082,5,knight,char__knight,Take this your Grace as a precaution.,,give sword to king,False,False
utt__train_ep_003082__006,train_ep_003082,6,king,char__king,You will need your sword sir knight. I cannot leave one of my protectors unarmed. My horse is waiting for me and he carries my enchanted sword in his pack. I shall retrieve it once we set off.,,give sword to knight,True,False
utt__train_ep_003082__007,train_ep_003082,7,knight,char__knight,That is good to know your Grace. What do you hope to find in the woods?,,,False,False
utt__train_ep_003082__008,train_ep_003082,8,king,char__king,"Treasure, witches, wizards. I could use more enchantments and gems and shiny things. I also won't turn away from a good fight. It's been a while since I have had one. If we find a deer we should bring that home as well.",,,True,False
utt__train_ep_003082__009,train_ep_003082,9,knight,char__knight,I am pleased to accompany you. I too am interested in finding enchantments. I would like something to protect my horse in battle.,,wear sword,False,False
utt__train_ep_003082__010,train_ep_003082,10,king,char__king,Check this out. It can make my horse and I invisible.,,give crown to knight,True,False
utt__train_ep_003082__011,train_ep_003082,11,knight,char__knight,This is astonishing. Perhaps we may find something for myself with our outing today.,,wear crown,False,False
utt__train_ep_003082__012,train_ep_003082,12,king,char__king,The only draw back is it's hard to keep on your head while riding so I'm looking for something else. Perhaps a glove. I will use this around the castle and sneak up on the queen.,,,True,False
utt__train_ep_003084__000,train_ep_003084,0,king,char__king,"Soldier, who let that thief in the dining hall?",,,True,False
utt__train_ep_003084__001,train_ep_003084,1,soldier,char__soldier,"Your Royal Highness, I believe one of your soldiers has gone rogue. I and the other selected few who you have chosen to be Knights would never allow a thief in the dining hall. Would you like me to take care of the thief?",,,False,False
utt__train_ep_003084__002,train_ep_003084,2,king,char__king,Finish him off and get him out of here. Report back to me when he is gone.,,hit thief,True,False
utt__train_ep_003084__003,train_ep_003084,3,soldier,char__soldier,"Your Majesty, it is done. He was saying that one of your soldiers promised him riches if he came here. Do you think that is true or that it was just an excuse? We will make sure he is executed either way.",,hit thief,False,False
utt__train_ep_003084__004,train_ep_003084,4,king,char__king,He is a wicked liar. My soldiers are the best trained and most moral in the world. None would ever try to convince a thief to come into the kingdom!,,,True,False
utt__train_ep_003084__005,train_ep_003084,5,soldier,char__soldier,"Of course. Your word is my command, the thief will be executed at once. I am most honored that you have chosen me to be one of your Knights. Once the thief has been taken care of, perhaps you could tell us why you gathered us all here tonight.",,remove sword,False,False
utt__train_ep_003084__006,train_ep_003084,6,king,char__king,"All this chaos about and I nearly forgot. I have word that my jealous brother is making aim to invade our kingdom. If what I have heard is true, he will attempt it in a fortnight.",gasp,,True,False
utt__train_ep_003084__007,train_ep_003084,7,soldier,char__soldier,"My Lord, that will not stand. We are sure to be strong and will defeat him and his army. What is the plan of action?",gasp,,False,False
utt__train_ep_003084__008,train_ep_003084,8,king,char__king,"We must be on great alert. Although his plans are for a bit away, we should increase our defenses immediately. I've sent several of our top soldiers in an attempt to infiltrate his army.",,,True,False
utt__train_ep_003084__009,train_ep_003084,9,soldier,char__soldier,What if the thief was sent here by him!,gasp,,False,False
utt__train_ep_003084__010,train_ep_003084,10,king,char__king,I suspect he may have been. All the more reason to execute him immediately. We need to stay aware of anyone else who should not be around.,,,True,False
utt__train_ep_003084__011,train_ep_003084,11,soldier,char__soldier,"Then it is true, an invasion is imminent. My men and I will be extra vigilant over the next few days to make sure no other rogue men enter your kingdom. Is there anything else I can do for you, Your Majesty?",,,False,False
utt__train_ep_003084__012,train_ep_003084,12,king,char__king,"Stay brave, soldier! With our forces so strong, we must prevail!",,hug soldier,True,False
utt__train_ep_003084__013,train_ep_003084,13,soldier,char__soldier,"It is of the highest honor that you trust me so, Your Highness. We will do everything in our power to keep your kingdom safe.",,put sword in bag,False,False
utt__train_ep_003111__000,train_ep_003111,0,royal family,char__royal_family,"good day, my king",,,False,True
utt__train_ep_003111__001,train_ep_003111,1,king,char__king,Greetings! How goes your day? ,,,True,False
utt__train_ep_003111__002,train_ep_003111,2,royal family,char__royal_family,"very fine, my king",,,False,True
utt__train_ep_003111__003,train_ep_003111,3,king,char__king,"Most excellent! Have you any news, or you just here to enjoy the water?",,,True,False
utt__train_ep_003111__004,train_ep_003111,4,royal family,char__royal_family,"not at all my king, just for the water as yuo said",,,False,True
utt__train_ep_003111__005,train_ep_003111,5,king,char__king,"Good, I too could use some relaxation. I hear that our tax revenues are down in the northern province, which can only mean corrupt officials or disobedient peasants. ",,,True,False
utt__train_ep_003118__000,train_ep_003118,0,king,char__king,"Hello little child, What is your name?",,,True,False
utt__train_ep_003118__001,train_ep_003118,1,child,char__child,My name is Bart. It is short for my full name which I cannot pronounce yet.,,,False,False
utt__train_ep_003118__002,train_ep_003118,2,king,char__king,What a fine name for a fine young man. Are you having fun here today?,,,True,False
utt__train_ep_003118__003,train_ep_003118,3,child,char__child,Yes I am Your highness. I wish I could come here everyday because there are so many fun things to do and see. I love the treats too!,smile,,False,False
utt__train_ep_003118__004,train_ep_003118,4,king,char__king,What was your favorite activity today? Was it learning how to use a sword?,,,True,False
utt__train_ep_003118__005,train_ep_003118,5,child,char__child,"Yes, I hope to one day be a brave knight and protect your Kingdom. Look at what that strange lady over there gave me. She said it would bring me gook luck!",,give a crystal ball to king,False,False
utt__train_ep_003118__006,train_ep_003118,6,king,char__king,"Hmm, I've never seen anything like that before. Let me take a closer look at that. Did she say anything to you when she gave it to you?",,,True,False
utt__train_ep_003118__007,train_ep_003118,7,child,char__child,Just that I will be one of the greats and I will have good luck in whatever endeavor I decide to take. Whatever that means.,,eat treat,False,False
utt__train_ep_003118__008,train_ep_003118,8,king,char__king,"You know, some people believe that you can see the future by looking into a crystal ball.  Look into it and tell me what you see.",,give a crystal ball to child,True,False
utt__train_ep_003118__009,train_ep_003118,9,child,char__child,That's what she said! I stared at it for while but all I saw was my face all distorted. I must not be doing it right.,pout,,False,False
utt__train_ep_003118__010,train_ep_003118,10,king,char__king,"Well, perhaps your future will be revealed to you in good time. You should take that home and keep it safe.",,,True,False
utt__train_ep_003118__011,train_ep_003118,11,child,char__child,"Ok, I will put it in my pillow so my brothers can't find it. Can you teach me how to tie a knot?",,give rope to king,False,False
utt__train_ep_003118__012,train_ep_003118,12,king,char__king,"Of course, grab one end of the rope and, now watch closely, the rabbit runs around the tree and then the rabbit goes down the hole and look, we have a knot. Now you try.",,give rope to child,True,False
utt__train_ep_003118__013,train_ep_003118,13,child,char__child,"Ok. rabbit, around tree, rabbit down hole. Yes! I did it!",applaud,,False,False
utt__train_ep_003123__000,train_ep_003123,0,servant,char__servant,"I will be done cleaning soon, my King. I am sorry to disturb you.",,,False,True
utt__train_ep_003123__001,train_ep_003123,1,king,char__king,take your time,,,True,False
utt__train_ep_003123__002,train_ep_003123,2,servant,char__servant,"I'm very nervous with you her, my King. Usually I am all alone whilst I am working.",,drop duster,False,True
utt__train_ep_003123__003,train_ep_003123,3,king,char__king,i insist that you continue,frown,,True,False
utt__train_ep_003123__004,train_ep_003123,4,servant,char__servant,"Yes, of course. Tell me King, did you slay this bear yourself?",,get duster,False,True
utt__train_ep_003123__005,train_ep_003123,5,king,char__king,"yes, it was on morning like this, we had toiled all night and found only little animals. Then suddenly i heard one of the guards scream i rushed down there and found a bear trying to attack him. The rest is history",,,True,False
utt__train_ep_003123__006,train_ep_003123,6,servant,char__servant,"Wow, you must have been quite frightened. Were you always such a brave warrior.",,,False,False
utt__train_ep_003141__000,train_ep_003141,0,king,char__king,"Hello, good sir! How are you on this fine day?",,,True,False
utt__train_ep_003141__001,train_ep_003141,1,diplomat,char__diplomat,"Ah, my lord King!  Pardon me for skipping over the usual pleasantries, but rudeness is an unfortunate side effect of hast.  And the news I bear simply cannot wait.",,,False,True
utt__train_ep_003141__002,train_ep_003141,2,king,char__king,What is going on? Is everything okay?,,,True,False
utt__train_ep_003141__003,train_ep_003141,3,diplomat,char__diplomat,"I've just received word by carrier pigeon.  Our ally, Richque, has fallen.  I'm afraid the enemy overpowered their walls far more easily than we thought possible.  And there's worse news, I'm afraid...",frown,,False,False
utt__train_ep_003141__004,train_ep_003141,4,king,char__king,"Oh, no..... Not Richque.... Worse?! What could be worse?! ",,,True,False
utt__train_ep_003141__005,train_ep_003141,5,diplomat,char__diplomat,"My spies have told me that there may be.. dragons involved.  I had thought they could not possibly be tamed, but, there is word that several assisted in the attack.  ",,,False,False
utt__train_ep_003141__006,train_ep_003141,6,king,char__king,"Dragons? But, I haven't seen any around these regions in years.. How is this possible? Do we know which kingdoms they hail from? ",,,True,False
utt__train_ep_003141__007,train_ep_003141,7,diplomat,char__diplomat,"I have not been able to discover yet, my King.  They follow no norms of battle, send no demands for surrender.  Their only motive seems to be to conquer and destroy.  It is beyond reason!",sigh,,False,True
utt__train_ep_003141__008,train_ep_003141,8,king,char__king,We have to tell our men at once. I don't even know where to begin. This doesn't seem possible! We need to start training!,frown,,True,False
utt__train_ep_003141__009,train_ep_003141,9,diplomat,char__diplomat,Wait - who is this merchant?  Should he be privy to this discussion?,frown,,False,False
utt__train_ep_003141__010,train_ep_003141,10,king,char__king,I've never seen this man before..... How did he get past the guards? ,stare,,True,False
utt__train_ep_003141__011,train_ep_003141,11,diplomat,char__diplomat,"He does not speak, and I don't believe I've seen him blink the entire time we were here.  Could it be... is this some enemy trick, an illusion sent to spy on us?",gasp,,False,False
utt__train_ep_003141__012,train_ep_003141,12,king,char__king,There's only one way to find out! I will not let this kingdom be destroyed!,,hit merchant,True,False
utt__train_ep_003141__013,train_ep_003141,13,diplomat,char__diplomat,"No, step back, my King!  That may exactly what they want!  Pardon me for daring to touch your royal personage, but I must restrain you lest this foul magic injure you.",,hug king,False,True
utt__train_ep_003160__000,train_ep_003160,0,king,char__king,Hows it going today?,,,True,False
utt__train_ep_003160__001,train_ep_003160,1,knight,char__knight,Good sir. I always envisioned myself gaurdian the king while he defecates. ever since i was a young boy.,,,False,True
utt__train_ep_003160__002,train_ep_003160,2,king,char__king,Thank you sir knight. Would not want to get caught with my pants down!,laugh,,True,False
utt__train_ep_003160__003,train_ep_003160,3,knight,char__knight,aye who knows what kinds of threats lie just around the next pile ,laugh,,False,False
utt__train_ep_003160__004,train_ep_003160,4,king,char__king,I'm thinking about haveing my builders put in an open air sky light. That would brighten thing up here here a bit and let out some of the stink,ponder,,True,False
utt__train_ep_003160__005,train_ep_003160,5,knight,char__knight,Aye that would certainly make it a bit nicer in here. The things i here from some of the peasants youd think they could smell your royal hiney from here. what id give to smack a few around your lord.,,,False,False
utt__train_ep_003160__006,train_ep_003160,6,king,char__king,Oh..don't worry about it. Everybody poops. ,grin,,True,False
utt__train_ep_003160__007,train_ep_003160,7,knight,char__knight,That is why you are the king sir. Such eloquence.,,,False,True
utt__train_ep_003160__008,train_ep_003160,8,king,char__king,I wish I didn't have to make so many trips in here. It's that chef. He keeps feeding me beans! Say they are good for me and will make me stay strong.,sigh,,True,False
utt__train_ep_003160__009,train_ep_003160,9,knight,char__knight,Ive always suspected the chef of being a conspirator. maybe we should serve him up for supper on the morrow.,,,False,False
utt__train_ep_003160__010,train_ep_003160,10,king,char__king,The queen won't let me. She agrees with him. Some sort of fad diet she is on after the prince was born. She is looking pretty skinny these days. Maybe time to have another child.,,,True,False
utt__train_ep_003160__011,train_ep_003160,11,knight,char__knight,hah if only i were your maester sir id suggest a new child every new moon. the cry for battle requires many young babes.,,,False,False
utt__train_ep_003160__012,train_ep_003160,12,king,char__king,That would be too many children in line for the thrown. They would kill eachother.,gasp,,True,False
utt__train_ep_003160__013,train_ep_003160,13,knight,char__knight,ahh sir i only mean spreading your royal seed around the kingdom would only strengthen the hardiness of our people..anonymously of course,,,False,False
utt__train_ep_003165__000,train_ep_003165,0,king,char__king,"So, this is the thug who wanted to murder me?",,,True,False
utt__train_ep_003165__001,train_ep_003165,1,prisoner,char__prisoner,take it easy sire,,,False,False
utt__train_ep_003165__002,train_ep_003165,2,king,char__king,Why should I take it easy on someone wanting to kill me?,,remove cape,True,False
utt__train_ep_003165__003,train_ep_003165,3,prisoner,char__prisoner,No sire take it easy ,,,False,False
utt__train_ep_003165__004,train_ep_003165,4,king,char__king,"No, I won't take it easy on you!",,,True,False
utt__train_ep_003165__005,train_ep_003165,5,prisoner,char__prisoner,I was wrongly accused and I said that so many times already ,,,False,False
utt__train_ep_003165__006,train_ep_003165,6,king,char__king,You were the one standing over me laughing..with a sword.,,,True,False
utt__train_ep_003165__007,train_ep_003165,7,prisoner,char__prisoner,Iron maiden I think you believe me tell him ,,,False,False
utt__train_ep_003165__008,train_ep_003165,8,king,char__king,Stop giving orders to people!!!!,,hit prisoner,True,False
utt__train_ep_003165__009,train_ep_003165,9,prisoner,char__prisoner,"Since you are bent on killing me, I guess I will be rough on you with my word oh king ",,,False,True
utt__train_ep_003165__010,train_ep_003165,10,king,char__king,Have you met my wife? You can't say anything worse than her! If you didn't do it tell me everything you know about the plot to murderme.,laugh,,True,False
utt__train_ep_003165__011,train_ep_003165,11,prisoner,char__prisoner,I had your wife as my lover so if you couldn't control her know that it was your fault ,,,False,False
utt__train_ep_003165__012,train_ep_003165,12,king,char__king,You and everyone else lad. ,laugh,,True,False
utt__train_ep_003165__013,train_ep_003165,13,prisoner,char__prisoner,So what are you going to do about it because I am sure after you kill me your life will be a living hell. Or maybe I will escape and continue sleeping with her in your face ,,,False,False
utt__train_ep_003178__000,train_ep_003178,0,servant,char__servant,"How may I serve you, King?",,,False,True
utt__train_ep_003178__001,train_ep_003178,1,king,char__king,Come and relax. Sit. This is a place for everyone to come and enjoy.,,,True,False
utt__train_ep_003178__002,train_ep_003178,2,servant,char__servant,"Thank you so much for your kindness, dear King. ",,drop small bucket,False,True
utt__train_ep_003178__003,train_ep_003178,3,king,char__king,You work hard. and you should enjoy things. Do you have family?,,,True,False
utt__train_ep_003178__004,train_ep_003178,4,servant,char__servant,"I have a mother, but she is very ill. ",,,False,False
utt__train_ep_003178__005,train_ep_003178,5,king,char__king,What is going on with your mother?,,,True,False
utt__train_ep_003178__006,train_ep_003178,6,servant,char__servant,She has the fever with red spots that is spreading throughout the kingdom. ,,,False,False
utt__train_ep_003178__007,train_ep_003178,7,king,char__king,I hope that she gets better and I give you my scepter. Sell it to help you with your mother and any other essentials you need.,,give scepter to servant,True,False
utt__train_ep_003178__008,train_ep_003178,8,servant,char__servant,"Dear King, this is why you are so loved throughout the land. How may I repay you for your kindness?",,hug king,False,True
utt__train_ep_003178__009,train_ep_003178,9,king,char__king,you need not repay me. I give to you because it is needed and you deserve to have enough to help your mother.,,,True,False
utt__train_ep_003178__010,train_ep_003178,10,servant,char__servant,My family and I will be indebted to you for all of our days. ,,put scepter in small bucket,False,False
utt__train_ep_003178__011,train_ep_003178,11,king,char__king,I just want your mother to get better. Is there any other family that does not live with you,,,True,False
utt__train_ep_003178__012,train_ep_003178,12,servant,char__servant,I have cousins off in distand lands. My father died fighting in the war. ,,,False,False
utt__train_ep_003178__013,train_ep_003178,13,king,char__king,What war was that?,,,True,False
utt__train_ep_003184__000,train_ep_003184,0,blacksmith,char__blacksmith,Good day Sire,smile,,False,False
utt__train_ep_003184__001,train_ep_003184,1,king,char__king,Good day!! Have you made all of these weapons that line your walls?,,,True,False
utt__train_ep_003184__002,train_ep_003184,2,blacksmith,char__blacksmith,Yes Sire we have handcrafted each of these. Do you see any that you like?,,,False,False
utt__train_ep_003184__003,train_ep_003184,3,king,char__king,They are all marvelous! What is that you are working on at the moment?,,,True,False
utt__train_ep_003184__004,train_ep_003184,4,blacksmith,char__blacksmith,A double edged sword. We could make one Custom stamped with your house emblem for you and your knight sire. If that is what you so desire.,,,False,False
utt__train_ep_003184__005,train_ep_003184,5,king,char__king,That would be great sir blacksmith! Tell me what do you charge for such a sword?,,,True,False
utt__train_ep_003184__006,train_ep_003184,6,blacksmith,char__blacksmith,It would be an honor and a privlidge to make one as a gift for you Sire and for your knight maybe 20 silver shillings. Does this sound fair to you my lord?,,,False,False
utt__train_ep_003184__007,train_ep_003184,7,king,char__king,"That is all! Ha, I can afford to pay you triple that!",,,True,False
utt__train_ep_003184__008,train_ep_003184,8,blacksmith,char__blacksmith,I will only accept that ammount if you are absolutely satisfied with the final product.,,,False,False
utt__train_ep_003184__009,train_ep_003184,9,king,char__king,"If it ever needs a good mending or sharpening, I will come to you to fix it?",,,True,False
utt__train_ep_003184__010,train_ep_003184,10,blacksmith,char__blacksmith,"You have my word sire, Are there any other items that spark your interest. Pherhaps a coat of armor or a sheild?",,,False,False
utt__train_ep_003184__011,train_ep_003184,11,king,char__king,"Why yes, I do enjoy a good mace! Have you got any more?",,,True,False
utt__train_ep_003184__012,train_ep_003184,12,blacksmith,char__blacksmith,"Yes of course we do , allow me to tend to this iron and I will gladly show you the maces I have available",,remove iron,False,False
utt__train_ep_003184__013,train_ep_003184,13,king,char__king,take your time dear blacksmith!,,,True,False
utt__train_ep_003193__000,train_ep_003193,0,king,char__king,"Ah good, the feast for my Tenth Anniversary of Kingliness seems to be coming along quite nicely!",smile,,True,False
utt__train_ep_003193__001,train_ep_003193,1,maid,char__maid,"Oh sire forgive me, You startled me. Yes the feast is coming along nicely. ",,drop Broom,False,False
utt__train_ep_003193__002,train_ep_003193,2,king,char__king,"There, there, little Martha.  My, you've certainly grown since I saw you last!  I remember when your mother first brought you here, you were just a wee bairn then!  My apologies, my dear, for startling you.",,get Broom,True,False
utt__train_ep_003193__003,train_ep_003193,3,maid,char__maid,My mother adores you sire. Thank you for the privledge of serving you. My apologies for trying on this hat. It is so beautiful and the temptation was so great. ,,remove ceremonial hat,False,False
utt__train_ep_003193__004,train_ep_003193,4,king,char__king,"Ah yes, it is quite a fancy one, isn't it?  It does, I find, get rather heavy with time.  Here, my dear, your broom.  The truth of the matter is, I came down here knowing you would be here.  I would have a word with you.",,give Broom to maid,True,False
utt__train_ep_003193__005,train_ep_003193,5,maid,char__maid,You came for me Sire? How can I be of service?,blush,,False,False
utt__train_ep_003193__006,train_ep_003193,6,king,char__king,"Well, I have discussed this with your mother and... I believe you are old enough now to know the truth.  You are not merely the daughter of a servant of this castle... you are also the daughter of a man who was a prince, and is now a King these ten past years.",,,True,True
utt__train_ep_003193__007,train_ep_003193,7,maid,char__maid,"Really Sire, How can this be? I have been a servant my entire life.",gasp,,False,False
utt__train_ep_003193__008,train_ep_003193,8,king,char__king,"My child, your mother wanted you to experience a life as a normal girl, free from the cares and worries of one who might rule.  And, in truth, I sought to keep my distance from you to protect you.  I have enemies who, should they know of you, would seek to harm me through you.",nod,,True,False
utt__train_ep_003193__009,train_ep_003193,9,maid,char__maid,"It is hard for me to wrap my thought aroud such revalations Sire. Please tell me if this is true,what it means for my future.",stare,,False,False
utt__train_ep_003193__010,train_ep_003193,10,king,char__king,"Well, I would leave that for you to decide, my child.  For I have no heir to inherit my crown, as I could not bare the thought of marrying anyone else but your mother, commoner though she may be.  But I think you, having grown up and lived among the people, would make a wise and just ruler.  It will be a life full of sacrifices, though, so chose wisely, my dear. ",,,True,False
utt__train_ep_003193__011,train_ep_003193,11,maid,char__maid,Sire can I please take a night to think on these decisions? I fell as though these choices must not be made in haste.,ponder,,False,False
utt__train_ep_003193__012,train_ep_003193,12,king,char__king,"Such wisdom already shows much promise in you, for it is, indeed, not a path to be chosen lightly.  When you have made your decision, simply come to my chambers with this scepter to say I had given it for you to clean.",,give scepter to maid,True,False
utt__train_ep_003193__013,train_ep_003193,13,maid,char__maid,Thank you for your understanding and for the kind words spoken over me. I will resolve to have my decision and the sceptre back to you by the fortnite.,,,False,False
utt__train_ep_003195__000,train_ep_003195,0,king,char__king,Thief!  I have caught you trying to enter my throne room!  Explain yourself before you are thrown to the dogs!,,,True,False
utt__train_ep_003195__001,train_ep_003195,1,thief,char__thief,I I I am n Not a theif. I was just going to take this and have it washed for you,,remove coat,False,False
utt__train_ep_003195__002,train_ep_003195,2,king,char__king,The Royal Coat?  Unhand this at once!   Do you know who I am??   There are rules in this kingdom for thieves!  ,,steal coat from thief,True,False
utt__train_ep_003195__003,train_ep_003195,3,thief,char__thief,"If you would just show me the way to the wash room I will have your maids clean these things at once! And it is a shame your room is in such disorder. I will have them flogged, Yes?",blush,,False,False
utt__train_ep_003195__004,train_ep_003195,4,king,char__king,Very nice try!  I know who you are.  Daniel the troubled.  If it weren't for your father and the fact that you have caught me sneaking out to see my mistress than you should also be chained in the dungeon as he was.   How did you find these secret chambers?,applaud,,True,False
utt__train_ep_003195__005,train_ep_003195,5,thief,char__thief,"I am a thief, how could I not know about these tunnels. Here. Thanks for not being too angry with me.",,give coin to king,False,False
utt__train_ep_003195__006,train_ep_003195,6,king,char__king,"My dear man, aren't we all thieves in some way or another.  I need you to do a job for me, are you up to it?  Or shall I ready your shackles in the dungeon?",,hug thief,True,False
utt__train_ep_003195__007,train_ep_003195,7,thief,char__thief,Am I!? I'm the best thief in town! I was born ready!,,hug king,False,False
utt__train_ep_003195__008,train_ep_003195,8,king,char__king,"Yes, yes, your reputation does precede you.  You may know my rival, King Anchilles of the West Realm.  He has a hidden room that holds a magical stone.  I need that stone!   It has been the reason for his great success and I fear he will never be defeated unless we have control of the stone.",,,True,True
utt__train_ep_003195__009,train_ep_003195,9,thief,char__thief,"Ooh, sound like this is going to be the best heist I have ever performed. This will be written in the history books my King. I will do it!",,steal coin from king,False,True
utt__train_ep_003195__010,train_ep_003195,10,king,char__king,"As you know I rule this whole empire, so I will have my men report back on your actions.  Do not fail me thief, or you will be thrown into the dungeon!",,,True,False
utt__train_ep_003195__011,train_ep_003195,11,thief,char__thief,If I fail you will know I am dead. Don't worry about me. I will get it done or die trying.,nod,,False,False
utt__train_ep_003195__012,train_ep_003195,12,king,char__king,Very well good man.  Go and to the dirty deeds that a king cannot. If you are caught do not mention the kingdom.  We must not start a war until the magical stone is in our power!,,hug thief,True,True
utt__train_ep_003195__013,train_ep_003195,13,thief,char__thief,Yes my King. The power of the stone is yours. You will be victorious over all of your enemies!,,steal crown from king,False,True
utt__train_ep_003200__000,train_ep_003200,0,king,char__king,Ahh what a sight to behold at this hour. Dont you agree milady?,,wear crown,True,False
utt__train_ep_003200__001,train_ep_003200,1,queen,char__queen,I do my dear. Your kingdom is spectacular ,,,False,False
utt__train_ep_003200__002,train_ep_003200,2,king,char__king,If only there werent so many poor people mucking about. They do irk me so.,,,True,False
utt__train_ep_003200__003,train_ep_003200,3,queen,char__queen,Maybe we could start a war and send them to battle,,,False,False
utt__train_ep_003200__004,train_ep_003200,4,king,char__king,Hmm. Now thats a grand idea. Who shall we go to war with this time?,nod,,True,False
utt__train_ep_003200__005,train_ep_003200,5,queen,char__queen,I've always hated that kingdom to the north  Their queen thinks she's better than me,,,False,False
utt__train_ep_003200__006,train_ep_003200,6,king,char__king,Oh dear id never thought youd ask. Those uppidy northerners think they have it all with their fur coats and hats. If youd like we can make a fur out of the queen herself?,,hug queen,True,False
utt__train_ep_003200__007,train_ep_003200,7,queen,char__queen,Oh that would be wonderful. Just need to make sure we get her funny smell out of it ,,hug king,False,False
utt__train_ep_003200__008,train_ep_003200,8,king,char__king,Agreed i have heard those folk to the north are always reeking of peligrem and moss. no. no. We could have the jester parade about in it as well. oh what fun,,,True,False
utt__train_ep_003200__009,train_ep_003200,9,queen,char__queen,Oh what a site that would be. Where is the jester anyway? ,,,False,False
utt__train_ep_003200__010,train_ep_003200,10,king,char__king,Hmm very good question. let us set out to find the ole slack jaw.,ponder,,True,False
utt__train_ep_003200__011,train_ep_003200,11,queen,char__queen,I could use a good laugh. These peasants are getting on my nerves ,,,False,False
utt__train_ep_003200__012,train_ep_003200,12,king,char__king,Oh dear. let me fetch your crown and slippers and we can head down to the grand hall.,,,True,False
utt__train_ep_003200__013,train_ep_003200,13,queen,char__queen,Hopefully the cook will have dinner ready soon. He's always late ,,,False,False
utt__train_ep_003208__000,train_ep_003208,0,priest,char__priest,Helping the needy is my life's passion,,,False,False
utt__train_ep_003208__001,train_ep_003208,1,king,char__king,"Bless me, Father, for I have sinned.  I have come to you at this hour to make my confession, that my soul may be made clean again.",,remove cape,True,False
utt__train_ep_003208__002,train_ep_003208,2,priest,char__priest,"ok confess now dear king, holding the cross will do you no good",,,False,True
utt__train_ep_003208__003,train_ep_003208,3,king,char__king,"This very night I... I murdered my wife in a fit of jealous rage.  The shock of seeing another man in her bed... I just couldn't control myself, father.",sigh,,True,False
utt__train_ep_003208__004,train_ep_003208,4,priest,char__priest,now drink a little of the wine in that cup you are holding ,,,False,False
utt__train_ep_003208__005,train_ep_003208,5,king,char__king,"I am sorry, father, but I believe it is you who have the wine.  Have... have you perhaps had a nip of it yourself, father?",frown,,True,False
utt__train_ep_003208__006,train_ep_003208,6,priest,char__priest,oh yes. Take my child and be blessed and please hold the cross close to your chest,,give Wine to king,False,False
utt__train_ep_003208__007,train_ep_003208,7,king,char__king,"Ah, tis a bitter brew indeed.  No more than I deserve though, wretch that I am.  How can I look my subjects in the eye again!",,drink Wine,True,False
utt__train_ep_003208__008,train_ep_003208,8,priest,char__priest,I hope you have told me the whole truth because i detest lairs ,,,False,False
utt__train_ep_003208__009,train_ep_003208,9,king,char__king,"I have laid my soul bare before you, father.  I can think of no worse crime than a man murdering his wife, so I cannot think of what else I could speak of.",,,True,False
utt__train_ep_003208__010,train_ep_003208,10,priest,char__priest,"You have shown true remorse, God will let her soul rest so she does not haunt you",,wear Cross,False,False
utt__train_ep_003208__011,train_ep_003208,11,king,char__king,"I am not even fit to wear this crown, though, father.  How can I rule?  How can I find forgivenes... forgiveness for myself?  She was not a good Queen, but she deserved a more fitting end.",,drop crown,True,False
utt__train_ep_003208__012,train_ep_003208,12,priest,char__priest,I forgive you son because that my daughter we are talking about. Go in peace,,,False,False
utt__train_ep_003208__013,train_ep_003208,13,king,char__king,May I never again come to such a state... I will try... Father... to find this peace.,cry,,True,False
utt__train_ep_003219__000,train_ep_003219,0,guest,char__guest,It is nice to see you again.,,hug king,False,False
utt__train_ep_003219__001,train_ep_003219,1,king,char__king,Same to you!  It has been too long!  How was your journey?,,hug guest,True,False
utt__train_ep_003219__002,train_ep_003219,2,guest,char__guest,It was awful. I did bring you something though.,,give bag to king,False,False
utt__train_ep_003219__003,train_ep_003219,3,king,char__king,Thank you!  That is so generous! Last time I saw you I wasn't yet King.  It is funny to be in the Palace now. ,,,True,True
utt__train_ep_003219__004,train_ep_003219,4,guest,char__guest,Yes that is true. This palace is so grand.,,,False,False
utt__train_ep_003219__005,train_ep_003219,5,king,char__king,I just had an artist from Europe paint this entrance.  What do you think of it?,,,True,False
utt__train_ep_003219__006,train_ep_003219,6,guest,char__guest,My my it looks marvelous. ,,,False,False
utt__train_ep_003219__007,train_ep_003219,7,king,char__king,You must be weary from such a hard journey.  I will let you freshen up and rest once I show you to your quarters.  Are you in need of some food and drink?,,,True,False
utt__train_ep_003219__008,train_ep_003219,8,guest,char__guest,Yes please and thank that would be wonderful.,,,False,False
utt__train_ep_003219__009,train_ep_003219,9,king,char__king,"While you are here, a servant will be appointed to you and see to your every whim.  Do not hesistate to ask for anything.",,,True,False
utt__train_ep_003219__010,train_ep_003219,10,guest,char__guest,Thank you my grace.,,,False,False
utt__train_ep_003219__011,train_ep_003219,11,king,char__king,Tonight is a great feast in your honor and lots of entertainment.  It will be fantastic!,,,True,False
utt__train_ep_003219__012,train_ep_003219,12,guest,char__guest,I am more than glad to be the guest of honor.,,,False,False
utt__train_ep_003219__013,train_ep_003219,13,king,char__king,"Now, follow me and tell me how you have been and what you have been doing?  The servants will get your bags.",,,True,False
utt__train_ep_003347__000,train_ep_003347,0,king,char__king,Oh hello sweet darling. How are you today?,,,True,False
utt__train_ep_003347__001,train_ep_003347,1,princess,char__princess,"Terrible, terrible father... You can't marry this woman! You swore when mother passed you would wait many seasons before remarrying... You can't do this! That woman is vile!",,,False,False
utt__train_ep_003347__002,train_ep_003347,2,king,char__king,"It will be already. I have to remarry. It's not choice, but duty. We need alliances.",,hug the princess,True,False
utt__train_ep_003347__003,train_ep_003347,3,princess,char__princess,"But why her, papa! She is wicked. She could never compare to mother! She only cares for you because of your wealth and power!",,,False,False
utt__train_ep_003347__004,train_ep_003347,4,king,char__king,"I know, but we need this alliance. Sometimes you have to do things you don't want to do. By doing this, I hope to prevent you to have to ever marry someone unless you love them. Understand?",nod,,True,False
utt__train_ep_003347__005,train_ep_003347,5,princess,char__princess,"Oh, papa... What if, what if she hurts you? I heard from the princess of the near kingdom that her last King died... mysteriously... ",,,False,True
utt__train_ep_003347__006,train_ep_003347,6,king,char__king,"Oh do not worry. You know I have the best guards in the whole empire. I'm a brave and fearless King. My new Queen will not scare me, nor should she scare you.",laugh,,True,True
utt__train_ep_003347__007,train_ep_003347,7,princess,char__princess,What will we gain in this alliance that is so worth taking her as a wife?,,,False,False
utt__train_ep_003347__008,train_ep_003347,8,king,char__king,A bigger and stronger army.  They will be loyal to me. I have spies within their ranks. Their army wants to join us. ,,give scepter to the princess,True,False
utt__train_ep_003347__009,train_ep_003347,9,princess,char__princess,"... Are your saying war is coming, father?",,hug king,False,False
utt__train_ep_003347__010,train_ep_003347,10,king,char__king,"Oh no, but I want my army to be strong for you. Remember I don't want you to have to marry for anything but love.",,hug the princess,True,False
utt__train_ep_003347__011,train_ep_003347,11,princess,char__princess,"Father, I wanted to tell you something about that....",,,False,False
utt__train_ep_003347__012,train_ep_003347,12,king,char__king,Yes?,,,True,False
utt__train_ep_003347__013,train_ep_003347,13,princess,char__princess,"I... I have fallen for a man, but... he's a wizard...",,,False,False
utt__train_ep_003404__000,train_ep_003404,0,king,char__king,"Guard, I beseech thee, come take this crown!",,,True,False
utt__train_ep_003404__001,train_ep_003404,1,guard,char__guard,Yes your majesty,,,False,False
utt__train_ep_003404__002,train_ep_003404,2,king,char__king,You are my most trusted guard. It is a privilege to have you in my castle.,,give crown to guard,True,False
utt__train_ep_003404__003,train_ep_003404,3,guard,char__guard,It is my honor your majesty. You are not just my king but a dear friend.,,,False,True
utt__train_ep_003404__004,train_ep_003404,4,king,char__king,I can only hope we will be friends for life.,,hug guard,True,False
utt__train_ep_003404__005,train_ep_003404,5,guard,char__guard,So what will you be doing today your majesty? Will you be riding today?,,hug king,False,False
utt__train_ep_003404__006,train_ep_003404,6,king,char__king,"I believe so, my lord.",,,True,False
utt__train_ep_003404__007,train_ep_003404,7,guard,char__guard,I will have the royal guard ready.,,,False,False
utt__train_ep_003404__008,train_ep_003404,8,king,char__king,Let us share a glass of wine before we leave.,,get ornate goblet,True,False
utt__train_ep_003404__009,train_ep_003404,9,guard,char__guard,That you m'lord. I do enjoy your fine wine.  I will have a groom prepare your horse for the ride.,,,False,False
utt__train_ep_003404__010,train_ep_003404,10,king,char__king,"Thank you, my liege.",,,True,False
utt__train_ep_003404__011,train_ep_003404,11,guard,char__guard,Will you be needing a bow and arrow?,,,False,False
utt__train_ep_003404__012,train_ep_003404,12,king,char__king,"I believe so, I am hoping to join the hunt.",,,True,False
utt__train_ep_003404__013,train_ep_003404,13,guard,char__guard,The priest will be wanting to give you a blessing your majesty.,,,False,False
utt__train_ep_003405__000,train_ep_003405,0,officer,char__officer,Your Majesty...are you injured?,,,False,False
utt__train_ep_003405__001,train_ep_003405,1,king,char__king,"No, I am fine, Why are you here?",,,True,False
utt__train_ep_003405__002,train_ep_003405,2,officer,char__officer,We just apprehended a band of soldiers that came to kill you. They are being taken to the dungeon now.,,,False,False
utt__train_ep_003405__003,train_ep_003405,3,king,char__king,Really? Let us execute them in the courtyard.,,,True,False
utt__train_ep_003405__004,train_ep_003405,4,officer,char__officer,Let me guide you to the castle to safety.  There might be more of them around and you are unarmed. ,,remove sword,False,False
utt__train_ep_003405__005,train_ep_003405,5,king,char__king,Very well. Tell me do you know the purpose of this attack?,,,True,False
utt__train_ep_003405__006,train_ep_003405,6,officer,char__officer,I believe one of the enemies were to steal your scepter and bring it back to their king as a test...but they could be lying.,,,False,True
utt__train_ep_003405__007,train_ep_003405,7,king,char__king,They are nothing more then fools.,,,True,False
utt__train_ep_003405__008,train_ep_003405,8,officer,char__officer,"Please, keep this while we make our way across the gardens.  I'm sorry to take you away from such a beautiful view. ",,give shield to king,False,False
utt__train_ep_003405__009,train_ep_003405,9,king,char__king,It is fine you are only doing your job. Are we aware of their numbers?,,,True,False
utt__train_ep_003405__010,train_ep_003405,10,officer,char__officer,We captured 22 men.  I have the first ranks scattering to find any remaining.  Is there anything else you wish me to do?,,,False,False
utt__train_ep_003405__011,train_ep_003405,11,king,char__king,You have done enough for today. I need to head to the dungeon and get some answers.,,,True,False
utt__train_ep_003405__012,train_ep_003405,12,officer,char__officer,Yes Sire.  I will bring report once we are done searching out here.,,,False,False
utt__train_ep_003405__013,train_ep_003405,13,king,char__king,Thank you for your hard work.,,,True,False
utt__train_ep_003412__000,train_ep_003412,0,king,char__king,What are you doing just standing there?,,,True,False
utt__train_ep_003412__001,train_ep_003412,1,knight,char__knight,"Apologies, your Royal Highness.  I hoped to forstal you before you entered the castle.  There has been... an incident.  Ah, how well do you trust that servant of yours there, m'Lord?",,,False,False
utt__train_ep_003412__002,train_ep_003412,2,king,char__king,I trust him well enough to have given a job here. Tell me what this is about knight.,,,True,False
utt__train_ep_003412__003,train_ep_003412,3,knight,char__knight,"I'm afraid it's the Queen, sire.  I overheard her talking to someone, I apologise, I could not make out whom, sire, but they seemed on... intimate terms.  It seems she has designs to unseat you from the throne this very day, either by guile or by... poison.",frown,,False,False
utt__train_ep_003412__004,train_ep_003412,4,king,char__king,"Very well let us take action immediately, Thank you for informing me. ",,,True,False
utt__train_ep_003412__005,train_ep_003412,5,knight,char__knight,"Here, your Highness.  You gave this to me in honor of the Battle of Faerie Fire.  I return it to you, that you may defend yourself.  I am yours to command.",,give sword to king,False,False
utt__train_ep_003412__006,train_ep_003412,6,king,char__king,Let us find the man she was speaking to. Any idea who it may be>,,,True,False
utt__train_ep_003412__007,train_ep_003412,7,knight,char__knight,He had on... let me think... a blue doublet.  And his hair was of flaxen golden in color.  He had a rather shrill laugh.,ponder,,False,False
utt__train_ep_003412__008,train_ep_003412,8,king,char__king,"Jeffry! It must be him he has wanted the thrown ever since I was coronated, my own brother!",,,True,False
utt__train_ep_003412__009,train_ep_003412,9,knight,char__knight,"What!  Such deep seated treachery is not to be born!  Say the word, sir, and I shall cut him down where he stands!",gasp,,False,False
utt__train_ep_003412__010,train_ep_003412,10,king,char__king,Leave that filth to me. It shall be my sword that strikes that fool down!,grin,,True,False
utt__train_ep_003412__011,train_ep_003412,11,knight,char__knight,"Of course, my king.  And what of the queen?  Striking her down seems too quick a punishment.",ponder,,False,True
utt__train_ep_003412__012,train_ep_003412,12,king,char__king,Let us give her a public execution to be set as an example to those who see to disthrone me!,,,True,False
utt__train_ep_003412__013,train_ep_003412,13,knight,char__knight,"Of course, my King.  I shall follow your lead!",,,False,True
utt__train_ep_003424__000,train_ep_003424,0,courtier,char__courtier,Is that all the notes you would like me to take today?,ponder,,False,False
utt__train_ep_003424__001,train_ep_003424,1,king,char__king,I need sit on my throne and think. I am sure there is more for you to do.,,wear crown,True,False
utt__train_ep_003424__002,train_ep_003424,2,courtier,char__courtier,Maybe you will write faster than me. I have worked for you for a long time and I think you are ready to speak your mind.,,give a pen for the chickens to king,False,False
utt__train_ep_003424__003,train_ep_003424,3,king,char__king,I am the king here. You expect me to do my own writing?,,hit courtier,True,True
utt__train_ep_003424__004,train_ep_003424,4,courtier,char__courtier,"Snap out of it before the queen see you! Like I said, I have worked for you for a long time and you seem to need to speak your mind. I will write for you if you want.",,hit king,False,False
utt__train_ep_003424__005,train_ep_003424,5,king,char__king,I am brave and fear no queen. I think we should take a walk and marvel at my ornate and historical wall carvings.,,remove cape,True,False
utt__train_ep_003424__006,train_ep_003424,6,courtier,char__courtier,This has been one of my favorite rooms. Of coarse it its the best looking room in the house.,nod,,False,False
utt__train_ep_003424__007,train_ep_003424,7,king,char__king,I am glad you agree. Now go down and fetch me some food before I starve.,smile,,True,False
utt__train_ep_003424__008,train_ep_003424,8,courtier,char__courtier,Thank you for accepting my compliment. I will go tell your servants to fetch you a meal.,,hug king,False,False
utt__train_ep_003424__009,train_ep_003424,9,king,char__king,I wish for some entertainment while I eat. The fool shall dance on the bed for us now.,,hit fool,True,False
utt__train_ep_003424__010,train_ep_003424,10,courtier,char__courtier,He looks like he didn't see that coming!,laugh,,False,False
utt__train_ep_003424__011,train_ep_003424,11,king,char__king,"Let's draw up plans to attack our enemy. This room, the King's Quarters, should be large enough to draw up the maps.",,,True,False
utt__train_ep_003424__012,train_ep_003424,12,courtier,char__courtier,I thought you would never ask! I have had so many ideas that were never tried. Let me help you clear the room!,,hug king,False,False
utt__train_ep_003424__013,train_ep_003424,13,king,char__king,"While you are at it, light a fire for me. I am cold.",,get cover,True,False
utt__train_ep_003530__000,train_ep_003530,0,sioux chef,char__sioux_chef,Hello sire. What can I make you this evening? ,,,False,False
utt__train_ep_003530__001,train_ep_003530,1,king,char__king,Give me some options chef.,,,True,False
utt__train_ep_003530__002,train_ep_003530,2,sioux chef,char__sioux_chef,I can make some kind of meat and vegetable combo or I can give you one of the give you one of the pre-made meals from the head chef ,,,False,False
utt__train_ep_003530__003,train_ep_003530,3,king,char__king,How about a roast of some sort?,,,True,False
utt__train_ep_003530__004,train_ep_003530,4,sioux chef,char__sioux_chef,Sure I'd be happy to take care of that for you just give me a few minutes. Where did that lousy head chef go anyway? ,,get meat,False,False
utt__train_ep_003530__005,train_ep_003530,5,king,char__king,"I cannot say that I have seem him, that is a good question.",,,True,False
utt__train_ep_003530__006,train_ep_003530,6,sioux chef,char__sioux_chef,He's the absolute worst. He's always trying to sabotage me with peanuts ,,put meat in stove,False,False
utt__train_ep_003530__007,train_ep_003530,7,king,char__king,Peanuts you say? But I am highly allergic to peanuts!,,,True,False
utt__train_ep_003530__008,train_ep_003530,8,sioux chef,char__sioux_chef,I am too! He's always messing with them. You really should fire him. Your roast is ready,,get meat from stove,False,False
utt__train_ep_003530__009,train_ep_003530,9,king,char__king,"Excellent, perhaps I will take you up on that offer. It is unwise to employ someone who would cause harm with their carelessness.",,,True,False
utt__train_ep_003530__010,train_ep_003530,10,sioux chef,char__sioux_chef,I hope you enjoy your dinner ,,give meat to king,False,False
utt__train_ep_003530__011,train_ep_003530,11,king,char__king,"It is quite tender, it seems you took your time in preparing this.",,,True,False
utt__train_ep_003530__012,train_ep_003530,12,sioux chef,char__sioux_chef,Only the best for my king. You have treated me so well ,,,False,True
utt__train_ep_003530__013,train_ep_003530,13,king,char__king,Perhaps I may just give you his position afterall.,,,True,False
utt__train_ep_003532__000,train_ep_003532,0,debtor,char__debtor,What can I do for you king?,,,False,True
utt__train_ep_003532__001,train_ep_003532,1,king,char__king,"Hello, Debtor. I wanted to speak with you about a matter...",,,True,False
utt__train_ep_003532__002,train_ep_003532,2,debtor,char__debtor,a matter you say...?,,,False,False
utt__train_ep_003532__003,train_ep_003532,3,king,char__king,"Yes, I'm starting to think there might of been a....mistake. I don't think you are meant to be in this prison. Tell me, you wouldn't happen to have any enemies, would you?",,,True,False
utt__train_ep_003532__004,train_ep_003532,4,debtor,char__debtor,...well...I do owe some creditors....,,,False,False
utt__train_ep_003532__005,train_ep_003532,5,king,char__king,"Tell me, would any of them be of significance? Is it possible you owe someone from the King's Guard? ",,,True,False
utt__train_ep_003532__006,train_ep_003532,6,debtor,char__debtor,I do owe sir Steven 50 silver pieces yes.,,,False,False
utt__train_ep_003532__007,train_ep_003532,7,king,char__king,"Hm..... See, young man - if we review your case, there is no reason you should be in such a prison. Sir Steven should of taken you as a slave until you paid off your debts. However, you ended up in here..... now it's my job to find out why.",,,True,False
utt__train_ep_003532__008,train_ep_003532,8,debtor,char__debtor,I am unsure whether prison or slavery is preferable sire.,,,False,False
utt__train_ep_003532__009,train_ep_003532,9,king,char__king,"Well young man, one thing about this prison is you will never see the light of day again. As a slave, you can work your time off. However, if I am right on this matter - you will be out of Sir Steven's debts completely. How wrong it is for him to abuse the system we have in place! ",,,True,False
utt__train_ep_003532__010,train_ep_003532,10,debtor,char__debtor,You mean I could actually be free again? I would love to see my children.,,,False,False
utt__train_ep_003532__011,train_ep_003532,11,king,char__king,"Yes, it is looking to be that way - just a few more questions. Did Sir Steven threaten you at any time?",,,True,False
utt__train_ep_003532__012,train_ep_003532,12,debtor,char__debtor,"Well considering the amount I owed him there were some threats, yes.",,,False,False
utt__train_ep_003532__013,train_ep_003532,13,king,char__king,And do you remember exactly what he had said? ,,,True,False
utt__train_ep_003581__000,train_ep_003581,0,king,char__king,"It is good to see you again my travelling brother! Please, make yourself comfortable.",,,True,False
utt__train_ep_003581__001,train_ep_003581,1,brother,char__brother,Thank you for your kind welcome!,,hug king,False,False
utt__train_ep_003581__002,train_ep_003581,2,king,char__king,What brings you back to the castle after being gone for so many months?,,,True,False
utt__train_ep_003581__003,train_ep_003581,3,brother,char__brother,I've come to learn more about swords and archery,,remove wooden sword,False,False
utt__train_ep_003581__004,train_ep_003581,4,king,char__king,"Well, you've certainly come to the right place! Why the sudden interest? I've always known you to be the more studious type.",laugh,,True,False
utt__train_ep_003581__005,train_ep_003581,5,brother,char__brother,Yes I may have given that impression but alas my sisters are the ones to hide behind books,laugh,,False,False
utt__train_ep_003581__006,train_ep_003581,6,king,char__king,Hiding behind the latest romance fantasy is the last thing I would call studious. How about the crossbow to start with?,,get crossbow,True,False
utt__train_ep_003581__007,train_ep_003581,7,brother,char__brother,it would be an honor,,get bow,False,False
utt__train_ep_003581__008,train_ep_003581,8,king,char__king,The crossbow is a bit more beginner friendly than some of the larger longbows. How is your accuracy?,,,True,False
utt__train_ep_003581__009,train_ep_003581,9,brother,char__brother,i have been practicing as much as I can with my father. I have gotten more accurate during our hunting trips,,,False,False
utt__train_ep_003581__010,train_ep_003581,10,king,char__king,I do hope your father is doing well. It has been too long since I've last been to his castle. Is this crossbow more comfortable for you to use?,,,True,False
utt__train_ep_003581__011,train_ep_003581,11,brother,char__brother,yes. I spend as much time as I can with my father and learning from him,smile,,False,False
utt__train_ep_003581__012,train_ep_003581,12,king,char__king,"Very well then. Take it, and some arrows. I'll fetch some help and we shall set up some targets out in the courtyard.",,,True,False
utt__train_ep_003581__013,train_ep_003581,13,brother,char__brother,I will. My I see you hit the targets first? ,,,False,False
utt__train_ep_003604__000,train_ep_003604,0,king,char__king,How do you care for the upscale washroom trader?,,,True,False
utt__train_ep_003604__001,train_ep_003604,1,trader,char__trader,yes it is nice. Would you like to buy some items to make it nicer?,,,False,False
utt__train_ep_003604__002,train_ep_003604,2,king,char__king,What sort of wares do you have?,,,True,False
utt__train_ep_003604__003,train_ep_003604,3,trader,char__trader,"Pelts, hats, rifles, etc",,,False,False
utt__train_ep_003604__004,train_ep_003604,4,king,char__king,Anything as far as household wares?,,,True,False
utt__train_ep_003604__005,train_ep_003604,5,trader,char__trader, No but I do have these top of the line fur pelts,,wear Pelt,False,False
utt__train_ep_003604__006,train_ep_003604,6,king,char__king,Could these be used to fashion a rug?,,,True,False
utt__train_ep_003604__007,train_ep_003604,7,trader,char__trader,"Yes, i guess that you could do that",,,False,False
utt__train_ep_003604__008,train_ep_003604,8,king,char__king,Hmm I have been thinking of a new rug for in front of the fireplace.,,,True,False
utt__train_ep_003604__009,train_ep_003604,9,trader,char__trader,i can also sell you a hunting rifle so you can make your own rug,,give hunting rifles to king,False,False
utt__train_ep_003604__010,train_ep_003604,10,king,char__king,"I am not much for hunting myself, what sort of furs do you have?",,,True,False
utt__train_ep_003604__011,train_ep_003604,11,trader,char__trader,"sheepskin, beaver, and coyote",,,False,False
utt__train_ep_003604__012,train_ep_003604,12,king,char__king,"I think I would like the coyote fur, how much is available?",,,True,False
utt__train_ep_003604__013,train_ep_003604,13,trader,char__trader,Lots are available. I can get as many as you want to pay for,,hug king,False,False
utt__train_ep_003605__000,train_ep_003605,0,king,char__king,"Hello servant, what are you doing out here on the balcony?",nudge,,True,False
utt__train_ep_003605__001,train_ep_003605,1,servant,char__servant,"My leige, I am just tidying up. May I serve you?",,,False,False
utt__train_ep_003605__002,train_ep_003605,2,king,char__king,"Of course, care to fetch me my robe?",,,True,False
utt__train_ep_003605__003,train_ep_003605,3,servant,char__servant,"At once, your Grace. I've noticed you are fond of the swans on the lake. I, too, enjoy the breathtaking view.",,,False,False
utt__train_ep_003605__004,train_ep_003605,4,king,char__king,"I always have been, servant. They are just so free and beautiful. ",,,True,False
utt__train_ep_003605__005,train_ep_003605,5,servant,char__servant,"My name is Eryn, if you prefer, my Liege. I see you brought a book. May I inquire what you're reading?",,,False,False
utt__train_ep_003605__006,train_ep_003605,6,king,char__king,"Ah, just some historical literature is all. We can continue once I have my robe.",,,True,False
utt__train_ep_003605__007,train_ep_003605,7,servant,char__servant,"At once. Your robe, your Grace. Here it is! I know I'm but a lowly servant, but you are quite curt in conversation. Perhaps you'd like to unburden yourself",,,False,False
utt__train_ep_003605__008,train_ep_003605,8,king,char__king,"It is true, but I suppose I could do you the favor of conversing with me.",,,True,False
utt__train_ep_003605__009,train_ep_003605,9,servant,char__servant,"The honor, you mean.",,,False,False
utt__train_ep_003605__010,train_ep_003605,10,king,char__king,"Oh right, thank you. Do it again and I'll have your tongue though.",,,True,False
utt__train_ep_003605__011,train_ep_003605,11,servant,char__servant,"You are exactly the king I thought you were, and I am not the lowly peasant you think I am. Your judgment has come. Are you prepared to die?",,,False,True
utt__train_ep_003605__012,train_ep_003605,12,king,char__king,You dare threaten me? It would appear that I have to take your life for this infraction! ,,hit servant,True,False
utt__train_ep_003605__013,train_ep_003605,13,servant,char__servant,I am glad you have always loved this view. It's quite fitting it should be your last. Checkmate,,hit king,False,False
utt__train_ep_003607__000,train_ep_003607,0,king,char__king,"The garden is quite lovely, isn't it? I hope the gardener has been keeping up with his duties.",,,True,False
utt__train_ep_003607__001,train_ep_003607,1,queen,char__queen,"Yes, it is quite extravagant, but I'm not in the mood to enjoy it",,,False,False
utt__train_ep_003607__002,train_ep_003607,2,king,char__king,How are you not in the mood to embrace the joy of the garden? Does something about it bother you?,,,True,False
utt__train_ep_003607__003,train_ep_003607,3,queen,char__queen,"No not the garden, just some things back at the castle",,,False,False
utt__train_ep_003607__004,train_ep_003607,4,king,char__king,What is wrong with the castle? A servant disobeying you?,,,True,False
utt__train_ep_003607__005,train_ep_003607,5,queen,char__queen,"No, my behind is cramped and in pain, I think I need a new cushion",,,False,False
utt__train_ep_003607__006,train_ep_003607,6,king,char__king,Then a new cushion will be brought for you right away. I'll arrange it with the help.,,,True,False
utt__train_ep_003607__007,train_ep_003607,7,queen,char__queen,"Also, continious chattering in the courtroom gives me a headache, I can't think with that kind of noise!",,,False,False
utt__train_ep_003607__008,train_ep_003607,8,king,char__king,"Chattering? My, I wonder what they are talking about. I'll give orders right away for them to keep it down!",,,True,False
utt__train_ep_003607__009,train_ep_003607,9,queen,char__queen,"And my God, some of the Lords smell absolutely hideous. I am terribly offended",,,False,False
utt__train_ep_003607__010,train_ep_003607,10,king,char__king,What do they smell like?,,,True,False
utt__train_ep_003607__011,train_ep_003607,11,queen,char__queen,Just absolutely horrendous. Body odor as if they've never bathed before,,,False,False
utt__train_ep_003607__012,train_ep_003607,12,king,char__king,I will not have such bad hygiene in my kingdom! I'll have them lectured about odor at once!,,,True,False
utt__train_ep_003607__013,train_ep_003607,13,queen,char__queen,Thank you! Good to know someone cares. Now I can finally enjoy this gorgeous garden,,,False,False
utt__train_ep_003613__000,train_ep_003613,0,king,char__king,Hello,,,True,False
utt__train_ep_003613__001,train_ep_003613,1,townperson,char__townperson,"Yes, my king?",,,False,True
utt__train_ep_003616__000,train_ep_003616,0,guest,char__guest,"Thank you for inviting me to dinner, your majesty. Your dining hall looks stunning.",,,False,False
utt__train_ep_003616__001,train_ep_003616,1,king,char__king,You are most welcome. You are a friend of this kingdom and it is the least we can do.,,,True,False
utt__train_ep_003616__002,train_ep_003616,2,guest,char__guest,Will the queen be joining us as well? ,ponder,,False,False
utt__train_ep_003616__003,train_ep_003616,3,king,char__king,The queen has been rather ill. I'm afraid she won't be joining us tonight.,,,True,False
utt__train_ep_003616__004,train_ep_003616,4,guest,char__guest,I'm sorry to hear that and will pray for her quick recovery! ,,drop prayer book,False,False
utt__train_ep_003616__005,train_ep_003616,5,king,char__king,I don't suppose you know of a doctor that has dealt with magical sicknesses? She seems to have eaten a dark mushroom.,pout,,True,False
utt__train_ep_003616__006,train_ep_003616,6,guest,char__guest,Let me look in my book of divine hymns. I'm sure there is one to cure dark maladies. ,,drop hymn book,False,False
utt__train_ep_003616__007,train_ep_003616,7,king,char__king,"Are you a healer? I knew you were a good fighter, but never thought you had the ability to cure people.",gasp,,True,False
utt__train_ep_003616__008,train_ep_003616,8,guest,char__guest,"Yes, I've received sufficient training from the High Priest to perform basic rituals and spells.",nod,,False,False
utt__train_ep_003616__009,train_ep_003616,9,king,char__king,"No question, if you can do it, I'll be certain to give you our best cutlery.",,,True,False
utt__train_ep_003616__010,train_ep_003616,10,guest,char__guest,"You can escort me to the queen's bedchamber after dinner then, and I'll do my best. For now, let's eat!",,remove coat,False,False
utt__train_ep_003616__011,train_ep_003616,11,king,char__king,"Yes. The queen could use some rest, regardless.",laugh,,True,False
utt__train_ep_003616__012,train_ep_003616,12,guest,char__guest,"Now, tell me. What fine meal has the chef prepared for us tonight? ",smile,,False,False
utt__train_ep_003616__013,train_ep_003616,13,king,char__king,"This juicy rack of lamb, tender pheasant cake and a fragrant peach ice cream.",,,True,False
utt__train_ep_003630__000,train_ep_003630,0,waiting priest,char__waiting_priest,"Your Grace, have you come to inspect the casks?",,,False,False
utt__train_ep_003630__001,train_ep_003630,1,king,char__king,I have! This wine must still be good and highly valued. I am thinking of throwing a huge celebration in town and would possibly like to offer this to the guests. What do you think?,,,True,False
utt__train_ep_003630__002,train_ep_003630,2,waiting priest,char__waiting_priest,"I think it is a good idea, but you should sample the vintage.  I have a hammer to remove the cork on one ...",,,False,False
utt__train_ep_003630__003,train_ep_003630,3,king,char__king,Open them and let's have a taste test shall we? I want to provide nothing but the BEST for my guests!,,,True,False
utt__train_ep_003630__004,train_ep_003630,4,waiting priest,char__waiting_priest,"Here, have a sip, my King!",grin,,False,True
utt__train_ep_003630__005,train_ep_003630,5,king,char__king,"*takes sip* Oh, how delightful! I think this would suite well for the celebration we are having. How much do you have here to serve? ",,,True,False
utt__train_ep_003630__006,train_ep_003630,6,waiting priest,char__waiting_priest,"oh, looks like 20 barrels of this vintage, and 15 barrels from the vintage of the next year.",,,False,False
utt__train_ep_003630__007,train_ep_003630,7,king,char__king,How many people do you think that will supply?,,,True,False
utt__train_ep_003630__008,train_ep_003630,8,waiting priest,char__waiting_priest,"Well, each barrel has about 250 bottles worth, each bottle will serve 6 glasses, so thirty thousand glasses worth of the good stuff.",ponder,,False,False
utt__train_ep_003630__009,train_ep_003630,9,king,char__king,"Oh, good. This will most certainly do. I am so excited. Say, will you be there?",,,True,False
utt__train_ep_003630__010,train_ep_003630,10,waiting priest,char__waiting_priest,I wouldn't miss it.,grin,,False,False
utt__train_ep_003630__011,train_ep_003630,11,king,char__king,"Good then. You shall help me spread the word about this celebration. You may ask for what reason we are celebrating, and I say it is because we have had such a fantastic year. Our empire is full of good people doing good things. Any recommendations on how I can make this celebration better?",,,True,False
utt__train_ep_003630__012,train_ep_003630,12,waiting priest,char__waiting_priest,"People enjoy a good carnival, also a good dance.",dance,,False,False
utt__train_ep_003630__013,train_ep_003630,13,king,char__king,Where shall I acquire such things? Who shall I contact? ,,,True,False
utt__train_ep_003643__000,train_ep_003643,0,guard,char__guard,my king!,,,False,True
utt__train_ep_003643__001,train_ep_003643,1,king,char__king,My guard! Why are you yelling at me while I'm taking a royal poop?,,,True,False
utt__train_ep_003643__002,train_ep_003643,2,guard,char__guard,"Your shit stinks really bad, your highness. What have you been feeding on?",,,False,False
utt__train_ep_003643__003,train_ep_003643,3,king,char__king,"Kingly feasts. Careful, sir. The overlords in our fair land don't like profanity, and may take it from your pay from the treasury. This is a mouthful while in the privy. Anyway, this intrusion had better be worth something. Why have you disturbed me? Have you news?",,,True,False
utt__train_ep_003643__004,train_ep_003643,4,guard,char__guard,"I was asked to inform you that the captains and general are awaiting your presence, my king",,,False,True
utt__train_ep_003643__005,train_ep_003643,5,king,char__king,"Well, this is one of those ""could take a while"" or ""I could take a break and come back"" poops. How urgent did the captains and general seem? Keep in mind, my last feast was extra regal!",smile,,True,False
utt__train_ep_003643__006,train_ep_003643,6,guard,char__guard,"I'll inform them, you're still busy, your highness",frown,,False,False
utt__train_ep_003694__000,train_ep_003694,0,person,char__person,"King, can you help me?",cry,,False,True
utt__train_ep_003694__001,train_ep_003694,1,king,char__king,"Why, what has happened.  I ordered this room cleared out! I am a good and brave king and have no need of a torture room.",,,True,True
utt__train_ep_003694__002,train_ep_003694,2,person,char__person,"But a week previous, my son was in here on a mistake. I am afraid he was killed!",,,False,False
utt__train_ep_003694__003,train_ep_003694,3,king,char__king,Guard...look into this immediately! Lord what's his name was to clear this room for my many trophy's. We will find out what has happened and I may have to relieve someone of their head. ,,,True,False
utt__train_ep_003694__004,train_ep_003694,4,person,char__person,"There King, there is a puddle of blood and it looks like a finger. Look at it, the ring will hold my family's crest. Please look at it now for me.",cry,,False,True
utt__train_ep_003694__005,train_ep_003694,5,king,char__king,I will look for you. The ring has the crest of a stag. That is a noble crest. Are you a Lord?,,hug person,True,False
utt__train_ep_003694__006,train_ep_003694,6,person,char__person,"Yes, I am please look closer at the inscription inside the ring for me.",,steal scepter from king,False,False
utt__train_ep_003694__007,train_ep_003694,7,king,char__king,You will return my scepter at once and I will look at the inscription. It says Reviresco...is that your creed?,,,True,False
utt__train_ep_003694__008,train_ep_003694,8,person,char__person,"Oh no you have caught me! I will come clean to you, I am a petty thief and would ask that you gift me that ring for the return of your scepter?",,,False,False
utt__train_ep_003694__009,train_ep_003694,9,king,char__king,Guards take this man! I will have my scepter and you will have nothing.  You have taken advantage of the King! I am a kind king but you have crossed me.,gasp,,True,True
utt__train_ep_003694__010,train_ep_003694,10,person,char__person,"But you won't be able to capture or touch me King, I warn you now I am a lethal ninja!",,drop scepter,False,True
utt__train_ep_003694__011,train_ep_003694,11,king,char__king,I know you have been sent by my enemy's family to capture my throne.  I will have my guards detain you. You will not escape. If you try they will run you through.,,,True,False
utt__train_ep_003694__012,train_ep_003694,12,person,char__person,"They cannot touch what they cannot see, I will escape by using one of my smoke bomb tools.",shrug,,False,False
utt__train_ep_003694__013,train_ep_003694,13,king,char__king,What wait...where did you go?  I can not see anything....GUARDS!,,,True,False
utt__train_ep_003699__000,train_ep_003699,0,king,char__king,Why you wanted to talk down here I'm not sure but let's get on with it.,,,True,False
utt__train_ep_003699__001,train_ep_003699,1,kings,char__kings,I want us to remember those past as we discuss our next move.  We have enemy's on every side that would see us fail.  I propose a marriage between our children to strengthen our alliance. ,,,False,False
utt__train_ep_003699__002,train_ep_003699,2,king,char__king,Well of course you want an alliance. My army is twice the size of yours.,,,True,False
utt__train_ep_003699__003,train_ep_003699,3,kings,char__kings,This is true and my wealth is twice the size of yours.  What is your point king?  Up to now we have held fast.,,,False,True
utt__train_ep_003699__004,train_ep_003699,4,king,char__king,It would have to be a rather large dowry to get this done. Your daughter is fair but she's no beauty.,,,True,False
utt__train_ep_003699__005,train_ep_003699,5,kings,char__kings,Gold will go a long way to sweetening her beauty.  Your son has a limp and does not wish to join the army. This alliance will strengthen him in the eyes of your people.,,,False,False
utt__train_ep_003699__006,train_ep_003699,6,king,char__king,You could be right about that.  Gold can be quite blinding.,grin,,True,False
utt__train_ep_003699__007,train_ep_003699,7,kings,char__kings,So we have an agreement.  I will have it written and so it shall be.  We will have a feast to celebrate.,smile,,False,False
utt__train_ep_003699__008,train_ep_003699,8,king,char__king,I do love a feast. Especially the ale. Oooh the ale!,,,True,False
utt__train_ep_003699__009,train_ep_003699,9,kings,char__kings,I think the dead kings on these paintings are smiling.  I will drink to good ale that is for sure.  Shall we retire to my dining room for a bit of food and ale? Negotiating makes me hungry!,,,False,False
utt__train_ep_003699__010,train_ep_003699,10,king,char__king,Now that we've got this worked out I'm ready to go. Can't be seen in public without this though.,,wear crown,True,False
utt__train_ep_003699__011,train_ep_003699,11,kings,char__kings,That is for sure. Safe travels back to your castle. I will have my footman help with your things.  We will have the celebration soon. ,laugh,,False,False
utt__train_ep_003699__012,train_ep_003699,12,king,char__king,Wait I meant ready to get out of this crypt. I'm definately in for some of that food and ale before I'm on my way.,,,True,False
utt__train_ep_003699__013,train_ep_003699,13,kings,char__kings,Awww that is great. I will send this guard ahead to make the preparations.  This is for you.  It was my great grandfather's.  As you see it has three beautiful stones it it representing his three sons. Please take it as a token of our alliance.,,give sword to king,False,False
utt__train_ep_003706__000,train_ep_003706,0,merchant,char__merchant,"Dear king! Please, come see what I have to offer. You may find something for your beautiful queen.",smile,,False,True
utt__train_ep_003706__001,train_ep_003706,1,king,char__king,Show me what all you have. It has to be beautiful.,nod,,True,False
utt__train_ep_003706__002,train_ep_003706,2,merchant,char__merchant,"Of course! Much of it is hand made by me. I take great pride in my work. Other thing, such as my fabrics are imported from far away lands. ",,,False,False
utt__train_ep_003706__003,train_ep_003706,3,king,char__king,"so, tell what is the best pieces that you have. what fabric is the most coins?",,wear crown,True,False
utt__train_ep_003706__004,train_ep_003706,4,merchant,char__merchant,"Only the best for your queen, sir! What do you think of this one?",,,False,False
utt__train_ep_003706__005,train_ep_003706,5,king,char__king,"Yes, I'll get her three of them. What else do you have in gold? Do you have gold fabric?",,,True,False
utt__train_ep_003706__006,train_ep_003706,6,merchant,char__merchant,"Good choice, sire! Of course! I have fabrics with strands of gold woven right in. ",nod,,False,False
utt__train_ep_003706__007,train_ep_003706,7,king,char__king,"Hold this good sir, while I check out all of the things you have. There is plenty of room to pull everything you have out so I can see it all.",,give scepter to merchant,True,False
utt__train_ep_003706__008,train_ep_003706,8,merchant,char__merchant,My pleasure. Here is all I have. ,,,False,False
utt__train_ep_003706__009,train_ep_003706,9,king,char__king,You know in my castle you are not allowed to have these. Now I have no choice I'll have to pursuit you for breaking the rules.,,steal bag from merchant,True,False
utt__train_ep_003706__010,train_ep_003706,10,merchant,char__merchant,"I am sorry, my lord! I did not know. Can we work something out?I have a family to support. Please have mercy on me!",,,False,False
utt__train_ep_003706__011,train_ep_003706,11,king,char__king,"Lets see, what do you think will make up for it?",nod,,True,False
utt__train_ep_003706__012,train_ep_003706,12,merchant,char__merchant,I'll give you the fabrics for your queen. No charge!,,,False,False
utt__train_ep_003706__013,train_ep_003706,13,king,char__king,What else? I know that's not all you are offering me. ,,,True,False
utt__train_ep_003709__000,train_ep_003709,0,blacksmith,char__blacksmith,Hello your highness how may I help you,,,False,False
utt__train_ep_003709__001,train_ep_003709,1,king,char__king,Pick my crown up for me.,,drop crown,True,False
utt__train_ep_003709__002,train_ep_003709,2,blacksmith,char__blacksmith,Here you go sir,,give crown to king,False,False
utt__train_ep_003709__003,train_ep_003709,3,king,char__king,I am in need of a new sword. Get me your finest. ,,,True,False
utt__train_ep_003709__004,train_ep_003709,4,blacksmith,char__blacksmith,Well let me make you the finest sword in the kingdom.  Are we going to war is that why you need a new sword,,,False,False
utt__train_ep_003709__005,train_ep_003709,5,king,char__king,We may be very soon Blacksmith. ,nod,,True,False
utt__train_ep_003709__006,train_ep_003709,6,blacksmith,char__blacksmith,"Oh no that would be such a same , at the same time it would be a big boon for my buisness",,,False,False
utt__train_ep_003709__007,train_ep_003709,7,king,char__king,"We will be fine, and you will soon be rich. ",laugh,,True,False
utt__train_ep_003709__008,train_ep_003709,8,blacksmith,char__blacksmith,Sounds great my king anything else you desire me to make for you,,,False,True
utt__train_ep_003709__009,train_ep_003709,9,king,char__king,I guess I could use some spears as well Blacksmith. ,smile,,True,False
utt__train_ep_003709__010,train_ep_003709,10,blacksmith,char__blacksmith,"Spears ok sound great, how is therestof the royal family doing",,,False,False
utt__train_ep_003709__011,train_ep_003709,11,king,char__king,The Queen is fearful of the upcoming war. ,sigh,,True,False
utt__train_ep_003709__012,train_ep_003709,12,blacksmith,char__blacksmith,They can't get like that but you are a great leader I have no fears,,,False,False
utt__train_ep_003709__013,train_ep_003709,13,king,char__king,Much appreciated Blacksmith. ,,hug Blacksmith,True,False
utt__train_ep_003718__000,train_ep_003718,0,maid,char__maid,"Hello, King what brings you into the kitchen?",,,False,True
utt__train_ep_003718__001,train_ep_003718,1,king,char__king,I came to see what beasts the kitchen may present to me for my dinner. They certainly taste better than they look!,,,True,False
utt__train_ep_003718__002,train_ep_003718,2,maid,char__maid,I've been in here for awhile and I think they are cooking some ham. Do you like those?,,,False,False
utt__train_ep_003718__003,train_ep_003718,3,king,char__king,"A ham...that will be a fine meal. I look forward to it, and expect it to be delicious. What side dishes will accompany my pig?",,,True,False
utt__train_ep_003718__004,train_ep_003718,4,maid,char__maid,"Let me go and ask the chef for you King, I will return in a moment.",,hug chef,False,True
utt__train_ep_003718__005,train_ep_003718,5,king,char__king,"Do not keep me waiting long, I have more important matters I must attend to!",,,True,False
utt__train_ep_003718__006,train_ep_003718,6,maid,char__maid,I have the info for you King. There will be beans of all types. The chef wanted me to ask you if you wanted rolls or loaf bread?,,,False,True
utt__train_ep_003718__007,train_ep_003718,7,king,char__king,"Rolls, or loaf bread. What would the maid recommend for her highness?",ponder,,True,False
utt__train_ep_003718__008,train_ep_003718,8,maid,char__maid,I say you get them rolls!,nod,,False,False
utt__train_ep_003718__009,train_ep_003718,9,king,char__king,That sounds absolutely perfect. I appreciate your honesty. Speaking of which. What do you think of my new cape? ,nod,,True,False
utt__train_ep_003718__010,train_ep_003718,10,maid,char__maid,"That cape makes you look like very, very...super.",,,False,False
utt__train_ep_003718__011,train_ep_003718,11,king,char__king,"This cape was given to me by the Archbishop Ferdinand, for my bravery in the Great Crusade. It was an honor to have received it. Do you know much of the Great War? ",,,True,False
utt__train_ep_003718__012,train_ep_003718,12,maid,char__maid,"No, what did you do?",,,False,False
utt__train_ep_003718__013,train_ep_003718,13,king,char__king,"What any great warrior would do, I led my armies fearlessly into battle - and to victory! That is why you have a Kingdom to call home. Why I am having this delicious banquet! To celebrate our triumphs.",laugh,,True,False
utt__train_ep_003723__000,train_ep_003723,0,queen,char__queen,This wind is destroying my hair! Where is my servant to shield me from the wind!,scream,,False,False
utt__train_ep_003723__001,train_ep_003723,1,king,char__king,"That is a good question my queen, how dare they show such insolence.",,,True,False
utt__train_ep_003723__002,train_ep_003723,2,queen,char__queen,Ack! Someone needs to clean these dragon statues as well!,,,False,False
utt__train_ep_003723__003,train_ep_003723,3,king,char__king,Perhaps we should get on that servants to take care of that. I would also say the gold chairs could use sprucing up.,,,True,False
utt__train_ep_003723__004,train_ep_003723,4,queen,char__queen,Sprucing up?! Dear these need replacing immediately. ,gasp,,False,False
utt__train_ep_003723__005,train_ep_003723,5,king,char__king,"If you insist, I will see it done, I am the King afterall.",,,True,True
utt__train_ep_003723__006,train_ep_003723,6,queen,char__queen,All of this wind is giving me one of my headaches. I'll be in bed a fortnight no doubt. ,,,False,False
utt__train_ep_003723__007,train_ep_003723,7,king,char__king,We could always return to the ballroom if it would please you.,,,True,False
utt__train_ep_003723__008,train_ep_003723,8,queen,char__queen,"No, no. You just HAD to come out here where the subjects could see us. I'll continue to wave and smile for awhile longer I suppose. ",wave,,False,False
utt__train_ep_003723__009,train_ep_003723,9,king,char__king,"While that is true, I did not do so to inconvenience you so.",,,True,False
utt__train_ep_003723__010,train_ep_003723,10,queen,char__queen,Some odor is offending my nose greatly. I will have someone's head about the state of this balcony I swear it. ,frown,,False,False
utt__train_ep_003723__011,train_ep_003723,11,king,char__king,"If that is really your wish, certainly you are satisfied with our time on the balcony however and we can return inside?",,,True,False
utt__train_ep_003723__012,train_ep_003723,12,queen,char__queen,Yes yes. In a moment. ,yawn,,False,False
utt__train_ep_003723__013,train_ep_003723,13,king,char__king,Sometimes you can be difficult dear...,sigh,,True,False
utt__train_ep_003738__000,train_ep_003738,0,king,char__king,How are you today noble?,,,True,False
utt__train_ep_003738__001,train_ep_003738,1,noble,char__noble,I am fine as am I always your majesty. How are you on this beautiful day? Aren't the flowers gorgeous in this light?,,,False,False
utt__train_ep_003738__002,train_ep_003738,2,king,char__king,"They certainly are, sometimes I enjoy a stroll through the courtyard to clear my mind.",,,True,False
utt__train_ep_003738__003,train_ep_003738,3,noble,char__noble,Well your majesty there is no clearing my mind today...I'm waiting to speak to a fairy about the food they left for us yesterday.,,,False,False
utt__train_ep_003738__004,train_ep_003738,4,king,char__king,What about the experience troubles you?,,,True,False
utt__train_ep_003738__005,train_ep_003738,5,noble,char__noble,The fruit was over ripe and the color was off.,groan,,False,False
utt__train_ep_003738__006,train_ep_003738,6,king,char__king,"Strange, what could make a fairy do such a thing.",,,True,False
utt__train_ep_003738__007,train_ep_003738,7,noble,char__noble,I of course am not aware but I plan to get to the bottom of it. Dear King please tell me true...have you seen the villagers laugh at me?  I think they are laughing at my leggings.,,,False,True
utt__train_ep_003738__008,train_ep_003738,8,king,char__king,"Well they are a bit different, why would you choose neon pink leggings with green polka dots.",,,True,False
utt__train_ep_003738__009,train_ep_003738,9,noble,char__noble,The merchant that sold them to me said they were the fashion and I thought they would look nice while walking in the courtyard.,,,False,False
utt__train_ep_003738__010,train_ep_003738,10,king,char__king,I do believe he was simply trying to take advantage of you considering your status and wealth.,,,True,False
utt__train_ep_003738__011,train_ep_003738,11,noble,char__noble,Well I never...I will certainly have a stern word with the merchant after I have a stern word with the fairy food delivery.,,,False,False
utt__train_ep_003738__012,train_ep_003738,12,king,char__king,"I certainly would, taking a noble for a ride certainly is unreasonable.",,,True,False
utt__train_ep_003738__013,train_ep_003738,13,noble,char__noble,Ride...where are we going King?  Well I'm going to sit her for now and look at your beautiful garden.,,,False,True
utt__train_ep_003807__000,train_ep_003807,0,king,char__king,Beautiful place to read. ,sigh,,True,False
utt__train_ep_003807__001,train_ep_003807,1,young student reading a book beneath a dogwood tree,char__young_student_reading_a_book_beneath_a_dogwood_tree,"Ah, it is! Hello your majesty. What brings you here today? I am here all the time and have never come across you. What a pleasure!",,,False,False
utt__train_ep_003807__002,train_ep_003807,2,king,char__king,I like to get out sometimes to see my kingdom. ,,,True,False
utt__train_ep_003807__003,train_ep_003807,3,young student reading a book beneath a dogwood tree,char__young_student_reading_a_book_beneath_a_dogwood_tree,"Who tends to this garden? It is always exquisite, and I have always dreamed of running such a beauty. ",,,False,False
utt__train_ep_003807__004,train_ep_003807,4,king,char__king,We have a dedicated group that cares for the grounds. Are you a student here? ,,,True,False
utt__train_ep_003807__005,train_ep_003807,5,young student reading a book beneath a dogwood tree,char__young_student_reading_a_book_beneath_a_dogwood_tree,"I am at the local university. I study plants. This book here is about plants. I could tell you all about plants and how they reproduce, but you probably would not understand.",,,False,False
utt__train_ep_003807__006,train_ep_003807,6,king,char__king,"I may be king, but I have interests of all kinds, including plants. Are you enjoying the book?",grin,,True,True
utt__train_ep_003807__007,train_ep_003807,7,young student reading a book beneath a dogwood tree,char__young_student_reading_a_book_beneath_a_dogwood_tree,I am! I am learning more about native and invasive plants. Knowing about the bad ones is just as important as knowing about the good ones. ,,,False,False
utt__train_ep_003807__008,train_ep_003807,8,king,char__king,Very true! Do you see any invasive plants here?,,,True,False
utt__train_ep_003807__009,train_ep_003807,9,young student reading a book beneath a dogwood tree,char__young_student_reading_a_book_beneath_a_dogwood_tree,"This is the Royal Gardens! I would be ashamed if I seen such here. I do not, but I do see many surrounding this palace...",,,False,False
utt__train_ep_003807__010,train_ep_003807,10,king,char__king,Good. I don't have to hire new gardeners. ,laugh,,True,False
utt__train_ep_003807__011,train_ep_003807,11,young student reading a book beneath a dogwood tree,char__young_student_reading_a_book_beneath_a_dogwood_tree,"No! But, I would love to have the chance to work with those who work here. What are the chances of this?",,,False,False
utt__train_ep_003807__012,train_ep_003807,12,king,char__king,You are bright and I like you. I have it on good authority that your chances are good. Come back tomorrow. I will tell the gardening crew to expect you.  It's so wonderful to meet a young person with such passion.,,,True,False
utt__train_ep_003807__013,train_ep_003807,13,young student reading a book beneath a dogwood tree,char__young_student_reading_a_book_beneath_a_dogwood_tree,And how about a keeper around the actual palace? Do you have that?,,,False,False
utt__train_ep_003895__000,train_ep_003895,0,king,char__king,"Well theres my Queen, how was your day my lady, tell me all about it.",,give scepter to courtier,True,False
utt__train_ep_003895__001,train_ep_003895,1,queen,char__queen,"Hectic! All this chatter in the court has given me such a headache. On top of that, I have been trying to get a new cushion for your throne. ",,,False,False
utt__train_ep_004048__000,train_ep_004048,0,king,char__king,Good morning brother. How goes it?,,,True,False
utt__train_ep_004048__001,train_ep_004048,1,brother,char__brother,Good Morning Your Highness! Things are well. It is good to get away from the fuss of my sisters.,,,False,False
utt__train_ep_004048__002,train_ep_004048,2,king,char__king,I find it very relaxing here in the Great Armory. This sword is my favorite by far. It was used in the Battle of Blackwater.,,get sword,True,False
utt__train_ep_004048__003,train_ep_004048,3,brother,char__brother,Do all of the weapons here have a story? There are so many of them on display!,ponder,,False,False
utt__train_ep_004048__004,train_ep_004048,4,king,char__king,The ones hanging and in cases do. Take this crossbow. It was used in Roberts rebellion when he usurped The Mad King. It made me want to be a great warrior when my royal nanny read me his story.,,get crossbow,True,True
utt__train_ep_004048__005,train_ep_004048,5,brother,char__brother,"I can't imagine telling a young child any of the stories of the Mad King! How gruesome your bedtime stories must have been, Your Majesty!",laugh,,False,True
utt__train_ep_004048__006,train_ep_004048,6,king,char__king,I loved hearing these stories. It in part is why I am so brave and fearless.,,,True,False
utt__train_ep_004048__007,train_ep_004048,7,brother,char__brother,"The bravest man I know, my King! I myself prefer to take my shots from a distance.",,get bow,False,True
utt__train_ep_004048__008,train_ep_004048,8,king,char__king,I prefer a close up kill. Nothing is better then looking in the eyes of the enemy and delivering the death blow.,,give crossbow to a maid,True,False
utt__train_ep_004048__009,train_ep_004048,9,brother,char__brother,"I suppose this is why you are the Great King, and I am not.",shrug,,False,True
utt__train_ep_004048__010,train_ep_004048,10,king,char__king,I will be training today with The Hound. I need to perfect my axe skills. This is my favorite axe.,,get Axe,True,False
utt__train_ep_004048__011,train_ep_004048,11,brother,char__brother,The wooden handle looks as though it fits your grip perfectly. Who was the Smith that created such a wonderful weapon?,,,False,False
utt__train_ep_004048__012,train_ep_004048,12,king,char__king,Gendry made this before he left the kngdom.,,,True,False
utt__train_ep_004048__013,train_ep_004048,13,brother,char__brother,"An authentic Axe of Gendry! I have only heard stories, but never imagined that I would be face to face with one. Is it true the blade never needs to be sharpened?",gasp,,False,False
utt__train_ep_004068__000,train_ep_004068,0,servant,char__servant,how do you do>,nod,,False,False
utt__train_ep_004068__001,train_ep_004068,1,king,char__king,I am well servant. I see that you and the maid have done an excellent job of cleaning the washroom.,,,True,False
utt__train_ep_004068__002,train_ep_004068,2,servant,char__servant,Thank you sir. Is there anything that I can get you sir?,,,False,False
utt__train_ep_004068__003,train_ep_004068,3,king,char__king,Perhaps draw a bath. It has been a tiring morning of delegations and it would be nice to relax.,,,True,False
utt__train_ep_004068__004,train_ep_004068,4,servant,char__servant,"Yes sir, and I will get you fresh linens to wear.",,,False,False
utt__train_ep_004068__005,train_ep_004068,5,king,char__king,"That would be most excellent, thank you. Is there any lavender oil that I can use while bathing?",nod,,True,False
utt__train_ep_004068__006,train_ep_004068,6,servant,char__servant,I will look in the cupboard sir.,,,False,False
utt__train_ep_004068__007,train_ep_004068,7,king,char__king,Very good. I appreciate your thorough work. It is not often that a good work ethic comes so naturally. ,,,True,False
utt__train_ep_004068__008,train_ep_004068,8,servant,char__servant,"Thank you sir, but I did not find any lavender oil, however I did find some chamomile. I hear it is also good for relaxing.",smile,,False,False
utt__train_ep_004068__009,train_ep_004068,9,king,char__king,We are out of lavender are we? Could you make a note to have more be bought on the next market trip?,,,True,False
utt__train_ep_004068__010,train_ep_004068,10,servant,char__servant,Of course your majesty. Is there anything else I can get you for your bath? Maybe something to drink?,,,False,False
utt__train_ep_004068__011,train_ep_004068,11,king,char__king,"Oh no, but I do appreciate your thoughtfulness. The last time I indulged in the bath I fell asleep, missed Royal Court, and caused a castle wide panic.",laugh,,True,False
utt__train_ep_004068__012,train_ep_004068,12,servant,char__servant,Enjoy your bath sir. Please let me know when you finish and I will come help you get dressed. remember we have guests coming.,laugh,,False,False
utt__train_ep_004068__013,train_ep_004068,13,king,char__king,"Thank you. Now if you will excuse me, I have some relaxing to get to. I'll use the bell once I've finished.",,,True,False
utt__train_ep_004080__000,train_ep_004080,0,townperson,char__townperson,Your majesty! It's an honour to meet you.,,,False,False
utt__train_ep_004080__001,train_ep_004080,1,king,char__king,You look well. How is your family this day?,,,True,False
utt__train_ep_004080__002,train_ep_004080,2,townperson,char__townperson,They are well. My father has a slight cold which is why I've come to the apothecary. What brings you here my King?,,,False,True
utt__train_ep_004080__003,train_ep_004080,3,king,char__king,From time to time I like to go to the streets of my people.  I wondered in to this shop and was taken by all of the many different colored bottles.,,,True,False
utt__train_ep_004080__004,train_ep_004080,4,townperson,char__townperson,The colours are truly beautiful. It's really an honour to have you walk amongst us your Majesty. Do you have much knowledge of what the intruments are for?,,,False,False
utt__train_ep_004080__005,train_ep_004080,5,king,char__king,Hmmm...I wish I could say I do. My magician and healers have such things but not as many as these. Are you a healer yourself or your son perhaps?,,,True,False
utt__train_ep_004080__006,train_ep_004080,6,townperson,char__townperson,Alas no - but I once saw a traveling magician use similar looking things in his performance. My grandmother also practiced a form of alchemy that required a set of scales similar to those on the shelf. Perhaps some of these powders are used for some magical purpose? ,,,False,False
utt__train_ep_004080__007,train_ep_004080,7,king,char__king,I will have the Apothecary send each of the potions to the castle for my healer and magician. Will you join me at the castle three day hence for a meal and some ale?,,,True,False
utt__train_ep_004080__008,train_ep_004080,8,townperson,char__townperson,"I would be honoured my King! I wish there was something I could bring as thanks, however I have no food or drink I would dare take to the house of a King. I will also choose some potion for my ailing father - perhaps this red powder? Do you remember what this powder does from what your magician has told you over the years?",,hug king,False,True
utt__train_ep_004080__009,train_ep_004080,9,king,char__king,I will send my magician to your father at once. Give my guard directions to your home.  My magician will bring the potions that will be needed. Have you a wife?,,,True,False
utt__train_ep_004080__010,train_ep_004080,10,townperson,char__townperson,"My eternal thanks your Majesty! My home is at the edge of town, on the road leading to the forest. It is the thatched house next to the water mill. Alas my wife died in child birth. I am left with just a son. Tell me your majesty - will the Queen be joining us for our meal three days from now?",,,False,False
utt__train_ep_004080__011,train_ep_004080,11,king,char__king,Yes my beautiful queen will be joining us as well as my daughters and their maids.  Please if you can spare him from his chores...bring your son as well.,,,True,False
utt__train_ep_004080__012,train_ep_004080,12,townperson,char__townperson,I will my King! Thank you! He so rarely gets to meet young people his own age! My mates in the inn will never believe I've been invited to dine with the royal family!,,,False,True
utt__train_ep_004080__013,train_ep_004080,13,king,char__king,I will venture to share with you that I am looking for a new footman. Is your son of sturdy stock?,,,True,False
utt__train_ep_004084__000,train_ep_004084,0,guest,char__guest,"King. I assume I'm here for an important reason, a hall this large just for me?",,,False,True
utt__train_ep_004084__001,train_ep_004084,1,king,char__king,"You are, indeed. I have brought you here to discuss your possible appointment to my cabinet.",,wear crown,True,False
utt__train_ep_004084__002,train_ep_004084,2,guest,char__guest,"I'm honored. I know the people are calling for it, so for you to listen is very wise. I've never seen grandeur of this nature before ",,remove ceremonial hat,False,False
utt__train_ep_004084__003,train_ep_004084,3,king,char__king,"Yes. It seems even the Queen is onboard with the idea. Of course, as a member of my cabinet, you would be traveling quite extensively. How would your family feel about that?",,,True,False
utt__train_ep_004084__004,train_ep_004084,4,guest,char__guest,"Honestly, that is the part I worry about most. I enjoy spending time with them. Is there any possibility of them travelling with me? I know funds are tight, but for me to fulfill my duties completely, I require the support that having my family at my side gives.",shrug,,False,False
utt__train_ep_004084__005,train_ep_004084,5,king,char__king,"How many children do you have, and what are their ages?",,,True,False
utt__train_ep_004084__006,train_ep_004084,6,guest,char__guest,"12 at last count. There's no doubt more in the works, sire. To answer your second question: 3 months, 2, 3, 5, 6, 8, 9, 11, 12, 13 and the twins are both 14",,,False,False
utt__train_ep_004084__007,train_ep_004084,7,king,char__king,Good heavens! That's quite a large family. Perhaps we should try to limit your travel so that you can be home to better support your wife. ,,,True,False
utt__train_ep_004084__008,train_ep_004084,8,guest,char__guest,"Family is important to me, being with them and as you can see, growing it. Perhaps this is a more appropriate arrangement.",,,False,False
utt__train_ep_004084__009,train_ep_004084,9,king,char__king,I couldn't see you leaving such a brood - or even traveling with them. You would need an entire ship just for your family!,laugh,,True,False
utt__train_ep_004084__010,train_ep_004084,10,guest,char__guest,"Well then again, with all this ostentation, I'm sure you can personally see to it..",,steal scepter from king,False,False
utt__train_ep_004084__011,train_ep_004084,11,king,char__king,We are fortunate to have you. I assume you can begin work immediately?,,hug guest,True,False
utt__train_ep_004084__012,train_ep_004084,12,guest,char__guest,"You just say the word, sire.",laugh,,False,False
utt__train_ep_004084__013,train_ep_004084,13,king,char__king,We are having a chamber meeting tomorrow evening. I expect to see you there.,,,True,False
utt__train_ep_004098__000,train_ep_004098,0,king,char__king,"Princess, you are coming to the age where it's time you be shown The Bottlery.",,,True,False
utt__train_ep_004098__001,train_ep_004098,1,princess,char__princess,Is it really necessary? It is really quite grim down here.,frown,,False,False
utt__train_ep_004098__002,train_ep_004098,2,king,char__king,"It is, indeed. Soon you'll be expected to drink wine at the royal feasts. Last month when your mother served you some you turned your nose up at it. That's not acceptable. In your role, you must learn to at least sip wine.",,,True,False
utt__train_ep_004098__003,train_ep_004098,3,princess,char__princess,"Mother is gone now, and how I wish I had sipped from her wine. To bring this up at such a time has very much dullen my shine, King. ",groan,,False,True
utt__train_ep_004098__004,train_ep_004098,4,king,char__king,"I realize that. But there is no alternative. And please, call me Father. ",,,True,False
utt__train_ep_004098__005,train_ep_004098,5,princess,char__princess,"You will be my father as long as you stay unmarried to the wretched woman! She truly is a mare, father. I'm shaken to my core by her presence.",,,False,False
utt__train_ep_004098__006,train_ep_004098,6,king,char__king,You've made your opinion very well known to me and everyone else in the kingdom. I have no intention to marry her. Yet.,frown,,True,False
utt__train_ep_004098__007,train_ep_004098,7,princess,char__princess,"Oh whew! Here I was acting proper as a sort of butter up, yikes! Okay crack this wine open, your girl's thirsty!",,,False,False
utt__train_ep_004098__008,train_ep_004098,8,king,char__king,"That's my girl! And apparently you do have a thirst for wine. Please, join me in a bottle- or two!",,hug the princess,True,False
utt__train_ep_004098__009,train_ep_004098,9,princess,char__princess,Get this ghastly thing off for a start. Now which one has the highest percentage. Only the highest percentage for this future queen!,,remove crown,False,False
utt__train_ep_004098__010,train_ep_004098,10,king,char__king,"Yes, yes... well, in that case perhaps we should bring out the spirits and the shotglasses.",,remove crown,True,False
utt__train_ep_004098__011,train_ep_004098,11,princess,char__princess,"I'm so happy. For one now that I can relax, and two, how easy it was to convince you not to marry. I thought you were serious with her?",,hug king,False,False
utt__train_ep_004098__012,train_ep_004098,12,king,char__king,"She's problematic to my monarchy. I do care for her, but you hate her and your opinion is not alone. Everyone in the kingdom seems to want her head. ",frown,,True,False
utt__train_ep_004098__013,train_ep_004098,13,princess,char__princess,We do not stan the future problematic queen. I'm glad you saw the light!,laugh,,False,False
utt__train_ep_004111__000,train_ep_004111,0,royal family,char__royal_family,Father! I've spoken to you about this before. I need my privacy in the bathroom!,gasp,,False,False
utt__train_ep_004111__001,train_ep_004111,1,king,char__king,Well we only have one royal bathroom! Where else shall I go to empty my royal bladder?,,,True,False
utt__train_ep_004111__002,train_ep_004111,2,royal family,char__royal_family,"You could at least wait! A lady needs her privacy, especially in the privy! And besides, you leave a malodorous reign in your wake.",,,False,False
utt__train_ep_004111__003,train_ep_004111,3,king,char__king,How dare you insult the royal bowels of the kingdom! You know I am a fearless king! I don't hesitate to charge into battle. Especially when nature calls...,gasp,,True,True
utt__train_ep_004111__004,train_ep_004111,4,royal family,char__royal_family,"Clearly, Father! And normally, I'm happy to have you with me all the time. But ladies have special needs.",,hug king,False,False
utt__train_ep_004111__005,train_ep_004111,5,king,char__king,But I really can't hold it....it's an emergency...,dance,,True,False
utt__train_ep_004111__006,train_ep_004111,6,royal family,char__royal_family,"Oh, fine... I'll wait here while you go, but make it snappy. I really hope it's just pee.",,,False,False
utt__train_ep_004111__007,train_ep_004111,7,king,char__king,Thank you! Now hold this while I go relieve myself..,,give scepter to royal family,True,False
utt__train_ep_004111__008,train_ep_004111,8,royal family,char__royal_family,Seriously? I'm not holding your scepter while you take a royal dump.,,drop scepter,False,False
utt__train_ep_004111__009,train_ep_004111,9,king,char__king,I promise it's not. It would be unfitting for the king to relieve himself on the sidewalk! ,dance,,True,True
utt__train_ep_004111__010,train_ep_004111,10,royal family,char__royal_family,"Yes yes, I understand. Just please hurry hurry. My bladder is about ready to burst, too. ",frown,,False,False
utt__train_ep_004111__011,train_ep_004111,11,king,char__king,See! I was done before you could even blink! Now carry on with your business here..,laugh,,True,False
utt__train_ep_004111__012,train_ep_004111,12,royal family,char__royal_family,"Thank you. But please, leave me alone to my business.",blush,,False,False
utt__train_ep_004111__013,train_ep_004111,13,king,char__king,Certainly! I have royal affairs to attend to. You have this entire place to yourself now. Carry on..,wave,,True,False
utt__train_ep_004120__000,train_ep_004120,0,king,char__king,"Why aren't you over with the other children learning how to wield some weapons, child?",,,True,False
utt__train_ep_004120__001,train_ep_004120,1,child,char__child,"I saw something shiny over here in the field, and came to see what it was. Look!",,give a crystal ball to king,False,False
utt__train_ep_004120__002,train_ep_004120,2,king,char__king,"OH MY! Look what we have here. I believe this used to belong to the wicked witch of the west who used to lurk this countryside with terror. They say if you talk to the ball then she will reappear. This...This is dangerous, my child!",gasp,,True,False
utt__train_ep_004120__003,train_ep_004120,3,child,char__child,Really? Oh no! I didn't mean to talk to the witch!!,cry,,False,False
utt__train_ep_004120__004,train_ep_004120,4,king,char__king,Have you already talked to it and provoked it?!,,,True,False
utt__train_ep_004120__005,train_ep_004120,5,child,char__child,....not on purpose! I promise I didn't mean to!,,,False,False
utt__train_ep_004120__006,train_ep_004120,6,king,char__king,What did you say?!,,,True,False
utt__train_ep_004120__007,train_ep_004120,7,child,char__child,"I told the crystal it looked pretty, and that I would try and find it's owner.",ponder,,False,False
utt__train_ep_004120__008,train_ep_004120,8,king,char__king,"Did the ball respond? TELL ME, what did it do?",,,True,False
utt__train_ep_004120__009,train_ep_004120,9,child,char__child,I...I...don't think it did anything! Is it doing anything now?,shrug,,False,False
utt__train_ep_004120__010,train_ep_004120,10,king,char__king,"It is spinning. Say, is it locating the witch....did she locate herself... oh no, this is terror on the town",,,True,False
utt__train_ep_004120__011,train_ep_004120,11,child,char__child,I'm sorry! Oh no! What should we do?,gasp,,False,False
utt__train_ep_004120__012,train_ep_004120,12,king,char__king,"We will give it to the miner, and he will throw it into the hole and deep cave they are mining from. For there the witch will inhabit if she is to come back, or maybe the hole will be too deep for her to ever find her way.",,give a crystal ball to miner,True,False
utt__train_ep_004120__013,train_ep_004120,13,child,char__child,"Oh, I hope that will work! You don't think the witch could fly out of the cave do you??",,,False,False
utt__train_ep_004124__000,train_ep_004124,0,king,char__king,"Good morning, servant. What visitors do I have this morning?",,,True,False
utt__train_ep_004124__001,train_ep_004124,1,servant,char__servant,"None so far, my lord. However, your daughter was looking for you.",,,False,False
utt__train_ep_004124__002,train_ep_004124,2,king,char__king,What did she need from me? I hope it's not about that pauper suitor again.,,,True,False
utt__train_ep_004124__003,train_ep_004124,3,servant,char__servant,"I couldn't quite understand her, as she was talking so extremely fast, but it was something about a boy and a ""date"".",,,False,False
utt__train_ep_004124__004,train_ep_004124,4,king,char__king,"She does talk rapidly, doesn't she. Did she say if she would leave that castle walls?",,,True,False
utt__train_ep_004124__005,train_ep_004124,5,servant,char__servant,"Yes, it seems she will be travelling by horseback to the nearest kingdom tonight.",,,False,False
utt__train_ep_004124__006,train_ep_004124,6,king,char__king,Did she take her compliment of guards at least? Or do I have to send out search parties like last time? ,,,True,False
utt__train_ep_004124__007,train_ep_004124,7,servant,char__servant,"I think it will be fine this time, my lord. She was accompanied by four royal guards when she was getting prepared.",,,False,False
utt__train_ep_004124__008,train_ep_004124,8,king,char__king,Well at least she sees reason sometimes. And my guards should make sure she doesn't wander off. Please send in my cupbearer. I could use a spot of wine after thinking of my daughter's marriage prospects.,,,True,False
utt__train_ep_004124__009,train_ep_004124,9,servant,char__servant,"Yes, right away my lord. ",,,False,False
utt__train_ep_004124__010,train_ep_004124,10,king,char__king,Excellent. A dark red should suffice. Has anyone else come to court today?,,,True,False
utt__train_ep_004124__011,train_ep_004124,11,servant,char__servant,"No, another quiet Saturday as usual, I suppose. Things aren't as busy as they used to be.",,,False,False
utt__train_ep_004124__012,train_ep_004124,12,king,char__king,"It seems that way, what with the dragon finally being slain. ",,,True,False
utt__train_ep_004124__013,train_ep_004124,13,servant,char__servant,"And thank god for that, houses seemed to be burning down every day!",,,False,False
utt__train_ep_004145__000,train_ep_004145,0,diplomat,char__diplomat,Greetings Your Majesty. I have come as you requested. What matters do you wish to discuss wuith me?,,,False,False
utt__train_ep_004145__001,train_ep_004145,1,king,char__king,"It's rather trivial actually. Seen that tapestry? Third one in. Have it removed, It feels like the eyes are following me around. I have enough of that from the public to have to worry about it in my throne room.",,,True,False
utt__train_ep_004145__002,train_ep_004145,2,diplomat,char__diplomat,"Yoiur majesty, I am a diplomat and a noble, don't you have servants to do such tasks?",,,False,False
utt__train_ep_004145__003,train_ep_004145,3,king,char__king,"Are you not one of them? Regardless, do you not agree? Start here and walk down to the table by the door, and keep watch on the eyes.",,,True,False
utt__train_ep_004145__004,train_ep_004145,4,diplomat,char__diplomat,I agree about the tapestry and I do as my king orders me to do. I shall take it away. Is there anything else sire?,,,False,True
utt__train_ep_004145__005,train_ep_004145,5,king,char__king,"Oh there were diplomatic matter obviously! You are the diplomat, no? The kitchen need blue cheese, and our ties with France are, shall we say, weathered. Do something about it please.",,,True,False
utt__train_ep_004145__006,train_ep_004145,6,diplomat,char__diplomat,"Blue cheese?! You really are a simpleton, aren't you.? I think I shall do my duty and kill you!",,hit king,False,False
utt__train_ep_004145__007,train_ep_004145,7,king,char__king,"Attack me? At least come armed weakling, here try this.",,give scepter to diplomat,True,False
utt__train_ep_004145__008,train_ep_004145,8,diplomat,char__diplomat,"Your son the Prince is right, you are insane!",,hit king,False,False
utt__train_ep_004145__009,train_ep_004145,9,king,char__king,I haven't heard that name in years. Ever since that ghastly hat he returned in after his little excursion to the second hand store. I had him exiled.,laugh,,True,False
utt__train_ep_004145__010,train_ep_004145,10,diplomat,char__diplomat,Exiled? He's the crown Prince. Why would you exile him? Am I to be executed now for attacking you?,,,False,False
utt__train_ep_004145__011,train_ep_004145,11,king,char__king,"Nah, you're cool. I like a worthy adversary. Oh merchant, I had overlooked your presence.",,hug merchant,True,False
utt__train_ep_004145__012,train_ep_004145,12,diplomat,char__diplomat,"I think I must be dreaming. If you are finished with me sire, I shall go and see about your blue cheese.",nod,,False,False
utt__train_ep_004145__013,train_ep_004145,13,king,char__king,"Take the merchant with you, his presence has actually made me feel a little off, I regret the hug after all.",,,True,False
utt__train_ep_004163__000,train_ep_004163,0,servant,char__servant,"How do you do today, your majesty?",,put duster in small bucket,False,False
utt__train_ep_004163__001,train_ep_004163,1,king,char__king,"Very well. Tell me, what is your duties here.",,,True,False
utt__train_ep_004163__002,train_ep_004163,2,servant,char__servant,"Just cleaning the lavoratory as I am told, then doing the rest of my chores. ",,,False,False
utt__train_ep_004163__003,train_ep_004163,3,king,char__king,"I see. My knights are a reflection of me, I expect their quarters, even the lavoratory, to be spotless. Understand?",,,True,False
utt__train_ep_004163__004,train_ep_004163,4,servant,char__servant,"Of course, your majesty. I have served you for long enough to know that!",,,False,False
utt__train_ep_004163__005,train_ep_004163,5,king,char__king,Wonderful. There is a lot to be done and I know a fine subject like yourself will see it happen.,smile,,True,False
utt__train_ep_004163__006,train_ep_004163,6,servant,char__servant,I swear to you that I will work diligently!,,,False,False
utt__train_ep_004163__007,train_ep_004163,7,king,char__king,Are the knight's suits ready and their horses tended to? ,,,True,False
utt__train_ep_004163__008,train_ep_004163,8,servant,char__servant,"Yes, sir! All shined and oiled, and the horses fed and ready!",,,False,False
utt__train_ep_004163__009,train_ep_004163,9,king,char__king,And tonight's feast needs to be perfect. The queen has been under the weather and could use a good meal.,,,True,False
utt__train_ep_004163__010,train_ep_004163,10,servant,char__servant,"Of course, I'll make a hearty warm meal for her to feel better. Perhaps a beef stew with red wine?",,,False,False
utt__train_ep_004163__011,train_ep_004163,11,king,char__king,"Excellent. I have big plans for tomorrow, and I will make our neighbors respect my god given authority...Hmm, I am not sure why I concern you with these things.",,,True,False
utt__train_ep_004163__012,train_ep_004163,12,servant,char__servant,Hmm well I'm glad you trust me with such vital information. ,,,False,False
utt__train_ep_004163__013,train_ep_004163,13,king,char__king,Don't let my friendly slips of the tongue make you forget your place. I believe you are falling behind schedule.,stare,,True,False
utt__train_ep_004190__000,train_ep_004190,0,blacksmith,char__blacksmith,I heard your scepter was in need of some work. Perhaps I can fix it at my blacksmith shop.,,steal scepter from king,False,False
utt__train_ep_004190__001,train_ep_004190,1,king,char__king,That's right. Well done. I also want to know about the latest sword technology. ,,,True,False
utt__train_ep_004190__002,train_ep_004190,2,blacksmith,char__blacksmith,"First let's address your scepter. It seems like two of the rubies have become loose. I can tighten this up by applying some heat to the gold. If you don't mind leaving it with me, I can fix it overnight. ",,,False,False
utt__train_ep_004190__003,train_ep_004190,3,king,char__king,I am pleased. Any idea on the cost?,,,True,False
utt__train_ep_004190__004,train_ep_004190,4,blacksmith,char__blacksmith,"Sire, I work for the kingdom. All of your work is already included in my pay. I am completely at your service.",,,False,False
utt__train_ep_004190__005,train_ep_004190,5,king,char__king,And this is why I also wanted to come here: we want to adorn your sign with the royal coat of arms to show you are an approved supplier to the King's Armory. ,,,True,False
utt__train_ep_004190__006,train_ep_004190,6,blacksmith,char__blacksmith,"Oh, that would be perfection itself! Now, let me tell you about the new sword technology. We have begun to make a sword with a blade that extends much further down. This ensures greater penetration through both muscle and bone.",gasp,,False,False
utt__train_ep_004190__007,train_ep_004190,7,king,char__king,very interesting. Are production times similar?,nod,,True,False
utt__train_ep_004190__008,train_ep_004190,8,blacksmith,char__blacksmith,"Only slightly longer, and the cost of materials is the same.",,,False,False
utt__train_ep_004190__009,train_ep_004190,9,king,char__king,I see. But you think the improvements in performance are worth it?,,,True,False
utt__train_ep_004190__010,train_ep_004190,10,blacksmith,char__blacksmith,"Definitely, Sire. Our current swords get nicked by the bones, and their performance decreases greatly after a couple of kills. These would hold up much better.",,,False,False
utt__train_ep_004190__011,train_ep_004190,11,king,char__king,So the longevity factor is worth considering too?,,,True,False
utt__train_ep_004190__012,train_ep_004190,12,blacksmith,char__blacksmith,"Of course, of course. And with the state of politics, longstanding wars might be coming. We simply must be prepared. I won't be able to keep up with the repairs otherwise.",,,False,False
utt__train_ep_004190__013,train_ep_004190,13,king,char__king,"Yes, our kingdom is one of peace and will keep out of any conflicts unless they relate to self-defence; but be assured that if it comes to that we will be the best prepared of them all. ",,,True,False
utt__train_ep_004200__000,train_ep_004200,0,king,char__king,"Those animals are quite malodorous! I know I value fresh meat, but this is a little ridiculous.",frown,,True,False
utt__train_ep_004200__001,train_ep_004200,1,chef,char__chef,Your Majesty! Why its quite the honor to have you in my kitchen!,,,False,False
utt__train_ep_004200__002,train_ep_004200,2,king,char__king,"Yes, yes... honor, honor. There is cow poop smeared down the side of the stove, and a chicken just pecked my scepter. What is the meaning of all this?",,,True,False
utt__train_ep_004200__003,train_ep_004200,3,chef,char__chef,"It may seem a bit much, but fresh game like those caged doves are a true treat! I spare no expense for his highness's palette. ",,,False,False
utt__train_ep_004200__004,train_ep_004200,4,king,char__king,This isn't about sparing expense. This is about cleanliness. Are you trying to kill me?,,,True,False
utt__train_ep_004200__005,train_ep_004200,5,chef,char__chef,I am sorry about the...umm fertilizer. Its just that ol' Besse makes better milk if she can roam free you know.,,,False,False
utt__train_ep_004200__006,train_ep_004200,6,king,char__king,"Perhaps, but I shouldn't have to wipe crud off my kitchenware. What is the plan for dinner?",,steal rag from chef,True,False
utt__train_ep_004200__007,train_ep_004200,7,chef,char__chef,"I was thinking, my lord of roast venison and mint jelly from my fresh herbs over there, paired with tomato soup...freshly picked of course and a custard tartlet for dessert. ",,,False,False
utt__train_ep_004200__008,train_ep_004200,8,king,char__king,"Fresh, fresh. I see. It had certainly better taste good. Please add a hearty dose of basil to the tomato soup. It really brings out the taste. And I'll need some wine tonight. I need to drink something to deal with the fact that my royal kitchen is a barn!",,drop rag,True,False
utt__train_ep_004200__009,train_ep_004200,9,chef,char__chef,"If my lord has a taste for adventure, I have also acquired some fresh..very fresh sea slugs that pair well with white wine.",,,False,False
utt__train_ep_004200__010,train_ep_004200,10,king,char__king,Sea slugs? I'd rather not. Save the sea slugs for the donkey!,,,True,False
utt__train_ep_004200__011,train_ep_004200,11,chef,char__chef,Very well. Would you like to pick tonight's buck from the pens over there?,nod,,False,False
utt__train_ep_004200__012,train_ep_004200,12,king,char__king,"Heavens, no! You can choose your kill. I want nothing more of this project of yours!",gasp,,True,False
utt__train_ep_004200__013,train_ep_004200,13,chef,char__chef,Certainly my lord. Just let me clean that up before you step in it....,,get rag,False,False
utt__train_ep_004202__000,train_ep_004202,0,king,char__king,This cape is slowing me down.,,remove cape,True,False
utt__train_ep_004202__001,train_ep_004202,1,spider,char__spider,lets move quickly,nod,,False,False
utt__train_ep_004202__002,train_ep_004202,2,king,char__king,Did a spider just speak to me?,stare,,True,False
utt__train_ep_004202__003,train_ep_004202,3,spider,char__spider,ordinarily I wouldnt but Im very far from my home in the Dark Woods near a village several miles from here,sigh,,False,False
utt__train_ep_004202__004,train_ep_004202,4,king,char__king,What brought you here? Who let you into my tunnels? ,,,True,False
utt__train_ep_004202__005,train_ep_004202,5,spider,char__spider,"I was waiting for an insect to fly in to my web when I was scooped up by a bird intent on feeding me to its young. At least thats what I presume, I managed to escape its grasp before it could land. When I landed I was hurt so I crawled in to the nearest hole I could find and it led me here.",wave,,False,False
utt__train_ep_004202__006,train_ep_004202,6,king,char__king,Here take this you must be cold and weary from the journey. ,,give cape to spider,True,False
utt__train_ep_004202__007,train_ep_004202,7,spider,char__spider,Thank you kind king. Might I inquire as to where you are going now?,,,False,True
utt__train_ep_004202__008,train_ep_004202,8,king,char__king,I'm supposed to meet my mistress out in the gardens. These tunnels allow me to slip past the queen without the guards knowing my whereabouts. ,,,True,False
utt__train_ep_004202__009,train_ep_004202,9,spider,char__spider,Perhaps we can come to some arrangement Kind King. I shall enter in to your service as a pest remover and in exchange you will allow me to live unscathed in your gardens.,,,False,True
utt__train_ep_004202__010,train_ep_004202,10,king,char__king,I'll do you one better. Let's take my crown out to the gardens. I'll place it wherever you would like and you can live in it. All I ask is to be my pest control and lookout. You watch my back and I'll keep your web buzzing.,,give crown to spider,True,False
utt__train_ep_004202__011,train_ep_004202,11,spider,char__spider,you can count on me to be your eyes. ,,wear crown,False,False
utt__train_ep_004202__012,train_ep_004202,12,king,char__king,A hundred eyes are better than two.,,,True,False
utt__train_ep_004202__013,train_ep_004202,13,spider,char__spider,to the gardens then,,,False,False
utt__train_ep_004208__000,train_ep_004208,0,queen,char__queen,"Oh Darling, isn't the view wonderful from up here? You can see the whole countryside from up here!",,,False,False
utt__train_ep_004208__001,train_ep_004208,1,king,char__king,"Indeed! Ours is a mighty kingdom. We have worked long and hard for it, and it is certainly prospering.",,hug queen,True,False
utt__train_ep_004208__002,train_ep_004208,2,queen,char__queen,Building this balcony was such a wonderful idea! The carvings are so detailed; wherever did you find such a craftsman?,,,False,False
utt__train_ep_004208__003,train_ep_004208,3,king,char__king,The carpenter's son is an artisan. I had the two work together to create this work of art. It truly is amazing. I especially love the dragons.,,,True,False
utt__train_ep_004208__004,train_ep_004208,4,queen,char__queen,It must have taken weeks to carve out each of the little scales. They are so lifelike!,smile,,False,False
utt__train_ep_004208__005,train_ep_004208,5,king,char__king,"You know, darling, now that we have a kingdom, perhaps we need to consider creating an heir.",,remove crown,True,False
utt__train_ep_004208__006,train_ep_004208,6,queen,char__queen,I suppose you're right my Dear. It all seems like things have happened so quickly since you ascended to the throne...,,,False,False
utt__train_ep_004208__007,train_ep_004208,7,king,char__king,"Yes, yes. But if we wait for a perfect time, it will never come. There are always so many happenings in the kingdom.",,,True,False
utt__train_ep_004208__008,train_ep_004208,8,queen,char__queen,"One day I am simply a Dutchess, the next crowned Sovereign Queen. You have to admit, it's been a lot to take in! ",,,False,False
utt__train_ep_004208__009,train_ep_004208,9,king,char__king,"I know - but one day after I am gone, you will be in charge above all else.",,give crown to queen,True,False
utt__train_ep_004208__010,train_ep_004208,10,queen,char__queen,"If that is to be, then what will become of our future heir?",,wear crown,False,False
utt__train_ep_004208__011,train_ep_004208,11,king,char__king,"I'm sure that time will tell, but he or she will be much loved.",ponder,,True,False
utt__train_ep_004208__012,train_ep_004208,12,queen,char__queen,Wise words from the King indeed! What say we give some immediate thought to that....creating you mentioned earlier? ,,remove dress,False,True
utt__train_ep_004208__013,train_ep_004208,13,king,char__king,"Yes, my love. Nine months from now will be a lovely time, indeed!",,hug queen,True,False
utt__train_ep_004228__000,train_ep_004228,0,princess,char__princess,"Your majesty, is there any news from your kingdom?",,,False,False
utt__train_ep_004228__001,train_ep_004228,1,king,char__king,Well it seems that the negotiations with the eastern nation is going quite smoothly so only good news so far.,,,True,False
utt__train_ep_004228__002,train_ep_004228,2,princess,char__princess,I am glad to hear it.,,,False,False
utt__train_ep_004228__003,train_ep_004228,3,king,char__king,"Indeed, how are you doing today sweety?",,,True,False
utt__train_ep_004228__004,train_ep_004228,4,princess,char__princess,"I am doing well. And how is Your Majesty, father?",,,False,False
utt__train_ep_004228__005,train_ep_004228,5,king,char__king,"Well he is running the negotiations and doing a fantastic job of it, so he is great.",,,True,False
utt__train_ep_004228__006,train_ep_004228,6,princess,char__princess,"I'm glad that we haven't had a war in a while. Our people are the most important thing in this world. If it weren't for them, we wouldn't have this amazing palace, or lavish clothes, fine dining, or the simple happiness of a well-functioning kingdom. I appreciate everything I have in life. Thank you for your contributions to it all, as well. I do wonder what we might gain from an alliance with the eastern kingdom.",smile,,False,False
utt__train_ep_004228__007,train_ep_004228,7,king,char__king,"Of course, sweety. We work very hard to avoid war at all costs.",,,True,False
utt__train_ep_004228__008,train_ep_004228,8,princess,char__princess,Do you think we might be able to host a ball soon?,,,False,False
utt__train_ep_004228__009,train_ep_004228,9,king,char__king,"Maybe, especially if the negotiations involve us getting a lump sum of gold.",,,True,False
utt__train_ep_004228__010,train_ep_004228,10,princess,char__princess,What would we have to sell to gain the gold?,,,False,False
utt__train_ep_004228__011,train_ep_004228,11,king,char__king,"Oh, nothing. They might just feel pressured to keep us as an ally, so they would pay us for that privilege. ",,,True,False
utt__train_ep_004228__012,train_ep_004228,12,princess,char__princess,I suppose that's the benefit of having a great army.,,,False,False
utt__train_ep_004228__013,train_ep_004228,13,king,char__king,"Indeed, and a very strong, cunning team of negotiators and leaders.",,,True,False
utt__train_ep_004268__000,train_ep_004268,0,king,char__king,I've never seen you around my castle before. What brings you to the guard room?,,,True,False
utt__train_ep_004268__001,train_ep_004268,1,visitor,char__visitor,"Sire! Do you not recognize your old friend? Has it been so long that a simple beard and change of robes has made your friend, Arthur, invisible?",laugh,,False,False
utt__train_ep_004268__002,train_ep_004268,2,king,char__king,"Arthur! I had no idea it was you! And you've lost quite a bit of weight too, I see. Is Margaret not baking her famous cakes for you anymore?",,hug visitor,True,False
utt__train_ep_004268__003,train_ep_004268,3,visitor,char__visitor,"Ah, you old bastard always a tease. The ol ball and chain has got me on a diet for my own good. Not that the smell of this chamber doesn't do a good job of ridding the appetite itself",nudge,,False,False
utt__train_ep_004268__004,train_ep_004268,4,king,char__king,"And why are you in this room? It's quite the mess and, as you said, smells horrid. Just look at the filth!",frown,,True,False
utt__train_ep_004268__005,train_ep_004268,5,visitor,char__visitor,As you can see there was quite an unsightly occurrence taking place in the not too distant past. I am simple putting away some of the mess,shrug,,False,False
utt__train_ep_004268__006,train_ep_004268,6,king,char__king,Fair enough. I will speak no more of it. You must join the Queen and I this evening for dinner!,,,True,False
utt__train_ep_004268__007,train_ep_004268,7,visitor,char__visitor,"But of course, sire. I would be honored! ",,,False,False
utt__train_ep_004268__008,train_ep_004268,8,king,char__king,"Fantastic. I would advise, however, a long bath before coming.",,,True,False
utt__train_ep_004268__009,train_ep_004268,9,visitor,char__visitor,I wouldn't dream of entering a banquet hall of yours smelling like the peasantry that coats these walls,,,False,False
utt__train_ep_004268__010,train_ep_004268,10,king,char__king,"Good! Because I'm serious about my dinner. I love a good roast, a good steak, some good stew and some fried onions. I am serious when it comes to fine dining!",,get manical,True,False
utt__train_ep_004268__011,train_ep_004268,11,visitor,char__visitor,Margaret would kill me if I were to eat like we shall in my own home. The feast is on!,smile,,False,False
utt__train_ep_004268__012,train_ep_004268,12,king,char__king,"Good! And please, send my best to Margaret, the dear.",,,True,False
utt__train_ep_004268__013,train_ep_004268,13,visitor,char__visitor,Certainly my lord. See you shortly,,,False,False
utt__train_ep_004414__000,train_ep_004414,0,king,char__king,How are you?,,,True,False
utt__train_ep_004414__001,train_ep_004414,1,officer,char__officer,"It is a good day, your highness! We have no battles today and the men are resting from the last battle that we had.",,,False,False
utt__train_ep_004414__002,train_ep_004414,2,king,char__king,How is the morale? ,,,True,False
utt__train_ep_004414__003,train_ep_004414,3,officer,char__officer,"We have some wounded, but all in all we won the battle for you. Morale is good when we win, with just wounded.",,,False,False
utt__train_ep_004414__004,train_ep_004414,4,king,char__king,Good how soon can they be ready for the next battle?,,,True,False
utt__train_ep_004414__005,train_ep_004414,5,officer,char__officer,"We will take a few days to recuperate. The worst wounded will stay behind, but we will have enough men to fight in a few days for you",,,False,False
utt__train_ep_004414__006,train_ep_004414,6,king,char__king,Excellent enjoy the days off ,,,True,False
utt__train_ep_004414__007,train_ep_004414,7,officer,char__officer,"Yes, your highness. Is there anything you wish me to tell the men?",,,False,False
utt__train_ep_004414__008,train_ep_004414,8,king,char__king,Tell them they are fighting for the kingdom ,,,True,False
utt__train_ep_004414__009,train_ep_004414,9,officer,char__officer,"Not to be disrepectful, but they know that. I think they need to know how the king feels, and how he feels about their loyalty",,,False,True
utt__train_ep_004421__000,train_ep_004421,0,wild boar,char__wild_boar,You smell like food. Do you have food? Are you food?,growl,,False,False
utt__train_ep_004421__001,train_ep_004421,1,king,char__king,"Boar, you are going to be food.",smile,,True,False
utt__train_ep_004421__002,train_ep_004421,2,wild boar,char__wild_boar,"Tough, talk, but you seem to have forgotten your spear",shrug,,False,False
utt__train_ep_004421__003,train_ep_004421,3,king,char__king,"I'm a king, i'll have armed guards here to kill you in seconds.",,,True,True
utt__train_ep_004421__004,train_ep_004421,4,wild boar,char__wild_boar,"That's more than enough time to finish you off. And there's something ... powerful here. I feel stronger, faster. ",grin,,False,False
utt__train_ep_004421__005,train_ep_004421,5,king,char__king,You foolish pig.,,hit a wild boar,True,False
utt__train_ep_004421__006,train_ep_004421,6,wild boar,char__wild_boar,I'll make mince of you!,,hit king,False,False
utt__train_ep_004421__007,train_ep_004421,7,king,char__king,My only weapon.,,get stone,True,False
utt__train_ep_004421__008,train_ep_004421,8,wild boar,char__wild_boar,Raaaah!,,hit king,False,False
utt__train_ep_004421__009,train_ep_004421,9,king,char__king,time to get serious I guess.,,remove crown,True,False
utt__train_ep_004421__010,train_ep_004421,10,wild boar,char__wild_boar,Die!,,hit king,False,False
utt__train_ep_004421__011,train_ep_004421,11,king,char__king,"You'll be dinner, how dare you enter my castle and attack me!",,,True,False
utt__train_ep_004421__012,train_ep_004421,12,wild boar,char__wild_boar,It won't be your castle much longer!,growl,,False,False
utt__train_ep_004421__013,train_ep_004421,13,king,char__king,You can't take it from me boar!,,,True,False
utt__train_ep_004434__000,train_ep_004434,0,his father,char__his_father,I have something for you son.,,,False,False
utt__train_ep_004434__001,train_ep_004434,1,king,char__king,"What is it, father?",ponder,,True,False
utt__train_ep_004434__002,train_ep_004434,2,his father,char__his_father,A special trinket. It holds a magical blessing.,,give trinket to king,False,False
utt__train_ep_004434__003,train_ep_004434,3,king,char__king,"Thank you, father. I hope I'm doing a good job as the new king. ",,hug his father,True,True
utt__train_ep_004434__004,train_ep_004434,4,his father,char__his_father,Well maybe this magic item will help you out.,,,False,False
utt__train_ep_004434__005,train_ep_004434,5,king,char__king,"What does it do, if I may ask? ",stare,,True,False
utt__train_ep_004434__006,train_ep_004434,6,his father,char__his_father,I think it attracts a spirit!,,,False,False
utt__train_ep_004434__007,train_ep_004434,7,king,char__king,"Surely you joke, father? ",laugh,,True,False
utt__train_ep_004434__008,train_ep_004434,8,his father,char__his_father,I tested it in the crypt myself. Would you like to go down there now?,,,False,False
utt__train_ep_004434__009,train_ep_004434,9,king,char__king,"Okay, you can demonstrate its power to me. ",,give trinket to his father,True,False
utt__train_ep_004434__010,train_ep_004434,10,his father,char__his_father,Humbaba Humbabab spirits spirits can you hear?,,,False,False
utt__train_ep_004434__011,train_ep_004434,11,king,char__king,I don't hear anything? Maybe I should give it a try?,,steal trinket from his father,True,False
utt__train_ep_004434__012,train_ep_004434,12,his father,char__his_father,Yes you try! Go ahead young blood for the spirits. They will love it!,,,False,False
utt__train_ep_004434__013,train_ep_004434,13,king,char__king,Let me first wear my crown for protection so they may recognize me as king! ,,wear crown,True,True
utt__train_ep_004539__000,train_ep_004539,0,guest,char__guest,"I ventured down to this kitchen to find a midnight snack. I'm sorry if I disturbed you, Your Highness.",,,False,False
utt__train_ep_004539__001,train_ep_004539,1,king,char__king,"You come to another's home and feel comfortable sneaking around to eat the food. Didn't know this was my food, the King's food? Eating something that I have not given to you, is stealing from me. Stealing from me could be treason!",,,True,False
utt__train_ep_004539__002,train_ep_004539,2,guest,char__guest,"Good heavens! I wasn't trying to offend you. As your guest, I felt I was entitled to making myself comfortable. Last night's vegan and gluten free dinner left me very peckish.",,,False,False
utt__train_ep_004539__003,train_ep_004539,3,king,char__king,"I see. The Queen has forbade animal products from the castle. I've hidden some meat on that shelf over there under that pot. Get started on making me something to eat. Just know, if the Queen catches us, I'm going to tel her it's your meat.",,,True,False
utt__train_ep_004539__004,train_ep_004539,4,guest,char__guest,"Yes, please! I will happily take the blame. This meat looks delicious. Let me seer it quickly on the stove and then we can sit down to a delicious midnight snack of steak and mead!",,get meat,False,False
utt__train_ep_004539__005,train_ep_004539,5,king,char__king,We don't have any mead. The Queen thinks there is gluten in the hops and forbade it. The wife only keeps Kale and Wheatgrass juice in the house. I'm so miserable. Handmaid! Come and wife your King's sad tears!,cry,,True,False
utt__train_ep_004539__006,train_ep_004539,6,guest,char__guest,"See... this is just a sad existence! Perhaps I can smuggle some in when I visit again. Man cannot live by bread alone - or in your case, no bread!",,,False,False
utt__train_ep_004539__007,train_ep_004539,7,king,char__king,"Excellent. But I only consume what is fit for a king. I want you to bring me only the most rare and exotic things, but I want you to make it all by hand. Can you leave now and come back in a few hours with this?",,,True,True
utt__train_ep_004539__008,train_ep_004539,8,guest,char__guest,"I can, indeed! What sorts of rare and exotic things do you seek?",,,False,False
utt__train_ep_004539__009,train_ep_004539,9,king,char__king,"Take this vegetable, and kill a Direwolf: make sausages with it. I would also like you to travel to France and pick some grapes for champagne. The Queen can never know about this. I might have to behead you after you're done just to be sure. Do you have a problem with any of this?",,get vegetable.,True,False
utt__train_ep_004539__010,train_ep_004539,10,guest,char__guest,"I have a serious problem with the beheading. Aside from that, I'm fairly certain I cannot get all this done and be back within a few hours as you requested. It might take a few days.",frown,,False,False
utt__train_ep_004539__011,train_ep_004539,11,king,char__king,That sounds like the attitude of someone about to be beheaded. Has your King's presence not inspired you to be all that you can be? Do you want me to give you a bit of magic to help out?,,,True,False
utt__train_ep_004539__012,train_ep_004539,12,guest,char__guest,No magic necessary. I can tell from your rantings that you are starving from a lack of meat. Here- eat this meat and I will return as quickly as possible with food and drink for your sustenance.,,give meat to king,False,False
utt__train_ep_004539__013,train_ep_004539,13,king,char__king,"You are a terrible cook, but I haven't had meat in so long that it's delicious. ",,eat meat,True,False
utt__train_ep_004584__000,train_ep_004584,0,king,char__king,Hello child what are you doing here?,,,True,False
utt__train_ep_004584__001,train_ep_004584,1,child,char__child,I am exploring and happened to see the door open. How could I resist seeing this!,,,False,False
utt__train_ep_004584__002,train_ep_004584,2,king,char__king,Which one do you like best?,,get longbows,True,False
utt__train_ep_004584__003,train_ep_004584,3,child,char__child,"I like the axe! I am the one and only child, and I spend most my days playing alone. ",,,False,False
utt__train_ep_004584__004,train_ep_004584,4,king,char__king,Grab the practice axe and we can have a match.,,get sword,True,False
utt__train_ep_004584__005,train_ep_004584,5,child,char__child,Oh yes! Chopping down what?,,,False,False
utt__train_ep_004584__006,train_ep_004584,6,king,char__king,Try to chop me down!,,drop bow,True,False
utt__train_ep_004584__007,train_ep_004584,7,child,char__child,I will not hit you and damage you. You are the king!,,hit a squire still keeping everything sharp,False,True
utt__train_ep_004584__008,train_ep_004584,8,king,char__king,"How dare you insult the king, I will show you just how strong I am!",,hit child,True,True
utt__train_ep_004601__000,train_ep_004601,0,king,char__king,This exit doesn't seem well guarded at all! I must make amends to the security. ,,,True,False
utt__train_ep_004601__001,train_ep_004601,1,servant,char__servant,Really?? There are many guards at the exit door.They will be enough to do the job.,,,False,False
utt__train_ep_004601__002,train_ep_004601,2,king,char__king,We need more. Half of these guards are just standing around! ,,,True,False
utt__train_ep_004601__003,train_ep_004601,3,servant,char__servant,Yes your majesty.I am just a peasant. I do what I am told without question.,sigh,,False,False
utt__train_ep_004601__004,train_ep_004601,4,king,char__king,And what work do you do here? I do not think I have seen you before...,,,True,False
utt__train_ep_004601__005,train_ep_004601,5,servant,char__servant,"Simple things, I can't even read and I miss my family a lot",cry,,False,False
utt__train_ep_004601__006,train_ep_004601,6,king,char__king,"There, there. I am sure I can increase you weekly tuppence so you can visit your family. ",,hug servant,True,False
utt__train_ep_004601__007,train_ep_004601,7,servant,char__servant,"Thanks, your majesty.You juts gave me back my happiness",,hug king,False,False
utt__train_ep_004601__008,train_ep_004601,8,king,char__king,"Now, get to work on these floors. Cant you see how dirty they are with footprints? ",,,True,False
utt__train_ep_004601__009,train_ep_004601,9,servant,char__servant,"Let me see.You are right, it is dirty.By the way, were is your queen?",,remove shoe,False,False
utt__train_ep_004601__010,train_ep_004601,10,king,char__king,What business do you have with the Queen?! ,,,True,False
utt__train_ep_004601__011,train_ep_004601,11,servant,char__servant,I was told to give her this vintage sword as a gift?,,remove sword,False,False
utt__train_ep_004601__012,train_ep_004601,12,king,char__king,Were did you get this? What a fine sword this is. Crafted from the finest steel in the land... ,,steal sword from servant,True,False
utt__train_ep_004601__013,train_ep_004601,13,servant,char__servant,It was made in the kingdom of tartaria.Who made those luxurious red carpet?,,,False,False
utt__train_ep_004608__000,train_ep_004608,0,townperson,char__townperson,", Your majesty, we don't see you here often. We;re honored.",nod,,False,False
utt__train_ep_004608__001,train_ep_004608,1,king,char__king,"Why of course, I see no better place in the Land than this to buy glass bottles. What a fine variety! ",,,True,False
utt__train_ep_004608__002,train_ep_004608,2,townperson,char__townperson,"Why yes, our apothecary is better than any in the land... we are all kept well by their lotions and potions. Please, forgive my interest, but why the bottles?",smile,,False,False
utt__train_ep_004608__003,train_ep_004608,3,king,char__king,"To store my homemade wine, you see. I have developed a taste for it. ",,drop scepter,True,False
utt__train_ep_004608__004,train_ep_004608,4,townperson,char__townperson,"Oh here, Your majesty, please don't damage your wonderful stick. I am an ale man. Simple and good.",,get scepter,False,False
utt__train_ep_004608__005,train_ep_004608,5,king,char__king,"Why thank you, I am getting clumsy in my old age. Do you have any cure for it?",,remove cape,True,False
utt__train_ep_004608__006,train_ep_004608,6,townperson,char__townperson,"I suggest a servant, like my humble self. Or my fine young unemployed nephew. He's close by. We all are. ",,give scepter to king,False,False
utt__train_ep_004608__007,train_ep_004608,7,king,char__king,That could work. Come by the Castle tomorrow and maybe we can figure something out.,,give cape to townperson,True,False
utt__train_ep_004608__008,train_ep_004608,8,townperson,char__townperson,"oh my, look at me. I'm so fine.haha. My family won't know me. I need to get my ointment from the apothecary though. I'd not want you to get the rash.",,wear cape,False,False
utt__train_ep_004608__009,train_ep_004608,9,king,char__king,Rash?! Why did you not say so before? I should see myself out.. ,,,True,False
utt__train_ep_004608__010,train_ep_004608,10,townperson,char__townperson,"No, no Sire, it's nothing, only a mere itch, please don't leave!",,remove cape,False,False
utt__train_ep_004608__011,train_ep_004608,11,king,char__king,No I must leave immediately. I have.. work to do! ,gasp,,True,False
utt__train_ep_004608__012,train_ep_004608,12,townperson,char__townperson,"But your bottles, the apothecary hasn't finished your order. Shall I bring them to the palace tomorrow? I'm sorry Sire. I mean no offence.",,give cape to king,False,False
utt__train_ep_004608__013,train_ep_004608,13,king,char__king,"Ugh, no there's no need! You must take care of your... condition first. ",,drop cape,True,False
utt__train_ep_004615__000,train_ep_004615,0,knight,char__knight,How can I serve you your highness?,,,False,False
utt__train_ep_004615__001,train_ep_004615,1,king,char__king,I have received a letter threatening grave danger to this Castle. I must ask you for your help! ,,,True,False
utt__train_ep_004615__002,train_ep_004615,2,knight,char__knight,Go ahead your highness.,,,False,False
utt__train_ep_004615__003,train_ep_004615,3,king,char__king,Word is that an assassin looms within this Castle. I want you to find him and take him out! ,,,True,False
utt__train_ep_004615__004,train_ep_004615,4,knight,char__knight,I will do that right away!,,,False,False
utt__train_ep_004615__005,train_ep_004615,5,king,char__king,Make sure to guard my bedroom door at night. And bring your best men to the castle doors. ,nod,,True,False
utt__train_ep_004615__006,train_ep_004615,6,knight,char__knight,They are already on their way!,,,False,False
utt__train_ep_004615__007,train_ep_004615,7,king,char__king,"Good work. Which reminds, when were you appointed Knight for this Castle?",,,True,False
utt__train_ep_004615__008,train_ep_004615,8,knight,char__knight,As soon as I was born your highness. My father was a knight as well.,,,False,False
utt__train_ep_004615__009,train_ep_004615,9,king,char__king,"I see, your face just seems rather unfamiliar. Maybe I am getting forgetful in my old age.",sigh,,True,False
utt__train_ep_004615__010,train_ep_004615,10,knight,char__knight,It is okay your highness we all must fall eventually.,,,False,False
utt__train_ep_004615__011,train_ep_004615,11,king,char__king,This is a fine weapon. I might be old but I can still swing a lance. ,,steal lance from knight,True,False
utt__train_ep_004615__012,train_ep_004615,12,knight,char__knight,It seems like you can your majesty.,,,False,False
utt__train_ep_004615__013,train_ep_004615,13,king,char__king,"I think I might borrow this as well, just for tonight. ",,steal longbows from knight,True,False
utt__train_ep_004617__000,train_ep_004617,0,guest,char__guest,"Good evening, my king. ",,,False,True
utt__train_ep_004617__001,train_ep_004617,1,king,char__king,How are you?,,,True,False
utt__train_ep_004617__002,train_ep_004617,2,guest,char__guest,I am well. How are you? That was quite the dinner the chef prepared!,,,False,False
utt__train_ep_004617__003,train_ep_004617,3,king,char__king,"Yes, chef prepared",,,True,False
utt__train_ep_004617__004,train_ep_004617,4,guest,char__guest,Do you have any plans for this evening?,,,False,False
utt__train_ep_004637__000,train_ep_004637,0,king,char__king,"Guard, you there. What are you doing here in my royal bathroom!?",stare,,True,False
utt__train_ep_004637__001,train_ep_004637,1,guard,char__guard,"You summoned me, King. Are you ok?",shrug,,False,True
utt__train_ep_004637__002,train_ep_004637,2,king,char__king,"Oh.. I did... sorry, I must be forgetting things again. Do you remember what I asked you here for?",frown,,True,False
utt__train_ep_004637__003,train_ep_004637,3,guard,char__guard,"I'm afraid not, wonderful King. Are you feeling well? Did it have something to do with the queen?",laugh,,False,True
utt__train_ep_004637__004,train_ep_004637,4,king,char__king,I don't think so.. Maybe I needed help using the bathroom but it seems that I don't need to.. Hmm let me think... Oh yes! I remember! It's of utter importance!,,remove cape,True,False
utt__train_ep_004637__005,train_ep_004637,5,guard,char__guard,How may I help you?,,,False,False
utt__train_ep_004637__006,train_ep_004637,6,king,char__king,It was... Um... I think I forgot again. Could you go get the queen for me please?,,,True,False
utt__train_ep_004637__007,train_ep_004637,7,guard,char__guard,Absolutely. I will get her right away. ,ponder,,False,False
utt__train_ep_004637__008,train_ep_004637,8,king,char__king,What are you waiting for!? Oh... is the bathroom door locked again from the outside? That must be why I called you in here......,,,True,False
utt__train_ep_004637__009,train_ep_004637,9,guard,char__guard,"Sadly it is, King. What should we do?",,,False,True
utt__train_ep_004637__010,train_ep_004637,10,king,char__king,Maybe call in another guard? I dont know do you have any ideas?,ponder,,True,False
utt__train_ep_004637__011,train_ep_004637,11,guard,char__guard,I'll take off my boot and throw it through the window to see if I can escape and go unlock the door. ,,remove boot,False,False
utt__train_ep_004637__012,train_ep_004637,12,king,char__king,Give me that! Don't waste such a perfectly good boot and break one of my precious windows! Think of something better!,,steal boot from guard,True,False
utt__train_ep_004637__013,train_ep_004637,13,guard,char__guard,I could use this to attempt to fly out the window. ,,steal cape from king,False,False
utt__train_ep_004652__000,train_ep_004652,0,queen,char__queen,"Honey, look at this cushion on the throne.It looks to old.We need a new one",,,False,False
utt__train_ep_004652__001,train_ep_004652,1,king,char__king,"Yes dear, it is why we are in the town center. How we will ensure though that someone does not pocket pick us? It is so busy with unruly children running everywhere.",,,True,False
utt__train_ep_004652__002,train_ep_004652,2,queen,char__queen,What did you say?? All this chatter in court is to loud!!!,groan,,False,False
utt__train_ep_004652__003,train_ep_004652,3,king,char__king,HOW WILL WE PROTECT OURSELVES FROM POCKETPICKERS?,scream,,True,False
utt__train_ep_004652__004,train_ep_004652,4,queen,char__queen,"How should I know? I am the queen.I do not care about those matters, and do not yell at me!!",,hit king,False,False
utt__train_ep_004652__005,train_ep_004652,5,king,char__king,You said the court chatter was too loud! Do not get so antsy woman. ,,,True,False
utt__train_ep_004652__006,train_ep_004652,6,queen,char__queen,Ok then. Who is responsible for the decoration in the town center?? It looks wonderful!!,smile,,False,False
utt__train_ep_004652__007,train_ep_004652,7,king,char__king,I believe this has been a group effort of the people. We must do something about this traffic. It is horrible.,,,True,False
utt__train_ep_004652__008,train_ep_004652,8,queen,char__queen,"Honey, That Lord that just walked past stinks and it is bothering me.Have him executed",,hug king,False,False
utt__train_ep_004652__009,train_ep_004652,9,king,char__king,I cannot execute him for having a stinch. That is foolish woman!,,,True,False
utt__train_ep_004652__010,train_ep_004652,10,queen,char__queen,Do not talk to me like that.My father would have him executed in no time.,cry,,False,False
utt__train_ep_004652__011,train_ep_004652,11,king,char__king,I would not dare carry the same name as your father!,,,True,False
utt__train_ep_004652__012,train_ep_004652,12,queen,char__queen,Why all the doors have wooden plaques on this place??,yawn,,False,False
utt__train_ep_004652__013,train_ep_004652,13,king,char__king,For extra protection! They do not have the defense we do.,,,True,False
utt__train_ep_004686__000,train_ep_004686,0,king,char__king,"Servant, please take my cape. I don't want it to get wet in this tub.",,remove cape,True,False
utt__train_ep_004686__001,train_ep_004686,1,servant,char__servant,"Certauinly sire, right away. Shall I get back in the tub or stay out now that you are here?",,,False,False
utt__train_ep_004686__002,train_ep_004686,2,king,char__king,Please refrain. I prefer to bathe alone. You may stay and talk with me a while though.,,give scepter to servant,True,False
utt__train_ep_004686__003,train_ep_004686,3,servant,char__servant,As you wish. What would you like to talk about sire?,,,False,False
utt__train_ep_004686__004,train_ep_004686,4,king,char__king,You always have so much gossip about the townspeople. Have you heard anything new?,,,True,False
utt__train_ep_004686__005,train_ep_004686,5,servant,char__servant,"Well, the blacksmith was caught having an affair with Earl of Kamp's wife and there was talk that the new tavern is being run by a famous criminal.",,,False,False
utt__train_ep_004686__006,train_ep_004686,6,king,char__king,Goodness! I always was suspicious of the Earl of Kamp's wife since she grabbed my backside at a royal banquet!,,,True,False
utt__train_ep_004686__007,train_ep_004686,7,servant,char__servant,"Yes sire, she has quite the...appetite for strong, young commoners. With all the talk, the Earl is bound to hear about this one. What will you do if he comes to you for a judgement?",,,False,False
utt__train_ep_004686__008,train_ep_004686,8,king,char__king,"To be honest, I believe I'll suggest he send her to the gallows. She should not be allowed to soil his name.",shrug,,True,False
utt__train_ep_004686__009,train_ep_004686,9,servant,char__servant,That seems very wise Your Grace. Will you want me to have someone investigate the owner of the new tavern?,,,False,False
utt__train_ep_004686__010,train_ep_004686,10,king,char__king,"Please, and thank you for taking the initiative. Also, I've heard that bandits are trolling by the river. Have you heard the same?",,,True,False
utt__train_ep_004686__011,train_ep_004686,11,servant,char__servant,"There are always bandits on the river sire. But, of late, there have been a lot more killings than usual. Shall I send send some soldiers to hunt down some of the bandits and dispatch them?",,,False,False
utt__train_ep_004686__012,train_ep_004686,12,king,char__king,"Yes, that would be especially helpful. And I want to speak to you about your pay. I believe an extra piece of gold each month is in order for all you do.",,,True,False
utt__train_ep_004686__013,train_ep_004686,13,servant,char__servant,"Oh, thank you Your Grace! Now I can afford to marry Emily and start a family. You are too kind and generous sire!",grin,,False,False
utt__train_ep_004688__000,train_ep_004688,0,king,char__king,"You there, are you the new torturer in chief of my Kingdom?",,,True,False
utt__train_ep_004688__001,train_ep_004688,1,person,char__person,"Who, me? Why would I ever work for you?",,,False,False
utt__train_ep_004688__002,train_ep_004688,2,king,char__king,"I mean, I'm the King of the Empire - everybody works for me.  And you are currently hanging out in my Torture equipment room. So you either work for me, or are a thief with some very strange tastes.",,,True,True
utt__train_ep_004688__003,train_ep_004688,3,person,char__person,I don't belong to your kingdom. I'm my own free person. Some strange fate has found me among the equipment in this torture room?,shrug,,False,False
utt__train_ep_004688__004,train_ep_004688,4,king,char__king,"Right, time to test out this equipment then - Guards, some assistance is needed with the thumbscrews!",,hit person,True,False
utt__train_ep_004688__005,train_ep_004688,5,person,char__person,Ha! Your guards won't recognize you without your crown! You'll be the one trapped in the iron maiden in a few minutes!,,steal crown from king,False,False
utt__train_ep_004688__006,train_ep_004688,6,king,char__king,You are a looney aren't you?  They're my guards so of course they recognize me.  If you had ever had a job you would have been paid in money - and whose face is on that money?  Mine!,,steal crown from person,True,False
utt__train_ep_004688__007,train_ep_004688,7,person,char__person,You are a wicked king! You don't deserve to rule over anyone. I come from a land of patriots! So I couldn't care less about your face or the money it's printed on!,,hit king,False,True
utt__train_ep_004688__008,train_ep_004688,8,king,char__king,Patriots?  What foolishness is this?  Democracy is the tyranny of the majority!,,hit person,True,False
utt__train_ep_004688__009,train_ep_004688,9,person,char__person,Don't speak bad about my country when you enslave ninety percent of your population to do your dirty work.,growl,,False,False
utt__train_ep_004688__010,train_ep_004688,10,king,char__king,I'm just rather fortunate that an enemy of the crown was foolish enough to walk into a torture chamber!,frown,,True,False
utt__train_ep_004688__011,train_ep_004688,11,person,char__person,"You may think of me as a fool, but I know that after I lift this tarp, these spring-loaded traps will tear your face off. Then I will be the king!",,,False,True
utt__train_ep_004688__012,train_ep_004688,12,king,char__king,"Is the educational system really so poor where you come from that you really believe this is how monarchy works?  Tell me the name of your country, I really must donate some foreign aid towards your educational system.",yawn,,True,False
utt__train_ep_004688__013,train_ep_004688,13,person,char__person,"Ah you foolish man, no one in your kingdom has any respect for you at all. They are all afraid, that's it. But I'm not. I'll make a mockery of you and show them there is nothing to fear.",,steal scepter from king,False,False
utt__train_ep_004845__000,train_ep_004845,0,king,char__king,"""Ah, come to raid the larder too, eh?""",laugh,,True,False
utt__train_ep_004845__001,train_ep_004845,1,family member,char__family_member,"Wouldn't have it any other way, yes?",,,False,False
utt__train_ep_004845__002,train_ep_004845,2,king,char__king,"""What looks good in there tonight?""",,,True,False
utt__train_ep_004845__003,train_ep_004845,3,family member,char__family_member,"I've been wondering myself, I have been having difficulty finding something I am in the mood for.",,,False,False
utt__train_ep_004845__004,train_ep_004845,4,king,char__king,"""Is there any leftover mutton from last night?""",,,True,False
utt__train_ep_004845__005,train_ep_004845,5,family member,char__family_member,"There may be some somewhere back here, in the pot perhaps.",,,False,False
utt__train_ep_004845__006,train_ep_004845,6,king,char__king,"""Mm, the mutton was delicious. I hope there's some sauce left for it, too. Yeah, look in that pot.""",,,True,False
utt__train_ep_004845__007,train_ep_004845,7,family member,char__family_member,"Well there it seems to be, have you seen anything else of interest around?",,,False,False
utt__train_ep_004845__008,train_ep_004845,8,king,char__king,"""I think there was still some boar from the weekend, but that might be a bit old at this point. I'll take that mutton, though.""",,,True,False
utt__train_ep_004845__009,train_ep_004845,9,family member,char__family_member,"Understood then, mutton it is.",,,False,False
utt__train_ep_004845__010,train_ep_004845,10,king,char__king,"""Nothing in there you like, eh? Well, I can give you some of this, there's a lot left.""",,,True,False
utt__train_ep_004845__011,train_ep_004845,11,family member,char__family_member,"Ahh thank you I appreciate that, do you often come here for snacking?",,,False,False
utt__train_ep_004845__012,train_ep_004845,12,king,char__king,"""Most nights! How else do you think I earned this belly?""",laugh,,True,False
utt__train_ep_004845__013,train_ep_004845,13,family member,char__family_member,"Well that is one way to do it, that or mead.",laugh,,False,False
utt__train_ep_004924__000,train_ep_004924,0,king,char__king,What do you think of my washroom dear maid?,,,True,False
utt__train_ep_004924__001,train_ep_004924,1,maid,char__maid,"""Oh, it's so spacious and shiny! It's bigger than my house!""",,,False,False
utt__train_ep_004924__002,train_ep_004924,2,king,char__king,"Tell me more about your house, do you live alone?",,,True,False
utt__train_ep_004924__003,train_ep_004924,3,maid,char__maid,"""No, my lord, I live with my parents and 4 brothers and sisters, but we have a very humble home""",,,False,False
utt__train_ep_004924__004,train_ep_004924,4,king,char__king,"That sounds like a good home then filled with much love. You should bring them here someday, so I can pay my respects",,,True,False
utt__train_ep_004924__005,train_ep_004924,5,maid,char__maid,"""Of course! They would love to meet you and see the castle. We're not worthy, my lord!""",,,False,False
utt__train_ep_004924__006,train_ep_004924,6,king,char__king,"Now enough of the small talk, time for a bath!",,remove cape,True,False
utt__train_ep_004924__007,train_ep_004924,7,maid,char__maid,"""Of course, my lord. Would you like help running the bath?""",,give towel to king,False,False
utt__train_ep_004924__008,train_ep_004924,8,king,char__king,No it is fine this bath is nothing compared to me! Now were are my rubber duckies??,,,True,False
utt__train_ep_004924__009,train_ep_004924,9,maid,char__maid,"""I think you put them way in the cabinet over there, I'll go get them for you""",laugh,,False,False
utt__train_ep_004924__010,train_ep_004924,10,king,char__king,Thank you thank I cannot relax without them!,,,True,False
utt__train_ep_004924__011,train_ep_004924,11,maid,char__maid,"""Of course, and your bathtime snacks!""",,give food tray to king,False,False
utt__train_ep_004924__012,train_ep_004924,12,king,char__king,These are my favorite snacks in the entire castle!,,drop scepter,True,False
utt__train_ep_004924__013,train_ep_004924,13,maid,char__maid,"""Of course, it's why I brought them! We try to always have them in stock for you.""",,,False,False
utt__train_ep_004927__000,train_ep_004927,0,queen,char__queen,I'm so happy to be away from the people of the king's court now and just have time with us.,,,False,False
utt__train_ep_004927__001,train_ep_004927,1,king,char__king,"Certainly, dealing with our duties can become tiring.",,,True,False
utt__train_ep_004927__002,train_ep_004927,2,queen,char__queen,Lord Templer walked past me and the foulest odor hit my nose!  I thought I might pass out! ,laugh,,False,False
utt__train_ep_004927__003,train_ep_004927,3,king,char__king,He does always have a strange odor about him doesn't he?,,,True,False
utt__train_ep_004927__004,train_ep_004927,4,queen,char__queen,"It is very odd.  Anyway, now we can take in this wonderful view.  Looks...the swans dove onto the lake!",,,False,False
utt__train_ep_004927__005,train_ep_004927,5,king,char__king,There seem to be so many of them this time of year.,,,True,False
utt__train_ep_004927__006,train_ep_004927,6,queen,char__queen,Shall I order us some tea and cakes as we watch the sunset?,,,False,False
utt__train_ep_004927__007,train_ep_004927,7,king,char__king,"I don't see why not, the weather is nice we should take a moment to enjoy it.",,,True,False
utt__train_ep_004927__008,train_ep_004927,8,queen,char__queen,"Wonderful!  Here, let me take this off for you and set it on the pillow.  I know this heavy crown can give you headaches.",,steal crown from king,False,False
utt__train_ep_004927__009,train_ep_004927,9,king,char__king,Heavy is the head that wears the crown or so they say.,,,True,False
utt__train_ep_004927__010,train_ep_004927,10,queen,char__queen,"We have come to find out that is true. Alright, tea and cake is coming and now we can sit.  Anything on your mind?",nod,,False,False
utt__train_ep_004927__011,train_ep_004927,11,king,char__king,"Oh just the typical, simply pondering how to best proceed with things for the kingdom.",,,True,False
utt__train_ep_004927__012,train_ep_004927,12,queen,char__queen,I think you're doing a wonderful job. ,,hug king,False,False
utt__train_ep_004927__013,train_ep_004927,13,king,char__king,Lord knows I do try anyway.,,hug queen,True,False
utt__train_ep_004934__000,train_ep_004934,0,dogs,char__dogs,Hello my lord.... How are you doing?,,,False,False
utt__train_ep_004934__001,train_ep_004934,1,king,char__king,"Well, loyal companion. How are you this fine day?",,,True,False
utt__train_ep_004934__002,train_ep_004934,2,dogs,char__dogs,"Very well, my new owner, Sir Marcus, is treating me very well!",,,False,False
utt__train_ep_004934__003,train_ep_004934,3,king,char__king,I'm glad to hear that. What brings you to the apothecary?,,,True,False
utt__train_ep_004934__004,train_ep_004934,4,dogs,char__dogs,"Honestly, I have just been exploring my new surroundings of my new home. I caught a strong scent so I ended up here...",,,False,False
utt__train_ep_004934__005,train_ep_004934,5,king,char__king,"Uh oh, strange scent? It isn't another skunk is it?",frown,,True,False
utt__train_ep_004934__006,train_ep_004934,6,dogs,char__dogs,"I hope not, I can check the basement if you would like...",,,False,False
utt__train_ep_004934__007,train_ep_004934,7,king,char__king,I think we'll just let him go for now. How about if we find you a good bone to chew on instead?,laugh,,True,False
utt__train_ep_004934__008,train_ep_004934,8,dogs,char__dogs,Definitely!! Would you know where I could find that?,,,False,False
utt__train_ep_004934__009,train_ep_004934,9,king,char__king,I'll have the chef save you one from tonight's supper. Can you meander by the castle later tonight?,,,True,False
utt__train_ep_004934__010,train_ep_004934,10,dogs,char__dogs,"Yes, I will be back from hunting with Sir Marcus by then.",,,False,False
utt__train_ep_004934__011,train_ep_004934,11,king,char__king,"Since you're a bloodhound, has he been having you work on tracking?",,,True,False
utt__train_ep_004934__012,train_ep_004934,12,dogs,char__dogs,Every. Single. Day. To be quite honest my nose is exhausted.,laugh,,False,False
utt__train_ep_004934__013,train_ep_004934,13,king,char__king,Well I hearby declare you the title of Royal Bloodhound. Hahaha,,give crown to dogs,True,False
utt__train_ep_004936__000,train_ep_004936,0,enemy,char__enemy,"Good morning, sire. ",,drop cigar,False,False
utt__train_ep_004936__001,train_ep_004936,1,king,char__king,You there seem familiar to me . . . do I know thee from someplace?,frown,,True,False
utt__train_ep_004936__002,train_ep_004936,2,enemy,char__enemy,"I don't know, dear king. I live near here. You probably have seen me around. ",,,False,True
utt__train_ep_004936__003,train_ep_004936,3,king,char__king,"Ah, well then - do you have a case to plead before the Royal Court?",,,True,False
utt__train_ep_004936__004,train_ep_004936,4,enemy,char__enemy,No. I am just admiring the beauty of these doors. Did you pick them out yourself?,,,False,False
utt__train_ep_004936__005,train_ep_004936,5,king,char__king,"They have been part of this castle for the past thirty generations.  Each time a King or Queen dies, their likeness is engraved upon this door.",,,True,True
utt__train_ep_004936__006,train_ep_004936,6,enemy,char__enemy,Amazing. You will be engraved upon it soon. Never to be forgotten. Just... gone. ,grin,,False,False
utt__train_ep_004936__007,train_ep_004936,7,king,char__king,"Well, I certainly hope not!  I have much I hope to accomplish before I die, such as building orphanages, funding hospitals, and ensuring those less fortunate in our kingdom are gainfully employed.",,,True,False
utt__train_ep_004936__008,train_ep_004936,8,enemy,char__enemy,"You say that, king, but your actions say otherwise. ",,hit king,False,True
utt__train_ep_004936__009,train_ep_004936,9,king,char__king,Oh my!  How terribly unexpected!,,drop scepter,True,False
utt__train_ep_004936__010,train_ep_004936,10,enemy,char__enemy,You don't deserve to wear this crown! It's mine now.,,steal crown from king,False,False
utt__train_ep_004936__011,train_ep_004936,11,king,char__king,Unhand that crown you wretch!  It is to be melted down to start a soup kitchen for war veterans!,,steal sword from enemy,True,False
utt__train_ep_004936__012,train_ep_004936,12,enemy,char__enemy,"How dare you pretend to be so noble, you fiend! ",,,False,False
utt__train_ep_004936__013,train_ep_004936,13,king,char__king,Who are you?  Are you the man who ran the child-slavery ring and swore vengeance when I freed the children?,,,True,False
utt__train_ep_004938__000,train_ep_004938,0,king,char__king,Hello?! Who is in here!,,,True,False
utt__train_ep_004938__001,train_ep_004938,1,guest,char__guest,Hello King! It is certainly nice to see you again.,,,False,True
utt__train_ep_004938__002,train_ep_004938,2,king,char__king,Who are you?!,,,True,False
utt__train_ep_004938__003,train_ep_004938,3,guest,char__guest,You do not remember me? It is okay. It is Sir Lance Rover. The Queen invited me over!,,,False,False
utt__train_ep_004938__004,train_ep_004938,4,king,char__king,"Ah! Rover! My old friend, how have you been?!",,,True,False
utt__train_ep_004938__005,train_ep_004938,5,guest,char__guest,"I have been splendid! Just out and about. Tell me King, how is everything in the kingdom? The dining hall looks immaculate! ",,,False,True
utt__train_ep_004938__006,train_ep_004938,6,king,char__king,"War is on going, we have taken a few hits, but have given twice out! Haha! My wife had the hall redone, It....isn't my taste, but it keeps her happy, which keeps me happy! ",,,True,False
utt__train_ep_004938__007,train_ep_004938,7,guest,char__guest,It is a bit godly. But we won't tell her that now will we HAHA. That bless it war is still on going? I was certain you would have put it to an end by now.,,,False,False
utt__train_ep_004938__008,train_ep_004938,8,king,char__king,"We have their fortress surrounded, but I must admit, King Emery did a fine job building the fort. I wish to take it without damaging it. We are having a hell of a time getting in.",,wear crown,True,True
utt__train_ep_004938__009,train_ep_004938,9,guest,char__guest,Is there anyting I could help thee with?,,,False,False
utt__train_ep_004938__010,train_ep_004938,10,king,char__king,"I do wish to walk around the market later today, would you care to join me? as a friend and a guard?",,,True,False
utt__train_ep_004938__011,train_ep_004938,11,guest,char__guest,Oh it would be my pleasure! Just don't get me in trouble with the Queen. We all no how she can be. ,laugh,,False,False
utt__train_ep_004938__012,train_ep_004938,12,king,char__king,Haha! Yes! We will get her something shiny to keep her happy!,,hug guest,True,False
utt__train_ep_004938__013,train_ep_004938,13,guest,char__guest,"Let me go settle up with my things, this suitcase cannot follow us around at the market today!",,drop suitcase,False,False
utt__train_ep_004953__000,train_ep_004953,0,merchant,char__merchant,"Your Majesty, are you here to buy one of my fine wines?",,,False,False
utt__train_ep_004953__001,train_ep_004953,1,king,char__king,"Shhh!  Not so loud, my good man.  I had hoped to make it here without my Queen suspecting I had traversed from the castle without my Royal Guard as escort.  If word gets back that I'm here, the guards will be here before I've even a sip.",sigh,,True,False
utt__train_ep_004953__002,train_ep_004953,2,merchant,char__merchant,"Have a taste of our finest, on the house.",smile,,False,False
utt__train_ep_004953__003,train_ep_004953,3,king,char__king,"Ah, thank you, good merchant.  It is good to get away from all the pomp and circumstance for a time.",sigh,,True,False
utt__train_ep_004953__004,train_ep_004953,4,merchant,char__merchant,Why did you sneak away?,,,False,False
utt__train_ep_004953__005,train_ep_004953,5,king,char__king,"Ah - what a delight oaky afterbirth.  Well, while it is known throughout the kingdom of my might and battle prowess, truthfully ever since I married my queen...",groan,,True,False
utt__train_ep_004953__006,train_ep_004953,6,merchant,char__merchant,Do you want to buy some of the wine to take back with you?,,,False,False
utt__train_ep_004953__007,train_ep_004953,7,king,char__king,"Perhaps I'll have my valet come by and pick up some later.  Best avoid the wrath of queens, especially one bent on propriety.  Ah how I long of the simple thrill of battle, of me with my sword in hand and no rules and fripperies!",,,True,False
utt__train_ep_004953__008,train_ep_004953,8,merchant,char__merchant,"Well when you win that battle, we'll celebrate with my finest wines!",,,False,False
utt__train_ep_004953__009,train_ep_004953,9,king,char__king,"Ah, I'm afraid my Lady cares more for feites and feasts.  And with the increase in diplomacy from these things, so less becomes the need for battle.  The warrior King is a dying breed, I'm afraid.",sigh,,True,True
utt__train_ep_004953__010,train_ep_004953,10,merchant,char__merchant,"Well next time you host a feast, be sure to serve my fine wines! The finest in the kingdom!",wave,,False,False
utt__train_ep_004953__011,train_ep_004953,11,king,char__king,"Well you certainly know how to ply your trade, merchant.  Perhaps I'll even have you come up to the castle sometime, and perhaps you can tempt the Queen with your wares.",smile,,True,False
utt__train_ep_004953__012,train_ep_004953,12,merchant,char__merchant,Here are some samples to share with the Queen.,,give bag to king,False,False
utt__train_ep_004953__013,train_ep_004953,13,king,char__king,"I suppose I can bring them to her directly.  Yes, and why not?  I am brave... I am fearless... I am... the KING!",,,True,True
utt__train_ep_004966__000,train_ep_004966,0,royal family,char__royal_family,"Hello father, how are you doing?",,,False,False
utt__train_ep_004966__001,train_ep_004966,1,king,char__king,I am well family! how are you? Any news?,,,True,False
utt__train_ep_004966__002,train_ep_004966,2,royal family,char__royal_family,Have you made the preparations for my upcoming wedding?,,,False,False
utt__train_ep_004966__003,train_ep_004966,3,king,char__king,I have. the finest feast our kingdom will ever know!,,wear crown,True,False
utt__train_ep_004966__004,train_ep_004966,4,royal family,char__royal_family,Amazing! I can't wait! I couldn't get any sleep last night because I was so excited!,laugh,,False,False
utt__train_ep_004966__005,train_ep_004966,5,king,char__king,Have you prepared your vows?,smile,,True,False
utt__train_ep_004966__006,train_ep_004966,6,royal family,char__royal_family,"Yup, he's definitely the right one for me!",,,False,False
utt__train_ep_004966__007,train_ep_004966,7,king,char__king,Very good! One day it'll be you the people depend on to keep them safe and happy. And I think you have made a fine choice!,,,True,False
utt__train_ep_004966__008,train_ep_004966,8,royal family,char__royal_family,"It is good too, as this marriage will end the war between our kingdoms.",,,False,False
utt__train_ep_004966__009,train_ep_004966,9,king,char__king,I do love a good battle... but my childs happiness is far more important.,,,True,False
utt__train_ep_004966__010,train_ep_004966,10,royal family,char__royal_family,Why thank you father! I love you and thank you so much for letting this wedding happen!,,,False,False
utt__train_ep_004966__011,train_ep_004966,11,king,char__king,"Only for you. Now, have you seen the tailor about what you'll wear?!",,,True,False
utt__train_ep_004966__012,train_ep_004966,12,royal family,char__royal_family,Oh I almost forgot! Thank you for reminding me!,,,False,False
utt__train_ep_004966__013,train_ep_004966,13,king,char__king,"Well go on then, get that done, in a weeks time you will be married! ",,,True,False
utt__train_ep_004979__000,train_ep_004979,0,servant,char__servant,"My King, what can I do for you today?",,,False,True
utt__train_ep_004979__001,train_ep_004979,1,king,char__king,Hello Servant. I am quite famished. What is the chef cooking today?,,wear crown,True,False
utt__train_ep_004979__002,train_ep_004979,2,servant,char__servant,"He is making the Queen's favorite, boiled possum and mashed turnips. You're in for quite a treat. ",,,False,False
utt__train_ep_004979__003,train_ep_004979,3,king,char__king,"I hate turnips. Servant. If I grant you a weeks leave with a 100 gold coins, would you switch mine out with steak and potatoes? ",groan,,True,False
utt__train_ep_004979__004,train_ep_004979,4,servant,char__servant,"The queen would have my neck. I know you are the King, but I'm even more afraid of the Queen than I am of you.",blush,,False,True
utt__train_ep_004979__005,train_ep_004979,5,king,char__king,She is quite intimidating... So you will not help me?,smile,,True,False
utt__train_ep_004979__006,train_ep_004979,6,servant,char__servant,I will try to help you of course. I'm just not sure how to fool the Queen. Do you have any ideas?,,,False,False
utt__train_ep_004979__007,train_ep_004979,7,king,char__king,"I have a large table, it can fit a hundred men. As long as you bring the dish straight to me, she will never notice.",,,True,False
utt__train_ep_004979__008,train_ep_004979,8,servant,char__servant,"Okay, then I'll shove the turnips in this bucket and bring it out to feed the pigs.",,put small bucket in small bucket,False,False
utt__train_ep_004979__009,train_ep_004979,9,king,char__king,You have a bright future if this goes well.,grin,,True,False
utt__train_ep_004979__010,train_ep_004979,10,servant,char__servant,"If the Queen catches us, neither of us will have a very long future, that's for sure.",laugh,,False,False
utt__train_ep_004979__011,train_ep_004979,11,king,char__king,"Not to be grim, but the last queen that tried to take me out is now deceased. ",,,True,False
utt__train_ep_004979__012,train_ep_004979,12,servant,char__servant,"Then I seem to have picked the right side in the great Turnip Battle, your Highness.",,,False,False
utt__train_ep_004979__013,train_ep_004979,13,king,char__king,We shall win this war... on turnips. ,wink,,True,False
utt__train_ep_004982__000,train_ep_004982,0,people,char__people,My king what brings you here today?,,,False,True
utt__train_ep_004982__001,train_ep_004982,1,king,char__king,Inspecting the repairs since the last Orc raid.  How are you holding up?,,,True,False
utt__train_ep_004982__002,train_ep_004982,2,people,char__people,"I am doing well myself, I was fortunate to not have any losses from the raid, others were not so lucky.",,,False,False
utt__train_ep_004982__003,train_ep_004982,3,king,char__king,"Yes, a terrible day it was when they poured over the wall.  I would like you to melt this scepter, and use the gold to further the repair work before they strike again.",,give scepter to people,True,False
utt__train_ep_004982__004,train_ep_004982,4,people,char__people,"Thank you, you are too kind my king. Certainly this can be put to good use for the town.",,,False,True
utt__train_ep_004982__005,train_ep_004982,5,king,char__king,Any other worries you may have?  Any concerns among the citizenry?,,,True,False
utt__train_ep_004982__006,train_ep_004982,6,people,char__people,Aside from it being so busy that one can hardly walk I would say no.,,,False,False
utt__train_ep_004982__007,train_ep_004982,7,king,char__king,Any possible solutions you can think of?,,,True,False
utt__train_ep_004982__008,train_ep_004982,8,people,char__people,"The only thing I could think of would be to possibly build onto the town, simply too many people in a small area.",,,False,False
utt__train_ep_004982__009,train_ep_004982,9,king,char__king,"Well, looks like we will need to melt down my crown as well.  A king is a king whether or not he has a crown - but if he loses his people, he has lost everything.",,give crown to people,True,True
utt__train_ep_004982__010,train_ep_004982,10,people,char__people,You are much too generous sire!,,,False,False
utt__train_ep_004982__011,train_ep_004982,11,king,char__king,"A king must do as he must - remember, there is nothing I care for more than my people.",,,True,True
utt__train_ep_004982__012,train_ep_004982,12,people,char__people,We all feel indebted to you for this reason.,,,False,False
utt__train_ep_004982__013,train_ep_004982,13,king,char__king,"Not to worry, with the new defenses, the Orcs will fall before us!",,,True,False
utt__train_ep_005001__000,train_ep_005001,0,guard,char__guard,How are you today my king?,,,False,True
utt__train_ep_005001__001,train_ep_005001,1,king,char__king,Exceedingly bored. Do something entertaining. ,,,True,False
utt__train_ep_005001__002,train_ep_005001,2,guard,char__guard,Anything in particular my king? I am sort of a guard not so much a jester.,,,False,True
utt__train_ep_005001__003,train_ep_005001,3,king,char__king,I know what you are! Though you seem to forget who I am! Tell me a joke.,frown,,True,False
utt__train_ep_005001__004,train_ep_005001,4,guard,char__guard,Why did George W. Bush cross the road?,,,False,False
utt__train_ep_005001__005,train_ep_005001,5,king,char__king,I don't know. Why?,,,True,False
utt__train_ep_005001__006,train_ep_005001,6,guard,char__guard,To ask his dad how to run the presidency.,,,False,False
utt__train_ep_005001__007,train_ep_005001,7,king,char__king,Nonsense! Got anything else,,,True,False
utt__train_ep_005001__008,train_ep_005001,8,guard,char__guard,I never claimed to be good at jokes my king. ,,,False,True
utt__train_ep_005001__009,train_ep_005001,9,king,char__king,now any magic? ,smile,,True,False
utt__train_ep_005001__010,train_ep_005001,10,guard,char__guard,Sigh...-pulls a rabbit out of his helmet-,,,False,False
utt__train_ep_005001__011,train_ep_005001,11,king,char__king,Whoa! Where did you get a rabbit? ,gasp,,True,False
utt__train_ep_005001__012,train_ep_005001,12,guard,char__guard,"I just had a feeling you might ask me to do such a thing, you do always have strange requests.",,,False,False
utt__train_ep_005001__013,train_ep_005001,13,king,char__king,"So... You just carry rabbits around? Now, that's strange. ",,,True,False
utt__train_ep_005024__000,train_ep_005024,0,subject,char__subject,Is there anything you need my king?,,,False,True
utt__train_ep_005024__001,train_ep_005024,1,king,char__king,Another glass of mead. Thank you!,,,True,False
utt__train_ep_005024__002,train_ep_005024,2,subject,char__subject,"Certainly, right away sire!",,,False,False
utt__train_ep_005024__003,train_ep_005024,3,king,char__king,"Put this somewhere while I bath, servant. Someone tell me a joke.",,give crown to servant,True,False
utt__train_ep_005024__004,train_ep_005024,4,subject,char__subject,"Yes, I will make sure to place it somewhere safe.",,,False,False
utt__train_ep_005024__005,train_ep_005024,5,king,char__king,Joke? You know any?,,,True,False
utt__train_ep_005024__006,train_ep_005024,6,subject,char__subject,I cannot say I know any jokes that would be befitting of your majesty.,,,False,False
utt__train_ep_005024__007,train_ep_005024,7,king,char__king,Have you any hidden talents? Entertain your king!,,,True,True
utt__train_ep_005024__008,train_ep_005024,8,subject,char__subject,I can juggle somewhat?,,,False,False
utt__train_ep_005024__009,train_ep_005024,9,king,char__king,Yes! Let's see that. ,smile,,True,False
utt__train_ep_005024__010,train_ep_005024,10,subject,char__subject,"-begins juggling a pitcher, a scroll and a pitcher of water-",,,False,False
utt__train_ep_005024__011,train_ep_005024,11,king,char__king,Wow! You are really good at that. Maybe you should think of applying for court jester! ,,,True,False
utt__train_ep_005024__012,train_ep_005024,12,subject,char__subject,Does it come with a raise?,,,False,False
utt__train_ep_005024__013,train_ep_005024,13,king,char__king,"Not in gold, but you can take all of the tomatoes home that we throw at you. You'll never go hungry!",,,True,False
utt__train_ep_005026__000,train_ep_005026,0,king,char__king,"Oh my, this won't do at all!  Close it down at once!  Now that the revolutionary patriots are no longer in power, we have no need of their torture devices.",,,True,False
utt__train_ep_005026__001,train_ep_005026,1,person,char__person,"Are you sure, your majesty? These have proved very useful in extracting crucial information in the past.",ponder,,False,False
utt__train_ep_005026__002,train_ep_005026,2,king,char__king,"Yes - no King worthy of the title would harm his subjects.  But the democratic government that came before?  Petty squabbling, separating into parties that are little different from each other in any substantive way . . . attacking and torturing those who do not think like themselves?  No, not in my Kingdom.",,,True,True
utt__train_ep_005026__003,train_ep_005026,3,person,char__person,"You are a wise and fair ruler indeed, my King. I will be sure all of these devices are destroyed so they can no longer harm another individual in this world!",applaud,,False,True
utt__train_ep_005026__004,train_ep_005026,4,king,char__king,"Wonderful!  Furthermore, let us create a constitution that enshrines certain rights for the people - we could call it the Great Charter, a Magna Carta if you will.",,,True,False
utt__train_ep_005026__005,train_ep_005026,5,person,char__person,"Excellent idea, your majesty. What basic rights would you like to see granted to every man and woman?",nod,,False,False
utt__train_ep_005026__006,train_ep_005026,6,king,char__king,"Well, security of the person for a start!  No torture, no unreasonable arrest or seizure of property - we want to ensure these monsters can never abuse the people ever again,even if one day the Crown should fall.",,,True,False
utt__train_ep_005026__007,train_ep_005026,7,person,char__person,"Of course, my King. Have you talked this over with the court? Do they agree with your progressive ideals?",nod,,False,True
utt__train_ep_005026__008,train_ep_005026,8,king,char__king,"Oh, there are always those resistant to change, who want to protect their position of wealth over that of the people - but that happens in both Monarchies and Republics.  It will be a long road good citizen, but we'll get there.  Do you have any suggestions on how we can improve the realm?",,,True,False
utt__train_ep_005026__009,train_ep_005026,9,person,char__person,"Perhaps a percentage of the royal coffers can go towards better infrastructure and health care in the villages. It's quite shocking what years of neglect have done to parts of this kingdom. Thank goodness you are a man of change, your majesty. ",,,False,False
utt__train_ep_005026__010,train_ep_005026,10,king,char__king,"I agree - I daresay, free medicare for all?  It would pay for itself in the long run don't you think?  Peasants spend less time being sick, plagues are harder to spread - don't have to worry about choosing between treating their child or their cow?  Has potential?",,,True,False
utt__train_ep_005026__011,train_ep_005026,11,person,char__person,"The upfront cost will be quite demanding on your personal riches, your majesty. Are you prepared to sacrifice the life of absolute luxury that past monarchs have enjoyed? ",ponder,,False,False
utt__train_ep_005026__012,train_ep_005026,12,king,char__king,"As I said, the ways of the past are behind us - these luxuries serve no use if people are starving in the streets.  What is a King without silks?  Still a King.  Without furs?  Still a King,  Without a people?  Nothing.",,,True,True
utt__train_ep_005026__013,train_ep_005026,13,person,char__person,"You've truly enlightened my mind, sir. The kingdom will surely grow stronger and more prosperous than ever under your rule.",applaud,,False,False
utt__train_ep_005050__000,train_ep_005050,0,blacksmith,char__blacksmith,"Hello, your majesty! What brings you here today?",,,False,False
utt__train_ep_005050__001,train_ep_005050,1,king,char__king,I am here to commission a sword.,,,True,False
utt__train_ep_005050__002,train_ep_005050,2,blacksmith,char__blacksmith,"Ah, mighty fine choice! What'll the specs be?",,,False,False
utt__train_ep_005050__003,train_ep_005050,3,king,char__king,A four foot claymore made with Vasteryin steal and gold etching.,,,True,False
utt__train_ep_005050__004,train_ep_005050,4,blacksmith,char__blacksmith,"Ahh beautiful, any details on the gold etchings?",,,False,False
utt__train_ep_005050__005,train_ep_005050,5,king,char__king,Whatever you think fits.,,,True,False
utt__train_ep_005050__006,train_ep_005050,6,blacksmith,char__blacksmith,"Sounds good to me, what material would you like for the handle? Leather?",,,False,False
utt__train_ep_005050__007,train_ep_005050,7,king,char__king,Yes that would work well.,,,True,False
utt__train_ep_005050__008,train_ep_005050,8,blacksmith,char__blacksmith,"Perfect, well I'll be sure to have that done in, say, three days?",,,False,False
utt__train_ep_005050__009,train_ep_005050,9,king,char__king,Ok well sounds like a deal.,,,True,False
utt__train_ep_005050__010,train_ep_005050,10,blacksmith,char__blacksmith,"What is this sword for, anyhow?",,,False,False
utt__train_ep_005050__011,train_ep_005050,11,king,char__king,A family heirloom.,,,True,False
utt__train_ep_005050__012,train_ep_005050,12,blacksmith,char__blacksmith,"Going to pass down my sword? What an honor, your heiness. ",,,False,False
utt__train_ep_005050__013,train_ep_005050,13,king,char__king,"Of course, you are a master of your craft.",,,True,False
utt__train_ep_005060__000,train_ep_005060,0,king,char__king,"Hello chef, whip up dinner please.",,,True,False
utt__train_ep_005060__001,train_ep_005060,1,chef,char__chef,"Yes, your majesty, we have the freshest fowl and meats, would you like to select your own beast, or shall I have the pleasure?",,,False,False
utt__train_ep_005060__002,train_ep_005060,2,king,char__king,"Surprise me, I will wait.",,,True,False
utt__train_ep_005060__003,train_ep_005060,3,chef,char__chef,"Yes, well we must slaughter the beast first. So it will take a bit. Pheasant then?",,,False,False
utt__train_ep_005060__004,train_ep_005060,4,king,char__king,Yes that sounds fine.,,,True,False
utt__train_ep_005060__005,train_ep_005060,5,chef,char__chef,Excellent choice. I have a new sauce recipe from Bredwell across the sea. Would you like to try it?,,,False,False
utt__train_ep_005060__006,train_ep_005060,6,king,char__king,Ah sounds wonderful good chef.,,,True,False
utt__train_ep_005060__007,train_ep_005060,7,chef,char__chef,Very well. And you beverage this evening?,smile,,False,False
utt__train_ep_005060__008,train_ep_005060,8,king,char__king,"Wine, red to specify.",,,True,False
utt__train_ep_005060__009,train_ep_005060,9,chef,char__chef,"Yes, I believe we have your favorite. Now back to the meat, if I recall you prefer roasted. Correct?",,,False,False
utt__train_ep_005060__010,train_ep_005060,10,king,char__king,"Thank you I will sit here for now, and yes roasted.",,,True,False
utt__train_ep_005060__011,train_ep_005060,11,chef,char__chef,"Very good, excuse me while I go tell Bernard to break up that fight across the room.",smile,,False,False
utt__train_ep_005060__012,train_ep_005060,12,king,char__king,No problem.,,,True,False
utt__train_ep_005060__013,train_ep_005060,13,chef,char__chef,"Ah, your majesty, your dinner: roasted pheasant with Bredwell blood sauce and your favorite red wine.",,,False,False
utt__train_ep_005062__000,train_ep_005062,0,king,char__king,What on Earth are you doing down here?,,,True,False
utt__train_ep_005062__001,train_ep_005062,1,traders,char__traders,I have come to offer my services to the King.,,,False,True
utt__train_ep_005062__002,train_ep_005062,2,king,char__king,"Down in the secret tunnel? That's a bit absurd, no?",,,True,False
utt__train_ep_005062__003,train_ep_005062,3,traders,char__traders,I'm a resourceful man. Don't you see I'm in this tunnel?,,,False,False
utt__train_ep_005062__004,train_ep_005062,4,king,char__king,Uh... yes I do see you in this tunnel and I am not quite sure why.,,,True,False
utt__train_ep_005062__005,train_ep_005062,5,traders,char__traders,"Look at this pumpkin. I managed to get this large pumpkin into your tunnels, past your guards and spies. What else do you think I could smuggle in for you?",,give Pumpkin to king,False,False
utt__train_ep_005062__006,train_ep_005062,6,king,char__king,"Hmm where did all of this experience come from? Not illegal ways, correct?",,,True,False
utt__train_ep_005062__007,train_ep_005062,7,traders,char__traders,I am naturally gifted my King.,wink,,False,True
utt__train_ep_005062__008,train_ep_005062,8,king,char__king,Well... what did you have in mind? I don't see any real applications for you unless you can suggest any?,,,True,False
utt__train_ep_005062__009,train_ep_005062,9,traders,char__traders,"As a King all things are accessible to you, but not all things that you desire will be appropriate for you. I can help bring you those things.",,,False,True
utt__train_ep_005062__010,train_ep_005062,10,king,char__king,"Again, that is rather vague. What do you think other than keeping you on retainer?",,,True,False
utt__train_ep_005062__011,train_ep_005062,11,traders,char__traders,"I have information that has eluded your best spies, that's how I knew you had a secret desire for pumpkins.",,,False,False
utt__train_ep_005062__012,train_ep_005062,12,king,char__king,"I see... well that is correct knowledge, they are quite lucrative. ",,,True,False
utt__train_ep_005062__013,train_ep_005062,13,traders,char__traders,"I am on good knowledge that the most powerful men of the future will be, not the possessors of the largest castles, but the possessors of the most information.",,,False,False
utt__train_ep_005066__000,train_ep_005066,0,king,char__king,It is unusual for you to come up here my queen.,,,True,False
utt__train_ep_005066__001,train_ep_005066,1,queen,char__queen,I've spent all day sitting on that horrible throne while you stay up here with your books. If I didn't know better I'd think you care more about them than me - your lovely and beautiful queen!,pout,,False,False
utt__train_ep_005066__002,train_ep_005066,2,king,char__king,"Oh you know good and well that is not the case, I simply do not wish to appear a simpleton.",,,True,False
utt__train_ep_005066__003,train_ep_005066,3,queen,char__queen,You don't wish to appear a simpleton! You know what cause you to appear a simpleton? staying up here while I have to deal with all those chattering hanger-ons at court. ,,drop Books,False,False
utt__train_ep_005066__004,train_ep_005066,4,king,char__king,Is there something that needs my attention?,,,True,False
utt__train_ep_005066__005,train_ep_005066,5,queen,char__queen,"Your beautiful, wonderful, ever brilliant queen needs you attention! Look at this place! Its a mess! can't you even get the made to clean up a little?",,,False,False
utt__train_ep_005066__006,train_ep_005066,6,king,char__king,"Well this is mostly my chambers, I like to think of it as organized chaos.",,,True,False
utt__train_ep_005066__007,train_ep_005066,7,queen,char__queen,ORGANIZED CHAOS! Well. If I'd married your brother I would never have to deal with all this.,,,False,False
utt__train_ep_005066__008,train_ep_005066,8,king,char__king,"Yeah, but to be fair he is bald and has that beer belly...",,,True,False
utt__train_ep_005066__009,train_ep_005066,9,queen,char__queen,He also spends time at court you know. Not up here with books! Too bad he didn't become king. ,,,False,True
utt__train_ep_005066__010,train_ep_005066,10,king,char__king,Perhaps he wasn't as well read?,,,True,False
utt__train_ep_005066__011,train_ep_005066,11,queen,char__queen,hmph! That is NOT amusing!,,,False,False
utt__train_ep_005066__012,train_ep_005066,12,king,char__king,"Well I found it comical, different senses of humor I suppose.",,,True,False
utt__train_ep_005066__013,train_ep_005066,13,queen,char__queen,"Well, I didn't. And I have a queens sense of humor, which is far better than anyone else's.",,,False,False
utt__train_ep_005067__000,train_ep_005067,0,king,char__king,Its always nice to take a moment of peace out here to ourselves.,,,True,False
utt__train_ep_005067__001,train_ep_005067,1,queen,char__queen,"Indeed. The commoners can be so..trying, sometimes",,,False,False
utt__train_ep_005067__002,train_ep_005067,2,king,char__king,It all comes with the job I suppose.,,,True,False
utt__train_ep_005067__003,train_ep_005067,3,queen,char__queen,"Sometimes it's a bit much, but such is the job of royalty.",,,False,False
utt__train_ep_005067__004,train_ep_005067,4,king,char__king,"At the end of the day someone has to lead them, the responsibility lies with us.",,,True,False
utt__train_ep_005067__005,train_ep_005067,5,queen,char__queen,"Well, mainly with you, dear. I'm just a figurehead, meant to keep our two kingdoms together. You could replace me with that dragon statue over there and no one would notice.",,,False,False
utt__train_ep_005067__006,train_ep_005067,6,king,char__king,I would notice.,,,True,False
utt__train_ep_005067__007,train_ep_005067,7,queen,char__queen,Thank you. I hoped you were a good man when my father brought me here. I'm glad I was right.,,hug king,False,False
utt__train_ep_005067__008,train_ep_005067,8,king,char__king,"I try to be, that is all anyone can do.",,,True,False
utt__train_ep_005067__009,train_ep_005067,9,queen,char__queen,"That's what makes you a good king, and why the commoners love you",,,False,True
utt__train_ep_005067__010,train_ep_005067,10,king,char__king,"I appreciate the kind words my queen, I simply attempt to be a respectable leader.",,,True,False
utt__train_ep_005067__011,train_ep_005067,11,queen,char__queen,"I can tell they respect you. I don't know how you do it..all that court room chatter gave me such a headache. I just wanted to tell the last batch to come back next week, but you listened to them all!",,,False,False
utt__train_ep_005067__012,train_ep_005067,12,king,char__king,"It's not as if I never feel that way, I just understand that at the end of the day it falls to me to sort it out. Out here on the balcony though all of that is washed away.",,,True,False
utt__train_ep_005067__013,train_ep_005067,13,queen,char__queen,"I agree, dear. It's nice to look out over the kingdom while it's quiet. It makes me appreciate what we're doing here.",,,False,False
utt__train_ep_005088__000,train_ep_005088,0,king,char__king,"Hello, queen. How are you today?",,,True,False
utt__train_ep_005088__001,train_ep_005088,1,queen,char__queen,"A bit under the weather, my dear. I've got a headache from all the loud chatter back there. ",,,False,False
utt__train_ep_005088__002,train_ep_005088,2,king,char__king,Shall we ask the maid to make the bed for you early?,,,True,False
utt__train_ep_005088__003,train_ep_005088,3,queen,char__queen,"Yes, please. And perhaps some herbal tea as well? ",nod,,False,False
utt__train_ep_005088__004,train_ep_005088,4,king,char__king,"Of course, I'll ask her soon enough.",,,True,False
utt__train_ep_005088__005,train_ep_005088,5,queen,char__queen,"Thank you, my love. What are your plans for the rest of the day?",,,False,False
utt__train_ep_005088__006,train_ep_005088,6,king,char__king,I believe we are to negotiate a peace treaty with the neighboring kingdoms later today.,,,True,False
utt__train_ep_005088__007,train_ep_005088,7,queen,char__queen,I see. I am sorry I will not be there to accompany you. ,,,False,False
utt__train_ep_005088__008,train_ep_005088,8,king,char__king,"No worries, queen. We will do great regardless.",,,True,False
utt__train_ep_005088__009,train_ep_005088,9,queen,char__queen,Will you be long? I was hoping we could have some time to ourselves later. ,blush,,False,False
utt__train_ep_005088__010,train_ep_005088,10,king,char__king,"I suspect that it will end rather early, so I think that could be arranged. ",wink,,True,False
utt__train_ep_005088__011,train_ep_005088,11,queen,char__queen,"Delightful. Before I forget, I got you a gift. I know how much you love to read!",,give Books to king,False,False
utt__train_ep_005088__012,train_ep_005088,12,king,char__king,Ooo this is an early edition! How did you get ahold of this?,,,True,False
utt__train_ep_005088__013,train_ep_005088,13,queen,char__queen,"I asked the librarian for a special favor. With a bribe, of course. ",wink,,False,False
utt__train_ep_005128__000,train_ep_005128,0,king,char__king,I see you are enjoying your time behind the bars,,,True,False
utt__train_ep_005128__001,train_ep_005128,1,murderer,char__murderer,"You know, it isn't half bad here. I can't wait to get out just to spite you though.",,,False,False
utt__train_ep_005128__002,train_ep_005128,2,king,char__king,you will rot in there. i will see to that,,,True,False
utt__train_ep_005128__003,train_ep_005128,3,murderer,char__murderer,"You think your guards can stop ME? They have no real experience, just against targets and dummies!",,,False,False
utt__train_ep_005128__004,train_ep_005128,4,king,char__king,You speak so lowly of the King's guard. I will have them behead you ,,,True,False
utt__train_ep_005128__005,train_ep_005128,5,murderer,char__murderer,How else am I to speak about such amateurs?!,,,False,False
utt__train_ep_005128__006,train_ep_005128,6,king,char__king,They are no amateurs,,,True,False
utt__train_ep_005128__007,train_ep_005128,7,murderer,char__murderer,Send one in here and I will prove it!,,,False,False
utt__train_ep_005128__008,train_ep_005128,8,king,char__king,I wont do that! ,,,True,False
utt__train_ep_005128__009,train_ep_005128,9,murderer,char__murderer,Then you are just as insecure about their talent as I thought.,laugh,,False,False
utt__train_ep_005128__010,train_ep_005128,10,king,char__king,Stop your evil laughter. It's annoying ,,hit murderer,True,False
utt__train_ep_005128__011,train_ep_005128,11,murderer,char__murderer,"Of all the people to attack me, it's you who is just a placeholder with no talent? Come here and die!",,hit king,False,False
utt__train_ep_005128__012,train_ep_005128,12,king,char__king,I wont step inside there with you. It is demeaning ,,,True,False
utt__train_ep_005128__013,train_ep_005128,13,murderer,char__murderer,"Well then let me out, coward!",,,False,False
utt__train_ep_005209__000,train_ep_005209,0,king,char__king,I wish to discuss the marriage of your daughter to my son.,,,True,False
utt__train_ep_005209__001,train_ep_005209,1,king,char__king,The two kingdoms would benefit from an alliance between our families. ,,,True,False
utt__train_ep_005209__002,train_ep_005209,2,king,char__king,"Indeed, your daughter appears to be quite the scholar?",,,True,False
utt__train_ep_005209__003,train_ep_005209,3,king,char__king,As does your son. ,,,True,False
utt__train_ep_005209__004,train_ep_005209,4,king,char__king,"Yes, he recently returned from a journey to Cathay!  Many strange customs and fabulous riches in that distant land.",,,True,False
utt__train_ep_005209__005,train_ep_005209,5,king,char__king,Is he interested in adventure to conquer the land? I need one more to spice my life. ,,,True,False
utt__train_ep_005209__006,train_ep_005209,6,king,char__king,Yes!  And some of those lands even contain spices!,,,True,False
utt__train_ep_005209__007,train_ep_005209,7,king,char__king,He would get my approval if he slays a dragon in that tland. ,,,True,False
utt__train_ep_005209__008,train_ep_005209,8,king,char__king,Does your daughter's library contain any books on dragons?,,,True,False
utt__train_ep_005209__009,train_ep_005209,9,king,char__king,"No, She burnth the ones I gave to her. ",,,True,False
utt__train_ep_005209__010,train_ep_005209,10,king,char__king,Why would she burn books?,,,True,False
utt__train_ep_005209__011,train_ep_005209,11,king,char__king,She doesn't want anyone speaking about dragons. ,,,True,False
utt__train_ep_005209__012,train_ep_005209,12,king,char__king,"Oh, so not even you?",,,True,False
utt__train_ep_005209__013,train_ep_005209,13,king,char__king,I have maps to the distant kingdom if interests your son. ,,,True,False
utt__train_ep_005230__000,train_ep_005230,0,king,char__king,It is time to reward you for your great deeds!,,get gold,True,False
utt__train_ep_005230__001,train_ep_005230,1,mightiest warriors,char__mightiest_warriors,What is it that you are going to reward me with sire?,,,False,False
utt__train_ep_005230__002,train_ep_005230,2,king,char__king,As much gold as you can carry!  Is there anything else here that you desire?,,give gold to mightiest warriors,True,False
utt__train_ep_005230__003,train_ep_005230,3,mightiest warriors,char__mightiest_warriors,"Do you have any bones, I do quite like bones to decorate myself with.",,,False,False
utt__train_ep_005230__004,train_ep_005230,4,king,char__king,There's a Dragon Skull in the den - would that be to your liking?,,,True,False
utt__train_ep_005230__005,train_ep_005230,5,mightiest warriors,char__mightiest_warriors,"Oh most excellent, perhaps I can fashion it into a helmet.",,,False,False
utt__train_ep_005230__006,train_ep_005230,6,king,char__king,"Could be, dragon bones are known for their strength.  Please - regale me with a tale of your heroic deeds!",,,True,False
utt__train_ep_005230__007,train_ep_005230,7,mightiest warriors,char__mightiest_warriors,"Well as you may already know, I ripped one thousand orcs apart with my hands.",,,False,False
utt__train_ep_005230__008,train_ep_005230,8,king,char__king,That sounds like it must be hard on the fingernails!,,,True,False
utt__train_ep_005230__009,train_ep_005230,9,mightiest warriors,char__mightiest_warriors,You get tougher the more you do it.,,,False,False
utt__train_ep_005230__010,train_ep_005230,10,king,char__king,I would imagine!  Any other tales of heroics?,,,True,False
utt__train_ep_005230__011,train_ep_005230,11,mightiest warriors,char__mightiest_warriors,"Well not to brag, but I did once punch a dragon in the snout.",,,False,False
utt__train_ep_005230__012,train_ep_005230,12,king,char__king,Did it hurt?,,,True,False
utt__train_ep_005230__013,train_ep_005230,13,mightiest warriors,char__mightiest_warriors,"Him? Oh you bet, snarled and all that.",,,False,False
utt__train_ep_005263__000,train_ep_005263,0,king,char__king,How are you today officer?,,,True,False
utt__train_ep_005263__001,train_ep_005263,1,officer,char__officer,"Very well, My King",,,False,True
utt__train_ep_005263__002,train_ep_005263,2,king,char__king,What brings you to the garden?,,,True,False
utt__train_ep_005263__003,train_ep_005263,3,officer,char__officer,"I came to enjoy nature, my King",,,False,True
utt__train_ep_005263__004,train_ep_005263,4,king,char__king,"Aye, I enjoy a stroll through this area as well.",,,True,False
utt__train_ep_005263__005,train_ep_005263,5,officer,char__officer,I can see you're a lover of nature also my king,,,False,True
utt__train_ep_005263__006,train_ep_005263,6,king,char__king,"Certainly, I mean look at that waterfall it is simply gorgeous.",,,True,False
utt__train_ep_005263__007,train_ep_005263,7,officer,char__officer,"Indeed My king, Only the princess looks more adoring in all of the seven kingdoms",,,False,True
utt__train_ep_005263__008,train_ep_005263,8,king,char__king,Well she is my daughter after all.,laugh,,True,False
utt__train_ep_005263__009,train_ep_005263,9,officer,char__officer,"Surely, she takes after you in good looks",,,False,False
utt__train_ep_005263__010,train_ep_005263,10,king,char__king,"Well mostly the queen, she does get her demeanor from me though.",,,True,False
utt__train_ep_005265__000,train_ep_005265,0,brother,char__brother,"Oh, hello sire..forgive me for not bowing sooner.",,,False,False
utt__train_ep_005265__001,train_ep_005265,1,king,char__king,Preoccupied browsing the market I imagine?,,,True,False
utt__train_ep_005265__002,train_ep_005265,2,brother,char__brother,Absolutely your highness! There's such great deals . I chatter with the peasants from time to time for the best deals.,laugh,,False,False
utt__train_ep_005265__003,train_ep_005265,3,king,char__king,"Oh don't I know it, the market is always bustling as of late.",,,True,False
utt__train_ep_005265__004,train_ep_005265,4,brother,char__brother,Indeed it is! I'm actually surprised to see you here. You must be attending royal business. I hope my conversation is not keeping you.,,,False,False
utt__train_ep_005265__005,train_ep_005265,5,king,char__king,"I always make time for my citizens, it is important to connect with the people.",,,True,False
utt__train_ep_005265__006,train_ep_005265,6,brother,char__brother,We are so gracious to have such a loving and honorable king!,smile,,False,True
utt__train_ep_005265__007,train_ep_005265,7,king,char__king,"Your praises are appreciated, I simply try and do my best to make sure that everything runs smoothly.",,,True,False
utt__train_ep_005265__008,train_ep_005265,8,brother,char__brother,Most certainty. I can only hope to be as honorable as you one day sire. Such an inspiration to the people. Is there anything I can do for you while I am in your good graces?,ponder,,False,False
utt__train_ep_005265__009,train_ep_005265,9,king,char__king,"Why not sit for a drink at the bar, if it suites your fancy.",,,True,False
utt__train_ep_005265__010,train_ep_005265,10,brother,char__brother,Why I would be honored to have a drink with his royal highness!,gasp,,False,False
utt__train_ep_005265__011,train_ep_005265,11,king,char__king,I am certain you have been a great help to the people given your profession.,,,True,False
utt__train_ep_005265__012,train_ep_005265,12,brother,char__brother,"I do what I can, but it certainly doesn't compare to that of a king!",smile,,False,True
utt__train_ep_005265__013,train_ep_005265,13,king,char__king,"Everyone serves a purpose in my mind, each piece contributes to making the puzzle what it is.",,,True,False
utt__train_ep_005270__000,train_ep_005270,0,knight,char__knight,How may I serve you my King?,,,False,True
utt__train_ep_005270__001,train_ep_005270,1,king,char__king,"Knight, did you see that? That flicker of light? I believe we have fairies around us",,,True,False
utt__train_ep_005270__002,train_ep_005270,2,knight,char__knight,The small folk would say we are about to receive their blessing.,,,False,False
utt__train_ep_005270__003,train_ep_005270,3,king,char__king,"Do you see how badly the entrance to the castle has become? It needs repair, but I am afraid that we would chase off the fairies and the magical quality would be of no more",,,True,False
utt__train_ep_005270__004,train_ep_005270,4,knight,char__knight,"Yes, fairy magic can be dangerous if handled improperly.  Have you consulted the court wizard?",,,False,False
utt__train_ep_005270__005,train_ep_005270,5,king,char__king,You are right! Please have the servants tell the wizard that I summon him before me,,,True,False
utt__train_ep_005270__006,train_ep_005270,6,knight,char__knight,Right away sire!  Anyone else you wish to consult with?,,,False,False
utt__train_ep_005270__007,train_ep_005270,7,king,char__king,The high priestess! And the witch.,,,True,False
utt__train_ep_005270__008,train_ep_005270,8,knight,char__knight,The witch!  Can she be trusted?,,,False,False
utt__train_ep_005270__009,train_ep_005270,9,king,char__king,She will or she will be thrown in the castle prison!,,,True,False
utt__train_ep_005270__010,train_ep_005270,10,knight,char__knight,You are wise sire!,,,False,False
utt__train_ep_005270__011,train_ep_005270,11,king,char__king,"I only can be as wise as my men, for everyone gives me much education.",,,True,False
utt__train_ep_005270__012,train_ep_005270,12,knight,char__knight,"We could all learn to be as wise as you, oh great king!",,,False,True
utt__train_ep_005270__013,train_ep_005270,13,king,char__king,You are a good man! I truly am glad you are by my side and on my side!,,,True,False
utt__train_ep_005281__000,train_ep_005281,0,courtier,char__courtier,My Liege. You wanted to see me?,smile,,False,False
utt__train_ep_005281__001,train_ep_005281,1,king,char__king,Excellent I have been expecting your arrival.,,,True,False
utt__train_ep_005281__002,train_ep_005281,2,courtier,char__courtier,Of course my King. How may I aid you?,,,False,True
utt__train_ep_005281__003,train_ep_005281,3,king,char__king,"Well I have this letter for the queen, could you perhaps carry it for me?",,,True,False
utt__train_ep_005281__004,train_ep_005281,4,courtier,char__courtier,"But of course, your highness. Will there be anything else?",nod,,False,False
utt__train_ep_005281__005,train_ep_005281,5,king,char__king,"Hmm no that was all, she is a strange one and still requires love letters else she complains that I am uninterested.",,,True,False
utt__train_ep_005281__006,train_ep_005281,6,courtier,char__courtier,I am afraid that despite anything else our Queen is still a woman and thus requires it so. Such an attentive thing to do my King.,smile,,False,True
utt__train_ep_005281__007,train_ep_005281,7,king,char__king,"They can certainly be a handful at times, I mean I do have to already fret with keeping the kingdom in order.",,,True,False
utt__train_ep_005281__008,train_ep_005281,8,courtier,char__courtier,Yes Lord. And such a wonderful job you are doing but maybe....,,,False,False
utt__train_ep_005281__009,train_ep_005281,9,king,char__king,Maybe what you say?,,,True,False
utt__train_ep_005281__010,train_ep_005281,10,courtier,char__courtier,"Forgive the suggestion, my Lord but… I often wonder that maybe the Queen’s intention is to keep you sometimes a bit more distracted so your head is not in the matters of the state? Absent minded for a certain treaty with a certain country perhaps?",,,False,False
utt__train_ep_005281__011,train_ep_005281,11,king,char__king,Do you really think she would do such a thing?,,,True,False
utt__train_ep_005281__012,train_ep_005281,12,courtier,char__courtier,"I mean not to pry but, have you notice if her increased beseeching for your attention is au pair when certain matters of the Crown arise?",smile,,False,False
utt__train_ep_005281__013,train_ep_005281,13,king,char__king,"I just always assumed her to be needy, I never quite thought it that way.",,,True,False
utt__train_ep_005393__000,train_ep_005393,0,debtor,char__debtor,"Hello my King, have you come to set me free so that I can return to my family?",,,False,True
utt__train_ep_005393__001,train_ep_005393,1,king,char__king,Set you free? How dare you even request it! Your unpaid debts will have you locked up for years to come. ,,,True,False
utt__train_ep_005393__002,train_ep_005393,2,debtor,char__debtor,"But..but..sire, how my family survive without me? Is there nothing I can do to quell your anger?",,,False,False
utt__train_ep_005393__003,train_ep_005393,3,king,char__king,"Your family is better without you, what kind of example do you think your dishonesty sets for your son?",frown,,True,False
utt__train_ep_005393__004,train_ep_005393,4,debtor,char__debtor,"I am not dishonest my King, and not even you may call me such!",,hit king,False,True
utt__train_ep_005393__005,train_ep_005393,5,king,char__king,"GUARD! Get this scum off of me at once. How dare you, you scoundril!",,,True,False
utt__train_ep_005393__006,train_ep_005393,6,debtor,char__debtor,"I am no scoundrel either, I'm just unlucky. But I have my pride, if not for your guards, I would kill you!",scream,,False,False
utt__train_ep_005393__007,train_ep_005393,7,king,char__king,I have no time for a debate with you little man. I'm here on important business.,,,True,False
utt__train_ep_005393__008,train_ep_005393,8,debtor,char__debtor,And what business could you have with one such as I sire? Except for hurling insults at me.,,,False,False
utt__train_ep_005393__009,train_ep_005393,9,king,char__king,It's been brought to my attention that you've been working with other prisoners to plan an escape. This is a foolhardy task you're undertaking.,,,True,False
utt__train_ep_005393__010,train_ep_005393,10,debtor,char__debtor,I know of no such plan. I have no idea what you are talking abut.,pout,,False,False
utt__train_ep_005393__011,train_ep_005393,11,king,char__king,"Exactly what I figured you would say. Well, no bother anyways. We'll see to it that your conspirators are swiftly taken care of, you can just sit here and know these screams are your fault.",,,True,False
utt__train_ep_005393__012,train_ep_005393,12,debtor,char__debtor,"Wait, wait, perhaps I could remember who is leading this plan and what the plan is if you...agree to let me go in exchange?",grin,,False,False
utt__train_ep_005393__013,train_ep_005393,13,king,char__king,You really are clueless aren't you. How you can even fathom that your freedom may be an option at this point is inconceivable. ,sigh,,True,False
utt__train_ep_005464__000,train_ep_005464,0,king,char__king,Hello guard how are you this fine afternoon!,nod,,True,False
utt__train_ep_005464__001,train_ep_005464,1,guard,char__guard,Good my king! Im just doing my duty of protecting your beautiful castle! Anything I can help you with?,,,False,True
utt__train_ep_005464__002,train_ep_005464,2,king,char__king,"Maybe so, have you heard anymore about the dragon terrorizing the people of my kingdom?",,,True,False
utt__train_ep_005464__003,train_ep_005464,3,guard,char__guard,Of course! Is it back again!?!,,wear sword,False,False
utt__train_ep_005464__004,train_ep_005464,4,king,char__king,No but I would like to assemble a team to go search for it's nest. ,,,True,False
utt__train_ep_005464__005,train_ep_005464,5,guard,char__guard,Oh I was ready to fight! Do you have any idea where its lair is?,,remove sword,False,False
utt__train_ep_005464__006,train_ep_005464,6,king,char__king,I think it may be out east in Kissanthia but I'm not certain. ,,,True,False
utt__train_ep_005464__007,train_ep_005464,7,guard,char__guard,That would make sense! We should assemble a team of our strongest men and attack while it is sleeping!,gasp,,False,False
utt__train_ep_005464__008,train_ep_005464,8,king,char__king,Guard I am going to be sending 2 scouts to Kissanthia to try and locate it. When we know its exact location we can form a strategy to kill the beast. We can't just send out a militia all willy nilly,laugh,,True,False
utt__train_ep_005464__009,train_ep_005464,9,guard,char__guard,"Yeah that was a bit silly of me, you are completely right. Good thing you are the one making the plans not me!",blush,,False,False
utt__train_ep_005464__010,train_ep_005464,10,king,char__king,Don't be so  hard on yourself! You are a good guard,,,True,False
utt__train_ep_005464__011,train_ep_005464,11,guard,char__guard,Thank you! Is there anything else I can do to serve you?!,smile,,False,False
utt__train_ep_005464__012,train_ep_005464,12,king,char__king,"I would like for you to get some of your men together, the strongest and most strategic thinkers. You are going to be in charge of slaughtering the dragon once we have located it",,,True,False
utt__train_ep_005464__013,train_ep_005464,13,guard,char__guard,This is a great plan! I will get started right away!,smile,,False,False
utt__train_ep_005473__000,train_ep_005473,0,king,char__king,"Well, well well. What do we have here?",,,True,False
utt__train_ep_005473__001,train_ep_005473,1,townperson,char__townperson,I'm just visiting the apothecary getting a remedy for my husband. His stomach rumbles and makes him visit the chamber pot repeatedly.,,,False,False
utt__train_ep_005473__002,train_ep_005473,2,king,char__king,That sounds horrid! Where is that old fool apothecary? You have urgent need for aid!,,,True,False
utt__train_ep_005473__003,train_ep_005473,3,townperson,char__townperson,"I've been waiting for him for quite some time. I have no idea where he has wandered off to, and it is quite distressing. Why are you here today?",frown,,False,False
utt__train_ep_005473__004,train_ep_005473,4,king,char__king,"Well, I have certain need for various ointments and such...its none of your business!",growl,,True,False
utt__train_ep_005473__005,train_ep_005473,5,townperson,char__townperson,"Ah, I understand. These things are much of a personal nature. I believe I saw an ointment labeled ""For all that ails your bum"" on that shelf over there.",,,False,False
utt__train_ep_005473__006,train_ep_005473,6,king,char__king,"Ah, yes, well.. that's good..um, just in case. Say, look at that dog there. You don't think the apothecary has a mishap with one of his formulas do you?",,,True,False
utt__train_ep_005473__007,train_ep_005473,7,townperson,char__townperson,I do love dogs! And this one has a peculiar smell. When I hugged him just now I noticed an odor of menthol. Perhaps it IS the apothecary!,,hug dogs,False,False
utt__train_ep_005473__008,train_ep_005473,8,king,char__king,"Well, I suppose I'll just have to return with payment later for erm, these various...erm...creams.",sigh,,True,False
utt__train_ep_005473__009,train_ep_005473,9,townperson,char__townperson,"Yes, Your Highness. I will wait here for a while and pet this dog. If I discover anything, I will let you know.",,,False,False
utt__train_ep_005473__010,train_ep_005473,10,king,char__king,"Don't pet him too much, you may catch whatever he's got!",laugh,,True,False
utt__train_ep_005473__011,train_ep_005473,11,townperson,char__townperson,"Good point, Your Highness! I hope you feel better soon!",laugh,,False,False
utt__train_ep_005473__012,train_ep_005473,12,king,char__king,"No, I feel great, wonderful in fact. These aren't for me!",,,True,False
utt__train_ep_005473__013,train_ep_005473,13,townperson,char__townperson,"Good to hear, Sire!",,,False,False
utt__train_ep_005477__000,train_ep_005477,0,guest,char__guest,"Hello sire, how is my most famous cousin today?",,,False,False
utt__train_ep_005477__001,train_ep_005477,1,king,char__king,I am doing great! It has been forever since I have seen you last! How gave you been?,,,True,False
utt__train_ep_005477__002,train_ep_005477,2,guest,char__guest,"I have been well sire. I have travelled far and wide and sung for many a court. But, it is good to be back in my homeland. How fares the kingdom?",,,False,False
utt__train_ep_005477__003,train_ep_005477,3,king,char__king,The kingdom is doing wonderful! We are going to war with a nearby nation.,,,True,False
utt__train_ep_005477__004,train_ep_005477,4,guest,char__guest,That sounds...interesting. Why are you going to war cousin? ,,,False,False
utt__train_ep_005477__005,train_ep_005477,5,king,char__king,They have enslaved a few of our citizens and I will get them back!,,,True,False
utt__train_ep_005477__006,train_ep_005477,6,guest,char__guest,"Perhaps I could go to them as an emmissary and see if we can avoid the bloodshed sire, unless your heart is set on battle, of course.",,,False,False
utt__train_ep_005477__007,train_ep_005477,7,king,char__king,You were always my best advisor. I would like you to negotiate the terms with them if you possibly could.,,,True,False
utt__train_ep_005477__008,train_ep_005477,8,guest,char__guest,"I have seen many lands and many wars. It has taught me that there are no winners, just survivors. If I can solve this matter diplomatically, it would be my honor to do so. Shall I leave after the feast this evening?",,,False,False
utt__train_ep_005477__009,train_ep_005477,9,king,char__king,Yes and make sure to take two of my best guards for safety measures.,,,True,False
utt__train_ep_005477__010,train_ep_005477,10,guest,char__guest,"Thank you, I will do that. Best to be safe, the road can be dangerous. But for now, what shall I sing for you at the feast sire? ",,,False,False
utt__train_ep_005477__011,train_ep_005477,11,king,char__king,Shoe me what the best of tunes you have gathered on your journeys!,,,True,False
utt__train_ep_005477__012,train_ep_005477,12,guest,char__guest,"Here sire, I have collected many songs in this book. Pick any you like. Now, where is the queen today? I have not seen her since my arrival.",,,False,False
utt__train_ep_005477__013,train_ep_005477,13,king,char__king,"She has been feeling ill for quite a time, but we have the best doctors with her. Let us see let us go with this one referred as ""Gucci Gang""?",,,True,False
utt__train_ep_005513__000,train_ep_005513,0,servant,char__servant,my humble king. What am I to do to serve you? ,,,False,True
utt__train_ep_005513__001,train_ep_005513,1,king,char__king,Ahhh. My loyal servant. Polish my scepter. ,,give scepter to servant,True,False
utt__train_ep_005513__002,train_ep_005513,2,servant,char__servant,Yes my lord. I will polish it immediately. Am I to return it to you personally? ,,put scepter in small bucket,False,False
utt__train_ep_005513__003,train_ep_005513,3,king,char__king,Yes. Yes. Of course. Also check the jewels in my crown. They seem loose. ,,give crown to servant,True,False
utt__train_ep_005513__004,train_ep_005513,4,servant,char__servant,But sire I am not qualified to do that. Would you prefer I take it to someone? ,,,False,False
utt__train_ep_005513__005,train_ep_005513,5,king,char__king,Oh fine then. ,sigh,,True,False
utt__train_ep_005513__006,train_ep_005513,6,servant,char__servant, I am sorry sir the rug startled me,,drop crown,False,False
utt__train_ep_005513__007,train_ep_005513,7,king,char__king,Haha! That's bear I slain on my latest hunting trip. He's a mighty beast!,laugh,,True,False
utt__train_ep_005513__008,train_ep_005513,8,servant,char__servant,and if I may ask where did you go hunting sire? ,,,False,False
utt__train_ep_005513__009,train_ep_005513,9,king,char__king,The great woods of course. This bear was stealing children in the kingdom. Surely you heard about it.,,,True,False
utt__train_ep_005513__010,train_ep_005513,10,servant,char__servant,sire. I have not been outside of these walls in quiet some time. I have not seen my family in ages. ,,,False,False
utt__train_ep_005513__011,train_ep_005513,11,king,char__king,Such is the life of a servant I suppose. How's that scepter looking?,,,True,False
utt__train_ep_005513__012,train_ep_005513,12,servant,char__servant,it is almost ready sire. and the crown who would you like me to take it to? ,,get scepter from small bucket,False,False
utt__train_ep_005513__013,train_ep_005513,13,king,char__king,Here just give it back. I'll have the queen find someone.,,,True,False
utt__train_ep_005517__000,train_ep_005517,0,queen,char__queen,"These commoners are disgusting, darling. Quickly, buy me something from this merchant to cheer me up.",frown,,False,False
utt__train_ep_005517__001,train_ep_005517,1,king,char__king,Im sorry but we need to be here. Merchant! Give me your finest wine!,,,True,False
utt__train_ep_005517__002,train_ep_005517,2,queen,char__queen,"Now, fool! I must alter my consciousness to survive this place!",,hit merchant,False,False
utt__train_ep_005517__003,train_ep_005517,3,king,char__king,"Oh honey, please do not cause a seen again. We will leave soon I promise!",frown,,True,False
utt__train_ep_005517__004,train_ep_005517,4,queen,char__queen,fine. What are we doing again?,frown,,False,False
utt__train_ep_005517__005,train_ep_005517,5,king,char__king,We have to go find the town wizard for him to make us a love spell so we can finally have an heir to the crown. ,,,True,False
utt__train_ep_005517__006,train_ep_005517,6,queen,char__queen,"Darling, I'm not sure that even a wizard can cure your...male inadequacies. ",,,False,False
utt__train_ep_005517__007,train_ep_005517,7,king,char__king,I mean... Its worth a try right? What else do you expect me to do?!,frown,,True,False
utt__train_ep_005517__008,train_ep_005517,8,queen,char__queen,"Of course, you are right. Though there is always adoption?",,hug king,False,False
utt__train_ep_005517__009,train_ep_005517,9,king,char__king,Adoption!? What lowly soul would be worthy of adoption from us?!,,,True,False
utt__train_ep_005517__010,train_ep_005517,10,queen,char__queen,"Or, perhaps there is another way. Merchant! Like what you see?",,remove dress,False,False
utt__train_ep_005517__011,train_ep_005517,11,king,char__king,"WHAT! How dare you! Merchant, look away or I will have you executed!",scream,,True,False
utt__train_ep_005517__012,train_ep_005517,12,queen,char__queen,"Oh, my. I am so embarrassed. What was in that wine?",,wear dress,False,False
utt__train_ep_005517__013,train_ep_005517,13,king,char__king,I'm the one that should be embarassed! I can't even please my wife!,cry,,True,False
utt__train_ep_005536__000,train_ep_005536,0,king,char__king,I wish you to lead the embassy I am sending to the Orc horde.,,,True,False
utt__train_ep_005536__001,train_ep_005536,1,diplomat,char__diplomat,"My Lord, as you wish. Please tell me the detail of this assignment so that I may fulfill it to the letter.",,,False,False
utt__train_ep_005536__002,train_ep_005536,2,king,char__king,Okay - you know how the last two embassy resulted in beheading and dismemberment as soon as the envoys arrived at their camp?  I'm thinking we try giving them some gifts to break the ice - what do you think?,,,True,False
utt__train_ep_005536__003,train_ep_005536,3,diplomat,char__diplomat,"That seems like a sound plan, my Lord. By your leave, I was thinking that a gift of food might not go amiss. What do you think of bringing pens of chickens to sate the orcs' bloodlust?",,drop a pen for the chickens,False,False
utt__train_ep_005536__004,train_ep_005536,4,king,char__king,Yes my friend - whatever you think will help make this venture go smoothly.  Are there any other gifts you might recommend?,,,True,False
utt__train_ep_005536__005,train_ep_005536,5,diplomat,char__diplomat,"Orcs like shiny objects, my Lord. They need not be too expensive, but the shinier the better.",,,False,False
utt__train_ep_005536__006,train_ep_005536,6,king,char__king,"We must be sure - not only the Kingdom, but quite frankly your head is potentially riding on us succeeding with this embassy.",ponder,,True,False
utt__train_ep_005536__007,train_ep_005536,7,diplomat,char__diplomat,"Have you met many orcs, my Lord?",,,False,False
utt__train_ep_005536__008,train_ep_005536,8,king,char__king,Only the ones we captured during their raids.  Creatures as dark and foul as we are fair and just.  Pain in others bring them joy - they once flayed an entire village just to hear them scream.,,,True,False
utt__train_ep_005536__009,train_ep_005536,9,diplomat,char__diplomat,"Could we find an intermediary? Perhaps a giant or a half-troll to act as a guide? I know there are many such who live in the kingdom. Perhaps they could explain orc customs, my Lord.",,,False,False
utt__train_ep_005536__010,train_ep_005536,10,king,char__king,"I trust you fully friend - whatever you need, I will vouch for it personally, the council of nobles be damned.",,,True,False
utt__train_ep_005536__011,train_ep_005536,11,diplomat,char__diplomat,"I think I will look to the history books, my Lord. Your illustrious ancestors had many dealings with orcs, not all of them bloodly. I will research to find a suitable solution.",,,False,False
utt__train_ep_005536__012,train_ep_005536,12,king,char__king,Speak plainly friend - do you speak of the legends of our people?,,,True,False
utt__train_ep_005536__013,train_ep_005536,13,diplomat,char__diplomat,"No, my Lord, of the accounts of the lives and deeds of your ancestors whose portraits line this hall. These kings of yore dealt with the orc plague and their histories may give us clues for the present.",,,False,False
utt__train_ep_005557__000,train_ep_005557,0,guard,char__guard,I shall protect your life good King as you use the lavatory!  You may defecate in peace knowing that I guard your royal rump!,,,False,True
utt__train_ep_005557__001,train_ep_005557,1,king,char__king,Don't be absurd!  I have my own private lavatory.  Defecation is not the reason i have followed you here.  I have a job for you.,,,True,False
utt__train_ep_005557__002,train_ep_005557,2,guard,char__guard,"Oh . . . well, that is disappointing.  What task have you for me?",,,False,False
utt__train_ep_005557__003,train_ep_005557,3,king,char__king,"I need to you to seduce my wife, the Queen.",,,True,False
utt__train_ep_005557__004,train_ep_005557,4,guard,char__guard,Well . . . are you sure you wouldn't rather have me guard you while you visit the privy?,,,False,False
utt__train_ep_005557__005,train_ep_005557,5,king,char__king,Why must everyone test my patience! Are you denying my request? ,,,True,False
utt__train_ep_005557__006,train_ep_005557,6,guard,char__guard,"No my liege!  You have my sword, and I shall do anything you command!",,give sword to king,False,False
utt__train_ep_005557__007,train_ep_005557,7,king,char__king,There are rumors that you are the most popular guard with the tavern wenches.,,,True,False
utt__train_ep_005557__008,train_ep_005557,8,guard,char__guard,"Well, I don't like to brag, but . . .",,,False,False
utt__train_ep_005557__009,train_ep_005557,9,king,char__king,Perfect!  I have my suspicions that my queen may have a wondering eye....,,,True,False
utt__train_ep_005557__010,train_ep_005557,10,guard,char__guard,"Hmmmm, what do you need me to do exactly?",,,False,False
utt__train_ep_005557__011,train_ep_005557,11,king,char__king,I will have you appointed to her personal guard.  You will follow her day and night.... and report back to me.,,,True,False
utt__train_ep_005557__012,train_ep_005557,12,guard,char__guard,I shall!  Anything else your grace?,,,False,False
utt__train_ep_005557__013,train_ep_005557,13,king,char__king,Yes. Hold this!  I've changed my mind about the privy.,,give scepter to guard,True,False
utt__train_ep_005560__000,train_ep_005560,0,king,char__king,Nothing like a bath wearing but my cape. What news do you bring?,,"steal scrolls, from subject",True,False
utt__train_ep_005560__001,train_ep_005560,1,subject,char__subject,"No news my lord, just a snack",,give plate to king,False,False
utt__train_ep_005560__002,train_ep_005560,2,king,char__king,No NEWS???,,hit subject,True,False
utt__train_ep_005560__003,train_ep_005560,3,subject,char__subject,"What news is there to bring sir? I'm just a subject I don't even bring the news. I would if someone would allow it, I dislike my life a lot.",,drop pitcher of water,False,False
utt__train_ep_005560__004,train_ep_005560,4,king,char__king,"Bah, your life? I AM THE KING! The decider! It drains at my life to decides everyone's fate. Yours included!",,"give scrolls, to subject",True,True
utt__train_ep_005560__005,train_ep_005560,5,subject,char__subject,You get to sit in a nice hot tub and relax while people serve you. I pay you taxes out of the little wages I make. You may decide everyones fate but you don't have it rough.,,give a fan to king,False,False
utt__train_ep_005560__006,train_ep_005560,6,king,char__king,You dare imply your King has it easy? This is treason... I can have your head for this. I was appointed by God himself!,,steal pitcher from subject,True,True
utt__train_ep_005560__007,train_ep_005560,7,subject,char__subject,"I am having the worst day, I apologzie king. You are my lord, I could just use a saoking in the lovely looking hot tub. I would never want to be king, much too much responsibility, it would be a lot to handle.",,hug king,False,True
utt__train_ep_005560__008,train_ep_005560,8,king,char__king,This is mostly unusual... but you are indeed a beautiful subject. Here you can have the tub.,,remove cape,True,False
utt__train_ep_005560__009,train_ep_005560,9,subject,char__subject,"I am sorry to give you the wrong idea, I wanted to get in there myself. I would not want to defile the king.",wink,,False,True
utt__train_ep_005560__010,train_ep_005560,10,king,char__king,Oh you deny your king? You tease and deny? I will now have your head for this! GUARDS!!,scream,,True,True
utt__train_ep_005560__011,train_ep_005560,11,subject,char__subject,"No please! I have just never done that before, I want to be an honest woman.",,hug king,False,False
utt__train_ep_005560__012,train_ep_005560,12,king,char__king,Woman! Ew I thought you were a beardless man! GUARDSSS!!!!!!!!!,scream,,True,False
utt__train_ep_005560__013,train_ep_005560,13,subject,char__subject,"What is this, I am so confused my king, you are gay?",cry,,False,True
utt__train_ep_005562__000,train_ep_005562,0,king,char__king,Torture him some more until he tells me the secret weapon!,,,True,False
utt__train_ep_005562__001,train_ep_005562,1,person,char__person,If that is what you want.,,,False,False
utt__train_ep_005562__002,train_ep_005562,2,king,char__king,Do anything you want but spare his life!,grin,,True,False
utt__train_ep_005562__003,train_ep_005562,3,person,char__person,Until he speaks you mean?,,,False,False
utt__train_ep_005562__004,train_ep_005562,4,king,char__king,Yes but don't kill him. I still need him for a good message for my brother! How could he betray me! He is trying to make that weapon to get my throne!,scream,,True,False
utt__train_ep_005562__005,train_ep_005562,5,person,char__person,"I still cannot believe Reginald would stoop to doing such a thing, tis a shame.",,,False,False
utt__train_ep_005562__006,train_ep_005562,6,king,char__king,me either! Can you check my scepter? Does it still have the elixir? I don't want him to steal my elixir too,,give scepter to person,True,False
utt__train_ep_005562__007,train_ep_005562,7,person,char__person,"It does still appear to be there sire, what does it do anyway?",,,False,False
utt__train_ep_005562__008,train_ep_005562,8,king,char__king,"With the elixir, I can have eternal life. It is the one that keeps me alive all this time. I rather him fight me one on one.. such a coward!",,,True,False
utt__train_ep_005562__009,train_ep_005562,9,person,char__person,Do you just take periodic sips or something?,,,False,False
utt__train_ep_005562__010,train_ep_005562,10,king,char__king,yes... I think we need to do something more to make him speak! I don't have all day!,frown,,True,False
utt__train_ep_005562__011,train_ep_005562,11,person,char__person,Speak you!,,hit prisoner,False,False
utt__train_ep_005562__012,train_ep_005562,12,king,char__king,Speak or your family will pay the price!,,hit prisoner,True,False
utt__train_ep_005562__013,train_ep_005562,13,person,char__person,"Speak now, tell the king what he wants to know.",,,False,True
utt__train_ep_005567__000,train_ep_005567,0,kings,char__kings,Have we come to negotiate?,,,False,False
utt__train_ep_005567__001,train_ep_005567,1,king,char__king,We can negotiate if you like. This is one of the most secure places in all of the land..,,,True,False
utt__train_ep_005567__002,train_ep_005567,2,kings,char__kings,I am a king and as are you. Are you telling me I should just return to my kingdom with my tail between my legs?,,,False,True
utt__train_ep_005567__003,train_ep_005567,3,king,char__king,Do you think I would suggest such a thing? Why else would I request for you to meet me here! Name your price...,gasp,,True,False
utt__train_ep_005567__004,train_ep_005567,4,kings,char__kings,I need 100 acres of the land west of here for the expansion of my kingdom. You name your price. I am the one in need here.,,,False,False
utt__train_ep_005567__005,train_ep_005567,5,king,char__king,I just wanted to make sure you didn't change the terms of what you needed before I name a price. Let's see...,ponder,,True,False
utt__train_ep_005567__006,train_ep_005567,6,kings,char__kings,I come to offer an honest deal.,,,False,False
utt__train_ep_005567__007,train_ep_005567,7,king,char__king,What price do you have in mind? You are requesting land that has some of the richest soil in the kingdom. I did have plans for that area...so my bargaining skills may be biased. ,,,True,False
utt__train_ep_005567__008,train_ep_005567,8,kings,char__kings,I,,,False,False
utt__train_ep_005567__009,train_ep_005567,9,king,char__king,Not sure what that means. I guess I will have to ask for 1 million gold pieces until I can get a straight answer from you...,stare,,True,False
utt__train_ep_005567__010,train_ep_005567,10,kings,char__kings,"I stumbled because I was not sure what I could offer you for such land. It sits and sits, and I figured you would give it up. I can offer you supplies, more men to fight in your army, goods and trades, and a million gold pieces....errr.... I am not sure I can do a million but maybe half?",,,False,False
utt__train_ep_005567__011,train_ep_005567,11,king,char__king,"Since you are willing to barter resources. Maybe I can work something out for the other half. I could use some more fine silk, and maybe a few more horses.",grin,,True,False
utt__train_ep_005567__012,train_ep_005567,12,kings,char__kings,"Oh, I can most certainly provide that without a blink of an eye. We have some of the finest horses trained by the finest men and women.",,,False,False
utt__train_ep_005567__013,train_ep_005567,13,king,char__king,"Excellent! And perhaps to have your kingdom on call in the event I ever need you as an ally in battle for the next 15 years. With a shrinking kingdom I need protection. Add that, and the land is yours.",laugh,,True,False
utt__train_ep_005583__000,train_ep_005583,0,knight,char__knight,"I am a knight. I come from a lower-ranking noble family. I serve under the king, as my father did before me. In times of war, I fight on horseback.",,,False,True
utt__train_ep_005583__001,train_ep_005583,1,king,char__king,"Yes, yes. I know who you are, knight. Now tell me, what weapons do your men need from this blacksmith? I demand my legions be stocked with the best weapons. What do you feel we should order?",,,True,False
utt__train_ep_005583__002,train_ep_005583,2,knight,char__knight,"You will need 200 swords, 200 knifes,200 morning stars",,,False,False
utt__train_ep_005583__003,train_ep_005583,3,king,char__king,Morning stars?! What the blast are those?,,,True,False
utt__train_ep_005583__004,train_ep_005583,4,knight,char__knight,club like weapons consisting of a shaft with an attached ball,,,False,False
utt__train_ep_005583__005,train_ep_005583,5,king,char__king,"See, this is why I brought you with me! I needed a right hand to make these decisions! Now, how much should these cost, eh?",,,True,False
utt__train_ep_005583__006,train_ep_005583,6,knight,char__knight,it will cost 1000 rupees.  Can you afford the cost,,,False,False
utt__train_ep_005583__007,train_ep_005583,7,king,char__king,1000?! For swords? How am I going to finish my golden estate if I hand out over-priced blades like that! Do they have anything cheaper? Wood is fine.,,,True,False
utt__train_ep_005583__008,train_ep_005583,8,knight,char__knight,I can complete the task for 500  wood is doable,,,False,False
utt__train_ep_005583__009,train_ep_005583,9,king,char__king,"My men may not even need new equipment.. What do you think, Knight?",,,True,False
utt__train_ep_005583__010,train_ep_005583,10,knight,char__knight,I am a blacksmith  not a wood carver....  I can temper your weapons you own for 200,,,False,False
utt__train_ep_005583__011,train_ep_005583,11,king,char__king,"But will this prepare my men in battle, knight?",,,True,False
utt__train_ep_005583__012,train_ep_005583,12,knight,char__knight,it shall prepare them accordingly,,,False,False
utt__train_ep_005583__013,train_ep_005583,13,king,char__king,I worry wooden swords will not strike fear in the hearts of our enemies...,,,True,False
utt__train_ep_005594__000,train_ep_005594,0,chef,char__chef,"Hello sir, anything you want today?",,,False,False
utt__train_ep_005594__001,train_ep_005594,1,king,char__king,"I was just looking for a small snack, chef.  Do you have anything handy?",smile,,True,False
utt__train_ep_005594__002,train_ep_005594,2,chef,char__chef,Yes I was simply whipping up some soup.,,,False,False
utt__train_ep_005594__003,train_ep_005594,3,king,char__king,"Oh, good. I do like soup.  What kind of soup is it?",,,True,False
utt__train_ep_005594__004,train_ep_005594,4,chef,char__chef,"Lobster bisque, if you need something else I can.",,,False,False
utt__train_ep_005594__005,train_ep_005594,5,king,char__king,"Lobster bisque sounds quite excellent, thank you.  Are you enjoying your time in the castle kitchens?",,,True,False
utt__train_ep_005594__006,train_ep_005594,6,chef,char__chef,"Yes I have been very much enjoying my work, thank you.",,,False,False
utt__train_ep_005594__007,train_ep_005594,7,king,char__king,"Jolly good. I do try to make sure that my staff are happy in their work. A happy staff is a productive staff, don't you think?",smile,,True,False
utt__train_ep_005594__008,train_ep_005594,8,chef,char__chef,"Indeed, it makes us want to serve even more so.",,,False,False
utt__train_ep_005594__009,train_ep_005594,9,king,char__king,"Is there anything that you need to make life a little better? You work here is greatly appreciated and if there is anything that I can do, feel free to tell me.",,,True,False
utt__train_ep_005594__010,train_ep_005594,10,chef,char__chef,I have been fine thank you.,,,False,False
utt__train_ep_005594__011,train_ep_005594,11,king,char__king,"Good, good. The rest of the kitchen staff, are they content, too?",,,True,False
utt__train_ep_005594__012,train_ep_005594,12,chef,char__chef,I would think so.,,,False,False
utt__train_ep_005594__013,train_ep_005594,13,king,char__king,"Excellent.  Well, thank you for he bisque.  I should probably leave you to your work. Don't want to micro-manage or get in the way, eh?",,,True,False
utt__train_ep_005596__000,train_ep_005596,0,,,Good sire. I'm glad you have met me here. I have uncovered a plot against you. I overheard it in the marketplace as I sold my vegetables a town over,,,False,False
utt__train_ep_005596__001,train_ep_005596,1,king,char__king,How do you know the existence of this tunnel?,,,True,False
utt__train_ep_005596__002,train_ep_005596,2,,,My family has supplied the king with vegetables for many years. In times of war and blockades we have used this tunnel to deliver fresh food to the castle. ,,,False,True
utt__train_ep_005596__003,train_ep_005596,3,king,char__king,I see. What is the plot about?,ponder,,True,False
utt__train_ep_005596__004,train_ep_005596,4,,,It is dastardly. They plan to steal all the priceless art from the castle. ,,,False,False
utt__train_ep_005596__005,train_ep_005596,5,king,char__king,"Why would they do that? I guess they cannot sneak them through here, these tunnels are so small.",,,True,False
utt__train_ep_005596__006,train_ep_005596,6,,,"They plan to pose as restoration artists, painters, construction workers. You must carefully screen everyone that comes into the castle. ",,,False,False
utt__train_ep_005596__007,train_ep_005596,7,king,char__king,"Thank you, I will let the royals know about this evil plan. How do you want to be rewarded?",,,True,False
utt__train_ep_005596__008,train_ep_005596,8,,,I am but a humble farmer and servant of the king. No reward is necessary,,,False,True
utt__train_ep_005596__009,train_ep_005596,9,king,char__king,Where is your farm located? I will make sure your belly is filled with quality meat for years to come.,,,True,False
utt__train_ep_005596__010,train_ep_005596,10,,,"Over the hill and across Old Man Barkley's stream, as the crow flies. ",,,False,False
utt__train_ep_005596__011,train_ep_005596,11,king,char__king,"Good! Will you be leaving the same way you came in? These tunnels are a maze, there are about five different rooms in the castle that connect to this very room.",,,True,False
utt__train_ep_005596__012,train_ep_005596,12,,,I will be returning as I came. I know these tunnels well. ,nod,,False,False
utt__train_ep_005596__013,train_ep_005596,13,king,char__king,"Good. Take this cape, show it to the guards if they give you trouble, they will see you are telling the truth with this proof.",,remove cape,True,False
utt__train_ep_005601__000,train_ep_005601,0,king,char__king,"My Queen, my love. How are you this fine morning?",,,True,False
utt__train_ep_005601__001,train_ep_005601,1,queen,char__queen,"Dear, I must tell you. We need to have our lords take a bath more often. The stench from the youngest one is still burned into my nose.",,,False,False
utt__train_ep_005601__002,train_ep_005601,2,king,char__king,Bathe? I thought they were already suppose to be bathing everyday.,,,True,False
utt__train_ep_005601__003,train_ep_005601,3,queen,char__queen,"If they are they must bathe twice a day! And I will say, my throne needs a new cushion! Someone else must be sitting on it, for it has gone flat.",frown,,False,False
utt__train_ep_005601__004,train_ep_005601,4,king,char__king,This will be fixed right away. There is to not be anyone sitting in your seat. That seat is only fit for my queen.,groan,,True,False
utt__train_ep_005601__005,train_ep_005601,5,queen,char__queen,"I am sorry, King. I am just complaining....Darn it where is my chambermaid! Ugh.. Oh sorry. How was your day love?",,,False,True
utt__train_ep_005601__006,train_ep_005601,6,king,char__king,"My Queen, please come. Calm down. Everything will be ok. I sent your chambermaid down to the wine cellar to get your favorite. I love hearing what you see is going wrong. Sometimes it takes another set of eyes to catch everything.",,hug queen,True,False
utt__train_ep_005601__007,train_ep_005601,7,queen,char__queen,"Ah, a bottle of wine. That is exactly what I need. You are to good to me my king.",,hug king,False,True
utt__train_ep_005601__008,train_ep_005601,8,king,char__king,Tell me. What do you think we could do to update the castle?,,,True,False
utt__train_ep_005601__009,train_ep_005601,9,queen,char__queen,"Well, the animal heads are quite, um, how do I say. They are a bit much.",,,False,False
utt__train_ep_005601__010,train_ep_005601,10,king,char__king,What. Not the animal heads. I like those. But if you want them gone I will make it happen. ,,,True,False
utt__train_ep_005601__011,train_ep_005601,11,queen,char__queen,Could we at least get the WHOLE animal. Having just their head gives me a scare in the middle of the night.,,,False,False
utt__train_ep_005601__012,train_ep_005601,12,king,char__king,Anything for my Queen. Ahh here my love your cup of wine you have been waiting on. ,,,True,False
utt__train_ep_005601__013,train_ep_005601,13,queen,char__queen,"Thank you king. You know, she is my favorite chambermaid. ",,,False,True
utt__train_ep_005624__000,train_ep_005624,0,guest,char__guest,Hello king thank you so much for inviting me here.,,,False,True
utt__train_ep_005624__001,train_ep_005624,1,king,char__king,"By all means, there was a matter I wanted to talk to you that was brought to my attention.",smile,,True,False
utt__train_ep_005624__002,train_ep_005624,2,guest,char__guest,"Of course, what would that be?",,,False,False
utt__train_ep_005624__003,train_ep_005624,3,king,char__king,It was brought to my attention that you stayed with the Logan's this past year... anything strange that you would like to let us know?,,,True,False
utt__train_ep_005624__004,train_ep_005624,4,guest,char__guest,Yes well I was threatened with execution if not but I overheard talks of betraying the kingdom.,,,False,False
utt__train_ep_005624__005,train_ep_005624,5,king,char__king,"As I suspected. But... you were with them an entire year, were you not? Why did he take you so long.. and me having to bring up the conversation for us to be talking about this?",stare,,True,False
utt__train_ep_005624__006,train_ep_005624,6,guest,char__guest,"It is hard to leave with good reason, any slip up and I was dead.",,,False,False
utt__train_ep_005624__007,train_ep_005624,7,king,char__king,I see. Anything else?,,,True,False
utt__train_ep_005624__008,train_ep_005624,8,guest,char__guest,No but I would take action versus them.,,,False,False
utt__train_ep_005624__009,train_ep_005624,9,king,char__king,So no witchcraft activity? I have been told Mrs Logan engage in such,,,True,False
utt__train_ep_005624__010,train_ep_005624,10,guest,char__guest,I have seen no such thing but would not put it past them.,,,False,False
utt__train_ep_005624__011,train_ep_005624,11,king,char__king,And how can we be sure they did not try to convert you?,,wear crown,True,False
utt__train_ep_005624__012,train_ep_005624,12,guest,char__guest,"If you must you can lock me up, but I would still be careful of the Logan's.",,,False,False
utt__train_ep_005624__013,train_ep_005624,13,king,char__king,"Good. Guards, take our guest to meet our grand inquisitor. He will have questions surely, and I am sure that he can ask them in a much more...effective way,",smile,,True,False
utt__train_ep_005749__000,train_ep_005749,0,princess,char__princess,This family jewel is beautiful!  May I have it upon my wedding day?,,,False,False
utt__train_ep_005749__001,train_ep_005749,1,king,char__king,"Only the best for you, my dear. ",nod,,True,False
utt__train_ep_005749__002,train_ep_005749,2,princess,char__princess,"Thank you!  I was just worried about your fiancee receiving it, instead of me.",,,False,False
utt__train_ep_005749__003,train_ep_005749,3,king,char__king,My fiancee? Who told you of that? ,ponder,,True,False
utt__train_ep_005749__004,train_ep_005749,4,princess,char__princess,She has been telling everyone about it!  And bragging about the riches she will have!,,,False,False
utt__train_ep_005749__005,train_ep_005749,5,king,char__king,"Oh dear, that won't do. Perhaps remarrying was not the best option so soon after your mother's death. ",sigh,,True,False
utt__train_ep_005749__006,train_ep_005749,6,princess,char__princess,"Thank you for understanding Father, but isn't this marriage part of a peace treaty with the Southern Kingdom?  I read about it on this parchment that I found in your reading room...",,hug king,False,False
utt__train_ep_005749__007,train_ep_005749,7,king,char__king,"Indeed, but that doesn't mean it is absolute. It would just take renegotiation to amend the terms. But this marriage is the path of least resistance, I suppose. ",,,True,False
utt__train_ep_005749__008,train_ep_005749,8,princess,char__princess,That is true.  I do worry about how she will treat the servants... some say that she is a horrible woman to those below her in status.,,,False,False
utt__train_ep_005749__009,train_ep_005749,9,king,char__king,"I will keep her on the tight leash then. I may be obligated to marry her, but that doesn't mean I have to love her. ",wink,,True,False
utt__train_ep_005749__010,train_ep_005749,10,princess,char__princess,"Oh Father!  That is so true.  What would the other options be, should you choose not to marry her after you have met?",smile,,False,False
utt__train_ep_005749__011,train_ep_005749,11,king,char__king,There would have to be other concessions. Perhaps secession of our southernmost states to their kingdom. ,sigh,,True,False
utt__train_ep_005749__012,train_ep_005749,12,princess,char__princess,But that is where our best wine grapes are grown!  It's so sad that we have to give up such beauty.,,,False,False
utt__train_ep_005749__013,train_ep_005749,13,king,char__king,The other alternative is even more discouraging. I would have to wed you off instead to their crown prince. ,frown,,True,False
utt__train_ep_005803__000,train_ep_005803,0,queen,char__queen,"Dear king, I found this over by the shrubs.  It is a great day, isn't it?",,give coin to king,False,True
utt__train_ep_005803__001,train_ep_005803,1,king,char__king,"My queen. A great day it is..  Wow, this is a great find",,,True,False
utt__train_ep_005803__002,train_ep_005803,2,queen,char__queen,"And this, I found in the tree.  Do you suppose it is a sign?",,give jewel to king,False,False
utt__train_ep_005803__003,train_ep_005803,3,king,char__king,A sign of what? I am beginning to think there is more to it. ,,,True,False
utt__train_ep_005803__004,train_ep_005803,4,queen,char__queen,It's just odd to have these riches just lying around.  Someone must have placed them there.  What could it mean?,,,False,False
utt__train_ep_005803__005,train_ep_005803,5,king,char__king,Will you get me the guards? They might know a thing or two,,,True,False
utt__train_ep_005803__006,train_ep_005803,6,queen,char__queen,"I know not where they are.  Guards, Guards!  I don't see any",cry,,False,False
utt__train_ep_005803__007,train_ep_005803,7,king,char__king,What? What is happening in my kingdom ,,remove cape,True,False
utt__train_ep_005803__008,train_ep_005803,8,queen,char__queen,"First, riches spread about, now, the guards missing.  I am afraid, my king!",gasp,,False,True
utt__train_ep_005803__009,train_ep_005803,9,king,char__king,I think the Palace has been raided! ,,,True,False
utt__train_ep_005803__010,train_ep_005803,10,queen,char__queen,We must both ride by horse to a safe location!,gasp,,False,False
utt__train_ep_005803__011,train_ep_005803,11,king,char__king,Let us move then. Climb up immediately ,,,True,False
utt__train_ep_005803__012,train_ep_005803,12,queen,char__queen,Lets go *climbs on horse*,,hug king,False,False
utt__train_ep_005803__013,train_ep_005803,13,king,char__king,Move! ,,hit horse,True,False
utt__train_ep_005805__000,train_ep_005805,0,knight,char__knight,Well it has been long since I have seen you from your native land! What brings you to the market this fine day?,,,False,False
utt__train_ep_005805__001,train_ep_005805,1,king,char__king,I am looking for the finest wine!,,,True,False
utt__train_ep_005805__002,train_ep_005805,2,knight,char__knight,Well the wine and riches shop will have a great selection of our finest wines we grow in the vineyards outside of town. They have everything you can possibly have a taste for,,,False,False
utt__train_ep_005805__003,train_ep_005805,3,king,char__king,"I will check it out, but my most pressing matter is the rumors spreading around here. They say my queen is having an affair. Have you heard of such?",,,True,False
utt__train_ep_005805__004,train_ep_005805,4,knight,char__knight,Now why would your wife take such a risk. You are not a man to be messed with and it does not seem that she would take the risk. Why don't you have a seat and have a glass of wine here in the tavern. You might find a the one wine you like and will know what to buy when you go to the shop.,,,False,False
utt__train_ep_005805__005,train_ep_005805,5,king,char__king,"I feel as I should not get drunk. I will drink my sorrows away. This man is said to want my head, my kingdom, and my wife. ",cry,,True,False
utt__train_ep_005805__006,train_ep_005805,6,knight,char__knight,"I think you should stop this wailing. You are a king, like me and we don't take troubles from anyone. Just sit for a spell and have one drink and then we will find your wife the queen if she is here.",,,False,True
utt__train_ep_005805__007,train_ep_005805,7,king,char__king,Will you watch my back and keep your ears open and come with me? I must get down to the bottom of this.,,,True,False
utt__train_ep_005805__008,train_ep_005805,8,knight,char__knight,Where are you going to go? Do you have a lead?,,,False,False
utt__train_ep_005805__009,train_ep_005805,9,king,char__king,Maybe I can just drink and keep watch out here!,,get Wine,True,False
utt__train_ep_005805__010,train_ep_005805,10,knight,char__knight,Who are we watching for? What does he look like or do you even know. I think you have lost your marbles.,,,False,False
utt__train_ep_005805__011,train_ep_005805,11,king,char__king,"I have no idea, but she comes home late and leaves early now. She does not even want to touch me because I cannot give her a child.",,,True,False
utt__train_ep_005805__012,train_ep_005805,12,knight,char__knight,"Then really, aren't you better off without her. Don't you think you should just let her go and find a woman that is well worth being a queen.",,,False,False
utt__train_ep_005805__013,train_ep_005805,13,king,char__king,"I cannot leave her, but I can take both the adulterer and adulteress heads!",,,True,False
utt__train_ep_005809__000,train_ep_005809,0,servant,char__servant,hello my king,wave,,False,True
utt__train_ep_005809__001,train_ep_005809,1,king,char__king,"Good day, what brings you to my home today?",,,True,False
utt__train_ep_005809__002,train_ep_005809,2,servant,char__servant,nothing much is there anything i can do for you my fair king,stare,,False,True
utt__train_ep_005809__003,train_ep_005809,3,king,char__king,"I am debating having work done on this area, but I fear it would disturb the ambiance. Feel free to share you're opinion",ponder,,True,False
utt__train_ep_005809__004,train_ep_005809,4,servant,char__servant,i think if we plant more of these it will make the ambiance much better,,get plant,False,False
utt__train_ep_006019__000,train_ep_006019,0,king,char__king,"Maid, I am afraid I will need you to work late tonight.  I seem to have made an awful mess in the washroom.",,,True,False
utt__train_ep_006019__001,train_ep_006019,1,maid,char__maid,Oh no! What is it this time? ,gasp,,False,False
utt__train_ep_006019__002,train_ep_006019,2,king,char__king,"Past midnight, but I really devastated that bathroom.  I mean, I don't even know how I got it on the ceiling, let alone the walls.  You might want to bring some breathing equipment.",,,True,False
utt__train_ep_006019__003,train_ep_006019,3,maid,char__maid,"I....will do my best, your majesty. Bad bout of food poisoning? ",groan,,False,False
utt__train_ep_006019__004,train_ep_006019,4,king,char__king,"Likely a combination of wine, lampreys, corn, and peanuts.  I mean, I know I'm a man of great girth, but one of the bathtubs is nearly full as well.",,,True,False
utt__train_ep_006019__005,train_ep_006019,5,maid,char__maid,How the...I didn't even realize that was possible!!!,scream,,False,False
utt__train_ep_006019__006,train_ep_006019,6,king,char__king,"I suffer from a few bowel diseases, so I only ever visit the washroom once every fortnight.  It takes hours, but I feel so much better afterwards.",,,True,False
utt__train_ep_006019__007,train_ep_006019,7,maid,char__maid,"Goodness, I'm scared to even look. I only have a single towel with me.",sigh,,False,False
utt__train_ep_006019__008,train_ep_006019,8,king,char__king,"I might start with a shovel and a bucket if I were you, there might not be enough towels in the palace.",frown,,True,False
utt__train_ep_006019__009,train_ep_006019,9,maid,char__maid,You weren't kidding. This looks more like the amount produced by a herd of cows!,gasp,,False,False
utt__train_ep_006019__010,train_ep_006019,10,king,char__king,"Well, they don't call me King Bill the Bovine for nothing!",laugh,,True,True
utt__train_ep_006019__011,train_ep_006019,11,maid,char__maid,"The smell is positively awful too. I've cleaned my fair share of toilets, but this is by far the most rancid and putrid smell that has ever violated my nostrils. ",groan,,False,False
utt__train_ep_006019__012,train_ep_006019,12,king,char__king,"I might suggest getting the High Priest to perform an exorcism before you enter - just to be on the safe side.  These are dark times we live in, and having a poop-demon slushing through the palace is the last thing that we need.",,,True,False
utt__train_ep_006019__013,train_ep_006019,13,maid,char__maid,Might I suggest your majesty do his business in a big trough or hole next time? Clearly these facilities are far too under equipped for your unique and special needs. ,sigh,,False,False
utt__train_ep_006021__000,train_ep_006021,0,queen,char__queen,CHAMBEEEER MAID! CHAMBEEEEEEEEEEEEER MAID!!!!!!!!,,,False,False
utt__train_ep_006021__001,train_ep_006021,1,king,char__king,What is it dear?,,,True,False
utt__train_ep_006021__002,train_ep_006021,2,queen,char__queen,that abominable lord that went past smelled.. well.. he smelled abominable! CHAMBER MAIIIID!  ,,,False,False
utt__train_ep_006021__003,train_ep_006021,3,king,char__king,I'll be sure to dismiss him the next time I see him.,,,True,False
utt__train_ep_006021__004,train_ep_006021,4,queen,char__queen,GOOD!  do it forth with! what the hell is wrong with this chair? chamber MAID!,,,False,False
utt__train_ep_006021__005,train_ep_006021,5,king,char__king,Perhaps you should look out at the lake and calm down.,,,True,False
utt__train_ep_006021__006,train_ep_006021,6,queen,char__queen,"calm down? CALM DOWN! First you seat me on a chair designed for the dungeon, you make me associate with your RANK lords. the VIEW? chambermaid",,,False,False
utt__train_ep_006021__007,train_ep_006021,7,king,char__king,"Yes, dear. We'll get you a new chair.",sigh,,True,False
utt__train_ep_006021__008,train_ep_006021,8,queen,char__queen,chamber maid! CHAMBER MAID! chumbrmerd!!,,,False,False
utt__train_ep_006021__009,train_ep_006021,9,king,char__king,Please dear... what do you need of the maid?,,remove crown,True,False
utt__train_ep_006021__010,train_ep_006021,10,queen,char__queen,"I need a cushion immediately, post haste and forthwith! ",,,False,False
utt__train_ep_006021__011,train_ep_006021,11,king,char__king,Begone bird.,,hit pheasant,True,False
utt__train_ep_006021__012,train_ep_006021,12,queen,char__queen,"good god henry, we have cushions down stairs i'm not expectingyou to make me one.",,hug king,False,False
utt__train_ep_006021__013,train_ep_006021,13,king,char__king,"Where is that maid, anyway?",,,True,False
utt__train_ep_006023__000,train_ep_006023,0,queen,char__queen,Hello,,,False,False
utt__train_ep_006023__001,train_ep_006023,1,king,char__king,"Hello my Queen, you look beautiful in the Church garden today.",,,True,False
utt__train_ep_006023__002,train_ep_006023,2,queen,char__queen,Thank you my love. ,,,False,False
utt__train_ep_006023__003,train_ep_006023,3,king,char__king,What are you reading today.,,steal Books from queen,True,False
utt__train_ep_006023__004,train_ep_006023,4,queen,char__queen,I am just trying to while away time. ,,,False,False
utt__train_ep_006023__005,train_ep_006023,5,king,char__king,Would you like to take a walk with your King through the many paths in the garden?,,,True,True
utt__train_ep_006023__006,train_ep_006023,6,queen,char__queen,Exactly what I need right now,,,False,False
utt__train_ep_006023__007,train_ep_006023,7,king,char__king,We can even sit together on the bench to rest and think.,,,True,False
utt__train_ep_006023__008,train_ep_006023,8,queen,char__queen,I have a question to ask you my dear,,,False,False
utt__train_ep_006023__009,train_ep_006023,9,king,char__king,Anything my Queen,,,True,False
utt__train_ep_006023__010,train_ep_006023,10,queen,char__queen,There is a prisoner in the prison who I heard is totally innocent ,,,False,False
utt__train_ep_006023__011,train_ep_006023,11,king,char__king,"Really, I don't want to be putting innocent people in jail, who is this person?",,,True,False
utt__train_ep_006023__012,train_ep_006023,12,queen,char__queen,The imbecile that was arrested last week,,,False,False
utt__train_ep_006023__013,train_ep_006023,13,king,char__king,And how do you know he is innocent?,,,True,False
utt__train_ep_006029__000,train_ep_006029,0,king,char__king,"Tell me townsperson, is there a concoction here that will help me fight better?",nudge,,True,False
utt__train_ep_006029__001,train_ep_006029,1,townperson,char__townperson,There is your majesty! many colors!,,,False,False
utt__train_ep_006029__002,train_ep_006029,2,king,char__king,Yes many colors but will they help me or make me sick?,,,True,False
utt__train_ep_006029__003,train_ep_006029,3,townperson,char__townperson,They will all make you invincible! .....especially this black one...,,,False,False
utt__train_ep_006029__004,train_ep_006029,4,king,char__king,"Alright I would like to try it before I am actually in battle, are there any side effects?",,,True,False
utt__train_ep_006029__005,train_ep_006029,5,townperson,char__townperson,well there are quite a few but you should not worry too much of them....,,,False,False
utt__train_ep_006029__006,train_ep_006029,6,king,char__king,"Maybe I don't need this, I am fearless after all, why would a fearless king need a potion to make him stronger?",,,True,True
utt__train_ep_006029__007,train_ep_006029,7,townperson,char__townperson,Are you sure your highness? no one would be able to defy you.,,,False,False
utt__train_ep_006029__008,train_ep_006029,8,king,char__king,"No, I don't need it, A brave king needs no potion, I will fight my battles without it and still be invincible.",wave,,True,True
utt__train_ep_006029__009,train_ep_006029,9,townperson,char__townperson,Well then you might want the white concoction over here....,,,False,False
utt__train_ep_006029__010,train_ep_006029,10,king,char__king,What does it do?,,,True,False
utt__train_ep_006029__011,train_ep_006029,11,townperson,char__townperson,It helps you grow is what it does....,,,False,False
utt__train_ep_006029__012,train_ep_006029,12,king,char__king,"I am already grown you fool, what is the meaning of this?",growl,,True,False
utt__train_ep_006029__013,train_ep_006029,13,townperson,char__townperson,I mean grow even taller ,,,False,False
utt__train_ep_006055__000,train_ep_006055,0,king,char__king,Huh! It seems that some of my subjects have been disobeying me. I will have to seek them out!,,,True,False
utt__train_ep_006055__001,train_ep_006055,1,guard,char__guard,What is the problem your highness?,,,False,False
utt__train_ep_006055__002,train_ep_006055,2,king,char__king,It seems that they have misplaced the hand cleaning implements. I instructed everyone to put them precisely where they found them. Also...there appears to be an unpleasant odor.,,,True,False
utt__train_ep_006055__003,train_ep_006055,3,guard,char__guard,that is annoying. The cleaners are to be blamed. I saw some of them trading it for gold yesterday,,,False,False
utt__train_ep_006055__004,train_ep_006055,4,king,char__king,"When I give rules, my subjects must follow them. Why do they choose to disobey me?",,,True,False
utt__train_ep_006055__005,train_ep_006055,5,guard,char__guard,You joke too much with them sire.,,,False,False
utt__train_ep_006055__006,train_ep_006055,6,king,char__king,"I joke too much? I try to be fair because I do not fear them, like other kings fear their subjects. I will have to bring down the hammer quite literally.",frown,,True,False
utt__train_ep_006055__007,train_ep_006055,7,guard,char__guard,It is best you do that. That will bring the needed respect.,,,False,False
utt__train_ep_006055__008,train_ep_006055,8,king,char__king,I will seek them out and confront them. Let me know where they are currently and I will go to them forthright.,,,True,False
utt__train_ep_006055__009,train_ep_006055,9,guard,char__guard,"You dont have to go yourself King, Send me and i will instill your fear into them!",,,False,True
utt__train_ep_006055__010,train_ep_006055,10,king,char__king,"Ha! Honorable guard. I admire you bravery, but I too am fearless and have no issue confronting my foolish subjects. They will know to no longer disobey me.",,,True,False
utt__train_ep_006055__011,train_ep_006055,11,guard,char__guard,However you want it king!,,,False,True
utt__train_ep_006055__012,train_ep_006055,12,king,char__king,"If you would like, you could join me and watch my bravery in action. It is good to see my rule be enacted. ",nod,,True,False
utt__train_ep_006055__013,train_ep_006055,13,guard,char__guard,I am solidly behind you sire!,,remove a spear,False,False
utt__train_ep_006066__000,train_ep_006066,0,king,char__king,"Servant, where has the Queen wandered off to? She was just admiring these portraits with me and now she is gone!",,,True,False
utt__train_ep_006066__001,train_ep_006066,1,servant,char__servant,I believe your Majesty that her Majesty went to the privy....I will be happy to find her majesty if you want your majesty.,,,False,False
utt__train_ep_006066__002,train_ep_006066,2,king,char__king,"Oh dear, that's the fourth time this morning. I'm afraid I might have to visit the apothecary to get something for her troubles.",frown,,True,False
utt__train_ep_006066__003,train_ep_006066,3,servant,char__servant,yes your majesty...may I inquire of your health my King?,blush,,False,True
utt__train_ep_006066__004,train_ep_006066,4,king,char__king,"My health is good. I just fear that the salmon at dinner last night didn't sit well with her. I don't eat fish myself, so it wasn't an issue for me.",,,True,False
utt__train_ep_006066__005,train_ep_006066,5,servant,char__servant,Your majesty...I don't mean to rise above my station but I do have some notion of these things...Her majesty is in her last months before the babe will be here...it could be that ...your majesty.,,drop duster,False,False
utt__train_ep_006066__006,train_ep_006066,6,king,char__king,"Yes, yes. I fear it might be that. I'm not ready to have a baby in this castle. I'm too young, and I value my sleep.",,remove crown,True,False
utt__train_ep_006066__007,train_ep_006066,7,servant,char__servant,Oh but Your Majesty the whole Kingdom is a buzz about the baby...Your majesty must know what this will mean for his majesty's kingdom?,grin,,False,False
utt__train_ep_006066__008,train_ep_006066,8,king,char__king,"Please forgive me, I feel I might be sick! I'm not ready for such a thing. ",,steal small bucket from servant,True,False
utt__train_ep_006066__009,train_ep_006066,9,servant,char__servant,Oh I have over stepped your majesty...I am truly sorry your majesty...I will be out of your sight this minute your majesty...please say I may take my leave your majesty.,stare,,False,False
utt__train_ep_006066__010,train_ep_006066,10,king,char__king,"Here, I'm afraid you need to clean this out. I guess I wasn't feeling as well as I thought.",,give small bucket to servant,True,False
utt__train_ep_006066__011,train_ep_006066,11,servant,char__servant,Here is a clean bucket my king in case of future upset...I will remove this other bucket at once your majesty...would your majesty want me to fetch the healer or the magician?,,give small bucket to king,False,True
utt__train_ep_006066__012,train_ep_006066,12,king,char__king,"No, no. I'm afraid I must come to terms with the impending birth. You are a very wise servant.",frown,,True,False
utt__train_ep_006066__013,train_ep_006066,13,servant,char__servant,Thank you your majesty...I am but a servant for your royal family...I am humbled at being able to serve you your Majesty...Is there anything I can do for his Majesty before I take my leave?,blush,,False,False
utt__train_ep_006068__000,train_ep_006068,0,people,char__people,"Oh, Sir...it is you! By god, I bend thy knee.",,,False,False
utt__train_ep_006068__001,train_ep_006068,1,king,char__king,How are the people of my kingdom fairing today? Is it not a beautiful day! We have peace in the land for today!,,,True,False
utt__train_ep_006068__002,train_ep_006068,2,people,char__people,"Everyone, but I, are of a peace of mind. I am struggling with all the noises of this kingdom. It is a non-stop cycle and I need a retreat from it.",groan,,False,False
utt__train_ep_006087__000,train_ep_006087,0,king,char__king,You may approach the throne and state your business.,wave,,True,False
utt__train_ep_006087__001,train_ep_006087,1,diplomat,char__diplomat,Hello dear king! I come from the royal kingdom. I am here to discuss the recent treaty voilations on your part and what we can do to fix them.,smile,,False,True
utt__train_ep_006087__002,train_ep_006087,2,king,char__king,The only royal kingdom I am aware of is the one you are standing in. What is this nonsense?,growl,,True,False
utt__train_ep_006087__003,train_ep_006087,3,diplomat,char__diplomat,"Here sir you may read this paper if you would like, it states that the northern kingdom of eldersville is unhappy with the way you are doing buisness.",,give paper to king,False,False
utt__train_ep_006087__004,train_ep_006087,4,king,char__king,"Well, I simply do not agree with these claims. In no way have my troops violated our border agreement.",,drop paper,True,False
utt__train_ep_006087__005,train_ep_006087,5,diplomat,char__diplomat,"But sir, your recent merchants have been accompanied by city guards, they have been disrespecting and stealing from the other merchants and we dont want to have any problems. I am just here to peacefully request that you stop.",,get paper,False,False
utt__train_ep_006087__006,train_ep_006087,6,king,char__king,"Well, this is the first I've heard of these accusations. You tell King Tibberuss that it I will look into this unlikely trespass.",,,True,True
utt__train_ep_006087__007,train_ep_006087,7,diplomat,char__diplomat,"Okay sir but thats not all. King Tibberuss has recently found a spy in his city gates, he confessed to be working for you after countless hours of torture, is this true?",,,False,True
utt__train_ep_006087__008,train_ep_006087,8,king,char__king,"Do you see this, Crown? Do you know who I am? If your ""king"" wanted to spit countless accusations at me, he should have done it to my face instead of sending some low level diplomat!",,wear crown,True,True
utt__train_ep_006087__009,train_ep_006087,9,diplomat,char__diplomat,"Sir, my king has been very busy and has directly sent me here to cooperate with you to avoid any future wars. I think we both know who would be destroyed if a war did happen.",,,False,True
utt__train_ep_006087__010,train_ep_006087,10,king,char__king,"ENOUGH! Guards, apprehend this man.",wave,,True,False
utt__train_ep_006087__011,train_ep_006087,11,diplomat,char__diplomat,Please wait king. I have a gift for you sent from my kingdom. Maybe you will appreciate the gesture. It is a pen for your chickens!,,drop a pen for the chickens,False,True
utt__train_ep_006087__012,train_ep_006087,12,king,char__king,"Oh, Tibberuss, you old softy. I do love my chickens.",,get a pen for the chickens,True,False
utt__train_ep_006087__013,train_ep_006087,13,diplomat,char__diplomat,I knew we could agree on something! Thank you king I will report back to Tibberuss right away!,smile,,False,True
utt__train_ep_006108__000,train_ep_006108,0,king,char__king,What are you doing in this storage room?,,,True,False
utt__train_ep_006108__001,train_ep_006108,1,person,char__person,I have told to come here by the warden to fix any equipment that is damaged my lord.,,,False,False
utt__train_ep_006108__002,train_ep_006108,2,king,char__king,"Oh, I see. Good enough then. This is a sad place isn't it?",,,True,False
utt__train_ep_006108__003,train_ep_006108,3,person,char__person,It is a very sad place. I do what I can to survive and this brings me a small pitence to feed me and clothe me.,,,False,False
utt__train_ep_006108__004,train_ep_006108,4,king,char__king,All of this equipment used for hurting people. This equipment with no mind of their own.,,,True,False
utt__train_ep_006108__005,train_ep_006108,5,person,char__person,"It is happening in your kingdom my lord. You could do whatever you want, if you wanted to abolish this torture treatment you could. But that is highly your decision alone.",,,False,False
utt__train_ep_006108__006,train_ep_006108,6,king,char__king,We need this equipment though because we have people who are not upright citizens. I wish we didn't have to use this equipment.,,,True,False
utt__train_ep_006108__007,train_ep_006108,7,person,char__person,I believe you do not have to use this line of torture. You could have them do manual labor that supports your kingdom. If anything is in ruin or needs repair they could pay off their debt doing this kind of work. This would make the respectable.,,,False,False
utt__train_ep_006108__008,train_ep_006108,8,king,char__king,"Manual labor you say? You have bright ideas, my dear peasant. What's your name?",ponder,,True,False
utt__train_ep_006108__009,train_ep_006108,9,person,char__person,Galaph. I do not know if I have good ideas. But I know that torture teaches nothing to anyone.,,,False,False
utt__train_ep_006108__010,train_ep_006108,10,king,char__king,"Torture teaches people not to break the law. That was my opinion on it for so long at least, but now that you bring up manual labor...",,,True,False
utt__train_ep_006108__011,train_ep_006108,11,person,char__person,"People just want to be treated fairly. If they break the law, they will learn that it be to give back what they have taken in hard work. Repay their community by keeping beautiful and well oiled!",,,False,False
utt__train_ep_006108__012,train_ep_006108,12,king,char__king,I have an offer for you. Would you want to work for me in a advisory role? You have good thoughts.,,,True,False
utt__train_ep_006108__013,train_ep_006108,13,person,char__person,"An advisory role? Would it pay well, my lord?",,,False,False
utt__train_ep_006131__000,train_ep_006131,0,king,char__king,"Ho, Blacksmith! What are you working on today?",wave,,True,False
utt__train_ep_006131__001,train_ep_006131,1,blacksmith,char__blacksmith,I am working on swords for the king's army.  What brings you here?,,,False,False
utt__train_ep_006131__002,train_ep_006131,2,king,char__king,"Making sure that we have enough. I sense a massive battle brewing, and we'll need plenty of weapons. ",,,True,False
utt__train_ep_006131__003,train_ep_006131,3,blacksmith,char__blacksmith,"Oh, KING!  I'm sorry for my impertinence, I did not realize it was you.  I would never expect you to come to my humble shop.  We are on schedule your highness.  ",,,False,True
utt__train_ep_006131__004,train_ep_006131,4,king,char__king,"Well, I'm glad that you're a blacksmith and not a watchman. If I'd come in here like this, I could understand not recognizing me. ",,remove crown,True,False
utt__train_ep_006131__005,train_ep_006131,5,blacksmith,char__blacksmith,"Yes your highness.  I hope you can forgive me.  I wasn't looking at you, sir.  Is there a special task you have for me?",,,False,False
utt__train_ep_006131__006,train_ep_006131,6,king,char__king,"I'll need 3000 swords, 1500 shields by next week. I'm sure you can't pull that off, so I'll be sending a company of 'smiths to help you out. They should arrive later this afternoon.",,,True,False
utt__train_ep_006131__007,train_ep_006131,7,blacksmith,char__blacksmith,Thank you for the help your highness.  You are a good and magnanimous king. ,,,False,True
utt__train_ep_006131__008,train_ep_006131,8,king,char__king,"Speak freely, man. I don't care for all the formalities. I hear enough of that when I'm at home. Now that the business is out of the way, do you have any mead stashed away here?",laugh,,True,False
utt__train_ep_006131__009,train_ep_006131,9,blacksmith,char__blacksmith,"Oh course I do, King.  You aren't in the palace anymore, there is mead everywhere.  Follow me to the back.",laugh,,False,True
utt__train_ep_006131__010,train_ep_006131,10,king,char__king,"Good man! I swear, the things I have to put up with, sometimes I envy people like you, who can go to work and then just go home and forget about it at the end of the day.",,hug blacksmith,True,False
utt__train_ep_006131__011,train_ep_006131,11,blacksmith,char__blacksmith,"I imagine the weight of the crown is great.  You are always welcome here, however.",,hug king,False,False
utt__train_ep_006131__012,train_ep_006131,12,king,char__king,"This is good mead, friend. Here, try it on. See how you like the weight.",,give crown to blacksmith,True,False
utt__train_ep_006131__013,train_ep_006131,13,blacksmith,char__blacksmith,"I don't know king, what if one of your guards tells the queen?",,,False,True
utt__train_ep_006141__000,train_ep_006141,0,king,char__king,"Maid, what meal is on the docket today?",,,True,False
utt__train_ep_006141__001,train_ep_006141,1,maid,char__maid,"Sir, we have an exquisite duck from last night's hunt, served with fine white wine. Will that suffice? ",,,False,False
utt__train_ep_006141__002,train_ep_006141,2,king,char__king,I am expected guests tonight. I believe a sauce for the duck is appropriate.,,,True,False
utt__train_ep_006141__003,train_ep_006141,3,maid,char__maid,"Certainly, duck sauce cooked to perfection will be served! How many guests are you expecting, so we can plan accordingly? ",,,False,False
utt__train_ep_006141__004,train_ep_006141,4,king,char__king,I am expecting the regent of the neighboring kingdom and his entourage - 14 guests.,,,True,False
utt__train_ep_006141__005,train_ep_006141,5,maid,char__maid,That is quite the delegation! We will make sure everything is fresh and seasoned to your liking. ,,,False,False
utt__train_ep_006141__006,train_ep_006141,6,king,char__king,"In fact, they should be arriving shortly.",,wear crown,True,False
utt__train_ep_006141__007,train_ep_006141,7,maid,char__maid,"But, but.. the duck isn't ready yet! We still have one hour to go. ",sigh,,False,False
utt__train_ep_006141__008,train_ep_006141,8,king,char__king,And for dessert?,,,True,False
utt__train_ep_006141__009,train_ep_006141,9,maid,char__maid,Minced mouse pie with elderberries. Just as you requested! ,,,False,False
utt__train_ep_006141__010,train_ep_006141,10,king,char__king,I am simply curious your plans for dessert. It need not be ready now.,,,True,False
utt__train_ep_006141__011,train_ep_006141,11,maid,char__maid,"Of course, our appetizers of boiled eggs with creamy lizard sauce are ready on the table",,,False,False
utt__train_ep_006141__012,train_ep_006141,12,king,char__king,"Maid, did I mishear you? Did you say that the pie would be made of mice?",,,True,False
utt__train_ep_006141__013,train_ep_006141,13,maid,char__maid,"oh sorry, I mean't to say minced chicken. My apologies! ",,,False,False
utt__train_ep_006142__000,train_ep_006142,0,king,char__king,"Hey there., what are you doing here?",,,True,False
utt__train_ep_006142__001,train_ep_006142,1,thief,char__thief,Minding my own business!,,steal crown from king,False,False
utt__train_ep_006142__002,train_ep_006142,2,king,char__king,"Indeed, you're the guards should be here any moment from now, I'll have your head on a stake by morning",,,True,False
utt__train_ep_006142__003,train_ep_006142,3,thief,char__thief,You will never catch me. I have powers!,,steal scepter from king,False,False
utt__train_ep_006142__004,train_ep_006142,4,king,char__king,"Do you realise, you're stealing from a King?",,steal crown from thief,True,True
utt__train_ep_006147__000,train_ep_006147,0,king,char__king,"Hello, my queen. ",smile,,True,False
utt__train_ep_006147__001,train_ep_006147,1,queen,char__queen,"Good morning, my King!",,hug king,False,True
utt__train_ep_006147__002,train_ep_006147,2,king,char__king,How did you sleep? ,,hug queen,True,False
utt__train_ep_006147__003,train_ep_006147,3,queen,char__queen,"As well as to be expected. You were snoring, I heard you all night long. Were there many logs?",,,False,False
utt__train_ep_006147__004,train_ep_006147,4,king,char__king,"Many, I'm afraid ",laugh,,True,False
utt__train_ep_006147__005,train_ep_006147,5,queen,char__queen,Then maybe it will be a warm night with them used for a fire.,laugh,,False,False
utt__train_ep_006147__006,train_ep_006147,6,king,char__king,"My queen, there is something I must tell you. ",,,True,False
utt__train_ep_006147__007,train_ep_006147,7,queen,char__queen,Please do tell my husband,,,False,False
utt__train_ep_006147__008,train_ep_006147,8,king,char__king,There are rumors of a plot to overthrow me. ,,,True,False
utt__train_ep_006147__009,train_ep_006147,9,queen,char__queen,Rumors? From whom? Why would anyone want to overthrow you? You are a most kind King,,,False,True
utt__train_ep_006147__010,train_ep_006147,10,king,char__king,My guards approched me this morning. It grieves me because the rumors are that it's my own brother who wishes to betray me. ,sigh,,True,False
utt__train_ep_006147__011,train_ep_006147,11,queen,char__queen,How trustworthy are these rumors? Have you spoken to your brother?,,,False,False
utt__train_ep_006147__012,train_ep_006147,12,king,char__king,I have not spoken to him. I wanted to speak with you first. You are always my first priority.,,,True,False
utt__train_ep_006147__013,train_ep_006147,13,queen,char__queen,"As you are to me, my husband! You should speak to your brother and without emotion. You need to realize who could be speaking the truth.",,,False,False
utt__train_ep_006161__000,train_ep_006161,0,patron,char__patron,My Lord...what an honor. I was not expecting to see you here with a lowly patron like meself! ,,,False,False
utt__train_ep_006161__001,train_ep_006161,1,king,char__king,What is it you have come for here in the garden?,,,True,False
utt__train_ep_006161__002,train_ep_006161,2,patron,char__patron,"Well, my Lord...it seems I have had a bit too much ale on this fine eve. I have come here to sober up, and enjoy the beautiful scenery.",,,False,False
utt__train_ep_006161__003,train_ep_006161,3,king,char__king,"Well we all drink a little too much, once in a while. The trick is to not do that every day. You do not do this every day, do you?",,,True,False
utt__train_ep_006161__004,train_ep_006161,4,patron,char__patron,"Of course not, my Lord!",,,False,False
utt__train_ep_006161__005,train_ep_006161,5,king,char__king,What is it you do for work?,,,True,False
utt__train_ep_006161__006,train_ep_006161,6,patron,char__patron,I am a farmer. I plow the fields for long hours each and every day. ,,,False,False
utt__train_ep_006161__007,train_ep_006161,7,king,char__king,That is noble work. What crop is in season for us? ,,,True,False
utt__train_ep_006161__008,train_ep_006161,8,patron,char__patron,"It is potatoes, my Lord...however, it seems most have developed the blight. This has been hard on my family and I, which it seems has driven me to my inebriated state you see me in now. ",,,False,False
utt__train_ep_006161__009,train_ep_006161,9,king,char__king,"Man, this only an temporary obstacle. Having problems with a much needed crop will pass. There will be another season and that could be better. You can predict the weather and how it affects your crop and you cannot predict the insects that destroy your crops. Drinking is not your solution.",,,True,False
utt__train_ep_006161__010,train_ep_006161,10,patron,char__patron,"You are wise, my King. Thank you for the advice...this is true.",,,False,True
utt__train_ep_006161__011,train_ep_006161,11,king,char__king,Do you have a wife and family? And what is they do while you plow and sow seeds in your field.,,,True,False
utt__train_ep_006161__012,train_ep_006161,12,patron,char__patron,"I do me Lord..I have a wife and 5 kids. All boys. Me wife cares for the younger ones, whilst the older ones assist me in the fields most days. It is very helpful having good, strong boys. ",,,False,False
utt__train_ep_006161__013,train_ep_006161,13,king,char__king,It sounds like you have a very grateful family! Working together helps build character for you and your boys. You are a lucky man.,,,True,False
utt__train_ep_006166__000,train_ep_006166,0,noble,char__noble,"Good day, Your Majesty.",,,False,False
utt__train_ep_006166__001,train_ep_006166,1,king,char__king,"Ah, 'tis you. Good day - how do you fare?",,,True,False
utt__train_ep_006166__002,train_ep_006166,2,noble,char__noble,"I fare well, Majesty, for the most part. And yourself?",,,False,False
utt__train_ep_006166__003,train_ep_006166,3,king,char__king,"Rather bored, I must admit. There've been few interesting affairs entertained in the court this morning.",smile,,True,False
utt__train_ep_006166__004,train_ep_006166,4,noble,char__noble,"Ah, well, there was a small matter that I wanted to bring to your attention, if you have the time.",,,False,False
utt__train_ep_006166__005,train_ep_006166,5,king,char__king,Of course; my ears belong to you right now. What is the matter at hand?,nod,,True,False
utt__train_ep_006166__006,train_ep_006166,6,noble,char__noble,"Well, you may be aware of the drop in standards among the faerie that supply some of our food. I have outlined a few thoughts that I have had regarding quality control and acceptability of their products.",,give scroll to king,False,False
utt__train_ep_006166__007,train_ep_006166,7,king,char__king,This is detailed - you have clearly spent much time outlining this for me. What interest does this hold for you?,ponder,,True,False
utt__train_ep_006166__008,train_ep_006166,8,noble,char__noble,"well, I think that it is only right - and good for the kingdom - that we hold them to the highest standards.  Both of our tables are furnished to some part with their food and it would be remiss of me not to demand the highest standards when it comes to the King's table, don't you think?",,,False,False
utt__train_ep_006166__009,train_ep_006166,9,king,char__king,"You sell yourself well, I admit. Would you mind coming to court and addressing the matter to my council? My advisors and I would certainly like to hear what it is an intelligent man like yourself has to share.",,,True,False
utt__train_ep_006166__010,train_ep_006166,10,noble,char__noble,"Of course, Sire.  I am gratified that you would listen to my thoughts on the matter.",grin,,False,False
utt__train_ep_006166__011,train_ep_006166,11,king,char__king,I trust you'll be able to better-outline your thoughts than I in front of the court. Could we hear your thoughts following the midday meal?,,give scroll to noble,True,False
utt__train_ep_006166__012,train_ep_006166,12,noble,char__noble,"Gladly, Sire.  I shall be sure to be in the Council Chamber immediately after I dine.  I am sure that you will not be displeased with my ideas.",,,False,False
utt__train_ep_006486__000,train_ep_006486,0,king,char__king,Hello,,,True,False
utt__train_ep_006486__001,train_ep_006486,1,brother,char__brother,"My liege, it is an honour to be addressed by you. Can I be of service?",,,False,False
utt__train_ep_006486__002,train_ep_006486,2,king,char__king,"Yes, I need you to deliver a message to the Captain.",,,True,False
utt__train_ep_006486__003,train_ep_006486,3,brother,char__brother,"As you wish, my liege! I can wrestle him too, if you command?",nod,,False,False
utt__train_ep_006486__004,train_ep_006486,4,king,char__king,hahaha..taht wont be necessary. I noticed you frequent this place lately.,,,True,False
utt__train_ep_006486__005,train_ep_006486,5,brother,char__brother,"I'm apprenticing under my father, a royal hunter. I like to come here and look at the longbows!",,,False,False
utt__train_ep_006486__006,train_ep_006486,6,king,char__king,"Oh, That is great. Now take this to the captain and tell him to deliver it to the king in the neighbouring kingdom.",,give scepter to brother,True,True
utt__train_ep_006486__007,train_ep_006486,7,brother,char__brother,"You honour me with this task, my liege. Shall I pass on anything else to the captain?",,,False,False
utt__train_ep_006486__008,train_ep_006486,8,king,char__king,That will be all. Now hurry along!,,,True,False
utt__train_ep_006486__009,train_ep_006486,9,brother,char__brother,"I'll just gather the longbows that I came to get for my father. My liege, if you'll forgive my asking, who is that child?",,get longbows,False,False
utt__train_ep_006486__010,train_ep_006486,10,king,char__king,He was recently adopted. He lost his ways and was found in the woods by the farmers,,,True,False
utt__train_ep_006486__011,train_ep_006486,11,brother,char__brother,"I am the only boy in my family, perhaps we could be friends? He's very welcome to join us on a hunting trip, my sisters never want to play with me.",,give bow to child,False,False
utt__train_ep_006486__012,train_ep_006486,12,king,char__king,"Well, if it is okay by your family.",,,True,False
utt__train_ep_006486__013,train_ep_006486,13,brother,char__brother,"Without doubt, my liege, father's always looking for another bowman. One question, Your Majesty, where can I find the captain?",,get bow,False,False
utt__train_ep_006509__000,train_ep_006509,0,maid,char__maid,"Hello, Sire. How are you feeling?",,,False,False
utt__train_ep_006509__001,train_ep_006509,1,king,char__king,"I am quite well, and ready for my daily bathing.",,,True,False
utt__train_ep_006509__002,train_ep_006509,2,maid,char__maid,then disrobe promptly...I will look away.,,,False,False
utt__train_ep_006509__003,train_ep_006509,3,king,char__king,"Very well. Hold this, and do NOT allow it to become soiled.",,give crown to maid,True,False
utt__train_ep_006509__004,train_ep_006509,4,maid,char__maid,"At once, Sire. I will lay this in the living room, but also not let it leave my eyeline. ",,give food tray to king,False,False
utt__train_ep_006509__005,train_ep_006509,5,king,char__king,"Um... okay... ooh, is this Camembert?",,,True,False
utt__train_ep_006509__006,train_ep_006509,6,maid,char__maid,"I'm very paranoid about thieves lately. Oh yes, it is! So delectable.",smile,,False,False
utt__train_ep_006509__007,train_ep_006509,7,king,char__king,"I have been making a note of it. The guards are doubled each night, yet still thieves plague our fair empire. I may have to take matters into my own hands. Ooh, pickles.",grin,,True,False
utt__train_ep_006509__008,train_ep_006509,8,maid,char__maid,Tee-Hee...,smile,,False,False
utt__train_ep_006509__009,train_ep_006509,9,king,char__king,"So... I... I still need to disrobe. I mean, I need to... can you please... ",,give food tray to maid,True,False
utt__train_ep_006509__010,train_ep_006509,10,maid,char__maid,"Oh my, don't tell me how to do my job. You may begin, but I have to scrub you thoroughly to get all the dirty spots.",laugh,,False,False
utt__train_ep_006509__011,train_ep_006509,11,king,char__king,...yes. Well. Ahem. Behold my kingly magnificence. Excuse me while I immediately immerse myself.,,,True,False
utt__train_ep_006509__012,train_ep_006509,12,maid,char__maid,"Yes, yes...I am only kidding. Please lift your feet.",,,False,False
utt__train_ep_006518__000,train_ep_006518,0,king,char__king,hello,,,True,False
utt__train_ep_006518__001,train_ep_006518,1,townperson,char__townperson,My Liege! I am honored that you would speak to a lowly villager such as myself!,blush,,False,False
utt__train_ep_006518__002,train_ep_006518,2,king,char__king,I am a king of the whole empire. i am the king to all.,,,True,True
utt__train_ep_006518__003,train_ep_006518,3,townperson,char__townperson,"Of course, your Majesty! No one doubts that! I just am unsure why you would be here in the Apothecaries, let alone why you would wish to speak to such as I.",,,False,False
utt__train_ep_006518__004,train_ep_006518,4,king,char__king,"You know, I can use some talk",,remove cape,True,False
utt__train_ep_006518__005,train_ep_006518,5,townperson,char__townperson,"Er, talk? About what, your Most Royal Highness? Do youseek something here in the shop? Do your dogs perhaps suffer the agony of ear-mites?",,,False,False
utt__train_ep_006518__006,train_ep_006518,6,king,char__king,I have an infection ,,,True,False
utt__train_ep_006518__007,train_ep_006518,7,townperson,char__townperson,"Oh my! I am most distressed to hear that! Erm, what sort of affliction is it that the Royal Physician could not attend? Is it perhaps of an, er, intimate nature?",gasp,,False,False
utt__train_ep_006518__008,train_ep_006518,8,king,char__king,it is inimate. I dont want a word of this out there. I got it from an harlot,,,True,False
utt__train_ep_006518__009,train_ep_006518,9,townperson,char__townperson,"Say no more, say no more! You may rely on my discretion! I am renowned for it! Let's just take a peek at the, ah, affected area, as it were. ",wink,,False,False
utt__train_ep_006518__010,train_ep_006518,10,king,char__king,stop winking. Its annoying.,,,True,False
utt__train_ep_006518__011,train_ep_006518,11,townperson,char__townperson,"Yes, of course, Mighty Lord! I meant no offense! I exist only to serve! Now if I could just take a look, I'm sure I have a tincture or potion to cure the most common, ahem, inconviences....",pout,,False,False
utt__train_ep_006518__012,train_ep_006518,12,king,char__king,very well then. It is very close to my groin,,give cape to townperson,True,False
utt__train_ep_006518__013,train_ep_006518,13,townperson,char__townperson,"Good Lord! That's, that's, awful! That is, I mean to say, um, not too bad I guess...I'm sure maybe some part can be saved...I mean, I'm sure everything will be just fine!",gasp,,False,False
utt__train_ep_006519__000,train_ep_006519,0,enemy,char__enemy,hi,,,False,False
utt__train_ep_006519__001,train_ep_006519,1,king,char__king,What in Heavens name are you doing here?,,,True,False
utt__train_ep_006519__002,train_ep_006519,2,enemy,char__enemy,"Well, I am here to wreak havoc in your kingdom.",laugh,,False,False
utt__train_ep_006519__003,train_ep_006519,3,king,char__king,How dare you speak such claims! And how dare you step foot in this castle!,,,True,False
utt__train_ep_006519__004,train_ep_006519,4,enemy,char__enemy,There is no one to save you...you might want to say your last wishes,,drop knife,False,False
utt__train_ep_006519__005,train_ep_006519,5,king,char__king,I'll say... *argh* you weren't expecting that... were you? You can't just come in here like you have. You will be beaten and disregarded.,,hit enemy,True,False
utt__train_ep_006519__006,train_ep_006519,6,enemy,char__enemy,You really want to force me to use this on you,,get knife,False,False
utt__train_ep_006519__007,train_ep_006519,7,king,char__king,You wouldn't dare! You take one swipe at me and all my guards will attack you like a pack of ravaged dogs.,,,True,False
utt__train_ep_006519__008,train_ep_006519,8,enemy,char__enemy,You might want to call them. I killed them all already,,,False,False
utt__train_ep_006519__009,train_ep_006519,9,king,char__king,That's impossible! There's 20 of them. Who in the world are you?,gasp,,True,False
utt__train_ep_006519__010,train_ep_006519,10,enemy,char__enemy,Just calm down and let us talk this like a gentleman,,,False,False
utt__train_ep_006519__011,train_ep_006519,11,king,char__king,What's the real reason you're here? What do you want?,,,True,False
utt__train_ep_006519__012,train_ep_006519,12,enemy,char__enemy,Your wife sent me!,,,False,False
utt__train_ep_006519__013,train_ep_006519,13,king,char__king,My wife?! No...... No.... You guys didn't..... No.... No...,stare,,True,False
utt__train_ep_006534__000,train_ep_006534,0,king,char__king,I have drank way too much wine! who are you! ,,,True,False
utt__train_ep_006534__001,train_ep_006534,1,scholar,char__scholar,"Just a mere scholar, your majesty. ",,,False,False
utt__train_ep_006534__002,train_ep_006534,2,king,char__king,"I dont like the like the way you look at me. Scholar huh, why are you in the bottlery?",,,True,False
utt__train_ep_006534__003,train_ep_006534,3,scholar,char__scholar,It is my job to study everything there is to learn. That includes all the types of wines. ,laugh,,False,False
utt__train_ep_006534__004,train_ep_006534,4,king,char__king,Why are there so many empty bottles there next to you !,,,True,False
utt__train_ep_006534__005,train_ep_006534,5,scholar,char__scholar,"I don't know, your majesty. They were already here when I arrived. ",ponder,,False,False
utt__train_ep_006534__006,train_ep_006534,6,king,char__king,And what about that stain on your shirt! and the slurring of your words! ,,,True,False
utt__train_ep_006534__007,train_ep_006534,7,scholar,char__scholar,I don't mean to be rude your majesty but I think you've had too much to drink. It has clearly affected your vision and hearing.,sigh,,False,False
utt__train_ep_006534__008,train_ep_006534,8,king,char__king,Do you want to have your head tomorrow. I would take that back!,,,True,False
utt__train_ep_006534__009,train_ep_006534,9,scholar,char__scholar,I'm sure you won't even remember who I am by the time you wake up from your hangover tomorrow morning.,wink,,False,False
utt__train_ep_006534__010,train_ep_006534,10,king,char__king,Guards! Lock him in the dungeon.,scream,,True,False
utt__train_ep_006534__011,train_ep_006534,11,scholar,char__scholar,"You're clearly hallucinating, my king. There is nobody here but us. ",,,False,True
utt__train_ep_006534__012,train_ep_006534,12,king,char__king,Thats fine Ill make you clean the cobwebs and the empty bottles and drag you to the dungeon myself!,,hit scholar,True,False
utt__train_ep_006534__013,train_ep_006534,13,scholar,char__scholar,"You may be the king, but that doesn't mean I won't defend myself from your outrageous delusions!",,remove knife,False,True
utt__train_ep_006575__000,train_ep_006575,0,merchant,char__merchant,Oh my Lord. I am just a poor merchant.  Thank you for seeing me. ,,,False,False
utt__train_ep_006575__001,train_ep_006575,1,king,char__king,Yes. Yes. What do you need?,nod,,True,False
utt__train_ep_006575__002,train_ep_006575,2,merchant,char__merchant,"I have this bag of herbs. Please, I am very poor. I only have one shoe. Please help",,,False,False
utt__train_ep_006575__003,train_ep_006575,3,king,char__king,How shall I help you? be specific merchant. I don't have time this.,,remove cape,True,False
utt__train_ep_006575__004,train_ep_006575,4,merchant,char__merchant,I only grow these herbs but the village has no need for them. Would you exchange them for your sceptor?,,drop bag of herbs,False,False
utt__train_ep_006575__005,train_ep_006575,5,king,char__king,What sort of herbs? This sceptor is a family heirloom. YOu are crazy to think I will give you this.,,,True,False
utt__train_ep_006575__006,train_ep_006575,6,merchant,char__merchant,"magical herbs. They are worth far more than your sceptor, you'll see.",,,False,False
utt__train_ep_006575__007,train_ep_006575,7,king,char__king,I have no need for magical herbs. Are you trying to poison this kingdom?,,,True,False
utt__train_ep_006575__008,train_ep_006575,8,merchant,char__merchant,"no, sir. never. I am merely only trying to help. These herbs will make you much more powerful, beyoond your wildest dreams",,,False,False
utt__train_ep_006575__009,train_ep_006575,9,king,char__king,I am powerful enough.  Now why don't you sell these herbs to the magic shop in town?,,,True,False
utt__train_ep_006575__010,train_ep_006575,10,merchant,char__merchant,They will not even let me in the shop because I only have this single shoe.,,remove shoe,False,False
utt__train_ep_006575__011,train_ep_006575,11,king,char__king,Take your shoe off and have none. I've seen shoeless men go in stores .,,,True,False
utt__train_ep_006575__012,train_ep_006575,12,merchant,char__merchant,This is all I can give you in exchange for your time. ,,give shoe to king,False,False
utt__train_ep_006575__013,train_ep_006575,13,king,char__king,I shall wear it with pride.,,wear shoe,True,False
utt__train_ep_006603__000,train_ep_006603,0,king,char__king,"Fellow Ruler, we are here today, meeting in secret because of a common threat. Dragons are approaching from the beyond.",,,True,False
utt__train_ep_006603__001,train_ep_006603,1,kings,char__kings,"We must work together to fight these things, but how? They are mythical and magical... No one ever expected an attack from these.\",,,False,False
utt__train_ep_006603__002,train_ep_006603,2,king,char__king,Our only hope is to gather our knights and wizards and alert them to the danger.,,,True,False
utt__train_ep_006614__000,train_ep_006614,0,merchant,char__merchant,KING! How are you this glorious day?!,smile,,False,True
utt__train_ep_006614__001,train_ep_006614,1,king,char__king,MERCHANT!  I could not be happier!  Especially seeing you!  What goods do you bring me today?,,,True,False
utt__train_ep_006614__002,train_ep_006614,2,merchant,char__merchant,"OH King! I have brought some of the softest materials for lands far from here.  I have found trinkets and collectibles!! ...I also found a special surprise, only for you!  Its in this bag",,give bag to king,False,True
utt__train_ep_006614__003,train_ep_006614,3,king,char__king,Truly?  You know me so well!  A far seeing orb from the ancient Kingdom!  I hope perhaps to locate the others that have been lost when I gaze into its depths.,,,True,False
utt__train_ep_006614__004,train_ep_006614,4,merchant,char__merchant,I am glad you are educated in this king! not many know of these orbs.  But you must be careful! I have heard rumors about those wanting to take them and use them for evil things! Be careful,grin,,False,True
utt__train_ep_006614__005,train_ep_006614,5,king,char__king,"I have heard the rumours as well, though I am sure I can resist the corruption of the Dark Lord, unlike those who came before me.",,,True,False
utt__train_ep_006614__006,train_ep_006614,6,merchant,char__merchant,"I hope you can resist. Because I one of the rumors that I heard was if you can resist the dark lord, you can be energized by the Queen of Light.  Her powers are far greater than those of the Dark Lord.",,,False,False
utt__train_ep_006614__007,train_ep_006614,7,king,char__king,"You are the wisest merchants in these lands, and I shall heed your words - which is why I believe I can entrust you with the search for another item if note.",,,True,False
utt__train_ep_006614__008,train_ep_006614,8,merchant,char__merchant,Oh yes Please ! I love the adventures of finding these items!,dance,,False,False
utt__train_ep_006614__009,train_ep_006614,9,king,char__king,"It is the horn that according to legend parted the sea, allowing the Goddess of the Ocean to cross the sea, sinking the continent of our ancestors.  I wish to make a shrine in her honour, and keep it out of reach of those who might do ill with it.",,,True,False
utt__train_ep_006614__010,train_ep_006614,10,merchant,char__merchant,The..the..the horn of the great seas!!! That horn is legendary! rumored that only one with a pure heart can use.  One that would sacrifice themselves for the well being of others.  To save those who could not save themselves.  This is a grand piece to find! Thank you great king,gasp,,False,True
utt__train_ep_006614__011,train_ep_006614,11,king,char__king,"And by carrying this scepter, any who are in my service are bound to assist, with their very lives if necessary.  I fear that the fate of the horn and that of this world may be intertwined, though how I cannot say.",,give scepter to merchant,True,False
utt__train_ep_006614__012,train_ep_006614,12,merchant,char__merchant,Thank you King! I will not let you down! I will go and find out all I can about the horn and I will do everything in my power to bring it back to you!  ,,hug king,False,True
utt__train_ep_006614__013,train_ep_006614,13,king,char__king,"Merchant, you have done so much for me, for the Kingdom . . .please, call be brother . . .my brother.",,,True,False
utt__train_ep_006631__000,train_ep_006631,0,king,char__king,Will you work on cleaning up the pens and fixing the smell? It is so awfully smelling in here. ,,,True,False
utt__train_ep_006631__001,train_ep_006631,1,maid,char__maid,"Indeed, I can. I'm not sure why this kitchen smells so abhorrent. ",,,False,False
utt__train_ep_006631__002,train_ep_006631,2,king,char__king,It is the various fowl and beast that are in the pens in the room.,,,True,False
utt__train_ep_006631__003,train_ep_006631,3,maid,char__maid,It's going to be a long process to get this kitchen clean. May I suggest that we move the critters elsewhere?,,wear rag,False,False
utt__train_ep_006631__004,train_ep_006631,4,king,char__king,"Perhaps, but they must be cleaned before returning in here. Clean them to prepare them for their slaughter!",,,True,False
utt__train_ep_006631__005,train_ep_006631,5,maid,char__maid,If I must. I just don't think it's fair I have to serve like this. I could be just as royal as the Queen.,frown,,False,False
utt__train_ep_006631__006,train_ep_006631,6,king,char__king,You are a maid. It is what the women in your family have always been. Why complain now?,,,True,False
utt__train_ep_006631__007,train_ep_006631,7,maid,char__maid,"My lot in life is abominable. I hate cleaning, I hate cooking, and I hate animals. ",,drop Broom,False,False
utt__train_ep_006631__008,train_ep_006631,8,king,char__king,Are you refusing this task I have given you?,,,True,False
utt__train_ep_006631__009,train_ep_006631,9,maid,char__maid,"No, no, Your Highness. I just wish things were easier. I do not like muck and I especially hate filth.",,,False,False
utt__train_ep_006631__010,train_ep_006631,10,king,char__king,Good because you must complete this quickly. We have a dinner tonight!,,,True,False
utt__train_ep_006631__011,train_ep_006631,11,maid,char__maid,I'll get started right away. But I won't like it.,frown,,False,False
utt__train_ep_006631__012,train_ep_006631,12,king,char__king,Go! Hurry! I do not want to hear you complain anymore.,,,True,False
utt__train_ep_006631__013,train_ep_006631,13,maid,char__maid,"Yes, Sir. See! I'm cleaning as fast as I can!",,remove rag,False,False
utt__train_ep_006633__000,train_ep_006633,0,king,char__king,"Rabbit, what is deep in this secret tunnel?",,,True,False
utt__train_ep_006633__001,train_ep_006633,1,rabbit,char__rabbit,*sniffle*,,steal scepter from king,False,False
utt__train_ep_006633__002,train_ep_006633,2,king,char__king,"Give me back my scepter! Now, I wonder if the enemies have been using this tunnel to escape?",,steal scepter from rabbit,True,False
utt__train_ep_006633__003,train_ep_006633,3,rabbit,char__rabbit,(eyes filled with a want to kill),,hit king,False,False
utt__train_ep_006633__004,train_ep_006633,4,king,char__king,You're a fearsome rabbit with wild fangs! Go away or I will have my guards kill you.,gasp,,True,False
utt__train_ep_006633__005,train_ep_006633,5,rabbit,char__rabbit,*gives scepter back*,,hug king,False,False
utt__train_ep_006633__006,train_ep_006633,6,king,char__king,"There, there! Now that's the way a rabbit should behave! Look how this tunnel branches out. I could go almost anywhere in the castle!",,hug rabbit,True,False
utt__train_ep_006633__007,train_ep_006633,7,rabbit,char__rabbit,I can talk and I need to tell you about your future...,,,False,False
utt__train_ep_006633__008,train_ep_006633,8,king,char__king,"An enchanted talking rabbit! Please, do tell me!",gasp,,True,False
utt__train_ep_006633__009,train_ep_006633,9,rabbit,char__rabbit,"Anguish, death and defiance... *disapears into the cavern*",,,False,False
utt__train_ep_006633__010,train_ep_006633,10,king,char__king,"Goodness! If what you say is true, I need to have these tunnels dug up. I cannot allow my enemies to reach me.",,,True,False
utt__train_ep_006633__011,train_ep_006633,11,rabbit,char__rabbit,its fine,,,False,False
utt__train_ep_006633__012,train_ep_006633,12,king,char__king,Fine? Fine? You have predicted a horrible death for me! That is hardly fine!,scream,,True,False
utt__train_ep_006633__013,train_ep_006633,13,rabbit,char__rabbit,"Not you, your son...",,,False,False
utt__train_ep_006638__000,train_ep_006638,0,king,char__king,What a magnificent view! The beauty of our Kingdom never ceases to amaze me. ,,,True,False
utt__train_ep_006638__001,train_ep_006638,1,queen,char__queen,Isn't it darling? If only we didnt have to share it with other people.,,,False,False
utt__train_ep_006638__002,train_ep_006638,2,king,char__king,"I agree, people just don't truly appreciate what I have done for this Kingdom. I have made us the richest of all! ",,,True,False
utt__train_ep_006638__003,train_ep_006638,3,queen,char__queen,You surely have! You don't get enough credit.,,,False,False
utt__train_ep_006638__004,train_ep_006638,4,king,char__king,Yes my Queen only you understand the sacrifices I have made. You deserve this more than I. ,,give crown to queen,True,False
utt__train_ep_006638__005,train_ep_006638,5,queen,char__queen,Am I now the king?,,wear crown,False,True
utt__train_ep_006638__006,train_ep_006638,6,king,char__king,"Between us two, yes. You have always been my King! ",wink,,True,True
utt__train_ep_006638__007,train_ep_006638,7,queen,char__queen,"I'm so lucky! Now, where's that chambermaid...",blush,,False,False
utt__train_ep_006638__008,train_ep_006638,8,king,char__king,Why yes I must thank the maid for the great work she has done in maintaining the cleanliness of the balcony. She deserves a raise! ,,,True,False
utt__train_ep_006638__009,train_ep_006638,9,queen,char__queen,Is serving the king not payment enough?,,,False,True
utt__train_ep_006638__010,train_ep_006638,10,king,char__king,You are quite right! But these people only understand the language of gold and silver. ,,,True,False
utt__train_ep_006638__011,train_ep_006638,11,queen,char__queen,"You've never spoken more truth, darling.",,,False,False
utt__train_ep_006638__012,train_ep_006638,12,king,char__king,Its a good thing I increased the bread tax last summer. That way we can trick them by giving them their own money back! ,,,True,False
utt__train_ep_006638__013,train_ep_006638,13,queen,char__queen,"You are so smart. We should do without all those advisors, I think we have the realms under control all by ourselves.",,,False,False
utt__train_ep_006696__000,train_ep_006696,0,murderer,char__murderer,"Your Majesty, to what do we owe this great privilegde?",smile,,False,False
utt__train_ep_006696__001,train_ep_006696,1,king,char__king,I came down to see you? The people are talking all about the murder that was finally caught,,,True,False
utt__train_ep_006696__002,train_ep_006696,2,murderer,char__murderer,"You flatter me with your words my king, I was just seeking a little amusement nothing more",,,False,True
utt__train_ep_006696__003,train_ep_006696,3,king,char__king,They said you were mad! And they speak the truth!,,,True,False
utt__train_ep_006696__004,train_ep_006696,4,murderer,char__murderer,"Well, i wouldn't argue, nobody seems to see life the way i see it",,,False,False
utt__train_ep_006696__005,train_ep_006696,5,king,char__king,How is it that you see life?,,,True,False
utt__train_ep_006696__006,train_ep_006696,6,murderer,char__murderer,"Survival of the fittest, weaklings should not be left alive to share out the scare resources",,,False,False
utt__train_ep_006696__007,train_ep_006696,7,king,char__king,That is not for you to decide.... If they have committed a crime then my men will take care of them. otherwise they are left alone to live out what life they have,,,True,False
utt__train_ep_006696__008,train_ep_006696,8,murderer,char__murderer,I feel they are just a waste of space,,,False,False
utt__train_ep_006696__009,train_ep_006696,9,king,char__king,That is because you are insane! You are truly insane!,,,True,False
utt__train_ep_006696__010,train_ep_006696,10,murderer,char__murderer,"No I'm not, you all are",,,False,False
utt__train_ep_006696__011,train_ep_006696,11,king,char__king,"Hahahaha.... Yes everyone is insane, except you! We will not shed a tear for you, when they hang you by the neck until dead.",,,True,False
utt__train_ep_006696__012,train_ep_006696,12,murderer,char__murderer,I don't need any tears from weaklings,,,False,False
utt__train_ep_006696__013,train_ep_006696,13,king,char__king,There will be no tears! You will just get pity.... that is sad!,,,True,False
utt__train_ep_006837__000,train_ep_006837,0,queen,char__queen,Hello King and princess. how are we today?,,,False,True
utt__train_ep_006837__001,train_ep_006837,1,king,char__king,I am doing really great,,,True,False
utt__train_ep_006837__002,train_ep_006837,2,queen,char__queen,Good to hear. Any plans this evening?,,,False,False
utt__train_ep_006837__003,train_ep_006837,3,king,char__king,I want to spend the whole evening and night with you my love.,,,True,False
utt__train_ep_006837__004,train_ep_006837,4,queen,char__queen,What about the princess? Should we ask her to leave?,,,False,False
utt__train_ep_006837__005,train_ep_006837,5,king,char__king,"Yes, I told her to go spend the night with her best friend",,,True,False
utt__train_ep_006837__006,train_ep_006837,6,queen,char__queen,I am excited for our night together love.,smile,,False,False
utt__train_ep_006837__007,train_ep_006837,7,king,char__king,It has been long,wink,,True,False
utt__train_ep_006837__008,train_ep_006837,8,queen,char__queen,Oh how i have missed you.,,hug king,False,False
utt__train_ep_006837__009,train_ep_006837,9,king,char__king,I missed you too,,,True,False
utt__train_ep_006837__010,train_ep_006837,10,queen,char__queen,Let's make this night a memorable one!,,,False,False
utt__train_ep_006837__011,train_ep_006837,11,king,char__king,come closer my dear...,,,True,False
utt__train_ep_006837__012,train_ep_006837,12,queen,char__queen,What is it my King?,blush,,False,True
utt__train_ep_006837__013,train_ep_006837,13,king,char__king,You ask too many questions,,remove cape,True,False
utt__train_ep_006840__000,train_ep_006840,0,brother,char__brother,hi,,,False,False
utt__train_ep_006840__001,train_ep_006840,1,king,char__king,"Hello, dear brother. How have you been?",,,True,False
utt__train_ep_006840__002,train_ep_006840,2,brother,char__brother,Very well your highness,,,False,False
utt__train_ep_006840__003,train_ep_006840,3,king,char__king,What brings you to the market center?,,,True,False
utt__train_ep_006840__004,train_ep_006840,4,brother,char__brother,Just to check if I can get anything of interest to buy,,,False,False
utt__train_ep_006840__005,train_ep_006840,5,king,char__king,I see. ,,get Wine,True,False
utt__train_ep_006840__006,train_ep_006840,6,brother,char__brother,Yes your highness. I dont really have much money with me. But I have a question to ask you sire,,,False,False
utt__train_ep_006840__007,train_ep_006840,7,king,char__king,"Sure, what is it, brother?",,,True,False
utt__train_ep_006840__008,train_ep_006840,8,brother,char__brother,"What is a royalty doing in this crowded market. I mean, you have enough people in the department ",,,False,False
utt__train_ep_006840__009,train_ep_006840,9,king,char__king,"Yes, but I do like to get out among the people a bit. It gets boring in the castle. I brought my guard with me today. ",,,True,False
utt__train_ep_006840__010,train_ep_006840,10,brother,char__brother,"I noticed, but it is still risky nonetheles",,,False,False
utt__train_ep_006840__011,train_ep_006840,11,king,char__king,That's true. What brings you out today? ,,give Wine to brother,True,False
utt__train_ep_006840__012,train_ep_006840,12,brother,char__brother,"I told you already sire...just to see what to buy. Sire, I am sorry but I am not worthy to share your drink",,,False,False
utt__train_ep_006840__013,train_ep_006840,13,king,char__king,"Ahhh, yes you did. I'm afraid I get forgetful when I have a little too much wine. Please, go on. Have some. It's delicious!",,,True,False
utt__train_ep_006845__000,train_ep_006845,0,dragon,char__dragon,What brings you here King and Quen?,,,False,True
utt__train_ep_006845__001,train_ep_006845,1,king,char__king,We wanted to inspect the castle entrance. We heard it has fallen into a bit of a state of disrepair. Did someone let you in? It's unusual to see a dragon at the castle. ,,,True,False
utt__train_ep_006845__002,train_ep_006845,2,dragon,char__dragon,"Yes i do not wish to be seen often, that is why i do not like you here.",,,False,False
utt__train_ep_006845__003,train_ep_006845,3,king,char__king,You don't like me here? It's MY castle. ,sigh,,True,False
utt__train_ep_006845__004,train_ep_006845,4,dragon,char__dragon,"Do not tempt me, everywhere i go i own. I am more powerful than you and you should respect that.",,,False,False
utt__train_ep_006845__005,train_ep_006845,5,king,char__king,Guards!!! We've got an issue....,groan,,True,False
utt__train_ep_006845__006,train_ep_006845,6,dragon,char__dragon,I shall show you why you should respect me.,,hit the queen,False,False
utt__train_ep_006845__007,train_ep_006845,7,king,char__king,Oh my god! Let her go this instant. You can fight me instead. ,,hit dragon,True,False
utt__train_ep_006845__008,train_ep_006845,8,dragon,char__dragon,"Haha it was a trick, i wanted the scepter all along.",,steal scepter from king,False,False
utt__train_ep_006858__000,train_ep_006858,0,king,char__king,This bed is so comfortable. I could lay in it all day1,,,True,False
utt__train_ep_006858__001,train_ep_006858,1,fool,char__fool,Im glad you like it! Would you like me to do any other preformance for your entertainment King?,smile,,False,True
utt__train_ep_006858__002,train_ep_006858,2,king,char__king,"Hahaha... I did not know you were here! What is it you can do for entertainment, fool?",,,True,False
utt__train_ep_006858__003,train_ep_006858,3,fool,char__fool,Well I can punch myself in the face! Ow! That hurt! Did you think that was funny my king?,,,False,True
utt__train_ep_006858__004,train_ep_006858,4,king,char__king,You are definitely a fool! ,laugh,,True,False
utt__train_ep_006858__005,train_ep_006858,5,fool,char__fool,What else would you like me to do to make you laugh? I can do anything you ask me to!,,,False,False
utt__train_ep_006858__006,train_ep_006858,6,king,char__king,hahahaha. Pretend to stub your toe on the leg of the bed! hahaha,,,True,False
utt__train_ep_006858__007,train_ep_006858,7,fool,char__fool,Oh sure! Ill do you one better! I'll actually stub my toe..... OW THAT HURT WAY MORE THAN I EXPECTED!,cry,,False,False
utt__train_ep_006858__008,train_ep_006858,8,king,char__king,Oh my! you are truly foolish! I love it! Do something else!,laugh,,True,False
utt__train_ep_006858__009,train_ep_006858,9,fool,char__fool,Okay... here look at this priceless magic crystal ball.... oops! I dropped it!,,drop a crystal ball,False,False
utt__train_ep_006858__010,train_ep_006858,10,king,char__king,Fool! Guards! Get this fool out of here!,gasp,,True,False
utt__train_ep_006858__011,train_ep_006858,11,fool,char__fool,I'm sorry King! I didn't mean to upset you! I was just trying to make you laugh! Please dont have me executed like the stable boy!,cry,,False,True
utt__train_ep_006858__012,train_ep_006858,12,king,char__king,I am not pleased with your actions on that one! You are safe for the moment fool! You are funny and I needed to laugh today. I did not expect to feel so good!,laugh,,True,False
utt__train_ep_006858__013,train_ep_006858,13,fool,char__fool,"Okay let me make you laugh once more, I have some music skills! *BROOOOMP SQUEEK SQAADLE* ",,remove badly tuned trumpet,False,False
utt__train_ep_006961__000,train_ep_006961,0,king,char__king,You owe 43 gold pieces to the kingdom. Did you really think we wouldn't notice this?,,,True,False
utt__train_ep_006961__001,train_ep_006961,1,debtor,char__debtor,Im sorry my lord! I only needed the money to feed my family I swear I thought I would be able to pay it off!,,,False,False
utt__train_ep_006961__002,train_ep_006961,2,king,char__king,"43 gold pieces... to feed your family? What - do you have a family of rhinos? Well, I was ready to offer you freedom, but since you are telling lies, I may just keep you.",,,True,False
utt__train_ep_006961__003,train_ep_006961,3,debtor,char__debtor,"I promise my king! My eldest got very sick and needed urgent care, my wife passed away long ago and I have not been able to find any employment. I will work for you doing anything you want me to just please dont let me die in here.",cry,,False,True
utt__train_ep_006961__004,train_ep_006961,4,king,char__king,"Perhaps you would like a job cleaning the privy? I must say, it's quite dangerous work, but the pay is good.",,,True,False
utt__train_ep_006961__005,train_ep_006961,5,debtor,char__debtor,"Anything at all my king! Thank you for your kindness and a second chance at life. My children have been without food or a father since I have been in here I am worried they have gone hungry,",,get old mop,False,True
utt__train_ep_006961__006,train_ep_006961,6,king,char__king,"You'll need this, too. It's going to be a messy job, my friend!",,get bucket for eliminating waste,True,False
utt__train_ep_006961__007,train_ep_006961,7,debtor,char__debtor,Oh don't worry I'm sure I can do it. I haven't had a job in a while but I'm sure I will get the hang of it.,,,False,False
utt__train_ep_006961__008,train_ep_006961,8,king,char__king,"Well, I need to give you a warning about the Queen. Her bowels are giving her trouble again, and her time in the privy is extensive. You'll hear wretches, screams, and moans. Just know it's part of the job.",,,True,False
utt__train_ep_006961__009,train_ep_006961,9,debtor,char__debtor,Oh my.... That...- Of course it's no problem my king. What happened to the last person in charge of this job?,,,False,True
utt__train_ep_006961__010,train_ep_006961,10,king,char__king,"It's an unfortunate tale. He passed out due to fumes, fell into the pit, and was lost.",frown,,True,False
utt__train_ep_006961__011,train_ep_006961,11,debtor,char__debtor,Oh my... it must be bad. Do you have any noseplugs I could use or do I just have to deal with it?,frown,,False,False
utt__train_ep_006961__012,train_ep_006961,12,king,char__king,"Take this bucket and your mop. You'll get used to it in no time. And next time, pay your taxes!",,give bucket for eliminating waste to debtor,True,False
utt__train_ep_006961__013,train_ep_006961,13,debtor,char__debtor,I promise I will pay off the debt as soon as possible!,,,False,False
utt__train_ep_007005__000,train_ep_007005,0,brother,char__brother,Hellp my King! What brings you here?,,,False,True
utt__train_ep_007005__001,train_ep_007005,1,king,char__king,"here to admire our armory brother, you know it took ages of war to procure these weapons",,,True,False
utt__train_ep_007005__002,train_ep_007005,2,brother,char__brother,Yes i know. It is truly amazing when you starts really looking at every weapon.,,,False,False
utt__train_ep_007005__003,train_ep_007005,3,king,char__king,"many men have been killed with these weapons, you can hear their souls screaming for release to the gods",,,True,False
utt__train_ep_007005__004,train_ep_007005,4,brother,char__brother,The truly worthy are the ones who won the battles.,,,False,False
utt__train_ep_007005__005,train_ep_007005,5,king,char__king,"i suppose so, the age of peace has brought weakness upon the empire",,,True,False
utt__train_ep_007005__006,train_ep_007005,6,brother,char__brother,"Speak for yourself, i am as strong as ever ",laugh,,False,False
utt__train_ep_007005__007,train_ep_007005,7,king,char__king,you think so? lets have a friendly battle here,,get sword,True,False
utt__train_ep_007005__008,train_ep_007005,8,brother,char__brother,Uh HA... still too slow old man.,,steal sword from king,False,False
utt__train_ep_007005__009,train_ep_007005,9,king,char__king,you think you're any match for this hand?,,get Axe,True,False
utt__train_ep_007005__010,train_ep_007005,10,brother,char__brother,Woah hold on there. That is a serious weapon. im not well traine din that.,,,False,False
utt__train_ep_007005__011,train_ep_007005,11,king,char__king,"i jest brother, no need for fighting. this has been a great day",,hug brother,True,False
utt__train_ep_007005__012,train_ep_007005,12,brother,char__brother,uh HA! never drop your guard in a fight!,,hit king,False,False
utt__train_ep_007005__013,train_ep_007005,13,king,char__king,how dare you strike your king peasant,,hit brother,True,True
utt__train_ep_007028__000,train_ep_007028,0,guard,char__guard,Hello my king.,,,False,True
utt__train_ep_007028__001,train_ep_007028,1,king,char__king,I notice there is extra scrutiny at the door.  What is afoot?,nod,,True,False
utt__train_ep_007028__002,train_ep_007028,2,guard,char__guard,We recieved a threat passed down from fellow citizens.,,,False,False
utt__train_ep_007028__003,train_ep_007028,3,king,char__king,"What is the exact nature of this threat, and why wasn't I informed about this!",,,True,False
utt__train_ep_007028__004,train_ep_007028,4,guard,char__guard,it is nothing to worry my king. it came from a young boy.......OH NO GET DOWN SIR THERE'S AN ATTACK!,,give shield to king,False,True
utt__train_ep_007028__005,train_ep_007028,5,king,char__king,Send one of the other guards to call for more reinforcements.  I shall face this threat with you,,wear shield,True,False
utt__train_ep_007028__006,train_ep_007028,6,guard,char__guard,I never doubted you sir.,smile,,False,False
utt__train_ep_007028__007,train_ep_007028,7,king,char__king,What is the tactical situation of the enemy?,,remove cape,True,False
utt__train_ep_007028__008,train_ep_007028,8,guard,char__guard,They are looking to die. haha,laugh,,False,False
utt__train_ep_007028__009,train_ep_007028,9,king,char__king,"I mean, how many, where, how are they armed?",stare,,True,False
utt__train_ep_007028__010,train_ep_007028,10,guard,char__guard,There are about 4000 coming in from the north and 6000 coming east. We have the wall though sir.,,,False,False
utt__train_ep_007028__011,train_ep_007028,11,king,char__king,"Call to have the drawbridge retracted, the gate closed, and archers to the walls!",growl,,True,False
utt__train_ep_007028__012,train_ep_007028,12,guard,char__guard,That is our last defense... ugh i will do waht you command.,groan,,False,False
utt__train_ep_007028__013,train_ep_007028,13,king,char__king,Be quick about it,frown,,True,False
utt__train_ep_007031__000,train_ep_007031,0,king,char__king,Servant fetch me some more warm water for my bath!,,,True,False
utt__train_ep_007031__001,train_ep_007031,1,servant,char__servant,"Right away, Sire!  running to fetch a pitcher of piping hot water",,,False,False
utt__train_ep_007031__002,train_ep_007031,2,king,char__king,"Tell me, where do you come from servant?",ponder,,True,False
utt__train_ep_007031__003,train_ep_007031,3,servant,char__servant,"I have always lived in your kingdom, your majesty.",,,False,False
utt__train_ep_007031__004,train_ep_007031,4,king,char__king,"Perhaps. I do have many who serve me, but I would remember you I think. What is your name?",,,True,False
utt__train_ep_007031__005,train_ep_007031,5,servant,char__servant,"My name is Chris, sire.",,,False,False
utt__train_ep_007031__006,train_ep_007031,6,king,char__king,Chris. An odd name to be sure. Are you about ready with my water?,,,True,False
utt__train_ep_007031__007,train_ep_007031,7,servant,char__servant,"Yes sire, it's piping hot, ready to add to your bath.  Shall I?",,,False,False
utt__train_ep_007031__008,train_ep_007031,8,king,char__king,"Yes indeed. That would be heavenly. I have had a long day making proclamations and I""m ready to relax a bit in the sanctity of my private porcelain room.",,,True,False
utt__train_ep_007031__009,train_ep_007031,9,servant,char__servant,"Yes sire, you deserve to relax  *pouring the hot water into your majesty's tub*",smile,,False,False
utt__train_ep_007031__010,train_ep_007031,10,king,char__king,Ahhhh how wonderful. I am terribly tired. I think I shall relax a bit. Please do not move away Chris.,,give crown to servant,True,False
utt__train_ep_007031__011,train_ep_007031,11,servant,char__servant,Taking the crown and holding it reverently.  I'll be right here for anything his majesty needs.,,,False,False
utt__train_ep_007031__012,train_ep_007031,12,king,char__king,"Tell me a story, Chris, about your childhood.",,,True,False
utt__train_ep_007031__013,train_ep_007031,13,servant,char__servant,"The first time I saw you, sire was when I was 5, it was a holiday and I saw you come down the grand stairs. I was so impressed by you, my liege.",,,False,False
utt__train_ep_007033__000,train_ep_007033,0,king,char__king,How are you doing father? Are you ready for the big day?,,,True,False
utt__train_ep_007033__001,train_ep_007033,1,priests,char__priests,"I would like to offer up a few more prayers to God first, but besides that all is prepared Your Grace.",,,False,False
utt__train_ep_007033__002,train_ep_007033,2,king,char__king,Can you believe my daughter is getting married tomorrow? It seems like just yesterday she was born,,,True,False
utt__train_ep_007033__003,train_ep_007033,3,priests,char__priests,Yes it does. I remember christening the Princess ever so clearly.,,,False,False
utt__train_ep_007033__004,train_ep_007033,4,king,char__king,I hope the prince will treat her well. I hated having to force her into an arranged marriage,sigh,,True,False
utt__train_ep_007033__005,train_ep_007033,5,priests,char__priests,"I was going to ask if you approve of the match, Your Grace.",,,False,False
utt__train_ep_007033__006,train_ep_007033,6,king,char__king,We have to do what's best for the kingdom and if this will prevent the war then I don't know how we can do anything else unless you have an idea,,,True,False
utt__train_ep_007033__007,train_ep_007033,7,priests,char__priests,"I hate to suggest anything radical, but perhaps you could permit them to walk together in this garden and converse before tomorrow? ",,,False,False
utt__train_ep_007033__008,train_ep_007033,8,king,char__king,Do you think that would help? I know she's willing to go through with the marriage for the good of the kingdom but I also know she's disappointed she won't be able to fall in love,,,True,False
utt__train_ep_007033__009,train_ep_007033,9,priests,char__priests,"One never knows. I hear tell that while the prince is not very handsome, bad teeth you know, he has quite a pleasant wit. ",,,False,False
utt__train_ep_007033__010,train_ep_007033,10,king,char__king,Ugh bad teeth are the worst. I don't think I can go through with this. I love my daughter too much to force her to deal with that. We'll find another way to avoid the war or we'll just have to win it.,,,True,False
utt__train_ep_007033__011,train_ep_007033,11,priests,char__priests,"As you will it My King. I do blame this new fad of written word, the ""novel"" I think they call it, for introducing this idea that a marriage should be about love. Dark Arts indeed! ",frown,,False,True
utt__train_ep_007033__012,train_ep_007033,12,king,char__king,So you believe in arranged marriages rather than going out and finding a person on your own?,,,True,False
utt__train_ep_007033__013,train_ep_007033,13,priests,char__priests,"Being a priest I did not seek to marry myself, so perhaps I should not speak of things I do not know ... Forgive me Your Grace.",,,False,False
utt__train_ep_007038__000,train_ep_007038,0,king,char__king,"Hello townsperson, have you found any of these potions to help you?",,,True,False
utt__train_ep_007038__001,train_ep_007038,1,townperson,char__townperson,Im mixing it up now. I am mixing the ole diarrhea and a toothache remedy,,,False,False
utt__train_ep_007038__002,train_ep_007038,2,king,char__king,"Eewww, are you ok? ",,,True,False
utt__train_ep_007038__003,train_ep_007038,3,townperson,char__townperson,No Im having problems from my head to my toes. but how are you today my king,,,False,True
utt__train_ep_007038__004,train_ep_007038,4,king,char__king,"I am well, i just wanted to come see what everyone was talking about with this new potion of hers.",,,True,False
utt__train_ep_007038__005,train_ep_007038,5,townperson,char__townperson,You will enjoy it. Cures you right up and taste delicious! Hows your diarrhea did it finally go away!?!,,,False,False
utt__train_ep_007038__006,train_ep_007038,6,king,char__king,How did you know of my ailment!?,,,True,False
utt__train_ep_007038__007,train_ep_007038,7,townperson,char__townperson,We all hear about the king and wanna be just like the king thats why I went out and ate as much green vegetables as possible so I can be like the king !,,,False,True
utt__train_ep_007038__008,train_ep_007038,8,king,char__king,"I see, where did you hear this from?",,,True,False
utt__train_ep_007038__009,train_ep_007038,9,townperson,char__townperson,The Newspaper of course. You know they do the monthly medical report ,,,False,False
utt__train_ep_007038__010,train_ep_007038,10,king,char__king,I was told that would not be stated. Ugh,growl,,True,False
utt__train_ep_007038__011,train_ep_007038,11,townperson,char__townperson,sorry King but it was stated in the headline! Do you want to do your weigh in today or would you like to let me check your dog out ,,,False,True
utt__train_ep_007038__012,train_ep_007038,12,king,char__king,"Check us both out, we have a war coming and i need to be sure we are capable.",,,True,False
utt__train_ep_007038__013,train_ep_007038,13,townperson,char__townperson,Ok sir turn you head and cough for me ,,,False,False
utt__train_ep_007066__000,train_ep_007066,0,king,char__king,"Look, I am fully aware that a certain level of... unpleasant odor is to be expected in such a place. I am not unreasonable nor am I so highborn that I do not acknowledge the more unpleasant aspects of the human condition. However, faithful servant, I tell you now that the stench from this place is beyond acceptable conditions!",,,True,False
utt__train_ep_007066__001,train_ep_007066,1,servant,char__servant,"Sire, This is my job, my duty.  I have done this my whole life, and I can tell you, without a doubt, there are far worse than this.",nod,,False,False
utt__train_ep_007066__002,train_ep_007066,2,king,char__king,"Tell me not such lies! I have seen combat the likes of which you and the landed gentry alike cannot fathom! I know full well the horrid stench of a mutilated corpse long after the body has expelled its last gas and waste. I tell you now, this... fowl beast in odor form is only slightly more palatable that that.",,,True,False
utt__train_ep_007066__003,train_ep_007066,3,servant,char__servant,"Sire, prior to working in the position of helping Your Majesty, I worked for a Lord in the South.  For years, he rose such a stink that the cooks complained while making pie.  ",,,False,False
utt__train_ep_007066__004,train_ep_007066,4,king,char__king,"Tell me not of my enemies of the Southlands! Come closer to the latrines! Something has either died here, or the pipes are simply not functioning as they should! ",scream,,True,False
utt__train_ep_007066__005,train_ep_007066,5,servant,char__servant,"I am sorry Sire.  I never meant to insult you, for it was the Lord that I was complaining about.  I have heard word that eating more vegetables may help with the stench.  Please, allow me to check the pipes.",,,False,False
utt__train_ep_007066__006,train_ep_007066,6,king,char__king,Get on with it! I should not have to repeat myself! Nor should I linger in a place with such a repellent smell!,,,True,False
utt__train_ep_007066__007,train_ep_007066,7,servant,char__servant,"Please Sire, I will need to take a look under, er, you.  Perhaps the guard can fetch some potpourri? ",,,False,False
utt__train_ep_007066__008,train_ep_007066,8,king,char__king,You order ME to fetch YOU potpourri?! How... DARE YOU! I am the King of the Noble North Empire! I carved this empire out of blood and conquest! Guard! Bring this whelp to the dungeon that he might know his place! Guard?! Guard?....g-guard?,nudge,,True,True
utt__train_ep_007066__009,train_ep_007066,9,servant,char__servant,Sire!  I am not speaking clearly!  I am sorry for being so imbecilic!!  Please Your Majesty!,cry,,False,False
utt__train_ep_007066__010,train_ep_007066,10,king,char__king,Guard? Why do you not rise at my command? Guard? ,,hit guard,True,False
utt__train_ep_007066__011,train_ep_007066,11,servant,char__servant,Sire!  What would you wish me to do?  Shall I fetch the Royal Physician?,scream,,False,False
utt__train_ep_007066__012,train_ep_007066,12,king,char__king,I... think I know where the stench is coming from. Do not fetch the physician. Fetch the Royal Mortician.,,hug guard,True,False
utt__train_ep_007066__013,train_ep_007066,13,servant,char__servant,Oh dear... sire... what has happened?  I feel sick!,stare,,False,False
utt__train_ep_007120__000,train_ep_007120,0,king,char__king,"Wow, this lavoratory is filthy! ",,,True,False
utt__train_ep_007120__001,train_ep_007120,1,knight,char__knight,"My apologies, Sire. Allow me to fetch a peasant to clean it.",,,False,False
utt__train_ep_007120__002,train_ep_007120,2,king,char__king,"Thank you, knight. How are you today?",,drop scepter,True,False
utt__train_ep_007120__003,train_ep_007120,3,knight,char__knight,I am very well. How are you today?,,get scepter,False,False
utt__train_ep_007120__004,train_ep_007120,4,king,char__king,"Very well, just tired after all the negotiations. ",,,True,False
utt__train_ep_007120__005,train_ep_007120,5,knight,char__knight,Any favorable conclusions reached?,,,False,False
utt__train_ep_007120__006,train_ep_007120,6,king,char__king,"Yes, we have gotten the tract of land that we wanted in the east, but we also want access to the port to the north.",,,True,False
utt__train_ep_007120__007,train_ep_007120,7,knight,char__knight,I assumed they declined your offers. ,,,False,False
utt__train_ep_007120__008,train_ep_007120,8,king,char__king,They have been resisting but we think that we can make the offer appealing enough.,,,True,False
utt__train_ep_007120__009,train_ep_007120,9,knight,char__knight,That is great to hear. May I ask who our heir is?,,,False,False
utt__train_ep_007120__010,train_ep_007120,10,king,char__king,The heir to the throne? That is quite sensitive info!,,,True,False
utt__train_ep_007120__011,train_ep_007120,11,knight,char__knight,"I'm just wondering, sorry to have offended you.",,,False,False
utt__train_ep_007120__012,train_ep_007120,12,king,char__king,"Well it could be any of the sons that I have, but we haven't decided who yet.",,,True,False
utt__train_ep_007120__013,train_ep_007120,13,knight,char__knight,I'd like to think I have been loyal to you enough for consideration for the throne.,shrug,,False,False
utt__train_ep_007123__000,train_ep_007123,0,subject,char__subject,"Your Highness, is the water to your liking? Can I get you a drink?",,,False,False
utt__train_ep_007123__001,train_ep_007123,1,king,char__king,"It is, and yes I would like a drink",,,True,False
utt__train_ep_007123__002,train_ep_007123,2,subject,char__subject,"Of course, Sire. Here's some fresh water. But, do you know what has brought us together in this tub? Do you need something from me?",,give pitcher of water to king,False,False
utt__train_ep_007123__003,train_ep_007123,3,king,char__king,"I need your mind, ponder this, I have here a crown. Does the king make the crown or does the crown make the king? If I give you this crown and you walk out of this bathhouse wearing it would the people accept you as their new king when I clearly stood behind you? Probably not, but why then is this the same crown my father and his father and his father wore before. The Crown goes from one king to another so would it make you king?",,,True,True
utt__train_ep_007123__004,train_ep_007123,4,subject,char__subject,"Sire, it is clear to me that you control the kingdom, whether with or without the crown. Should a violent storm sweep away the crown from the kingdom, surely you would still wake the next day as King. Should a rat then come across the crown, he would not be any different than he was the day prior. You see?",ponder,,False,True
utt__train_ep_007123__005,train_ep_007123,5,king,char__king,"So it is, wise you are. Where are you from subject ",nod,,True,False
utt__train_ep_007125__000,train_ep_007125,0,king,char__king,"Well, seems you couldn't evade capture for long.",grin,,True,False
utt__train_ep_007125__001,train_ep_007125,1,person,char__person,"What did I do to deserve your pursuit, damned corrupt king>",,,False,True
utt__train_ep_007125__002,train_ep_007125,2,king,char__king,You,,,True,False
utt__train_ep_007125__003,train_ep_007125,3,person,char__person,Excuse me? Speak up!,,,False,False
utt__train_ep_007125__004,train_ep_007125,4,king,char__king,You will be hanged for your crimes to the crown.,,,True,False
utt__train_ep_007125__005,train_ep_007125,5,person,char__person,"Tell me what I have done, damnit!",,,False,False
utt__train_ep_007125__006,train_ep_007125,6,king,char__king,Plotting to dethrone me  is considered treason. Punishable by death. ,,hit prisoner,True,False
utt__train_ep_007125__007,train_ep_007125,7,person,char__person,Dethrone you? I've done no such thing!,,hit king,False,False
utt__train_ep_007125__008,train_ep_007125,8,king,char__king,"You have been ratted out, your comrades gave you up.",,hit person,True,False
utt__train_ep_007125__009,train_ep_007125,9,person,char__person,"I'm telling you, I've been framed! Such a corrupt monster, you are!",,steal scepter from king,False,False
utt__train_ep_007125__010,train_ep_007125,10,king,char__king,Give that back or I'll have your family hanged along with you.,,steal scepter from person,True,False
utt__train_ep_007125__011,train_ep_007125,11,person,char__person,I already have nothing to lose with you here about to kill me for nothing!,,,False,False
utt__train_ep_007125__012,train_ep_007125,12,king,char__king,Then I'll make you suffer longer.,,,True,False
utt__train_ep_007125__013,train_ep_007125,13,person,char__person,Just as I thought from a grizzly king such as yourself! You don't deserve royalty!,,steal crown from king,False,True
utt__train_ep_007147__000,train_ep_007147,0,blacksmith,char__blacksmith,What can I do for you fine gentlemen?,,,False,False
utt__train_ep_007147__001,train_ep_007147,1,king,char__king,I am in urgent need of your skill.,ponder,,True,False
utt__train_ep_007147__002,train_ep_007147,2,blacksmith,char__blacksmith,It is an honor for you to come for my services. What can I do for you?,,,False,False
utt__train_ep_007147__003,train_ep_007147,3,king,char__king,Have you heard about the great war our empire is dealing with?,,,True,False
utt__train_ep_007147__004,train_ep_007147,4,blacksmith,char__blacksmith,"Yes, I have. It is horrible to hear of such savages.",,,False,False
utt__train_ep_007147__005,train_ep_007147,5,king,char__king,Then will you create something which can help defeat their monsters? They have huge creatures they use.,,,True,False
utt__train_ep_007147__006,train_ep_007147,6,blacksmith,char__blacksmith,Weapons? What sort of weapons are we talking about?,,,False,False
utt__train_ep_007147__007,train_ep_007147,7,king,char__king,Magical weapons.,,,True,False
utt__train_ep_007147__008,train_ep_007147,8,blacksmith,char__blacksmith,Are you asking me to practice dark magic? Isn't that punishable by death?,,,False,False
utt__train_ep_007147__009,train_ep_007147,9,king,char__king,Not all magic is dark. We need enchantment. And you would be given access to much knowledge.,laugh,,True,False
utt__train_ep_007147__010,train_ep_007147,10,blacksmith,char__blacksmith,Phew! I thought you wanted me to do the forbidden dark arts.,,,False,False
utt__train_ep_007147__011,train_ep_007147,11,king,char__king,I mean that could help us. But that isn't necessary.,sigh,,True,False
utt__train_ep_007147__012,train_ep_007147,12,blacksmith,char__blacksmith,Good! Well my King I would love to help you. Where do I start?,,,False,True
utt__train_ep_007147__013,train_ep_007147,13,king,char__king,Please just wait here. I will send a mage to help. ,,,True,False
utt__train_ep_007158__000,train_ep_007158,0,rabbit,char__rabbit,"Please don't eat me king, I brought you a lucky charm",,give 4 leaf clover to king,False,True
utt__train_ep_007158__001,train_ep_007158,1,king,char__king,Well rabbit...  I thank thee.  But you must bow low to my authoritay.,,,True,False
utt__train_ep_007158__002,train_ep_007158,2,rabbit,char__rabbit,"But I am a talking rabbit, for sure that is worth something, All these other beasts can't talk, but I can! ",,,False,False
utt__train_ep_007158__003,train_ep_007158,3,king,char__king,Indeed!   Perhaps I can find use for you..   ,,,True,False
utt__train_ep_007158__004,train_ep_007158,4,rabbit,char__rabbit,That 4 leaf clover is magical too. It actually does bring you luck,,,False,False
utt__train_ep_007158__005,train_ep_007158,5,king,char__king,"You're alright, rabbit. But.. I demand that ye honor my ROYAL AUTHORITAY.  Bow low and proclaim your fealty",,,True,False
utt__train_ep_007158__006,train_ep_007158,6,rabbit,char__rabbit,"You are a most awesome king my lord, I shall bow as low as I can. ",,,False,True
utt__train_ep_007158__007,train_ep_007158,7,king,char__king,"Come with me away from the terrible odor of this kitchen, rabbit.",,,True,False
utt__train_ep_007158__008,train_ep_007158,8,rabbit,char__rabbit,"Oh thank you! Don't forget my carrot though. You won't regret this, heck I could be your spy!",,eat carrot,False,False
utt__train_ep_007158__009,train_ep_007158,9,king,char__king,"Indeed!  You may need this for your new role as my royal spy, rabbit",,give 4 leaf clover to rabbit,True,False
utt__train_ep_007158__010,train_ep_007158,10,rabbit,char__rabbit,"It really is lucky, what are the chances the king would come to the kitchen while I was down here and talk to me.",,hug king,False,True
utt__train_ep_007158__011,train_ep_007158,11,king,char__king,"Well, rabbit.. you have been a good subject.  There is one thing though, that I must confess...",,,True,False
utt__train_ep_007158__012,train_ep_007158,12,rabbit,char__rabbit,What is that my Lord?,,,False,False
utt__train_ep_007158__013,train_ep_007158,13,king,char__king,Rabbit just happens to be my FAVORITE dish!  hahaha,,hit rabbit,True,False
utt__train_ep_007160__000,train_ep_007160,0,king,char__king,"Such a long day today, now I have to go into my secret tunel to meet with an informant.",,,True,False
utt__train_ep_007160__001,train_ep_007160,1,spider,char__spider,Why are you meeting in this secret tunnel?,,,False,False
utt__train_ep_007160__002,train_ep_007160,2,king,char__king,What was that!? A talking spider!!!,gasp,,True,False
utt__train_ep_007160__003,train_ep_007160,3,spider,char__spider,Yes I am because you're in a magical tunnel,,,False,False
utt__train_ep_007160__004,train_ep_007160,4,king,char__king,I've owned it this entire time and I did not know it was magical? Well what do you know spider?,,,True,False
utt__train_ep_007160__005,train_ep_007160,5,spider,char__spider,i know something that you don't know. I am actually the owner of this tunnel,,,False,False
utt__train_ep_007160__006,train_ep_007160,6,king,char__king,How does a spider own a tunnel? Did I drink too much at the banquet?,,,True,False
utt__train_ep_007160__007,train_ep_007160,7,spider,char__spider,"Oh dear, I am actually your long lost mother. I was cursed by your father.",,hug king,False,False
utt__train_ep_007160__008,train_ep_007160,8,king,char__king,"My Mother! But father has been dead for years, how do I break the curse? ",,,True,False
utt__train_ep_007160__009,train_ep_007160,9,spider,char__spider,You have to bring me out of this tunnel and buy me a diamond ring.,,,False,False
utt__train_ep_007160__010,train_ep_007160,10,king,char__king,"There are many diamond rings, I have to buy one? That is a really strange curse.",,,True,False
utt__train_ep_007160__011,train_ep_007160,11,spider,char__spider,You have to find the diamond ring that your father gave to me. It has his name on it.,,,False,False
utt__train_ep_007160__012,train_ep_007160,12,king,char__king,"I know where it is, he was buried with it! it shouldn't be too hard to dig it up.",,,True,False
utt__train_ep_007160__013,train_ep_007160,13,spider,char__spider,Okay. I will be waiting for you. Please do not tell anyone that you are going to dig up the ring.,,,False,False
utt__train_ep_007165__000,train_ep_007165,0,king,char__king,"WHy, What are you doing up here. I am not used to anybody beinup here but me. What a welcomed surprise.",,,True,False
utt__train_ep_007165__001,train_ep_007165,1,queen,char__queen,"Well. I figured I'd come see you. Honestly, why is it such a mess here?",smile,,False,False
utt__train_ep_007165__002,train_ep_007165,2,king,char__king,"Oh, I dont know. Usually when I come here I am just so happy to get to my reading and get so immersed in it that I forget to straighten up from time to time.",,,True,False
utt__train_ep_007165__003,train_ep_007165,3,queen,char__queen,I just feel like there's so much bothering me. Like my throne needs a better cushion.,sigh,,False,False
utt__train_ep_007165__004,train_ep_007165,4,king,char__king,Dont worry yourself with things like that. Why dont you grab a good book and relax on one of these comfortable chairs. You will forget about all of it.,,,True,False
utt__train_ep_007165__005,train_ep_007165,5,queen,char__queen,Maybe. But why is my chambermaid always running away?,smile,,False,False
utt__train_ep_007165__006,train_ep_007165,6,king,char__king,I dont know. I hadnt noticed it. I will have a talk with her when we are done here.,,,True,False
utt__train_ep_007165__007,train_ep_007165,7,queen,char__queen,I do have to calm down.,sigh,,False,False
utt__train_ep_007165__008,train_ep_007165,8,king,char__king,I ee that you have a book. Which one do you have. ,,,True,False
utt__train_ep_007165__009,train_ep_007165,9,queen,char__queen,It looks like it is about a young boy who has to fight some kind of demon.,,,False,False
utt__train_ep_007165__010,train_ep_007165,10,king,char__king,Oh that is the one of my favorites. The trials of girgenhone. Have you read it yet.,,,True,False
utt__train_ep_007165__011,train_ep_007165,11,queen,char__queen,No. I don't read a lot. ,smile,,False,False
utt__train_ep_007165__012,train_ep_007165,12,king,char__king,That book is one of the many that I read as a child. I give a lot of credit for books like that one for teaching me the true ways to be a good and brave king. Maybe you could give it to the prince to read. I know it will do him well.,,,True,True
utt__train_ep_007165__013,train_ep_007165,13,queen,char__queen,I am okay with reading. I just am always running to do something.,,,False,False
utt__train_ep_007166__000,train_ep_007166,0,queen,char__queen,Isn't it a lovely day my dear?,,,False,False
utt__train_ep_007166__001,train_ep_007166,1,king,char__king,"It truly is, sweety. Look at all of this land that we control and rule over.",,,True,False
utt__train_ep_007166__002,train_ep_007166,2,queen,char__queen,Yes you truly have been a great king. Those peasants don't know how good they have it,,,False,True
utt__train_ep_007166__003,train_ep_007166,3,king,char__king,"Indeed, if they have it so bad then they should go to the north and see just how much worse it is up there!",,,True,False
utt__train_ep_007166__004,train_ep_007166,4,queen,char__queen,"Ha, they're the worst! Speaking of them, do you think it's time we start another war with them? ",,,False,False
utt__train_ep_007166__005,train_ep_007166,5,king,char__king,Only if they manage to find another gold mine or conquer some land that we'd like.,,,True,False
utt__train_ep_007166__006,train_ep_007166,6,queen,char__queen,That last gold mine sure was huge. Would you like a book to read? ,,give Books to king,False,False
utt__train_ep_007166__007,train_ep_007166,7,king,char__king,"Sure, where did you get this volume?",,,True,False
utt__train_ep_007166__008,train_ep_007166,8,queen,char__queen,My sister gave it to me last time she visited. Said it was her favorite. I think you'll enjoy it,,,False,False
utt__train_ep_007166__009,train_ep_007166,9,king,char__king,I'll have to read the synopsis to see what it is like then. Thank you.,,,True,False
utt__train_ep_007166__010,train_ep_007166,10,queen,char__queen,You're welcome. I truly am the luckiest person to be married to you ,,hug king,False,False
utt__train_ep_007166__011,train_ep_007166,11,king,char__king,As am I to be with a wonderful woman like you. I am glad to make you my queen.,,,True,False
utt__train_ep_007166__012,train_ep_007166,12,queen,char__queen,Have you seen my chambermaid? I should get ready for tonight's feast,blush,,False,False
utt__train_ep_007166__013,train_ep_007166,13,king,char__king,"Ah, it is getting late as you say. Where do you think she is?",,,True,False
utt__train_ep_007182__000,train_ep_007182,0,tern,char__tern,"Hello king, I am hungry.",,,False,True
utt__train_ep_007182__001,train_ep_007182,1,king,char__king,You are hungry? you should go find a meal to eat,,,True,False
utt__train_ep_007182__002,train_ep_007182,2,tern,char__tern,Yes I am very hungry. I could not leave my nest because people are going to take my babies.,,,False,False
utt__train_ep_007182__003,train_ep_007182,3,king,char__king,Is there a way I can help?,,,True,False
utt__train_ep_007182__004,train_ep_007182,4,tern,char__tern,Can you bring me some worms? So I can give it to my babies.,,,False,False
utt__train_ep_007182__005,train_ep_007182,5,king,char__king,You dare send a king to go search for worms?,,,True,True
utt__train_ep_007182__006,train_ep_007182,6,tern,char__tern,"Why can't I? You are the king of this country, you should help anyone who needs your help isn't it?",,,False,True
utt__train_ep_007182__007,train_ep_007182,7,king,char__king,It is very disprespectful,,,True,False
utt__train_ep_007182__008,train_ep_007182,8,tern,char__tern,"No one else is going to help me. My babies and I are starving and going to die from hunger. So king, please help me! I really need your help.",,,False,True
utt__train_ep_007182__009,train_ep_007182,9,king,char__king,let me help you get some then,,,True,False
utt__train_ep_007182__010,train_ep_007182,10,tern,char__tern,Thank you very much king. You are such a nice king.,,hug king,False,True
utt__train_ep_007182__011,train_ep_007182,11,king,char__king,I just hope this will suffice for your whole family,,hug tern,True,False
utt__train_ep_007182__012,train_ep_007182,12,tern,char__tern,That's a lot of food. My babies will be very happy when they see these.,,,False,False
utt__train_ep_007182__013,train_ep_007182,13,king,char__king,You are welcome.,,,True,False
utt__train_ep_007220__000,train_ep_007220,0,visitor,char__visitor,"My friend, how are you?",smile,,False,False
utt__train_ep_007220__001,train_ep_007220,1,king,char__king,"I am the king how dare you address to me like that, you should kneel before me ",,,True,True
utt__train_ep_007220__002,train_ep_007220,2,visitor,char__visitor,You don't recall your old friend? I come visit when I am here. ,sigh,,False,False
utt__train_ep_007220__003,train_ep_007220,3,king,char__king,"Oh, you old man of couse I remember you, I almost had you decapitated you have changed a lot, lets have a drink of ale",,,True,False
utt__train_ep_007220__004,train_ep_007220,4,visitor,char__visitor,You scared me for a second.,smile,,False,False
utt__train_ep_007220__005,train_ep_007220,5,king,char__king,"I almost had you killed, no kidding here, I almost had you hanged like this prisoner, take a look at him his living on borrowed time",,hug visitor,True,False
utt__train_ep_007220__006,train_ep_007220,6,visitor,char__visitor,Yeah. I see you make friends so easily now.,,hug king,False,False
utt__train_ep_007220__007,train_ep_007220,7,king,char__king,"Its good to have you here, tell me about your travels old man, ",,hug visitor,True,False
utt__train_ep_007220__008,train_ep_007220,8,visitor,char__visitor,"Ah. Well, I come from Renfeld where I had a marvelous dinner of stuffed squid. Really good.",laugh,,False,False
utt__train_ep_007220__009,train_ep_007220,9,king,char__king,"Sounds tasty, I never liked squid but maybe I will give it a try again, Renfelds king is my friend",,,True,True
utt__train_ep_007220__010,train_ep_007220,10,visitor,char__visitor,"I never knew. I should have dropped in. But then again, he probably would have put me in here.",ponder,,False,False
utt__train_ep_007220__011,train_ep_007220,11,king,char__king,"Yeah he doesnt like unknown visitors either, he could decapitate you for that, I am a lot more mercifull than him",,hit prisoner,True,False
utt__train_ep_007220__012,train_ep_007220,12,visitor,char__visitor,Definitely.,smile,,False,False
utt__train_ep_007220__013,train_ep_007220,13,king,char__king,"I love torturing prisoners, the king of Renfeld would love to be here ",laugh,,True,True
utt__train_ep_007363__000,train_ep_007363,0,prior,char__prior,Hello,,,False,False
utt__train_ep_007363__001,train_ep_007363,1,king,char__king,"Hello there Prior, what brings you to the famous Tempior Market?",,,True,False
utt__train_ep_007363__002,train_ep_007363,2,prior,char__prior,I am here to pray to the gods,,,False,False
utt__train_ep_007363__003,train_ep_007363,3,king,char__king,At the market?  That seems a bit peculiar.,,,True,False
utt__train_ep_007363__004,train_ep_007363,4,prior,char__prior,The gods are everywhere ... Don't you know that my Lord? ,,,False,False
utt__train_ep_007363__005,train_ep_007363,5,king,char__king,"Yes, but why come to the market to do so?",,,True,False
utt__train_ep_007363__006,train_ep_007363,6,prior,char__prior,The church is present in disarray ,,,False,False
utt__train_ep_007363__007,train_ep_007363,7,king,char__king,"If I didn't know better, I would say that you were here only to sample the wine.",,,True,False
utt__train_ep_007363__008,train_ep_007363,8,prior,char__prior,Hahahahaha. . You speak the truth my Lord. ,,,False,False
utt__train_ep_007363__009,train_ep_007363,9,king,char__king,I know that is my purpose - some Dorwinion Red will do nicely.,,get Wine,True,False
utt__train_ep_007363__010,train_ep_007363,10,prior,char__prior,Wew. .the congregation must not see me with this,,put bag in bag,False,False
utt__train_ep_007363__011,train_ep_007363,11,king,char__king,That was a good year!,,drink Wine,True,False
utt__train_ep_007363__012,train_ep_007363,12,prior,char__prior,We were blessed indeed,,,False,False
utt__train_ep_007363__013,train_ep_007363,13,king,char__king,"And I mustn't forget the Ales!  How does that song go?  ""You can keep your fancy ales . . .""",,get Ale,True,False
utt__train_ep_007581__000,train_ep_007581,0,king,char__king,How are you doing today maid?,,,True,False
utt__train_ep_007581__001,train_ep_007581,1,maid,char__maid,Very well my King. I am in here cleaning like I am supposed to do.,,,False,True
utt__train_ep_007581__002,train_ep_007581,2,king,char__king,"That is good to see, the last maid was always lax in her duties.",,,True,False
utt__train_ep_007581__003,train_ep_007581,3,maid,char__maid,I must do what I must to keep food on the table for my family.,,,False,False
utt__train_ep_007581__004,train_ep_007581,4,king,char__king,"That is an excellent way to look at things, if only all did so.",,,True,False
utt__train_ep_007581__005,train_ep_007581,5,maid,char__maid,"Yes, my King. I must say, I don't particularly like cleaning, but it is my job, so I try to do it well.",,,False,True
utt__train_ep_007581__006,train_ep_007581,6,king,char__king,"If it were your choice, what would you do?",,,True,False
utt__train_ep_007581__007,train_ep_007581,7,maid,char__maid,I would much rather enjoy cooking in the kitchen. I always enjoyed helping my mother in the kitchen growing up.,,,False,False
utt__train_ep_007581__008,train_ep_007581,8,king,char__king,So cooking is your passion? what do you like to make?,,,True,False
utt__train_ep_007581__009,train_ep_007581,9,maid,char__maid,"I like baking bread and treats, and cooking steak and potatoes, and I could go on and on. I love cooking anything and everything!",,,False,False
utt__train_ep_007581__010,train_ep_007581,10,king,char__king,And would you say that your talents could be better put to use in the kitchen?,,,True,False
utt__train_ep_007581__011,train_ep_007581,11,maid,char__maid,"I wouldn't say better. I work my hardest at whatever I am asked to do. It would make me happier though, so maybe?",,,False,False
utt__train_ep_007581__012,train_ep_007581,12,king,char__king,"Hmm perhaps you should try making a meal then, it's not as if you could not be reassigned.",,,True,False
utt__train_ep_007581__013,train_ep_007581,13,maid,char__maid,Thank you my King! What would you like me to make you? I want to impress you with my excellent cooking skills.,,,False,True
utt__train_ep_007601__000,train_ep_007601,0,king,char__king,"What is going on here, servant?!",,,True,False
utt__train_ep_007601__001,train_ep_007601,1,servant,char__servant,"Ack, you startled me.  Everyone is gathered here to see your big speech.",,drop small bucket,False,False
utt__train_ep_007601__002,train_ep_007601,2,king,char__king,The guards are preventing people from entering. Something is not right here....,,,True,False
utt__train_ep_007601__003,train_ep_007601,3,servant,char__servant,I had heard whispers that they were looking for a bandit who was trying to get in here. ,,,False,False
utt__train_ep_007601__004,train_ep_007601,4,king,char__king,A single bandit? This appears to be like something was being plotted against me. ,,,True,False
utt__train_ep_007601__005,train_ep_007601,5,servant,char__servant,"I could not say my liege, I fear speaking out of turn.",,,False,False
utt__train_ep_007601__006,train_ep_007601,6,king,char__king,Do you know the plot?!,,,True,False
utt__train_ep_007601__007,train_ep_007601,7,servant,char__servant,"Know it, I planned it!",,remove ritual dagger,False,False
utt__train_ep_007601__008,train_ep_007601,8,king,char__king,You?! Why?!,,,True,False
utt__train_ep_007601__009,train_ep_007601,9,servant,char__servant,"Your men brought me to this strange land as a child and I haven't seen my family since then. I have plotted and waited until the perfect moment, and here it is. You will pay for your crimes.",,hit king,False,False
utt__train_ep_007601__010,train_ep_007601,10,king,char__king,"I give rules, and you follow them, servant! You are no exception than all the others here. You think you can get away with this? Kill me now, and you will never see your family again and that is a guarantee. ",,hit servant,True,False
utt__train_ep_007601__011,train_ep_007601,11,servant,char__servant,"Your threats mean nothing to me now, I have nothing to lose. ",,hit king,False,False
utt__train_ep_007601__012,train_ep_007601,12,king,char__king,Except time with family! I am the King of the whole empire. I will not be killed!,,,True,True
utt__train_ep_007601__013,train_ep_007601,13,servant,char__servant,"You are no king, you are a sham. ",,steal crown from king,False,True
utt__train_ep_007605__000,train_ep_007605,0,king,char__king,What a grand Kingdom we have built! Sometimes I come up here just to admire the fruit of my hard work. ,,,True,False
utt__train_ep_007605__001,train_ep_007605,1,queen,char__queen,"We have a beautiful kingdom, my dear. I would expect nothing less of you - you demand only excellence.",,,False,False
utt__train_ep_007605__002,train_ep_007605,2,king,char__king,"Indeed, I have no patience for mediocrity. Unlike the last King!",,,True,True
utt__train_ep_007605__003,train_ep_007605,3,queen,char__queen,The less said of him the better. Did you just smell that man who walked past? Disgusting. My nostrils are offended.,,,False,False
utt__train_ep_007605__004,train_ep_007605,4,king,char__king,"Now, now. He is merely a hard working servant. He smells of labor and good work!",,,True,False
utt__train_ep_007605__005,train_ep_007605,5,queen,char__queen,"Fair enough, but can't he smell of good work and soap?",laugh,,False,False
utt__train_ep_007605__006,train_ep_007605,6,king,char__king,I suppose we must increase his wage so he can afford such a luxury. ,,remove cape,True,False
utt__train_ep_007605__007,train_ep_007605,7,queen,char__queen,"Wait, WE have to pay for HIM not to smell? Well, forget it. I'd rather just hold my breath.",,,False,False
utt__train_ep_007605__008,train_ep_007605,8,king,char__king,You are getting far too coddled living in this Palace. I ought to send you on a trip to the Market square. ,,,True,False
utt__train_ep_007605__009,train_ep_007605,9,queen,char__queen,"Oh, dear, please. I'm just grumpy because this cushion gives no support for my back. I apologize for my bad mood, I am simply in a little pain.",,hug king,False,False
utt__train_ep_007605__010,train_ep_007605,10,king,char__king,I shall have that cushion replaced first thing tomorrow! What pains you dear?,shrug,,True,False
utt__train_ep_007605__011,train_ep_007605,11,queen,char__queen,"Thankyou, my love. You care for me so well. My spine pains me terribly, lately... standing for 30 minutes a day is surely too much for a woman of my position.",,,False,False
utt__train_ep_007605__012,train_ep_007605,12,king,char__king,"Of course, you must get more rest nowadays especially now that we have a son on the way.",,,True,False
utt__train_ep_007605__013,train_ep_007605,13,queen,char__queen,"Perhaps that is why my back hurts so much. This extra weight is doing my no favors, and frankly I could use a foot massage. Call a servant, will you?",,,False,False
utt__train_ep_007607__000,train_ep_007607,0,priests,char__priests,"Hello, your majesty. What brings you to the garden?",,,False,False
utt__train_ep_007607__001,train_ep_007607,1,king,char__king,I have to make a tough decision and have came to ask for your help.,,,True,False
utt__train_ep_007607__002,train_ep_007607,2,priests,char__priests,Please tell me what the problem is. I will of course help if I can.,nod,,False,False
utt__train_ep_007607__003,train_ep_007607,3,king,char__king,"I have been warned about an impending attack, but I do not trust the source.",,,True,False
utt__train_ep_007607__004,train_ep_007607,4,priests,char__priests,"Well, it would be wise to at least let your guard know, as well as your soldiers so that they can be at the ready just in case.",,,False,False
utt__train_ep_007607__005,train_ep_007607,5,king,char__king,"Of course. I have done that much. The issue is: if they are telling the truth, and I don't attack first, a lot of our people will die. If they are lying, and I attack first, a lot of their innocent people will die.",,,True,False
utt__train_ep_007607__006,train_ep_007607,6,priests,char__priests,"Yes, that is a problem. You can station a few of your guards at the borders of the kingdom, at all directions to keep an eye out. And if they see anything suspicious then you can attack",,,False,False
utt__train_ep_007613__000,train_ep_007613,0,king,char__king,"Tell me townsperson, do you know much about these glass bottles and what is inside them?",,,True,False
utt__train_ep_007613__001,train_ep_007613,1,townperson,char__townperson,"It would appear to be an apothecary table sir, I do not know what is inside.",,,False,False
utt__train_ep_007613__002,train_ep_007613,2,king,char__king,I was hoping you did. I need some miracle potion to save my dying son.,sigh,,True,False
utt__train_ep_007613__003,train_ep_007613,3,townperson,char__townperson,"Unfortunately I came to see the apothecary myself, I am unsure where he might have gone.",,,False,False
utt__train_ep_007613__004,train_ep_007613,4,king,char__king,I wonder the same thing. He is bad at his job if he isn't even here to sell.,ponder,,True,False
utt__train_ep_007613__005,train_ep_007613,5,townperson,char__townperson,"Maybe some important errand took his attention, what is wrong with your son sire?",,,False,False
utt__train_ep_007613__006,train_ep_007613,6,king,char__king,He is alive but will not wake up from slumber.,,,True,False
utt__train_ep_007613__007,train_ep_007613,7,townperson,char__townperson,No sign of movement?,,,False,False
utt__train_ep_007613__008,train_ep_007613,8,king,char__king,"None, he also is sweating a lot. I fear I will lose him soon.",,,True,False
utt__train_ep_007613__009,train_ep_007613,9,townperson,char__townperson,A fever of some sort perhaps?,,,False,False
utt__train_ep_007613__010,train_ep_007613,10,king,char__king,Yes a fever. I tried putting him in cold water but it did not help. Do you have experience with someone who was ill like this?,,,True,False
utt__train_ep_007613__011,train_ep_007613,11,townperson,char__townperson,"I am no doctor by any means, I simply went off what you had described. The apothecary should be able to take care of it I would think, whenever that may gets back here.",,,False,False
utt__train_ep_007613__012,train_ep_007613,12,king,char__king,"I see, What are you here for?",,,True,False
utt__train_ep_007613__013,train_ep_007613,13,townperson,char__townperson,"A simple tonic to help my son be less of a rascal, something calming.",,,False,False
utt__train_ep_007615__000,train_ep_007615,0,man,char__man,Hello my king.,,,False,True
utt__train_ep_007615__001,train_ep_007615,1,king,char__king,Good day.  What brings you to my castle?,,,True,False
utt__train_ep_007615__002,train_ep_007615,2,man,char__man,I had heard you had need of someone to shoe the horses?,,,False,False
utt__train_ep_007615__003,train_ep_007615,3,king,char__king,"Aye, the last blacksmith was to keen on my wife so he had to be replaced. ",nod,,True,False
utt__train_ep_007615__004,train_ep_007615,4,man,char__man,"I see, what a foolish mistake on his part.",,,False,False
utt__train_ep_007615__005,train_ep_007615,5,king,char__king,Are you a foolish man?,,,True,False
utt__train_ep_007615__006,train_ep_007615,6,man,char__man,"I would say not my king, certainly that would be a mistake.",,,False,True
utt__train_ep_007615__007,train_ep_007615,7,king,char__king,How much experience do you have shoeing horses?,,,True,False
utt__train_ep_007615__008,train_ep_007615,8,man,char__man,"A good bit sir, I have worked for a smithy most of my life.",,,False,False
utt__train_ep_007615__009,train_ep_007615,9,king,char__king,I like you.  I can tell good people when I meet them.  I have a good feeling about you. You can start morrow.,,,True,False
utt__train_ep_007615__010,train_ep_007615,10,man,char__man,"Thank you kindly, I will come before the sun rises and await instruction.",,,False,False
utt__train_ep_007615__011,train_ep_007615,11,king,char__king,Do you not need room and board? ,smile,,True,False
utt__train_ep_007615__012,train_ep_007615,12,man,char__man,"I would feel horrible to intrude sire, I do have a small hut an hours walk from here.",,,False,False
utt__train_ep_007615__013,train_ep_007615,13,king,char__king,"No intrusion, I expect to keep my workers close.  I shall have a room prepared for you posthaste.",,,True,False
utt__train_ep_007617__000,train_ep_007617,0,guest,char__guest,"Hello, kind, handsome and mighty king. How are you today?",,,False,True
utt__train_ep_007617__001,train_ep_007617,1,king,char__king,"I am wonderful, as the country is wonderful. What brings you to my dining hall, guest?",,,True,False
utt__train_ep_007617__002,train_ep_007617,2,guest,char__guest,"The food smelled so good, sir, I simply couldn't help but follow my nose. And you? Why are we so blessed with your presence today?",,,False,False
utt__train_ep_007617__003,train_ep_007617,3,king,char__king,"It is my dining hall, why should I not be here? Did you come with this other man?",,,True,False
utt__train_ep_007617__004,train_ep_007617,4,guest,char__guest,"No reason, sir, I was just curious as to what we owed this pleasure. Him? Oh, no. We are not friends.",,,False,False
utt__train_ep_007617__005,train_ep_007617,5,king,char__king,"Good. He is a notorious thief, but I take pity on him only because his mother was a loyal servant of mine. You should keep a tight grip on your bag. ",,,True,False
utt__train_ep_007617__006,train_ep_007617,6,guest,char__guest,"Thankyou for the advice, sir! And how generous and compassionate of you. He is lucky you are his king, and not a cruel dictator.",,,False,True
utt__train_ep_007617__007,train_ep_007617,7,king,char__king,"I know it may seem unfit for some that I converse with the common people, but I myself believe that it is important to understand those that you rule. What do you do for work, guest?",,,True,False
utt__train_ep_007617__008,train_ep_007617,8,guest,char__guest,"I do a little bit of everything, sir. Fight when the wars require it, pick up trash in the streets to prevent disease, feed the cattle as they so require... I do my best to keep you kingdom efficient and beautiful, sir. Thankyou for asking,",,,False,False
utt__train_ep_007617__009,train_ep_007617,9,king,char__king,"And those are the traits which I so value in my subjects! Obedience, consideration, determination. All things required to keep our realm as prosperous as it is today. Say, are you married?",,,True,False
utt__train_ep_007617__010,train_ep_007617,10,guest,char__guest,"No, sir, I am not. No wife, no children, only the needs of the kingdom to worry my weary head. Why do you ask?",,,False,False
utt__train_ep_007617__011,train_ep_007617,11,king,char__king,"There is a local council of common people who represent the interests of the common people. To make them feel heard, you see. However, two of the local elders in the council passed this winter. It was a hard one, as I'm sure you know. So now there remain two vacancies, or so I am told by my royal staff.",,,True,False
utt__train_ep_007617__012,train_ep_007617,12,guest,char__guest,"Pardon my forwardness, sir, but are you considering me for the role? If so, it would be an honor to serve you, and the people. A dream come true.",smile,,False,False
utt__train_ep_007617__013,train_ep_007617,13,king,char__king,"It is up to the common people to choose you as their representative, of course. But perhaps you should consider speaking to your fellow common people and asking them to support you as a seat in the council. We need more men like you, who truly care about this kingdom.",,,True,False
utt__train_ep_007631__000,train_ep_007631,0,merchant,char__merchant,"Oh my, what happened to the Bottlery?  When I was last hear many decades ago it was a thriving manufactory.",,,False,False
utt__train_ep_007631__001,train_ep_007631,1,king,char__king,"It's workers when on strike when the old king did them wrong. I now use this to store my finest wine. Say, what brings you here?",,,True,True
utt__train_ep_007631__002,train_ep_007631,2,merchant,char__merchant,"Well, I was here to pick up a wine shipment.  I was told there would be a crate ready?  I travel through many lands with my caravans, the circuit takes nearly three decades.  I doubt I shall ever return, but my son shall thirty years hence.",,,False,False
utt__train_ep_007631__003,train_ep_007631,3,king,char__king,And who sent you? I cannot just give this wine to someone who claims to be sent! This wine is valuable. ,,,True,False
utt__train_ep_007631__004,train_ep_007631,4,merchant,char__merchant,The King's Vinter?  I'm assuming you are the King of these lands?,,,False,True
utt__train_ep_007631__005,train_ep_007631,5,king,char__king,I am indeed. I have multiple people pass here a day to take a crate or just a small jug of wine. People try to break in here all the time. ,,,True,False
utt__train_ep_007631__006,train_ep_007631,6,merchant,char__merchant,"Well, this should have all the proper documentation.",,give bag to king,False,False
utt__train_ep_007631__007,train_ep_007631,7,king,char__king,"It indeed does. I am pleased to have you here. This wine came from a vineyard raised by the finest royals. When our country was attacked, they took our precious vineyard away. This is all the wine standing from that vineyard. ",sigh,,True,False
utt__train_ep_007631__008,train_ep_007631,8,merchant,char__merchant,My goodness!  Who was it that attacked you and why?,,,False,False
utt__train_ep_007631__009,train_ep_007631,9,king,char__king,The previous rulers of the kingdom over years ago when I was just a wee boy. ,,,True,False
utt__train_ep_007631__010,train_ep_007631,10,merchant,char__merchant,What a terrible foe!  How did you finally vanquish them?,,,False,False
utt__train_ep_007631__011,train_ep_007631,11,king,char__king,"It was not I, but my great grandfather who put them out with his mighty army of 20,000.",,,True,False
utt__train_ep_007631__012,train_ep_007631,12,merchant,char__merchant,That many men?  How could the kingdom afford it?,,,False,False
utt__train_ep_007631__013,train_ep_007631,13,king,char__king,This is a whole empire! We have more willing to fight for it than you think without much cost. ,laugh,,True,False
utt__train_ep_007644__000,train_ep_007644,0,royal family,char__royal_family,"My King, why do I have to marry that boy?",,,False,True
utt__train_ep_007644__001,train_ep_007644,1,king,char__king,For the peace treaty - you know how much we need it.  Is this why you have disturbed me upon my porcelain throne?,,,True,False
utt__train_ep_007644__002,train_ep_007644,2,royal family,char__royal_family,"Yes, i don't love him, and i don't want to move away.",sigh,,False,False
utt__train_ep_007644__003,train_ep_007644,3,king,char__king,Why not?  What is wrong with marrying one of the turtle-folk?  Are they not a noble people?,,,True,False
utt__train_ep_007644__004,train_ep_007644,4,royal family,char__royal_family,They are ugly and rude beasts. ,cry,,False,False
utt__train_ep_007644__005,train_ep_007644,5,king,char__king,"Surely you must learn to love them, just as you learned to love your stepmother.",,,True,False
utt__train_ep_007644__006,train_ep_007644,6,royal family,char__royal_family,I want to stay with you father.,,,False,False
utt__train_ep_007644__007,train_ep_007644,7,king,char__king,"You will still be able to visit, it is not like you are leaving forever.",,,True,False
utt__train_ep_007644__008,train_ep_007644,8,royal family,char__royal_family,It feels like it though father. I'll be thousands of miles away.,,,False,False
utt__train_ep_007644__009,train_ep_007644,9,king,char__king,"Yes, but just think of all the half-turtle children you will have!",,,True,False
utt__train_ep_007644__010,train_ep_007644,10,royal family,char__royal_family,Groooosssss! I want to have normal children.,cry,,False,False
utt__train_ep_007644__011,train_ep_007644,11,king,char__king,"Well, unfortunately that will not be possible my child, unless you want them to continue to eat our people?",,,True,False
utt__train_ep_007644__012,train_ep_007644,12,royal family,char__royal_family,No i do not. But is there no other way?,,,False,False
utt__train_ep_007644__013,train_ep_007644,13,king,char__king,Not unless you want us to stay at war my child.,,,True,False
utt__train_ep_007651__000,train_ep_007651,0,king,char__king,What is that strange creature in the courtyard?,,,True,False
utt__train_ep_007651__001,train_ep_007651,1,animal,char__animal,BOO!!!,scream,,False,False
utt__train_ep_007651__002,train_ep_007651,2,king,char__king,Strange was definitely a good choice of words.,laugh,,True,False
utt__train_ep_007651__003,train_ep_007651,3,animal,char__animal,Aww man....Your not scared of me?,pout,,False,False
utt__train_ep_007651__004,train_ep_007651,4,king,char__king,"I am king, I bow to none.",,,True,True
utt__train_ep_007651__005,train_ep_007651,5,animal,char__animal,Oh....Whats a king? You look like any other human except you are impeccably dressed.,stare,,False,True
utt__train_ep_007651__006,train_ep_007651,6,king,char__king,"It means that I stand above the other people, they follow my lead so to say.",,,True,False
utt__train_ep_007651__007,train_ep_007651,7,animal,char__animal,So it's good to be king. I would like to be King. I will be King of my bridge. That;s where i live.,nudge,,False,True
utt__train_ep_007651__008,train_ep_007651,8,king,char__king,Are there no other more powerful creatures there? The countryside is quite nice perhaps you could look after that?,,,True,False
utt__train_ep_007651__009,train_ep_007651,9,animal,char__animal,Really?! I would like that very much! Will people feed me you think?,gasp,,False,False
utt__train_ep_007651__010,train_ep_007651,10,king,char__king,"I don't see why not there is usually always someone around I would imagine, just do not present yourself as threatening.",,,True,False
utt__train_ep_007651__011,train_ep_007651,11,animal,char__animal,That will be hard but ok. I always enjoyed scaring people out from under my bridge. Do I get some sort of crown or badge to let people know not to mess with me?,sigh,,False,False
utt__train_ep_007651__012,train_ep_007651,12,king,char__king,Being a king is less about imposing fear than it is about garnering respect and admiration.,,,True,True
utt__train_ep_007651__013,train_ep_007651,13,animal,char__animal,Yeah but can I have a crown like yours?,smile,,False,False
utt__train_ep_007654__000,train_ep_007654,0,king,char__king,"Come, servant. Sit here.",,,True,False
utt__train_ep_007654__001,train_ep_007654,1,servant,char__servant,"Of course, how may I help you your majesty? ",nod,,False,False
utt__train_ep_007654__002,train_ep_007654,2,king,char__king,"Tell me a story, i am grow tired of sitting here in silence.",,,True,False
utt__train_ep_007654__003,train_ep_007654,3,servant,char__servant,"Okay, well I'm afraid I don't know too many stories, sir. Would Cinderella do?",,,False,False
utt__train_ep_007654__004,train_ep_007654,4,king,char__king,Is that all you know? Gosh I'll tell one than.,,,True,False
utt__train_ep_007654__005,train_ep_007654,5,servant,char__servant,"Yes, its the story my mother told me. I'm afraid I don't know how to read. I'd love to hear one sir",,,False,False
utt__train_ep_007654__006,train_ep_007654,6,king,char__king,Ok well i'll tel you the story of the great war. It started abotu 200 years ago.,,,True,False
utt__train_ep_007654__007,train_ep_007654,7,servant,char__servant,"Oh, that is a long time ago, sir.",,,False,False
utt__train_ep_007654__008,train_ep_007654,8,king,char__king,"Yes it was, by great great grandfather was king. He found a spy in the kingdom and had him executed.",,,True,True
utt__train_ep_007654__009,train_ep_007654,9,servant,char__servant,Oh a spy. I hope you don't find a spy in your castle.,,,False,False
utt__train_ep_007654__010,train_ep_007654,10,king,char__king,"Not yet... just a word of advice, don't be a spy.",wink,,True,False
utt__train_ep_007654__011,train_ep_007654,11,servant,char__servant,Never your majesty! ,gasp,,False,False
utt__train_ep_007654__012,train_ep_007654,12,king,char__king,Tis but a joke servant.,,,True,False
utt__train_ep_007654__013,train_ep_007654,13,servant,char__servant,Yes of course your majesty. ,,,False,False
utt__train_ep_007657__000,train_ep_007657,0,king,char__king,"Hello merchant, it's pretty busy here...huh?",,,True,False
utt__train_ep_007657__001,train_ep_007657,1,merchant,char__merchant,"Incredibly!  45 years on the road, and this is the busiest I have ever seen it on a market day.",,,False,False
utt__train_ep_007657__002,train_ep_007657,2,king,char__king,Tell me how much is this...uh...animal fountain?,,,True,False
utt__train_ep_007657__003,train_ep_007657,3,merchant,char__merchant,"47 Gold pieces m'lord, but seeing as how you're the King I'll let you have it for 45.",,,False,True
utt__train_ep_007657__004,train_ep_007657,4,king,char__king,Ah well done merchant. I'll take two.,,,True,False
utt__train_ep_007657__005,train_ep_007657,5,merchant,char__merchant,"Excellent, anything catch your eye Sire?",,,False,False
utt__train_ep_007657__006,train_ep_007657,6,king,char__king,"I will look some more. Tell me, have you seen any of the turtlefolk around?",,,True,False
utt__train_ep_007657__007,train_ep_007657,7,merchant,char__merchant,"None nearby Sire, but I hear they have been raiding from the swamp at night once again.  Are you planning a retaliatory raid?",,,False,False
utt__train_ep_007657__008,train_ep_007657,8,king,char__king,Yes we need to protect our people. I don't know why they are so confident in raiding us.,,,True,False
utt__train_ep_007657__009,train_ep_007657,9,merchant,char__merchant,"Sire, what do they do with those they have captured?  I have heard the legends from the small folk, but they feel embellished.",,,False,False
utt__train_ep_007657__010,train_ep_007657,10,king,char__king,It depends on the crime. What would you do with someone who killed your people?,,,True,False
utt__train_ep_007657__011,train_ep_007657,11,merchant,char__merchant,"Well, in our culture we make them slave to the families who lost loved ones, to serve in the stead of those they lost.",,,False,False
utt__train_ep_007657__012,train_ep_007657,12,king,char__king,"I see, that is very generous of you.",,,True,False
utt__train_ep_007657__013,train_ep_007657,13,merchant,char__merchant,What does your kingdom do?,,,False,False
utt__train_ep_007673__000,train_ep_007673,0,diplomat,char__diplomat,"Good day, sir. How are you on this fine afternoon?",,,False,False
utt__train_ep_007673__001,train_ep_007673,1,king,char__king,I am well and yourself?,,,True,False
utt__train_ep_007673__002,train_ep_007673,2,diplomat,char__diplomat,"I am well, sir. Can I help you with anything today? Anything you'd like to talk about?",,,False,False
utt__train_ep_007673__003,train_ep_007673,3,king,char__king,Have we any word from the neighboring kingdoms about my request?,,,True,False
utt__train_ep_007673__004,train_ep_007673,4,diplomat,char__diplomat,"No, sir. I've had guards positioned all day and a watcher in the tower, but there's been no message from them.",,,False,False
utt__train_ep_007673__005,train_ep_007673,5,king,char__king,"Hmm, we really need the assistance in dealing with the encroaching trolls. ",,,True,False
utt__train_ep_007673__006,train_ep_007673,6,diplomat,char__diplomat,"Understood, sir. Is there any action in particular that you request?",,,False,False
utt__train_ep_007673__007,train_ep_007673,7,king,char__king,"For now we will continue to wait on the word to come back, certainly it cannot be too much longer.",,,True,False
utt__train_ep_007673__008,train_ep_007673,8,diplomat,char__diplomat,I hope not. We can't wait much longer. The people are getting restless - we don't have enough resources and they know it.,sigh,,False,False
utt__train_ep_007673__009,train_ep_007673,9,king,char__king,"Worse comes to worse, we will hold out as long as we can.",,,True,False
utt__train_ep_007673__010,train_ep_007673,10,diplomat,char__diplomat,Okay. I shall tell everyone to stay patient. What else can I do for you sir?,,,False,False
utt__train_ep_007673__011,train_ep_007673,11,king,char__king,"Just rub my temples, I am very stressed.",,,True,False
utt__train_ep_007673__012,train_ep_007673,12,diplomat,char__diplomat,"Oh... of course, sir. Let me take this first, it must be very heavy.",,steal scepter from king,False,False
utt__train_ep_007673__013,train_ep_007673,13,king,char__king,Ahh thank you...sometimes it just gets a bit much.,,,True,False
utt__train_ep_007693__000,train_ep_007693,0,knight,char__knight,Well hello there my king.,,,False,True
utt__train_ep_007693__001,train_ep_007693,1,king,char__king,"Hello Sir Knight, are you hear to guard me during my evening urination?",,,True,False
utt__train_ep_007693__002,train_ep_007693,2,knight,char__knight,I would assume you to be safe in here my lord.,,,False,False
utt__train_ep_007693__003,train_ep_007693,3,king,char__king,"Thank you, I shall feel much relief with you at my back while I relieve myself.",,,True,False
utt__train_ep_007693__004,train_ep_007693,4,knight,char__knight,"I am glad to hear that my king, perhaps I should also relieve myself.",,,False,True
utt__train_ep_007693__005,train_ep_007693,5,king,char__king,"Please, help yourself - but keep one hand on your sword at the ready.",,,True,False
utt__train_ep_007693__006,train_ep_007693,6,knight,char__knight,I will be sure to do so my king.,,,False,True
utt__train_ep_007693__007,train_ep_007693,7,king,char__king,"Well, I must say - I feel much better now!",,,True,False
utt__train_ep_007693__008,train_ep_007693,8,knight,char__knight,I trust it was a satisfying wee?,,,False,False
utt__train_ep_007693__009,train_ep_007693,9,king,char__king,Oh yes!  Quite.  And yourself?,,,True,False
utt__train_ep_007693__010,train_ep_007693,10,knight,char__knight,"It seems it may never end, too much drink.",,,False,False
utt__train_ep_007693__011,train_ep_007693,11,king,char__king,"Time to return to the tavern, and fill up then!",,,True,False
utt__train_ep_007693__012,train_ep_007693,12,knight,char__knight,I should accompany you...for protection of course...,,,False,False
utt__train_ep_007693__013,train_ep_007693,13,king,char__king,"Certainly, I will even pay for the first round!",,,True,False
utt__train_ep_007696__000,train_ep_007696,0,subject,char__subject,Is there a reason you wanted me to bathe my king?,,,False,True
utt__train_ep_007696__001,train_ep_007696,1,king,char__king,There is a reason for everything I my subject. But that will become clear the less you question my commands.,,,True,False
utt__train_ep_007696__002,train_ep_007696,2,subject,char__subject,"Alright, I just was unsure why you wanted to watch me play in the bubbles.",,,False,False
utt__train_ep_007696__003,train_ep_007696,3,king,char__king,You will play in the bubbles until I tell thee to stop! You should consider yourself lucky to bathe with your king. Most of my subjects are not fit to even handle my waste!,growl,,True,True
utt__train_ep_007696__004,train_ep_007696,4,subject,char__subject,I just feel like you keep staring...,,,False,False
utt__train_ep_007696__005,train_ep_007696,5,king,char__king,Never mind my stares. Turn on the jets so I may relax from handling your insolence or you shall face more fury than this strike alone.,,hit subject,True,False
utt__train_ep_007696__006,train_ep_007696,6,subject,char__subject,"As you wish sire, they are now on.",,,False,False
utt__train_ep_007696__007,train_ep_007696,7,king,char__king,"Good, that is much better. Now tell me, are there any books or some strong ale that lie upon that shelf there?",,,True,False
utt__train_ep_007696__008,train_ep_007696,8,subject,char__subject,"It seems to be a spot in which you could place such things, but there are none at the moment.",,,False,False
utt__train_ep_007696__009,train_ep_007696,9,king,char__king,You mean to tell me that you did not bring the volumes of holy romances or the ales mixed with sleeping potions with you?,frown,,True,False
utt__train_ep_007696__010,train_ep_007696,10,subject,char__subject,"I was not aware of such things, my apologies....",,,False,False
utt__train_ep_007696__011,train_ep_007696,11,king,char__king,"You wretched subject! I am the giver of laws, and thou should know all of them, even those I leave unspoken! Give me one good reason I should not drown you in this deep tub water?",,hit subject,True,False
utt__train_ep_007696__012,train_ep_007696,12,subject,char__subject,I have a cute face?,,,False,False
utt__train_ep_007696__013,train_ep_007696,13,king,char__king,"You sure do... But alas, I am still your king no matter how cute you are!",blush,,True,True
utt__train_ep_007702__000,train_ep_007702,0,kings,char__kings,"Ah, King Fredrick.  Thank you for agreeing to meet me here.  I know it's a bit... out of the way.  But I wanted for us to speak without being overheard by the other courtiers.",smile,,False,True
utt__train_ep_007702__001,train_ep_007702,1,king,char__king,What made you summon me Dusseldorf?,,,True,False
utt__train_ep_007702__002,train_ep_007702,2,kings,char__kings,"Well, I've been hearing... disturbing rumors, from people from near the border from that other kingdom, Mirkwood.  And frankly there's enough of them that it's given me some cause for concern.",,,False,False
utt__train_ep_007702__003,train_ep_007702,3,king,char__king,What have the rumors been regarding?,,,True,False
utt__train_ep_007702__004,train_ep_007702,4,kings,char__kings,"At first I thought it was nothing.  Some scared peasants having too much to drink.  But there is talk of a dark force... monstrously huge spiders... shadows that spread throughout the land.  In truth, only those who have stayed to the Path have made it out alive.",sigh,,False,False
utt__train_ep_007702__005,train_ep_007702,5,king,char__king,That sounds like quite a grave situation indeed. How do you think we should respond to it?,,,True,False
utt__train_ep_007702__006,train_ep_007702,6,kings,char__kings,"Well, I was hoping you would have a suggestion.  My kingdom is well know for its prowess in battle, but this smacks of magic.  Is there any in your court with knowledge of such arts?",,,False,False
utt__train_ep_007702__007,train_ep_007702,7,king,char__king,I may be able to seek the assistance of some we do have a few sorcerers.,,,True,False
utt__train_ep_007702__008,train_ep_007702,8,kings,char__kings,"Ah that is good news indeed.  For if this darkness were to spread, it would threaten both of our Kingdoms.  May I propose a joining of our families to cement the alliance?  My daughter is of age, as you know, as is you fine son!  Quite the lad, he is!",grin,,False,False
utt__train_ep_007702__009,train_ep_007702,9,king,char__king,"Certainly, there is strength in numbers. We must make sure to protect the kingdoms!",,,True,False
utt__train_ep_007702__010,train_ep_007702,10,kings,char__kings,"I admit, though, between us, that my daughter is a bit -ahem- willful.  But I'm certain once she sees the advantages to such an arrangement that she can be persuaded.",nod,,False,False
utt__train_ep_007702__011,train_ep_007702,11,king,char__king,Has a mind of her own does she? Don't most women though.,,,True,False
utt__train_ep_007702__012,train_ep_007702,12,kings,char__kings,"Ha!  Isn't that so.  Never satisfied, are they?",laugh,,False,False
utt__train_ep_007702__013,train_ep_007702,13,king,char__king,"If only they were, things would be much easier.",,,True,False
utt__train_ep_007712__000,train_ep_007712,0,king,char__king,"Tell me mechant, are you prospering in my kingdom?",,,True,False
utt__train_ep_007712__001,train_ep_007712,1,merchant,char__merchant,"I am, my wares are going so fast I can barely keep in stock.",,,False,False
utt__train_ep_007712__002,train_ep_007712,2,king,char__king,Hahaha That's what i like to hear. Now give me one of your best sellers.,,hug merchant,True,False
utt__train_ep_007712__003,train_ep_007712,3,merchant,char__merchant,"Here take this, it is filled with goodies.",,give bag of herbs to king,False,False
utt__train_ep_007712__004,train_ep_007712,4,king,char__king,"Beautiful! Thank you. Now you be nice to the customers, i know they can be rude somedays.",,,True,False
utt__train_ep_007712__005,train_ep_007712,5,merchant,char__merchant,"I am always nice to customers, that's how I keep them coming back.",,,False,False
utt__train_ep_007712__006,train_ep_007712,6,king,char__king,"Good man. Say, you might want to come work for me someday. Going to other kingdoms to sell?",,,True,False
utt__train_ep_007712__007,train_ep_007712,7,merchant,char__merchant,"Aye, heading out on the next ship.",,,False,False
utt__train_ep_007712__008,train_ep_007712,8,king,char__king,Ah well where are you headed?,,wear crown,True,False
utt__train_ep_007712__009,train_ep_007712,9,merchant,char__merchant,I heard there are great mysteries in the land where silk comes from.  I am wanting to head there.,,,False,False
utt__train_ep_007712__010,train_ep_007712,10,king,char__king,Ah that place is scary. There are greedy men all over.,,,True,False
utt__train_ep_007712__011,train_ep_007712,11,merchant,char__merchant,Have you met people that have been there?,,,False,False
utt__train_ep_007712__012,train_ep_007712,12,king,char__king,Yes i chat with people that live there. They say it is a cut throat business out there. I'd be careful.,,,True,False
utt__train_ep_007712__013,train_ep_007712,13,merchant,char__merchant,"Aye, thank you for the warning.",,,False,False
utt__train_ep_007718__000,train_ep_007718,0,king,char__king,Alas blacksmith! Bow before your King!,,,True,True
utt__train_ep_007718__001,train_ep_007718,1,blacksmith,char__blacksmith,Sir?! It is a great honor to have you here in my shop. We have never had a King visit us! ,,,False,True
utt__train_ep_007718__002,train_ep_007718,2,king,char__king,Yes indeed it is true. I have decided to visit the city center blacksmiths in search of a sword. Do you have any recommendations?,,remove cape,True,False
utt__train_ep_007718__003,train_ep_007718,3,blacksmith,char__blacksmith,Certainly my King. I have the finest weapons in the land. Right here is a Kingsley sword made with reinforced titanium sheets. ,,remove sword,False,True
utt__train_ep_007727__000,train_ep_007727,0,chef,char__chef,"Greetings my king, are you hungry?",,,False,True
utt__train_ep_007727__001,train_ep_007727,1,king,char__king,"Yes, I am famished. What food do you have that is cooked and ready to eat?",,,True,False
utt__train_ep_007727__002,train_ep_007727,2,chef,char__chef,I know the smell is not pleasant but our meats are very fresh. Care to try some?,,,False,False
utt__train_ep_007727__003,train_ep_007727,3,king,char__king,"Yes, the finest you have. ",,,True,False
utt__train_ep_007727__004,train_ep_007727,4,chef,char__chef,Very good. I will have to dice the meat first with my cleaver.,,remove meat cleaver,False,False
utt__train_ep_007727__005,train_ep_007727,5,king,char__king,"Very well, let me know when it is ready.",,,True,False
utt__train_ep_007727__006,train_ep_007727,6,chef,char__chef,It is ready! Please wash your hands before eating my lord,,give rag to king,False,False
utt__train_ep_007727__007,train_ep_007727,7,king,char__king,Yes of course. Where is the wash bin in this place? ,,,True,False
utt__train_ep_007727__008,train_ep_007727,8,chef,char__chef,"Last door in the hallway, to your right. Please don't mind any of the fights you see taking place my lord. I do not like to get involved.",,,False,False
utt__train_ep_007727__009,train_ep_007727,9,king,char__king,"Yes, thank you. I shall be right back. ",,,True,False
utt__train_ep_007727__010,train_ep_007727,10,chef,char__chef,One second my lord! Can you wash this meat cleaver for me too?,,give meat cleaver to king,False,False
utt__train_ep_007727__011,train_ep_007727,11,king,char__king,You really want your king to wash a meat cleaver? I could have your head for this you know,,,True,True
utt__train_ep_007727__012,train_ep_007727,12,chef,char__chef,"Please, no!! I did not mean it like that, I'm sorry I even asked my lord. I will get back to preparing the food!",cry,,False,False
utt__train_ep_007727__013,train_ep_007727,13,king,char__king,"Very well, just do not make the same mistake again. ",,,True,False
utt__train_ep_007729__000,train_ep_007729,0,king,char__king,Tell me what are you doing here?,,,True,False
utt__train_ep_007729__001,train_ep_007729,1,proprietor,char__proprietor,I have just wandered here my king! I apologize! ,,,False,True
utt__train_ep_007729__002,train_ep_007729,2,king,char__king,"Ok. You know this is a bad situation for you, correct?",,drop crown,True,False
utt__train_ep_007729__003,train_ep_007729,3,proprietor,char__proprietor,How so?!,,,False,False
utt__train_ep_007729__004,train_ep_007729,4,king,char__king,This is not a hallway you should know of.,,,True,False
utt__train_ep_007729__005,train_ep_007729,5,proprietor,char__proprietor,I am just looking for architecture decoration in my lodging businesses. ,,,False,False
utt__train_ep_007729__006,train_ep_007729,6,king,char__king,Not anymore. I must put you in prison. You can never talk to anyone ever again.,,,True,False
utt__train_ep_007729__007,train_ep_007729,7,proprietor,char__proprietor,You are being irrational! ,,,False,False
utt__train_ep_007729__008,train_ep_007729,8,king,char__king,"I will explaion myslef further, you see this hallway is a secrete. No one should know of it except for myself.",,,True,False
utt__train_ep_007729__009,train_ep_007729,9,proprietor,char__proprietor,It seems so harmless in here... how could it be secret?,,,False,False
utt__train_ep_007729__010,train_ep_007729,10,king,char__king,This is where i have things transported so no one can see.,,,True,False
utt__train_ep_007729__011,train_ep_007729,11,proprietor,char__proprietor,"I want nothing to do with that, your Majesty...",,,False,False
utt__train_ep_007729__012,train_ep_007729,12,king,char__king,You found yourself all mixed up in it though. Tell me who knows you are here?,,,True,False
utt__train_ep_007729__013,train_ep_007729,13,proprietor,char__proprietor,I am here by myself! I venture and tell no one where I go...,,,False,False
utt__train_ep_007734__000,train_ep_007734,0,king,char__king,What a wonderful Kingdom we have!,,,True,False
utt__train_ep_007734__001,train_ep_007734,1,queen,char__queen,"It is beautiful, dear. You have been an amazing king!",,,False,True
utt__train_ep_007734__002,train_ep_007734,2,king,char__king,And you the most wondrous of Queens!  Where shall we expand our Kingdom next?,,,True,False
utt__train_ep_007734__003,train_ep_007734,3,queen,char__queen,I think it's time to get ambitions and see if we can conquer the land across the sea. ,,,False,False
utt__train_ep_007734__004,train_ep_007734,4,king,char__king,"Indeed, the Lizard-folk are a pagan people, and we shall bring the light of the true gods to their shores.",,,True,False
utt__train_ep_007734__005,train_ep_007734,5,queen,char__queen,I hate them so much. Their people will be so happy when we save them ,,,False,False
utt__train_ep_007734__006,train_ep_007734,6,king,char__king,And the fishermen should stop complaining about their sea-raiding.,,,True,False
utt__train_ep_007734__007,train_ep_007734,7,queen,char__queen,That will be quite the added bonus. I say we start tomorrow,laugh,,False,False
utt__train_ep_007734__008,train_ep_007734,8,king,char__king,I agree my darling wife.  Shall you lead the armies like in our campaign against the Turtle-Folk?,,,True,False
utt__train_ep_007734__009,train_ep_007734,9,queen,char__queen,It would give me great joy if you gave me that honor. I can promise you we will wipe them out in no time. They'll never even see a girl coming,,,False,False
utt__train_ep_007734__010,train_ep_007734,10,king,char__king,"Then ready the Gryphon Warriors, tomorrow shall be the first day of the end of their civilization!",,,True,False
utt__train_ep_007734__011,train_ep_007734,11,queen,char__queen,Yes! Soon we will rule the entirety of the lands. It will truly be glorious,applaud,,False,False
utt__train_ep_007734__012,train_ep_007734,12,king,char__king,What would you do with a ton of captured gold?,,,True,False
utt__train_ep_007734__013,train_ep_007734,13,queen,char__queen,Certainly not waste it on the peasants. Haha. What would you like to do with it?,,,False,False
utt__train_ep_007742__000,train_ep_007742,0,worshipper,char__worshipper,How are you doing today my king?,,,False,True
utt__train_ep_007742__001,train_ep_007742,1,king,char__king,"Sad, I have a confession to make to the priest when he returns.",,,True,False
utt__train_ep_007742__002,train_ep_007742,2,worshipper,char__worshipper,"Oh dear, I suppose even a king commits sins.",,,False,True
utt__train_ep_007742__003,train_ep_007742,3,king,char__king,Oh so many!  It is a dirty business keeping a Kingdom from being overrun.,,,True,False
utt__train_ep_007742__004,train_ep_007742,4,worshipper,char__worshipper,I cannot even imagine the burden placed upon you.,,,False,False
utt__train_ep_007742__005,train_ep_007742,5,king,char__king,Just last night I had to authorize another culling of Turtle-folk.  They have been eating travelers on pilgrimage in recent months.,,,True,False
utt__train_ep_007742__006,train_ep_007742,6,worshipper,char__worshipper,"How unfortunate, surely god would not judge you for protecting your people though?",,,False,False
utt__train_ep_007742__007,train_ep_007742,7,king,char__king,"Well, here's the thing - because of the orcish blockade, the small folk are starving.  Turtle-folk stew can ward off starvation for the poor.  So it is both a noble act, and a terrible one at the same time.",,,True,False
utt__train_ep_007742__008,train_ep_007742,8,worshipper,char__worshipper,"I see, but at the same time they have been attacking...",,,False,False
utt__train_ep_007742__009,train_ep_007742,9,king,char__king,"Fair enough - but I never even bothered to negotiate, just sent the Dragonriders in to roast their villages.  Saved more of my people's lives at the cost of theirs.",,,True,False
utt__train_ep_007742__010,train_ep_007742,10,worshipper,char__worshipper,"Heavy is the head that wears the crown it seems, tough choices are a plenty.",,,False,False
utt__train_ep_007742__011,train_ep_007742,11,king,char__king,"Indeed.  So what brings you here citizen, now that I have burdened you with my troubles?",,,True,False
utt__train_ep_007742__012,train_ep_007742,12,worshipper,char__worshipper,"It is no burden at all my king, I have simply come to worship. It is my purpose for being.",,,False,True
utt__train_ep_007742__013,train_ep_007742,13,king,char__king,"Then please, sing a song to the gods and we shall both be pleased by it.",,,True,False
utt__train_ep_007749__000,train_ep_007749,0,king,char__king,Enjoying the garden are you?,,,True,False
utt__train_ep_007749__001,train_ep_007749,1,noble,char__noble,"if I may, King. The Castle does have a fine garden, filled with blossoming flowers. ",,,False,True
utt__train_ep_007749__002,train_ep_007749,2,king,char__king,"I am glad to hear that you find it satisfying, I quite enjoy it myself.",,,True,False
utt__train_ep_007749__003,train_ep_007749,3,noble,char__noble,Do you need this sir? You seem to be having some difficulty managing on your own. ,,give cane to king,False,False
utt__train_ep_007749__004,train_ep_007749,4,king,char__king,"I appreciate it, I am getting a bit up there in age it seems.",,,True,False
utt__train_ep_007749__005,train_ep_007749,5,noble,char__noble,Ages catches up to all of us. But I am sure you will be around long enough to see us conquer many more Kingdoms. ,,,False,False
utt__train_ep_007749__006,train_ep_007749,6,king,char__king,"It would be nice to see that come to fruition, certainly we could do wonders for some of the heathen nations.",,,True,False
utt__train_ep_007749__007,train_ep_007749,7,noble,char__noble,"Indeed, if I may suggest, the Ogres to the West need to be taught a lesson or two. I hope you consider this at the next War Meeting. ",,,False,False
utt__train_ep_007749__008,train_ep_007749,8,king,char__king,"I will take note of the suggestion, they have become a bit a thorn as of late.",,,True,False
utt__train_ep_007749__009,train_ep_007749,9,noble,char__noble,"I was sent this threatening letter from them recently, all because I ransacked one of their gold mines! The nerve of those beasts!",,give Scroll to king,False,False
utt__train_ep_007749__010,train_ep_007749,10,king,char__king,What did it say when you read it?,,,True,False
utt__train_ep_007749__011,train_ep_007749,11,noble,char__noble,It said they would sent an assassin to beat me to a pulp! I doubt they have the brains to do anything like that. ,,,False,False
utt__train_ep_007749__012,train_ep_007749,12,king,char__king,"Hmm but still they would threaten you, that is troubling.",,,True,False
utt__train_ep_007749__013,train_ep_007749,13,noble,char__noble,"That is why they must be put in their place, all of them! ",,,False,False
utt__train_ep_007754__000,train_ep_007754,0,king,char__king,How are you today son?,,,True,False
utt__train_ep_007754__001,train_ep_007754,1,prince,char__prince,"Very well, father! Yourself?",,,False,False
utt__train_ep_007754__002,train_ep_007754,2,king,char__king,"I am doing good, another day of seeing over the kingdom it seems.",,,True,False
utt__train_ep_007754__003,train_ep_007754,3,prince,char__prince,And doing it well. ,,,False,False
utt__train_ep_007754__004,train_ep_007754,4,king,char__king,Is there anything your heart desires to do today?,,,True,False
utt__train_ep_007754__005,train_ep_007754,5,prince,char__prince,"Sometimes I confess, I do think on what it must be like to be King!",,,False,True
utt__train_ep_007754__006,train_ep_007754,6,king,char__king,"Well those are the exact kind of things that we can spend the day speaking of, it is father son bonding saturday afterall.",,,True,False
utt__train_ep_007754__007,train_ep_007754,7,prince,char__prince,Were you confident that you would be a good King?,smile,,False,True
utt__train_ep_007754__008,train_ep_007754,8,king,char__king,"To be honest with you no, sometimes overconfidence can lead to failure. It is a constant process of self evaluation and refinement.",,,True,False
utt__train_ep_007754__009,train_ep_007754,9,prince,char__prince,Very interesting. ,ponder,,False,False
utt__train_ep_007754__010,train_ep_007754,10,king,char__king,What do you envision it like to be king?,,,True,True
utt__train_ep_007754__011,train_ep_007754,11,prince,char__prince,"I thought it might be exciting, being given the chance to prove yourself. ",,,False,False
utt__train_ep_007754__012,train_ep_007754,12,king,char__king,Indeed but there is always the overwhelming shadow of failure looming as a possibility overhead.,,,True,False
utt__train_ep_007754__013,train_ep_007754,13,prince,char__prince,So you don't get to set the agenda?,,,False,False
utt__train_ep_007861__000,train_ep_007861,0,king,char__king,Hello Darling! Taking a stroll out in the gardens as well?,,,True,False
utt__train_ep_007861__001,train_ep_007861,1,queen,char__queen,"Yes, It's such a lovely day. Do you like my new dress?",,,False,False
utt__train_ep_007861__002,train_ep_007861,2,king,char__king,It suits you well and brings out the hazel color of your eyes. ,nod,,True,False
utt__train_ep_007861__003,train_ep_007861,3,queen,char__queen,Thank you dear. You are looking great as well today. Will you come sit with me next to the fountain?,,,False,False
utt__train_ep_007861__004,train_ep_007861,4,king,char__king,"Certainly, my darling. How was your meeting this morning with the neighboring diplomat?",,,True,False
utt__train_ep_007861__005,train_ep_007861,5,queen,char__queen,Things seemed to go well. We should know in the morning if his king will accept our offer or we will destroy him in war. I'm confident he will accept,,,False,True
utt__train_ep_007861__006,train_ep_007861,6,king,char__king,He has no other choice but to accept! It would be madness to come up against our mighty forces! And against your charming persuasions. ,,hug queen,True,False
utt__train_ep_007861__007,train_ep_007861,7,queen,char__queen,Thank you dear. I assume the meeting with the generals went well and we are prepared if the worst should happen?,,hug king,False,False
utt__train_ep_007861__008,train_ep_007861,8,king,char__king,"They have been briefed to the fullest extent that I would allow. None of them know the real reason for these negotiations, and I think it best things stay that way.",,,True,False
utt__train_ep_007861__009,train_ep_007861,9,queen,char__queen,Absolutely you are a genius as always. Are our sons ready? This would be their first battle,,,False,False
utt__train_ep_007861__010,train_ep_007861,10,king,char__king,"Ah, Thomas is still hesitant. He is still skittish around the horses.",,,True,False
utt__train_ep_007861__011,train_ep_007861,11,queen,char__queen,Maybe he can go out with the ground troupes and Peter can go out with the knights. Wouldn't hurt to have 1 in each division ,,,False,False
utt__train_ep_007861__012,train_ep_007861,12,king,char__king,The men do look to our Royal Family in battle as a sign of encouragement. I have always assumed horseback was the proper place for them.,,,True,False
utt__train_ep_007861__013,train_ep_007861,13,queen,char__queen,That makes sense I just don't want Thomas to freeze during a battle and something to happen to him,,,False,False
utt__train_ep_007876__000,train_ep_007876,0,lady in waiting,char__lady_in_waiting,"Can I do anything for you, king?",,,False,True
utt__train_ep_007876__001,train_ep_007876,1,king,char__king,"Yes, dear lady, there is indeed. I need to find a very specific book in this library.",,,True,False
utt__train_ep_007876__002,train_ep_007876,2,lady in waiting,char__lady_in_waiting,"No problem, sir. What's the book?",,,False,False
utt__train_ep_007876__003,train_ep_007876,3,king,char__king,"I am not exactly sure. There is an old prophecy that speaks of this book. But the prophecy did not give a title or author, only this location. I wonder what it could be.",ponder,,True,False
utt__train_ep_007876__004,train_ep_007876,4,lady in waiting,char__lady_in_waiting,I can try and find it. Hopefully I can. There's a lot of books that feature old prophecies. ,,,False,False
utt__train_ep_007876__005,train_ep_007876,5,king,char__king,"Wait, what is this parchment that lies around here? I feel a strong attraction to it for some reason.",,get parchment,True,False
utt__train_ep_007876__006,train_ep_007876,6,lady in waiting,char__lady_in_waiting,Oh that? That parchment speaks of the history of the best stories of our time.,,,False,False
utt__train_ep_007876__007,train_ep_007876,7,king,char__king,"Best stories of our time? The prophecy spoke of such! You are incredible, thank you for this wonderful clue!",,hug lady in waiting,True,False
utt__train_ep_007876__008,train_ep_007876,8,lady in waiting,char__lady_in_waiting,"Just doing my job, sir. By the way... how is the Queen doing?",blush,,False,False
utt__train_ep_007876__009,train_ep_007876,9,king,char__king,"Yes, of course you are. It is upon such obedience that my empire was built. Despite all my courage, I would be nothing without my loyal subjects. As for the queen, she sits there upon the maroon carpet. You may ask her yourself.",,,True,False
utt__train_ep_007876__010,train_ep_007876,10,lady in waiting,char__lady_in_waiting,I wasn't sure. She's been a little quiet towards me lately. I wasn't sure if she disliked me lately for some reason.,,,False,False
utt__train_ep_007876__011,train_ep_007876,11,king,char__king,"Here, hold this and see if it leads to any new clues. I shall speak to my wife.",,give parchment to lady in waiting,True,False
utt__train_ep_007876__012,train_ep_007876,12,lady in waiting,char__lady_in_waiting,"Sure thing, sir.",,,False,False
utt__train_ep_007876__013,train_ep_007876,13,king,char__king,"Lady, come over here! Quickly!",gasp,,True,False
utt__train_ep_007899__000,train_ep_007899,0,king,char__king,"ALL HAIL THE KING! It's me! Ha all hail me! The all powerful, the almighty! I am KING.",,,True,True
utt__train_ep_007899__001,train_ep_007899,1,mystical dragon,char__mystical_dragon,Raawwwr! Who goes there? This is my treasure room! ,scream,,False,False
utt__train_ep_007899__002,train_ep_007899,2,king,char__king,"Oh hello my dragon. It is I, your King. Do you not recognize me? I mean, I am wearing my crown aren't I ?",,,True,True
utt__train_ep_007899__003,train_ep_007899,3,mystical dragon,char__mystical_dragon,You are no king to me last time I checked....I've been living here for years.,growl,,False,True
utt__train_ep_007899__004,train_ep_007899,4,king,char__king,"Indeed, you live here to protect all of my treasure!",,,True,False
utt__train_ep_007899__005,train_ep_007899,5,mystical dragon,char__mystical_dragon,This is why I dislike you two legged creatures! I can't believe I used to even be one of you. This is my treasure! ,gasp,,False,False
utt__train_ep_007899__006,train_ep_007899,6,king,char__king,"Now now, you now this is all of mine. We have been keeping it here protected for many of years.",,,True,False
utt__train_ep_007899__007,train_ep_007899,7,mystical dragon,char__mystical_dragon,I have been here myself for many years....ever since I came from the far north in search of my own kingdom. I remember having dreams of this place since before I was a dragon. This is my gold. I'll protect it from all of you humans!,,get gold,False,False
utt__train_ep_007899__008,train_ep_007899,8,king,char__king,We turned you into a dragon for being a traitor! Then punished you down here to look after MY treasure!,,,True,False
utt__train_ep_007899__009,train_ep_007899,9,mystical dragon,char__mystical_dragon,Is that so!?! No wonder I hate you humans! You creatures can't be trusted! ,,hit king,False,False
utt__train_ep_007899__010,train_ep_007899,10,king,char__king,"Silly, you can not harm me. I am your creator.",,,True,False
utt__train_ep_007899__011,train_ep_007899,11,mystical dragon,char__mystical_dragon,If that's the case then I'll hurt your son and your legacy!! ,,hit prince,False,False
utt__train_ep_007899__012,train_ep_007899,12,king,char__king,You dare not!,,,True,False
utt__train_ep_007899__013,train_ep_007899,13,mystical dragon,char__mystical_dragon,I will rid the world of all of you beings! Starting with your family line!! ,,hit prince,False,False
utt__train_ep_007940__000,train_ep_007940,0,knight,char__knight,My lord what is to be done?,,,False,False
utt__train_ep_007940__001,train_ep_007940,1,king,char__king,Ah brave knight. I have a most onerous task for you. Are you up for a challenge?,,,True,False
utt__train_ep_007940__002,train_ep_007940,2,knight,char__knight,Does it involve that dragon over there?,,,False,False
utt__train_ep_007940__003,train_ep_007940,3,king,char__king,You are both brave and astute my loyal knight.,nod,,True,False
utt__train_ep_007940__004,train_ep_007940,4,knight,char__knight,I have to admit I'm terrified. I don't think this armor is going to stop dragon fire,sigh,,False,False
utt__train_ep_007940__005,train_ep_007940,5,king,char__king,Thanks to my utter fearlessness and unparalleled courage I have done the impossible. Do you know what your magnificent king has achieved loyal knight?,,,True,True
utt__train_ep_007940__006,train_ep_007940,6,knight,char__knight,You have achieved greatness so that you can send people like me to die at the hand of a dragon ,,,False,False
utt__train_ep_007940__007,train_ep_007940,7,king,char__king,Nay. I would never sacrifice my warriors for nothing. Even one that is insolent such as yourself.,,,True,False
utt__train_ep_007940__008,train_ep_007940,8,knight,char__knight,I will do my best sire. To fear is to he human,,hit dragon,False,False
utt__train_ep_007940__009,train_ep_007940,9,king,char__king,Stop you fool!,,,True,False
utt__train_ep_007940__010,train_ep_007940,10,knight,char__knight,"You said you wanted me to attack the dragon, did you not?",,,False,False
utt__train_ep_007940__011,train_ep_007940,11,king,char__king,Nay. Whence did I command it? I did not you fool. I have forged an alliance with the dragons and you risked destroying that alliance. ,,steal sword from knight,True,False
utt__train_ep_007940__012,train_ep_007940,12,knight,char__knight,I'm sorry,,hug dragon,False,False
utt__train_ep_007940__013,train_ep_007940,13,king,char__king,Hugs will not make up your ineptitude. In this magical place you were about to bonded with this dragon so could go forth and lay waste to my enemies.,,,True,False
utt__train_ep_007954__000,train_ep_007954,0,his father,char__his_father,"You have done well in negotiations, my son. It truly was the right decision to step down from the throne.",,,False,False
utt__train_ep_007954__001,train_ep_007954,1,king,char__king,Thank you for saying so Your Grac.....Dad.,blush,,True,False
utt__train_ep_007954__002,train_ep_007954,2,his father,char__his_father,"Haha, the formalities do get tiring after a while, don't they?",smile,,False,False
utt__train_ep_007954__003,train_ep_007954,3,king,char__king,"Yes, but I do look forward to leading from the front.",,get suit of armor,True,False
utt__train_ep_007954__004,train_ep_007954,4,his father,char__his_father,"You must remember that being a leader is not just about showmanship. It is about inspiring your troops to fight, and fight well.",,,False,False
utt__train_ep_007954__005,train_ep_007954,5,king,char__king,Like stirring speeches from horseback?,,,True,False
utt__train_ep_007954__006,train_ep_007954,6,his father,char__his_father,That is only part of it. You must keep your countenance brave despite your pain. Fight honorably and treat your enemies as equals.,,,False,False
utt__train_ep_007954__007,train_ep_007954,7,king,char__king,"Is that what you did when you had the Pox? I am glad you survived, even if your countenance is much more ... rugged now.",,,True,False
utt__train_ep_007954__008,train_ep_007954,8,his father,char__his_father,Indeed. Your mother used to joke that she could read the star charts in my face.,laugh,,False,False
utt__train_ep_007954__009,train_ep_007954,9,king,char__king,Do you think the barbers or surgeons will ever find a way to prevent it? Could we have Pax from the Pox?,ponder,,True,False
utt__train_ep_007954__010,train_ep_007954,10,his father,char__his_father,"If you find it a cause worth supporting, you have the means to make it so.",,,False,False
utt__train_ep_007954__011,train_ep_007954,11,king,char__king,In what way? I really don't think the red rooms are helping much ...,,,True,False
utt__train_ep_007954__012,train_ep_007954,12,his father,char__his_father,"That is up to you to decide. As king, you have a legacy to think of now. What deeds do you want to leave behind?",,,False,True
utt__train_ep_007954__013,train_ep_007954,13,king,char__king,"Yes, perhaps I shall lead a war to fight against illness. My Queen Malinda will dedicate herself to this cause as well, I know it to be so.",,,True,False
utt__train_ep_008140__000,train_ep_008140,0,guard,char__guard,"Good morning, king! How goes it today?",,,False,True
utt__train_ep_008140__001,train_ep_008140,1,king,char__king,"Ah, it's another glorious day at the castle! Have you heard any more of the thieves trying to break in",,,True,False
utt__train_ep_008140__002,train_ep_008140,2,guard,char__guard,"No, your highness, nor have I seen anything suspicious ",,,False,False
utt__train_ep_008140__003,train_ep_008140,3,king,char__king,"Good to hear, my man! The Queen gets so paranoid about such things. She's always worried someone will steal her jewels.",grin,,True,False
utt__train_ep_008140__004,train_ep_008140,4,guard,char__guard,"Our women folk are always nervous. I wish they would be more calm with us guarding the kingdom. And don't worry king, I am ever vigilant on this job.",,,False,True
utt__train_ep_008140__005,train_ep_008140,5,king,char__king,And yet! Haha! In just an instant I stole you sword! All these years and I still have it in me. ,,steal sword from guard,True,False
utt__train_ep_008140__006,train_ep_008140,6,guard,char__guard,"Hahaha, and it doesn't take much for me to get it back! You have to be a little quicker and on your toes than that sir",,steal sword from king,False,False
utt__train_ep_008140__007,train_ep_008140,7,king,char__king,You are quite the guard! I'm glad I have you working for me.,grin,,True,False
utt__train_ep_008140__008,train_ep_008140,8,guard,char__guard,I am glad to be working for you! It has been in my family to be a guard. my father and his father before him were,,,False,False
utt__train_ep_008140__009,train_ep_008140,9,king,char__king,"Yes, I remember you father, Percy. How is he doing these days?",,,True,False
utt__train_ep_008140__010,train_ep_008140,10,guard,char__guard,He is not well. I do not think he will be around much longer. I try to make his life easier.,,,False,False
utt__train_ep_008140__011,train_ep_008140,11,king,char__king,I'm so sorry to hear that. He was a fantastic guard in his day.,frown,,True,False
utt__train_ep_008140__012,train_ep_008140,12,guard,char__guard,Yes he was the best! He taught me everything I know!,,,False,False
utt__train_ep_008140__013,train_ep_008140,13,king,char__king,Please give your father my best wishes. I'll keep him in my prayers.,,,True,False
utt__train_ep_008143__000,train_ep_008143,0,king,char__king," *Holds nose* You may want to wait a moment before you come in here, I may have left a royal stink.",,,True,False
utt__train_ep_008143__001,train_ep_008143,1,maid,char__maid,"Oh lord! I am certainly waiting until the smell leaves! cough, cough",,,False,False
utt__train_ep_008143__002,train_ep_008143,2,king,char__king,"I really must apologize, the Chef wanted to try making a number of bean-based dishes, and well . . . you know how it is.",,,True,False
utt__train_ep_008143__003,train_ep_008143,3,maid,char__maid,No I don't I try to eat as little of that as possible.,,,False,False
utt__train_ep_008143__004,train_ep_008143,4,king,char__king,Perhaps I could get the chef to rustle up some bean-based dishes for the servants' quarters?,,,True,False
utt__train_ep_008143__005,train_ep_008143,5,maid,char__maid,"That is okay. The only pay I get is food and shelter. I wish I had a little coin for what I do, sir",,,False,False
utt__train_ep_008143__006,train_ep_008143,6,king,char__king,Have you never thought about about asking for a raise?,,,True,False
utt__train_ep_008143__007,train_ep_008143,7,maid,char__maid,"It would be you that would give me a pay, your highness",,,False,False
utt__train_ep_008143__008,train_ep_008143,8,king,char__king,"Yes, but you need to officially request it!  You know how those bureaucrats at the treasury think, if you don't submit the proper forms, they get all huffy and say ""This is highly irregular"" and then take ten times as long to do anything.",,,True,False
utt__train_ep_008143__009,train_ep_008143,9,maid,char__maid,Oh I see.... Thank you for letting me know. I will do what I can and quickly,,,False,False
utt__train_ep_008143__010,train_ep_008143,10,king,char__king,"Well then, I must be off . . . and godspeed for what you need to deal with in there.",,,True,False
utt__train_ep_008143__011,train_ep_008143,11,maid,char__maid,"Thank you for your advice my king, let me know if there is anything else you need",,,False,True
utt__train_ep_008143__012,train_ep_008143,12,king,char__king,Yes . . .perhaps you could install some additional air fresheners about the palace?  I fear we may be having beans again tonight.,,,True,False
utt__train_ep_008143__013,train_ep_008143,13,maid,char__maid,Hahahaha.... it will be a windy day!,,,False,False
utt__train_ep_008145__000,train_ep_008145,0,pheasant,char__pheasant,*squawk* I wish I could fly!,,,False,False
utt__train_ep_008145__001,train_ep_008145,1,king,char__king,"Now, do stop with that. I hear it every day. We get it, you wish you could fly. But I bet the pigeons and such over there wish they had plumage as beautiful as you. don'",,,True,False
utt__train_ep_008145__002,train_ep_008145,2,pheasant,char__pheasant,"But the pigeons are free, and I am a pheasant slave!",,,False,False
utt__train_ep_008145__003,train_ep_008145,3,king,char__king,"Ha! Slave?! I assure you, you're free to leave and fend for yourself out there should you wish. The view is MUCH better up here than down there!",,,True,False
utt__train_ep_008145__004,train_ep_008145,4,pheasant,char__pheasant,Free?  The only freedom I have is to jump from this balcony and plummet to my death.,,,False,False
utt__train_ep_008145__005,train_ep_008145,5,king,char__king,"Enough! You have food and shelter, water and warmth, and you repay me with this complaining?!",,hit pheasant,True,False
utt__train_ep_008145__006,train_ep_008145,6,pheasant,char__pheasant,"Not much shelter, water, or warmth on this balcony.  The only water I get is from the puddles when it rains, or from your royal rose gardener when he takes pity on me.",,,False,False
utt__train_ep_008145__007,train_ep_008145,7,king,char__king,"Fine. I see your point, and I'm in somewhat of a good mood. Here, let me take this off. You can have it.",,remove cape,True,False
utt__train_ep_008145__008,train_ep_008145,8,pheasant,char__pheasant,"Thank you, I shall be the most dashing bird you know.",,,False,False
utt__train_ep_008145__009,train_ep_008145,9,king,char__king,"You already are, my friend. Here you go, it'll keep you warm, dry AND fancy.",,give cape to pheasant,True,False
utt__train_ep_008145__010,train_ep_008145,10,pheasant,char__pheasant,It *is* rather dry and fancy isn't it?,,wear cape,False,False
utt__train_ep_008145__011,train_ep_008145,11,king,char__king,"Well don't you look dashing. Here, you might as well complete the whole ensemble.",,give crown to pheasant,True,False
utt__train_ep_008145__012,train_ep_008145,12,pheasant,char__pheasant,Can I be in charge of all the pheasants in the Kingdom?  The Pheasant King?  Ruling under you of course.,,,False,True
utt__train_ep_008145__013,train_ep_008145,13,king,char__king,Sure. I have enough on my plate without keeping track of the pheasants... sounds like a win for both of us to make you the pheasant kind.,laugh,,True,False
utt__train_ep_008147__000,train_ep_008147,0,king,char__king,Your Majesty your son his highness has a question to ask.,,,True,False
utt__train_ep_008147__001,train_ep_008147,1,queen,char__queen,"Of course, my dear. What is his question?",,,False,False
utt__train_ep_008147__002,train_ep_008147,2,king,char__king,He wishes to wed my lady in waiting...the duchess is beautiful and of child bearing age.,,,True,False
utt__train_ep_008147__003,train_ep_008147,3,queen,char__queen,"Oh my! What delightful news! Of course, he has my blessings. But when will they be wed?",applaud,,False,False
utt__train_ep_008147__004,train_ep_008147,4,king,char__king,He wants to be wed quickly your Majesty.  They are truly in love.,blush,,True,False
utt__train_ep_008147__005,train_ep_008147,5,queen,char__queen,"Yes, I was hoping you would say that! Perhaps next month, would that be too early?",,,False,False
utt__train_ep_008147__006,train_ep_008147,6,king,char__king,No your Majesty...not too soon...ummm...maybe we should make it sooner...for the ladies sake.,ponder,,True,False
utt__train_ep_008147__007,train_ep_008147,7,queen,char__queen,I'm just happy as can be! I can't believe my little boy is getting married!,,hug prince,False,False
utt__train_ep_008147__008,train_ep_008147,8,king,char__king,Yes my dear...well...ummm...I must tell you that the Lady is already with child.  I don't want this to get out to the kingdom.  She will be shamed and I don't want a scandal.,,hug queen,True,False
utt__train_ep_008147__009,train_ep_008147,9,queen,char__queen,Well! All the more reason this wedding must happen quickly! We must prepare for the royal event.,gasp,,False,False
utt__train_ep_008147__010,train_ep_008147,10,king,char__king,Thank you for being so understanding my dear.  Yes...we must have a celebration and announce the marriage at once.  Her father doesn't know of the child.  We will have to forgo the nuptial evening watching.  I'll get him drunk and they will go off together.alone,,hug queen,True,False
utt__train_ep_008147__011,train_ep_008147,11,queen,char__queen,"I must say, I'm not exactly pleased with the order of things, but it will mean more royal blood in the family and that is always a good thing. When will we announce the engagement?",frown,,False,False
utt__train_ep_008147__012,train_ep_008147,12,king,char__king,Immediately I would guess.  I am happy and scared all at the same time.  We will make this work and all will be well.  The kingdom is made stronger by this union.,ponder,,True,False
utt__train_ep_008147__013,train_ep_008147,13,queen,char__queen,"We can have the wedding right here in the church garden. It's perfect, with all the flowers blooming!",,,False,False
utt__train_ep_008152__000,train_ep_008152,0,king,char__king,And this my the apothecary,smile,,True,False
utt__train_ep_008152__001,train_ep_008152,1,townperson,char__townperson,Your Highness!,applaud,,False,False
utt__train_ep_008152__002,train_ep_008152,2,king,char__king,"Thank you! and now all my people can have medical care for free. We will fight those who dare say your should not have free medical care. It is by my word that I set this law and as so, it shall not be broken",,wear crown,True,False
utt__train_ep_008152__003,train_ep_008152,3,townperson,char__townperson,M'lord! That is the most generous thing I've ever heard! Your actions today will bring forth an era of unprecedented prosperity to our village!,applaud,,False,False
utt__train_ep_008152__004,train_ep_008152,4,king,char__king,you are my people poor or rich. Everyone has a role in my land from producing my food to assisting with my council.  ,laugh,,True,False
utt__train_ep_008152__005,train_ep_008152,5,townperson,char__townperson,"Why of course M'Lord! Now ,in fear of speaking out of turn, how will the Apothecary be compensated for his services?",ponder,,False,False
utt__train_ep_008152__006,train_ep_008152,6,king,char__king,"No at all, I welcome any repsectful questions. Along with my funding of the Apothecary, my fellow council who agree will also donate to it. We will seek volunteers to work here untill it becomes successful enough to raise its own money and then those kind people will be paid for their hard work. Althought it is not perfect yet, in time it will become better and although it may not help with every alement, it is at least something I can off my great people!",,,True,False
utt__train_ep_008152__007,train_ep_008152,7,townperson,char__townperson,"You think of everything M'Lord! It is such a relief to know the village rests in such capable hands! Now, where is that Apothecary? Why I've been waiting here a good while now, much before you graced us with your presence and he is nowhere to be found. The only other life here is this dog and quite frankly, he is making me uncomfortable with the way he keeps on looking at me.",sigh,,False,False
utt__train_ep_008152__008,train_ep_008152,8,king,char__king,"This dog is the test subject. We are in the Apothecary building but indeed, where has he gone ...",ponder,,True,False
utt__train_ep_008152__009,train_ep_008152,9,townperson,char__townperson,A test subject? Certainly you jest M'Lord? what could the Apothecary be testing on this dog?,,,False,False
utt__train_ep_008152__010,train_ep_008152,10,king,char__king,"Well, look around. He has many potions yet no person to test them on. How else would he know if his potions would work! ",,,True,False
utt__train_ep_008152__011,train_ep_008152,11,townperson,char__townperson,"But of course! You are as wise as you are generous your Highness! Now that you mention it though, there are a few half empty flasks on that table... You don't suppose this dog could be... No, that'd be ridiculous!",,,False,False
utt__train_ep_008152__012,train_ep_008152,12,king,char__king,"Oh my, perhaps you are right. How can we reveres this. Maybe there is a book on the table",,hug dogs,True,False
utt__train_ep_008152__013,train_ep_008152,13,townperson,char__townperson,Here it is! Perhaps this book will have an answer! Here you are M'Lord!,,,False,False
utt__train_ep_008155__000,train_ep_008155,0,enemy,char__enemy,Your highness! What is that you need this fine day?,,,False,False
utt__train_ep_008155__001,train_ep_008155,1,king,char__king,I'm not sure what my enemy can help me with.,growl,,True,False
utt__train_ep_008155__002,train_ep_008155,2,enemy,char__enemy,I have nothing against you my king! I swear!,,,False,True
utt__train_ep_008155__003,train_ep_008155,3,king,char__king,Then why do they say you are my enemy!,,,True,False
utt__train_ep_008155__004,train_ep_008155,4,enemy,char__enemy,Who would say that! I have no grudges against thee,,,False,False
utt__train_ep_008155__005,train_ep_008155,5,king,char__king,Oh but I believe thee is my enemeee!,,,True,False
utt__train_ep_008155__006,train_ep_008155,6,enemy,char__enemy,"How do you know, when I vehemently deny before you",,,False,False
utt__train_ep_008155__007,train_ep_008155,7,king,char__king,You have enemy written all over your!,,,True,False
utt__train_ep_008155__008,train_ep_008155,8,enemy,char__enemy,Oh shoot! I forgot to wash today! I hate it when the villagers write all over me!,,,False,False
utt__train_ep_008155__009,train_ep_008155,9,king,char__king,Oh those sneaky villagers....Say what are you doing here if you aren't my enemy,,,True,False
utt__train_ep_008155__010,train_ep_008155,10,enemy,char__enemy,I am looking for things to collect out in the sun. I have to make a living,,,False,False
utt__train_ep_008155__011,train_ep_008155,11,king,char__king,You are a pretty tan. I can tell you stay out in the sun a lot.  I'm hear speaking to my loyal subjects. .Are you one..enemy?,,,True,False
utt__train_ep_008155__012,train_ep_008155,12,enemy,char__enemy,I am a loyal subject!,,wear sword,False,False
utt__train_ep_008155__013,train_ep_008155,13,king,char__king,Kiss my feet then!,,,True,False
utt__train_ep_008157__000,train_ep_008157,0,king,char__king,"Your king greets you, peasant!",,,True,True
utt__train_ep_008157__001,train_ep_008157,1,guest,char__guest,"Peasant?  I always did say you needed glasses.  I am your cousin Myrtle, your aunt's daughter.  You always invite me to visit once a month you silly old fool.",grin,,False,False
utt__train_ep_008157__002,train_ep_008157,2,king,char__king,"Ah, Myrtle, I knew there was a drunkard nearby somewhere. How is my dear aunt?",laugh,,True,False
utt__train_ep_008157__003,train_ep_008157,3,guest,char__guest,"Oh, you know her - she hasn't met a piece of gossip that was too outlandish to tell.  I'm surprised she hasn't started a war after that incident with the diplomat's socks!",laugh,,False,False
utt__train_ep_008157__004,train_ep_008157,4,king,char__king,"Oh dear, that poor diplomat. I'm surprised he recovered so quickly. Tell me, has my aunt heard anything about the general disposition of the northern kingdoms?",,,True,False
utt__train_ep_008157__005,train_ep_008157,5,guest,char__guest,"Well, she says that the King of Crumulis has been sleeping with his maid.  The Queen accidentally killed their stableboy during a lovemaking session on the balcony, and that their son has the intelligence and looks of a toad!  Does that help?",,,False,True
utt__train_ep_008157__006,train_ep_008157,6,king,char__king,"Looks like Crumulis is in dire need of a worthy ruler, and my kingdom is in dire need of expansion. Do you think my aunt would be interested in an alliance to crush them?",laugh,,True,False
utt__train_ep_008157__007,train_ep_008157,7,guest,char__guest,"Well, she could certainly try seducing their general again.  Did you know he and your sister were an item forty years back?  That would give you a significant advantage, as he controls the forts guarding the mountain passes.",,,False,False
utt__train_ep_008157__008,train_ep_008157,8,king,char__king,"Oh I remember that vile old man. And every time I meet him, he gives me a sly wink as if I ever approved of the stunts he used to pull off. My father used to treat him like a brother, but not me. Do what you must - but don't tell me any sordid details.",groan,,True,False
utt__train_ep_008157__009,train_ep_008157,9,guest,char__guest,"Oh, you had best not invite her to visit for some time then - you know that sordid details are her favourite kind of details!",,,False,False
utt__train_ep_008157__010,train_ep_008157,10,king,char__king,She hasn't changed one bit! Oh my dear sister used to...*mumbles drunkenly and tilts head too far to the side*,,drop crown,True,False
utt__train_ep_008157__011,train_ep_008157,11,guest,char__guest,That is one of the best imitations of her I have ever seen!,,,False,False
utt__train_ep_008157__012,train_ep_008157,12,king,char__king,"Oh, how did that get there, you know they don't make these like they used to. *Hic* Where is that blasted court jester? ",,get crown,True,False
utt__train_ep_008157__013,train_ep_008157,13,guest,char__guest,"Smashing!  Oh, how lovely!  Do continue.",laugh,,False,False
utt__train_ep_008215__000,train_ep_008215,0,king,char__king,What brings you here today sir?,,,True,False
utt__train_ep_008215__001,train_ep_008215,1,diplomat,char__diplomat,"I come from far away and I bear startling news, my king.",,,False,True
utt__train_ep_008215__002,train_ep_008215,2,king,char__king,"Ok, I'm ready. Lay it on me.",nod,,True,False
utt__train_ep_008215__003,train_ep_008215,3,diplomat,char__diplomat,Heathens from the North are marching towards the realm as we speak. Expect war within a fortnight.,,,False,False
utt__train_ep_008215__004,train_ep_008215,4,king,char__king,This is the perfect time to try out my new war horse! Haha!,gasp,,True,False
utt__train_ep_008215__005,train_ep_008215,5,diplomat,char__diplomat,"I'd not expect flippancy at such dire news, my king.",,,False,True
utt__train_ep_008215__006,train_ep_008215,6,king,char__king,I understand your confusion but we will be victorious and no one will dare to bother us again. The realm will bow to me.,nod,,True,False
utt__train_ep_008215__007,train_ep_008215,7,diplomat,char__diplomat,Understood. May the heathens return to their home in coffins.,,,False,False
utt__train_ep_008215__008,train_ep_008215,8,king,char__king,Hopefully not too many of them. I will need new subjects.,smile,,True,False
utt__train_ep_008215__009,train_ep_008215,9,diplomat,char__diplomat,"Speaking of which, are you hiring? I get bored in the South. Nothing ever happens.",,,False,False
utt__train_ep_008215__010,train_ep_008215,10,king,char__king,Why of coarse. I can always use more royal subjects. What skill do you have?,nod,,True,False
utt__train_ep_008215__011,train_ep_008215,11,diplomat,char__diplomat,"Well, all I really do is talk and pontificate. But kings look very distinguished when they have people around them pontificating.",,,False,False
utt__train_ep_008215__012,train_ep_008215,12,king,char__king,You Hired! You don't take yourself very seriously and you are honest!,laugh,,True,False
utt__train_ep_008215__013,train_ep_008215,13,diplomat,char__diplomat,"Oh, I forgot to mention. I'm also a master swordsman. Hobby of mine. Keeps me young.",,,False,False
utt__train_ep_008236__000,train_ep_008236,0,king,char__king,What is with all this mess? How dirty are my knights?,,,True,False
utt__train_ep_008236__001,train_ep_008236,1,servant,char__servant,My Liege! You bless me with your presence!!,,drop duster,False,False
utt__train_ep_008236__002,train_ep_008236,2,king,char__king,"Servant, has it always been this dirty here?",,,True,False
utt__train_ep_008236__003,train_ep_008236,3,servant,char__servant,"Yes, your highness... for years now, for as long as I have been here for sure",nod,,False,False
utt__train_ep_008236__004,train_ep_008236,4,king,char__king,Well you need a raise for taking care of this. How many years have you been in my employ,,,True,False
utt__train_ep_008236__005,train_ep_008236,5,servant,char__servant,"My kind King! 5 years this end of the year, your highness",nod,,False,True
utt__train_ep_008236__006,train_ep_008236,6,king,char__king,5 years of this filth... A raise is what you need. I will make sure you get 5 more coin a week,,,True,False
utt__train_ep_008236__007,train_ep_008236,7,servant,char__servant,Oh blessed day!!!!!! I cannot believe you my most king King!! I could afford to finally eat once a day!! ,cry,,False,True
utt__train_ep_008236__008,train_ep_008236,8,king,char__king,"You only eat once a day! Make sure that you get twice a day, by getting a meal here before you leave work every day",,,True,False
utt__train_ep_008244__000,train_ep_008244,0,king,char__king,Good day. I am here reflecting on the coming war. And you?,,,True,False
utt__train_ep_008244__001,train_ep_008244,1,kings,char__kings,I'm visiting my wife.,,,False,False
utt__train_ep_008244__002,train_ep_008244,2,king,char__king,Oh of course. Such a sudden death. How long has it been?,,,True,False
utt__train_ep_008244__003,train_ep_008244,3,kings,char__kings,Only two months. I'm trying to grieve so I can get back on the horse. I've got my eye on a certain chambermaid.,,,False,False
utt__train_ep_008244__004,train_ep_008244,4,king,char__king,I see. It has not taken you long to move on. I am sure the queen is rolling over in her crypt.,laugh,,True,False
utt__train_ep_008244__005,train_ep_008244,5,kings,char__kings,"Figures. It took getting her into a crypt to get some movement out of her. Naw, I kid. She was lovely. But she's gone, now.",,,False,False
utt__train_ep_008244__006,train_ep_008244,6,king,char__king,It's time you got over this and thought more of the affairs of the kingdom. We must not lose focus. If we do you may not have anymore chambermaids to poke.,,,True,False
utt__train_ep_008244__007,train_ep_008244,7,kings,char__kings,"Yeah, what I need is a good war.",,,False,False
utt__train_ep_008244__008,train_ep_008244,8,king,char__king,I am going out on a training session with The Mountain. You may come if you like.,,,True,False
utt__train_ep_008244__009,train_ep_008244,9,kings,char__kings,Sure. Mind if I invite a certain chambermaid?,,,False,False
utt__train_ep_008244__010,train_ep_008244,10,king,char__king,Of course I mind. Get your head out of the gutter. The upcoming war with the King Of The North is almost upon us.,,,True,True
utt__train_ep_008244__011,train_ep_008244,11,kings,char__kings,"Just think. One day, we'll occupy a couple of these crypts. Weird.",,,False,False
utt__train_ep_008244__012,train_ep_008244,12,king,char__king,True enough. I 'm surprised the Queen didn,,,True,False
utt__train_ep_008244__013,train_ep_008244,13,kings,char__kings,I've changed my mind. No war for me today. I need a nap.,,,False,False
utt__train_ep_008258__000,train_ep_008258,0,knight,char__knight,Your Majesty this boy here is the apprentice. He has suggested this dagger.  It has gems on the handle.,,,False,False
utt__train_ep_008258__001,train_ep_008258,1,king,char__king,"I like this dagger. It is perfect for me, I am gonna keep it",smile,,True,False
utt__train_ep_008258__002,train_ep_008258,2,knight,char__knight,This shield was made for your your Majesty as a gift of the blacksmith.  It is made of a new material that is said to have mystical properties.,,give shield to king,False,False
utt__train_ep_008258__003,train_ep_008258,3,king,char__king,What kind of mystical power are we talking. how can I trust him? I am the king and a lot of people wants to take my power,stare,,True,True
utt__train_ep_008258__004,train_ep_008258,4,knight,char__knight,Ah...you jest your Majesty.  The blacksmith is your nephew and would not hurt you.  He has shielded you...literally... with his life in the past.  He chose this life and you have approved.  The mystical property's are that of fore site. ,grin,,False,False
utt__train_ep_008258__005,train_ep_008258,5,king,char__king,This is a pretty shield. I know you are right. But I am the king the most powerful men of this word. I have to be careful,,wear shield,True,True
utt__train_ep_008258__006,train_ep_008258,6,knight,char__knight,I understand your majesty.  I guard you with my life.  This mace is of a good weight your majesty.,,give mace to king,False,False
utt__train_ep_008258__007,train_ep_008258,7,king,char__king,I don't want to hold it right know. thank you my brave knight you such a good person. We need more people like you in this kingdom,,give mace to knight,True,False
utt__train_ep_008258__008,train_ep_008258,8,knight,char__knight,Your majesty flatters me. It is my great honor to protect you sire. Are we done here at the blacksmith's for the day?,,,False,False
utt__train_ep_008258__009,train_ep_008258,9,king,char__king,The honor is mine. no not yet I want you to add diamonds to my crown.,,remove cape,True,False
utt__train_ep_008258__010,train_ep_008258,10,knight,char__knight,I'm not sure that the blacksmith can do that here sir or even try your majesty.  I will entreat the blacksmith to come to the castle to do that work your majesty.,,,False,False
utt__train_ep_008258__011,train_ep_008258,11,king,char__king,No I need you to do it know. it is a order. I have a party tonight and nobody can come to the castle,,give crown to customer,True,False
utt__train_ep_008258__012,train_ep_008258,12,knight,char__knight,As you wish your majesty.  I will protect you against all harm.  I'll speak with the blacksmith now.,frown,,False,False
utt__train_ep_008258__013,train_ep_008258,13,king,char__king,I have to leave now. people are waiting for me. I am going to come tomorrow and take a new sword.,,wear cape,True,False
utt__train_ep_008270__000,train_ep_008270,0,king,char__king,I heard that you were looking for work in my kitchens...is this true?,,,True,False
utt__train_ep_008270__001,train_ep_008270,1,parishioner,char__parishioner,No Your Highness. I am here to enjoy the great food and talk to the people about the Lord.,,,False,False
utt__train_ep_008270__002,train_ep_008270,2,king,char__king,I see...I thought you were the chef I was to interview.  Very well...come and look at the food and see what you would like. ,,,True,False
utt__train_ep_008270__003,train_ep_008270,3,parishioner,char__parishioner,Thank you Your Highness. Will you be joining us or do you have kingdom business to deal with?,,,False,False
utt__train_ep_008270__004,train_ep_008270,4,king,char__king,I will be joining you.  I would like to support the work of the Lord anyway I can for my kingdom.  Now...look at the fresh meats here and  your meal will be cooked fresh!,,,True,False
utt__train_ep_008270__005,train_ep_008270,5,parishioner,char__parishioner,This pheasant looks divine. I shall have it.,,,False,False
utt__train_ep_008270__006,train_ep_008270,6,king,char__king,Cook!  Save this pheasant for our parishioner and use the garlic wine sauce as well!  Is that satisfactory to you?,,,True,False
utt__train_ep_008270__007,train_ep_008270,7,parishioner,char__parishioner,It is Your Highness. I look forward to it. Perhaps we can have some of this wine and speak of the Lord together?,,,False,False
utt__train_ep_008270__008,train_ep_008270,8,king,char__king,"I would love that.  Do you prefer a white wine, a red, or a cabernet?",,,True,False
utt__train_ep_008270__009,train_ep_008270,9,parishioner,char__parishioner,I prefer the red variety. A sweet one if you have it. I was just reading a verse in the bible. It made me think of the passing of the queen.,,,False,False
utt__train_ep_008270__010,train_ep_008270,10,king,char__king,Let me arrange to have my butler bring the wine up to the court so we can sit and be away from this odorous meat. What was the verse?,,,True,False
utt__train_ep_008270__011,train_ep_008270,11,parishioner,char__parishioner,"If we live, we live for the Lord; and if we die, we die for the Lord. So, whether we live or die, we belong to the Lord. The queen truly believed in this.",,,False,False
utt__train_ep_008270__012,train_ep_008270,12,king,char__king,She did and I as well.  Its such a comfort to know that we live life to glorify God and we have our eternal reward to look forward to.  Praise God!,,,True,False
utt__train_ep_008270__013,train_ep_008270,13,parishioner,char__parishioner,Praise God. Amen Your Highness.,,,False,False
utt__train_ep_008272__000,train_ep_008272,0,king,char__king,Hello. Are you hiding here?,smile,,True,False
utt__train_ep_008272__001,train_ep_008272,1,goblin king's bartender,char__goblin_king_s_bartender,"'Ello your majesty, just heading up to check on your reserves.",,,False,False
utt__train_ep_008272__002,train_ep_008272,2,king,char__king,Oh good! These tunnels are excellent for doing so. Are we doing alright on everything? How is the wine supply? ,,,True,False
utt__train_ep_008272__003,train_ep_008272,3,goblin king's bartender,char__goblin_king_s_bartender,"After that last party you threw, looks like you're almost out.  We have a shipment rolling in tomorrow evening, and should have enough to last till then.  What are you doing down here?  I don't normally see you in the tunnels.",shrug,,False,False
utt__train_ep_008272__004,train_ep_008272,4,king,char__king,"Checking them out, it's always good to make sure the tunnels are still clear and ready for use. To make sure they aren't being used by anyone that shouldn't be here, of course.",,,True,False
utt__train_ep_008272__005,train_ep_008272,5,goblin king's bartender,char__goblin_king_s_bartender,"Too Right too right, always on the lookout.  Its why you're such a good King.  Need anything special beyond the normal wine?  I know the Queen's birthday is just 'round the corner.",nod,,False,True
utt__train_ep_008272__006,train_ep_008272,6,king,char__king,"Ah yes. I am having her a new gown commissioned, but she does like a particular honey mead with blackberries. It would make her birthday all the more special if you could get a keg of it for her.",ponder,,True,False
utt__train_ep_008272__007,train_ep_008272,7,goblin king's bartender,char__goblin_king_s_bartender,"Absolutely, its just the right season for that mead to finish its fermenting.  In fact, I know I have a couple kegs of the best stuff in the Kingdom, I'll bring it up here in the next couple weeks!",smile,,False,False
utt__train_ep_008272__008,train_ep_008272,8,king,char__king,"Haha! Good! She will be extremely pleased with this. I do try to spoil her. When she's happy, she has the gardens made into the most beautiful places during the seasons. If she's not, they seem lackluster and makes me sad.",laugh,,True,False
utt__train_ep_008272__009,train_ep_008272,9,goblin king's bartender,char__goblin_king_s_bartender,"Completely understand, my wife's the same way.  Happy wife happy life I always say.  I normally wouldn't bring this up, but I've been hearing some malcontents down at the tavern. Best be careful over the next few weeks for your food majesty.  I have heard rumors.",frown,,False,False
utt__train_ep_008272__010,train_ep_008272,10,king,char__king,"Oh dear! What is happening at the tavern that causes discontent? I will have to be very careful. How is your wife, by the bye?",gasp,,True,False
utt__train_ep_008272__011,train_ep_008272,11,goblin king's bartender,char__goblin_king_s_bartender,"She's lovely these days.  I'm not quiet sure sir, just know that a few folks are upset with you for some reason.  Could be out of towners, I don't recognize many of them.  Just be on your guard sir, 'sall I'm saying.",,,False,False
utt__train_ep_008272__012,train_ep_008272,12,king,char__king,"I will do so, thank you for your honesty. I will reward this honesty of course. I am always too happy to take care of staff. A happy staff makes the castle a happier place. -- And I get poisoned a lot less. ",,,True,False
utt__train_ep_008272__013,train_ep_008272,13,goblin king's bartender,char__goblin_king_s_bartender,"Yes sir, 'tis why we love you.  You take care of us, and we you your highness.",laugh,,False,False
utt__train_ep_008277__000,train_ep_008277,0,king,char__king,"My Queen! I, uh, I wasn't expecting you here. At this hour..",,,True,False
utt__train_ep_008277__001,train_ep_008277,1,queen,char__queen,My King! To say you cannot see me here in a library? I can read of course! But I will say that I am getting tired of this place and all these....books.,,,False,True
utt__train_ep_008277__002,train_ep_008277,2,king,char__king,"I would never accuse you of such a thing, my sweet. But yes, I'm sure this place would seem quite dull to you. Perhaps you would rather we take a walk in the gardens?",,,True,False
utt__train_ep_008277__003,train_ep_008277,3,queen,char__queen,"Of course. That sound so much more romantic and lovely, however, I am in need of a new cushion for my throne....I saw how you had a feather pillow on yours! How come I cannot have one just like yours! Mine is made out of....leather! Do you expect me to read and learn how to create one?",,drop Books,False,False
utt__train_ep_008277__004,train_ep_008277,4,king,char__king,"Of course not, though I remind you that it was you that requested a leather seat for your throne. Do you not remember, dearest? We brought in all the leatherworkers in the land, until we found one to your liking. ",,,True,False
utt__train_ep_008277__005,train_ep_008277,5,queen,char__queen,"I don't like it anymore! It reminds me of all the leather back books here in this filthy attic. There is no sunlight or windows here, just pure the smell of mold and paper! Didn't you say that my throne would be forever comfortable like this brown matching chair!?",cry,,False,False
utt__train_ep_008277__006,train_ep_008277,6,king,char__king,"I... I did promise that. Of course I did. Now, now don't cry, you said you wanted a feather chair, what kind of feather would make you happy.",,,True,False
utt__train_ep_008277__007,train_ep_008277,7,queen,char__queen,A quill feather chair with silk linen wrapped around it would be nice! My King you are too kind if you can make this happen! Oh how embarrassing to have this conversation if front of our maid...,,,False,True
utt__train_ep_008278__000,train_ep_008278,0,king,char__king,You know.. we have a pretty bomb ass kingdom,ponder,,True,False
utt__train_ep_008278__001,train_ep_008278,1,queen,char__queen,Yes I know that's true!,,hug king,False,False
utt__train_ep_008278__002,train_ep_008278,2,king,char__king,"Look at all we have here. The rivers to the west, plains to the east. Is there anything more you could ever want?",,,True,False
utt__train_ep_008278__003,train_ep_008278,3,queen,char__queen,I could use a new piece of jewelry!,,steal crown from king,False,False
utt__train_ep_008278__004,train_ep_008278,4,king,char__king,Queen Nompumelelo! I know we are wed but do not think I won't have you charged for such foolishness. ,,hit queen,True,False
utt__train_ep_008278__005,train_ep_008278,5,queen,char__queen,I didn't realize you liked jewelry as much as me King!,gasp,,False,True
utt__train_ep_008278__006,train_ep_008278,6,king,char__king,"I am nothing without my crown, of course I would try to defend it. ",,steal crown from queen,True,False
utt__train_ep_008278__007,train_ep_008278,7,queen,char__queen,What about this then?,,steal scepter from king,False,False
utt__train_ep_008278__008,train_ep_008278,8,king,char__king,I offer you any land you want and you instead steal a gilded stick. Foolish woman,,,True,False
utt__train_ep_008278__009,train_ep_008278,9,queen,char__queen,Well I did want a nice piece of jewelry....,,steal crown from king,False,False
utt__train_ep_008278__010,train_ep_008278,10,king,char__king,Then demand it from the people! Taking from your king risks your own hide! Demand your due as queen. ,,steal crown from queen,True,True
utt__train_ep_008278__011,train_ep_008278,11,queen,char__queen,Well take your scepter back too!,,drop scepter,False,False
utt__train_ep_008278__012,train_ep_008278,12,king,char__king,No. It's tainted now. It can lay on the ground while I find myself a new queen. One with more respect for the proper authority,,wear crown,True,False
utt__train_ep_008278__013,train_ep_008278,13,queen,char__queen,"Oh king, please forgive me!",,hug king,False,True
utt__train_ep_008286__000,train_ep_008286,0,king,char__king,"Good day, priest",,,True,False
utt__train_ep_008286__001,train_ep_008286,1,priest,char__priest,Good day. Would you like to make a confession.,,,False,False
utt__train_ep_008286__002,train_ep_008286,2,king,char__king,"Yes I would, thank you",frown,,True,False
utt__train_ep_008286__003,train_ep_008286,3,priest,char__priest,"Whenever you are ready my child, your highness.",,,False,False
utt__train_ep_008286__004,train_ep_008286,4,king,char__king,May I ask you something? Something about the villagers?,,,True,False
utt__train_ep_008286__005,train_ep_008286,5,priest,char__priest,"This is hardly the time or place, but I will make exception for you your highness.",,,False,False
utt__train_ep_008286__006,train_ep_008286,6,king,char__king,What do the villagers think of me? I fear I have not been the wisest king of the land...,,,True,True
utt__train_ep_008286__007,train_ep_008286,7,priest,char__priest,"Well your highness. To be honest, the villagers find you a little eccentric. They feel that you may not be the smartest king ever in the land, but they all know that you have a good heart and always do what you feel is best for your people.",,,False,True
utt__train_ep_008286__008,train_ep_008286,8,king,char__king,"Do you really mean so? I've had many restless nights mourning my beloved Elizabeth and wanting to make this kingdom prosper, but I feel as though it's not enough. I try to be brave most times, but right now I feel as though I'm at my ends",,,True,False
utt__train_ep_008286__009,train_ep_008286,9,priest,char__priest,You should be proud of the job you have done. I know the people of your kingdom are. I dont know one villager who wouldnt lay down their life for you.,,,False,False
utt__train_ep_008286__010,train_ep_008286,10,king,char__king,"Thank you, priest. One more thing. Is it a sin, or against God's holy word, to lead all theses men into battle knowing how little chance they have with surviving? While I don't like admitting it, the other kingdom against ours is way too powerful.",,remove crown,True,False
utt__train_ep_008286__011,train_ep_008286,11,priest,char__priest,"Well your highness, I think if it was for improper reasons it would be against god. Since we did not start this war and they wish to enslave our people we have no other option. ",,,False,False
utt__train_ep_008286__012,train_ep_008286,12,king,char__king,"You're right. Sorry for this inconvenience priest, and thank you for being helpful ears.",,,True,False
utt__train_ep_008286__013,train_ep_008286,13,priest,char__priest,Anytime your highness. Keep your head up and remember your people and god are behind you no matter the outcome.,,,False,False
utt__train_ep_008299__000,train_ep_008299,0,king,char__king,How are you today daughter?,,,True,False
utt__train_ep_008299__001,train_ep_008299,1,princess,char__princess,I am wonderful father. I think I will make a good queen for our kingdom someday. Don't you?,smile,,False,False
utt__train_ep_008299__002,train_ep_008299,2,king,char__king,"Oh most certainly, you did come from my seed after all.",,,True,False
utt__train_ep_008299__003,train_ep_008299,3,princess,char__princess,And I don't need to marry a prince. I can do it all without a man. He will just get in my way.,pout,,False,False
utt__train_ep_008299__004,train_ep_008299,4,king,char__king,Why do you think something like that?,,,True,False
utt__train_ep_008299__005,train_ep_008299,5,princess,char__princess,No offense to you father but there are many stories of ugly rotten princes with heart as dark as coal who treat their Queen like a paycheck from the Queens dowry.,,hug king,False,False
utt__train_ep_008299__006,train_ep_008299,6,king,char__king,"Oh my dear, yes there are plenty not fit to be called men, just be sure to avoid boys.",,,True,False
utt__train_ep_008299__007,train_ep_008299,7,princess,char__princess,You will make sure we find a good one right? I know eventually I cannot avoid it.,,,False,False
utt__train_ep_008299__008,train_ep_008299,8,king,char__king,"Well that is the idea, often the decision falls with the lady you see though.",,,True,False
utt__train_ep_008299__009,train_ep_008299,9,princess,char__princess,Sure wish I wasn't stuck with a prince. I think the royal knight is quite charming and handsome.,grin,,False,False
utt__train_ep_008299__010,train_ep_008299,10,king,char__king,"Yes but he is not of noble standing, the people would never accept such a thing.",,,True,False
utt__train_ep_008299__011,train_ep_008299,11,princess,char__princess,True....Oh well. ,sigh,,False,False
utt__train_ep_008299__012,train_ep_008299,12,king,char__king,You know how fussy they can be when it comes to status.,,,True,False
utt__train_ep_008299__013,train_ep_008299,13,princess,char__princess,"Yes...They talk if I even wear the wrong color dress, or if my ruffles are out of place..",groan,,False,False
utt__train_ep_008338__000,train_ep_008338,0,prisoner,char__prisoner,Why are you holding me captive? I have done nothing wrong!,,,False,False
utt__train_ep_008338__001,train_ep_008338,1,king,char__king,"It is a past time of mine, I mean I am the king I do what I want.",,,True,True
utt__train_ep_008338__002,train_ep_008338,2,prisoner,char__prisoner,But all I have done is support my poor family?,,get manical,False,False
utt__train_ep_008338__003,train_ep_008338,3,king,char__king,It's okay I am paying them to cover your absence. Say you don't know any jokes do you?,,,True,False
utt__train_ep_008338__004,train_ep_008338,4,prisoner,char__prisoner,Jokes? How can I joke at a time like this! I'm in a dungeon filled with filth. Do you think this is a joking matter?!?!,,,False,False
utt__train_ep_008338__005,train_ep_008338,5,king,char__king,"I want to hear a joke, just make it happen.",,,True,False
utt__train_ep_008338__006,train_ep_008338,6,prisoner,char__prisoner,Why should you stand in the corner if it gets cold?,,,False,False
utt__train_ep_008338__007,train_ep_008338,7,king,char__king,Tell me why.,,,True,False
utt__train_ep_008338__008,train_ep_008338,8,prisoner,char__prisoner,Because it's always 90 degrees!,laugh,,False,False
utt__train_ep_008338__009,train_ep_008338,9,king,char__king,Well then...I see what you did there.,,,True,False
utt__train_ep_008338__010,train_ep_008338,10,prisoner,char__prisoner,You like? Now let me go!,,,False,False
utt__train_ep_008338__011,train_ep_008338,11,king,char__king,"You seem a bit demanding, I require one more joke then I will make it happen. I am a fair king after all.",,,True,True
utt__train_ep_008338__012,train_ep_008338,12,prisoner,char__prisoner,Did you hear about the crook who stole a calendar? He got twelve months.,,,False,False
utt__train_ep_008338__013,train_ep_008338,13,king,char__king,"Excellent, fine I will let you go. But no whining to the townsfolk.",,,True,False
utt__train_ep_008484__000,train_ep_008484,0,king,char__king,My love what do you think of the garden?,,,True,False
utt__train_ep_008484__001,train_ep_008484,1,queen,char__queen,"Oh, my King, my husband.  It is lovely.  It is so peaceful here; so much life.  Have you seen the rainbow the gods have given us today?",,,False,True
utt__train_ep_008484__002,train_ep_008484,2,king,char__king,Yes it's almost as lovely as your sparkling eyes. Tell me do you remember when we first met? ,,,True,False
utt__train_ep_008484__003,train_ep_008484,3,queen,char__queen,I was so nervous.  My parent,,,False,False
utt__train_ep_008484__004,train_ep_008484,4,king,char__king,Hahaha yes. I don't think your father was too fond of me first ,,,True,False
utt__train_ep_008484__005,train_ep_008484,5,queen,char__queen,I don't believe he was either but you won him over with your love for me.  My nerves melted and we shortly had our first son.  Then our second! I don't think there is a luckier lady in this fair land than I.,,,False,False
utt__train_ep_008484__006,train_ep_008484,6,king,char__king,"Surely not. No woman could ever compared to my lovely Queen. Strong, bold, daring, but submissive to me. I love it. ",blush,,True,False
utt__train_ep_008484__007,train_ep_008484,7,queen,char__queen,"All the ladies giggle at me.  But they don't know our love, my King.  It's as pure as these birds we hear singing.",,,False,True
utt__train_ep_008484__008,train_ep_008484,8,king,char__king,They are just jealous of what we have. Don't let them get to you haha!,,,True,False
utt__train_ep_008484__009,train_ep_008484,9,queen,char__queen,"Never, my love.  How can I? With this beautiful land and our beautiful sons.",,hug king,False,False
utt__train_ep_008484__010,train_ep_008484,10,king,char__king,Ah yes! I've been thinking... would you want to try to have a daughter soon? ,,hug queen,True,False
utt__train_ep_008484__011,train_ep_008484,11,queen,char__queen,YES! I would love to have a little princess running around.,,remove dress,False,False
utt__train_ep_008484__012,train_ep_008484,12,king,char__king,Right here in the garden?! Oh my you're bold!,blush,,True,False
utt__train_ep_008484__013,train_ep_008484,13,queen,char__queen,"We are only surrounded by what the gods' have given us. Please, my king. Take me now.",,,False,True
utt__train_ep_008618__000,train_ep_008618,0,spiders,char__spiders,-scitters around the prison floor-,,,False,False
utt__train_ep_008618__001,train_ep_008618,1,king,char__king,Ew! A filthy spider! What are you doing here?,,,True,False
utt__train_ep_008618__002,train_ep_008618,2,spiders,char__spiders,This is a prison?,,,False,False
utt__train_ep_008618__003,train_ep_008618,3,king,char__king,I specifically told the guards to kill any spiders here.,,,True,False
utt__train_ep_008618__004,train_ep_008618,4,spiders,char__spiders,Seems a little over the top considering where we are.,,,False,False
utt__train_ep_008618__005,train_ep_008618,5,king,char__king,"You do not understand, I will not have creatures like you in my castle, no matter if it is the throne room or the dungeons.",,,True,False
utt__train_ep_008618__006,train_ep_008618,6,spiders,char__spiders,"A bit of a grumpy king are you not, I don't even eat the bugs I catch cause I am a nice guy.",,,False,True
utt__train_ep_008618__007,train_ep_008618,7,king,char__king,"How bout you start eating some more bugs then, then I'll think of letting you go.",,,True,False
utt__train_ep_008618__008,train_ep_008618,8,spiders,char__spiders,So all you want is for me to eat bugs?,,,False,False
utt__train_ep_008618__009,train_ep_008618,9,king,char__king,"Yes, keep the dungeons clean.",,,True,False
utt__train_ep_008618__010,train_ep_008618,10,spiders,char__spiders,I will do what I can then.,,,False,False
utt__train_ep_008618__011,train_ep_008618,11,king,char__king,"Thank you, spider.",,,True,False
utt__train_ep_008618__012,train_ep_008618,12,spiders,char__spiders,I'm just glad to not have anyone trying to kill me.,,,False,False
utt__train_ep_008618__013,train_ep_008618,13,king,char__king,I will be sure to tell my guards to leave you alone.,,,True,False
utt__train_ep_008671__000,train_ep_008671,0,maid,char__maid,How can I help you today your majesty?,,,False,False
utt__train_ep_008671__001,train_ep_008671,1,king,char__king,"Will you buff this for me, it looks a little dirty",,remove crown,True,False
utt__train_ep_008671__002,train_ep_008671,2,maid,char__maid,I will absolutely your majesty! ,,,False,False
utt__train_ep_008671__003,train_ep_008671,3,king,char__king,Did you check for me to see what they are serving for the banquet tonight?,,give crown to a maid,True,False
utt__train_ep_008671__004,train_ep_008671,4,maid,char__maid,They are serving the finest duck in the entire land!,,,False,False
utt__train_ep_008671__005,train_ep_008671,5,king,char__king,"Duck, it better not be raw like last time. And tell them to save the foi gras for me.",,,True,False
utt__train_ep_008671__006,train_ep_008671,6,maid,char__maid,I will definitely let them know your majesty!,,,False,False
utt__train_ep_008671__007,train_ep_008671,7,king,char__king,"What do your think of this cape, I'm not sure about the color.",,,True,False
utt__train_ep_008671__008,train_ep_008671,8,maid,char__maid,It looks magnificent on you!!,,,False,False
utt__train_ep_008671__009,train_ep_008671,9,king,char__king,Do you think they will think of Blood with the red color? ,,,True,False
utt__train_ep_008671__010,train_ep_008671,10,maid,char__maid,I think they will think of how you are such a great leader!,,,False,False
utt__train_ep_008671__011,train_ep_008671,11,king,char__king,"Ok, It is rather striking, I don't want to gain any nick names like William the Bloody",,,True,False
utt__train_ep_008671__012,train_ep_008671,12,maid,char__maid,I know they will not think of such things from you your majesty!,,,False,False
utt__train_ep_008671__013,train_ep_008671,13,king,char__king,I don't know....I've done some things,,,True,False
utt__train_ep_008694__000,train_ep_008694,0,king,char__king,Has there been any intruders?,,,True,False
utt__train_ep_008694__001,train_ep_008694,1,guard,char__guard,Not as of late your highness. ,,,False,False
utt__train_ep_008694__002,train_ep_008694,2,king,char__king,That is good news! How have you been guard?,,,True,False
utt__train_ep_008694__003,train_ep_008694,3,guard,char__guard,"I have been well sir, I thank you for asking. Everyday that I get to protect you is a great day!",,,False,False
utt__train_ep_008694__004,train_ep_008694,4,king,char__king,I am truly proud of all the guards that patrol this castle!,,,True,False
utt__train_ep_008694__005,train_ep_008694,5,guard,char__guard,"Why thank you, we take great pride In our jobs.",,,False,False
utt__train_ep_008694__006,train_ep_008694,6,king,char__king,I am glad to hear that!,,,True,False
utt__train_ep_008694__007,train_ep_008694,7,guard,char__guard,How is the queen?,,,False,False
utt__train_ep_008694__008,train_ep_008694,8,king,char__king,She is just lovely taking care of the kids!,,,True,False
utt__train_ep_008694__009,train_ep_008694,9,guard,char__guard,I am proud!,,,False,False
utt__train_ep_008694__010,train_ep_008694,10,king,char__king,You are a good man! Would you like to have dinner later?,,,True,False
utt__train_ep_008694__011,train_ep_008694,11,guard,char__guard,YOU are inviting ME to dinner? *jumps with joy*,,,False,False
utt__train_ep_008694__012,train_ep_008694,12,king,char__king,Yes I would love to hear from my guards every now and then,,,True,False
utt__train_ep_008694__013,train_ep_008694,13,guard,char__guard,I shall tell me wife to not cook dinner tonight!,,,False,False
utt__train_ep_008697__000,train_ep_008697,0,king,char__king,You have been keeping this washroom clean I see.,,,True,False
utt__train_ep_008697__001,train_ep_008697,1,servant,char__servant,I do my best for you sir. ,blush,,False,False
utt__train_ep_008697__002,train_ep_008697,2,king,char__king,"You better, after that past couple weeks I thought id have to throw ya out.",laugh,,True,False
utt__train_ep_008697__003,train_ep_008697,3,servant,char__servant,"I'm very sorry sir, could I get you anything? I love working here so much.",pout,,False,False
utt__train_ep_008697__004,train_ep_008697,4,king,char__king,"No, I just want you to keep doing the job you're supposed to do! It is not hard.",,,True,False
utt__train_ep_008697__005,train_ep_008697,5,servant,char__servant,Very well then. Are all the children ready for their day?,,,False,False
utt__train_ep_008697__006,train_ep_008697,6,king,char__king,"Probably not, the maid has been slacking as well.",,,True,False
utt__train_ep_008697__007,train_ep_008697,7,servant,char__servant,Then shall I prepare a meal for them? Or did you have other plans.,smile,,False,False
utt__train_ep_008697__008,train_ep_008697,8,king,char__king,"No,no, just make sure you wash your hands before preparing the food!",,,True,False
utt__train_ep_008697__009,train_ep_008697,9,servant,char__servant,"As always. The finest breakfast shall be prepared then. A feast, if you will!",nod,,False,False
utt__train_ep_008697__010,train_ep_008697,10,king,char__king,"Now, I wonder why I can't fit in any of my good pants.",laugh,,True,False
utt__train_ep_008697__011,train_ep_008697,11,servant,char__servant,"Fear not, your bathtub will always fit you! Which might I say, is quite splendid. So large...",smile,,False,False
utt__train_ep_008697__012,train_ep_008697,12,king,char__king,Only the finest for my hiney! ,,,True,False
utt__train_ep_008697__013,train_ep_008697,13,servant,char__servant,"You're quite humorous today sir. Anyways, off I go. This feast needs preparation.",laugh,,False,False
utt__train_ep_008699__000,train_ep_008699,0,queen,char__queen,My husband how are you today?,,,False,False
utt__train_ep_008699__001,train_ep_008699,1,king,char__king,I could be doing better. I woke up with a fever my love. ,,,True,False
utt__train_ep_008699__002,train_ep_008699,2,queen,char__queen,Oh my husband. Well you just sit and watch the roses and the lake and rest,,,False,False
utt__train_ep_008699__003,train_ep_008699,3,king,char__king,I hate lakes,,,True,False
utt__train_ep_008699__004,train_ep_008699,4,queen,char__queen,"No dear, you love watching the calm lake as the sun sets! Should I call a physician?",,,False,False
utt__train_ep_008705__000,train_ep_008705,0,king,char__king,"Townperson, I am looking for a certain concoction, would you be as king as to help your king find it?",,,True,True
utt__train_ep_008705__001,train_ep_008705,1,townperson,char__townperson,Anything for my king! What are you looking for?,,,False,True
utt__train_ep_008705__002,train_ep_008705,2,king,char__king,"It is a errr, growth serum.  Normally the apothecary gets it for me but he is out and I have an audience with the queen soon!",,,True,False
utt__train_ep_008705__003,train_ep_008705,3,townperson,char__townperson,"Of course, we all need to use 'growth serums' occasionally! You can find them on this shelf.",wink,,False,False
utt__train_ep_008705__004,train_ep_008705,4,king,char__king,Thank you kind townperson!  I don't know what I can do to repay you? Maybe you can join my audience with the queen?  She is always eager to meet to townsfolk!,,,True,False
utt__train_ep_008705__005,train_ep_008705,5,townperson,char__townperson,"What an honour! Unfortunately, all of my family live in this village and rely on me for food and safety. I could not possibly go anywhere without bringing them with me.",sigh,,False,False
utt__train_ep_008705__006,train_ep_008705,6,king,char__king,"That should not be an issue, we have a childcare facility on site if you'd like to utilize it.  I will make sure your family eats like a king tonight!",,,True,True
utt__train_ep_008705__007,train_ep_008705,7,townperson,char__townperson,I feel like I am in a dream! I humbly accept your offer. My family will be overjoyed!,laugh,,False,False
utt__train_ep_008705__008,train_ep_008705,8,king,char__king,What is life but a long dream? Let',laugh,,True,False
utt__train_ep_008705__009,train_ep_008705,9,townperson,char__townperson,"Powerful and wise! Let me just yell out to my family, they live across the street.",scream,,False,False
utt__train_ep_008705__010,train_ep_008705,10,king,char__king,"I apologize, I seem to have choked of my tongue for a second there!  I meant to say, let us see what other goodies are on these walls.  Your family looks beautiful!  What a delight.",,,True,False
utt__train_ep_008705__011,train_ep_008705,11,townperson,char__townperson,"Thank you, I love all 27 of them! I have always wondered what those differently colored powders on the walls are for. Have you seen anything like them?",,,False,False
utt__train_ep_008705__012,train_ep_008705,12,king,char__king,"I have seen a white powder around here before.  I sure would like to find more of it, that was the most energized I have been in years!",,,True,False
utt__train_ep_008705__013,train_ep_008705,13,townperson,char__townperson,"My son often uses a white powder like that, it is quite expensive! I think it might be between those green leaves and the clear crystals by the corner.",wave,,False,False
utt__train_ep_008723__000,train_ep_008723,0,king,char__king,What is this in my Bottlery!,,,True,False
utt__train_ep_008723__001,train_ep_008723,1,murderer,char__murderer,I think you know what this is King.. you know why I've come.,,,False,True
utt__train_ep_008723__002,train_ep_008723,2,king,char__king,You blasted vile man!,,hit murderer,True,False
utt__train_ep_008723__003,train_ep_008723,3,murderer,char__murderer,Fool! You are but a fat spoiled old man. You are no match for me! Sir Edward knew you would be an easy foe and thus paid me a handsome sum.,,hit king,False,False
utt__train_ep_008723__004,train_ep_008723,4,king,char__king,No you won't I am much taller than you little man.,,steal rope from murderer,True,False
utt__train_ep_008723__005,train_ep_008723,5,murderer,char__murderer,You may be taller but I am trained in martial arts and am lithe. Your rope is no match for this dagger.,,remove ritual dagger,False,False
utt__train_ep_008723__006,train_ep_008723,6,king,char__king,I will drive this in your heart!,,steal ritual dagger from murderer,True,False
utt__train_ep_008723__007,train_ep_008723,7,murderer,char__murderer,You sir toy with me. My heart races and my blood boils but it is you who will bleed before we are done here.,,hit king,False,False
utt__train_ep_008723__008,train_ep_008723,8,king,char__king,Take that *hits murderer making him see stars,,hit murderer,True,False
utt__train_ep_008723__009,train_ep_008723,9,murderer,char__murderer,Fool! I will string you up by your feet and slash your guts open.,,steal rope from king,False,False
utt__train_ep_008723__010,train_ep_008723,10,king,char__king,GAURRRRDS!!!!!!,scream,,True,False
utt__train_ep_008723__011,train_ep_008723,11,murderer,char__murderer,"Your guards have all been dosed with sleeping potions. No one can hear you, King! Those were your last words!",laugh,,False,True
utt__train_ep_008723__012,train_ep_008723,12,king,char__king,"I will make sure you pay for this. You will never rest for the rest of your life, I will haunt you till you commit suicide!",gasp,,True,False
utt__train_ep_008723__013,train_ep_008723,13,murderer,char__murderer,I'm not afraid. Say hello to my mother when you get the other side. I put her there!,,steal ritual dagger from king,False,False
utt__train_ep_008725__000,train_ep_008725,0,helpers,char__helpers,"My King, why do you summon me to this kitchen? I have horseshoes to attend to at the forge.",,,False,True
utt__train_ep_008725__001,train_ep_008725,1,king,char__king,"I called you here today because my precious crown has become tarnished. I fear that as a symbol of my authority, its dingy appearance will take away from the respect I am given in my court. Please clean this as quickly and as quietly as possible. ",,give crown to helpers,True,False
utt__train_ep_008725__002,train_ep_008725,2,helpers,char__helpers,"Of course, you highness. I will make the crown sparkle as on it's first day.  I have much experience polishing horseshoes so this should be no problem!",,,False,False
utt__train_ep_008725__003,train_ep_008725,3,king,char__king,"Fool! No wonder my horses are always lacking fresh shoes if you spend all day polishing them. I will forgive this transgression for now, seeing as you are doing me this favor but please in the future, do not let me hear that you have wasted my kingdom's time with your frivolous hobby. ",,hit helpers,True,False
utt__train_ep_008725__004,train_ep_008725,4,helpers,char__helpers,"Yes, you highness. I will work on it, do not worry.  Within an hours time I shall have your crown good as new.  Is there anything else I may clean while I am at it?",,,False,False
utt__train_ep_008725__005,train_ep_008725,5,king,char__king,"Just my crown. I fear I can see it tarnishing further in your palms. Please be careful with my crown. My authority is completely vested in that symbol and if lost, I could lose everything. ",,,True,False
utt__train_ep_008725__006,train_ep_008725,6,helpers,char__helpers,"Whoops! I am so sorry, my king.  I shall make this right at once!",,drop crown,False,True
utt__train_ep_008725__007,train_ep_008725,7,king,char__king,MY CROWN! It has never touched the ground since it was forged in the heart of a dragon felled by my grandfather! You shall pay for this!,applaud,,True,False
utt__train_ep_008725__008,train_ep_008725,8,helpers,char__helpers,"Please, have mercy, my king!  I did not mean to, please allow me to make this right!",,,False,True
utt__train_ep_008725__009,train_ep_008725,9,king,char__king,Bring the tools to clean this crown immediately. You will clean it before me. I will ne'er allow this divine symbol out of my sight again!,,get crown,True,False
utt__train_ep_008725__010,train_ep_008725,10,helpers,char__helpers,"I shall polish it with my tunic and my blood. Would that please you, my king?",,remove tunic,False,True
utt__train_ep_008725__011,train_ep_008725,11,king,char__king,Yes. Yes I think it would. Butcher! Come. Get me a flagon of his blood that he may polish my crown properly. ,,give crown to helpers,True,False
utt__train_ep_008725__012,train_ep_008725,12,helpers,char__helpers,"Butcher, I wear the crown.  Get me a large pot and boil some water, we are having king stew tonight!",,wear crown,False,True
utt__train_ep_008725__013,train_ep_008725,13,king,char__king,Butcher! You have served the crown for generations! Do not listen to this one. He does not matter. Dispose of him and bring me my meal. ,applaud,,True,False
utt__train_ep_008735__000,train_ep_008735,0,servant,char__servant,Another long day of work.,sigh,,False,False
utt__train_ep_008735__001,train_ep_008735,1,king,char__king,Aye tis your job servant. Please fetch me some leaves. The porridge from the fast of day break has left me a bit loose.,,,True,False
utt__train_ep_008735__002,train_ep_008735,2,servant,char__servant,"Oh, yes, right away your majesty!",,,False,False
utt__train_ep_008735__003,train_ep_008735,3,king,char__king,Do make haste servant. I fear I have misjudged the edge of this bench. My royal robes are a bit spattered and will need cleaned as well.,,,True,False
utt__train_ep_008735__004,train_ep_008735,4,servant,char__servant,"Goodness your highness, but right away.",,,False,False
utt__train_ep_008735__005,train_ep_008735,5,king,char__king,That's a good servant. You have been trained well. When you are done please help me to clean. Speak to no one of this Royal Flush.,,,True,False
utt__train_ep_008735__006,train_ep_008735,6,servant,char__servant,Yes... yes sir.,,,False,False
utt__train_ep_008735__007,train_ep_008735,7,king,char__king,Where are you from servant? Have you always been a porcelain personal assistant or did you make one of my staff mad?,,,True,False
utt__train_ep_008735__008,train_ep_008735,8,servant,char__servant,"I need to make ends meet, sir. I just do what I'm told.",,,False,False
utt__train_ep_008735__009,train_ep_008735,9,king,char__king,Are you being paid well for such a dirty job? Your work is much appreciated of course. ,,,True,False
utt__train_ep_008735__010,train_ep_008735,10,servant,char__servant,Not quite... only about 5 gold per day.,,,False,False
utt__train_ep_008735__011,train_ep_008735,11,king,char__king,Aye 5 gold. That is no beggars wage though is it. How would you like to earn 8 gold a day?,,,True,False
utt__train_ep_008735__012,train_ep_008735,12,servant,char__servant,"I'd be quite thrilled to earn that much, sir.",,,False,False
utt__train_ep_008735__013,train_ep_008735,13,king,char__king,I have a job in mind for you. How would you like to leave this throne room and be an attendant in my actual throne room? I need someone to stand behind me and hold my crown. Can you do that?,,give crown to servant,True,False
utt__train_ep_008741__000,train_ep_008741,0,villager,char__villager,"What are you doing all the way out here, your majesty?",,,False,False
utt__train_ep_008741__001,train_ep_008741,1,king,char__king,"Hello villager. I enjoy spending time in the countryside, listening to the stories of adventures. It is a pleasure to watch common folk go about their days.",,,True,False
utt__train_ep_008741__002,train_ep_008741,2,villager,char__villager,"It must make you humble to see all this, sir.",,,False,False
utt__train_ep_008741__003,train_ep_008741,3,king,char__king,"Hmm, yes, perhaps. It is good to step away from the luxury of the castle. I see someone is offering lodge for travelers. Might you know where I can find some humble lodging?",,,True,False
utt__train_ep_008741__004,train_ep_008741,4,villager,char__villager,Hmm maybe a bit north of here further in the countryside! ,,,False,False
utt__train_ep_008741__005,train_ep_008741,5,king,char__king,"Thank you. I see. You will be rewarded for your hospitality, good sir. What is it that you do in the village?",,,True,False
utt__train_ep_008741__006,train_ep_008741,6,villager,char__villager,"Just harvesting crops out here, sir. Why do you ask?",,,False,False
utt__train_ep_008741__007,train_ep_008741,7,king,char__king,I like to know what my subjects are up to. I see some villagers are teaching children to wield swords over there. I thought you might be in the weapons trade.,nod,,True,False
utt__train_ep_008741__008,train_ep_008741,8,villager,char__villager,"Eh, maybe I am, but only as a side gig.",,,False,False
utt__train_ep_008741__009,train_ep_008741,9,king,char__king,"It's important work, villager! Don't take it lightly. These children will grown up to protect my vast empire once I am old and gray.",,give scepter to villager,True,False
utt__train_ep_008741__010,train_ep_008741,10,villager,char__villager,"I am honored, sir, that you are so grateful for grunt workers like us!",,,False,False
utt__train_ep_008741__011,train_ep_008741,11,king,char__king,"I rose from peasantry just like you villager!  My mentor was a great knight, like those men huddled about telling stories. I do not forget my humble beginnings.",,hug villager,True,False
utt__train_ep_008741__012,train_ep_008741,12,villager,char__villager,"As you shouldn't, your majesty! You are such a great man because of it!",,,False,False
utt__train_ep_008741__013,train_ep_008741,13,king,char__king,"Thank you, villager. It means a great deal for you to say that to me. If there is anything I can help you with, let me know or write the kingdom in a few days time.",,wear crown,True,False
utt__train_ep_008787__000,train_ep_008787,0,king,char__king,What news do you have today knight.,,,True,False
utt__train_ep_008787__001,train_ep_008787,1,knight,char__knight,"No good news unfortunatly, I gave the other kingdom your message and the King basically spat in my face and said to give you the message.",,,False,True
utt__train_ep_008787__002,train_ep_008787,2,king,char__king,I see well that is rough.,,,True,False
utt__train_ep_008787__003,train_ep_008787,3,knight,char__knight,What are we going to do sire?,,,False,False
utt__train_ep_008787__004,train_ep_008787,4,king,char__king,I will discuss with my general.,,,True,False
utt__train_ep_008787__005,train_ep_008787,5,knight,char__knight,Have you ever had a King act that way before?,,,False,True
utt__train_ep_008787__006,train_ep_008787,6,king,char__king,I have see it before but I would hope it would be different this time.,,,True,False
utt__train_ep_008787__007,train_ep_008787,7,knight,char__knight,"Everything was going so well, you even married off your daughter to his son.",,,False,False
utt__train_ep_008787__008,train_ep_008787,8,king,char__king,"Indeed, but it will be soon that it will be fine.",,,True,False
utt__train_ep_008787__009,train_ep_008787,9,knight,char__knight,I trust you my King,,,False,True
utt__train_ep_008787__010,train_ep_008787,10,king,char__king,Thank you I am happy to see some on my side.,,,True,False
utt__train_ep_008787__011,train_ep_008787,11,knight,char__knight,I will fight to the death with you sir,,,False,False
utt__train_ep_008787__012,train_ep_008787,12,king,char__king,Thank you I trust you more than most.,,,True,False
utt__train_ep_008787__013,train_ep_008787,13,knight,char__knight,We did grow up together sire,,,False,False
utt__train_ep_008803__000,train_ep_008803,0,servant,char__servant,"Is there anything I can do for you, sir?",,,False,False
utt__train_ep_008803__001,train_ep_008803,1,king,char__king,"Hmm nothing I can quite think of yet, thank you for asking though.",,,True,False
utt__train_ep_008803__002,train_ep_008803,2,servant,char__servant,Always. Just let me know if anything comes up.,,,False,False
utt__train_ep_008803__003,train_ep_008803,3,king,char__king,We're you not finished with your duties already?,,,True,False
utt__train_ep_008803__004,train_ep_008803,4,servant,char__servant,"I'm never finished with my duties, sir.",,,False,False
utt__train_ep_008803__005,train_ep_008803,5,king,char__king,"That's a good attitude, servant!",,,True,False
utt__train_ep_008803__006,train_ep_008803,6,servant,char__servant,"Yes sir. I'm always trying to impress you. That's my job. How has the royal family been, sir?",,,False,False
utt__train_ep_008803__007,train_ep_008803,7,king,char__king,"Well you are doing a fine job, and things have been stressful but quite alright overall.",,,True,False
utt__train_ep_008803__008,train_ep_008803,8,servant,char__servant,Has the Queen gotten over her minor illness?,,,False,False
utt__train_ep_008803__009,train_ep_008803,9,king,char__king,"Oh yes, thankfully she has recovered most of the way already!",,,True,False
utt__train_ep_008803__010,train_ep_008803,10,servant,char__servant,That's great to hear. I was quite worried.,,,False,False
utt__train_ep_008803__011,train_ep_008803,11,king,char__king,"As was I, I thought she might not make it at one point.",,,True,False
utt__train_ep_008803__012,train_ep_008803,12,servant,char__servant,I always had hope she would pull through. She's a strong woman.,,,False,False
utt__train_ep_008803__013,train_ep_008803,13,king,char__king,"Indeed, that is what I love so much about her.",,,True,False
utt__train_ep_008820__000,train_ep_008820,0,maid,char__maid,"Hello my Lord, is there something you would like me to bring you?",,,False,False
utt__train_ep_008820__001,train_ep_008820,1,king,char__king,"Just checking on how the food is coming along, maid.",,,True,False
utt__train_ep_008820__002,train_ep_008820,2,maid,char__maid,"Oh of course, Sorry about the smell, the food will taste much better than the smell. The chef is making a very hearty and rich stew",,,False,False
utt__train_ep_008820__003,train_ep_008820,3,king,char__king,"Ah, I thought that might be! What is it made from?",,,True,False
utt__train_ep_008820__004,train_ep_008820,4,maid,char__maid,Venison stew today,,,False,False
utt__train_ep_008820__005,train_ep_008820,5,king,char__king,"Quite gamy, no? Anything to balance that out?",,,True,False
utt__train_ep_008820__006,train_ep_008820,6,maid,char__maid,"Not the way the chef prepares it, It will be with a fancy salad and fresh rolls with butter. ",,,False,False
utt__train_ep_008820__007,train_ep_008820,7,king,char__king,"Well no matter, that all sounds more than adequate! ",,,True,False
utt__train_ep_008820__008,train_ep_008820,8,maid,char__maid,You will be much pleased my Lord.,,,False,False
utt__train_ep_008820__009,train_ep_008820,9,king,char__king,"I better be, maid! I have waited long for this meal.",,,True,False
utt__train_ep_008820__010,train_ep_008820,10,maid,char__maid,"I understand sir, I don't know what the delay was, but I do know the food is scrumptous.",,,False,False
utt__train_ep_008820__011,train_ep_008820,11,king,char__king,Shall I go in and taste it for myself? Or is it not ready for that?,,,True,False
utt__train_ep_008820__012,train_ep_008820,12,maid,char__maid,"Well it tasts wonderful right now, I think the chef is working on the fresh bread.",,,False,False
utt__train_ep_008820__013,train_ep_008820,13,king,char__king,"I'll go have a taste myself, just so I can know if I am to be happy or disappointed.",,,True,False
utt__train_ep_008822__000,train_ep_008822,0,spider,char__spider,Hello what are you doing in my tunnel.,,,False,False
utt__train_ep_008822__001,train_ep_008822,1,king,char__king,"Your tunnel? I dug this tunnel myself, you have no right to it!",,,True,False
utt__train_ep_008822__002,train_ep_008822,2,spider,char__spider,I live here I catch my food over there. I am here all day and night. You are never here this is my tunnel.,,,False,False
utt__train_ep_008822__003,train_ep_008822,3,king,char__king,"Just because you make use of it without my say doesn't give you ownership, damned arachnid! ",,,True,False
utt__train_ep_008822__004,train_ep_008822,4,spider,char__spider,Well whatever you say. Is there something i can help you with.,,,False,False
utt__train_ep_008822__005,train_ep_008822,5,king,char__king,Well you can cut that out and leave here before I force you out!,,,True,False
utt__train_ep_008822__006,train_ep_008822,6,spider,char__spider,So you will live down here just to make sure I dont come back. Ha that is funny. ,,,False,False
utt__train_ep_008822__007,train_ep_008822,7,king,char__king,"I shall not live here, I shall just make you leave once and for all! ",,,True,False
utt__train_ep_008822__008,train_ep_008822,8,spider,char__spider,I know of all the nooks and crannies of this place. I could live here the rest of my day without you even knowing I was here.,,,False,False
utt__train_ep_008822__009,train_ep_008822,9,king,char__king,"Not if I force you out first, same with that damn thief that is with you!",,hit spider,True,False
utt__train_ep_008822__010,train_ep_008822,10,spider,char__spider,"King, please there is no need to be violent. I just want to live in peace. Where are me and my children supposed to go.",,,False,True
utt__train_ep_008822__011,train_ep_008822,11,king,char__king,"If you are to live in here, you are to know I still own it and that you should be grateful!",,,True,False
utt__train_ep_008822__012,train_ep_008822,12,spider,char__spider,I am grateful your highness. lease dont attack me again. Is there anything I can do for you for your good charity.,,,False,False
utt__train_ep_008822__013,train_ep_008822,13,king,char__king,Get this thief out of here with my assistance and I shall consider us even?,,hit thief,True,False
utt__train_ep_008827__000,train_ep_008827,0,queen,char__queen,Why are you in the attic my Lord>,,,False,False
utt__train_ep_008827__001,train_ep_008827,1,king,char__king,I came here to see if I could find something.,,,True,False
utt__train_ep_008827__002,train_ep_008827,2,queen,char__queen,"I could help you, what are you looking for. I can go find my chaimbermaid",,,False,False
utt__train_ep_008827__003,train_ep_008827,3,king,char__king,I was looking for for the candle maker my Mother gave to me,,,True,False
utt__train_ep_008827__004,train_ep_008827,4,queen,char__queen,I think I saw it in a trunk,,,False,False
utt__train_ep_008827__005,train_ep_008827,5,king,char__king,A trunk? Let me find it,,,True,False
utt__train_ep_008827__006,train_ep_008827,6,queen,char__queen,It's either in the gold trunk or the black one with your family seal.,,,False,False
utt__train_ep_008827__007,train_ep_008827,7,king,char__king,Let me check the gold one first... no dice. Let me check the black one now... ,,,True,False
utt__train_ep_008827__008,train_ep_008827,8,queen,char__queen,Oh my King....,,remove dress,False,True
utt__train_ep_008827__009,train_ep_008827,9,king,char__king,"It's in here! Wa'la! Thanks for the advice to check this, Dear",,,True,False
utt__train_ep_008827__010,train_ep_008827,10,queen,char__queen,I'm so glad you found it,,hug king,False,False
utt__train_ep_008827__011,train_ep_008827,11,king,char__king,You're always so attentive. ,,hug queen,True,False
utt__train_ep_008827__012,train_ep_008827,12,queen,char__queen,So are you making a candle?,,,False,False
utt__train_ep_008827__013,train_ep_008827,13,king,char__king,I am actually. It was suppose to be a secret gift for you,,,True,False
utt__train_ep_008828__000,train_ep_008828,0,queen,char__queen,I have such a headahce,,,False,False
utt__train_ep_008828__001,train_ep_008828,1,king,char__king,From what babe?,,,True,False
utt__train_ep_008828__002,train_ep_008828,2,queen,char__queen,"All the chattering, do they ever stop?",,,False,False
utt__train_ep_008828__003,train_ep_008828,3,king,char__king,I understand. And unfortunately... it doesn't seem like they do. ,,,True,False
utt__train_ep_008828__004,train_ep_008828,4,queen,char__queen,"I love these chairs, you know I need a new cushion for my throne chair",,,False,False
utt__train_ep_008828__005,train_ep_008828,5,king,char__king,"I'll make sure to tell a servant you want one, dear. A nice new cushion for m'lady",,,True,False
utt__train_ep_008828__006,train_ep_008828,6,queen,char__queen,"What is that smell, who is that. It smells so bad, I hate being around the commoners.",,,False,False
utt__train_ep_008828__007,train_ep_008828,7,king,char__king,They don't bathe it seems like. It's downright disgusting.,,,True,False
utt__train_ep_008828__008,train_ep_008828,8,queen,char__queen,"I love sitting here with you, I think you are the only one I can stand in this kingdom",,,False,False
utt__train_ep_008828__009,train_ep_008828,9,king,char__king,"I feel the same way. I've always been in love with you, dear. We've always had a nice connection.",,,True,False
utt__train_ep_008828__010,train_ep_008828,10,queen,char__queen,"I know, it was touch and go at the arranged marrage, but you have been a wonderful man and a wonderful king.",,,False,True
utt__train_ep_008828__011,train_ep_008828,11,king,char__king,And you've been a wonderful Queen. Beautiful too ,,hug queen,True,False
utt__train_ep_008828__012,train_ep_008828,12,queen,char__queen,The only man that can make me blush,blush,,False,False
utt__train_ep_008828__013,train_ep_008828,13,king,char__king,I hope your headache goes away. I can go get you some water.,,,True,False
utt__train_ep_008845__000,train_ep_008845,0,servant,char__servant,"Hello your majesty, what are you doing?",,,False,False
utt__train_ep_008845__001,train_ep_008845,1,king,char__king,I am enjoying the Garden today. A rare day off for me,,,True,False
utt__train_ep_008845__002,train_ep_008845,2,servant,char__servant,What can I do to help you today?,,,False,False
utt__train_ep_008845__003,train_ep_008845,3,king,char__king,Would you fetch me a bucket of water?,,,True,False
utt__train_ep_008845__004,train_ep_008845,4,servant,char__servant,Here you go sir king!,,give small bucket to king,False,True
utt__train_ep_008845__005,train_ep_008845,5,king,char__king,"Thank you, Do you enjoy the gardens?",,,True,False
utt__train_ep_008845__006,train_ep_008845,6,servant,char__servant,"Yes, it makes me feel like a flower even though I aren't",,wear rag,False,False
utt__train_ep_008845__007,train_ep_008845,7,king,char__king,It is an echanted garden you know. The flowers talk to you,,,True,False
utt__train_ep_008845__008,train_ep_008845,8,servant,char__servant,"Really, how can it be so? Will they talk to me king?",,,False,True
utt__train_ep_008845__009,train_ep_008845,9,king,char__king,"Yes you just have to listen to them carfully, you can hear them sing.",,,True,False
utt__train_ep_008845__010,train_ep_008845,10,servant,char__servant,Oh I think I hear them now sir!,laugh,,False,False
utt__train_ep_008845__011,train_ep_008845,11,king,char__king,The lilies are my favorite,,,True,False
utt__train_ep_008845__012,train_ep_008845,12,servant,char__servant,I just heard one! Did you hear it call your name sir king?,,,False,True
utt__train_ep_008845__013,train_ep_008845,13,king,char__king,"Yes, I grew them all so they worship me",,,True,False
utt__train_ep_009029__000,train_ep_009029,0,queen,char__queen,"Hello my love, what a beautiful day out here in the garden.",wave,,False,False
utt__train_ep_009029__001,train_ep_009029,1,king,char__king,Though it does pale in comparison to you.,,,True,False
utt__train_ep_009029__002,train_ep_009029,2,queen,char__queen,You are too kind. would you care to help me pick some flowers for our chambers.,,,False,False
utt__train_ep_009029__003,train_ep_009029,3,king,char__king,"Certainly, what preference do you have towards them?",,,True,False
utt__train_ep_009029__004,train_ep_009029,4,queen,char__queen,Pink roses and white lilies would look lovely.,,,False,False
utt__train_ep_009029__005,train_ep_009029,5,king,char__king,As you wish my queen I will search for some.,,,True,False
utt__train_ep_009029__006,train_ep_009029,6,queen,char__queen,You are the best thing that has ever happened to me.,,hug king,False,False
utt__train_ep_009029__007,train_ep_009029,7,king,char__king,I am flattered that you would think so.,,,True,False
utt__train_ep_009029__008,train_ep_009029,8,queen,char__queen,I shall also make myself a beautiful flower crown to wear to the dinner tonight.,,,False,False
utt__train_ep_009029__009,train_ep_009029,9,king,char__king,You have always liked the simpler things.,,,True,False
utt__train_ep_009029__010,train_ep_009029,10,queen,char__queen,"Wealth can swallow you whole, we must always stay true to ourselves",,,False,False
utt__train_ep_009029__011,train_ep_009029,11,king,char__king,"Those are very wise words, it is easy to fall prey to our material desires.",,,True,False
utt__train_ep_009029__012,train_ep_009029,12,queen,char__queen,I hope our sons take after us in that sense.,,,False,False
utt__train_ep_009029__013,train_ep_009029,13,king,char__king,"One could only hope, sometimes boys can be troublesome to raise right.",,,True,False
utt__train_ep_009037__000,train_ep_009037,0,queen,char__queen,"Oh how beautiful our castle is, dear!",,,False,False
utt__train_ep_009037__001,train_ep_009037,1,king,char__king,Do you think so? I cannot help but notice the stones are askew. ,,,True,False
utt__train_ep_009037__002,train_ep_009037,2,queen,char__queen,I see that with moss growing on them... We need to get these cleaned.,,,False,False
utt__train_ep_009037__003,train_ep_009037,3,king,char__king,I shall dispatch some servants posthaste!,,,True,False
utt__train_ep_009037__004,train_ep_009037,4,queen,char__queen,Indeed! We could tidy this area up since we are expecting guests from the neighboring kingdom. ,,,False,False
utt__train_ep_009037__005,train_ep_009037,5,king,char__king,Have you planned the banquet for them yet?,,,True,False
utt__train_ep_009037__006,train_ep_009037,6,queen,char__queen,I have maids and servants getting everything together now. I will add this to the list. ,,,False,False
utt__train_ep_009037__007,train_ep_009037,7,king,char__king,"Excellent! What, pray tell, is on the menu?",,,True,False
utt__train_ep_009037__008,train_ep_009037,8,queen,char__queen,Peasant with rice and gravy. What do you think?,,,False,False
utt__train_ep_009037__009,train_ep_009037,9,king,char__king,"Pardon me...did you say ""peasant?"" Shall we cook the commoners?",,,True,False
utt__train_ep_009037__010,train_ep_009037,10,queen,char__queen,I did. I did indeed. Let it be what I say then. ,,,False,False
utt__train_ep_009037__011,train_ep_009037,11,king,char__king,I see. It is an intriguing proposition.,,,True,False
utt__train_ep_009037__012,train_ep_009037,12,queen,char__queen,"I am only kidding with you, dear. We are having the finest duck from across the bay with a side of green beans, mashed potatoes, carrots, and peas. ",,,False,False
utt__train_ep_009037__013,train_ep_009037,13,king,char__king,Excellent! I knew to trust you with such details!,,,True,False
utt__train_ep_009229__000,train_ep_009229,0,king,char__king,I am glad you are with me Brother - soon I shall conquer a Kingdom for you to rule for your very own.,,,True,False
utt__train_ep_009229__001,train_ep_009229,1,brother,char__brother,"Yes, we  shall conquer all that eye sees ",,,False,False
utt__train_ep_009229__002,train_ep_009229,2,king,char__king,"Shall it be the Kingdom of the Elves, or that of the Dwarves?",,,True,False
utt__train_ep_009229__003,train_ep_009229,3,brother,char__brother,The dwarves they have all the gold,,,False,False
utt__train_ep_009229__004,train_ep_009229,4,king,char__king,Right!  So what tactics should we use?,,,True,False
utt__train_ep_009229__005,train_ep_009229,5,brother,char__brother,Well I think we  can use our vast navy to blockade any food from reaching them,,,False,False
utt__train_ep_009229__006,train_ep_009229,6,king,char__king,Good plan brother!  Their mountain fortresses will bow before the might of our navy.,,,True,False
utt__train_ep_009229__007,train_ep_009229,7,brother,char__brother,yes they will,,,False,False
utt__train_ep_009229__008,train_ep_009229,8,king,char__king,Anything else?,,,True,False
utt__train_ep_009229__009,train_ep_009229,9,brother,char__brother,well we do need to send some harrasement troups to keep moral low,,,False,False
utt__train_ep_009229__010,train_ep_009229,10,king,char__king,The slave caste perhaps?  They are usually hungry for blood.,,,True,False
utt__train_ep_009229__011,train_ep_009229,11,brother,char__brother,yes this would be wise,,,False,False
utt__train_ep_009229__012,train_ep_009229,12,king,char__king,SHould you lead them?,,,True,False
utt__train_ep_009229__013,train_ep_009229,13,brother,char__brother,it is up to my brother but I would love the chance to prove my self,,,False,False
utt__train_ep_009254__000,train_ep_009254,0,maid,char__maid,Something you need my king?,,,False,True
utt__train_ep_009254__001,train_ep_009254,1,king,char__king,"Yes, I am afraid I seem to have blocked both toilets.",,,True,False
utt__train_ep_009254__002,train_ep_009254,2,maid,char__maid,Your stools are quite large my king.,,,False,True
utt__train_ep_009254__003,train_ep_009254,3,king,char__king,"Indeed!  I must apologize though, it smells very much of low tide in there at the moment.",,,True,False
utt__train_ep_009254__004,train_ep_009254,4,maid,char__maid,Have you considered that you may need more fiber?,,,False,False
utt__train_ep_009254__005,train_ep_009254,5,king,char__king,"Yes, but I am the King!  I have commanded my bowels to obey, but they are most rebellious it seems.",,,True,True
utt__train_ep_009254__006,train_ep_009254,6,maid,char__maid,"I know, just look at them it is sticking straight out of the seat.",,,False,False
utt__train_ep_009254__007,train_ep_009254,7,king,char__king,"Perhaps I should summon the royal sculptor to commemorate this moment?  I must admit, I am rather proud of my creation.",,,True,False
utt__train_ep_009254__008,train_ep_009254,8,maid,char__maid,"It may just be called for sire, tis quite a load.",,,False,False
utt__train_ep_009254__009,train_ep_009254,9,king,char__king,Indeed!  How would you say that your best compares?,,,True,False
utt__train_ep_009254__010,train_ep_009254,10,maid,char__maid,"Well I am very petite, it pales in comparison.",,,False,False
utt__train_ep_009254__011,train_ep_009254,11,king,char__king,"That is a shame, I was thinking of perhaps starting a Kingdom-wide competition?",,,True,False
utt__train_ep_009254__012,train_ep_009254,12,maid,char__maid,I wonder if any man could best you?,,,False,False
utt__train_ep_009254__013,train_ep_009254,13,king,char__king,"I had the same thought myself - though I wish it to be a very modern competition, women may enter as well if they so choose.",,,True,False
utt__train_ep_009258__000,train_ep_009258,0,priests,char__priests,Good morning my king.,,,False,True
utt__train_ep_009258__001,train_ep_009258,1,king,char__king,Hello priest. I really enjoy our talks out here in the church garden.,,,True,False
utt__train_ep_009258__002,train_ep_009258,2,priests,char__priests,"As do I my king, I trust all is well.",,,False,True
utt__train_ep_009258__003,train_ep_009258,3,king,char__king,"Yes, of course. I think that your gardens are even more beautiful than mine. What is your secret?",,,True,False
utt__train_ep_009258__004,train_ep_009258,4,priests,char__priests,It is all in the manure.,,,False,False
utt__train_ep_009258__005,train_ep_009258,5,king,char__king,"Haha! Then what are you feeding those horses, pray tell?",laugh,,True,False
utt__train_ep_009258__006,train_ep_009258,6,priests,char__priests,"To be honest with you we have them trim the grass near the cemetery, I know it sounds odd but it works.",,,False,False
utt__train_ep_009258__007,train_ep_009258,7,king,char__king,MOther nature works in mysterious ways that I will never understand. ,,,True,False
utt__train_ep_009258__008,train_ep_009258,8,priests,char__priests,That it certainly does sire.,,,False,False
utt__train_ep_009258__009,train_ep_009258,9,king,char__king,Forgive me if I take off my crown and get comfortable. It is not often that I get to relax among friends.,,drop crown,True,False
utt__train_ep_009258__010,train_ep_009258,10,priests,char__priests,I can only imagine that it must be tiring on the neck.,,,False,False
utt__train_ep_009258__011,train_ep_009258,11,king,char__king,"Well, you should know. I've seen the funny hat that they make you wear around town. Try on the crown if you like, let's see how it looks. ",,,True,False
utt__train_ep_009258__012,train_ep_009258,12,priests,char__priests,"Ah I do despise wearing that thing.,..",,,False,False
utt__train_ep_009258__013,train_ep_009258,13,king,char__king,"Well, I'm sure the Queen and my minions are looking everywhere for me. I look forward to seeing you at service this Sunday. ",,,True,False
utt__train_ep_009264__000,train_ep_009264,0,dogs,char__dogs,-runs around in a circle-,,,False,False
utt__train_ep_009264__001,train_ep_009264,1,king,char__king,*Chases dog in a circle* Who;s a good boy?  You're a good boy!,,,True,False
utt__train_ep_009264__002,train_ep_009264,2,dogs,char__dogs,How did you know?,,,False,False
utt__train_ep_009264__003,train_ep_009264,3,king,char__king,"Because you are the Prince of Canines!  Hear, I made this crown for you - it's a miniature version of mine!",,give crown to dogs,True,False
utt__train_ep_009264__004,train_ep_009264,4,dogs,char__dogs,Well thank you kindly! I have always wanted one.,,,False,False
utt__train_ep_009264__005,train_ep_009264,5,king,char__king,And this scepter!  Now you're like a doggo mini-me!  So cute!,,give scepter to dogs,True,False
utt__train_ep_009264__006,train_ep_009264,6,dogs,char__dogs,Gee and here five minutes ago I was but a simple dog.,,,False,False
utt__train_ep_009264__007,train_ep_009264,7,king,char__king,And now you are the Prince of Dogs!  I am going to get the royal painter to make a portrait of you.,,,True,False
utt__train_ep_009264__008,train_ep_009264,8,dogs,char__dogs,Do I always get dog servants?,,,False,False
utt__train_ep_009264__009,train_ep_009264,9,king,char__king,What a fabulous idea!  How many dog servants would you like?,,,True,False
utt__train_ep_009264__010,train_ep_009264,10,dogs,char__dogs,I believe two would suit my needs.,,,False,False
utt__train_ep_009264__011,train_ep_009264,11,king,char__king,Then two you shall have!  Any breed in particular?,,,True,False
utt__train_ep_009264__012,train_ep_009264,12,dogs,char__dogs,"Something elegant I think, like a bichon frise?",,,False,False
utt__train_ep_009264__013,train_ep_009264,13,king,char__king,Wonderful!  Would you like some human servants as well?,,,True,False
utt__train_ep_009265__000,train_ep_009265,0,enemy,char__enemy,King!,,,False,True
utt__train_ep_009265__001,train_ep_009265,1,king,char__king,"Another weak enemy, hah! ",laugh,,True,False
utt__train_ep_009265__002,train_ep_009265,2,enemy,char__enemy,It is I your archenemy Krumpus Dumplestumper!,,,False,False
utt__train_ep_009265__003,train_ep_009265,3,king,char__king,Shall we duel? I am not afraid of you.,,,True,False
utt__train_ep_009265__004,train_ep_009265,4,enemy,char__enemy,Yes let us do it!,,,False,False
utt__train_ep_009265__005,train_ep_009265,5,king,char__king,"Take this, you weakling!",,hit enemy,True,False
utt__train_ep_009265__006,train_ep_009265,6,enemy,char__enemy,"Yes, but now I am the king!",,steal crown from king,False,True
utt__train_ep_009265__007,train_ep_009265,7,king,char__king,Hahahah! Do you really think wearing the crown makes you king? Fool! ,laugh,,True,True
utt__train_ep_009265__008,train_ep_009265,8,enemy,char__enemy,"Well of course, it works for you does it not?",,,False,False
utt__train_ep_009265__009,train_ep_009265,9,king,char__king,Give that back!,,hit enemy,True,False
utt__train_ep_009265__010,train_ep_009265,10,enemy,char__enemy,"Hahahah never, you shant defeat me!",,wear crown,False,False
utt__train_ep_009265__011,train_ep_009265,11,king,char__king, will have your head. I will hand it over these doors.,,,True,False
utt__train_ep_009265__012,train_ep_009265,12,enemy,char__enemy,Say what you like but I will marry your daughter!,,,False,False
utt__train_ep_009265__013,train_ep_009265,13,king,char__king,"Hic! sorry I am a little bit tipsy. But you shall know, my daughter won't marry a headless man! ",,hit enemy,True,False
utt__train_ep_009283__000,train_ep_009283,0,king,char__king,Time for some grub.,,,True,False
utt__train_ep_009283__001,train_ep_009283,1,hunter,char__hunter,Food sounds delicious right now. Can't wait to try the Elk I killed earlier,,,False,False
utt__train_ep_009283__002,train_ep_009283,2,king,char__king,"I see, did you bring it here?",,,True,False
utt__train_ep_009283__003,train_ep_009283,3,hunter,char__hunter,I brought it here and gutted it. Your chef was suppose to be cooking it up,,,False,False
utt__train_ep_009283__004,train_ep_009283,4,king,char__king,"Hmm, I just got here so maybe I just did not hear of it.",,,True,False
utt__train_ep_009283__005,train_ep_009283,5,hunter,char__hunter,"You're going to love it, sir. If he cooks it just right... it'll be the best meat you ever tasted.",,,False,False
utt__train_ep_009283__006,train_ep_009283,6,king,char__king,"Maybe they have it in the oven or something, where are the chefs anyway?",,,True,False
utt__train_ep_009283__007,train_ep_009283,7,hunter,char__hunter,I don't know. Hopefully they're not having trouble.,,,False,False
utt__train_ep_009283__008,train_ep_009283,8,king,char__king,I mean I do smell something cooking...,,,True,False
utt__train_ep_009283__009,train_ep_009283,9,hunter,char__hunter,At least that's a positive sign. Hopefully it'll be done soon.,,,False,False
utt__train_ep_009283__010,train_ep_009283,10,king,char__king,Maybe they took a break while waiting on it.,,,True,False
utt__train_ep_009283__011,train_ep_009283,11,hunter,char__hunter,Maybe so. They better hurry up though.,,,False,False
utt__train_ep_009283__012,train_ep_009283,12,king,char__king,"The way I see it is, it is done when it's done. Trying to rush it would just spoil the meal.",,,True,False
utt__train_ep_009283__013,train_ep_009283,13,hunter,char__hunter,That's true. So how is the Queen doing?,,,False,False
utt__train_ep_009327__000,train_ep_009327,0,king,char__king,hello,,,True,False
utt__train_ep_009327__001,train_ep_009327,1,merchant,char__merchant,"What brings you to the throne sir, King?",,,False,True
utt__train_ep_009327__002,train_ep_009327,2,king,char__king,"Well, I should be the one to ask you that",,,True,False
utt__train_ep_009327__003,train_ep_009327,3,merchant,char__merchant,I came here to study a little bit. To get some new ideas.,,,False,False
utt__train_ep_009327__004,train_ep_009327,4,king,char__king,You should go to the royal library then,,,True,False
utt__train_ep_009327__005,train_ep_009327,5,merchant,char__merchant,"Are you in a bad mood, sir?",,,False,False
utt__train_ep_009327__006,train_ep_009327,6,king,char__king,I just have a lot on my mind,,,True,False
utt__train_ep_009327__007,train_ep_009327,7,merchant,char__merchant,I can imagine. Is there anything I can do to make you feel better?,,,False,False
utt__train_ep_009327__008,train_ep_009327,8,king,char__king,Just get me some wine and let me drink away my sorrow?,,,True,False
utt__train_ep_009327__009,train_ep_009327,9,merchant,char__merchant,Sure thing sir. Let me get the wine.,,,False,False
utt__train_ep_009327__010,train_ep_009327,10,king,char__king,Pleasre do...and do that fast,,,True,False
utt__train_ep_009327__011,train_ep_009327,11,merchant,char__merchant,Here you go sir (gives drink),,,False,False
utt__train_ep_009327__012,train_ep_009327,12,king,char__king,thank you. How is your family?,,,True,False
utt__train_ep_009327__013,train_ep_009327,13,merchant,char__merchant,"They're okay, Hanging in there.",,,False,False
utt__train_ep_009349__000,train_ep_009349,0,knight,char__knight,Hello,,,False,False
utt__train_ep_009349__001,train_ep_009349,1,king,char__king,"Hello sir, how are you tonight?",nod,,True,False
utt__train_ep_009349__002,train_ep_009349,2,knight,char__knight,"I am doing very well sire..Your Highness, I remain loyal to the kingdom.",,,False,False
utt__train_ep_009349__003,train_ep_009349,3,king,char__king,"I appreciate that. That is why I was looking for you tonight. I know this is odd to meet in the Laboratory, but I needed to speak in private and I need someone I can trust. You see, I think the Queen is having an affair with Knight Rob. I am distraught and I need him taken prisoner and killed at once. Can you handle this?",,,True,False
utt__train_ep_009349__004,train_ep_009349,4,knight,char__knight,What!!! My queen having an affair with a knight? Burn the knight at once..,,,False,False
utt__train_ep_009349__005,train_ep_009349,5,king,char__king,I knew I could count on you. That is why I found you. Yes...burn him at once! You must keep this a secret and remain loyal. You will move to the highest level in the castle. Your loyalty will be greatly rewarded. Queen Shafria can only have eyes for me.,,,True,False
utt__train_ep_009349__006,train_ep_009349,6,knight,char__knight,I will get to that immediately. No traces must be found your highness,,,False,False
utt__train_ep_009349__007,train_ep_009349,7,king,char__king,"Yes, no evidence. The queen must not suspect a thing. Here take my crown as a token of my gratitude. I am so very grateful. I will also need you to keep an eye on the Queen after this and make sure there are no others. ",,give crown to knight,True,False
utt__train_ep_009349__008,train_ep_009349,8,knight,char__knight,Your Highness..your crown is a little too much as a gift. My allegiance is with the king.,,,False,True
utt__train_ep_009349__009,train_ep_009349,9,king,char__king,"I know, but the Queen means everything to me. I can't even fathom the thought of losing her to a younger knight. After Knight Rob is taken care of, you shall get your own bathroom. This Lavoratory is quite beneath you. You will be held in high regard. ",,,True,False
utt__train_ep_009349__010,train_ep_009349,10,knight,char__knight,wow! This sounds like a great reward. Thank you so much your highness,,,False,False
utt__train_ep_009349__011,train_ep_009349,11,king,char__king,You are quite welcome! Shall you take care of Rob tonight? ,,,True,False
utt__train_ep_009349__012,train_ep_009349,12,knight,char__knight,Rob is done Sir! No traces will be found,,,False,False
utt__train_ep_009349__013,train_ep_009349,13,king,char__king,"Thank you. I knew you I could count on you. I will have your items moved to to a nicer bathroom. You will now work closer to me. We shall talk later. Have a good night, Knight. ",smile,,True,False
utt__train_ep_009352__000,train_ep_009352,0,subject,char__subject,"Well fancy seeing you here in my tub, Your Highness.",,,False,False
utt__train_ep_009352__001,train_ep_009352,1,king,char__king,This is my tub why are you here?,,,True,False
utt__train_ep_009352__002,train_ep_009352,2,subject,char__subject,"I paid taxes, so this is MY tub too!",,remove shirt,False,False
utt__train_ep_009352__003,train_ep_009352,3,king,char__king,I can have your head!,,,True,False
utt__train_ep_009352__004,train_ep_009352,4,subject,char__subject,"Sure you could, but why would you hurt a poor taxpaying girl like me?",,remove pant,False,False
utt__train_ep_009352__005,train_ep_009352,5,king,char__king,"Please, the queen is near here.",,,True,False
utt__train_ep_009352__006,train_ep_009352,6,subject,char__subject,"Maybe YOU should put these on, then.",,give pant to king,False,False
utt__train_ep_009352__007,train_ep_009352,7,king,char__king,Those are not mine.,,,True,False
utt__train_ep_009352__008,train_ep_009352,8,subject,char__subject,They'll fit. You're kinda skinny.,,give shirt to king,False,False
utt__train_ep_009352__009,train_ep_009352,9,king,char__king,I have pants tho.,,,True,False
utt__train_ep_009352__010,train_ep_009352,10,subject,char__subject,"Yes, but I'm going to put on your pants.",,steal scepter from king,False,False
utt__train_ep_009352__011,train_ep_009352,11,king,char__king,Ok go for it but if you take that I will kill you.,,,True,False
utt__train_ep_009352__012,train_ep_009352,12,subject,char__subject,It's just that I'd like to have SOMETHING to show for all the taxes I pay you!,,give scepter to king,False,False
utt__train_ep_009352__013,train_ep_009352,13,king,char__king,I see well I guess you shall pay with your life.,,,True,False
utt__train_ep_009354__000,train_ep_009354,0,king,char__king,What are you doing in this room?,,,True,False
utt__train_ep_009354__001,train_ep_009354,1,person,char__person,"Oh, um... nothing.",,,False,False
utt__train_ep_009354__002,train_ep_009354,2,king,char__king,You aren't the one that works in here? Where is that imbecil then?,,,True,False
utt__train_ep_009354__003,train_ep_009354,3,person,char__person,"Oh yes, it is me! I work here!",,,False,False
utt__train_ep_009354__004,train_ep_009354,4,king,char__king,"I need something for a particular prisoner, I don't want to scar them but I want it to hurt",,,True,False
utt__train_ep_009354__005,train_ep_009354,5,person,char__person,Hmm... how does this dull whip look?,,,False,False
utt__train_ep_009354__006,train_ep_009354,6,king,char__king,more sting,frown,,True,False
utt__train_ep_009354__007,train_ep_009354,7,person,char__person,Well what  about this larger whip?,,,False,False
utt__train_ep_009354__008,train_ep_009354,8,king,char__king,"It has a good snap to it, maybe I will put that in the maybe pile.",,,True,False
utt__train_ep_009354__009,train_ep_009354,9,person,char__person,"There are seemingly endless tools, so I can keep looking.",,,False,False
utt__train_ep_009354__010,train_ep_009354,10,king,char__king,"Do it now, I want to make them cry",,,True,False
utt__train_ep_009354__011,train_ep_009354,11,person,char__person,How is this cat of 9 tails?,,,False,False
utt__train_ep_009354__012,train_ep_009354,12,king,char__king,"That is too bloody, I don't want to break the skin remember, do you have any long poles?",,,True,False
utt__train_ep_009354__013,train_ep_009354,13,person,char__person,"Yes, I have a baton here?",,,False,False
utt__train_ep_009370__000,train_ep_009370,0,king,char__king,Hello there,,,True,False
utt__train_ep_009370__001,train_ep_009370,1,customer,char__customer,"Hello your highness, what brings you to the Blacksmith today?",,,False,False
utt__train_ep_009370__002,train_ep_009370,2,king,char__king,Came to check on an old friend,,,True,False
utt__train_ep_009370__003,train_ep_009370,3,customer,char__customer,The man with the hammer?,,,False,False
utt__train_ep_009370__004,train_ep_009370,4,king,char__king,"Yeah, he his an old friend",,,True,False
utt__train_ep_009370__005,train_ep_009370,5,customer,char__customer,"That's funny, my friend is here too, the aprentace. ",,,False,False
utt__train_ep_009370__006,train_ep_009370,6,king,char__king,"Interesting, so what are you doing here?",,,True,False
utt__train_ep_009370__007,train_ep_009370,7,customer,char__customer,I was going to see my friend we are going to the pub together,,,False,False
utt__train_ep_009370__008,train_ep_009370,8,king,char__king,"Ok, so you're taking him away from his work place?",,,True,False
utt__train_ep_009370__009,train_ep_009370,9,customer,char__customer,"He gets off of work for luch, the blacksmith allows it",,,False,False
utt__train_ep_009370__010,train_ep_009370,10,king,char__king,"Ok, hope you don't keep too long outside",,,True,False
utt__train_ep_009370__011,train_ep_009370,11,customer,char__customer,They usually have the stew out quickly we will be back in a jiffy,,,False,False
utt__train_ep_009370__012,train_ep_009370,12,king,char__king,"I hope so, so what do you do?",,,True,False
utt__train_ep_009370__013,train_ep_009370,13,customer,char__customer,I just came to the market to try the new corn. I am a housewife. ,,,False,False
utt__train_ep_009379__000,train_ep_009379,0,king,char__king,hello,,,True,False
utt__train_ep_009379__001,train_ep_009379,1,chef,char__chef,Dinner will be magnificant today my king,,,False,True
utt__train_ep_009379__002,train_ep_009379,2,king,char__king,hmmmmnnn...i anticipate that,,,True,False
utt__train_ep_009379__003,train_ep_009379,3,chef,char__chef,Tell me are you in the mood for cake or pudding?,,,False,False
utt__train_ep_009379__004,train_ep_009379,4,king,char__king,I would love some cake! wew!,,,True,False
utt__train_ep_009379__005,train_ep_009379,5,chef,char__chef,I have some ready now if you would like a snack,,,False,False
utt__train_ep_009379__006,train_ep_009379,6,king,char__king,yipeeeeeee,,,True,False
utt__train_ep_009379__007,train_ep_009379,7,chef,char__chef,"Here you go, there is a plate waiting for you on the counter",,give fork to king,False,False
utt__train_ep_009379__008,train_ep_009379,8,king,char__king,hmmmmnnnn..I think I really need to promote you,,,True,False
utt__train_ep_009379__009,train_ep_009379,9,chef,char__chef,It's called a carrot cake.,,,False,False
utt__train_ep_009379__010,train_ep_009379,10,king,char__king,cake made out of carrot?,,,True,False
utt__train_ep_009379__011,train_ep_009379,11,chef,char__chef,"Yes, you wouldn't think so but it makes the cake so moist and yummy.",,,False,False
utt__train_ep_009379__012,train_ep_009379,12,king,char__king,i would like more serving of this,,,True,False
utt__train_ep_009379__013,train_ep_009379,13,chef,char__chef,"Of course my king, you can have as much as you like!",,,False,True
utt__train_ep_009381__000,train_ep_009381,0,spider,char__spider,hello,,,False,False
utt__train_ep_009381__001,train_ep_009381,1,king,char__king,"I knew I would find you here, did you get that information you talked to me about?",,,True,False
utt__train_ep_009381__002,train_ep_009381,2,spider,char__spider,i didnt....it was kept more securely,,,False,False
utt__train_ep_009381__003,train_ep_009381,3,king,char__king,"Kept securly, you are suppose to evesdrop, did you go or not?",,,True,False
utt__train_ep_009381__004,train_ep_009381,4,spider,char__spider,"well, your highness, i tried my best really",,,False,False
utt__train_ep_009381__005,train_ep_009381,5,king,char__king,"You will have to try again, that is all there is to it.",,,True,False
utt__train_ep_009381__006,train_ep_009381,6,spider,char__spider,Let me get going then,,,False,False
utt__train_ep_009381__007,train_ep_009381,7,king,char__king,"I can't beleive you didn't get the information, the kingdom rides on this spider!",frown,,True,False
utt__train_ep_009381__008,train_ep_009381,8,spider,char__spider,I am really sorry for my incompetence,,,False,False
utt__train_ep_009381__009,train_ep_009381,9,king,char__king,"You are an insect I suppose, do this right and I will bring you that faery you wanted the other day.",,,True,False
utt__train_ep_009381__010,train_ep_009381,10,spider,char__spider,i will get it right this time,,hug king,False,False
utt__train_ep_009381__011,train_ep_009381,11,king,char__king,"You better, I don't know what all this hugging is about. ",,,True,False
utt__train_ep_009381__012,train_ep_009381,12,spider,char__spider,a way of appreciating your understanding,,,False,False
utt__train_ep_009381__013,train_ep_009381,13,king,char__king,"Alright, I understand just fine. stay safe ok, I can't get another talking spider",,,True,False
utt__train_ep_009387__000,train_ep_009387,0,king,char__king,You look magnificent today my Queen,,,True,False
utt__train_ep_009387__001,train_ep_009387,1,queen,char__queen,"Thank you, my love",,,False,False
utt__train_ep_009387__002,train_ep_009387,2,king,char__king,How are you today? ,,,True,False
utt__train_ep_009387__003,train_ep_009387,3,queen,char__queen,"Very well my King, anything interesting going on in the kingdom today?",,,False,True
utt__train_ep_009387__004,train_ep_009387,4,king,char__king,The ginger twins came in again today wanting a loan for their egg buisiness. She claims we should have one producer of eggs so no one else has to deal with it.,,,True,False
utt__train_ep_009387__005,train_ep_009387,5,queen,char__queen,So what did you say?,,,False,False
utt__train_ep_009387__006,train_ep_009387,6,king,char__king,"I don't think it is a good idea to have one producer for everything, I mean what if they all get a disease. ",,,True,False
utt__train_ep_009387__007,train_ep_009387,7,queen,char__queen,"Yes, that's a good point. So we don't get shortages when anything happens to their eggs",,,False,False
utt__train_ep_009387__008,train_ep_009387,8,king,char__king,"That would be disasterous. I am going to think about how I can appease them with something though, they just keep asking.",,,True,False
utt__train_ep_009387__009,train_ep_009387,9,queen,char__queen,"I can't imagine having only one egg producer, what happens when they decide to inflate prices",,,False,False
utt__train_ep_009387__010,train_ep_009387,10,king,char__king,"There won't be only one, I was thinking I could let them set something up outside of the kingdom, like a before you get to our kingdom you can go to their egg hut",,,True,False
utt__train_ep_009387__011,train_ep_009387,11,queen,char__queen,"That would be a good idea, and they would be the first to meet before getting in the kingdom, so they sell at any price for the outsiders coming into the kingdom",,,False,False
utt__train_ep_009387__012,train_ep_009387,12,king,char__king,"Yes and we can tax it of course, they could even prepare them for travelors",,,True,False
utt__train_ep_009387__013,train_ep_009387,13,queen,char__queen,Yeah and we could put a military outpost close to their store,,,False,False
utt__train_ep_009409__000,train_ep_009409,0,queen,char__queen,My king I do most certainly need a new cushion for my throne!,,,False,True
utt__train_ep_009409__001,train_ep_009409,1,king,char__king,Ok my dear I would love to get you a new cushion. Maybe the seamstress can make one especially for my Royal Queen,,,True,False
utt__train_ep_009409__002,train_ep_009409,2,queen,char__queen,"I certainly do hope so, just look at it. It is pitifully flat these days.",,,False,False
utt__train_ep_009409__003,train_ep_009409,3,king,char__king,"What do you think of the new painting my dear? It has a Gold frame, just like you like.",,,True,False
utt__train_ep_009409__004,train_ep_009409,4,queen,char__queen,It is quite nice that you now mention it.,,,False,False
utt__train_ep_009409__005,train_ep_009409,5,king,char__king,"It shows you in a great light, so beutiful",,,True,False
utt__train_ep_009409__006,train_ep_009409,6,queen,char__queen,Thank you for your kind words my king.,,,False,True
utt__train_ep_009409__007,train_ep_009409,7,king,char__king,"I think it is my favorite painting of you, Rwar",,,True,False
utt__train_ep_009409__008,train_ep_009409,8,queen,char__queen,Are you growling at me?,,,False,False
utt__train_ep_009409__009,train_ep_009409,9,king,char__king,You are so fine my lady,,hug queen,True,False
utt__train_ep_009409__010,train_ep_009409,10,queen,char__queen,You haven't seen the chambermaid around have you dear?,,,False,False
utt__train_ep_009409__011,train_ep_009409,11,king,char__king,"Why no, I think I seen her go down the hall to the Kitchen",,,True,False
utt__train_ep_009409__012,train_ep_009409,12,queen,char__queen,"Hmm she is supposed to be cleaning, sometimes I wonder about that girl.",,,False,False
utt__train_ep_009409__013,train_ep_009409,13,king,char__king,"She had her hands full dear she wasn't going on an evening stroll. It's tough being the king you know, help me relax",,,True,True
utt__train_ep_009520__000,train_ep_009520,0,young student reading a book beneath a dogwood tree,char__young_student_reading_a_book_beneath_a_dogwood_tree,hello,,,False,False
utt__train_ep_009520__001,train_ep_009520,1,king,char__king,"Hello, dear child. What book are you reading?",,,True,False
utt__train_ep_009520__002,train_ep_009520,2,young student reading a book beneath a dogwood tree,char__young_student_reading_a_book_beneath_a_dogwood_tree,some history book,,,False,False
utt__train_ep_009520__003,train_ep_009520,3,king,char__king,You don't sound very excited about it! History is what has made our world! These royal gardens wouldn't be here were it not for our history!,,,True,False
utt__train_ep_009520__004,train_ep_009520,4,young student reading a book beneath a dogwood tree,char__young_student_reading_a_book_beneath_a_dogwood_tree,"To say the truth, I find it really boring",,,False,False
utt__train_ep_009520__005,train_ep_009520,5,king,char__king,"Don't worry, I found it boring when I was your age, too. But with age, you will grow to appreciate it.",,,True,False
utt__train_ep_009520__006,train_ep_009520,6,young student reading a book beneath a dogwood tree,char__young_student_reading_a_book_beneath_a_dogwood_tree,I will put in all my best in it,,,False,False
utt__train_ep_009520__007,train_ep_009520,7,king,char__king,"Don't get discouraged, I have faith in you!",,hug a young student reading a book beneath a dogwood tree,True,False
utt__train_ep_009520__008,train_ep_009520,8,young student reading a book beneath a dogwood tree,char__young_student_reading_a_book_beneath_a_dogwood_tree,Thanks a lot king,,,False,True
utt__train_ep_009520__009,train_ep_009520,9,king,char__king,And don't ever be afraid to ask questions!,,,True,False
utt__train_ep_009520__010,train_ep_009520,10,young student reading a book beneath a dogwood tree,char__young_student_reading_a_book_beneath_a_dogwood_tree,I wont be,,,False,False
utt__train_ep_009520__011,train_ep_009520,11,king,char__king,What interests do you have at school?,,,True,False
utt__train_ep_009520__012,train_ep_009520,12,young student reading a book beneath a dogwood tree,char__young_student_reading_a_book_beneath_a_dogwood_tree,I love science a lot,,,False,False
utt__train_ep_009520__013,train_ep_009520,13,king,char__king,Perhaps you will be a great scientist one day! We can always use deep thinkers!,,,True,False
utt__train_ep_009593__000,train_ep_009593,0,guard,char__guard,Hello my King!,,,False,True
utt__train_ep_009593__001,train_ep_009593,1,king,char__king,Good day guard.  What news of the battle do you bring?,,,True,False
utt__train_ep_009593__002,train_ep_009593,2,guard,char__guard,"Well, do you want the good news, or the bad news first?",,,False,False
utt__train_ep_009593__003,train_ep_009593,3,king,char__king,Give me the bad first.,,,True,False
utt__train_ep_009593__004,train_ep_009593,4,guard,char__guard,"The battle is a completely loss, our forces routed as soon as we came into contact with the badger-cultists.",,,False,False
utt__train_ep_009593__005,train_ep_009593,5,king,char__king,And you said there is good news?,sigh,,True,False
utt__train_ep_009593__006,train_ep_009593,6,guard,char__guard,"Yes my King, the good news is that the majority of your forces fled so quickly that they were not captured, killed, mutilated, or eaten.  Why, at least three quarters of your men seem to have made it to the safety of the castle walls.",,,False,True
utt__train_ep_009593__007,train_ep_009593,7,king,char__king,Well that's good news indeed. ,smile,,True,False
utt__train_ep_009593__008,train_ep_009593,8,guard,char__guard,What is our next move sire?,,,False,False
utt__train_ep_009593__009,train_ep_009593,9,king,char__king,"We need to regroup, see what men we have left and take care of those badger-cultists once and for good.",ponder,,True,False
utt__train_ep_009593__010,train_ep_009593,10,guard,char__guard,Shall you lead them this time sire?,,,False,False
utt__train_ep_009593__011,train_ep_009593,11,king,char__king,Aye with me leading the battle we shall surely not lose this time.,nod,,True,False
utt__train_ep_009593__012,train_ep_009593,12,guard,char__guard,FOR THE KING!,scream,,False,True
utt__train_ep_009593__013,train_ep_009593,13,king,char__king,For the King!,grin,,True,True
utt__train_ep_009594__000,train_ep_009594,0,king,char__king,"Good Morning horse, how are you today?",,hug horse,True,False
utt__train_ep_009594__001,train_ep_009594,1,horse,char__horse,Fine sir. At your service,,,False,False
utt__train_ep_009594__002,train_ep_009594,2,king,char__king,can you hold this in your saddle bag for me?,,give scepter to horse,True,False
utt__train_ep_009594__003,train_ep_009594,3,horse,char__horse,"Of course, my king. What plans for the day?",,,False,True
utt__train_ep_009594__004,train_ep_009594,4,king,char__king,"we need to trim these shrubs, there are too many birds living in them",,get shrub,True,False
utt__train_ep_009594__005,train_ep_009594,5,horse,char__horse,At once! I will start ripping them out with my mouth and hooves,,,False,False
utt__train_ep_009594__006,train_ep_009594,6,king,char__king,"thank you, you are a great horse, how long do you think it will take",smile,,True,False
utt__train_ep_009594__007,train_ep_009594,7,horse,char__horse,It will take some time my lord. But I will not rest until they are all gone,,,False,False
utt__train_ep_009594__008,train_ep_009594,8,king,char__king,"all this mist is making my crown wet, can you please hold this as well.  Do not lose it as it is very important",,remove crown,True,False
utt__train_ep_009594__009,train_ep_009594,9,horse,char__horse,"Of course, sire. I will guard it with my life. Thank you for trusting me all these years",,,False,False
utt__train_ep_009594__010,train_ep_009594,10,king,char__king,"thank you, I need to be getting back to the kingdom now",,,True,False
utt__train_ep_009594__011,train_ep_009594,11,horse,char__horse,And it shall be so. I will take you home to the queen and I will return to finish dealing with any shrubs that remain,nod,,False,False
utt__train_ep_009594__012,train_ep_009594,12,king,char__king,"onward noble steed, make haste",,,True,False
utt__train_ep_009594__013,train_ep_009594,13,horse,char__horse,Yes sir,nod,,False,False
utt__train_ep_009601__000,train_ep_009601,0,king,char__king,How are you today my queen?,,,True,False
utt__train_ep_009601__001,train_ep_009601,1,queen,char__queen,Good day my darling.  I am well. ,,,False,False
utt__train_ep_009601__002,train_ep_009601,2,king,char__king,"I apologize for taking so long in getting here to engage in our conversation, I got a little tied up.",,,True,False
utt__train_ep_009601__003,train_ep_009601,3,queen,char__queen,"That's alright my love, you are here now.",,give coin to king,False,False
utt__train_ep_009601__004,train_ep_009601,4,king,char__king,That I am and I will devote my attention to you.,,,True,False
utt__train_ep_009601__005,train_ep_009601,5,queen,char__queen,What took your attention from me prior to this my darling?,,,False,False
utt__train_ep_009601__006,train_ep_009601,6,king,char__king,"Well you see my dear, I was trying to mix some music. But you see unfortunately there was some background noise.",,,True,False
utt__train_ep_009601__007,train_ep_009601,7,queen,char__queen,Mix some music? Whatever do you mean my dear?,,,False,False
utt__train_ep_009601__008,train_ep_009601,8,king,char__king,"Well you know, trying to get everything to sound appropriate. I mean I do have hobbies outside of my duties to the kingdom, I am sorry it kept me from you.",,,True,False
utt__train_ep_009601__009,train_ep_009601,9,queen,char__queen,"Here you go my dear, I grabbed your ring by mistake this morning.",,give Ring to king,False,False
utt__train_ep_009601__010,train_ep_009601,10,king,char__king,"Ah thank you, I do always forget it everywhere. I try hard to not get it dirty after all. How about a walk around the castle grounds?",,,True,False
utt__train_ep_009601__011,train_ep_009601,11,queen,char__queen,That sounds lovely my darling. ,nod,,False,False
utt__train_ep_009601__012,train_ep_009601,12,king,char__king,"I do quite enjoy our walks together, though we do not get to as often anymore.",,,True,False
utt__train_ep_009601__013,train_ep_009601,13,queen,char__queen,Aye you are a busy man.  I feel lucky that I get to spend this time with you.,,,False,False
utt__train_ep_009615__000,train_ep_009615,0,his father,char__his_father,Hello my King! I come before you to ask for gold to feed my son!,,,False,True
utt__train_ep_009615__001,train_ep_009615,1,king,char__king,"I see, and tell me sir, why can your son not earn gold for himself?  He looks to be of working age.",,,True,False
utt__train_ep_009615__002,train_ep_009615,2,his father,char__his_father,"He is of age...but...sometimes he is too mentally incapacitated! I beg ye for just 10 gold shillings! My king! Here is my heirloom, it shows that my family blood has been loyal to you for decades!",,give family heirloom to king,False,True
utt__train_ep_009615__003,train_ep_009615,3,king,char__king,"You put me in a difficult position sir. I want to help, but this is a dangerous precedent to set. Tell me, is there anything you can do for the kingdom to help as recompense? ",,,True,False
utt__train_ep_009615__004,train_ep_009615,4,his father,char__his_father,I can become a knife for your royal army! How does that sound?,,,False,False
utt__train_ep_009615__005,train_ep_009615,5,king,char__king,"Well war time is approaching, and there always is a need for good soldiers. Do you have any fighting experience?",,,True,False
utt__train_ep_009615__006,train_ep_009615,6,his father,char__his_father,I do not...but I do have quite the temper! Can your general teach me some sword skills?,,,False,False
utt__train_ep_009615__007,train_ep_009615,7,king,char__king,"He is quite a warrior, he could teach anyone. Tell you what, if this is to work, you'll need to commit to training first thing in the morning. Can you do that?",,,True,False
utt__train_ep_009615__008,train_ep_009615,8,his father,char__his_father,Why yes I certainly can! Is there a reason why this fool is standing next to you?,,give trinket to fool,False,False
utt__train_ep_009615__009,train_ep_009615,9,king,char__king,"Oh, after a long day of ruling the kingdom, I like to have him preform for me and take away the stresses of the day.",,,True,False
utt__train_ep_009615__010,train_ep_009615,10,his father,char__his_father,Ah I did not know that! I shall take back my jewelry! Is it fine if I try on your crown?,,steal crown from king,False,False
utt__train_ep_009615__011,train_ep_009615,11,king,char__king,Goodness no! Return that to me immediately.,,,True,False
utt__train_ep_009615__012,train_ep_009615,12,his father,char__his_father,I am the King now! My family shall now be of royal blood!,,wear crown,False,True
utt__train_ep_009615__013,train_ep_009615,13,king,char__king,This will not stand! My guards will be here shortly to remove you from this castle!,,hit his father,True,False
utt__train_ep_009721__000,train_ep_009721,0,king,char__king,ugh This place is filthy.,,,True,False
utt__train_ep_009721__001,train_ep_009721,1,rat,char__rat,"Yup, hard to find many tasty morsels in here.",,,False,False
utt__train_ep_009721__002,train_ep_009721,2,king,char__king,Woah you can talk?!,,,True,False
utt__train_ep_009721__003,train_ep_009721,3,rat,char__rat,"Oh yeah, big time.  Who are you again?",,,False,False
utt__train_ep_009721__004,train_ep_009721,4,king,char__king,Why I am the King. All of this land is mine.,,,True,True
utt__train_ep_009721__005,train_ep_009721,5,rat,char__rat,"Well, I never voted for you.",,,False,False
utt__train_ep_009721__006,train_ep_009721,6,king,char__king,I wouldn't accept a rat vote anyway.,,,True,False
utt__train_ep_009721__007,train_ep_009721,7,rat,char__rat,"Well, good thing I didn't vote for you.  I prefer to be ruled by rats.",,,False,False
utt__train_ep_009721__008,train_ep_009721,8,king,char__king,Makes sense. You rats have no idea what it's like to be human.,,,True,False
utt__train_ep_009721__009,train_ep_009721,9,rat,char__rat,"Not really, seems all you do is harm the environment . . . not particularly admirable if you ask me.",,,False,False
utt__train_ep_009721__010,train_ep_009721,10,king,char__king,We have our flaws but our intentions are good....most of the time.,sigh,,True,False
utt__train_ep_009721__011,train_ep_009721,11,rat,char__rat,So why are you in the debtor's prison anyway?  Forget to pay back your loan to the banking clan?,,,False,False
utt__train_ep_009721__012,train_ep_009721,12,king,char__king,No i needed somewhere to clear my mind. I thought no one would be here.,,,True,False
utt__train_ep_009721__013,train_ep_009721,13,rat,char__rat,"Well, couldn't you take a walk in a garden instead?",,,False,False
utt__train_ep_009771__000,train_ep_009771,0,king,char__king,"Brother, I have decided to make you a knight of the realm!",,,True,False
utt__train_ep_009771__001,train_ep_009771,1,brother,char__brother,I am quite honored! Thank you for your kindness.,,hug king,False,False
utt__train_ep_009771__002,train_ep_009771,2,king,char__king,"No need to thank me, it is what you always wanted - and now, at the age of eighty three, I think you have earned it!",,,True,False
utt__train_ep_009771__003,train_ep_009771,3,brother,char__brother,An achievement no less. Are we here in the armory to pick out my regalia?,grin,,False,False
utt__train_ep_009771__004,train_ep_009771,4,king,char__king,Yes!  You will carry this war Axe as a symbol of your office.,,get Axe,True,False
utt__train_ep_009771__005,train_ep_009771,5,brother,char__brother,"What do you say we have a little duel before my promotion? You know I like to play rough, but our sisters don't care much for it.",,,False,False
utt__train_ep_009771__006,train_ep_009771,6,king,char__king,"I suppose brother, though at the age of eighty-five I'm not nearly the shot I used to be.  Can you believe it has been Seventy years that I have held the throne?",,get crossbow,True,False
utt__train_ep_009771__007,train_ep_009771,7,brother,char__brother,"A great time of rule indeed. But now is not the time for chatter, on guard! Your move, King.",,get sword,False,True
utt__train_ep_009771__008,train_ep_009771,8,king,char__king,It seems my first shot has gone wide brother!,,,True,False
utt__train_ep_009771__009,train_ep_009771,9,brother,char__brother,Looks like being younger keeps me sharp.,,hit king,False,False
utt__train_ep_009771__010,train_ep_009771,10,king,char__king,"Neither of us are quite as young as we once were . . . .ooooh, my angina.",,hit brother,True,False
utt__train_ep_009771__011,train_ep_009771,11,brother,char__brother,"You've still got quite the strike! Perhaps we should pick me out a sword too for my promotion, wouldn't you say?",nod,,False,False
utt__train_ep_009771__012,train_ep_009771,12,king,char__king,*wheeze* We could . . . have one . . .*cough* . . . custom made . . .,,,True,False
utt__train_ep_009771__013,train_ep_009771,13,brother,char__brother,I want one forged just like this! Father used to carry one when he hunted.,,remove sword,False,False
utt__train_ep_009793__000,train_ep_009793,0,king,char__king,"Servant, have you seen my loofa?",,,True,False
utt__train_ep_009793__001,train_ep_009793,1,servant,char__servant,Have you checked underneath your person your grace?,,,False,False
utt__train_ep_009793__002,train_ep_009793,2,king,char__king,I do not think I feel it there...,,,True,False
utt__train_ep_009793__003,train_ep_009793,3,servant,char__servant,"Try the er, other side of your person your grace.",,,False,False
utt__train_ep_009793__004,train_ep_009793,4,king,char__king,"Oh my how did it get in there, I may need a new one.",,,True,False
utt__train_ep_009793__005,train_ep_009793,5,servant,char__servant,"Yes, your grace, I believe it has been rather, shall we say, well used.",,,False,False
utt__train_ep_009793__006,train_ep_009793,6,king,char__king,I can have another can't I?,,,True,False
utt__train_ep_009793__007,train_ep_009793,7,servant,char__servant,"Oh yes your grace, as soon as you get permission from parliament.",,,False,False
utt__train_ep_009793__008,train_ep_009793,8,king,char__king,"Nonsense, they cannot hold me back from loofas. Also I want a pink one, that is my favorite.",,,True,False
utt__train_ep_009793__009,train_ep_009793,9,servant,char__servant,I shall ask the prime minister to present the Pink Loofa to parliament at the next sitting in the spring.,,,False,False
utt__train_ep_009793__010,train_ep_009793,10,king,char__king,"Fine, but it needs to be quickly boy, quickly.",,,True,False
utt__train_ep_009793__011,train_ep_009793,11,servant,char__servant,"Well, the act for the accoutrement of the King's person requires a two thirds majority in the lower house, then must also pass in the upper house before receiving your royal assent.  Ninety days, tops, your grace.",,,False,False
utt__train_ep_009793__012,train_ep_009793,12,king,char__king,Politics are so annoying.,,,True,False
utt__train_ep_009793__013,train_ep_009793,13,servant,char__servant,Indeed!  If only you hadn't signed the Constitutional Monarchy Act.,,,False,False
utt__train_ep_009797__000,train_ep_009797,0,queen,char__queen,My King! How are you doing this evening?,,,False,True
utt__train_ep_009797__001,train_ep_009797,1,king,char__king,Wonderful for seeing you.  Why don't we walk through this garden together and talk.,,,True,False
utt__train_ep_009797__002,train_ep_009797,2,queen,char__queen,I have different things in mind. You know...we should spend some more intimate time together...,,remove dress,False,False
utt__train_ep_009797__003,train_ep_009797,3,king,char__king,What are you doing? We are in the church garden!,,,True,False
utt__train_ep_009797__004,train_ep_009797,4,queen,char__queen,"My body is your temple. But first, let us talk about a new cushion seat for my throne!",,drop dress,False,False
utt__train_ep_009797__005,train_ep_009797,5,king,char__king,Is there a problem with the one there now?,,,True,False
utt__train_ep_009797__006,train_ep_009797,6,queen,char__queen,Yes! It is so uncomfortable and it hurts my behind after a long session of hearing royalties!,pout,,False,False
utt__train_ep_009797__007,train_ep_009797,7,king,char__king,"I am sorry queen, you never need suffer.  Tomorrow a new seat will be installed.  Why have you said nothing before?",,,True,False
utt__train_ep_009797__008,train_ep_009797,8,queen,char__queen,I was too scared to ask you. I thought you were going to lock me up in prison for being rude. I'm sorry!,blush,,False,False
utt__train_ep_009797__009,train_ep_009797,9,king,char__king,"I would never, you are my wife and the queen.  I must say speaking to you when you are like this is a little distracting.  Could you possibly put the dress back on until we are done speaking?",,,True,False
utt__train_ep_009797__010,train_ep_009797,10,queen,char__queen,But I was just getting started? My King! Let me serve you!,,hug king,False,True
utt__train_ep_009797__011,train_ep_009797,11,king,char__king,Do you think it is safe in public like this?  What will the public think?,,,True,False
utt__train_ep_009797__012,train_ep_009797,12,queen,char__queen,The public will think we are just like the beautiful flowers blooming near the grass. Beautiful in sight!,smile,,False,False
utt__train_ep_009797__013,train_ep_009797,13,king,char__king,You have a way with words.,laugh,,True,False
utt__train_ep_009802__000,train_ep_009802,0,king,char__king,This is an abomination!,,,True,False
utt__train_ep_009802__001,train_ep_009802,1,townperson,char__townperson,What is your Majesty?,,,False,False
utt__train_ep_009802__002,train_ep_009802,2,king,char__king,"This, this place of bad magic!  How can herbs heal what the priests can't? ",,,True,False
utt__train_ep_009802__003,train_ep_009802,3,townperson,char__townperson,Because some times wounds and sicknesses need more than a priest to heal. They need actual medicine,,,False,False
utt__train_ep_009802__004,train_ep_009802,4,king,char__king,That is ridiculous!  Who told you such poppycock?,,,True,False
utt__train_ep_009802__005,train_ep_009802,5,townperson,char__townperson,"My mother. And she is nowhere near stupid, and doesn't believe in nonsense. ",,,False,False
utt__train_ep_009802__006,train_ep_009802,6,king,char__king,"Look, it is clear that your chakras are out of whack.  As king, I order you to submit to the powers of my chartreuse healing crystal.",,,True,True
utt__train_ep_009805__000,train_ep_009805,0,soldier,char__soldier,hello,,,False,False
utt__train_ep_009805__001,train_ep_009805,1,king,char__king,"Your lack of respect is appalling. You shall always address me as ""Your Majesty""",,,True,False
utt__train_ep_009805__002,train_ep_009805,2,soldier,char__soldier,Oh..Your highness. I didnt know you are the one,,,False,False
utt__train_ep_009805__003,train_ep_009805,3,king,char__king,Didn't know? Are you daft? You aren't even fit to die on the spears of the enemy!,frown,,True,False
utt__train_ep_009805__004,train_ep_009805,4,soldier,char__soldier,I am sorry Your highness. I should take my leave,,,False,False
utt__train_ep_009805__005,train_ep_009805,5,king,char__king,You will take my leave when I command it. Not at your own whim!,,,True,False
utt__train_ep_009805__006,train_ep_009805,6,soldier,char__soldier,Alright your highness.,,,False,False
utt__train_ep_009805__007,train_ep_009805,7,king,char__king,Alright? Your cavalier attitude will literally be the cause of your death!,,,True,False
utt__train_ep_009805__008,train_ep_009805,8,soldier,char__soldier,What will you have me do sire?,,,False,False
utt__train_ep_009805__009,train_ep_009805,9,king,char__king,I was going to ignore the threat and eat my dinner anyway but I have it on reliable information that has apprised me of a plot to poison me.,,,True,False
utt__train_ep_009805__010,train_ep_009805,10,soldier,char__soldier,"*thinking - that is not so surprising*   Oh, Kind sire, who dare plot so?",,,False,False
utt__train_ep_009805__011,train_ep_009805,11,king,char__king,It's not important for you to know. Sit. Start with sampling the potatoes and gravy. ,,,True,False
utt__train_ep_009805__012,train_ep_009805,12,soldier,char__soldier,Alright sire,,,False,False
utt__train_ep_009805__013,train_ep_009805,13,king,char__king,Feeling deathly ill yet?,,,True,False
utt__train_ep_009837__000,train_ep_009837,0,maid,char__maid,"What are you doing up here, your majesty?",,,False,False
utt__train_ep_009880__000,train_ep_009880,0,servant,char__servant,"My lord! I beg your pardon, I did not mean to be in your way.",,,False,False
utt__train_ep_009884__000,train_ep_009884,0,king,char__king,"""What a beautiful ballroom we have, hm?""",ponder,,True,False
utt__train_ep_009901__000,train_ep_009901,0,king,char__king,"What a wretched soul are you, to prefer a life of prison to performing a humble task and paying your taxes!",,,True,False
utt__train_ep_009958__000,train_ep_009958,0,king,char__king,"Theif, how do you know of my secret passageway? I will have your head for being down here.",,,True,False
utt__train_ep_010042__000,train_ep_010042,0,king,char__king,So how were the executions today?,,,True,False
utt__train_ep_010044__000,train_ep_010044,0,king,char__king,"Servant, I wish to bathe. Could you bring some hot water and pour it in the tub?",,,True,False
utt__train_ep_010061__000,train_ep_010061,0,guard,char__guard,Good day my brave King.,smile,,False,True
utt__train_ep_010092__000,train_ep_010092,0,subject,char__subject,"Oh, My Lord!  I did not see you come in!",gasp,,False,False
utt__train_ep_010147__000,train_ep_010147,0,king,char__king,"Hello there, My queen. You are looking as radiant as always",,,True,False
utt__train_ep_010162__000,train_ep_010162,0,king,char__king,Hmm let me walk on these stairs...,,,True,False
utt__train_ep_010176__000,train_ep_010176,0,prisoner,char__prisoner,"A King, here in the dungeon? Have ye come to free me?",,,False,True
utt__train_ep_010195__000,train_ep_010195,0,king,char__king,"Servant, bring me my wine.",smile,,True,False
utt__train_ep_010216__000,train_ep_010216,0,king,char__king,"What are you doing here with all these tools, sir? ",frown,,True,False
utt__train_ep_010223__000,train_ep_010223,0,king,char__king,"Bow before your king, murderer!",,,True,True
utt__train_ep_010239__000,train_ep_010239,0,kings,char__kings,"Hello, fellow King, I hope I am not intruding.",,,False,True
utt__train_ep_010243__000,train_ep_010243,0,king,char__king,Hello..,,,True,False
