source_character_id,target_character_id,source_character_name,target_character_name,co_episode_count,is_focus_character_pair
char__court_wizard,char__soldier,court wizard,soldier,1,False
char__person,char__thief,person,thief,8,False
char__fairy,char__witch,fairy,witch,2,False
char__guard,char__prisoner,guard,prisoner,17,False
char__archer,char__king,archer,king,3,True
char__princess,char__troll,princess,troll,6,False
char__field_mice,char__garter_snake,field mice,garter snake,2,False
char__cockroach,char__firemen,cockroach,firemen,1,False
char__homeless_man,char__villager,homeless man,villager,1,False
char__knight,char__mice,knight,mice,15,False
char__mystical_lion,char__wizard_overseer,mystical lion,wizard overseer,6,False
char__priest,char__reindeer,priest,reindeer,1,False
char__werewolf,char__witch,werewolf,witch,5,False
char__fly,char__giant_frog,fly,giant frog,13,False
char__descendant_of_the_sons,char__ghost,descendant of the sons,ghost,3,False
char__knight,char__lady_of_the_court,knight,lady of the court,3,False
char__bandit,char__thief,bandit,thief,2,False
char__knight,char__visitor,knight,visitor,3,False
char__horse,char__queen,horse,queen,3,False
char__assistant,char__bazaar_owner,assistant,bazaar owner,3,False
char__knight,char__pet_dog,knight,pet dog,1,False
char__messenger,char__prince,messenger,prince,2,False
char__friend,char__townsperson,friend,townsperson,1,False
char__drunkard,char__sailor,drunkard,sailor,5,False
char__fairy,char__person,fairy,person,3,False
char__parishioner,char__petitioner,parishioner,petitioner,2,False
char__ghost,char__pirate,ghost,pirate,1,False
char__enemy,char__horse,enemy,horse,9,False
char__fairy,char__thing,fairy,thing,1,False
char__dogs,char__village_chief,dogs,village chief,1,False
char__barn_cat,char__enemy,barn cat,enemy,1,False
char__guard,char__wall_repairman,guard,wall repairman,3,False
char__king_fulmer,char__soldier_named_zinney,king fulmer,soldier named zinney,6,False
char__person,char__scullery_boy,person,scullery boy,4,False
char__lost_traveler,char__roach,lost traveler,roach,2,False
char__concubine,char__foreign_ambassador,concubine,foreign ambassador,1,False
char__eunuch,char__farmer_bob_s_wife,eunuch,farmer bob's wife,1,False
char__pet,char__resident,pet,resident,7,False
char__person,char__squirrel,person,squirrel,7,False
char__grandfather,char__grandmother,grandfather,grandmother,2,False
char__advisor,char__royal_prince,advisor,royal prince,3,False
char__companion,char__person,companion,person,1,False
char__rabbit,char__squirrel,rabbit,squirrel,2,False
char__bat,char__caveman,bat,caveman,3,False
char__robber,char__witch,robber,witch,1,False
char__farmer,char__peasant,farmer,peasant,8,False
char__king,char__sell_swords,king,sell swords,1,True
char__humble_knight,char__lord,humble knight,lord,6,False
char__blacksmith,char__knight,blacksmith,knight,6,False
char__rat,char__rival,rat,rival,1,False
char__groundskeeper_of_the_castle,char__pet_goldfish,groundskeeper of the castle,pet goldfish,3,False
char__dogs,char__queen,dogs,queen,3,False
char__ghosts_of_previous_occupants,char__spider,ghosts of previous occupants,spider,1,False
char__choir_room,char__person,choir room,person,2,False
char__guard,char__person,guard,person,29,False
char__person,char__spelunker,person,spelunker,1,False
char__butterfly,char__fox,butterfly,fox,3,False
char__princess,char__queen,princess,queen,12,False
char__king,char__subjects,king,subjects,7,True
char__bride,char__people,bride,people,3,False
char__king,char__princess,king,princess,17,True
char__knight,char__serving_wench,knight,serving wench,1,False
char__bartender,char__guard,bartender,guard,1,False
char__altar_boy,char__raccoon,altar boy,raccoon,2,False
char__nun,char__priest,nun,priest,13,False
char__dockworker,char__merchant,dockworker,merchant,1,False
char__hiker,char__yeti,hiker,yeti,1,False
char__ambassador,char__servant,ambassador,servant,4,False
char__altar_boy,char__priest,altar boy,priest,11,False
char__blacksmith,char__merchant,blacksmith,merchant,5,False
char__soldier,char__war_officer,soldier,war officer,2,False
char__emperor,char__future_heir_to_the_throne,emperor,future heir to the throne,1,False
char__barbarian,char__homeless_person,barbarian,homeless person,3,False
char__acolyte,char__farmer,acolyte,farmer,1,False
char__king,char__officer,king,officer,7,True
char__king,char__maid,king,maid,40,True
char__brother,char__customer,brother,customer,3,False
char__old_man,char__police,old man,police,2,False
char__queen,char__witch,queen,witch,4,False
char__dragon,char__knight,dragon,knight,5,False
char__cleaning_maid,char__person,cleaning maid,person,1,False
char__faerie,char__talking_cat,faerie,talking cat,1,False
char__boy,char__girl,boy,girl,1,False
char__ghost,char__trolls,ghost,trolls,1,False
char__geese,char__townperson,geese,townperson,1,False
char__butler,char__cook,butler,cook,1,False
char__chef,char__thief,chef,thief,1,False
char__congregant,char__priests,congregant,priests,2,False
char__fool,char__queen,fool,queen,1,False
char__king,char__knight,king,knight,26,True
char__cat,char__maid,cat,maid,2,False
char__father,char__napping_mouse,father,napping mouse,2,False
char__mouse,char__stable_caretaker,mouse,stable caretaker,1,False
char__chef,char__cleaning_person,chef,cleaning person,1,False
char__family_member,char__mother,family member,mother,4,False
char__family_member,char__jester,family member,jester,10,False
char__librarian,char__preist,librarian,preist,6,False
char__cowardly_guard_nervously_awaiting_an_attack,char__large_experienced_guard_with_a_grizzly_expression,cowardly guard nervously awaiting an attack,large experienced guard with a grizzly expression,1,False
char__boar,char__peasant,boar,peasant,2,False
char__person,char__preist,person,preist,15,False
char__congregant,char__mayor,congregant,mayor,1,False
char__bear,char__deer,bear,deer,1,False
char__chambermaid,char__king,chambermaid,king,6,True
char__craftsman,char__trader,craftsman,trader,9,False
char__princess,char__worms,princess,worms,7,False
char__court_jester,char__servant,court jester,servant,11,False
char__caretaker,char__tribesman,caretaker,tribesman,1,False
char__jester,char__subject,jester,subject,6,False
char__courtier,char__king,courtier,king,3,True
char__cat,char__shape_shifting_cat,cat,shape-shifting cat,1,False
char__clergy,char__priest,clergy,priest,3,False
char__mother,char__napping_mouse,mother,napping mouse,1,False
char__horse,char__village_youth,horse,village youth,1,False
char__cleaning_person,char__serving_wench,cleaning person,serving wench,8,False
char__man,char__small_child_cleaning_boat,man,small child cleaning boat,1,False
char__child,char__family_member,child,family member,7,False
char__cardinal,char__goldfinch,cardinal,goldfinch,1,False
char__captured_knight,char__rat_feasting_on_leftovers,captured knight,rat feasting on leftovers,1,False
char__king_s_guardsman,char__king_s_guardsmen,king's guardsman,king's guardsmen,4,False
char__diplomat,char__economist,diplomat,economist,1,False
char__person,char__servant,person,servant,7,False
char__mayor,char__president,mayor,president,5,False
char__beaver,char__troll,beaver,troll,1,False
char__his_wolf_companion_always_at_his_side,char__trader_s_wife_that_traveled_with_him,his wolf companion always at his side,trader's wife that traveled with him,1,False
char__caretaker,char__mourner,caretaker,mourner,7,False
char__person,char__princess,person,princess,11,False
char__queen,char__subject,queen,subject,4,False
char__person,char__priest,person,priest,15,False
char__bishop,char__priest,bishop,priest,9,False
char__large_spider_high_in_one_corner,char__old_maniacal_man,large spider high in one corner,old maniacal man,3,False
char__king_s_architect,char__parishioner,king's architect,parishioner,4,False
char__armorer,char__army,armorer,army,5,False
char__king,char__musician,king,musician,9,True
char__altar_boy,char__organ_player,altar boy,organ player,3,False
char__jacob_s_son,char__monkey_friend,jacob's son,monkey friend,1,False
char__archaeologist,char__robber,archaeologist,robber,4,False
char__no_one,char__vulture,no one,vulture,5,False
char__goat_for_company_for_the_horses,char__veterinarian,goat for company for the horses,veterinarian,3,False
char__lady_of_the_house,char__traveler,lady of the house,traveler,1,False
char__grazing_milk_cow_in_the_background,char__person,grazing milk cow in the background,person,1,False
char__hangman,char__royal,hangman,royal,2,False
char__hawk,char__squire,hawk,squire,1,False
char__animal,char__wise_men,animal,wise men,1,False
char__guest,char__royal_family_member,guest,royal family member,6,False
char__horse,char__horse_thieves,horse,horse thieves,2,False
char__old_woman,char__priest,old woman,priest,2,False
char__dancer,char__guard,dancer,guard,3,False
char__animal,char__boy,animal,boy,4,False
char__fight,char__master_of_ceremonies,fight,master of ceremonies,1,False
char__another_prisoner,char__guard,another prisoner,guard,2,False
char__pig,char__turkey,pig,turkey,2,False
char__peasant,char__person,peasant,person,11,False
char__chef,char__waiter,chef,waiter,2,False
char__king,char__queen,king,queen,111,True
char__cooks,char__maid,cooks,maid,2,False
char__dog,char__half_wild_cat_chasing_away_mice,dog,half-wild cat chasing away mice,3,False
char__guest,char__soldier,guest,soldier,4,False
char__dove,char__village_official,dove,village official,1,False
char__bandit,char__poorer_citizens_of_the_empire,bandit,poorer citizens of the empire,1,False
char__lord,char__nun,lord,nun,2,False
char__hunter,char__man_sleeping_inside,hunter,man sleeping inside,1,False
char__king,char__temple_guard,king,temple guard,4,True
char__animal,char__camper,animal,camper,3,False
char__deer,char__horse,deer,horse,5,False
char__queen,char__royal_dog,queen,royal dog,5,False
char__preacher,char__worshipper,preacher,worshipper,6,False
char__congregant,char__wolf,congregant,wolf,1,False
char__man,char__toucan,man,toucan,1,False
char__child,char__priest,child,priest,3,False
char__person,char__small_animals,person,small animals,14,False
char__patron,char__troubadours,patron,troubadours,1,False
char__fight,char__servant,fight,servant,1,False
char__deckhand,char__wench,deckhand,wench,1,False
char__bird,char__soldier,bird,soldier,2,False
char__alter_boy,char__dogs,alter boy,dogs,1,False
char__mysterious_merchant,char__vendor,mysterious merchant,vendor,1,False
char__monster,char__traveller,monster,traveller,5,False
char__deity,char__priestess,deity,priestess,7,False
char__king_s_dog,char__queen,king's dog,queen,3,False
char__tribe_chief,char__tribesman,tribe chief,tribesman,1,False
char__challenger,char__prisoner,challenger,prisoner,3,False
char__musician,char__ogre,musician,ogre,1,False
char__camera_man,char__king,camera man,king,4,True
char__chicken,char__farmer,chicken,farmer,7,False
char__gravedigger_doing_his_work,char__mourner,gravedigger doing his work,mourner,1,False
char__peasant,char__witch,peasant,witch,6,False
char__maid,char__visitor,maid,visitor,3,False
char__guard,char__king,guard,king,26,True
char__bear,char__wolf,bear,wolf,4,False
char__king,char__parishioner,king,parishioner,5,True
char__guard,char__torture_assistant,guard,torture assistant,2,False
char__castaway,char__person,castaway,person,10,False
char__governor,char__man,governor,man,6,False
char__armed_guardsmen,char__wise_men,armed guardsmen,wise men,4,False
char__person,char__round_man_with_a_bushy_mustache,person,round man with a bushy mustache,2,False
char__priest,char__young_princess,priest,young princess,1,False
char__craftsman,char__prisoner,craftsman,prisoner,1,False
char__knight,char__mage,knight,mage,1,False
char__goblin,char__princess,goblin,princess,1,False
char__peasant,char__thief,peasant,thief,15,False
char__ghost,char__noble,ghost,noble,1,False
char__cricket,char__praying_mantis,cricket,praying mantis,2,False
char__cat,char__roach,cat,roach,3,False
char__jester,char__knight,jester,knight,2,False
char__child,char__secret_lovers_seeking_privacy,child,secret lovers seeking privacy,3,False
char__rabid_rat,char__servant,rabid rat,servant,1,False
char__admiral,char__guard,admiral,guard,1,False
char__gardener_pulling_weeds,char__young_student_reading_a_book_beneath_a_dogwood_tree,gardener pulling weeds,young student reading a book beneath a dogwood tree,2,False
char__clergyman,char__parishioner,clergyman,parishioner,3,False
char__mouse,char__vagabond,mouse,vagabond,1,False
char__fish,char__person,fish,person,5,False
char__insects,char__vulture,insects,vulture,1,False
char__king_fulmer,char__soldier_named_ulmer,king fulmer,soldier named ulmer,9,False
char__castle_guards,char__scullery_boy,castle guards,scullery boy,2,False
char__barn_cat,char__worms,barn cat,worms,2,False
char__friend_of_the_princess,char__maid,friend of the princess,maid,3,False
char__chief_wife,char__concubine,chief wife,concubine,3,False
char__child,char__vendor,child,vendor,2,False
char__concubine,char__mistress,concubine,mistress,4,False
char__queen,char__traveler,queen,traveler,5,False
char__person,char__vagrant,person,vagrant,1,False
char__father,char__grandfather,father,grandfather,3,False
char__queen,char__royal_prince,queen,royal prince,3,False
char__gardener,char__queen,gardener,queen,2,False
char__captain,char__mate,captain,mate,3,False
char__elf,char__witch,elf,witch,1,False
char__albino_fish_totally_blind_swims_in_a_tiny_pool,char__person,albino fish totally blind swims in a tiny pool,person,1,False
char__farmer,char__knight,farmer,knight,1,False
char__child,char__sell_swords,child,sell swords,1,False
char__lady_in_a_white_decadent_dress,char__stable_boy_rushing_in_to_alert_the_knight,lady in a white decadent dress,stable boy rushing in to alert the knight,3,False
char__queen,char__roach,queen,roach,1,False
char__guy_with_the_key_when_he_lets_in_the_king,char__king_himself,guy with the key when he lets in the king,king himself,2,False
char__dogs,char__person,dogs,person,3,False
char__bigfoot,char__person,bigfoot,person,1,False
char__horseflies,char__lizards,horseflies,lizards,1,False
char__mice,char__town_baker,mice,town baker,3,False
char__clergyman,char__freind,clergyman,freind,2,False
char__bird,char__monkey,bird,monkey,3,False
char__king_s_guardsmen,char__person,king's guardsmen,person,1,False
char__chained_cat,char__priest,chained cat,priest,1,False
char__insects,char__sick_person,insects,sick person,1,False
char__blacksmith_apprentice,char__serving_wench,blacksmith apprentice,serving wench,2,False
char__cavalry,char__guard,cavalry,guard,1,False
char__bishop,char__nun,bishop,nun,1,False
char__person_on_a_pilgrimage,char__resting_travelers,person on a pilgrimage,resting travelers,1,False
char__fisherman,char__mariner,fisherman,mariner,2,False
char__soldier,char__villager,soldier,villager,1,False
char__old_wizened_priestess,char__spider,old wizened priestess,spider,1,False
char__ambassador,char__queen,ambassador,queen,1,False
char__child,char__local_artist,child,local artist,1,False
char__person,char__tourist,person,tourist,4,False
char__farmer,char__princess,farmer,princess,1,False
char__queen,char__servant,queen,servant,16,False
char__cat,char__villager,cat,villager,1,False
char__rat_chews_on_a_dropped_hymnbook,char__spider_spins_its_web_in_the_pew_corner,rat chews on a dropped hymnbook,spider spins its web in the pew corner,1,False
char__seagull,char__tern,seagull,tern,1,False
char__captain,char__pirate,captain,pirate,1,False
char__girl,char__rival_jeweler,girl,rival jeweler,2,False
char__ghost,char__shop_keeper,ghost,shop keeper,1,False
char__goblin,char__guard,goblin,guard,3,False
char__butler,char__maid,butler,maid,9,False
char__guest,char__servant,guest,servant,17,False
char__lector,char__nuns,lector,nuns,2,False
char__priest,char__priests,priest,priests,5,False
char__dog,char__mouse,dog,mouse,1,False
char__crow,char__jester,crow,jester,2,False
char__child,char__mother,child,mother,3,False
char__horse,char__stable_hands,horse,stable hands,8,False
char__chef,char__serving_wench,chef,serving wench,6,False
char__knight,char__old_man_with_a_fishing_rod,knight,old man with a fishing rod,1,False
char__captured_knight,char__troll,captured knight,troll,3,False
char__cooker,char__man,cooker,man,1,False
char__baby,char__stray_cat,baby,stray cat,1,False
char__pig,char__villager,pig,villager,4,False
char__invader,char__worms,invader,worms,1,False
char__king,char__party_goers,king,party goers,6,True
char__armorer,char__blacksmith,armorer,blacksmith,3,False
char__follower,char__high_priest,follower,high priest,11,False
char__archaeologist,char__bandit,archaeologist,bandit,11,False
char__lizards,char__toucan,lizards,toucan,2,False
char__king,char__veterinarian,king,veterinarian,2,True
char__guest,char__lady_of_the_house,guest,lady of the house,5,False
char__archer,char__mistress,archer,mistress,1,False
char__book_keeper,char__monk,book keeper,monk,3,False
char__high_priestess,char__worker,high priestess,worker,1,False
char__archer,char__soldier,archer,soldier,14,False
char__alligator,char__swimmer,alligator,swimmer,1,False
char__rabbit,char__wealthy_noble,rabbit,wealthy noble,6,False
char__grandmother,char__priest,grandmother,priest,2,False
char__church_mouse,char__priest,church mouse,priest,3,False
char__sailor,char__some_kind_of_police,sailor,some kind of police,3,False
char__ghost,char__residents_of_the_cottage,ghost,residents of the cottage,6,False
char__horse,char__milkmaid,horse,milkmaid,5,False
char__castle_guards,char__wealthy_bookshop_owner,castle guards,wealthy bookshop owner,1,False
char__rat,char__spider,rat,spider,11,False
char__animal,char__craftsman,animal,craftsman,1,False
char__historian,char__preacher,historian,preacher,5,False
char__gravedigger,char__loved_ones,gravedigger,loved ones,7,False
char__cat,char__royal_family_member,cat,royal family member,3,False
char__guard,char__pirate,guard,pirate,4,False
char__peasant,char__tavern_owner,peasant,tavern owner,1,False
char__graveyard_keeper_who_lives_across_the_yard,char__rat,graveyard keeper who lives across the yard,rat,1,False
char__handmaid,char__maid,handmaid,maid,2,False
char__girl,char__man,girl,man,3,False
char__servant,char__young_maiden,servant,young maiden,4,False
char__animal,char__squirrel,animal,squirrel,2,False
char__priest,char__prince,priest,prince,1,False
char__pastor,char__preacher,pastor,preacher,2,False
char__horse_caretaker_trainer,char__mice,horse caretaker trainer,mice,1,False
char__hog,char__hunting_dog,hog,hunting dog,2,False
char__architect,char__queen,architect,queen,3,False
char__groundskeeper,char__peasant,groundskeeper,peasant,3,False
char__dog,char__watchmen,dog,watchmen,2,False
char__horse,char__pig,horse,pig,1,False
char__peasant,char__resident,peasant,resident,5,False
char__bartender,char__craftsman,bartender,craftsman,3,False
char__king,char__man,king,man,12,True
char__guard,char__peasant,guard,peasant,6,False
char__customer,char__rat,customer,rat,1,False
char__military_commander,char__person,military commander,person,1,False
char__fishermen,char__flirty_barmaid,fishermen,flirty barmaid,4,False
char__assassin,char__king,assassin,king,5,True
char__bird,char__squirrel,bird,squirrel,1,False
char__bird,char__serving_wench,bird,serving wench,1,False
char__captain,char__child,captain,child,2,False
char__maid,char__queen,maid,queen,9,False
char__weary_traveler,char__worshipper,weary traveler,worshipper,4,False
char__angel,char__kings,angel,kings,7,False
char__man,char__vulture,man,vulture,12,False
char__child,char__customer,child,customer,2,False
char__brother,char__king,brother,king,11,True
char__barkeep,char__woman,barkeep,woman,1,False
char__carpenter,char__priests,carpenter,priests,2,False
char__patron,char__priest,patron,priest,6,False
char__pond_visitor,char__traveling_salesmen_stopping_for_a_drink,pond visitor,traveling salesmen stopping for a drink,2,False
char__faery,char__farmer,faery,farmer,2,False
char__clergyman,char__minister,clergyman,minister,3,False
char__lands_lord,char__orc,lands lord,orc,1,False
char__parishioner,char__preacher,parishioner,preacher,2,False
char__spider,char__worker,spider,worker,1,False
char__mourner,char__queen,mourner,queen,3,False
char__attendee,char__emperor,attendee,emperor,1,False
char__king,char__murderer,king,murderer,7,True
char__princess,char__witch,princess,witch,2,False
char__monk,char__priest,monk,priest,15,False
char__painter,char__soldiers,painter,soldiers,1,False
char__dolphin,char__mermaid,dolphin,mermaid,3,False
char__goblin,char__kid,goblin,kid,3,False
char__policeman_walking_a_beat,char__small_aggressive_looking_dog,policeman walking a beat,small aggressive-looking dog,2,False
char__crab,char__person,crab,person,11,False
char__bat,char__spirit,bat,spirit,3,False
char__gecko,char__thief,gecko,thief,2,False
char__rat,char__vigilant_guard,rat,vigilant guard,1,False
char__king,char__lawyer,king,lawyer,10,True
char__cow,char__farmer,cow,farmer,14,False
char__chilling_wind_or_voice,char__gravedigger_doing_his_work,chilling wind or voice,gravedigger doing his work,5,False
char__farmer,char__person,farmer,person,5,False
char__helpers,char__worker,helpers,worker,3,False
char__lord_chamberlain,char__master_of_ceremonies,lord chamberlain,master of ceremonies,1,False
char__policeman_walking_a_beat,char__seagull,policeman walking a beat,seagull,1,False
char__goblin,char__rat,goblin,rat,3,False
char__god,char__person,god,person,4,False
char__gecko,char__tribesman,gecko,tribesman,3,False
char__masked_torturer,char__vigilant_guard,masked torturer,vigilant guard,2,False
char__fairy,char__ogre,fairy,ogre,1,False
char__congregant,char__king,congregant,king,1,True
char__farmer,char__milk_maid,farmer,milk maid,4,False
char__magical_being,char__steward,magical being,steward,1,False
char__local_artist,char__person,local artist,person,1,False
char__attendee,char__watchman,attendee,watchman,2,False
char__farmer,char__priest,farmer,priest,3,False
char__thief,char__vendor,thief,vendor,6,False
char__adventurer,char__ghost,adventurer,ghost,3,False
char__knight_in_shining_armor,char__mermaid,knight in shining armor,mermaid,3,False
char__gravedigger,char__thief,gravedigger,thief,4,False
char__bat,char__rat,bat,rat,6,False
char__mourner,char__war_officer,mourner,war officer,1,False
char__ogre,char__trolls,ogre,trolls,5,False
char__fighters,char__king,fighters,king,1,True
char__insects,char__parent,insects,parent,2,False
char__altar_boy,char__king,altar boy,king,1,True
char__camera_man,char__child,camera man,child,1,False
char__bears_cubs_it_fights_to_protect,char__wolf,bears cubs it fights to protect,wolf,1,False
char__guard,char__high_priest,guard,high priest,1,False
char__rat,char__servant,rat,servant,8,False
char__drunk_reeling_out_of_the_saloon,char__person,drunk reeling out of the saloon,person,1,False
char__fox,char__mariner,fox,mariner,1,False
char__governor,char__woman,governor,woman,4,False
char__soldier,char__wise_men,soldier,wise men,3,False
char__guard,char__rat,guard,rat,15,False
char__eagle,char__priest,eagle,priest,3,False
char__offender,char__rodent,offender,rodent,1,False
char__ghost,char__grounds_keeper,ghost,grounds keeper,1,False
char__dragon_who_breathes_fire_and_won_t_let_her_out,char__princess_who_lives_in_the_castle_and_can_t_escape,dragon who breathes fire and won't let her out,princess who lives in the castle and can't escape,4,False
char__bird,char__wolves,bird,wolves,3,False
char__member,char__troll,member,troll,1,False
char__explorer,char__homeless_man,explorer,homeless man,3,False
char__bat,char__cockroach,bat,cockroach,4,False
char__guard,char__mystical_lion,guard,mystical lion,1,False
char__blacksmith,char__gnome,blacksmith,gnome,1,False
char__peasant,char__priest,peasant,priest,14,False
char__princess,char__unicorn_groomer,princess,unicorn groomer,2,False
char__cat,char__witch,cat,witch,3,False
char__although_the_temple_is_full_no_one_is_speaking_and_all_you_can_hear_are_muted_scuffling_feet,char__monk,although the temple is full no one is speaking and all you can hear are muted scuffling feet,monk,2,False
char__assassin,char__witch,assassin,witch,1,False
char__fairy,char__ornate_birds,fairy,ornate birds,5,False
char__deckhand,char__woman,deckhand,woman,1,False
char__lady_of_the_hour,char__trolls,lady of the hour,trolls,1,False
char__dignitary,char__queen,dignitary,queen,1,False
char__boat_captain,char__sailor,boat captain,sailor,1,False
char__captain_of_the_guard,char__messenger,captain of the guard,messenger,2,False
char__man_woman,char__person,man woman,person,2,False
char__goddess,char__king,goddess,king,5,True
char__book_keeper,char__townsperson,book keeper,townsperson,1,False
char__child_lost_from_his_mother,char__owner,child lost from his mother,owner,1,False
char__explorer,char__mouse,explorer,mouse,1,False
char__creature,char__lizard,creature,lizard,1,False
char__beaver,char__fish,beaver,fish,11,False
char__fisher,char__stinging_scorpion,fisher,stinging scorpion,1,False
char__nobleman,char__troll,nobleman,troll,1,False
char__king_fulmer,char__preacher,king fulmer,preacher,1,False
char__bodyguard,char__scullery_boy,bodyguard,scullery boy,1,False
char__roach,char__spider,roach,spider,1,False
char__bodyguard,char__intruder,bodyguard,intruder,9,False
char__child,char__foreign_ambassador,child,foreign ambassador,2,False
char__mistress,char__sword_makers,mistress,sword makers,1,False
char__bat_queen,char__resident,bat queen,resident,1,False
char__guest,char__queen,guest,queen,8,False
char__grandmother,char__infant,grandmother,infant,1,False
char__bird,char__dog,bird,dog,6,False
char__beggar,char__person,beggar,person,1,False
char__boatswain,char__captain,boatswain,captain,3,False
char__gamekeeper,char__milk_maid,gamekeeper,milk maid,1,False
char__outlaw,char__robber,outlaw,robber,2,False
char__frog,char__old_men,frog,old men,1,False
char__king,char__wife,king,wife,1,True
char__knight,char__servant,knight,servant,9,False
char__king,char__rival,king,rival,1,True
char__groundskeeper_of_the_castle,char__his_wife,groundskeeper of the castle,his wife,12,False
char__council_man,char__dogs,council man,dogs,2,False
char__jailer,char__rat,jailer,rat,2,False
char__director,char__mayor,director,mayor,4,False
char__bishop,char__traveler,bishop,traveler,2,False
char__bee,char__chameleon,bee,chameleon,1,False
char__insects,char__manservant,insects,manservant,1,False
char__blacksmith_apprentice,char__priest,blacksmith apprentice,priest,2,False
char__resting_travelers,char__student,resting travelers,student,1,False
char__bat,char__soldiers,bat,soldiers,1,False
char__bishop,char__choir_member,bishop,choir member,2,False
char__local_artist,char__town_jester,local artist,town jester,1,False
char__groundskeepers,char__queen,groundskeepers,queen,1,False
char__hunter,char__tourist,hunter,tourist,1,False
char__farm_worker,char__homeless_person,farm worker,homeless person,1,False
char__farmer,char__foreman_ordering_his_workers,farmer,foreman ordering his workers,1,False
char__knight,char__prior,knight,prior,2,False
char__firemen,char__old_man,firemen,old man,2,False
char__adventurer,char__seaman,adventurer,seaman,1,False
char__baby_shower,char__weddings,baby shower,weddings,1,False
char__enchantress,char__frog,enchantress,frog,4,False
char__horse_thieves,char__residents_of_the_cottage,horse thieves,residents of the cottage,1,False
char__proprietor,char__townsperson,proprietor,townsperson,5,False
char__concubine,char__woman,concubine,woman,1,False
char__mage,char__mysterious_owner,mage,mysterious owner,1,False
char__butler,char__queen,butler,queen,1,False
char__cooks,char__man,cooks,man,3,False
char__king_and_queen,char__knight,king and queen,knight,1,False
char__monk,char__nuns,monk,nuns,1,False
char__fool,char__king,fool,king,4,True
char__knight,char__rat,knight,rat,1,False
char__clergy,char__priests,clergy,priests,3,False
char__knight,char__marksman,knight,marksman,3,False
char__librarian,char__person,librarian,person,1,False
char__ancient_king,char__queen,ancient king,queen,5,False
char__king_s_guardsman,char__wench,king's guardsman,wench,4,False
char__craftsman,char__king,craftsman,king,5,True
char__peasant,char__wizard,peasant,wizard,1,False
char__bartender,char__person,bartender,person,1,False
char__fish,char__insects,fish,insects,3,False
char__chambermaid,char__queen,chambermaid,queen,5,False
char__trader,char__trader_s_wife_that_traveled_with_him,trader,trader's wife that traveled with him,4,False
char__servant,char__small_living_thing,servant,small living thing,2,False
char__mourner,char__person,mourner,person,2,False
char__person,char__subject,person,subject,1,False
char__farmer,char__friend_of_farmer,farmer,friend of farmer,2,False
char__royal,char__villager,royal,villager,2,False
char__acolyte_preparing_for_evening_prayer_service,char__ghost,acolyte preparing for evening prayer service,ghost,1,False
char__favored_knight,char__queen,favored knight,queen,1,False
char__evil_witch,char__thief,evil witch,thief,1,False
char__executioner,char__jester,executioner,jester,1,False
char__cook,char__son,cook,son,1,False
char__archaeologists,char__woman,archaeologists,woman,1,False
char__mad_king,char__servant,mad king,servant,1,False
char__crow,char__vulture,crow,vulture,2,False
char__ghost_of_a_miner,char__peasant,ghost of a miner,peasant,1,False
char__king,char__raven,king,raven,1,True
char__guard,char__hangman,guard,hangman,2,False
char__her_maid,char__traveler,her maid,traveler,2,False
char__torturer,char__village_official,torturer,village official,2,False
char__lizards,char__snakes,lizards,snakes,5,False
char__bird,char__spider,bird,spider,2,False
char__cow,char__farmers_wife,cow,farmers wife,3,False
char__high_priestess,char__servant,high priestess,servant,8,False
char__janitor,char__priest,janitor,priest,4,False
char__chamber_maid,char__duke,chamber maid,duke,1,False
char__leper,char__person,leper,person,2,False
char__guest,char__knight,guest,knight,3,False
char__farmers,char__woman,farmers,woman,4,False
char__crow,char__mice,crow,mice,1,False
char__peasant,char__reluctant_nun,peasant,reluctant nun,6,False
char__peasant,char__soldier,peasant,soldier,6,False
char__royal_family_member,char__scribe_constantly_writing,royal family member,scribe constantly writing,2,False
char__cleaning_maid,char__priest,cleaning maid,priest,3,False
char__guard,char__high_priestess,guard,high priestess,3,False
char__guard,char__priest,guard,priest,4,False
char__maester,char__monk,maester,monk,1,False
char__knight,char__squire,knight,squire,8,False
char__witch,char__wizard,witch,wizard,1,False
char__castle_guards,char__worker,castle guards,worker,3,False
char__animal,char__child,animal,child,5,False
char__maid,char__spider,maid,spider,5,False
char__executioner,char__guard,executioner,guard,3,False
char__steward,char__visitor,steward,visitor,8,False
char__fellow_traveler,char__god,fellow traveler,god,3,False
char__person,char__waiter,person,waiter,2,False
char__large_black_vulture,char__priest,large black vulture,priest,4,False
char__mouse,char__traveler,mouse,traveler,1,False
char__animal,char__butterfly,animal,butterfly,6,False
char__doctor,char__person,doctor,person,1,False
char__king,char__king_s_mother_who_sits_at_their_side,king,king's mother who sits at their side,2,True
char__rabbit,char__servant,rabbit,servant,1,False
char__horse_caretaker_trainer,char__knights_in_training,horse caretaker trainer,knights in training,1,False
char__kings,char__peasant,kings,peasant,1,False
char__baby,char__member,baby,member,1,False
char__archer,char__maid,archer,maid,7,False
char__animal,char__organism,animal,organism,3,False
char__chef,char__waitress,chef,waitress,4,False
char__archer,char__village_official,archer,village official,1,False
char__cook,char__enemy,cook,enemy,2,False
char__peasant,char__spider,peasant,spider,5,False
char__king,char__soldiers,king,soldiers,2,True
char__civilian,char__trader,civilian,trader,1,False
char__adventurer,char__bandit,adventurer,bandit,13,False
char__chicken,char__man_sleeping_inside,chicken,man sleeping inside,1,False
char__king,char__person,king,person,30,True
char__child,char__fisherman,child,fisherman,14,False
char__bird,char__deer,bird,deer,14,False
char__horse,char__widow,horse,widow,2,False
char__sick_person,char__woman_gathering_supplies,sick person,woman gathering supplies,1,False
char__angel,char__demon,angel,demon,4,False
char__man,char__snake,man,snake,5,False
char__deer,char__songbird,deer,songbird,2,False
char__sister,char__squire_still_keeping_everything_sharp,sister,squire still keeping everything sharp,1,False
char__goblin_king_s_bartender,char__veteran,goblin king's bartender,veteran,1,False
char__attendee,char__priests,attendee,priests,8,False
char__knight,char__queen,knight,queen,6,False
char__crow,char__horse,crow,horse,2,False
char__faery,char__stable_boy,faery,stable boy,2,False
char__altar_boy,char__clergyman,altar boy,clergyman,3,False
char__queen,char__villager,queen,villager,1,False
char__goblin,char__orc,goblin,orc,7,False
char__carpenter,char__trader,carpenter,trader,1,False
char__bird,char__nun,bird,nun,1,False
char__bazaar_owner,char__master_at_arms,bazaar owner,master at arms,1,False
char__temple_guard,char__visitor,temple guard,visitor,1,False
char__gravekeeper,char__troll,gravekeeper,troll,1,False
char__spider,char__town_game_warden,spider,town game warden,1,False
char__deer,char__troll,deer,troll,9,False
char__animal,char__traveler,animal,traveler,5,False
char__wild_boar,char__worker,wild boar,worker,1,False
char__guest,char__lady_of_the_house_coming_to_greet_you,guest,lady of the house coming to greet you,1,False
char__grandmother,char__knight,grandmother,knight,3,False
char__mysterious_merchant,char__thief,mysterious merchant,thief,2,False
char__cat,char__snakes,cat,snakes,1,False
char__ghost,char__snake,ghost,snake,2,False
char__knight_in_shining_armor,char__talking_crab,knight in shining armor,talking crab,2,False
char__kid,char__rat,kid,rat,2,False
char__person,char__pirate,person,pirate,7,False
char__guest,char__king,guest,king,17,True
char__snakes,char__spider,snakes,spider,5,False
char__camera_man,char__lawyer,camera man,lawyer,3,False
char__fairy,char__gravedigger_doing_his_work,fairy,gravedigger doing his work,1,False
char__bird,char__wolf,bird,wolf,4,False
char__queen,char__rat,queen,rat,4,False
char__bazaar_owner,char__person,bazaar owner,person,2,False
char__enemy,char__fox_trying_to_steal_chickens,enemy,fox trying to steal chickens,1,False
char__person,char__sailor,person,sailor,4,False
char__prisoner,char__queen,prisoner,queen,1,False
char__paladin,char__woman,paladin,woman,1,False
char__ghost,char__king_s_son,ghost,king's son,1,False
char__king_s_architect,char__maintenance_person,king's architect,maintenance person,1,False
char__mage,char__wolves,mage,wolves,3,False
char__guest,char__peasant,guest,peasant,3,False
char__evil_wizard,char__wizard_s_assistant,evil wizard,wizard's assistant,2,False
char__explorer,char__runaway,explorer,runaway,3,False
char__dwarf,char__pastor,dwarf,pastor,1,False
char__masked_torturer,char__mystical_lion,masked torturer,mystical lion,1,False
char__man,char__peasant,man,peasant,4,False
char__unicorn,char__unicorn_hunters,unicorn,unicorn hunters,2,False
char__deity,char__parishioner,deity,parishioner,1,False
char__bartender,char__werewolf,bartender,werewolf,3,False
char__minstrel,char__witch,minstrel,witch,1,False
char__egyptians,char__queen,egyptians,queen,5,False
char__bee,char__fairy_interpreter,bee,fairy interpreter,1,False
char__favored_knight,char__gods,favored knight,gods,1,False
char__ghost,char__paladin,ghost,paladin,1,False
char__lady_of_the_court,char__person,lady of the court,person,5,False
char__dragon,char__queen,dragon,queen,2,False
char__guard,char__messenger,guard,messenger,3,False
char__criminal,char__sailor,criminal,sailor,1,False
char__townsperson,char__witch,townsperson,witch,10,False
char__noble,char__snake,noble,snake,1,False
char__crocodiles,char__snake,crocodiles,snake,1,False
char__beggar,char__thief,beggar,thief,4,False
char__cockroach,char__eunuch,cockroach,eunuch,1,False
char__bird,char__resident,bird,resident,9,False
char__bear,char__person,bear,person,1,False
char__beggar,char__elf,beggar,elf,2,False
char__king,char__lord,king,lord,1,True
char__milk_maid,char__pastry_chef,milk maid,pastry chef,4,False
char__gypsy,char__peasant,gypsy,peasant,1,False
char__king,char__king_himself,king,king himself,1,True
char__cat,char__farmer,cat,farmer,2,False
char__pelican,char__there_is_also_a_young_woman_selling_flowers_to_passersby,pelican,there is also a young woman selling flowers to passersby,5,False
char__bat_king,char__snake,bat king,snake,3,False
char__officer,char__person,officer,person,2,False
char__flies,char__jailer,flies,jailer,1,False
char__dogs,char__servant,dogs,servant,3,False
char__king,char__servant,king,servant,79,True
char__bride,char__groom,bride,groom,1,False
char__guest,char__insects,guest,insects,1,False
char__person_on_a_pilgrimage,char__student,person on a pilgrimage,student,2,False
char__ghost,char__priest,ghost,priest,5,False
char__abbess,char__priest,abbess,priest,1,False
char__dockworker,char__pirate,dockworker,pirate,2,False
char__maid,char__servant,maid,servant,6,False
char__bigfoot,char__old_wizened_priestess,bigfoot,old wizened priestess,1,False
char__military_commander,char__war_officer,military commander,war officer,4,False
char__person,char__their_family,person,their family,1,False
char__barbarian,char__sister,barbarian,sister,1,False
char__king,char__prince,king,prince,9,True
char__old_man,char__traveler,old man,traveler,1,False
char__queen,char__weddings,queen,weddings,2,False
char__talking_cat,char__villager,talking cat,villager,1,False
char__boat_workers,char__pirate,boat workers,pirate,3,False
char__dinner_guests,char__man,dinner guests,man,3,False
char__fish,char__snakes,fish,snakes,1,False
char__lord,char__peasant,lord,peasant,1,False
char__congregant,char__monk,congregant,monk,3,False
char__blacksmith,char__person,blacksmith,person,4,False
char__dog,char__maid,dog,maid,3,False
char__local_villagers,char__monk,local villagers,monk,1,False
char__child,char__queen,child,queen,5,False
char__light,char__old_man_with_a_fishing_rod,light,old man with a fishing rod,1,False
char__child,char__guest,child,guest,1,False
char__jester,char__nobleman,jester,nobleman,2,False
char__bluebird,char__cardinal,bluebird,cardinal,2,False
char__captured_knight,char__troll_s_spouse,captured knight,troll's spouse,1,False
char__economist,char__king,economist,king,5,True
char__gaurd,char__servant,gaurd,servant,2,False
char__bird,char__princess,bird,princess,5,False
char__mourner,char__teacher,mourner,teacher,1,False
char__person,char__soldiers,person,soldiers,3,False
char__king,char__powerful_but_aged_wizard,king,powerful but aged wizard,3,True
char__snakes_slithering_around_the_cavern,char__vulture,snakes slithering around the cavern,vulture,6,False
char__eel,char__villagers,eel,villagers,1,False
char__dog,char__villager,dog,villager,1,False
char__acolyte_preparing_for_evening_prayer_service,char__high_priest,acolyte preparing for evening prayer service,high priest,3,False
char__priest,char__worshipper,priest,worshipper,15,False
char__manservant,char__servant,manservant,servant,1,False
char__battle_master,char__scullery_maid,battle master,scullery maid,1,False
char__captive,char__parrot,captive,parrot,1,False
char__stray_cat,char__well_off_business_man,stray cat,well off business man,1,False
char__hawk,char__hermit,hawk,hermit,1,False
char__ladies,char__man,ladies,man,5,False
char__farmer_bob,char__pig,farmer bob,pig,4,False
char__archaeologists,char__bandit,archaeologists,bandit,5,False
char__blacksmith,char__squire,blacksmith,squire,1,False
char__stinging_scorpion,char__vulture,stinging scorpion,vulture,2,False
char__soldier,char__witch,soldier,witch,1,False
char__mad_king,char__treasure_seekers,mad king,treasure seekers,4,False
char__archaeologist,char__bat,archaeologist,bat,1,False
char__monkey_friend,char__traveler,monkey friend,traveler,5,False
char__servant,char__soldiers,servant,soldiers,3,False
char__peasant,char__royal,peasant,royal,8,False
char__servant,char__traveler,servant,traveler,2,False
char__adulterer,char__torturer,adulterer,torturer,1,False
char__ambassador,char__visitor,ambassador,visitor,3,False
char__deer,char__traveling_salesmen_stopping_for_a_drink,deer,traveling salesmen stopping for a drink,1,False
char__large_spider,char__person,large spider,person,4,False
char__book_keeper,char__scholar,book keeper,scholar,3,False
char__calf,char__farmers_wife,calf,farmers wife,2,False
char__priest,char__wench,priest,wench,11,False
char__customer,char__owner,customer,owner,3,False
char__duke,char__king,duke,king,2,True
char__farmers,char__worker,farmers,worker,6,False
char__cockroach,char__snake,cockroach,snake,1,False
char__evil_priestess,char__peasant,evil priestess,peasant,5,False
char__soldier,char__soldiers,soldier,soldiers,2,False
char__executioner,char__warden,executioner,warden,3,False
char__rat,char__scribe_constantly_writing,rat,scribe constantly writing,2,False
char__guard,char__servant,guard,servant,37,False
char__grass_snake,char__otter,grass snake,otter,2,False
char__monk,char__teacher,monk,teacher,3,False
char__member,char__servant,member,servant,1,False
char__care_taker,char__skeletons,care taker,skeletons,1,False
char__shop_keeper,char__some_kind_of_police,shop keeper,some kind of police,1,False
char__caretaker,char__residents_of_the_cottage,caretaker,residents of the cottage,7,False
char__bat,char__wizard,bat,wizard,1,False
char__castle_guards,char__spider,castle guards,spider,2,False
char__bat,char__peasant,bat,peasant,1,False
char__animal,char__dragonfly,animal,dragonfly,3,False
char__congregant,char__preacher,congregant,preacher,4,False
char__executioner,char__pirate,executioner,pirate,1,False
char__handmaid,char__visitor,handmaid,visitor,5,False
char__many_insects,char__old_woman,many insects,old woman,2,False
char__graveyard_keeper_who_lives_across_the_yard,char__priest,graveyard keeper who lives across the yard,priest,3,False
char__maid,char__mouse,maid,mouse,1,False
char__animal,char__bird,animal,bird,3,False
char__prince,char__royal_family,prince,royal family,2,False
char__rat,char__spiders,rat,spiders,1,False
char__blind_knight_holding_a_sword,char__knight,blind knight holding a sword,knight,2,False
char__archer,char__tribe_chief,archer,tribe chief,1,False
char__animal,char__shipwrecked_survivor,animal,shipwrecked survivor,1,False
char__pope,char__preacher,pope,preacher,9,False
char__king_s_mother_who_sits_at_their_side,char__poet_who_recites_his_best_work,king's mother who sits at their side,poet who recites his best work,2,False
char__bird,char__rabbit,bird,rabbit,1,False
char__child,char__knights_in_training,child,knights in training,1,False
char__horse,char__thief,horse,thief,2,False
char__dragon,char__member,dragon,member,5,False
char__animal,char__pig,animal,pig,3,False
char__waiter,char__waitress,waiter,waitress,1,False
char__king,char__lady_in_waiting,king,lady in waiting,12,True
char__foreman_ordering_his_workers,char__king_visiting_the_shipyard,foreman ordering his workers,king visiting the shipyard,1,False
char__member,char__priest,member,priest,3,False
char__deer,char__half_wild_cat_chasing_away_mice,deer,half-wild cat chasing away mice,1,False
char__guard,char__watcher,guard,watcher,5,False
char__lady,char__lord,lady,lord,1,False
char__foreign_ambassador,char__mystical_dragon,foreign ambassador,mystical dragon,1,False
char__tadpole,char__water_nymph,tadpole,water nymph,1,False
char__flirty_barmaid,char__lizards,flirty barmaid,lizards,2,False
char__cat,char__mayor,cat,mayor,4,False
char__sad_townsman,char__widow,sad townsman,widow,2,False
char__gamekeeper,char__wolf,gamekeeper,wolf,1,False
char__guard,char__preist,guard,preist,1,False
char__father,char__grandmother,father,grandmother,4,False
char__snake,char__vulture,snake,vulture,3,False
char__child,char__dogs,child,dogs,3,False
char__small_animals,char__songbird,small animals,songbird,2,False
char__patron,char__vendor,patron,vendor,1,False
char__priests,char__worshiper,priests,worshiper,1,False
char__fox,char__priests,fox,priests,1,False
char__god,char__zuric,god,zuric,4,False
char__bar_host,char__grandmother,bar host,grandmother,1,False
char__child_lost_from_his_mother,char__pond_visitor,child lost from his mother,pond visitor,1,False
char__fisherman,char__villager,fisherman,villager,9,False
char__farmer,char__stable_hand,farmer,stable hand,2,False
char__enchantress,char__wizard,enchantress,wizard,1,False
char__horse,char__worker,horse,worker,2,False
char__hiker,char__servant,hiker,servant,1,False
char__ghost,char__runaway,ghost,runaway,2,False
char__knight,char__smith,knight,smith,1,False
char__child,char__local_bazaar,child,local bazaar,6,False
char__animal,char__farmer,animal,farmer,7,False
char__king,char__visitor,king,visitor,11,True
char__genie,char__kid,genie,kid,1,False
char__princess,char__worker,princess,worker,4,False
char__merchant,char__soldier,merchant,soldier,7,False
char__attendee,char__troop,attendee,troop,1,False
char__groom_of_the_stool,char__queen,groom of the stool,queen,3,False
char__acolyte,char__priestess,acolyte,priestess,5,False
char__adventurer,char__raccoon,adventurer,raccoon,2,False
char__pirate,char__thief,pirate,thief,1,False
char__jester,char__king_s_dog,jester,king's dog,1,False
char__policeman_walking_a_beat,char__rat,policeman walking a beat,rat,1,False
char__raccoon,char__rat,raccoon,rat,1,False
char__ogre,char__werewolf,ogre,werewolf,2,False
char__horse,char__milk_maid,horse,milk maid,2,False
char__mourner,char__people,mourner,people,1,False
char__parent,char__peasant,parent,peasant,2,False
char__fisher,char__mariner,fisher,mariner,5,False
char__man,char__people_saved_by_the_paladinsa,man,people saved by the paladinsa,1,False
char__court_wizard,char__wise_men,court wizard,wise men,2,False
char__local_merchant,char__thief,local merchant,thief,1,False
char__fairy,char__young_princess,fairy,young princess,2,False
char__hermit,char__priest,hermit,priest,3,False
char__fighters,char__troll,fighters,troll,1,False
char__garter_snake,char__peasant,garter snake,peasant,1,False
char__dungeon_master,char__queen,dungeon master,queen,1,False
char__foreigner,char__wizard_s_assistant,foreigner,wizard's assistant,1,False
char__bat,char__rich_man,bat,rich man,1,False
char__dwarf,char__gnome,dwarf,gnome,10,False
char__loved_one,char__mystical_lion,loved one,mystical lion,1,False
char__priest,char__woman,priest,woman,1,False
char__princess,char__unicorn_hunters,princess,unicorn hunters,3,False
char__monk,char__parishioner,monk,parishioner,3,False
char__person,char__witch,person,witch,2,False
char__ornate_birds,char__squirrel,ornate birds,squirrel,3,False
char__bluebird,char__fairy_interpreter,bluebird,fairy interpreter,2,False
char__court_jester,char__queen,court jester,queen,3,False
char__gods,char__man,gods,man,7,False
char__descendant_of_the_sons,char__nuns,descendant of the sons,nuns,1,False
char__knight,char__lady_of_the_hour,knight,lady of the hour,1,False
char__child,char__fruit_bat,child,fruit bat,5,False
char__dragon,char__king,dragon,king,7,True
char__bazaar_owner,char__rat,bazaar owner,rat,1,False
char__animal,char__gamekeeper,animal,gamekeeper,1,False
char__criminal,char__homeless,criminal,homeless,1,False
char__gator,char__goddess,gator,goddess,1,False
char__monster,char__witch,monster,witch,1,False
char__cockroach,char__pirate,cockroach,pirate,2,False
char__creature,char__villager,creature,villager,3,False
char__hermit,char__mischievous_teenager,hermit,mischievous teenager,1,False
char__milkmaid,char__wizard,milkmaid,wizard,1,False
char__gobber,char__wall_repairman,gobber,wall repairman,4,False
char__person,char__traveler,person,traveler,6,False
char__king,char__king_fulmer,king,king fulmer,1,True
char__guard,char__intruder,guard,intruder,1,False
char__eunuch,char__mistress,eunuch,mistress,3,False
char__boat_captain,char__resident,boat captain,resident,1,False
char__dog,char__person,dog,person,7,False
char__deer,char__squirrel,deer,squirrel,1,False
char__gardener,char__lord,gardener,lord,4,False
char__boatswain,char__mate,boatswain,mate,2,False
char__beggar,char__robber,beggar,robber,1,False
char__albino_fish_totally_blind_swims_in_a_tiny_pool,char__ox,albino fish totally blind swims in a tiny pool,ox,1,False
char__child,char__squire,child,squire,2,False
char__blacksmith,char__servant,blacksmith,servant,3,False
char__rival,char__roach,rival,roach,1,False
char__council_man,char__queen,council man,queen,1,False
char__bat_king,char__rat,bat king,rat,2,False
char__person,char__prince,person,prince,4,False
char__criminal,char__flies,criminal,flies,5,False
char__audience_member,char__usher,audience member,usher,1,False
char__priest,char__traveler,priest,traveler,3,False
char__bat,char__servant,bat,servant,1,False
char__alligator,char__electric_eel,alligator,electric eel,1,False
char__bedbug,char__mice,bedbug,mice,1,False
char__family,char__freind,family,freind,9,False
char__angel,char__midget,angel,midget,4,False
char__guard,char__knight,guard,knight,13,False
char__groom,char__people,groom,people,2,False
char__camera_man,char__craftsman,camera man,craftsman,1,False
char__insects,char__wise_looking_turtle,insects,wise-looking turtle,8,False
char__inn_keeper,char__knight,inn keeper,knight,1,False
char__guard,char__weddings,guard,weddings,1,False
char__abbess,char__priest_s_mistress,abbess,priest's mistress,1,False
char__fisherman,char__pirate,fisherman,pirate,3,False
char__bear,char__bighorn_sheep,bear,bighorn sheep,1,False
char__guard,char__villager,guard,villager,5,False
char__diseased_distempered_dog,char__old_wizened_priestess,diseased distempered dog,old wizened priestess,6,False
char__child,char__merchant,child,merchant,2,False
char__caretaker,char__steward,caretaker,steward,1,False
char__bird,char__farmer,bird,farmer,1,False
char__guard,char__princess,guard,princess,6,False
char__customer,char__knight,customer,knight,7,False
char__bandit,char__fairy,bandit,fairy,2,False
char__weddings,char__witch,weddings,witch,5,False
char__priest,char__rat_chews_on_a_dropped_hymnbook,priest,rat chews on a dropped hymnbook,1,False
char__rival_jeweler,char__sneaky_thief,rival jeweler,sneaky thief,1,False
char__court_wizard,char__fisherman,court wizard,fisherman,1,False
char__grass_snake,char__mage,grass snake,mage,1,False
char__frog,char__tadpole,frog,tadpole,1,False
char__curiosity_seekers,char__fishermen,curiosity seekers,fishermen,1,False
char__grazing_milk_cow_in_the_background,char__man,grazing milk cow in the background,man,3,False
char__king_and_queen,char__peasant,king and queen,peasant,2,False
char__knight,char__peasant,knight,peasant,8,False
char__companion,char__dog,companion,dog,2,False
char__big_sheep_like_brown_dog,char__mother,big sheep-like brown dog,mother,1,False
char__horse,char__stable_caretaker,horse,stable caretaker,1,False
char__child,char__wench,child,wench,1,False
char__pirate,char__subjects,pirate,subjects,1,False
char__librarian,char__maid,librarian,maid,1,False
char__jester,char__maid,jester,maid,1,False
char__boar,char__goblin,boar,goblin,1,False
char__gaurd,char__person,gaurd,person,6,False
char__fish,char__troll,fish,troll,2,False
char__court_jester,char__guard,court jester,guard,4,False
char__bishop,char__mourner,bishop,mourner,1,False
char__resting_travelers,char__witch,resting travelers,witch,1,False
char__calf,char__guard,calf,guard,1,False
char__snake,char__villagers,snake,villagers,2,False
char__king_s_trusted_adviser,char__powerful_but_aged_wizard,king's trusted adviser,powerful but aged wizard,1,False
char__peasant,char__servant,peasant,servant,2,False
char__salesman,char__turtles,salesman,turtles,2,False
char__favored_knight,char__manservant,favored knight,manservant,1,False
char__ghost,char__high_priest_reading_an_arcane_book,ghost,high priest reading an arcane book,2,False
char__child,char__traveler,child,traveler,14,False
char__priests,char__worshipper,priests,worshipper,5,False
char__evil_witch,char__witch,evil witch,witch,1,False
char__seagull,char__young_boy_who_is_a_deck_hand,seagull,young boy who is a deck hand,1,False
char__groundskeeper,char__servant,groundskeeper,servant,2,False
char__courtier,char__guard,courtier,guard,1,False
char__bandit,char__temple_guard,bandit,temple guard,1,False
char__man,char__villager,man,villager,5,False
char__baby,char__family_dog,baby,family dog,1,False
char__ghost,char__witch,ghost,witch,1,False
char__musician,char__party_goers,musician,party goers,1,False
char__bandit,char__robber,bandit,robber,2,False
char__jacob_s_son,char__traveler,jacob's son,traveler,2,False
char__servant,char__soldier,servant,soldier,11,False
char__fierce_assassin,char__person,fierce assassin,person,1,False
char__ambassador,char__businessman,ambassador,businessman,1,False
char__knight,char__spider,knight,spider,1,False
char__alien,char__father,alien,father,1,False
char__gypsy,char__old_man,gypsy,old man,2,False
char__monk,char__scholar,monk,scholar,1,False
char__customer,char__magician,customer,magician,1,False
char__chamber_maid,char__hunting_dog,chamber maid,hunting dog,1,False
char__bartender,char__woman,bartender,woman,1,False
char__crow,char__flies,crow,flies,1,False
char__rat,char__wizard,rat,wizard,1,False
char__evil_priestess,char__reluctant_nun,evil priestess,reluctant nun,4,False
char__hound,char__servant,hound,servant,2,False
char__swimmer,char__turtles,swimmer,turtles,3,False
char__prisoner,char__worker,prisoner,worker,1,False
char__thief,char__witch,thief,witch,2,False
char__care_taker,char__young_boy,care taker,young boy,1,False
char__hummingbird,char__servant,hummingbird,servant,1,False
char__sailor,char__tax_agent,sailor,tax agent,4,False
char__wealthy_noble,char__weapons_master,wealthy noble,weapons master,1,False
char__creature,char__wizard,creature,wizard,3,False
char__groom,char__worker,groom,worker,2,False
char__person,char__rat,person,rat,6,False
char__animal,char__worker,animal,worker,1,False
char__loved_ones,char__priest,loved ones,priest,4,False
char__dungeon_master,char__executioner,dungeon master,executioner,1,False
char__child,char__peasant,child,peasant,18,False
char__many_insects,char__rodent,many insects,rodent,6,False
char__gravedigger,char__priest,gravedigger,priest,3,False
char__king,char__prisoner,king,prisoner,9,True
char__goner,char__president,goner,president,1,False
char__animal,char__princess,animal,princess,1,False
char__pope,char__proprietor,pope,proprietor,1,False
char__fisherman,char__person,fisherman,person,8,False
char__knights_in_training,char__mice,knights in training,mice,1,False
char__fox,char__pheasant,fox,pheasant,1,False
char__queen,char__queen_s_subject,queen,queen's subject,1,False
char__cook,char__maid,cook,maid,4,False
char__king_visiting_the_shipyard,char__thief,king visiting the shipyard,thief,1,False
char__priest,char__spider,priest,spider,4,False
char__guest,char__shoe_shiner,guest,shoe shiner,1,False
char__cat,char__rat,cat,rat,2,False
char__dogs,char__swimmer,dogs,swimmer,1,False
char__animal,char__fish,animal,fish,4,False
char__bird,char__butterfly,bird,butterfly,3,False
char__clergy,char__grandfather,clergy,grandfather,1,False
char__messenger,char__preacher,messenger,preacher,1,False
char__knight,char__sad_townsman,knight,sad townsman,1,False
char__daughter,char__sister,daughter,sister,1,False
char__man,char__piano_player,man,piano player,1,False
char__dogs,char__petitioner,dogs,petitioner,1,False
char__maid,char__squire_still_keeping_everything_sharp,maid,squire still keeping everything sharp,2,False
char__goblin_king_s_bartender,char__patron,goblin king's bartender,patron,1,False
char__priests,char__thief,priests,thief,9,False
char__alchemist,char__eunuch,alchemist,eunuch,1,False
char__child_lost_from_his_mother,char__horse,child lost from his mother,horse,2,False
char__survivors,char__villager,survivors,villager,1,False
char__stable_boy,char__stable_hand,stable boy,stable hand,1,False
char__bishop,char__clergyman,bishop,clergyman,1,False
char__drunk_reeling_out_of_the_saloon,char__king_s_horses,drunk reeling out of the saloon,king's horses,1,False
char__goat,char__worker,goat,worker,2,False
char__hunter,char__spirit,hunter,spirit,1,False
char__groundskeeper_of_the_castle,char__priests,groundskeeper of the castle,priests,1,False
char__local_bazaar,char__traveler,local bazaar,traveler,1,False
char__runaway,char__vagabond,runaway,vagabond,1,False
char__baby_shower,char__gaurd,baby shower,gaurd,1,False
char__deer,char__gecko,deer,gecko,1,False
char__animal,char__leper,animal,leper,4,False
char__prisoner,char__visitor,prisoner,visitor,8,False
char__beautiful_calico_cat_napping_beside_the_coat_rack,char__family,beautiful calico cat napping beside the coat rack,family,2,False
char__attendee,char__guardsman,attendee,guardsman,3,False
char__high_priest_reading_an_arcane_book,char__painter,high priest reading an arcane book,painter,1,False
char__master_of_ceremonies,char__queen,master of ceremonies,queen,1,False
char__spider,char__spirit,spider,spirit,2,False
char__thief,char__tribe_chief,thief,tribe chief,2,False
char__raccoon,char__vigilant_guard,raccoon,vigilant guard,1,False
char__large_spiders,char__trolls,large spiders,trolls,1,False
char__beetle,char__chilling_wind_or_voice,beetle,chilling wind or voice,1,False
char__maid,char__queen_s,maid,queen's,3,False
char__goat,char__guard,goat,guard,3,False
char__bishop,char__queen,bishop,queen,3,False
char__servant,char__torture_assistant,servant,torture assistant,1,False
char__captive,char__mariner,captive,mariner,1,False
char__prisoner,char__rat,prisoner,rat,8,False
char__grounds_keeper,char__king_s_son,grounds keeper,king's son,1,False
char__electric_eel,char__scholar,electric eel,scholar,1,False
char__assassin,char__dungeon_master,assassin,dungeon master,1,False
char__person,char__wizard_s_assistant,person,wizard's assistant,2,False
char__blacksmith,char__dwarf,blacksmith,dwarf,4,False
char__mice,char__peasant,mice,peasant,1,False
char__crow,char__witch,crow,witch,4,False
char__giant_frog,char__lizard,giant frog,lizard,4,False
char__cricket,char__fairy_interpreter,cricket,fairy interpreter,2,False
char__ghost,char__shape_shifting_cat,ghost,shape-shifting cat,1,False
char__enigmatic_wizard,char__traveler,enigmatic wizard,traveler,2,False
char__bandit,char__spider,bandit,spider,2,False
char__queen,char__visitor,queen,visitor,2,False
char__gnome,char__secret_lovers_seeking_privacy,gnome,secret lovers seeking privacy,2,False
char__dignitary,char__dragon,dignitary,dragon,1,False
char__queen,char__young_student_reading_a_book_beneath_a_dogwood_tree,queen,young student reading a book beneath a dogwood tree,4,False
char__homeless,char__sailor,homeless,sailor,1,False
char__damage_dealer,char__goddess,damage dealer,goddess,1,False
char__parishioner,char__priest_in_ornate_robes,parishioner,priest in ornate robes,2,False
char__cockroach,char__mouse,cockroach,mouse,3,False
char__enemy,char__guard,enemy,guard,9,False
char__creature,char__monkey,creature,monkey,5,False
char__beaver,char__turtle,beaver,turtle,2,False
char__camper,char__spider,camper,spider,1,False
char__snake,char__village_chief,snake,village chief,1,False
char__king_s_architect,char__young_maiden,king's architect,young maiden,1,False
char__gobber,char__guard,gobber,guard,2,False
char__families,char__worms,families,worms,3,False
char__lady_in_waiting,char__princess,lady in waiting,princess,4,False
char__captive,char__concubine,captive,concubine,1,False
char__child,char__thief,child,thief,2,False
char__concubine,char__village_youth,concubine,village youth,1,False
char__owl,char__snakes,owl,snakes,1,False
char__ladies,char__queen,ladies,queen,2,False
char__caveman,char__wrongdoer,caveman,wrongdoer,1,False
char__cat,char__horse,cat,horse,9,False
char__there_is_the_lighthouse_keeper_on_his_daily_walk_up_the_boardwalk,char__woman_walking_the_beach,there is the lighthouse keeper on his daily walk up the boardwalk,woman walking the beach,2,False
char__person,char__villager,person,villager,11,False
char__criminal,char__offender,criminal,offender,1,False
char__electric_eel,char__horseflies,electric eel,horseflies,1,False
char__bishop,char__maid,bishop,maid,5,False
char__knight,char__prince,knight,prince,3,False
char__bird,char__chameleon,bird,chameleon,2,False
char__person,char__plants,person,plants,1,False
char__guard,char__horse,guard,horse,7,False
char__beggar,char__priest_s_mistress,beggar,priest's mistress,1,False
char__dockworker,char__mariner,dockworker,mariner,1,False
char__bighorn_sheep,char__yeti,bighorn sheep,yeti,1,False
char__general,char__soldiers,general,soldiers,2,False
char__dog,char__servant,dog,servant,2,False
char__altar_boy,char__choir_member,altar boy,choir member,1,False
char__child,char__groundskeepers,child,groundskeepers,1,False
char__farmer,char__farmers,farmer,farmers,6,False
char__customer,char__prior,customer,prior,1,False
char__firemen,char__traveler,firemen,traveler,3,False
char__light,char__magician,light,magician,1,False
char__organist,char__priest,organist,priest,2,False
char__curiosity_seekers,char__stray_dogs,curiosity seekers,stray dogs,2,False
char__goblin,char__mage,goblin,mage,9,False
char__butler,char__jester,butler,jester,1,False
char__cooks,char__dinner_guests,cooks,dinner guests,2,False
char__snakes,char__toad,snakes,toad,1,False
char__lector,char__monk,lector,monk,1,False
char__child,char__father,child,father,2,False
char__old_man_with_a_fishing_rod,char__small_child_cleaning_boat,old man with a fishing rod,small child cleaning boat,10,False
char__family_member,char__nobleman,family member,nobleman,5,False
char__ancient_king,char__cardinal,ancient king,cardinal,5,False
char__cowardly_guard_nervously_awaiting_an_attack,char__wench,cowardly guard nervously awaiting an attack,wench,2,False
char__painter,char__worker,painter,worker,9,False
char__beast,char__monster,beast,monster,3,False
char__friend,char__knight,friend,knight,2,False
char__mermaid,char__sea_witch,mermaid,sea witch,6,False
char__king,char__kings_bodyguard,king,kings bodyguard,3,True
char__straw,char__town_doctor,straw,town doctor,1,False
char__person,char__seagull,person,seagull,6,False
char__challenger,char__masked_torturer,challenger,masked torturer,1,False
char__local_artist,char__mourner,local artist,mourner,1,False
char__animal,char__supplicant,animal,supplicant,1,False
char__enemy,char__servant,enemy,servant,2,False
char__parishioner,char__queen,parishioner,queen,4,False
char__person,char__wildlife,person,wildlife,2,False
char__man,char__woman,man,woman,12,False
char__armed_guardsmen,char__watchmen,armed guardsmen,watchmen,5,False
char__sailor,char__thief,sailor,thief,1,False
char__doctor,char__young_princess,doctor,young princess,2,False
char__king,char__prior,king,prior,2,True
char__king_s_son,char__royal_member,king's son,royal member,5,False
char__fairy,char__princess_who_lives_in_the_castle_and_can_t_escape,fairy,princess who lives in the castle and can't escape,1,False
char__horse,char__wolves,horse,wolves,1,False
char__field_mice,char__guest,field mice,guest,3,False
char__master_wizard,char__person,master wizard,person,1,False
char__cockroach,char__spiders,cockroach,spiders,5,False
char__knight,char__person,knight,person,4,False
char__mystical_lion,char__one_unicorn,mystical lion,one unicorn,1,False
char__monk,char__reindeer,monk,reindeer,3,False
char__king,char__unicorn_hunters,king,unicorn hunters,6,True
char__crow,char__mouse,crow,mouse,1,False
char__monk,char__spirit,monk,spirit,1,False
char__bee,char__fairy,bee,fairy,2,False
char__person,char__pilgrims,person,pilgrims,4,False
char__genie_from_a_lamp,char__traveler_long_past,genie from a lamp,traveler long past,3,False
char__cat,char__traveler,cat,traveler,4,False
char__fruit_bat,char__secret_lovers_seeking_privacy,fruit bat,secret lovers seeking privacy,3,False
char__bandit,char__guard,bandit,guard,1,False
char__assistant,char__visitor,assistant,visitor,2,False
char__animal,char__man_woman,animal,man woman,5,False
char__gardener_pulling_weeds,char__king,gardener pulling weeds,king,1,True
char__criminal,char__fisherman,criminal,fisherman,4,False
char__animal,char__townsperson,animal,townsperson,1,False
char__cockroach,char__ghost,cockroach,ghost,3,False
char__creature,char__snakes,creature,snakes,3,False
char__fish,char__queen,fish,queen,14,False
char__man_sleeping_inside,char__royal,man sleeping inside,royal,1,False
char__family_member,char__fish,family member,fish,1,False
char__snakes,char__young_boy_who_is_a_deck_hand,snakes,young boy who is a deck hand,1,False
char__gobber,char__goblin,gobber,goblin,4,False
char__animal,char__king_fulmer,animal,king fulmer,1,False
char__lost_traveler,char__rat,lost traveler,rat,1,False
char__captive,char__foreign_ambassador,captive,foreign ambassador,2,False
char__dragon,char__intruder,dragon,intruder,5,False
char__queen,char__queen_s,queen,queen's,1,False
char__child,char__infant,child,infant,1,False
char__insects,char__squirrel,insects,squirrel,6,False
char__masons,char__subject,masons,subject,3,False
char__chef,char__gamekeeper,chef,gamekeeper,1,False
char__lizards,char__shipwrecked_survivor,lizards,shipwrecked survivor,1,False
char__animal,char__bat,animal,bat,3,False
char__king,char__peasant,king,peasant,2,True
char__noble,char__wife,noble,wife,9,False
char__humble_knight,char__lady_in_a_white_decadent_dress,humble knight,lady in a white decadent dress,1,False
char__castle_guard,char__wrongdoer,castle guard,wrongdoer,4,False
char__his_wife,char__pet_goldfish,his wife,pet goldfish,1,False
char__mightiest_warriors,char__sword_makers,mightiest warriors,sword makers,1,False
char__there_is_also_a_young_woman_selling_flowers_to_passersby,char__there_is_the_lighthouse_keeper_on_his_daily_walk_up_the_boardwalk,there is also a young woman selling flowers to passersby,there is the lighthouse keeper on his daily walk up the boardwalk,3,False
char__bat,char__bat_king,bat,bat king,1,False
char__person,char__prisoner,person,prisoner,5,False
char__ghosts_of_previous_occupants,char__offender,ghosts of previous occupants,offender,4,False
char__director,char__usher,director,usher,2,False
char__gator,char__rabid_wolf,gator,rabid wolf,1,False
char__town_baker,char__town_baker_s_husband,town baker,town baker's husband,3,False
char__clergyman,char__family,clergyman,family,5,False
char__nobles,char__princess,nobles,princess,1,False
char__child,char__parent,child,parent,12,False
char__servant,char__subjects,servant,subjects,4,False
char__child,char__king,child,king,13,True
char__drunks,char__gypsy,drunks,gypsy,1,False
char__insects,char__lazy_snake,insects,lazy snake,5,False
char__poor_subsistence_farmer,char__serving_wench,poor subsistence farmer,serving wench,1,False
char__chef,char__guard,chef,guard,8,False
char__clergyman,char__worker,clergyman,worker,2,False
char__bear,char__hiker,bear,hiker,7,False
char__bat,char__villager,bat,villager,2,False
char__his_queen,char__scantily_clad_virgins,his queen,scantily clad virgins,2,False
char__barbarian,char__faery,barbarian,faery,1,False
char__ambassador,char__guard,ambassador,guard,2,False
char__dogs,char__merchant,dogs,merchant,2,False
char__agricultural_advisor,char__soldier,agricultural advisor,soldier,2,False
char__smith,char__tourist,smith,tourist,1,False
char__farmer,char__fisherman,farmer,fisherman,1,False
char__king,char__lumberjack,king,lumberjack,1,True
char__brother,char__prior,brother,prior,3,False
char__person,char__worshiper,person,worshiper,2,False
char__local,char__traveler,local,traveler,6,False
char__bandit,char__captain,bandit,captain,1,False
char__frog,char__villager,frog,villager,1,False
char__alter_boy,char__spider_spins_its_web_in_the_pew_corner,alter boy,spider spins its web in the pew corner,2,False
char__proprietor,char__sneaky_thief,proprietor,sneaky thief,3,False
char__ghost,char__turtles,ghost,turtles,1,False
char__boat_workers,char__guard,boat workers,guard,4,False
char__fisherman,char__pelican,fisherman,pelican,5,False
char__man,char__townperson,man,townperson,1,False
char__guard,char__mage,guard,mage,5,False
char__king_and_queen,char__servant,king and queen,servant,3,False
char__his_father,char__queen,his father,queen,1,False
char__mouse,char__shape_shifting_cat,mouse,shape-shifting cat,1,False
char__local_villagers,char__villager,local villagers,villager,1,False
char__fighter,char__marksman,fighter,marksman,2,False
char__barn_cat,char__king,barn cat,king,2,True
char__old_man_with_a_fishing_rod,char__waitress,old man with a fishing rod,waitress,1,False
char__bride,char__villagers,bride,villagers,1,False
char__child,char__spider,child,spider,1,False
char__captured_knight,char__child,captured knight,child,1,False
char__ambassador,char__economist,ambassador,economist,3,False
char__faery,char__goblin,faery,goblin,4,False
char__president,char__veteran,president,veteran,1,False
char__craftsman,char__his_wolf_companion_always_at_his_side,craftsman,his wolf companion always at his side,2,False
char__future_heir_to_the_throne,char__mourner,future heir to the throne,mourner,1,False
char__guard,char__skeletons,guard,skeletons,1,False
char__farm_worker,char__person,farm worker,person,1,False
char__family_member,char__peasant,family member,peasant,4,False
char__scorpion,char__snakes_slithering_around_the_cavern,scorpion,snakes slithering around the cavern,1,False
char__criminal,char__villagers,criminal,villagers,1,False
char__dog,char__pelican,dog,pelican,1,False
char__founder,char__priest,founder,priest,3,False
char__critter,char__spider,critter,spider,1,False
char__cooker,char__villager,cooker,villager,4,False
char__cook,char__goddess,cook,goddess,1,False
char__daughter,char__well_off_business_man,daughter,well off business man,3,False
char__animal,char__farmer_bob_s_wife,animal,farmer bob's wife,3,False
char__armorer,char__knight,armorer,knight,2,False
char__groundskeeper_of_the_castle,char__witch,groundskeeper of the castle,witch,1,False
char__king,char__snakes,king,snakes,1,True
char__fat_rats,char__treasure_seekers,fat rats,treasure seekers,2,False
char__god_of_their_pagan_religion,char__vulture,god of their pagan religion,vulture,5,False
char__jacob,char__monkey_friend,jacob,monkey friend,4,False
char__miner,char__old_homeless_man,miner,old homeless man,6,False
char__goat_for_company_for_the_horses,char__king,goat for company for the horses,king,2,True
char__person,char__turtles,person,turtles,8,False
char__dogs,char__hangman,dogs,hangman,1,False
char__adulterer,char__judge,adulterer,judge,1,False
char__visitor,char__woman,visitor,woman,2,False
char__knight,char__traitor,knight,traitor,1,False
char__insect,char__rat,insect,rat,1,False
char__large_spider,char__spider,large spider,spider,1,False
char__old_man,char__snakes,old man,snakes,2,False
char__farmer,char__farmers_wife,farmer,farmers wife,1,False
char__dancer,char__servant,dancer,servant,1,False
char__alien,char__artist,alien,artist,1,False
char__knight,char__wench,knight,wench,2,False
char__choirboy,char__priest,choirboy,priest,4,False
char__magician,char__mouse,magician,mouse,1,False
char__prince,char__queen,prince,queen,9,False
char__occupant,char__person,occupant,person,3,False
char__flies,char__snake,flies,snake,1,False
char__archer,char__fool,archer,fool,1,False
char__executioner,char__prisoner,executioner,prisoner,3,False
char__hound,char__visitor,hound,visitor,2,False
char__guard,char__royal_family_member,guard,royal family member,1,False
char__fish,char__turtles,fish,turtles,7,False
char__royal,char__scribe,royal,scribe,6,False
char__cockroach,char__grandmother,cockroach,grandmother,1,False
char__rat,char__vagrants,rat,vagrants,2,False
char__member,char__peacock,member,peacock,1,False
char__fisherman,char__sailor,fisherman,sailor,11,False
char__knight,char__weapons_master,knight,weapons master,4,False
char__bat,char__creature,bat,creature,5,False
char__castle_guards,char__groom,castle guards,groom,5,False
char__horse,char__royal_family,horse,royal family,13,False
char__bird,char__inhabitant,bird,inhabitant,4,False
char__rat,char__recently_tortured,rat,recently tortured,1,False
char__man,char__visitor,man,visitor,1,False
char__child,char__dog,child,dog,3,False
char__person,char__royal_family,person,royal family,8,False
char__maid,char__sioux_chef,maid,sioux chef,1,False
char__debtor,char__guard,debtor,guard,3,False
char__god,char__peasant,god,peasant,3,False
char__crow,char__scantily_clad_virgins,crow,scantily clad virgins,1,False
char__bird,char__young_maiden,bird,young maiden,2,False
char__knight,char__knights_in_training,knight,knights in training,4,False
char__fox,char__knight,fox,knight,1,False
char__groundskeeper,char__queen,groundskeeper,queen,2,False
char__archer,char__groundskeeper_who_keeps_the_field_clean_and_the_grass_trimmed_for_the_archers_who_train,archer,groundskeeper who keeps the field clean and the grass trimmed for the archers who train,5,False
char__chef,char__guest,chef,guest,15,False
char__blacksmith,char__soldier,blacksmith,soldier,7,False
char__king,char__milk_man,king,milk man,2,True
char__lord,char__priest,lord,priest,5,False
char__his_horse,char__man_sleeping_inside,his horse,man sleeping inside,5,False
char__servant,char__temple_guard,servant,temple guard,7,False
char__fishermen,char__man,fishermen,man,3,False
char__animal,char__thing,animal,thing,3,False
char__bird,char__townsperson,bird,townsperson,1,False
char__preacher,char__worshiper,preacher,worshiper,2,False
char__horse,char__sad_townsman,horse,sad townsman,9,False
char__ancient_savage_chieftan,char__witch,ancient savage chieftan,witch,1,False
char__father,char__son,father,son,4,False
char__monk,char__worshipper,monk,worshipper,5,False
char__child,char__local,child,local,1,False
char__brother,char__child,brother,child,1,False
char__denizen,char__patron,denizen,patron,1,False
char__monk,char__worshiper,monk,worshiper,1,False
char__leader,char__queen,leader,queen,3,False
char__person,char__survivors,person,survivors,3,False
char__horse,char__pond_visitor,horse,pond visitor,1,False
char__blacksmith,char__villager,blacksmith,villager,1,False
char__dog,char__groundskeeper,dog,groundskeeper,1,False
char__horse,char__stable_hand,horse,stable hand,4,False
char__cooks,char__footman,cooks,footman,10,False
char__bishop,char__towns_folk,bishop,towns folk,1,False
char__chicken,char__farmers,chicken,farmers,7,False
char__animal_such_as_a_cat,char__boar,animal such as a cat,boar,1,False
char__guard,char__merchant,guard,merchant,9,False
char__knight,char__sailor,knight,sailor,3,False
char__child,char__farmers,child,farmers,10,False
char__animal,char__high_priestess,animal,high priestess,1,False
char__farmers,char__guard,farmers,guard,6,False
char__priest,char__servant,priest,servant,12,False
char__rat,char__wolf,rat,wolf,2,False
char__customer,char__fisherman,customer,fisherman,12,False
char__fighter,char__shipwrecked_survivor,fighter,shipwrecked survivor,1,False
char__blacksmith_apprentice,char__wizard,blacksmith apprentice,wizard,6,False
char__soldier,char__town_sheriff,soldier,town sheriff,1,False
char__child,char__enigmatic_wizard,child,enigmatic wizard,1,False
char__archer,char__squirrel,archer,squirrel,1,False
char__peasant,char__visitor,peasant,visitor,6,False
char__clergy,char__people,clergy,people,8,False
char__king,char__townperson,king,townperson,14,True
char__colorful_bird,char__predator,colorful bird,predator,16,False
char__fox,char__squirrel,fox,squirrel,2,False
char__dogs,char__pirate,dogs,pirate,5,False
char__general,char__servant,general,servant,1,False
char__captain,char__mariner,captain,mariner,6,False
char__fisherman,char__salesman,fisherman,salesman,3,False
char__hog,char__ox,hog,ox,8,False
char__townperson,char__villager,townperson,villager,15,False
char__drunkard,char__rat,drunkard,rat,4,False
char__owner,char__sailor,owner,sailor,5,False
char__friends,char__goblin,friends,goblin,1,False
char__drunks,char__king,drunks,king,1,True
char__court_jester,char__knight,court jester,knight,2,False
char__helpers,char__hunter,helpers,hunter,4,False
char__mouse,char__their_family,mouse,their family,1,False
char__owl,char__spirit,owl,spirit,9,False
char__fisherman,char__prisoner,fisherman,prisoner,1,False
char__fisherman,char__mermaid,fisherman,mermaid,7,False
char__fairy,char__future_heir_to_the_throne,fairy,future heir to the throne,1,False
char__peasant,char__stray_dogs,peasant,stray dogs,1,False
char__deer,char__peasant,deer,peasant,6,False
char__guard,char__royal_family,guard,royal family,6,False
char__farmer_bob_s_wife,char__worms,farmer bob's wife,worms,1,False
char__barbarian,char__ghost,barbarian,ghost,1,False
char__fisherman,char__parent,fisherman,parent,5,False
char__chef,char__monk,chef,monk,1,False
char__grounds_keeper,char__nobles,grounds keeper,nobles,1,False
char__person,char__wolves,person,wolves,10,False
char__animal,char__king,animal,king,3,True
char__bird,char__god,bird,god,1,False
char__husband,char__knight,husband,knight,1,False
char__hiker,char__traveler,hiker,traveler,1,False
char__child,char__miner,child,miner,5,False
char__king,char__people,king,people,4,True
char__criminal,char__priest_in_ornate_robes,criminal,priest in ornate robes,1,False
char__monkey,char__outlaw,monkey,outlaw,6,False
char__duke,char__queen,duke,queen,14,False
char__cow,char__spider,cow,spider,1,False
char__bird,char__dogs,bird,dogs,7,False
char__knight,char__mouse,knight,mouse,2,False
char__horse_tied_up_in_front_of_a_shop,char__vulture,horse tied up in front of a shop,vulture,1,False
char__guard,char__maid,guard,maid,4,False
char__cat,char__local,cat,local,1,False
char__bishop,char__merchant,bishop,merchant,1,False
char__priest,char__visitor,priest,visitor,2,False
char__tavern_owner,char__watchman,tavern owner,watchman,1,False
char__merchant,char__visitor,merchant,visitor,3,False
char__proprietor,char__servant,proprietor,servant,1,False
char__army,char__towns_folk,army,towns folk,3,False
char__king,char__merchant,king,merchant,9,True
char__royal,char__sailor,royal,sailor,1,False
char__cooks,char__traveler,cooks,traveler,1,False
char__lizard,char__snake,lizard,snake,2,False
char__bird,char__clergyman,bird,clergyman,4,False
char__blacksmith_apprentice,char__monk,blacksmith apprentice,monk,1,False
char__dog,char__salesman,dog,salesman,1,False
char__mice,char__royal_chef,mice,royal chef,5,False
char__animal,char__rat,animal,rat,4,False
char__merchant,char__woman,merchant,woman,3,False
char__bird,char__critter,bird,critter,5,False
char__camel,char__servant,camel,servant,9,False
char__cleaning_person,char__wall,cleaning person,wall,1,False
char__chef,char__maid,chef,maid,1,False
char__guard,char__noble,guard,noble,4,False
char__cat,char__wizard,cat,wizard,3,False
char__priest,char__resident,priest,resident,7,False
char__acolyte,char__gardener,acolyte,gardener,2,False
char__their_family,char__woman,their family,woman,1,False
char__flirty_barmaid,char__guest,flirty barmaid,guest,1,False
char__amphibian,char__tavern_owner,amphibian,tavern owner,1,False
char__horse,char__traveler,horse,traveler,2,False
char__god,char__servant,god,servant,5,False
char__king,char__subject,king,subject,12,True
char__lord,char__merchant,lord,merchant,6,False
char__judge,char__soldier,judge,soldier,3,False
char__knight,char__snake,knight,snake,1,False
char__kings,char__servant,kings,servant,5,False
char__altar_boy,char__king_s_trusted_adviser,altar boy,king's trusted adviser,1,False
char__milk_maid,char__thief,milk maid,thief,1,False
char__bird,char__peasant,bird,peasant,10,False
char__people,char__person,people,person,3,False
char__old_man_with_a_fishing_rod,char__priest,old man with a fishing rod,priest,1,False
char__acolyte,char__god,acolyte,god,4,False
char__goat_for_company_for_the_horses,char__turtle,goat for company for the horses,turtle,1,False
char__cardinal,char__king_omako_iii,cardinal,king omako iii,1,False
char__monarch,char__musician,monarch,musician,1,False
char__parishioner,char__person,parishioner,person,2,False
char__guest,char__monkey_friend,guest,monkey friend,1,False
char__straw,char__wolf,straw,wolf,1,False
char__archer,char__cat,archer,cat,1,False
char__blacksmith,char__king,blacksmith,king,8,True
char__child,char__noble,child,noble,5,False
char__knight,char__royal_family,knight,royal family,5,False
char__guest,char__hunter,guest,hunter,1,False
char__guard,char__wife,guard,wife,4,False
char__iguana,char__traveler,iguana,traveler,7,False
char__invader,char__soldier,invader,soldier,10,False
char__spider,char__thief,spider,thief,2,False
char__faery,char__priest,faery,priest,6,False
char__captive,char__knight,captive,knight,1,False
char__calf,char__cow,calf,cow,6,False
char__swimmer,char__tadpole,swimmer,tadpole,3,False
char__creature,char__insects,creature,insects,9,False
char__lizards,char__outlaw,lizards,outlaw,4,False
char__soldier,char__waiter,soldier,waiter,1,False
char__farmers_wife,char__monster,farmers wife,monster,1,False
char__mountain_lion,char__outlaw,mountain lion,outlaw,7,False
char__old_homeless_man,char__worshiper,old homeless man,worshiper,1,False
char__families,char__thief,families,thief,10,False
char__king,char__priest,king,priest,4,True
char__peasant,char__rat,peasant,rat,9,False
char__bird,char__fisherman,bird,fisherman,3,False
char__hunting_dog,char__servant,hunting dog,servant,4,False
char__assistant,char__groom,assistant,groom,2,False
char__monk,char__tourist,monk,tourist,1,False
char__acolyte_preparing_for_evening_prayer_service,char__battle,acolyte preparing for evening prayer service,battle,1,False
char__animal,char__clergy,animal,clergy,2,False
char__peasant,char__tourist,peasant,tourist,1,False
char__king,char__noble,king,noble,6,True
char__governor,char__nobles,governor,nobles,1,False
char__priest,char__squire,priest,squire,2,False
char__jungle,char__villagers,jungle,villagers,1,False
char__cat,char__customer,cat,customer,2,False
char__jester,char__villager,jester,villager,1,False
char__duke,char__maid,duke,maid,5,False
char__student,char__teacher,student,teacher,1,False
char__butler,char__traveling_salesmen_stopping_for_a_drink,butler,traveling salesmen stopping for a drink,1,False
char__royal,char__wench,royal,wench,1,False
char__boy,char__parishioner,boy,parishioner,3,False
char__merchant,char__vendor,merchant,vendor,5,False
char__courtier,char__dwarf,courtier,dwarf,1,False
char__founder,char__ghost,founder,ghost,1,False
char__mourner,char__priest,mourner,priest,3,False
char__mate,char__miner,mate,miner,1,False
char__leader,char__outside_attackers,leader,outside attackers,1,False
char__horse,char__outlaw,horse,outlaw,5,False
char__maid,char__prince,maid,prince,4,False
char__guard,char__royal_prince,guard,royal prince,1,False
char__doctor,char__wise_men,doctor,wise men,1,False
char__doctor,char__teacher,doctor,teacher,1,False
char__poet_who_recites_his_best_work,char__shipwright,poet who recites his best work,shipwright,1,False
char__bishop,char__minister,bishop,minister,1,False
char__orc,char__wizard_overseer,orc,wizard overseer,1,False
char__drunk_reeling_out_of_the_saloon,char__pond_visitor,drunk reeling out of the saloon,pond visitor,1,False
char__goat,char__horse,goat,horse,1,False
char__preacher,char__priest,preacher,priest,1,False
char__businessman,char__hunter,businessman,hunter,1,False
char__homeless_man,char__runaway,homeless man,runaway,1,False
char__butterfly,char__wasp,butterfly,wasp,2,False
char__deer,char__dragon,deer,dragon,3,False
char__frog,char__worker,frog,worker,6,False
char__priest,char__traveller,priest,traveller,3,False
char__knight,char__monk,knight,monk,1,False
char__monk,char__person,monk,person,8,False
char__helpers,char__painter,helpers,painter,6,False
char__farmers,char__vendor,farmers,vendor,3,False
char__bird,char__cat,bird,cat,6,False
char__bat,char__raccoon,bat,raccoon,2,False
char__mouse,char__thief,mouse,thief,2,False
char__fisherman,char__policeman_walking_a_beat,fisherman,policeman walking a beat,1,False
char__bat,char__spirits,bat,spirits,4,False
char__thief,char__tribesman,thief,tribesman,1,False
char__large_spiders,char__ogre,large spiders,ogre,7,False
char__cat,char__challenger,cat,challenger,1,False
char__beetle,char__crow,beetle,crow,1,False
char__deer,char__insects,deer,insects,2,False
char__child,char__visitor,child,visitor,1,False
char__animal,char__maid,animal,maid,1,False
char__bloodied_prisoner,char__enemy,bloodied prisoner,enemy,1,False
char__guard,char__man,guard,man,1,False
char__armed_guardsmen,char__soldiers,armed guardsmen,soldiers,1,False
char__man,char__old_men,man,old men,1,False
char__doctor,char__king,doctor,king,2,True
char__horse,char__merchant,horse,merchant,3,False
char__grave_digger,char__grounds_keeper,grave digger,grounds keeper,2,False
char__camel,char__old_maniacal_man,camel,old maniacal man,1,False
char__town_baker,char__troll,town baker,troll,1,False
char__enemy,char__queen,enemy,queen,3,False
char__fairy,char__master_wizard,fairy,master wizard,2,False
char__elderly_man,char__noble,elderly man,noble,2,False
char__customer,char__spiders,customer,spiders,1,False
char__mice,char__roach,mice,roach,2,False
char__crow,char__dwarf,crow,dwarf,1,False
char__gnome,char__mystical_lion,gnome,mystical lion,7,False
char__monk,char__peasant,monk,peasant,4,False
char__peasant,char__priests,peasant,priests,3,False
char__bartender,char__wolves,bartender,wolves,2,False
char__although_the_temple_is_full_no_one_is_speaking_and_all_you_can_hear_are_muted_scuffling_feet,char__ghost,although the temple is full no one is speaking and all you can hear are muted scuffling feet,ghost,2,False
char__snake,char__witch,snake,witch,4,False
char__gamekeeper,char__ghost,gamekeeper,ghost,1,False
char__knight,char__trolls,knight,trolls,2,False
char__lost_traveler,char__traveler_long_past,lost traveler,traveler long past,9,False
char__enigmatic_wizard,char__roach,enigmatic wizard,roach,1,False
char__cockroach,char__criminal,cockroach,criminal,1,False
char__prince,char__rat,prince,rat,1,False
char__painter,char__person,painter,person,1,False
char__lord_chamberlain,char__queen,lord chamberlain,queen,1,False
char__deity,char__pheasant,deity,pheasant,1,False
char__bat,char__ghost,bat,ghost,6,False
char__dolphin,char__sea_witch,dolphin,sea witch,1,False
char__kings_bodyguard,char__princess,kings bodyguard,princess,1,False
char__gravedigger,char__peasant,gravedigger,peasant,6,False
char__cat,char__character,cat,character,1,False
char__spirit,char__spirits,spirit,spirits,4,False
char__gecko,char__tribe_chief,gecko,tribe chief,1,False
char__prisoner,char__royalty,prisoner,royalty,2,False
char__king,char__nun,king,nun,1,True
char__animal,char__cow,animal,cow,4,False
char__child,char__deer,child,deer,3,False
char__bears_cubs_it_fights_to_protect,char__snake,bears cubs it fights to protect,snake,1,False
char__guard,char__supplicant,guard,supplicant,1,False
char__bishop,char__parishioner,bishop,parishioner,2,False
char__mariner,char__mistress,mariner,mistress,1,False
char__character,char__man,character,man,1,False
char__court_wizard,char__watchmen,court wizard,watchmen,1,False
char__old_men,char__person,old men,person,2,False
char__fairy,char__priest,fairy,priest,1,False
char__family_dog,char__towns_folk,family dog,towns folk,1,False
char__child,char__fellow_traveler,child,fellow traveler,1,False
char__goblin,char__troll,goblin,troll,5,False
char__guest,char__thief,guest,thief,5,False
char__elderly_man,char__ghost,elderly man,ghost,2,False
char__scalawag,char__spiders,scalawag,spiders,1,False
char__knight,char__roach,knight,roach,4,False
char__mystical_lion,char__spirit,mystical lion,spirit,1,False
char__priests,char__woman,priests,woman,1,False
char__bartender,char__rat,bartender,rat,1,False
char__although_the_temple_is_full_no_one_is_speaking_and_all_you_can_hear_are_muted_scuffling_feet,char__deity,although the temple is full no one is speaking and all you can hear are muted scuffling feet,deity,2,False
char__fairy_interpreter,char__praying_mantis,fairy interpreter,praying mantis,2,False
char__demon,char__gods,demon,gods,6,False
char__cardinal,char__pilgrims,cardinal,pilgrims,2,False
char__baby_dragon,char__roach,baby dragon,roach,3,False
char__criminal,char__rat,criminal,rat,3,False
char__artist,char__fruit_bat,artist,fruit bat,1,False
char__dragon,char__horse,dragon,horse,1,False
char__rat,char__villager,rat,villager,4,False
char__king,char__messenger,king,messenger,1,True
char__entertainer,char__king,entertainer,king,1,True
char__clergyman,char__criminal,clergyman,criminal,1,False
char__enemy,char__person,enemy,person,1,False
char__archaeologist,char__creature,archaeologist,creature,1,False
char__fish,char__turtle,fish,turtle,5,False
char__evil_wizard,char__weary_traveler,evil wizard,weary traveler,1,False
char__woman,char__worms,woman,worms,2,False
char__genie,char__vulture,genie,vulture,1,False
char__gobber,char__hoakbera,gobber,hoakbera,3,False
char__castle_guards,char__traveler,castle guards,traveler,6,False
char__person,char__worms,person,worms,4,False
char__father,char__sister,father,sister,2,False
char__customer,char__vendor,customer,vendor,6,False
char__bird,char__person,bird,person,14,False
char__farm_worker,char__grandfather,farm worker,grandfather,2,False
char__emperor,char__person,emperor,person,1,False
char__assistant_chef,char__maid,assistant chef,maid,2,False
char__fish,char__witch,fish,witch,3,False
char__assassin,char__child,assassin,child,1,False
char__castle_guard,char__rat,castle guard,rat,1,False
char__groundskeeper_of_the_castle,char__pet_cat,groundskeeper of the castle,pet cat,3,False
char__mystical_dragon,char__sword_makers,mystical dragon,sword makers,1,False
char__king,char__religious_clerk,king,religious clerk,3,True
char__bat_queen,char__troll,bat queen,troll,2,False
char__maid,char__person,maid,person,6,False
char__cat,char__person,cat,person,2,False
char__child,char__creature,child,creature,1,False
char__bedbug,char__town_baker,bedbug,town baker,2,False
char__monk,char__priest_s_mistress,monk,priest's mistress,2,False
char__person_on_a_pilgrimage,char__teacher,person on a pilgrimage,teacher,1,False
char__mariner,char__merchant,mariner,merchant,1,False
char__bear,char__yeti,bear,yeti,1,False
char__bat,char__soldier,bat,soldier,2,False
char__dog,char__king,dog,king,2,True
char__blacksmith,char__child,blacksmith,child,2,False
char__military_commander,char__soldier,military commander,soldier,1,False
char__flirty_barmaid,char__person,flirty barmaid,person,1,False
char__person,char__worshipper,person,worshipper,1,False
char__customer,char__king,customer,king,3,True
char__police,char__traveler,police,traveler,2,False
char__fairy,char__people,fairy,people,4,False
char__faerie,char__frog,faerie,frog,3,False
char__alter_boy,char__priest,alter boy,priest,5,False
char__rival_jeweler,char__townsperson,rival jeweler,townsperson,1,False
char__ghost,char__zombie,ghost,zombie,4,False
char__fisherman,char__tern,fisherman,tern,2,False
char__camel,char__person,camel,person,1,False
char__future_heir_to_the_throne,char__queen,future heir to the throne,queen,2,False
char__predator,char__turtles,predator,turtles,1,False
char__lector,char__priests,lector,priests,1,False
char__his_father,char__king,his father,king,4,True
char__altar_boy,char__villager,altar boy,villager,1,False
char__fighter,char__squire,fighter,squire,1,False
char__big_sheep_like_brown_dog,char__father,big sheep-like brown dog,father,1,False
char__king,char__stable_caretaker,king,stable caretaker,1,True
char__groom,char__preacher,groom,preacher,2,False
char__farmer,char__orc,farmer,orc,1,False
char__husband,char__mother,husband,mother,6,False
char__family_member,char__maid,family member,maid,6,False
char__traveler,char__turtle_can_t_escape_fast_enough_to_avoid_being_eaten,traveler,turtle can't escape fast enough to avoid being eaten,2,False
char__king_s_guardsmen,char__large_experienced_guard_with_a_grizzly_expression,king's guardsmen,large experienced guard with a grizzly expression,2,False
char__diplomat,char__king,diplomat,king,8,True
char__faery,char__wizard,faery,wizard,5,False
char__formal,char__mayor,formal,mayor,1,False
char__his_wolf_companion_always_at_his_side,char__trader,his wolf companion always at his side,trader,3,False
char__pet_goldfish,char__servant,pet goldfish,servant,1,False
char__subject,char__village,subject,village,1,False
char__guard,char__knight_captain_or_general_that_may_oversee_the_guards,guard,knight captain or general that may oversee the guards,5,False
char__child,char__king_s_trusted_adviser,child,king's trusted adviser,1,False
char__family_member,char__farmer,family member,farmer,5,False
char__frog,char__town_game_warden,frog,town game warden,1,False
char__follower,char__priest,follower,priest,2,False
char__adventurer,char__child,adventurer,child,2,False
char__knight,char__priest,knight,priest,1,False
char__evil_witch,char__peasant,evil witch,peasant,1,False
char__captive,char__young_boy_who_is_a_deck_hand,captive,young boy who is a deck hand,1,False
char__archer,char__groundskeeper,archer,groundskeeper,2,False
char__archaeologists,char__robber,archaeologists,robber,1,False
char__old_maniacal_man,char__pet_bird,old maniacal man,pet bird,1,False
char__parishioner,char__priest,parishioner,priest,4,False
char__army,char__knight,army,knight,3,False
char__ghost,char__wise_woman,ghost,wise woman,3,False
char__treasure_seekers,char__villagers,treasure seekers,villagers,1,False
char__god_of_their_pagan_religion,char__man,god of their pagan religion,man,1,False
char__spider,char__traveler,spider,traveler,1,False
char__king,char__royal_family,king,royal family,7,True
char__priests,char__torturer,priests,torturer,1,False
char__ambassador,char__woman,ambassador,woman,1,False
char__dogs,char__traitor,dogs,traitor,7,False
char__person,char__teachers,person,teachers,1,False
char__cow,char__rabbit,cow,rabbit,6,False
char__deer,char__wench,deer,wench,4,False
char__mysterious_owner,char__owner,mysterious owner,owner,2,False
char__duke,char__hunter,duke,hunter,4,False
char__person,char__they_are_not_quite_outcast,person,they are not quite outcast,4,False
char__hawk,char__skeleton,hawk,skeleton,1,False
char__torturer,char__traitor,torturer,traitor,1,False
char__guard,char__inhabitant,guard,inhabitant,3,False
char__family_member,char__servant,family member,servant,6,False
char__alligator,char__peasant,alligator,peasant,2,False
char__guard,char__worshipper,guard,worshipper,5,False
char__maester,char__priest,maester,priest,1,False
char__rabbit,char__vagrants,rabbit,vagrants,2,False
char__turtles,char__witch,turtles,witch,1,False
char__grass_snake,char__royal_family,grass snake,royal family,2,False
char__creature,char__witch,creature,witch,5,False
char__old_woman,char__rat,old woman,rat,1,False
char__animal,char__stray_cat_sun_bathing,animal,stray cat sun-bathing,8,False
char__congregant,char__historian,congregant,historian,7,False
char__inhabitant,char__royal_family_member,inhabitant,royal family member,5,False
char__dungeon_master,char__soldier,dungeon master,soldier,1,False
char__dog,char__peasant,dog,peasant,2,False
char__rodent,char__temple_members,rodent,temple members,5,False
char__gravedigger,char__horse_tied_up_in_front_of_a_shop,gravedigger,horse tied up in front of a shop,1,False
char__mouse,char__queen,mouse,queen,2,False
char__animal,char__man,animal,man,4,False
char__debtor,char__prisoner,debtor,prisoner,5,False
char__god,char__knight,god,knight,3,False
char__animal,char__woodpecker,animal,woodpecker,7,False
char__acolyte_preparing_for_evening_prayer_service,char__animal,acolyte preparing for evening prayer service,animal,1,False
char__empress,char__royal_family,empress,royal family,1,False
char__pastor,char__pope,pastor,pope,4,False
char__king,char__their_family,king,their family,1,True
char__bug,char__person,bug,person,2,False
char__child,char__mice,child,mice,2,False
char__archer,char__spirit,archer,spirit,1,False
char__ghost,char__maggot,ghost,maggot,1,False
char__king,char__queen_s_subject,king,queen's subject,1,True
char__peasant,char__queen,peasant,queen,4,False
char__member,char__watchmen,member,watchmen,2,False
char__chief,char__soldier,chief,soldier,2,False
char__craftsman,char__foreman_ordering_his_workers,craftsman,foreman ordering his workers,4,False
char__member,char__person,member,person,1,False
char__king,char__troop,king,troop,2,True
char__rat,char__snakes,rat,snakes,11,False
char__lady,char__priest,lady,priest,6,False
char__evil_witch,char__his_horse,evil witch,his horse,1,False
char__assassin,char__guard,assassin,guard,6,False
char__bear,char__camper,bear,camper,1,False
char__chicken,char__townsperson,chicken,townsperson,3,False
char__goblin_king_s_bartender,char__mourner,goblin king's bartender,mourner,1,False
char__stable_caretaker,char__witch,stable caretaker,witch,1,False
char__residents_of_the_cottage,char__weary_traveler,residents of the cottage,weary traveler,1,False
char__intruder,char__kings,intruder,kings,1,False
char__fishermen,char__priests,fishermen,priests,1,False
char__apothecary,char__peasant,apothecary,peasant,1,False
char__goblin_king_s_bartender,char__publican,goblin king's bartender,publican,1,False
char__local_merchant,char__people_saved_by_the_paladinsa,local merchant,people saved by the paladinsa,4,False
char__priests,char__queen,priests,queen,4,False
char__vigilant_guard,char__warrior,vigilant guard,warrior,1,False
char__survivors,char__zuric,survivors,zuric,1,False
char__bird,char__villager,bird,villager,3,False
char__barn_cat,char__horse,barn cat,horse,1,False
char__dog,char__guard,dog,guard,3,False
char__bishop,char__butler,bishop,butler,1,False
char__chicken,char__owner,chicken,owner,4,False
char__dogs,char__gnome,dogs,gnome,1,False
char__merchant,char__villager,merchant,villager,12,False
char__peasant,char__sailor,peasant,sailor,1,False
char__acolyte,char__high_priestess,acolyte,high priestess,8,False
char__master_wizard,char__princess,master wizard,princess,1,False
char__king,char__pheasant,king,pheasant,2,True
char__bird,char__child,bird,child,6,False
char__bird,char__trader,bird,trader,1,False
char__fish,char__resident,fish,resident,2,False
char__thief,char__visitor,thief,visitor,4,False
char__usher,char__villager,usher,villager,1,False
char__child,char__rabbit,child,rabbit,3,False
char__horse_caretaker_trainer,char__pirate,horse caretaker trainer,pirate,1,False
char__agricultural_advisor,char__hunter,agricultural advisor,hunter,1,False
char__member,char__outlaw,member,outlaw,1,False
char__elf,char__goblin,elf,goblin,7,False
char__family_member,char__scribe,family member,scribe,1,False
char__dog,char__owner,dog,owner,4,False
char__court_jester,char__visitor,court jester,visitor,2,False
char__cook,char__hunter,cook,hunter,2,False
char__their_family,char__thief,their family,thief,1,False
char__old_man,char__spirit,old man,spirit,1,False
char__police,char__prisoner,police,prisoner,2,False
char__guard,char__priests,guard,priests,6,False
char__fox_trying_to_steal_chickens,char__peasant,fox trying to steal chickens,peasant,2,False
char__blacksmith,char__lady_of_the_house,blacksmith,lady of the house,1,False
char__sell_swords,char__traders,sell swords,traders,1,False
char__grim_reaper,char__monk,grim reaper,monk,1,False
char__farmer,char__grounds_keeper,farmer,grounds keeper,1,False
char__cat,char__wife,cat,wife,4,False
char__king,char__villager,king,villager,2,True
char__congregant,char__dogs,congregant,dogs,1,False
char__god,char__villager,god,villager,10,False
char__princess_who_lives_in_the_castle_and_can_t_escape,char__prisoner,princess who lives in the castle and can't escape,prisoner,1,False
char__giant_frog,char__peasant,giant frog,peasant,1,False
char__ghost_of_a_miner,char__monkey,ghost of a miner,monkey,1,False
char__nobleman,char__reluctant_nun,nobleman,reluctant nun,1,False
char__knight,char__vagrants,knight,vagrants,1,False
char__horse_tied_up_in_front_of_a_shop,char__squire,horse tied up in front of a shop,squire,6,False
char__bandit,char__local,bandit,local,6,False
char__merchant,char__tribe_chief,merchant,tribe chief,1,False
char__caretaker,char__priest,caretaker,priest,7,False
char__hunter,char__member,hunter,member,1,False
char__princess_who_lives_in_the_castle_and_can_t_escape,char__watchman,princess who lives in the castle and can't escape,watchman,1,False
char__merchant,char__royalty,merchant,royalty,3,False
char__diplomat,char__towns_folk,diplomat,towns folk,1,False
char__diplomat,char__guard,diplomat,guard,2,False
char__archer,char__sailor,archer,sailor,1,False
char__friend,char__horse,friend,horse,1,False
char__cat,char__royal_chef,cat,royal chef,7,False
char__merchant,char__pirate,merchant,pirate,5,False
char__butler,char__guest,butler,guest,8,False
char__traveler,char__wolf,traveler,wolf,1,False
char__baby_shower,char__resident,baby shower,resident,1,False
char__creature,char__gardener,creature,gardener,1,False
char__dancer,char__ghost,dancer,ghost,1,False
char__choir_member,char__priest,choir member,priest,1,False
char__flirty_barmaid,char__sinners,flirty barmaid,sinners,1,False
char__altar_boy,char__wildlife,altar boy,wildlife,1,False
char__god,char__worshipper,god,worshipper,2,False
char__cat,char__subject,cat,subject,2,False
char__archer,char__knight,archer,knight,5,False
char__judge,char__thief,judge,thief,5,False
char__damage_dealer,char__knight,damage dealer,knight,1,False
char__horseflies,char__soldier,horseflies,soldier,1,False
char__thief,char__town_sheriff,thief,town sheriff,8,False
char__king_s_brother,char__kings,king's brother,kings,1,False
char__merchant,char__warrior,merchant,warrior,7,False
char__historian,char__priest,historian,priest,1,False
char__lady,char__spider,lady,spider,1,False
char__temple_members,char__villager,temple members,villager,1,False
char__seagull,char__villager,seagull,villager,8,False
char__chamber_maid,char__thief,chamber maid,thief,1,False
char__pastor,char__priest,pastor,priest,3,False
char__musician,char__troll,musician,troll,1,False
char__acolyte,char__pilgrims,acolyte,pilgrims,6,False
char__individual,char__old_wizened_priestess,individual,old wizened priestess,1,False
char__guest,char__man,guest,man,1,False
char__parishioner,char__peasant,parishioner,peasant,1,False
char__residents_of_the_cottage,char__wife,residents of the cottage,wife,1,False
char__rat_chews_on_a_dropped_hymnbook,char__spider,rat chews on a dropped hymnbook,spider,7,False
char__congregant,char__servant,congregant,servant,1,False
char__people,char__royal_family,people,royal family,3,False
char__hunter,char__sad_woman,hunter,sad woman,1,False
char__flirty_barmaid,char__guard,flirty barmaid,guard,1,False
char__owner,char__wife,owner,wife,8,False
char__king,char__spider,king,spider,5,True
char__alchemist,char__family_member,alchemist,family member,3,False
char__calf,char__farmer,calf,farmer,2,False
char__dog,char__rat,dog,rat,1,False
char__bat,char__swimmer,bat,swimmer,3,False
char__scholar,char__worshiper,scholar,worshiper,1,False
char__blacksmith_apprentice,char__servant,blacksmith apprentice,servant,1,False
char__cockroach,char__peasant,cockroach,peasant,1,False
char__electric_eel,char__insects,electric eel,insects,1,False
char__alter_boy,char__groom,alter boy,groom,1,False
char__family_member,char__wise_looking_turtle,family member,wise-looking turtle,1,False
char__criminal,char__guard,criminal,guard,8,False
char__animal,char__mother,animal,mother,1,False
char__peasant,char__wizard_overseer,peasant,wizard overseer,3,False
char__farmer_bob,char__geese,farmer bob,geese,1,False
char__person,char__petitioner,person,petitioner,1,False
char__court_jester,char__juror,court jester,juror,1,False
char__blacksmith,char__dog,blacksmith,dog,1,False
char__peasant,char__villager,peasant,villager,8,False
char__preacher,char__student,preacher,student,2,False
char__craftsman,char__royal,craftsman,royal,1,False
char__guard,char__vendor,guard,vendor,3,False
char__ghost,char__homeless,ghost,homeless,7,False
char__merchant,char__soldiers,merchant,soldiers,5,False
char__assassin,char__prince,assassin,prince,1,False
char__priest,char__skeleton,priest,skeleton,1,False
char__explorer,char__miner,explorer,miner,3,False
char__guard,char__leader,guard,leader,6,False
char__concubine,char__maid,concubine,maid,3,False
char__hiker,char__old_man,hiker,old man,2,False
char__adventurer,char__mischievous_teenager,adventurer,mischievous teenager,1,False
char__dogs,char__villager,dogs,villager,1,False
char__veteran,char__woman,veteran,woman,2,False
char__minister,char__priest,minister,priest,2,False
char__emperor,char__sentry,emperor,sentry,1,False
char__bird,char__parishioner,bird,parishioner,1,False
char__cow,char__horse,cow,horse,2,False
char__friend_of_the_princess,char__hunter,friend of the princess,hunter,1,False
char__bride,char__servant,bride,servant,1,False
char__explorer,char__ghost,explorer,ghost,6,False
char__songbird,char__wasp,songbird,wasp,4,False
char__attendant,char__child,attendant,child,2,False
char__farmer,char__leper,farmer,leper,1,False
char__genie,char__sailor,genie,sailor,1,False
char__merchant,char__traveler,merchant,traveler,1,False
char__family,char__lady_of_the_house_coming_to_greet_you,family,lady of the house coming to greet you,4,False
char__squire,char__town_baker_s_child,squire,town baker's child,1,False
char__guardsman,char__watchman,guardsman,watchman,2,False
char__groom_of_the_stool,char__subject,groom of the stool,subject,2,False
char__deity,char__person,deity,person,1,False
char__eel,char__fish,eel,fish,1,False
char__ogre,char__thief,ogre,thief,1,False
char__animal,char__chicken,animal,chicken,5,False
char__crow,char__worshipper,crow,worshipper,1,False
char__deer,char__witch,deer,witch,1,False
char__camera_man,char__king_consort,camera man,king consort,1,False
char__bear,char__snake,bear,snake,3,False
char__goat,char__supplicant,goat,supplicant,4,False
char__altar_boy,char__bishop,altar boy,bishop,1,False
char__witch,char__young_princess,witch,young princess,3,False
char__farmer,char__king,farmer,king,1,True
char__dragon_who_breathes_fire_and_won_t_let_her_out,char__repentant_person,dragon who breathes fire and won't let her out,repentant person,1,False
char__mouse,char__pastry_chef,mouse,pastry chef,1,False
char__king,char__thief,king,thief,5,True
char__animal,char__foreigner,animal,foreigner,2,False
char__unicorn,char__unicorn_groomer,unicorn,unicorn groomer,1,False
char__mouse,char__spider,mouse,spider,3,False
char__fairy,char__king,fairy,king,3,True
char__court_jester,char__king,court jester,king,1,True
char__potion,char__small_aggressive_looking_dog,potion,small aggressive-looking dog,1,False
char__dog,char__traveler,dog,traveler,2,False
char__guard,char__spider,guard,spider,3,False
char__jester,char__queen,jester,queen,3,False
char__prince,char__villager,prince,villager,2,False
char__guard,char__rabid_rat,guard,rabid rat,5,False
char__admiral,char__prince,admiral,prince,1,False
char__boat_captain,char__individual,boat captain,individual,1,False
char__king,char__rat_feasting_on_leftovers,king,rat feasting on leftovers,1,True
char__barn_cat,char__townsperson,barn cat,townsperson,1,False
char__petitioner,char__priest_in_ornate_robes,petitioner,priest in ornate robes,6,False
char__enemy,char__old_man,enemy,old man,1,False
char__bedbug,char__shop_keeper,bedbug,shop keeper,1,False
char__child,char__woman,child,woman,4,False
char__snakes,char__vulture,snakes,vulture,5,False
char__chief_wife,char__sister,chief wife,sister,1,False
char__farm_worker,char__mother,farm worker,mother,1,False
char__king,char__royal_prince,king,royal prince,4,True
char__hunter,char__person,hunter,person,3,False
char__boatswain,char__deckhand,boatswain,deckhand,1,False
char__assistant_chef,char__chef,assistant chef,chef,2,False
char__outlaw,char__shipwrecked_survivor,outlaw,shipwrecked survivor,3,False
char__friends,char__lord,friends,lord,3,False
char__louse,char__servant,louse,servant,1,False
char__prisoner,char__wrongdoer,prisoner,wrongdoer,1,False
char__his_wife,char__pet_cat,his wife,pet cat,2,False
char__animal,char__horse,animal,horse,2,False
char__bat,char__bat_queen,bat,bat queen,3,False
char__criminal,char__ghosts_of_previous_occupants,criminal,ghosts of previous occupants,1,False
char__performer,char__plants,performer,plants,1,False
char__cat,char__servant,cat,servant,4,False
char__alligator,char__child,alligator,child,2,False
char__guard,char__queen,guard,queen,7,False
char__chameleon,char__fox,chameleon,fox,1,False
char__dragon,char__troll,dragon,troll,1,False
char__inn_keeper,char__royal,inn keeper,royal,1,False
char__head_priest,char__soul,head priest,soul,2,False
char__monk,char__royal_member,monk,royal member,1,False
char__general,char__guard,general,guard,2,False
char__blacksmith,char__town_jester,blacksmith,town jester,2,False
char__military_commander,char__queen,military commander,queen,2,False
char__bat,char__homeless_person,bat,homeless person,1,False
char__guard,char__torturer,guard,torturer,1,False
char__local,char__police,local,police,3,False
char__bishop,char__person,bishop,person,5,False
char__adventurer,char__captain,adventurer,captain,2,False
char__organist,char__spider_spins_its_web_in_the_pew_corner,organist,spider spins its web in the pew corner,3,False
char__girl,char__proprietor,girl,proprietor,2,False
char__curiosity_seekers,char__townperson,curiosity seekers,townperson,1,False
char__future_heir_to_the_throne,char__maid,future heir to the throne,maid,1,False
char__congregant,char__nuns,congregant,nuns,2,False
char__blacksmith,char__peasant,blacksmith,peasant,2,False
char__monk,char__nun,monk,nun,1,False
char__fighters,char__soldiers,fighters,soldiers,2,False
char__chef,char__tavern_owner,chef,tavern owner,3,False
char__cardinal,char__gardener,cardinal,gardener,1,False
char__missionary,char__thief,missionary,thief,1,False
char__cardinal,char__queen,cardinal,queen,2,False
char__boar,char__faery,boar,faery,4,False
char__formal,char__president,formal,president,1,False
char__bear,char__insects,bear,insects,2,False
char__mourner,char__survivors,mourner,survivors,1,False
char__monster,char__young_girl,monster,young girl,1,False
char__his_wife,char__king,his wife,king,5,True
char__spiders,char__vulture,spiders,vulture,5,False
char__royal,char__villagers,royal,villagers,4,False
char__town_sheriff,char__villager,town sheriff,villager,1,False
char__high_priest,char__spider,high priest,spider,3,False
char__bishop,char__follower,bishop,follower,1,False
char__adventurer,char__witch,adventurer,witch,2,False
char__lizards,char__worshipper,lizards,worshipper,2,False
char__captain,char__young_boy_who_is_a_deck_hand,captain,young boy who is a deck hand,1,False
char__king_s_brother,char__princess,king's brother,princess,1,False
char__daughter,char__family_dog,daughter,family dog,1,False
char__mouse,char__old_maniacal_man,mouse,old maniacal man,4,False
char__ghost,char__guest,ghost,guest,1,False
char__man,char__no_one,man,no one,1,False
char__ghost_of_a_miner,char__old_homeless_man,ghost of a miner,old homeless man,2,False
char__king,char__king_s_horses,king,king's horses,4,True
char__person,char__wild_boar,person,wild boar,2,False
char__adulterer,char__village_official,adulterer,village official,1,False
char__dogs,char__royal,dogs,royal,4,False
char__guest,char__her_maid,guest,her maid,6,False
char__guard,char__traitor,guard,traitor,3,False
char__maid,char__royal_family,maid,royal family,3,False
char__gypsy,char__lizards,gypsy,lizards,5,False
char__exiled_person,char__person,exiled person,person,5,False
char__jacob,char__monk,jacob,monk,1,False
char__dancer,char__high_priestess,dancer,high priestess,8,False
char__figure,char__owner,figure,owner,1,False
char__hunter,char__king,hunter,king,3,True
char__acolyte,char__person,acolyte,person,1,False
char__ancient_king,char__angel,ancient king,angel,1,False
char__lizards,char__rat,lizards,rat,2,False
char__guard,char__turtle,guard,turtle,1,False
char__guest,char__visitor,guest,visitor,1,False
char__peasant,char__swimmer,peasant,swimmer,3,False
char__monk,char__scribe,monk,scribe,4,False
char__cockroach,char__prisoner,cockroach,prisoner,1,False
char__church_mouse,char__teacher,church mouse,teacher,1,False
char__turtles,char__water_nymph,turtles,water nymph,1,False
char__peasant,char__young_boy,peasant,young boy,1,False
char__squire,char__weapons_master,squire,weapons master,2,False
char__gardener,char__peacock,gardener,peacock,1,False
char__boat_workers,char__residents_of_the_cottage,boat workers,residents of the cottage,1,False
char__castle_guards,char__lazy_insects,castle guards,lazy insects,1,False
char__creature,char__daughter,creature,daughter,1,False
char__donkey,char__peasant,donkey,peasant,2,False
char__bird,char__stray_cat_sun_bathing,bird,stray cat sun-bathing,2,False
char__guest,char__inhabitant,guest,inhabitant,2,False
char__criminal,char__thief,criminal,thief,3,False
char__old_woman,char__rodent,old woman,rodent,1,False
char__king_s_treasurer,char__rat,king's treasurer,rat,1,False
char__bird,char__boy,bird,boy,3,False
char__noble,char__staircase,noble,staircase,1,False
char__blind_knight_holding_a_sword,char__god,blind knight holding a sword,god,2,False
char__guest,char__their_family,guest,their family,1,False
char__person,char__powerful_but_aged_wizard,person,powerful but aged wizard,1,False
char__horse,char__knights_in_training,horse,knights in training,1,False
char__bird,char__knight,bird,knight,5,False
char__maggot,char__spider,maggot,spider,1,False
char__architect,char__king,architect,king,2,True
char__dog,char__dragon,dog,dragon,2,False
char__deer,char__pig,deer,pig,2,False
char__guest,char__waitress,guest,waitress,2,False
char__chambermaid,char__servant,chambermaid,servant,2,False
char__foreman_ordering_his_workers,char__thief,foreman ordering his workers,thief,3,False
char__member,char__spider,member,spider,3,False
char__deer,char__rabbit,deer,rabbit,2,False
char__guard,char__village_official,guard,village official,2,False
char__eunuch,char__snakes,eunuch,snakes,1,False
char__bridge,char__ghost,bridge,ghost,1,False
char__fish,char__fisherman,fish,fisherman,6,False
char__master_of_ceremonies,char__subject,master of ceremonies,subject,2,False
char__friend,char__mysterious_merchant,friend,mysterious merchant,1,False
char__guest,char__leader,guest,leader,1,False
char__maester,char__person,maester,person,1,False
char__spider,char__spirits,spider,spirits,3,False
char__bat,char__thief,bat,thief,2,False
char__minister,char__ogre,minister,ogre,1,False
char__chicken,char__cow,chicken,cow,1,False
char__crow,char__torture_master,crow,torture master,1,False
char__king_consort,char__visitor,king consort,visitor,2,False
char__bear,char__bears_cubs_it_fights_to_protect,bear,bears cubs it fights to protect,1,False
char__enemy,char__torture_master,enemy,torture master,1,False
char__denizen,char__performer,denizen,performer,1,False
char__man,char__thief,man,thief,2,False
char__prisoner,char__skeleton,prisoner,skeleton,1,False
char__king,char__woman,king,woman,5,True
char__eagle,char__soldier,eagle,soldier,1,False
char__grounds_keeper,char__royal_member,grounds keeper,royal member,4,False
char__mage,char__merchant,mage,merchant,2,False
char__hermit,char__peasant,hermit,peasant,1,False
char__farmer,char__garter_snake,farmer,garter snake,3,False
char__flies,char__king,flies,king,1,True
char__elderly_man,char__villager,elderly man,villager,1,False
char__bandit,char__bat,bandit,bat,1,False
char__bear,char__dwarf,bear,dwarf,1,False
char__bartender,char__witch,bartender,witch,2,False
char__mice,char__monk,mice,monk,5,False
char__king,char__unicorn,king,unicorn,2,True
char__mouse,char__witch,mouse,witch,3,False
char__descendant_of_the_sons,char__residents_of_the_cottage,descendant of the sons,residents of the cottage,1,False
char__genie_from_a_lamp,char__lost_traveler,genie from a lamp,lost traveler,3,False
char__cat,char__enigmatic_wizard,cat,enigmatic wizard,2,False
char__cockroach,char__thief,cockroach,thief,1,False
char__dignitary,char__king,dignitary,king,3,True
char__guard,char__town_baker_s_husband,guard,town baker's husband,1,False
char__guard,char__prince,guard,prince,3,False
char__homeless,char__individual,homeless,individual,5,False
char__goddess,char__religious_clerk,goddess,religious clerk,1,False
char__monster,char__townsperson,monster,townsperson,1,False
char__mouse,char__pirate,mouse,pirate,2,False
char__black_stray_cat,char__mischievous_teenager,black stray cat,mischievous teenager,3,False
char__insects,char__snakes,insects,snakes,5,False
char__king_fulmer,char__large_experienced_guard_with_a_grizzly_expression,king fulmer,large experienced guard with a grizzly expression,1,False
char__bodyguard,char__traveler,bodyguard,traveler,2,False
char__roach,char__worms,roach,worms,1,False
char__captive,char__father,captive,father,1,False
char__beggar,char__customer,beggar,customer,2,False
char__child,char__intruder,child,intruder,1,False
char__rodent,char__thief,rodent,thief,1,False
char__cowardly_young_man_in_armour,char__guard,cowardly young man in armour,guard,1,False
char__gardener,char__ladies,gardener,ladies,1,False
char__gypsy,char__king,gypsy,king,1,True
char__captain,char__deckhand,captain,deckhand,2,False
char__animal,char__repentant_person,animal,repentant person,1,False
char__king,char__towns_folk,king,towns folk,1,True
char__guard,char__soldier,guard,soldier,7,False
char__castle_guard,char__prisoner,castle guard,prisoner,2,False
char__king_himself,char__sword_makers,king himself,sword makers,2,False
char__ambassador,char__king,ambassador,king,4,True
char__deer,char__unicorn_hunters,deer,unicorn hunters,1,False
char__artist,char__person,artist,person,1,False
char__performer,char__usher,performer,usher,4,False
char__child,char__horseflies,child,horseflies,1,False
char__midget,char__person,midget,person,3,False
char__family,char__guard,family,guard,1,False
char__nobles,char__person,nobles,person,2,False
char__child,char__groom,child,groom,1,False
char__church_mouse,char__person,church mouse,person,3,False
char__dove,char__insects,dove,insects,1,False
char__blacksmith,char__priest,blacksmith,priest,1,False
char__ghost,char__worshipper,ghost,worshipper,3,False
char__monk,char__student,monk,student,4,False
char__dog,char__his_queen,dog,his queen,1,False
char__diseased_distempered_dog,char__old_one_eyed_owl,diseased distempered dog,old one-eyed owl,2,False
char__local_artist,char__merchant,local artist,merchant,1,False
char__agricultural_advisor,char__king_omako_iii,agricultural advisor,king omako iii,1,False
char__animal,char__person,animal,person,5,False
char__farmer,char__traveler_long_past,farmer,traveler long past,1,False
char__worshiper,char__worshipper,worshiper,worshipper,4,False
char__captain,char__fairy,captain,fairy,4,False
char__teacher,char__weddings,teacher,weddings,1,False
char__boy,char__townsperson,boy,townsperson,1,False
char__animal,char__ghost,animal,ghost,2,False
char__guard,char__high_sorceress,guard,high sorceress,3,False
char__pelican,char__seagull,pelican,seagull,1,False
char__chef,char__curiosity_seekers,chef,curiosity seekers,1,False
char__chicken,char__grazing_milk_cow_in_the_background,chicken,grazing milk cow in the background,1,False
char__future_heir_to_the_throne,char__jester,future heir to the throne,jester,1,False
char__frog,char__snakes,frog,snakes,2,False
char__king,char__rat,king,rat,4,True
char__bird,char__king,bird,king,2,True
char__noble,char__soldiers,noble,soldiers,1,False
char__iguana,char__nobleman,iguana,nobleman,1,False
char__enemy,char__subjects,enemy,subjects,1,False
char__farmer,char__gardener,farmer,gardener,5,False
char__nobel,char__person,nobel,person,3,False
char__bluebird,char__goldfinch,bluebird,goldfinch,1,False
char__ambassador,char__diplomat,ambassador,diplomat,1,False
char__craftsman,char__family,craftsman,family,1,False
char__insects,char__lazy_insects,insects,lazy insects,2,False
char__bandit,char__spelunker,bandit,spelunker,1,False
char__gypsy,char__nobel,gypsy,nobel,1,False
char__mouse,char__vulture,mouse,vulture,3,False
char__villager,char__villagers,villager,villagers,2,False
char__frog,char__salesman,frog,salesman,1,False
char__acolyte_preparing_for_evening_prayer_service,char__spider,acolyte preparing for evening prayer service,spider,3,False
char__adventurer,char__bigfoot,adventurer,bigfoot,1,False
char__thief,char__villager,thief,villager,3,False
char__cook,char__old_men,cook,old men,1,False
char__farmer_bob_s_wife,char__pig,farmer bob's wife,pig,1,False
char__archaeologists,char__villager,archaeologists,villager,1,False
char__old_maniacal_man,char__table,old maniacal man,table,1,False
char__king_s_architect,char__priest,king's architect,priest,3,False
char__wise_woman,char__witch,wise woman,witch,3,False
char__high_priest,char__organ_player,high priest,organ player,3,False
char__mad_king,char__villagers,mad king,villagers,2,False
char__man,char__stinging_scorpion,man,stinging scorpion,1,False
char__archaeologist,char__sneaky_thief,archaeologist,sneaky thief,1,False
char__person,char__toucan,person,toucan,1,False
char__hangman,char__peasant,hangman,peasant,2,False
char__guest,char__traveler,guest,traveler,4,False
char__village_official,char__villager,village official,villager,3,False
char__ghost,char__snakes,ghost,snakes,1,False
char__exiled_person,char__large_spider,exiled person,large spider,1,False
char__gods,char__person,gods,person,1,False
char__chicken,char__evil_witch,chicken,evil witch,1,False
char__mouse,char__mysterious_owner,mouse,mysterious owner,5,False
char__noble,char__servant,noble,servant,2,False
char__bartender,char__worker,bartender,worker,1,False
char__ancient_king,char__juror,ancient king,juror,1,False
char__clergyman,char__rat,clergyman,rat,1,False
char__archer,char__bandit,archer,bandit,1,False
char__peasant,char__young_girl,peasant,young girl,1,False
char__artist,char__cleaning_maid,artist,cleaning maid,1,False
char__high_priestess,char__worshipper,high priestess,worshipper,7,False
char__cockroach,char__guard,cockroach,guard,3,False
char__church_mouse,char__monk,church mouse,monk,1,False
char__care_taker,char__royal,care taker,royal,3,False
char__child,char__residents_of_the_cottage,child,residents of the cottage,1,False
char__castle_guards,char__recently_tortured,castle guards,recently tortured,1,False
char__maid,char__rat,maid,rat,2,False
char__guard,char__thief,guard,thief,4,False
char__peasant,char__small_animals,peasant,small animals,1,False
char__farmer,char__large_black_vulture,farmer,large black vulture,1,False
char__child,char__guard,child,guard,3,False
char__animal,char__grandfather,animal,grandfather,1,False
char__emperor,char__prince,emperor,prince,1,False
char__demon,char__person,demon,person,1,False
char__pig,char__spirit,pig,spirit,2,False
char__another_prisoner,char__ghost,another prisoner,ghost,1,False
char__architect,char__queen_s_subject,architect,queen's subject,1,False
char__ghost,char__queen,ghost,queen,1,False
char__dog,char__member,dog,member,5,False
char__archer,char__chicken,archer,chicken,1,False
char__animal,char__turkey,animal,turkey,2,False
char__cook,char__soldier,cook,soldier,1,False
char__king,char__soldier,king,soldier,7,True
char__archer,char__watcher,archer,watcher,2,False
char__bandit,char__people_saved_by_the_paladinsa,bandit,people saved by the paladinsa,1,False
char__captured_knight,char__man_sleeping_inside,captured knight,man sleeping inside,1,False
char__bear,char__bug,bear,bug,1,False
char__person,char__townsperson,person,townsperson,2,False
char__queen,char__villagers,queen,villagers,1,False
char__preacher,char__subject,preacher,subject,1,False
char__man,char__sad_townsman,man,sad townsman,1,False
char__steward,char__witch,steward,witch,1,False
char__dignitary,char__traveler,dignitary,traveler,1,False
char__footman,char__man,footman,man,1,False
char__goddess,char__weary_traveler,goddess,weary traveler,1,False
char__cat,char__kings,cat,kings,1,False
char__customer,char__god,customer,god,1,False
char__patron,char__wizard,patron,wizard,1,False
char__bar_host,char__woman,bar host,woman,2,False
char__person,char__scorpions,person,scorpions,3,False
char__dragon,char__warrior,dragon,warrior,1,False
char__horse,char__peasant,horse,peasant,4,False
char__curious_boy,char__villager,curious boy,villager,1,False
char__horse,char__stable_boy,horse,stable boy,1,False
char__dog,char__sad_townsman,dog,sad townsman,2,False
char__faerie,char__lady_of_the_hour,faerie,lady of the hour,1,False
char__animal,char__dogs,animal,dogs,1,False
char__farmers,char__pelican,farmers,pelican,1,False
char__high_priestess,char__maid,high priestess,maid,1,False
char__farmers,char__spider,farmers,spider,1,False
char__owl,char__wolf,owl,wolf,1,False
char__families,char__traveler,families,traveler,3,False
char__prisoner,char__town_sheriff,prisoner,town sheriff,7,False
char__child,char__family_dog,child,family dog,8,False
char__guard,char__resident,guard,resident,6,False
char__nobleman,char__people,nobleman,people,4,False
char__ox,char__villager,ox,villager,9,False
char__families,char__villager,families,villager,2,False
char__crow,char__hunter,crow,hunter,1,False
char__hunter,char__pirate,hunter,pirate,1,False
char__guest,char__princess,guest,princess,1,False
char__fox,char__ox,fox,ox,2,False
char__owner,char__salesman,owner,salesman,3,False
char__rat,char__sailor,rat,sailor,8,False
char__child,char__girl,child,girl,1,False
char__husband,char__secret_lovers_seeking_privacy,husband,secret lovers seeking privacy,1,False
char__blacksmith_apprentice,char__owner,blacksmith apprentice,owner,7,False
char__child,char__cook,child,cook,3,False
char__their_family,char__wife,their family,wife,8,False
char__mermaid,char__sailor,mermaid,sailor,4,False
char__dragon,char__fairy,dragon,fairy,4,False
char__peasant,char__sheep,peasant,sheep,5,False
char__beggar,char__bloodied_prisoner,beggar,bloodied prisoner,1,False
char__daughter,char__sons,daughter,sons,2,False
char__craftsman,char__monk,craftsman,monk,1,False
char__horse,char__wife,horse,wife,6,False
char__grounds_keeper,char__queen,grounds keeper,queen,1,False
char__man,char__raccoon,man,raccoon,1,False
char__snake,char__villager,snake,villager,3,False
char__executioner,char__foreign_ambassador,executioner,foreign ambassador,1,False
char__miner,char__patient,miner,patient,1,False
char__chiefs,char__servant,chiefs,servant,1,False
char__leader,char__spider,leader,spider,1,False
char__horse_tied_up_in_front_of_a_shop,char__king,horse tied up in front of a shop,king,1,True
char__blacksmith,char__jester,blacksmith,jester,4,False
char__criminal,char__local,criminal,local,1,False
char__guard,char__stable_boy,guard,stable boy,9,False
char__merchant,char__stable_boy_rushing_in_to_alert_the_knight,merchant,stable boy rushing in to alert the knight,1,False
char__beggar,char__priest,beggar,priest,5,False
char__member,char__soldier_named_ulmer,member,soldier named ulmer,1,False
char__royalty,char__visitor,royalty,visitor,8,False
char__dogs,char__watchman,dogs,watchman,1,False
char__servant,char__talking_cat,servant,talking cat,3,False
char__mountain_goat,char__sailor,mountain goat,sailor,1,False
char__mystical_dragon,char__traveler,mystical dragon,traveler,1,False
char__lost_traveler,char__village,lost traveler,village,1,False
char__archaeologist,char__monk,archaeologist,monk,9,False
char__salesman,char__visitor,salesman,visitor,1,False
char__seagull,char__woman,seagull,woman,1,False
char__bat,char__bird,bat,bird,3,False
char__maester,char__woman,maester,woman,1,False
char__fisher,char__traveller,fisher,traveller,1,False
char__nurse,char__priest,nurse,priest,1,False
char__altar_boy,char__pastor,altar boy,pastor,4,False
char__cricket,char__gardener,cricket,gardener,1,False
char__blacksmith,char__flirty_barmaid,blacksmith,flirty barmaid,1,False
char__horse,char__spirit,horse,spirit,2,False
char__god,char__waitress,god,waitress,1,False
char__staff,char__subject,staff,subject,1,False
char__farmer,char__lord,farmer,lord,9,False
char__kings,char__villager,kings,villager,2,False
char__customer,char__warrior,customer,warrior,2,False
char__priest,char__roach,priest,roach,1,False
char__chicken,char__pig,chicken,pig,3,False
char__priest,char__recently_tortured,priest,recently tortured,1,False
char__egyptians,char__thief,egyptians,thief,1,False
char__flirty_barmaid,char__musician,flirty barmaid,musician,6,False
char__fisherman,char__young_princess,fisherman,young princess,1,False
char__guest,char__village_official,guest,village official,1,False
char__high_sorceress,char__wolf,high sorceress,wolf,1,False
char__knight,char__therapist,knight,therapist,1,False
char__archer,char__congregant,archer,congregant,1,False
char__hunter,char__monkey,hunter,monkey,9,False
char__guard,char__owner,guard,owner,1,False
char__lord_chamberlain,char__royal_chef,lord chamberlain,royal chef,1,False
char__future_heir_to_the_throne,char__soldier,future heir to the throne,soldier,1,False
char__faery,char__traveler,faery,traveler,3,False
char__alchemist,char__assistant,alchemist,assistant,9,False
char__hunter,char__lazy_insects,hunter,lazy insects,1,False
char__outlaw,char__rat,outlaw,rat,3,False
char__band_member,char__rat,band member,rat,1,False
char__knight,char__soldier,knight,soldier,13,False
char__knight,char__water_nymph,knight,water nymph,1,False
char__peasant,char__worshiper,peasant,worshiper,8,False
char__families,char__priest,families,priest,3,False
char__leader,char__yeti,leader,yeti,1,False
char__peasant,char__traders,peasant,traders,6,False
char__creature,char__electric_eel,creature,electric eel,3,False
char__alter_boy,char__worshiper,alter boy,worshiper,1,False
char__parishioner,char__rat,parishioner,rat,1,False
char__animal,char__bandit,animal,bandit,1,False
char__dogs,char__pig,dogs,pig,2,False
char__rat,char__visitor,rat,visitor,2,False
char__frog,char__torture_assistant,frog,torture assistant,1,False
char__horse,char__person,horse,person,1,False
char__dog,char__soldier,dog,soldier,1,False
char__intruder,char__pet_bird,intruder,pet bird,1,False
char__parent,char__student,parent,student,2,False
char__royal,char__scullery_maid,royal,scullery maid,1,False
char__band_member,char__gypsy,band member,gypsy,1,False
char__cardinal,char__pet_goldfish,cardinal,pet goldfish,1,False
char__ghost,char__rat_feasting_on_leftovers,ghost,rat feasting on leftovers,1,False
char__prince,char__talking_cat,prince,talking cat,1,False
char__creature,char__torturer,creature,torturer,1,False
char__bandit,char__horse,bandit,horse,2,False
char__animal,char__spider,animal,spider,6,False
char__horse,char__wise_men,horse,wise men,1,False
char__gardener,char__old_homeless_man,gardener,old homeless man,1,False
char__blind_knight_holding_a_sword,char__rabbit,blind knight holding a sword,rabbit,1,False
char__horse_tied_up_in_front_of_a_shop,char__worshipper,horse tied up in front of a shop,worshipper,1,False
char__ambassador,char__local_villagers,ambassador,local villagers,1,False
char__orc,char__turkey,orc,turkey,3,False
char__nun,char__parishioner,nun,parishioner,3,False
char__goat,char__spider,goat,spider,1,False
char__hunter,char__servant,hunter,servant,2,False
char__child,char__tern,child,tern,1,False
char__attendee,char__doctor,attendee,doctor,1,False
char__choir_room,char__ghost,choir room,ghost,1,False
char__leper,char__traveler,leper,traveler,1,False
char__murderer,char__prisoner,murderer,prisoner,2,False
char__genie,char__their_family,genie,their family,1,False
char__witch,char__worker,witch,worker,2,False
char__soldier,char__traveller,soldier,traveller,1,False
char__priest,char__squirrel,priest,squirrel,3,False
char__groom_of_the_stool,char__king,groom of the stool,king,2,True
char__child,char__friend,child,friend,2,False
char__acolyte,char__deity,acolyte,deity,3,False
char__mouse,char__peasant,mouse,peasant,4,False
char__king_s_dog,char__leader,king's dog,leader,1,False
char__bat,char__goblin,bat,goblin,2,False
char__dog,char__eel,dog,eel,1,False
char__dog,char__tribesman,dog,tribesman,3,False
char__cat,char__royalty,cat,royalty,1,False
char__guard,char__ogre,guard,ogre,1,False
char__crow,char__mourner,crow,mourner,3,False
char__nuns,char__parishioner,nuns,parishioner,1,False
char__bloodied_prisoner,char__torture_assistant,bloodied prisoner,torture assistant,2,False
char__jacob_s_son,char__loved_ones,jacob's son,loved ones,1,False
char__floor,char__man,floor,man,1,False
char__king,char__young_princess,king,young princess,8,True
char__fly,char__king,fly,king,1,True
char__eagle,char__monk,eagle,monk,3,False
char__ghost,char__royal_member,ghost,royal member,1,False
char__choir_member,char__dragon_who_breathes_fire_and_won_t_let_her_out,choir member,dragon who breathes fire and won't let her out,1,False
char__cat,char__dog,cat,dog,3,False
char__squirrel,char__troll,squirrel,troll,1,False
char__elderly_man,char__explorer,elderly man,explorer,1,False
char__bat,char__spiders,bat,spiders,2,False
char__cowardly_guard_nervously_awaiting_an_attack,char__priests,cowardly guard nervously awaiting an attack,priests,1,False
char__giant_frog,char__mosquito,giant frog,mosquito,1,False
char__one_unicorn,char__ornate_birds,one unicorn,ornate birds,2,False
char__cricket,char__fairy,cricket,fairy,1,False
char__bandit,char__gods,bandit,gods,1,False
char__child_lost_from_his_mother,char__priest,child lost from his mother,priest,1,False
char__knight,char__pilgrims,knight,pilgrims,1,False
char__horse,char__king,horse,king,5,True
char__bazaar_owner,char__villager,bazaar owner,villager,1,False
char__captain_of_the_guard,char__guard,captain of the guard,guard,3,False
char__man_woman,char__village,man woman,village,2,False
char__goddess,char__predator,goddess,predator,1,False
char__fisherman,char__individual,fisherman,individual,1,False
char__enemy,char__handmaid,enemy,handmaid,1,False
char__mischievous_teenager,char__spirit,mischievous teenager,spirit,1,False
char__family_member,char__woman,family member,woman,1,False
char__leper,char__mischievous_teenager,leper,mischievous teenager,1,False
char__lost_traveler,char__worms,lost traveler,worms,1,False
char__father,char__foreign_ambassador,father,foreign ambassador,1,False
char__beggar,char__vendor,beggar,vendor,2,False
char__artists,char__mistress,artists,mistress,1,False
char__boatswain,char__merchant,boatswain,merchant,1,False
char__child,char__fierce_assassin,child,fierce assassin,1,False
char__farmer,char__gypsy,farmer,gypsy,4,False
char__outlaw,char__witch,outlaw,witch,2,False
char__friends,char__humble_knight,friends,humble knight,4,False
char__blacksmith,char__guard,blacksmith,guard,4,False
char__guard,char__religious_clerk,guard,religious clerk,1,False
char__farmer,char__mice,farmer,mice,2,False
char__rat,char__snake,rat,snake,2,False
char__pelican,char__there_is_the_lighthouse_keeper_on_his_daily_walk_up_the_boardwalk,pelican,there is the lighthouse keeper on his daily walk up the boardwalk,4,False
char__crow,char__person,crow,person,1,False
char__jailer,char__spider,jailer,spider,1,False
char__dogs,char__king,dogs,king,5,True
char__butler,char__men_and_women_working,butler,men and women working,1,False
char__bird,char__colorful_bird,bird,colorful bird,1,False
char__child,char__people,child,people,4,False
char__person,char__small_living_thing,person,small living thing,1,False
char__blacksmith,char__farmers,blacksmith,farmers,1,False
char__dog,char__soul,dog,soul,1,False
char__monk,char__resting_travelers,monk,resting travelers,4,False
char__enigmatic_wizard,char__hiker,enigmatic wizard,hiker,1,False
char__his_queen,char__king,his queen,king,1,True
char__churchgoer,char__waiting_priest,churchgoer,waiting priest,1,False
char__blacksmith,char__local_artist,blacksmith,local artist,2,False
char__sailor,char__spider,sailor,spider,1,False
char__butler,char__king,butler,king,5,True
char__brother,char__knight,brother,knight,3,False
char__nun,char__worshipper,nun,worshipper,2,False
char__animal,char__witch,animal,witch,1,False
char__fox_trying_to_steal_chickens,char__talking_cat,fox trying to steal chickens,talking cat,1,False
char__organist,char__rat_chews_on_a_dropped_hymnbook,organist,rat chews on a dropped hymnbook,4,False
char__boy,char__proprietor,boy,proprietor,2,False
char__bandit,char__ghost,bandit,ghost,2,False
char__fisherman,char__seagull,fisherman,seagull,7,False
char__pilgrims,char__stray_dogs,pilgrims,stray dogs,1,False
char__butler,char__servant,butler,servant,1,False
char__bird,char__snakes,bird,snakes,1,False
char__king,char__mouse,king,mouse,3,True
char__local_villagers,char__priests,local villagers,priests,1,False
char__nurse,char__queen,nurse,queen,3,False
char__bride,char__preacher,bride,preacher,2,False
char__old_man_with_a_fishing_rod,char__president,old man with a fishing rod,president,1,False
char__farmer,char__old_man,farmer,old man,1,False
char__ancient_king,char__goldfinch,ancient king,goldfinch,3,False
char__troll,char__turtle_can_t_escape_fast_enough_to_avoid_being_eaten,troll,turtle can't escape fast enough to avoid being eaten,1,False
char__jester,char__king,jester,king,2,True
char__faery,char__peasant,faery,peasant,2,False
char__fish,char__lazy_insects,fish,lazy insects,5,False
char__craftsman,char__trader_s_wife_that_traveled_with_him,craftsman,trader's wife that traveled with him,4,False
char__beetle,char__shipwright,beetle,shipwright,1,False
char__guard,char__head_priest,guard,head priest,1,False
char__farmer,char__pig,farmer,pig,2,False
char__fish,char__town_sheriff,fish,town sheriff,1,False
char__high_priest,char__high_priest_reading_an_arcane_book,high priest,high priest reading an arcane book,3,False
char__adventurer,char__critter,adventurer,critter,3,False
char__family_dog,char__loving_wife,family dog,loving wife,1,False
char__archaeologists,char__traveler,archaeologists,traveler,4,False
char__freind,char__retainer,freind,retainer,1,False
char__armorer,char__squire,armorer,squire,2,False
char__fool,char__servant,fool,servant,1,False
char__archaeologist,char__grandmother,archaeologist,grandmother,1,False
char__monkey_friend,char__spider,monkey friend,spider,1,False
char__miner,char__peasant,miner,peasant,1,False
char__toucan,char__turtles,toucan,turtles,1,False
char__executioner,char__judge,executioner,judge,1,False
char__maid,char__woman,maid,woman,2,False
char__ghost,char__insect,ghost,insect,2,False
char__gypsy,char__snakes,gypsy,snakes,3,False
char__alien,char__subject,alien,subject,1,False
char__deer,char__knight,deer,knight,2,False
char__archer,char__high_priestess,archer,high priestess,1,False
char__woman,char__worker,woman,worker,5,False
char__ancient_king,char__mice,ancient king,mice,1,False
char__curious_boy,char__peasant,curious boy,peasant,5,False
char__poker_players,char__wizard,poker players,wizard,1,False
char__resident,char__young_girl,resident,young girl,1,False
char__pet_bird,char__scribe,pet bird,scribe,2,False
char__guard,char__visitor,guard,visitor,6,False
char__otter,char__turtles,otter,turtles,1,False
char__pastor,char__worshipper,pastor,worshipper,4,False
char__agricultural_advisor,char__prisoner,agricultural advisor,prisoner,1,False
char__peasant,char__water_nymph,peasant,water nymph,1,False
char__royal_family,char__servant,royal family,servant,5,False
char__shop_keeper,char__tax_agent,shop keeper,tax agent,1,False
char__bird,char__businessman,bird,businessman,1,False
char__groom,char__spider,groom,spider,1,False
char__police,char__rat,police,rat,1,False
char__dungeon_master,char__recently_tortured,dungeon master,recently tortured,3,False
char__dancer,char__royal_family,dancer,royal family,2,False
char__king,char__sioux_chef,king,sioux chef,1,True
char__debtor,char__king,debtor,king,3,True
char__god,char__serving_boy,god,serving boy,1,False
char__emperor,char__royal_family,emperor,royal family,2,False
char__guest,char__poet_who_recites_his_best_work,guest,poet who recites his best work,1,False
char__person,char__visitor,person,visitor,2,False
char__servant,char__sheep,servant,sheep,2,False
char__horse,char__mice,horse,mice,1,False
char__knight,char__town_official,knight,town official,1,False
char__another_prisoner,char__prisoner,another prisoner,prisoner,2,False
char__architect,char__servant,architect,servant,2,False
char__ghost,char__peasant,ghost,peasant,4,False
char__chief,char__servant,chief,servant,1,False
char__shipwright,char__thief,shipwright,thief,1,False
char__dog,char__rabbit,dog,rabbit,3,False
char__dove,char__guard,dove,guard,5,False
char__church_mouse,char__snakes,church mouse,snakes,1,False
char__flirty_barmaid,char__snakes,flirty barmaid,snakes,1,False
char__bear,char__squirrel,bear,squirrel,1,False
char__butterfly,char__deer,butterfly,deer,4,False
char__maintenance_person,char__preacher,maintenance person,preacher,7,False
char__family_member,char__missionary,family member,missionary,1,False
char__footman,char__queen,footman,queen,2,False
char__mother,char__son,mother,son,4,False
char__child,char__god,child,god,1,False
char__king_s_horses,char__old_gnaisha,king's horses,old gnaisha,1,False
char__denizen,char__goblin_king_s_bartender,denizen,goblin king's bartender,2,False
char__carpenter,char__parishioner,carpenter,parishioner,1,False
char__leader,char__servant,leader,servant,2,False
char__bear,char__patron,bear,patron,2,False
char__horse,char__traveling_salesmen_stopping_for_a_drink,horse,traveling salesmen stopping for a drink,1,False
char__faery,char__stable_hand,faery,stable hand,1,False
char__dog,char__his_wolf_companion_always_at_his_side,dog,his wolf companion always at his side,1,False
char__dogs,char__follower,dogs,follower,1,False
char__princess,char__villager,princess,villager,2,False
char__knight,char__resting_travelers,knight,resting travelers,3,False
char__farmers,char__merchant,farmers,merchant,4,False
char__nun,char__servant,nun,servant,2,False
char__princess,char__wolf,princess,wolf,1,False
char__beaver,char__bug,beaver,bug,1,False
char__king,char__trader,king,trader,1,True
char__lawyer,char__town_sheriff,lawyer,town sheriff,6,False
char__servant,char__spider_spins_its_web_in_the_pew_corner,servant,spider spins its web in the pew corner,1,False
char__madam_and_her_girls,char__resident,madam and her girls,resident,1,False
char__altar_boy,char__nun,altar boy,nun,3,False
char__enemy,char__knight,enemy,knight,5,False
char__barkeep,char__villager,barkeep,villager,1,False
char__squire,char__woman,squire,woman,1,False
char__goat,char__pirate,goat,pirate,1,False
char__clergyman,char__servant,clergyman,servant,1,False
char__cow,char__hog,cow,hog,1,False
char__goblin,char__gypsy,goblin,gypsy,1,False
char__king,char__waiting_priest,king,waiting priest,1,True
char__archer,char__court_jester,archer,court jester,6,False
char__spirit,char__there_is_the_lighthouse_keeper_on_his_daily_walk_up_the_boardwalk,spirit,there is the lighthouse keeper on his daily walk up the boardwalk,1,False
char__court_treasurer,char__drunk_reeling_out_of_the_saloon,court treasurer,drunk reeling out of the saloon,1,False
char__guard,char__pet_dog,guard,pet dog,3,False
char__peasant,char__performer,peasant,performer,1,False
char__beggar,char__guard,beggar,guard,1,False
char__dragon,char__ghost,dragon,ghost,2,False
char__parent,char__troll,parent,troll,5,False
char__gods,char__monk,gods,monk,1,False
char__cockroach,char__lands_lord,cockroach,lands lord,1,False
char__angel,char__executioner,angel,executioner,1,False
char__servant,char__village_chief,servant,village chief,1,False
char__dragon,char__head_priest,dragon,head priest,1,False
char__hunting_dog,char__miner,hunting dog,miner,8,False
char__people,char__queen,people,queen,4,False
char__groom,char__servant,groom,servant,1,False
char__spider,char__subjects,spider,subjects,1,False
char__dogs,char__farmers,dogs,farmers,2,False
char__although_the_temple_is_full_no_one_is_speaking_and_all_you_can_hear_are_muted_scuffling_feet,char__mysterious_merchant,although the temple is full no one is speaking and all you can hear are muted scuffling feet,mysterious merchant,1,False
char__member,char__sneaky_thief,member,sneaky thief,1,False
char__invader,char__watchman,invader,watchman,4,False
char__clergy,char__donkey,clergy,donkey,3,False
char__servant,char__woman,servant,woman,1,False
char__army,char__diplomat,army,diplomat,5,False
char__sailor,char__spelunker,sailor,spelunker,1,False
char__fighters,char__rat,fighters,rat,1,False
char__merchant,char__seagull,merchant,seagull,1,False
char__camel,char__widow,camel,widow,1,False
char__cleaning_person,char__farm_hand,cleaning person,farm hand,1,False
char__nuns,char__wolf,nuns,wolf,1,False
char__gardener,char__military_commander,gardener,military commander,1,False
char__ambassador,char__ghost,ambassador,ghost,1,False
char__pig,char__priest,pig,priest,2,False
char__farm_hand,char__flirty_barmaid,farm hand,flirty barmaid,1,False
char__altar_boy,char__manikin,altar boy,manikin,1,False
char__knight,char__spirit,knight,spirit,1,False
char__god,char__priest,god,priest,3,False
char__knight,char__petitioner,knight,petitioner,1,False
char__person,char__town_baker,person,town baker,1,False
char__king,char__kings,king,kings,6,True
char__choirboy,char__member,choirboy,member,1,False
char__alligator,char__queen_s,alligator,queen's,1,False
char__acolyte,char__party_goers,acolyte,party goers,1,False
char__fruit_bat,char__guest,fruit bat,guest,1,False
char__queen,char__there_is_also_a_young_woman_selling_flowers_to_passersby,queen,there is also a young woman selling flowers to passersby,9,False
char__person,char__supplicant,person,supplicant,2,False
char__royal_family,char__town_official,royal family,town official,1,False
char__merchant,char__owner,merchant,owner,1,False
char__loved_one,char__water_nymph,loved one,water nymph,1,False
char__robber,char__soldier,robber,soldier,3,False
char__rat,char__thief,rat,thief,9,False
char__lady_of_the_house,char__soldier,lady of the house,soldier,1,False
char__drunk_reeling_out_of_the_saloon,char__knight,drunk reeling out of the saloon,knight,1,False
char__outlaw,char__owl,outlaw,owl,1,False
char__peasant,char__wise_men,peasant,wise men,1,False
char__rat,char__serving_boy,rat,serving boy,1,False
char__assistant,char__worshiper,assistant,worshiper,4,False
char__animal,char__torturer,animal,torturer,1,False
char__ghost,char__raccoon,ghost,raccoon,2,False
char__king_s_horses,char__rat,king's horses,rat,1,False
char__person,char__person_on_a_pilgrimage,person,person on a pilgrimage,1,False
char__child,char__witch,child,witch,4,False
char__king_consort,char__queen_s,king consort,queen's,2,False
char__goat,char__sacrifice,goat,sacrifice,1,False
char__altar_boy,char__parishioner,altar boy,parishioner,1,False
char__enemy,char__torture_assistant,enemy,torture assistant,1,False
char__fisher,char__hunter,fisher,hunter,1,False
char__old_men,char__woman,old men,woman,2,False
char__ghost,char__grave_digger,ghost,grave digger,1,False
char__daughter,char__princess_who_lives_in_the_castle_and_can_t_escape,daughter,princess who lives in the castle and can't escape,1,False
char__garden_dog,char__wolves,garden dog,wolves,1,False
char__field_mice,char__thief,field mice,thief,1,False
char__evil_wizard,char__person,evil wizard,person,1,False
char__cockroach,char__occupant,cockroach,occupant,1,False
char__ghost,char__knight,ghost,knight,1,False
char__parishioner,char__spirit,parishioner,spirit,1,False
char__fairy,char__insects,fairy,insects,1,False
char__fairy,char__praying_mantis,fairy,praying mantis,1,False
char__egyptians,char__princess,egyptians,princess,1,False
char__gods,char__murderer,gods,murderer,1,False
char__ghost,char__mercenary,ghost,mercenary,1,False
char__baby_dragon,char__golem,baby dragon,golem,3,False
char__gnome,char__peasant,gnome,peasant,1,False
char__king,char__young_student_reading_a_book_beneath_a_dogwood_tree,king,young student reading a book beneath a dogwood tree,2,True
char__graveyard_keeper_who_lives_across_the_yard,char__homeless,graveyard keeper who lives across the yard,homeless,1,False
char__townsperson,char__villager,townsperson,villager,2,False
char__cockroach,char__vagabond,cockroach,vagabond,1,False
char__cavalry,char__mosquito,cavalry,mosquito,1,False
char__families,char__lost_traveler,families,lost traveler,1,False
char__grandfather,char__mother,grandfather,mother,2,False
char__mistress,char__peasant,mistress,peasant,1,False
char__deer,char__person,deer,person,3,False
char__mate,char__merchant,mate,merchant,2,False
char__assistant_chef,char__milk_maid,assistant chef,milk maid,2,False
char__fish,char__lizards,fish,lizards,1,False
char__butt,char__hound,butt,hound,1,False
char__knight,char__lands_lord,knight,lands lord,1,False
char__blacksmith,char__wife,blacksmith,wife,1,False
char__guy_with_the_key_when_he_lets_in_the_king,char__queen,guy with the key when he lets in the king,queen,1,False
char__patron,char__there_is_the_lighthouse_keeper_on_his_daily_walk_up_the_boardwalk,patron,there is the lighthouse keeper on his daily walk up the boardwalk,1,False
char__person,char__tern,person,tern,1,False
char__ghosts_of_previous_occupants,char__jailer,ghosts of previous occupants,jailer,1,False
char__mayor,char__performer,mayor,performer,1,False
char__footman,char__person,footman,person,2,False
char__electric_eel,char__people,electric eel,people,1,False
char__child,char__person,child,person,9,False
char__court_jester,char__person,court jester,person,1,False
char__jesters,char__person,jesters,person,3,False
char__groom,char__king,groom,king,1,True
char__butt,char__people_saved_by_the_paladinsa,butt,people saved by the paladinsa,1,False
char__blacksmith_apprentice,char__farmers,blacksmith apprentice,farmers,1,False
char__cat,char__pirate,cat,pirate,2,False
char__bighorn_sheep,char__hiker,bighorn sheep,hiker,4,False
char__choir_member,char__churchgoer,choir member,churchgoer,1,False
char__old_gnaisha,char__sioux_chef,old gnaisha,sioux chef,1,False
char__pope,char__resting_travelers,pope,resting travelers,1,False
char__horse,char__officer,horse,officer,1,False
char__executioners,char__king,executioners,king,2,True
char__dragon,char__servant,dragon,servant,2,False
char__enchantress,char__talking_cat,enchantress,talking cat,1,False
char__alter_boy,char__rat_chews_on_a_dropped_hymnbook,alter boy,rat chews on a dropped hymnbook,1,False
char__trolls,char__zombie,trolls,zombie,1,False
char__animal_such_as_a_cat,char__servant,animal such as a cat,servant,1,False
char__lizards,char__tadpole,lizards,tadpole,2,False
char__chef,char__knight,chef,knight,1,False
char__bird,char__maid,bird,maid,1,False
char__clergy,char__local_villagers,clergy,local villagers,1,False
char__frightened_rat,char__jester,frightened rat,jester,1,False
char__horse,char__noble,horse,noble,3,False
char__king,char__stable_hands,king,stable hands,1,True
char__scullions,char__tavern_owner,scullions,tavern owner,1,False
char__groom,char__torturer,groom,torturer,1,False
char__carpenter,char__gardener,carpenter,gardener,3,False
char__knight,char__troll_s_spouse,knight,troll's spouse,2,False
char__cowardly_guard_nervously_awaiting_an_attack,char__king_s_guardsmen,cowardly guard nervously awaiting an attack,king's guardsmen,2,False
char__bat,char__chicken,bat,chicken,1,False
char__bat,char__caretaker,bat,caretaker,1,False
char__guard,char__otter,guard,otter,1,False
char__friend_of_farmer,char__pig,friend of farmer,pig,1,False
char__mouse,char__scorpion,mouse,scorpion,1,False
char__child,char__foreigner,child,foreigner,2,False
char__king,char__master_at_arms,king,master at arms,2,True
char__parrot,char__seagull,parrot,seagull,1,False
char__executioner,char__princess,executioner,princess,1,False
char__king_visiting_the_shipyard,char__maid,king visiting the shipyard,maid,1,False
char__ladies,char__villager,ladies,villager,3,False
char__loving_wife,char__well_off_business_man,loving wife,well off business man,2,False
char__farmer_bob,char__farmer_bob_s_wife,farmer bob,farmer bob's wife,1,False
char__mouse,char__spiders,mouse,spiders,1,False
char__bear,char__witch,bear,witch,1,False
char__fool,char__villagers,fool,villagers,2,False
char__miner,char__thief,miner,thief,3,False
char__dogs,char__guard,dogs,guard,4,False
char__insect,char__witch,insect,witch,1,False
char__person,char__scholar,person,scholar,3,False
char__large_spider_high_in_one_corner,char__pelican,large spider high in one corner,pelican,1,False
char__mouse,char__rabbit,mouse,rabbit,1,False
char__customer,char__mysterious_owner,customer,mysterious owner,1,False
char__horse,char__townsperson,horse,townsperson,4,False
char__hawk,char__wizard,hawk,wizard,2,False
char__daughter,char__warden,daughter,warden,1,False
char__peasant,char__rabbit,peasant,rabbit,2,False
char__maester,char__scribe,maester,scribe,4,False
char__royal,char__zombies,royal,zombies,1,False
char__garden_dog,char__sailor,garden dog,sailor,1,False
char__monkey_friend,char__residents_of_the_cottage,monkey friend,residents of the cottage,1,False
char__donkey,char__milkmaid,donkey,milkmaid,1,False
char__dragonfly,char__stray_cat_sun_bathing,dragonfly,stray cat sun-bathing,1,False
char__gravedigger,char__rat,gravedigger,rat,2,False
char__guest,char__royal_chef,guest,royal chef,2,False
char__man,char__wife,man,wife,3,False
char__guard,char__spiders,guard,spiders,1,False
char__beaver,char__egyptians,beaver,egyptians,1,False
char__empress,char__prince,empress,prince,1,False
char__poet_who_recites_his_best_work,char__their_family,poet who recites his best work,their family,2,False
char__rabbit,char__sheep,rabbit,sheep,1,False
char__ghost,char__prisoner,ghost,prisoner,4,False
char__member,char__town_sheriff,member,town sheriff,1,False
char__animal,char__deer,animal,deer,4,False
char__lady_in_waiting,char__servant,lady in waiting,servant,1,False
char__chained_cat,char__member,chained cat,member,2,False
char__dog,char__hunter,dog,hunter,9,False
char__manservant,char__priest,manservant,priest,1,False
char__dwarf,char__rodent,dwarf,rodent,1,False
char__garden_dog,char__man_sleeping_inside,garden dog,man sleeping inside,1,False
char__flirty_barmaid,char__man,flirty barmaid,man,2,False
char__bug,char__thing,bug,thing,1,False
char__deckhand,char__mad_king,deckhand,mad king,1,False
char__demon,char__family,demon,family,1,False
char__daughter,char__grandmother,daughter,grandmother,1,False
char__local,char__worshipper,local,worshipper,1,False
char__guard,char__kings,guard,kings,1,False
char__old_gnaisha,char__peasant,old gnaisha,peasant,3,False
char__denizen,char__veteran,denizen,veteran,2,False
char__monk,char__people_saved_by_the_paladinsa,monk,people saved by the paladinsa,1,False
char__fish,char__villager,fish,villager,3,False
char__guard,char__runaway,guard,runaway,1,False
char__gardener,char__leader,gardener,leader,1,False
char__cooks,char__vulture,cooks,vulture,1,False
char__farmers,char__owner,farmers,owner,3,False
char__nobel,char__villager,nobel,villager,1,False
char__merchant,char__princess,merchant,princess,1,False
char__resting_travelers,char__sailor,resting travelers,sailor,3,False
char__farmers,char__ghost,farmers,ghost,1,False
char__bloodied_prisoner,char__farmers,bloodied prisoner,farmers,1,False
char__bird,char__rat,bird,rat,2,False
char__god,char__wizard,god,wizard,1,False
char__pheasant,char__queen,pheasant,queen,4,False
char__bat,char__bug,bat,bug,5,False
char__bird,char__family_member,bird,family member,1,False
char__troll_s_spouse,char__visitor,troll's spouse,visitor,1,False
char__castle_guard,char__servant,castle guard,servant,1,False
char__rabbit,char__snakes,rabbit,snakes,1,False
char__guard,char__mariner,guard,mariner,6,False
char__fisherman,char__flirty_barmaid,fisherman,flirty barmaid,1,False
char__goblin,char__worshipper,goblin,worshipper,1,False
char__businessman,char__prisoner,businessman,prisoner,1,False
char__dragon,char__father,dragon,father,1,False
char__beggar,char__villager,beggar,villager,1,False
char__animal,char__monk,animal,monk,1,False
char__family_member,char__ghost,family member,ghost,1,False
char__cardinal,char__person,cardinal,person,1,False
char__grave_digger,char__person,grave digger,person,1,False
char__bluebird,char__tribe_chief,bluebird,tribe chief,1,False
char__dragon,char__turtle_can_t_escape_fast_enough_to_avoid_being_eaten,dragon,turtle can't escape fast enough to avoid being eaten,1,False
char__princess,char__servant,princess,servant,6,False
char__bird,char__farmers,bird,farmers,1,False
char__curious_boy,char__tower,curious boy,tower,1,False
char__humble_knight,char__pet,humble knight,pet,1,False
char__horse_tied_up_in_front_of_a_shop,char__man_sleeping_inside,horse tied up in front of a shop,man sleeping inside,1,False
char__merchant,char__shipwrecked_survivor,merchant,shipwrecked survivor,1,False
char__deity,char__member,deity,member,1,False
char__donkey,char__sheep,donkey,sheep,1,False
char__king_and_queen,char__sailor,king and queen,sailor,1,False
char__scorpion,char__vulture,scorpion,vulture,1,False
char__horse,char__visitor,horse,visitor,1,False
char__seagull,char__traveler,seagull,traveler,2,False
char__librarian,char__masons,librarian,masons,1,False
char__noble,char__vagrant,noble,vagrant,1,False
char__groom_of_the_stool,char__pet_dog,groom of the stool,pet dog,1,False
char__blacksmith,char__resident,blacksmith,resident,6,False
char__gardener,char__mother,gardener,mother,1,False
char__ghost,char__gypsy,ghost,gypsy,1,False
char__roach,char__songbird,roach,songbird,1,False
char__lady_of_the_house_coming_to_greet_you,char__nun,lady of the house coming to greet you,nun,1,False
char__altar_boy,char__nuns,altar boy,nuns,2,False
char__merchant,char__spirit,merchant,spirit,1,False
char__servant,char__subject,servant,subject,1,False
char__chained_cat,char__knight,chained cat,knight,2,False
char__cat,char__soldier,cat,soldier,2,False
char__captain_of_the_guard,char__kings,captain of the guard,kings,1,False
char__butler,char__peasant,butler,peasant,1,False
char__person,char__sacrifice,person,sacrifice,1,False
char__pig,char__roach,pig,roach,1,False
char__bird,char__hunter,bird,hunter,2,False
char__cleaning_person,char__thief,cleaning person,thief,1,False
char__flirty_barmaid,char__servant,flirty barmaid,servant,3,False
char__pheasant,char__sailor,pheasant,sailor,1,False
char__merchant,char__servant,merchant,servant,4,False
char__guest,char__musician,guest,musician,5,False
char__head_priest,char__wolf,head priest,wolf,1,False
char__ice_king,char__tavern_owner,ice king,tavern owner,1,False
char__congregant,char__woman,congregant,woman,1,False
char__future_heir_to_the_throne,char__person,future heir to the throne,person,1,False
char__clergyman,char__royal_family,clergyman,royal family,1,False
char__scorpion,char__traveler,scorpion,traveler,3,False
char__hero,char__knight,hero,knight,1,False
char__chef,char__king,chef,king,5,True
char__alchemist,char__grandmother,alchemist,grandmother,1,False
char__armorer,char__water_monster,armorer,water monster,1,False
char__bird,char__worms,bird,worms,2,False
char__agricultural_advisor,char__rat,agricultural advisor,rat,1,False
char__snakes,char__swimmer,snakes,swimmer,1,False
char__general,char__soldier,general,soldier,9,False
char__hunter,char__serving_boy,hunter,serving boy,1,False
char__child,char__rat,child,rat,1,False
char__priest,char__worshiper,priest,worshiper,6,False
char__brother,char__traveler,brother,traveler,1,False
char__parishioner,char__trolls,parishioner,trolls,1,False
char__priest,char__student,priest,student,1,False
char__fisherman,char__town_game_warden,fisherman,town game warden,1,False
char__his_wife,char__maid,his wife,maid,1,False
char__preacher,char__residents_of_the_cottage,preacher,residents of the cottage,1,False
char__butler,char__child,butler,child,1,False
char__royal,char__thief,royal,thief,5,False
char__chicken,char__parishioner,chicken,parishioner,1,False
char__cavalry,char__ghost,cavalry,ghost,1,False
char__ghost,char__vulture,ghost,vulture,1,False
char__mourner,char__small_living_thing,mourner,small living thing,1,False
char__maid,char__princess,maid,princess,2,False
char__leader,char__vendor,leader,vendor,1,False
char__bandit,char__pastor,bandit,pastor,1,False
char__fairy,char__wise_men,fairy,wise men,1,False
char__bat_queen,char__farmer,bat queen,farmer,1,False
char__doctor,char__king_s_horses,doctor,king's horses,1,False
char__chambermaid,char__student,chambermaid,student,1,False
char__crow,char__orc,crow,orc,1,False
char__drunk_reeling_out_of_the_saloon,char__horse_tied_up_in_front_of_a_shop,drunk reeling out of the saloon,horse tied up in front of a shop,2,False
char__cow,char__worker,cow,worker,1,False
char__grandfather,char__server,grandfather,server,1,False
char__hunter,char__queen_s,hunter,queen's,1,False
char__homeless_man,char__vagabond,homeless man,vagabond,2,False
char__creature,char__local_bazaar,creature,local bazaar,1,False
char__genie,char__worms,genie,worms,1,False
char__parishioner,char__worker,parishioner,worker,1,False
char__priest,char__villager,priest,villager,2,False
char__family,char__guest,family,guest,5,False
char__priests,char__watchman,priests,watchman,3,False
char__beast,char__traveller,beast,traveller,1,False
char__deity,char__family_member,deity,family member,1,False
char__sea_witch,char__talking_crab,sea witch,talking crab,1,False
char__lady_in_waiting,char__person,lady in waiting,person,2,False
char__child,char__gravedigger,child,gravedigger,1,False
char__character,char__policeman_walking_a_beat,character,policeman walking a beat,2,False
char__challenger,char__royalty,challenger,royalty,2,False
char__king,char__supplicant,king,supplicant,1,True
char__bishop,char__rat,bishop,rat,1,False
char__enemy,char__rat,enemy,rat,1,False
char__groundskeepers,char__person,groundskeepers,person,1,False
char__prisoner,char__therapist,prisoner,therapist,1,False
char__bigfoot,char__king,bigfoot,king,1,True
char__dragon_who_breathes_fire_and_won_t_let_her_out,char__messenger,dragon who breathes fire and won't let her out,messenger,1,False
char__bird,char__horse,bird,horse,3,False
char__master_wizard,char__wizard_s_assistant,master wizard,wizard's assistant,1,False
char__noble,char__villager,noble,villager,2,False
char__musician,char__mystical_lion,musician,mystical lion,1,False
char__bartender,char__dogs,bartender,dogs,2,False
char__bluebird,char__cricket,bluebird,cricket,1,False
char__ghost,char__spelunker,ghost,spelunker,1,False
char__admiral,char__captain_of_the_guard,admiral,captain of the guard,1,False
char__archer,char__assassin,archer,assassin,1,False
char__gardener_pulling_weeds,char__queen,gardener pulling weeds,queen,2,False
char__clergyman,char__priest_in_ornate_robes,clergyman,priest in ornate robes,1,False
char__child,char__mischievous_teenager,child,mischievous teenager,1,False
char__man,char__mother,man,mother,1,False
char__bigfoot,char__snakes,bigfoot,snakes,1,False
char__goblin,char__wall_repairman,goblin,wall repairman,2,False
char__spider,char__worms,spider,worms,1,False
char__adults,char__chief_wife,adults,chief wife,1,False
char__customer,char__thief,customer,thief,2,False
char__child,char__farm_worker,child,farm worker,1,False
char__beggar,char__witch,beggar,witch,1,False
char__captain,char__pilgrims,captain,pilgrims,1,False
char__chef,char__pastry_chef,chef,pastry chef,1,False
char__albino_fish_totally_blind_swims_in_a_tiny_pool,char__altar_boy,albino fish totally blind swims in a tiny pool,altar boy,2,False
char__knight,char__soldiers,knight,soldiers,1,False
char__smith,char__wife,smith,wife,1,False
char__guy_with_the_key_when_he_lets_in_the_king,char__sword_makers,guy with the key when he lets in the king,sword makers,1,False
char__bat_queen,char__snake,bat queen,snake,1,False
char__animal,char__mice,animal,mice,1,False
char__grandmother,char__person,grandmother,person,1,False
char__audience_member,char__performer,audience member,performer,2,False
char__dog,char__men_and_women_working,dog,men and women working,1,False
char__angel,char__person,angel,person,8,False
char__hunter,char__vagrant,hunter,vagrant,1,False
char__fellow_traveler,char__person,fellow traveler,person,1,False
char__laborsmen,char__townsperson,laborsmen,townsperson,2,False
char__priest,char__raccoon,priest,raccoon,1,False
char__beggar,char__dog,beggar,dog,1,False
char__old_wizened_priestess,char__scorpions,old wizened priestess,scorpions,1,False
char__churchgoer,char__priest,churchgoer,priest,1,False
char__deity,char__woman,deity,woman,2,False
char__homeless_person,char__witch,homeless person,witch,1,False
char__sister,char__witch,sister,witch,1,False
char__king,char__wild_boar,king,wild boar,1,True
char__stray_dogs,char__townperson,stray dogs,townperson,3,False
char__chicken,char__man,chicken,man,4,False
char__spider,char__turtles,spider,turtles,1,False
char__chef,char__king_and_queen,chef,king and queen,1,False
char__choir_member,char__local_villagers,choir member,local villagers,2,False
char__fighter,char__soldier,fighter,soldier,1,False
char__alchemist,char__frightened_rat,alchemist,frightened rat,1,False
char__big_sheep_like_brown_dog,char__nurse,big sheep-like brown dog,nurse,2,False
char__mouse,char__stable_hands,mouse,stable hands,1,False
char__serving_wench,char__tavern_owner,serving wench,tavern owner,2,False
char__troll,char__troll_s_spouse,troll,troll's spouse,1,False
char__girl,char__king_s_guardsman,girl,king's guardsman,2,False
char__craftsman,char__economist,craftsman,economist,2,False
char__mayor,char__recently_tortured,mayor,recently tortured,1,False
char__caretaker,char__fairy,caretaker,fairy,1,False
char__old_one_eyed_owl,char__queen,old one-eyed owl,queen,1,False
char__guard,char__torture_master,guard,torture master,1,False
char__fish,char__town_game_warden,fish,town game warden,1,False
char__high_priest_reading_an_arcane_book,char__spider,high priest reading an arcane book,spider,2,False
char__cowardly_guard_nervously_awaiting_an_attack,char__woman_gathering_supplies,cowardly guard nervously awaiting an attack,woman gathering supplies,1,False
char__captain,char__parrot,captain,parrot,1,False
char__cook,char__magical_being,cook,magical being,1,False
char__sons,char__wealthy_bookshop_owner,sons,wealthy bookshop owner,2,False
char__farmer_bob_s_wife,char__villager,farmer bob's wife,villager,2,False
char__archaeologists,char__army,archaeologists,army,1,False
char__no_one,char__stinging_scorpion,no one,stinging scorpion,1,False
char__jacob,char__jacob_s_son,jacob,jacob's son,1,False
char__old_homeless_man,char__thief,old homeless man,thief,2,False
char__lizards,char__person,lizards,person,2,False
char__dogs,char__peasant,dogs,peasant,3,False
char__archer,char__gypsy,archer,gypsy,1,False
char__exiled_person,char__spider,exiled person,spider,1,False
char__book_keeper,char__person,book keeper,person,3,False
char__family_member,char__gamekeeper,family member,gamekeeper,1,False
char__mouse,char__wench,mouse,wench,3,False
char__magician,char__owner,magician,owner,1,False
char__chamber_maid,char__king,chamber maid,king,2,True
char__horse,char__servant,horse,servant,2,False
char__hawk,char__rat,hawk,rat,2,False
char__archer,char__soldiers,archer,soldiers,2,False
char__family_member,char__visitor,family member,visitor,1,False
char__guard,char__warden,guard,warden,1,False
char__child,char__resident,child,resident,1,False
char__spider,char__vagrants,spider,vagrants,2,False
char__artists,char__hummingbird,artists,hummingbird,1,False
char__barn_cat,char__peasant,barn cat,peasant,2,False
char__town_baker,char__visitor,town baker,visitor,1,False
char__many_insects,char__priest,many insects,priest,1,False
char__priest,char__songbird,priest,songbird,1,False
char__tax_agent,char__worshipper,tax agent,worshipper,1,False
char__horse,char__young_maiden,horse,young maiden,3,False
char__horse,char__knight,horse,knight,8,False
char__archer,char__wild_boar,archer,wild boar,1,False
char__deer,char__organism,deer,organism,2,False
char__lady_in_waiting,char__queen,lady in waiting,queen,3,False
char__chiefs,char__cook,chiefs,cook,1,False
char__member,char__peasant,member,peasant,2,False
char__deer,char__pair_of_cheerful_wrens_nesting_under_the_eaves,deer,pair of cheerful wrens nesting under the eaves,1,False
char__shoe_shiner,char__soldier,shoe shiner,soldier,1,False
char__archer,char__guard,archer,guard,1,False
char__man_sleeping_inside,char__pelican,man sleeping inside,pelican,1,False
char__madam_and_her_girls,char__man,madam and her girls,man,4,False
char__cat,char__chicken,cat,chicken,1,False
char__sad_townsman,char__trainer,sad townsman,trainer,1,False
char__captain,char__traveler,captain,traveler,3,False
char__family_member,char__weary_traveler,family member,weary traveler,1,False
char__god,char__petitioner,god,petitioner,1,False
char__old_gnaisha,char__patron,old gnaisha,patron,2,False
char__fox,char__person,fox,person,1,False
char__barn_cat,char__stable_hand,barn cat,stable hand,2,False
char__gaurd,char__lord_chamberlain,gaurd,lord chamberlain,1,False
char__frog,char__wizard_s_assistant,frog,wizard's assistant,1,False
char__bird,char__owl,bird,owl,3,False
char__assistant_chef,char__wizard,assistant chef,wizard,1,False
char__families,char__young_boy,families,young boy,2,False
char__blacksmith,char__scullery_maid,blacksmith,scullery maid,1,False
char__resident,char__traveling_salesmen_stopping_for_a_drink,resident,traveling salesmen stopping for a drink,1,False
char__high_priest_reading_an_arcane_book,char__nun,high priest reading an arcane book,nun,1,False
char__cooks,char__villager,cooks,villager,1,False
char__songbird,char__townsperson,songbird,townsperson,1,False
char__fat_rats,char__pirate,fat rats,pirate,1,False
char__camel,char__goblin,camel,goblin,1,False
char__owner,char__traveler,owner,traveler,2,False
char__family_member,char__large_spider_high_in_one_corner,family member,large spider high in one corner,1,False
char__thief,char__wife,thief,wife,3,False
char__craftsman,char__lawyer,craftsman,lawyer,1,False
char__king_fulmer,char__outside_attackers,king fulmer,outside attackers,1,False
char__cardinal,char__companion,cardinal,companion,1,False
char__big_sheep_like_brown_dog,char__faerie,big sheep-like brown dog,faerie,1,False
char__chiefs,char__monk,chiefs,monk,1,False
char__grounds_keeper,char__organist,grounds keeper,organist,1,False
char__customer,char__mayor,customer,mayor,1,False
char__hummingbird,char__owl,hummingbird,owl,1,False
char__servant,char__sister,servant,sister,2,False
char__maid,char__soldier,maid,soldier,1,False
char__council_man,char__monkey,council man,monkey,1,False
char__mariner,char__servant,mariner,servant,3,False
char__knight,char__mayor,knight,mayor,1,False
char__camel,char__local,camel,local,1,False
char__robber,char__watchman,robber,watchman,3,False
char__runaway,char__traveler,runaway,traveler,1,False
char__guard,char__talking_cat,guard,talking cat,1,False
char__clergyman,char__priests,clergyman,priests,2,False
char__hunter,char__scorpion,hunter,scorpion,1,False
char__madam_and_her_girls,char__monk,madam and her girls,monk,1,False
char__local_merchant,char__rat,local merchant,rat,1,False
char__friend,char__visitor,friend,visitor,3,False
char__cleaning_person,char__prisoner,cleaning person,prisoner,1,False
char__gardener,char__grandmother,gardener,grandmother,1,False
char__ghost,char__lady_in_a_white_decadent_dress,ghost,lady in a white decadent dress,1,False
char__deity,char__squirrel,deity,squirrel,1,False
char__miner,char__sacrifice,miner,sacrifice,1,False
char__cat,char__stray_dogs,cat,stray dogs,1,False
char__princess,char__vendor,princess,vendor,1,False
char__barkeep,char__knight,barkeep,knight,1,False
char__god,char__pet_goldfish,god,pet goldfish,1,False
char__thief,char__yeti,thief,yeti,1,False
char__bigfoot,char__scribe_constantly_writing,bigfoot,scribe constantly writing,1,False
char__handmaid,char__person,handmaid,person,1,False
char__handmaid,char__troll,handmaid,troll,1,False
char__organism,char__sailor,organism,sailor,1,False
char__enchantress,char__guest,enchantress,guest,1,False
char__wolf,char__young_student_reading_a_book_beneath_a_dogwood_tree,wolf,young student reading a book beneath a dogwood tree,1,False
char__blacksmith,char__customer,blacksmith,customer,2,False
char__vendor,char__wife,vendor,wife,1,False
char__snakes,char__traveller,snakes,traveller,2,False
char__loved_ones,char__person,loved ones,person,1,False
char__attendee,char__temple_members,attendee,temple members,1,False
char__snakes,char__spirit,snakes,spirit,2,False
char__challenger,char__vigilant_guard,challenger,vigilant guard,1,False
char__chilling_wind_or_voice,char__crow,chilling wind or voice,crow,3,False
char__captured_knight,char__farmer,captured knight,farmer,6,False
char__person,char__preacher,person,preacher,6,False
char__family_member,char__husband,family member,husband,6,False
char__goldfinch,char__queen,goldfinch,queen,1,False
char__knight,char__spelunker,knight,spelunker,2,False
char__maid,char__nobleman,maid,nobleman,3,False
char__captured_knight,char__knight,captured knight,knight,4,False
char__king_s_guardsman,char__large_experienced_guard_with_a_grizzly_expression,king's guardsman,large experienced guard with a grizzly expression,4,False
char__ambassador,char__craftsman,ambassador,craftsman,5,False
char__bivalve,char__guard,bivalve,guard,3,False
char__follower,char__founder,follower,founder,7,False
char__lizards,char__swimmer,lizards,swimmer,1,False
char__pirate,char__young_boy_who_is_a_deck_hand,pirate,young boy who is a deck hand,1,False
char__king,char__scullery_maid,king,scullery maid,1,True
char__bat_queen,char__villager,bat queen,villager,1,False
char__baby,char__daughter,baby,daughter,1,False
char__animal,char__farmer_bob,animal,farmer bob,2,False
char__large_spider_high_in_one_corner,char__royalty,large spider high in one corner,royalty,1,False
char__army,char__blacksmith,army,blacksmith,2,False
char__criminal,char__king,criminal,king,1,True
char__jacob,char__spider,jacob,spider,2,False
char__dog,char__goat_for_company_for_the_horses,dog,goat for company for the horses,3,False
char__lizards,char__turtles,lizards,turtles,3,False
char__priests,char__village_official,priests,village official,2,False
char__royal_family,char__woman,royal family,woman,2,False
char__bivalve,char__small_living_thing,bivalve,small living thing,2,False
char__bird,char__gypsy,bird,gypsy,3,False
char__person,char__spider,person,spider,2,False
char__person,char__soldier,person,soldier,4,False
char__person,char__rabbit,person,rabbit,1,False
char__knight,char__rabbit,knight,rabbit,1,False
char__duke,char__knight,duke,knight,1,False
char__leper,char__they_are_not_quite_outcast,leper,they are not quite outcast,1,False
char__figure,char__mysterious_owner,figure,mysterious owner,1,False
char__noble,char__townsperson,noble,townsperson,1,False
char__demon,char__worms,demon,worms,1,False
char__archer,char__enemy,archer,enemy,2,False
char__dirt,char__prisoner,dirt,prisoner,1,False
char__inhabitant,char__scribe_constantly_writing,inhabitant,scribe constantly writing,3,False
char__guard,char__guest,guard,guest,1,False
char__fish,char__otter,fish,otter,1,False
char__snake,char__wealthy_noble,snake,wealthy noble,3,False
char__artists,char__member,artists,member,3,False
char__knight,char__pirate,knight,pirate,1,False
char__rat,char__student,rat,student,1,False
char__congregant,char__hog,congregant,hog,1,False
char__recently_tortured,char__soldier,recently tortured,soldier,2,False
char__handmaid,char__steward,handmaid,steward,1,False
char__gravedigger,char__large_black_vulture,gravedigger,large black vulture,1,False
char__family_member,char__king,family member,king,1,True
char__butler,char__straw,butler,straw,1,False
char__animal,char__mouse,animal,mouse,1,False
char__emperor,char__empress,emperor,empress,4,False
char__child,char__horse_caretaker_trainer,child,horse caretaker trainer,2,False
char__knight,char__ox,knight,ox,1,False
char__ghost,char__rat,ghost,rat,1,False
char__kings,char__queen,kings,queen,2,False
char__guest,char__waiter,guest,waiter,1,False
char__cooks,char__servant,cooks,servant,1,False
char__craftsman,char__cut_throat,craftsman,cut throat,1,False
char__cavalry,char__member,cavalry,member,1,False
char__nurse,char__traitor,nurse,traitor,1,False
char__animal,char__fisherman,animal,fisherman,1,False
char__bug,char__squirrel,bug,squirrel,1,False
char__butterfly,char__horse,butterfly,horse,1,False
char__fairy,char__royal_dog,fairy,royal dog,1,False
char__witch,char__wolf,witch,wolf,2,False
char__mayor,char__person,mayor,person,2,False
char__mother,char__sister,mother,sister,1,False
char__dancer,char__man,dancer,man,1,False
char__local,char__priest,local,priest,2,False
char__child,char__maid,child,maid,2,False
char__denizen,char__woman,denizen,woman,1,False
char__patron,char__warrior,patron,warrior,3,False
char__future_heir_to_the_throne,char__villager,future heir to the throne,villager,1,False
char__barn_cat,char__faery,barn cat,faery,2,False
char__animal,char__dog,animal,dog,1,False
char__dogs,char__prisoner,dogs,prisoner,1,False
char__ghost,char__person,ghost,person,4,False
char__farmers,char__queen,farmers,queen,1,False
char__goat,char__wrongdoer,goat,wrongdoer,1,False
char__war_officer,char__wizard,war officer,wizard,1,False
char__child,char__families,child,families,6,False
char__priests,char__prince,priests,prince,1,False
char__grass_snake,char__troubadours,grass snake,troubadours,1,False
char__dog,char__priest,dog,priest,2,False
char__king_s_mother_who_sits_at_their_side,char__visitor,king's mother who sits at their side,visitor,1,False
char__clergy,char__priestess,clergy,priestess,1,False
char__enemy,char__king,enemy,king,4,True
char__families,char__person,families,person,2,False
char__monk,char__pirate,monk,pirate,1,False
char__her_maid,char__laborsmen,her maid,laborsmen,1,False
char__sailor,char__salesman,sailor,salesman,3,False
char__goblin,char__guest,goblin,guest,1,False
char__child,char__helpers,child,helpers,1,False
char__king_s_treasurer,char__spirit,king's treasurer,spirit,1,False
char__fairy,char__rabid_wolf,fairy,rabid wolf,1,False
char__cleric,char__wife,cleric,wife,1,False
char__angel,char__dragon,angel,dragon,1,False
char__diplomat,char__monk,diplomat,monk,1,False
char__bigfoot,char__girl,bigfoot,girl,1,False
char__animal,char__villager,animal,villager,1,False
char__knight,char__young_student_reading_a_book_beneath_a_dogwood_tree,knight,young student reading a book beneath a dogwood tree,1,False
char__guest,char__knights_in_training,guest,knights in training,1,False
char__demon,char__dragon,demon,dragon,1,False
char__queen,char__repentant_person,queen,repentant person,1,False
char__hog,char__outlaw,hog,outlaw,1,False
char__sheep,char__worshiper,sheep,worshiper,1,False
char__cat,char__farmers,cat,farmers,1,False
char__priest,char__troll,priest,troll,1,False
char__jester,char__soldier,jester,soldier,2,False
char__ambassador,char__local,ambassador,local,1,False
char__individual,char__member,individual,member,1,False
char__clergyman,char__watchman,clergyman,watchman,1,False
char__servant,char__visitor,servant,visitor,1,False
char__guard,char__rat_chews_on_a_dropped_hymnbook,guard,rat chews on a dropped hymnbook,2,False
char__clergy,char__visitor,clergy,visitor,3,False
char__bat_king,char__old_man_with_a_fishing_rod,bat king,old man with a fishing rod,1,False
char__priest_in_ornate_robes,char__sailor,priest in ornate robes,sailor,1,False
char__guard,char__traveler,guard,traveler,4,False
char__scorpion,char__snake,scorpion,snake,1,False
char__dog,char__visitor,dog,visitor,3,False
char__critter,char__fishermen,critter,fishermen,1,False
char__cleaning_person,char__queen,cleaning person,queen,1,False
char__guest,char__maid,guest,maid,2,False
char__beaver,char__guard,beaver,guard,1,False
char__daughter,char__small_aggressive_looking_dog,daughter,small aggressive-looking dog,1,False
char__ghost,char__skeleton,ghost,skeleton,2,False
char__servant,char__soul,servant,soul,1,False
char__bartender,char__party_goers,bartender,party goers,1,False
char__bishop,char__pastor,bishop,pastor,1,False
char__soldier,char__torture_master,soldier,torture master,2,False
char__boar,char__thief,boar,thief,1,False
char__knight,char__traveler,knight,traveler,1,False
char__bandit,char__old_man,bandit,old man,2,False
char__seagull,char__thief,seagull,thief,2,False
char__drunkard,char__merchant,drunkard,merchant,2,False
char__chicken,char__snake,chicken,snake,1,False
char__person,char__scullions,person,scullions,1,False
char__iguana,char__thief,iguana,thief,1,False
char__musician,char__servant,musician,servant,4,False
char__mate,char__sailor,mate,sailor,1,False
char__musician,char__old_woman,musician,old woman,1,False
char__fish,char__wolf,fish,wolf,1,False
char__companion,char__guard,companion,guard,1,False
char__rat,char__there_is_also_a_young_woman_selling_flowers_to_passersby,rat,there is also a young woman selling flowers to passersby,2,False
char__rat_chews_on_a_dropped_hymnbook,char__snakes,rat chews on a dropped hymnbook,snakes,4,False
char__congregant,char__minister,congregant,minister,6,False
char__empress,char__person,empress,person,1,False
char__hunter,char__veterinarian,hunter,veterinarian,1,False
char__demon,char__royal_family,demon,royal family,1,False
char__animal,char__guard,animal,guard,2,False
char__king,char__traders,king,traders,1,True
char__farmer,char__worms,farmer,worms,3,False
char__outlaw,char__snakes,outlaw,snakes,1,False
char__bat,char__fish,bat,fish,1,False
char__council_man,char__outlaw,council man,outlaw,1,False
char__angel,char__knight,angel,knight,2,False
char__bartender,char__worshiper,bartender,worshiper,1,False
char__beggar,char__peasant,beggar,peasant,2,False
char__bird,char__turtles,bird,turtles,1,False
char__guest,char__hunting_dog,guest,hunting dog,1,False
char__curious_boy,char__rat,curious boy,rat,1,False
char__member,char__rat,member,rat,1,False
char__animal,char__colorful_bird,animal,colorful bird,1,False
char__chicken,char__peasant,chicken,peasant,2,False
char__bird,char__squire,bird,squire,2,False
char__fisherman,char__wizard_overseer,fisherman,wizard overseer,1,False
char__blacksmith,char__cat,blacksmith,cat,1,False
char__maid,char__no_one,maid,no one,1,False
char__preacher,char__teacher,preacher,teacher,1,False
char__music_paper,char__parishioner,music paper,parishioner,1,False
char__prior,char__sad_woman,prior,sad woman,1,False
char__bird,char__priest,bird,priest,4,False
char__miner,char__worker,miner,worker,1,False
char__dogs,char__leader,dogs,leader,1,False
char__horse,char__petitioner,horse,petitioner,1,False
char__king_s_mother_who_sits_at_their_side,char__wise_men,king's mother who sits at their side,wise men,1,False
char__cat,char__gardener,cat,gardener,1,False
char__doctor,char__witch,doctor,witch,1,False
char__lady_in_waiting,char__lady_of_the_house_coming_to_greet_you,lady in waiting,lady of the house coming to greet you,1,False
char__altar_boy,char__minister,altar boy,minister,1,False
char__horse_tied_up_in_front_of_a_shop,char__trader,horse tied up in front of a shop,trader,3,False
char__bridge,char__parishioner,bridge,parishioner,1,False
char__horse,char__spider,horse,spider,1,False
char__hunter,char__lumberjack,hunter,lumberjack,1,False
char__temple_guard,char__woman_walking_the_beach,temple guard,woman walking the beach,1,False
char__goblin_king_s_bartender,char__spirit,goblin king's bartender,spirit,1,False
char__attendant,char__local_bazaar,attendant,local bazaar,2,False
char__child,char__genie,child,genie,1,False
char__hummingbird,char__monk,hummingbird,monk,2,False
char__child,char__mysterious_merchant,child,mysterious merchant,1,False
char__leader,char__visitor,leader,visitor,1,False
char__character,char__fish,character,fish,1,False
char__child,char__insects,child,insects,1,False
char__camera_man,char__queen_s,camera man,queen's,1,False
char__high_priest,char__supplicant,high priest,supplicant,1,False
char__concubine,char__mariner,concubine,mariner,1,False
char__watchmen,char__wise_men,watchmen,wise men,4,False
char__fox_trying_to_steal_chickens,char__prisoner,fox trying to steal chickens,prisoner,1,False
char__king,char__yeti,king,yeti,1,True
char__knight,char__wolves,knight,wolves,1,False
char__animal,char__master_wizard,animal,master wizard,1,False
char__mystical_lion,char__pet_cat,mystical lion,pet cat,1,False
char__child,char__priests,child,priests,1,False
char__rat,char__witch,rat,witch,2,False
char__although_the_temple_is_full_no_one_is_speaking_and_all_you_can_hear_are_muted_scuffling_feet,char__spirits_of_our_ancestors,although the temple is full no one is speaking and all you can hear are muted scuffling feet,spirits of our ancestors,3,False
char__fly,char__lizard,fly,lizard,1,False
char__fairy,char__one_unicorn,fairy,one unicorn,2,False
char__bee,char__bluebird,bee,bluebird,1,False
char__descendant_of_the_sons,char__dockworker,descendant of the sons,dockworker,1,False
char__enigmatic_wizard,char__golem,enigmatic wizard,golem,1,False
char__jester,char__visitor,jester,visitor,3,False
char__animal,char__loved_ones,animal,loved ones,1,False
char__head_monk,char__queen,head monk,queen,1,False
char__clergyman,char__lord,clergyman,lord,1,False
char__petitioner,char__tavern_owner,petitioner,tavern owner,1,False
char__mother,char__village_chief,mother,village chief,1,False
char__families,char__spider,families,spider,1,False
char__scullery_boy,char__traveler,scullery boy,traveler,1,False
char__concubine,char__monk,concubine,monk,1,False
char__farm_worker,char__infant,farm worker,infant,2,False
char__deer,char__hiker,deer,hiker,1,False
char__sell_swords,char__towns_folk,sell swords,towns folk,1,False
char__elf,char__shipwrecked_survivor,elf,shipwrecked survivor,1,False
char__albino_fish_totally_blind_swims_in_a_tiny_pool,char__caveman,albino fish totally blind swims in a tiny pool,caveman,1,False
char__king,char__wrongdoer,king,wrongdoer,2,True
char__king,char__mightiest_warriors,king,mightiest warriors,2,True
char__bat_queen,char__rat,bat queen,rat,2,False
char__butterfly,char__person,butterfly,person,1,False
char__jailer,char__offender,jailer,offender,2,False
char__cooks,char__men_and_women_working,cooks,men and women working,1,False
char__horseflies,char__people,horseflies,people,1,False
char__child,char__hunter,child,hunter,1,False
char__person,char__royal_chef,person,royal chef,1,False
char__altar_boy,char__worshipper,altar boy,worshipper,1,False
char__child,char__handmaid,child,handmaid,2,False
char__blacksmith,char__dogs,blacksmith,dogs,1,False
char__groundskeepers,char__military_commander,groundskeepers,military commander,1,False
char__barbarian,char__fauna,barbarian,fauna,1,False
char__firemen,char__police,firemen,police,1,False
char__member,char__queen,member,queen,1,False
char__fox_trying_to_steal_chickens,char__frog,fox trying to steal chickens,frog,2,False
char__girl,char__townsperson,girl,townsperson,2,False
char__nuns,char__priests,nuns,priests,2,False
char__clergy,char__villager,clergy,villager,1,False
char__fighter,char__fighters,fighter,fighters,1,False
char__spelunker,char__troll,spelunker,troll,1,False
char__fairy,char__old_man_with_a_fishing_rod,fairy,old man with a fishing rod,2,False
char__bride,char__missionary,bride,missionary,2,False
char__ancient_king,char__bluebird,ancient king,bluebird,3,False
char__large_experienced_guard_with_a_grizzly_expression,char__wench,large experienced guard with a grizzly expression,wench,1,False
char__mourner,char__president,mourner,president,1,False
char__child,char__subject,child,subject,1,False
char__his_wife,char__king_s_trusted_adviser,his wife,king's trusted adviser,2,False
char__mouse,char__snakes_slithering_around_the_cavern,mouse,snakes slithering around the cavern,2,False
char__bird,char__pelican,bird,pelican,1,False
char__ghost,char__high_priest,ghost,high priest,3,False
char__favored_knight,char__king,favored knight,king,1,True
char__villager,char__witch,villager,witch,6,False
char__lone_captain,char__seagull,lone captain,seagull,2,False
char__archer,char__servant,archer,servant,1,False
char__prince,char__visitor,prince,visitor,1,False
char__cook,char__steward,cook,steward,1,False
char__loving_wife,char__sons,loving wife,sons,1,False
char__frog,char__young_princess,frog,young princess,1,False
char__fight,char__serving_wench,fight,serving wench,1,False
char__king,char__roach,king,roach,1,True
char__fool,char__mad_king,fool,mad king,2,False
char__executioner,char__priests,executioner,priests,1,False
char__caretaker,char__rat,caretaker,rat,1,False
char__monk,char__teachers,monk,teachers,1,False
char__band_member,char__snow_guards,band member,snow guards,1,False
char__judge,char__loved_one,judge,loved one,1,False
char__skeleton,char__wizard,skeleton,wizard,1,False
char__enemy,char__peasant,enemy,peasant,1,False
char__spider,char__wealthy_noble,spider,wealthy noble,2,False
char__fish,char__peasant,fish,peasant,2,False
char__priest,char__prisoner,priest,prisoner,5,False
char__scribe,char__teacher,scribe,teacher,2,False
char__hog,char__peasant,hog,peasant,1,False
char__sailor,char__shop_keeper,sailor,shop keeper,2,False
char__fruit_bat,char__weapons_master,fruit bat,weapons master,1,False
char__his_wife,char__rat,his wife,rat,1,False
char__grim_reaper,char__loved_ones,grim reaper,loved ones,2,False
char__dogs,char__royal_family,dogs,royal family,2,False
char__rat,char__soldier,rat,soldier,1,False
char__cat,char__guest,cat,guest,2,False
char__butterfly,char__woodpecker,butterfly,woodpecker,1,False
char__priest,char__princess,priest,princess,1,False
char__fox,char__hog,fox,hog,4,False
char__ghost,char__groundskeeper,ghost,groundskeeper,1,False
char__enemy,char__soldier,enemy,soldier,1,False
char__chained_cat,char__peasant,chained cat,peasant,2,False
char__amphibian,char__animal,amphibian,animal,4,False
char__roach,char__royal_dog,roach,royal dog,1,False
char__beast,char__sad_townsman,beast,sad townsman,1,False
char__monk,char__weary_traveler,monk,weary traveler,6,False
char__father,char__mother,father,mother,1,False
char__person,char__songbird,person,songbird,2,False
char__maid,char__sister,maid,sister,1,False
char__old_gnaisha,char__vendor,old gnaisha,vendor,2,False
char__local_merchant,char__monk,local merchant,monk,1,False
char__crow,char__pond_visitor,crow,pond visitor,1,False
char__farmer,char__horse,farmer,horse,3,False
char__dog,char__old_person,dog,old person,1,False
char__critter,char__towns_folk,critter,towns folk,1,False
char__fairy_interpreter,char__farmer,fairy interpreter,farmer,1,False
char__fierce_assassin,char__sailor,fierce assassin,sailor,1,False
char__farmers,char__soldier_named_zinney,farmers,soldier named zinney,1,False
char__customer,char__maid,customer,maid,2,False
char__child,char__soldier,child,soldier,1,False
char__potion,char__village_official,potion,village official,1,False
char__altar_boy,char__woman,altar boy,woman,1,False
char__knight,char__man,knight,man,3,False
char__archaeologists,char__hunter,archaeologists,hunter,1,False
char__outside_attackers,char__servant,outside attackers,servant,1,False
char__fisherman,char__iguana,fisherman,iguana,1,False
char__cockroach,char__goblin,cockroach,goblin,1,False
char__manikin,char__merchant,manikin,merchant,1,False
char__fairy,char__staff,fairy,staff,1,False
char__archer,char__visitor,archer,visitor,3,False
char__cook,char__helpers,cook,helpers,1,False
char__jacob_s_son,char__prisoner,jacob's son,prisoner,1,False
char__beggar,char__cook,beggar,cook,1,False
char__ghost,char__mosquito,ghost,mosquito,1,False
char__clergyman,char__monk,clergyman,monk,1,False
char__bandit,char__grounds_keeper,bandit,grounds keeper,1,False
char__child,char__villager,child,villager,3,False
char__god,char__snake,god,snake,2,False
char__executioner,char__nobel,executioner,nobel,1,False
char__bandit,char__small_living_thing,bandit,small living thing,1,False
char__rich_king,char__servant,rich king,servant,1,False
char__lord,char__spider,lord,spider,1,False
char__guard,char__large_spider,guard,large spider,1,False
char__horse_tied_up_in_front_of_a_shop,char__local_merchant,horse tied up in front of a shop,local merchant,1,False
char__bat_king,char__queen,bat king,queen,2,False
char__bat,char__local,bat,local,1,False
char__merchant,char__talking_crab,merchant,talking crab,1,False
char__donkey,char__visitor,donkey,visitor,1,False
char__pirate,char__sailor,pirate,sailor,4,False
char__dragon,char__traveler,dragon,traveler,1,False
char__lost_traveler,char__scorpion,lost traveler,scorpion,1,False
char__bird,char__priests,bird,priests,2,False
char__friend,char__salesman,friend,salesman,1,False
char__cat,char__mice,cat,mice,1,False
char__camel,char__snake,camel,snake,1,False
char__rat,char__stray_cat_sun_bathing,rat,stray cat sun-bathing,1,False
char__fisherman,char__merchant,fisherman,merchant,2,False
char__cleaning_person,char__sea_witch,cleaning person,sea witch,1,False
char__local,char__wolf,local,wolf,1,False
char__grandfather,char__old_person,grandfather,old person,1,False
char__ghost,char__master_wizard,ghost,master wizard,1,False
char__civilian,char__priest,civilian,priest,1,False
char__flirty_barmaid,char__mud_golem,flirty barmaid,mud golem,1,False
char__ox,char__traveler,ox,traveler,1,False
char__goat_for_company_for_the_horses,char__god,goat for company for the horses,god,1,False
char__dogs,char__unicorn,dogs,unicorn,1,False
char__midget,char__woman,midget,woman,1,False
char__gods,char__thief,gods,thief,1,False
char__empress,char__priest,empress,priest,2,False
char__altar_boy,char__vulture,altar boy,vulture,1,False
char__boy,char__traveler_long_past,boy,traveler long past,1,False
char__musician,char__pope,musician,pope,1,False
char__camper,char__princess_who_lives_in_the_castle_and_can_t_escape,camper,princess who lives in the castle and can't escape,1,False
char__messenger,char__person,messenger,person,1,False
char__iguana,char__scorpion,iguana,scorpion,1,False
char__acolyte_preparing_for_evening_prayer_service,char__mother,acolyte preparing for evening prayer service,mother,1,False
char__faery,char__priestess,faery,priestess,1,False
char__crow,char__knight,crow,knight,2,False
char__calf,char__worms,calf,worms,1,False
char__bandit,char__outlaw,bandit,outlaw,1,False
char__child,char__royal_family,child,royal family,1,False
char__groom,char__priest,groom,priest,2,False
char__noble,char__songbird,noble,songbird,1,False
char__monk,char__people,monk,people,1,False
char__criminal,char__visitor,criminal,visitor,1,False
char__god,char__skeletons,god,skeletons,1,False
char__goblin,char__old_gnaisha,goblin,old gnaisha,1,False
char__castle_guard,char__maid,castle guard,maid,4,False
char__parent,char__preacher,parent,preacher,3,False
char__bird,char__sad_woman,bird,sad woman,1,False
char__acolyte,char__vendor,acolyte,vendor,1,False
char__maid,char__talking_cat,maid,talking cat,1,False
char__explorer,char__god,explorer,god,1,False
char__hiker,char__hunter,hiker,hunter,3,False
char__minister,char__wise_men,minister,wise men,1,False
char__master_wizard,char__parishioner,master wizard,parishioner,1,False
char__doctor,char__guest,doctor,guest,1,False
char__bat,char__some_kind_of_police,bat,some kind of police,1,False
char__clergyman,char__priest,clergyman,priest,2,False
char__geese,char__horse,geese,horse,1,False
char__fishermen,char__old_man_with_a_fishing_rod,fishermen,old man with a fishing rod,1,False
char__altar_boy,char__maid,altar boy,maid,1,False
char__attendee,char__mouse,attendee,mouse,1,False
char__assassin,char__wasp,assassin,wasp,1,False
char__local_bazaar,char__soldier_named_zinney,local bazaar,soldier named zinney,1,False
char__murderer,char__visitor,murderer,visitor,2,False
char__genie,char__warden,genie,warden,1,False
char__small_living_thing,char__squire,small living thing,squire,1,False
char__attendee,char__traveller,attendee,traveller,2,False
char__goblin,char__painter,goblin,painter,1,False
char__child,char__knight,child,knight,5,False
char__gravedigger,char__mermaid,gravedigger,mermaid,1,False
char__patron,char__person,patron,person,1,False
char__pelican,char__small_aggressive_looking_dog,pelican,small aggressive-looking dog,1,False
char__rat,char__royalty,rat,royalty,1,False
char__man,char__person,man,person,2,False
char__grave_digger,char__royal_member,grave digger,royal member,3,False
char__monk,char__squire,monk,squire,1,False
char__care_taker,char__princess_who_lives_in_the_castle_and_can_t_escape,care taker,princess who lives in the castle and can't escape,1,False
char__farmer,char__guest,farmer,guest,4,False
char__snake,char__spider,snake,spider,1,False
char__gods,char__son,gods,son,1,False
char__goldfinch,char__royal_family_member,goldfinch,royal family member,1,False
char__pilgrims,char__trolls,pilgrims,trolls,1,False
char__bluebird,char__secret_lovers_seeking_privacy,bluebird,secret lovers seeking privacy,1,False
char__assistant,char__villager,assistant,villager,2,False
char__guard,char__patron,guard,patron,1,False
char__boat_captain,char__criminal,boat captain,criminal,1,False
char__clergyman,char__petitioner,clergyman,petitioner,1,False
char__pirate,char__vagabond,pirate,vagabond,2,False
char__farm_worker,char__grandmother,farm worker,grandmother,1,False
char__crocodiles,char__worms,crocodiles,worms,1,False
char__groundskeepers,char__rat,groundskeepers,rat,1,False
char__chief_wife,char__grandmother,chief wife,grandmother,1,False
char__intruder,char__ox,intruder,ox,1,False
char__handmaid,char__queen,handmaid,queen,1,False
char__lord,char__queen,lord,queen,1,False
char__assassin,char__smith,assassin,smith,1,False
char__cat,char__child,cat,child,1,False
char__clergyman,char__person,clergyman,person,1,False
char__director,char__performer,director,performer,2,False
char__child,char__vagrant,child,vagrant,1,False
char__poorer_citizens_of_the_empire,char__priest,poorer citizens of the empire,priest,1,False
char__ghost,char__worshiper,ghost,worshiper,1,False
char__dog,char__monk,dog,monk,2,False
char__mariner,char__pirate,mariner,pirate,2,False
char__midget,char__old_wizened_priestess,midget,old wizened priestess,1,False
char__person,char__wizard,person,wizard,2,False
char__homeless_person,char__village_official,homeless person,village official,1,False
char__bandit,char__seaman,bandit,seaman,1,False
char__enchantress,char__faerie,enchantress,faerie,2,False
char__animal,char__zombie,animal,zombie,4,False
char__boat_workers,char__rat,boat workers,rat,1,False
char__family,char__townperson,family,townperson,1,False
char__bird,char__predator,bird,predator,1,False
char__courtier,char__queen,courtier,queen,1,False
char__priests,char__villager,priests,villager,5,False
char__family_member,char__turtle_in_a_cage_filled_with_grapes,family member,turtle in a cage filled with grapes,1,False
char__cleaning_person,char__tavern_owner,cleaning person,tavern owner,2,False
char__courtier,char__sons,courtier,sons,1,False
char__family_member,char__guest,family member,guest,2,False
char__knight,char__rat_feasting_on_leftovers,knight,rat feasting on leftovers,2,False
char__boar,char__wizard,boar,wizard,3,False
char__formal,char__squire_still_keeping_everything_sharp,formal,squire still keeping everything sharp,3,False
char__cooker,char__queen,cooker,queen,1,False
char__king,char__villagers,king,villagers,1,True
char__bishop,char__founder,bishop,founder,1,False
char__lizards,char__priest,lizards,priest,2,False
char__manservant,char__queen,manservant,queen,1,False
char__parrot,char__pirate,parrot,pirate,1,False
char__angel,char__nuns,angel,nuns,1,False
char__cooker,char__ladies,cooker,ladies,1,False
char__family_dog,char__stray_cat,family dog,stray cat,1,False
char__farmer_bob,char__villager,farmer bob,villager,2,False
char__archaeologists,char__grave_digger,archaeologists,grave digger,1,False
char__dirty_stone,char__ghost,dirty stone,ghost,1,False
char__follower,char__organ_player,follower,organ player,3,False
char__fat_rats,char__mad_king,fat rats,mad king,3,False
char__fox_trying_to_steal_chickens,char__person,fox trying to steal chickens,person,2,False
char__businessman,char__royal_family,businessman,royal family,2,False
char__farmer_bob,char__ghost,farmer bob,ghost,2,False
char__iguana,char__parrot,iguana,parrot,2,False
char__rabbit,char__wench,rabbit,wench,2,False
char__magician,char__mysterious_owner,magician,mysterious owner,3,False
char__kings,char__townsperson,kings,townsperson,1,False
char__occupant,char__priest,occupant,priest,1,False
char__king,char__loved_one,king,loved one,1,True
char__prisoner,char__warden,prisoner,warden,1,False
char__straw,char__worshipper,straw,worshipper,1,False
char__priest,char__scribe,priest,scribe,1,False
char__hummingbird,char__member,hummingbird,member,1,False
char__pig,char__residents_of_the_cottage,pig,residents of the cottage,1,False
char__castle_guards,char__critter,castle guards,critter,1,False
char__milkmaid,char__peasant,milkmaid,peasant,3,False
char__gravedigger,char__grim_reaper,gravedigger,grim reaper,2,False
char__criminal,char__soldier,criminal,soldier,2,False
char__serving_wench,char__visitor,serving wench,visitor,1,False
char__many_insects,char__temple_members,many insects,temple members,2,False
char__family_member,char__tavern_owner,family member,tavern owner,2,False
char__animal,char__cypher_the_dragon,animal,cypher the dragon,1,False
char__ghosts_of_previous_occupants,char__person,ghosts of previous occupants,person,2,False
char__sheep,char__young_maiden,sheep,young maiden,2,False
char__flies,char__knight,flies,knight,2,False
char__archer,char__hunting_dog,archer,hunting dog,1,False
char__maggot,char__prisoner,maggot,prisoner,1,False
char__king,char__marksman,king,marksman,1,True
char__blacksmith,char__chiefs,blacksmith,chiefs,2,False
char__cut_throat,char__thief,cut throat,thief,1,False
char__hunter,char__rabbit,hunter,rabbit,2,False
char__man,char__troop,man,troop,2,False
char__animal,char__small_living_thing,animal,small living thing,2,False
char__maintenance_person,char__worshipper,maintenance person,worshipper,1,False
char__mayor,char__witch,mayor,witch,1,False
char__daughter,char__father,daughter,father,1,False
char__demon,char__kings,demon,kings,3,False
char__fishermen,char__worshipper,fishermen,worshipper,1,False
char__old_gnaisha,char__rat_feasting_on_leftovers,old gnaisha,rat feasting on leftovers,1,False
char__brother,char__squire_still_keeping_everything_sharp,brother,squire still keeping everything sharp,1,False
char__barkeep,char__denizen,barkeep,denizen,1,False
char__parishioner,char__worshiper,parishioner,worshiper,1,False
char__knight,char__maid,knight,maid,2,False
char__crow,char__traveling_salesmen_stopping_for_a_drink,crow,traveling salesmen stopping for a drink,2,False
char__fairy_interpreter,char__villager,fairy interpreter,villager,1,False
char__faery,char__horse,faery,horse,1,False
char__businessman,char__frog,businessman,frog,1,False
char__grim_reaper,char__person,grim reaper,person,1,False
char__bird,char__chicken,bird,chicken,2,False
char__dogs,char__inhabitant,dogs,inhabitant,1,False
char__farmers,char__sailor,farmers,sailor,2,False
char__drunks,char__farmers,drunks,farmers,1,False
char__child,char__criminal,child,criminal,1,False
char__nun,char__pet_goldfish,nun,pet goldfish,1,False
char__enemy,char__man,enemy,man,1,False
char__customer,char__fish,customer,fish,1,False
char__archer,char__queen,archer,queen,1,False
char__mouse,char__wife,mouse,wife,2,False
char__fairy_interpreter,char__spirit,fairy interpreter,spirit,1,False
char__grazing_milk_cow_in_the_background,char__prisoner,grazing milk cow in the background,prisoner,1,False
char__masons,char__peasant,masons,peasant,1,False
char__adulterer,char__boar,adulterer,boar,1,False
char__craftsman,char__person,craftsman,person,1,False
char__fisherman,char__troll,fisherman,troll,2,False
char__empress,char__monk,empress,monk,1,False
char__grounds_keeper,char__man,grounds keeper,man,1,False
char__hiker,char__knight,hiker,knight,1,False
char__bishop,char__mermaid,bishop,mermaid,1,False
char__dragon,char__goat,dragon,goat,1,False
char__family,char__snake,family,snake,1,False
char__child,char__head_priest,child,head priest,1,False
char__ghost,char__spider,ghost,spider,3,False
char__horse_tied_up_in_front_of_a_shop,char__scribe_constantly_writing,horse tied up in front of a shop,scribe constantly writing,1,False
char__local,char__town_jester,local,town jester,1,False
char__kings_bodyguard,char__merchant,kings bodyguard,merchant,1,False
char__member,char__pope,member,pope,1,False
char__diplomat,char__queen,diplomat,queen,1,False
char__person,char__vulture,person,vulture,1,False
char__bird,char__worshiper,bird,worshiper,2,False
char__dog,char__friend,dog,friend,1,False
char__nobles,char__royal_chef,nobles,royal chef,1,False
char__elderly_man,char__rat,elderly man,rat,1,False
char__traveler,char__woman,traveler,woman,1,False
char__bat,char__critter,bat,critter,3,False
char__camel,char__graveyard_keeper_who_lives_across_the_yard,camel,graveyard keeper who lives across the yard,1,False
char__dog,char__police,dog,police,1,False
char__elderly_man,char__gardener,elderly man,gardener,1,False
char__nuns,char__pastor,nuns,pastor,1,False
char__camera_man,char__scalawag,camera man,scalawag,1,False
char__person,char__spider_spins_its_web_in_the_pew_corner,person,spider spins its web in the pew corner,1,False
char__cat,char__peasant,cat,peasant,1,False
char__businessman,char__homeless,businessman,homeless,1,False
char__pastor,char__person,pastor,person,1,False
char__priest,char__wrongdoer,priest,wrongdoer,2,False
char__acolyte,char__old_homeless_man,acolyte,old homeless man,1,False
char__fisherman,char__religious_clerk,fisherman,religious clerk,1,False
char__guest,char__high_priest,guest,high priest,1,False
char__apothecary,char__bird,apothecary,bird,1,False
char__guard,char__mistress,guard,mistress,1,False
char__bedroom,char__congregant,bedroom,congregant,1,False
char__princess,char__seagull,princess,seagull,1,False
char__firemen,char__hunter,firemen,hunter,1,False
char__guard,char__student,guard,student,1,False
char__fox,char__scorpion,fox,scorpion,1,False
char__captive,char__faery,captive,faery,1,False
char__fish,char__tadpole,fish,tadpole,5,False
char__entertainer,char__traveler_long_past,entertainer,traveler long past,1,False
char__priest,char__thief,priest,thief,2,False
char__king,char__patron,king,patron,1,True
char__animal,char__no_one,animal,no one,1,False
char__king_s_guardsmen,char__rat,king's guardsmen,rat,1,False
char__bird,char__student,bird,student,1,False
char__dead_creature,char__one_unicorn,dead creature,one unicorn,1,False
char__king,char__village_youth,king,village youth,2,True
char__customer,char__dog,customer,dog,2,False
char__cleric,char__villager,cleric,villager,1,False
char__civilian,char__seagull,civilian,seagull,1,False
char__royal,char__worshipper,royal,worshipper,3,False
char__sad_woman,char__shipwright,sad woman,shipwright,1,False
char__assassin,char__maid,assassin,maid,1,False
char__cook,char__wise_men,cook,wise men,1,False
char__lady_in_waiting,char__unicorn_groomer,lady in waiting,unicorn groomer,1,False
char__descendant_of_the_sons,char__wild_boar,descendant of the sons,wild boar,1,False
char__king_s_architect,char__town_baker_s_child,king's architect,town baker's child,1,False
char__orc,char__rat,orc,rat,1,False
char__guard,char__nun,guard,nun,1,False
char__blacksmith,char__witch,blacksmith,witch,1,False
char__officer,char__well_off_business_man,officer,well off business man,1,False
char__genie,char__manikin,genie,manikin,1,False
char__merchant,char__traveller,merchant,traveller,1,False
char__king,char__master_of_ceremonies,king,master of ceremonies,1,True
char__blacksmith,char__deity,blacksmith,deity,1,False
char__bat,char__snake,bat,snake,1,False
char__knight_in_shining_armor,char__sea_witch,knight in shining armor,sea witch,2,False
char__lumberjack,char__person,lumberjack,person,1,False
char__jester,char__kings_bodyguard,jester,kings bodyguard,1,False
char__chiefs,char__person,chiefs,person,1,False
char__snake,char__wolf,snake,wolf,2,False
char__bishop,char__king,bishop,king,1,True
char__person,char__woman,person,woman,1,False
char__fisher,char__witch,fisher,witch,1,False
char__man,char__sailor,man,sailor,1,False
char__noble,char__runaway,noble,runaway,2,False
char__deity,char__monk,deity,monk,1,False
char__fairy,char__fairy_interpreter,fairy,fairy interpreter,3,False
char__egyptians,char__king,egyptians,king,2,True
char__descendant_of_the_sons,char__spider,descendant of the sons,spider,1,False
char__bazaar_owner,char__visitor,bazaar owner,visitor,1,False
char__admiral,char__messenger,admiral,messenger,1,False
char__jungle,char__man_woman,jungle,man woman,1,False
char__giant_frog,char__monk,giant frog,monk,1,False
char__explorer,char__vagabond,explorer,vagabond,1,False
char__black_stray_cat,char__butler,black stray cat,butler,1,False
char__insects,char__scholar,insects,scholar,1,False
char__hiker,char__person,hiker,person,2,False
char__butler,char__captain,butler,captain,2,False
char__albino_fish_totally_blind_swims_in_a_tiny_pool,char__scorpion,albino fish totally blind swims in a tiny pool,scorpion,1,False
char__lands_lord,char__peasant,lands lord,peasant,2,False
char__king,char__squire,king,squire,1,True
char__friends,char__lady_in_a_white_decadent_dress,friends,lady in a white decadent dress,1,False
char__rival,char__wrongdoer,rival,wrongdoer,1,False
char__there_is_also_a_young_woman_selling_flowers_to_passersby,char__woman_walking_the_beach,there is also a young woman selling flowers to passersby,woman walking the beach,1,False
char__bat_king,char__bat_queen,bat king,bat queen,2,False
char__nun,char__person,nun,person,2,False
char__butler,char__dog,butler,dog,2,False
char__gator,char__person,gator,person,1,False
char__cooker,char__mouse,cooker,mouse,1,False
char__guard,char__squire,guard,squire,1,False
char__iguana,char__royal,iguana,royal,1,False
char__adventurer,char__foreigner,adventurer,foreigner,2,False
char__captive,char__lone_captain,captive,lone captain,1,False
char__craftsman,char__large_spider_high_in_one_corner,craftsman,large spider high in one corner,1,False
char__foreign_ambassador,char__spiders,foreign ambassador,spiders,1,False
char__goat_for_company_for_the_horses,char__royal_family,goat for company for the horses,royal family,1,False
char__executioner,char__villager,executioner,villager,2,False
char__ghost,char__occupant,ghost,occupant,1,False
char__owner,char__shaddy_lady,owner,shaddy lady,1,False
char__church_mouse,char__leper,church mouse,leper,1,False
char__flies,char__loved_one,flies,loved one,1,False
char__horse_caretaker_trainer,char__skeleton,horse caretaker trainer,skeleton,1,False
char__rabbit,char__resident,rabbit,resident,2,False
char__guard,char__hound,guard,hound,2,False
char__grass_snake,char__peasant,grass snake,peasant,2,False
char__fish,char__frog,fish,frog,1,False
char__artists,char__grass_snake,artists,grass snake,2,False
char__some_kind_of_police,char__tax_agent,some kind of police,tax agent,2,False
char__bloodied_prisoner,char__residents_of_the_cottage,bloodied prisoner,residents of the cottage,1,False
char__loved_ones,char__turtles,loved ones,turtles,1,False
char__bird,char__royal_family_member,bird,royal family member,2,False
char__empress,char__worker,empress,worker,1,False
char__donkey,char__town_official,donkey,town official,2,False
char__cook,char__servant,cook,servant,1,False
char__pig,char__rat,pig,rat,1,False
char__his_horse,char__loving_wife,his horse,loving wife,1,False
char__lizards,char__man,lizards,man,2,False
char__assassin,char__queen,assassin,queen,1,False
char__animal,char__bear,animal,bear,2,False
char__dogs,char__townsperson,dogs,townsperson,1,False
char__kings_bodyguard,char__sea_witch,kings bodyguard,sea witch,1,False
char__evil_wizard,char__servant,evil wizard,servant,3,False
char__maid,char__man,maid,man,2,False
char__archer,char__kings,archer,kings,1,False
char__local,char__woman,local,woman,1,False
char__apothecary,char__old_gnaisha,apothecary,old gnaisha,3,False
char__denizen,char__troubadours,denizen,troubadours,2,False
char__people_saved_by_the_paladinsa,char__priest,people saved by the paladinsa,priest,2,False
char__person,char__zuric,person,zuric,2,False
char__peasant,char__traveling_salesmen_stopping_for_a_drink,peasant,traveling salesmen stopping for a drink,2,False
char__mightiest_warriors,char__villager,mightiest warriors,villager,1,False
char__eagle,char__family,eagle,family,1,False
char__dogs,char__milkmaid,dogs,milkmaid,1,False
char__farmers,char__knight,farmers,knight,2,False
char__high_priestess,char__old_maniacal_man,high priestess,old maniacal man,1,False
char__fisherman,char__shop_keeper,fisherman,shop keeper,1,False
char__bat,char__squire_still_keeping_everything_sharp,bat,squire still keeping everything sharp,1,False
char__deckhand,char__wizard,deckhand,wizard,1,False
char__rabid_wolf,char__town_sheriff,rabid wolf,town sheriff,1,False
char__bird,char__farmer_bob,bird,farmer bob,1,False
char__person,char__resident,person,resident,2,False
char__businessman,char__nun,businessman,nun,1,False
char__pirate,char__roach,pirate,roach,2,False
char__bird,char__fish,bird,fish,3,False
char__king,char__scholar,king,scholar,1,True
char__police,char__town_baker,police,town baker,1,False
char__person,char__town_sheriff,person,town sheriff,1,False
char__retainer,char__stinging_scorpion,retainer,stinging scorpion,1,False
char__king_s_architect,char__priest_s_mistress,king's architect,priest's mistress,1,False
char__parent,char__toucan,parent,toucan,1,False
char__companion,char__monk,companion,monk,1,False
char__grounds_keeper,char__roach,grounds keeper,roach,1,False
char__miner,char__villager,miner,villager,1,False
char__customer,char__person,customer,person,2,False
char__executioner,char__executioners,executioner,executioners,1,False
char__repentant_person,char__servant,repentant person,servant,1,False
char__dragon,char__hog,dragon,hog,1,False
char__miner,char__stable_hand,miner,stable hand,1,False
char__chef,char__scribe_constantly_writing,chef,scribe constantly writing,1,False
char__knight,char__raccoon,knight,raccoon,1,False
char__archer,char__horse_tied_up_in_front_of_a_shop,archer,horse tied up in front of a shop,1,False
char__future_heir_to_the_throne,char__member,future heir to the throne,member,1,False
char__royalty,char__servant,royalty,servant,1,False
char__gravedigger_doing_his_work,char__servant,gravedigger doing his work,servant,1,False
char__clergy,char__sheep,clergy,sheep,1,False
char__captain,char__sailor,captain,sailor,4,False
char__lady_of_the_court,char__traveler,lady of the court,traveler,1,False
char__rat,char__wildlife,rat,wildlife,1,False
char__noble,char__torturer,noble,torturer,1,False
char__gardener,char__thing,gardener,thing,1,False
char__chained_cat,char__ghost,chained cat,ghost,1,False
char__pet_dog,char__town_baker_s_husband,pet dog,town baker's husband,1,False
char__monster,char__thief,monster,thief,1,False
char__hog,char__zuric,hog,zuric,1,False
char__predator,char__thief,predator,thief,1,False
char__peasant,char__weddings,peasant,weddings,1,False
char__bigfoot,char__priest,bigfoot,priest,1,False
char__peacock,char__religious_clerk,peacock,religious clerk,1,False
char__starfish,char__there_is_also_a_young_woman_selling_flowers_to_passersby,starfish,there is also a young woman selling flowers to passersby,1,False
char__family,char__queen,family,queen,1,False
char__child,char__wife,child,wife,4,False
char__congregant,char__family_member,congregant,family member,1,False
char__high_priestess,char__person,high priestess,person,1,False
char__fox,char__traveler,fox,traveler,1,False
char__dragon,char__prisoner,dragon,prisoner,1,False
char__king,char__rabbit,king,rabbit,2,True
char__flies,char__mermaid,flies,mermaid,1,False
char__dogs,char__grass_snake,dogs,grass snake,1,False
char__rabbit,char__worshiper,rabbit,worshiper,1,False
char__friends,char__noble,friends,noble,1,False
char__dirt,char__rat,dirt,rat,1,False
char__animal,char__jester,animal,jester,1,False
char__chicken,char__wizard_overseer,chicken,wizard overseer,1,False
char__noble,char__princess,noble,princess,1,False
char__cat,char__merchant,cat,merchant,1,False
char__gypsy,char__shipwrecked_survivor,gypsy,shipwrecked survivor,1,False
char__ghost,char__maid,ghost,maid,1,False
char__thief,char__worshipper,thief,worshipper,1,False
char__guard,char__parishioner,guard,parishioner,1,False
char__choir_room,char__sad_woman,choir room,sad woman,1,False
char__guardsman,char__thief,guardsman,thief,1,False
char__fairy_interpreter,char__wise_men,fairy interpreter,wise men,1,False
char__gardener,char__young_girl,gardener,young girl,1,False
char__empress,char__reindeer,empress,reindeer,1,False
char__member,char__orc,member,orc,1,False
char__chicken,char__spider,chicken,spider,1,False
char__mosquito,char__temple_guard,mosquito,temple guard,1,False
char__grandmother,char__groom,grandmother,groom,1,False
char__people_saved_by_the_paladinsa,char__priests,people saved by the paladinsa,priests,1,False
char__subject,char__wasp,subject,wasp,1,False
char__creature,char__genie,creature,genie,1,False
char__merchant,char__priest,merchant,priest,1,False
char__jesters,char__king,jesters,king,1,True
char__friend,char__vendor,friend,vendor,1,False
char__cat,char__monster,cat,monster,1,False
char__bat,char__kid,bat,kid,2,False
char__challenger,char__raccoon,challenger,raccoon,1,False
char__bedroom,char__camera_man,bedroom,camera man,1,False
char__bear,char__bird,bear,bird,3,False
char__rat,char__torture_master,rat,torture master,1,False
char__horse,char__mage,horse,mage,2,False
char__local_merchant,char__man,local merchant,man,1,False
char__cat,char__king,cat,king,1,True
char__bat_king,char__monk,bat king,monk,1,False
char__hermit,char__mouse,hermit,mouse,2,False
char__family,char__troll,family,troll,1,False
char__advisor,char__cockroach,advisor,cockroach,1,False
char__peasant,char__woman,peasant,woman,1,False
char__although_the_temple_is_full_no_one_is_speaking_and_all_you_can_hear_are_muted_scuffling_feet,char__parishioner,although the temple is full no one is speaking and all you can hear are muted scuffling feet,parishioner,1,False
char__insects,char__king,insects,king,1,True
char__gods,char__spirit,gods,spirit,1,False
char__child,char__gnome,child,gnome,1,False
char__villager,char__visitor,villager,visitor,1,False
char__horse,char__man_woman,horse,man woman,1,False
char__family_member,char__goddess,family member,goddess,1,False
char__king,char__townsperson,king,townsperson,1,True
char__assistant,char__clergyman,assistant,clergyman,1,False
char__captive,char__explorer,captive,explorer,1,False
char__creature,char__spider,creature,spider,3,False
char__jailer,char__mischievous_teenager,jailer,mischievous teenager,1,False
char__bug,char__fish,bug,fish,2,False
char__guard,char__hoakbera,guard,hoakbera,1,False
char__soldier_named_ulmer,char__soldier_named_zinney,soldier named ulmer,soldier named zinney,1,False
char__milkmaid,char__town_official,milkmaid,town official,1,False
char__deer,char__people,deer,people,1,False
char__fish,char__shipwrecked_survivor,fish,shipwrecked survivor,2,False
char__caveman,char__groundskeepers,caveman,groundskeepers,1,False
char__gypsy,char__knight,gypsy,knight,1,False
char__lady_in_a_white_decadent_dress,char__lord,lady in a white decadent dress,lord,1,False
char__mightiest_warriors,char__mystical_dragon,mightiest warriors,mystical dragon,1,False
char__person,char__wise_looking_turtle,person,wise-looking turtle,1,False
char__guard,char__performer,guard,performer,1,False
char__old_homeless_man,char__people,old homeless man,people,1,False
char__farmers,char__priest,farmers,priest,1,False
char__old_one_eyed_owl,char__old_wizened_priestess,old one-eyed owl,old wizened priestess,3,False
char__choir_member,char__waiting_priest,choir member,waiting priest,1,False
char__agricultural_advisor,char__war_officer,agricultural advisor,war officer,1,False
char__groundskeeper_of_the_castle,char__person,groundskeeper of the castle,person,1,False
char__officer,char__queen,officer,queen,3,False
char__boat_workers,char__captain,boat workers,captain,1,False
char__town_baker,char__townperson,town baker,townperson,1,False
char__pelican,char__tern,pelican,tern,1,False
char__congregant,char__lector,congregant,lector,4,False
char__alchemist,char__turtle_in_a_cage_filled_with_grapes,alchemist,turtle in a cage filled with grapes,1,False
char__bug,char__predator,bug,predator,2,False
char__inhabitant,char__noble,inhabitant,noble,2,False
char__captured_knight,char__traveler,captured knight,traveler,1,False
char__girl,char__king_s_guardsmen,girl,king's guardsmen,1,False
char__garter_snake,char__spirit,garter snake,spirit,1,False
char__bird,char__town_sheriff,bird,town sheriff,1,False
char__bigfoot,char__witch,bigfoot,witch,1,False
char__animal,char__worshipper,animal,worshipper,1,False
char__favored_knight,char__knight,favored knight,knight,1,False
char__lone_captain,char__young_boy_who_is_a_deck_hand,lone captain,young boy who is a deck hand,1,False
char__jester,char__servant,jester,servant,1,False
char__villager,char__wasp,villager,wasp,1,False
char__archaeologists,char__lands_lord,archaeologists,lands lord,1,False
char__large_spider_high_in_one_corner,char__mouse,large spider high in one corner,mouse,1,False
char__mud_golem,char__witch,mud golem,witch,1,False
char__altar_boy,char__follower,altar boy,follower,1,False
char__lizards,char__wild_boar,lizards,wild boar,1,False
char__lady_of_the_house,char__servant,lady of the house,servant,1,False
char__businessman,char__woman,businessman,woman,2,False
char__alligator,char__character,alligator,character,1,False
char__horse,char__traitor,horse,traitor,1,False
char__dirt,char__executioner,dirt,executioner,1,False
char__family_member,char__guard,family member,guard,3,False
char__peasant,char__turtles,peasant,turtles,2,False
char__priest,char__royal,priest,royal,2,False
char__bedbug,char__worshipper,bedbug,worshipper,1,False
char__cockroach,char__priest,cockroach,priest,1,False
char__priest,char__teacher,priest,teacher,1,False
char__peasant,char__zombies,peasant,zombies,2,False
char__peacock,char__royal_family,peacock,royal family,1,False
char__temple_guard,char__weapons_master,temple guard,weapons master,1,False
char__creature,char__manservant,creature,manservant,1,False
char__barn_cat,char__milkmaid,barn cat,milkmaid,1,False
char__grim_reaper,char__priest,grim reaper,priest,1,False
char__mistress,char__priest,mistress,priest,1,False
char__servant,char__their_family,servant,their family,3,False
char__bird,char__sheep,bird,sheep,1,False
char__child,char__horse,child,horse,1,False
char__ghost,char__kings,ghost,kings,1,False
char__dragon,char__watchmen,dragon,watchmen,1,False
char__archer,char__proprietor,archer,proprietor,1,False
char__organism,char__turkey,organism,turkey,1,False
char__bug,char__king,bug,king,1,True
char__blacksmith,char__maid,blacksmith,maid,1,False
char__guest,char__troop,guest,troop,1,False
char__empress,char__scorpion,empress,scorpion,1,False
char__king,char__king_s_child,king,king's child,1,True
char__child,char__fish,child,fish,1,False
char__bird,char__small_living_thing,bird,small living thing,1,False
char__her_maid,char__queen,her maid,queen,1,False
char__prince,char__wolf,prince,wolf,1,False
char__parishioner,char__traveler,parishioner,traveler,1,False
char__daughter,char__son,daughter,son,2,False
char__bar_host,char__goblin_king_s_bartender,bar host,goblin king's bartender,1,False
char__king,char__leader,king,leader,3,True
char__villager,char__warden,villager,warden,1,False
char__alligator,char__prisoner,alligator,prisoner,1,False
char__cooks,char__woman,cooks,woman,1,False
char__lizards,char__wizard,lizards,wizard,3,False
char__bat,char__milkmaid,bat,milkmaid,1,False
char__king,char__priests,king,priests,3,True
char__proprietor,char__weary_traveler,proprietor,weary traveler,1,False
char__ghost,char__villager,ghost,villager,1,False
char__insects,char__rabbit,insects,rabbit,1,False
char__hunter,char__large_experienced_guard_with_a_grizzly_expression,hunter,large experienced guard with a grizzly expression,1,False
char__archaeologists,char__servant,archaeologists,servant,1,False
char__dove,char__fisherman,dove,fisherman,1,False
char__merchant,char__murderer,merchant,murderer,1,False
char__hunter,char__staff,hunter,staff,1,False
char__beggar,char__horse,beggar,horse,1,False
char__butterfly,char__dragon,butterfly,dragon,1,False
char__merchant,char__monk,merchant,monk,1,False
char__fox,char__visitor,fox,visitor,1,False
char__traveler,char__villager,traveler,villager,2,False
char__wildlife,char__woman_gathering_supplies,wildlife,woman gathering supplies,1,False
char__cowardly_young_man_in_armour,char__servant,cowardly young man in armour,servant,1,False
char__bird,char__captain_of_the_guard,bird,captain of the guard,1,False
char__child,char__minstrel,child,minstrel,1,False
char__daughter,char__thief,daughter,thief,1,False
char__small_aggressive_looking_dog,char__spider,small aggressive-looking dog,spider,1,False
char__bat_queen,char__knight,bat queen,knight,1,False
char__grandfather,char__horse_tied_up_in_front_of_a_shop,grandfather,horse tied up in front of a shop,1,False
char__maid,char__stable_boy,maid,stable boy,1,False
char__giant_frog,char__merchant,giant frog,merchant,1,False
char__member,char__seagull,member,seagull,1,False
char__army,char__old_man_with_a_fishing_rod,army,old man with a fishing rod,1,False
char__diplomat,char__merchant,diplomat,merchant,1,False
char__lost_traveler,char__vulture,lost traveler,vulture,1,False
char__bird,char__worshipper,bird,worshipper,2,False
char__cook,char__monk,cook,monk,1,False
char__pirate,char__traveler,pirate,traveler,2,False
char__cleaning_person,char__spider,cleaning person,spider,1,False
char__guard,char__member,guard,member,1,False
char__king_s_trusted_adviser,char__nun,king's trusted adviser,nun,1,False
char__spelunker,char__troll_s_spouse,spelunker,troll's spouse,1,False
char__priest,char__worker,priest,worker,2,False
char__cat,char__spirit,cat,spirit,1,False
char__baby_dragon,char__knight,baby dragon,knight,1,False
char__alligator,char__blacksmith,alligator,blacksmith,1,False
char__town_jester,char__weddings,town jester,weddings,1,False
char__grass_snake,char__person,grass snake,person,1,False
char__kings_bodyguard,char__survivors,kings bodyguard,survivors,1,False
char__fat_rats,char__juror,fat rats,juror,1,False
char__beggar,char__reindeer,beggar,reindeer,1,False
char__congregant,char__horse,congregant,horse,1,False
char__person,char__small_aggressive_looking_dog,person,small aggressive-looking dog,1,False
char__guard,char__pelican,guard,pelican,1,False
char__beast,char__enemy,beast,enemy,1,False
char__alchemist,char__empress,alchemist,empress,1,False
char__craftsman,char__staff,craftsman,staff,1,False
char__bird,char__cow,bird,cow,1,False
char__bat,char__tadpole,bat,tadpole,1,False
char__cockroach,char__soldier,cockroach,soldier,1,False
char__knight,char__royalty,knight,royalty,1,False
char__assistant,char__bride,assistant,bride,1,False
char__king,char__tern,king,tern,1,True
char__animal,char__milk_man,animal,milk man,1,False
char__peasant,char__pig,peasant,pig,1,False
char__noble,char__queen,noble,queen,1,False
char__audience_member,char__person,audience member,person,1,False
char__hound,char__maid,hound,maid,1,False
char__bear,char__teacher,bear,teacher,1,False
char__maid,char__master_of_ceremonies,maid,master of ceremonies,1,False
char__friend_of_farmer,char__royal,friend of farmer,royal,1,False
char__grass_snake,char__sad_woman,grass snake,sad woman,1,False
char__guardsman,char__princess,guardsman,princess,2,False
char__miner,char__old_man,miner,old man,1,False
char__dogs,char__spider,dogs,spider,1,False
char__courtier,char__wise_men,courtier,wise men,1,False
char__customer,char__peasant,customer,peasant,1,False
char__doctor,char__emperor,doctor,emperor,1,False
char__goblin,char__villager,goblin,villager,1,False
char__serving_wench,char__vagabond,serving wench,vagabond,1,False
char__beaver,char__butterfly,beaver,butterfly,1,False
char__local_bazaar,char__village_official,local bazaar,village official,1,False
char__genie,char__god_of_their_pagan_religion,genie,god of their pagan religion,1,False
char__priest,char__soldier,priest,soldier,1,False
char__kid,char__raven,kid,raven,1,False
char__jesters,char__queen,jesters,queen,1,False
char__cat,char__dogs,cat,dogs,1,False
char__leader,char__princess,leader,princess,1,False
char__seagull,char__small_aggressive_looking_dog,seagull,small aggressive-looking dog,1,False
char__beetle,char__mourner,beetle,mourner,1,False
char__queen_s,char__visitor,queen's,visitor,2,False
char__goat,char__high_priest,goat,high priest,2,False
char__monarch,char__torture_master,monarch,torture master,1,False
char__leader,char__mariner,leader,mariner,1,False
char__man,char__servant,man,servant,1,False
char__round_man_with_a_bushy_mustache,char__woman,round man with a bushy mustache,woman,1,False
char__staircase,char__troll,staircase,troll,1,False
char__homeless_man,char__noble,homeless man,noble,1,False
char__cockroach,char__worshipper,cockroach,worshipper,1,False
char__dwarf,char__there_is_also_a_young_woman_selling_flowers_to_passersby,dwarf,there is also a young woman selling flowers to passersby,1,False
char__gnome,char__wizard_overseer,gnome,wizard overseer,1,False
char__monk,char__mourner,monk,mourner,1,False
char__fly,char__mosquito,fly,mosquito,1,False
char__baby_shower,char__woman_walking_the_beach,baby shower,woman walking the beach,1,False
char__camel,char__lost_traveler,camel,lost traveler,2,False
char__animal,char__thief,animal,thief,1,False
char__fisherman,char__goddess,fisherman,goddess,1,False
char__cooker,char__townsperson,cooker,townsperson,1,False
char__clergyman,char__graveyard_keeper_who_lives_across_the_yard,clergyman,graveyard keeper who lives across the yard,1,False
char__person,char__scullery_maid,person,scullery maid,2,False
char__goblin,char__hoakbera,goblin,hoakbera,2,False
char__chief_wife,char__child,chief wife,child,1,False
char__choir_member,char__concubine,choir member,concubine,1,False
char__dog,char__squirrel,dog,squirrel,1,False
char__captain,char__merchant,captain,merchant,2,False
char__horse,char__smith,horse,smith,1,False
char__mightiest_warriors,char__prince,mightiest warriors,prince,1,False
char__audience_member,char__director,audience member,director,1,False
char__nurse,char__person,nurse,person,1,False
char__fierce_assassin,char__insects,fierce assassin,insects,1,False
char__farmers,char__poorer_citizens_of_the_empire,farmers,poorer citizens of the empire,1,False
char__bat,char__general,bat,general,2,False
char__ambassador,char__evil_wizard,ambassador,evil wizard,1,False
char__king_omako_iii,char__military_commander,king omako iii,military commander,2,False
char__mourner,char__tourist,mourner,tourist,1,False
char__boat_captain,char__farm_worker,boat captain,farm worker,1,False
char__pelican,char__trolls,pelican,trolls,1,False
char__butler,char__future_heir_to_the_throne,butler,future heir to the throne,1,False
char__bug,char__tadpole,bug,tadpole,1,False
char__princess,char__shape_shifting_cat,princess,shape-shifting cat,1,False
char__local_villagers,char__priest,local villagers,priest,1,False
char__mouse,char__village_youth,mouse,village youth,1,False
char__old_man_with_a_fishing_rod,char__rat,old man with a fishing rod,rat,1,False
char__groom,char__missionary,groom,missionary,1,False
char__sister,char__woman,sister,woman,1,False
char__mayor,char__unicorn,mayor,unicorn,1,False
char__lizards,char__mourner,lizards,mourner,1,False
char__subject,char__worshipper,subject,worshipper,1,False
char__peasant,char__salesman,peasant,salesman,1,False
char__favored_knight,char__guest,favored knight,guest,1,False
char__scullery_maid,char__servant,scullery maid,servant,1,False
char__guard,char__king_s_brother,guard,king's brother,1,False
char__cleric,char__cook,cleric,cook,1,False
char__alchemist,char__rodent,alchemist,rodent,1,False
char__deer,char__fish,deer,fish,1,False
char__exiled_person,char__maid,exiled person,maid,1,False
char__congregant,char__priest,congregant,priest,1,False
char__boar,char__cook,boar,cook,1,False
char__stray_cat,char__wealthy_bookshop_owner,stray cat,wealthy bookshop owner,1,False
char__bandit,char__traveler,bandit,traveler,3,False
char__civilian,char__mouse,civilian,mouse,1,False
char__spider,char__wise_woman,spider,wise woman,1,False
char__fat_rats,char__fool,fat rats,fool,1,False
char__ghost_of_a_miner,char__miner,ghost of a miner,miner,2,False
char__king_s_horses,char__royal_family,king's horses,royal family,1,False
char__blacksmith,char__plants,blacksmith,plants,1,False
char__occupant,char__they_are_not_quite_outcast,occupant,they are not quite outcast,2,False
char__ancient_king,char__loved_one,ancient king,loved one,1,False
char__vagrants,char__wealthy_noble,vagrants,wealthy noble,2,False
char__fisherman,char__tax_agent,fisherman,tax agent,1,False
char__creature,char__emperor,creature,emperor,1,False
char__king,char__loved_ones,king,loved ones,1,True
char__girl,char__wife,girl,wife,1,False
char__blind_knight_holding_a_sword,char__peasant,blind knight holding a sword,peasant,1,False
char__acolyte,char__unicorn_groomer,acolyte,unicorn groomer,1,False
char__archer,char__fox,archer,fox,1,False
char__queen_s_subject,char__servant,queen's subject,servant,2,False
char__groom,char__peasant,groom,peasant,1,False
char__blacksmith,char__horse,blacksmith,horse,2,False
char__craftsman,char__shipwright,craftsman,shipwright,3,False
char__shoe_shiner,char__woman,shoe shiner,woman,1,False
char__bandit,char__crab,bandit,crab,1,False
char__fool,char__person,fool,person,1,False
char__mayor,char__townsperson,mayor,townsperson,1,False
char__sad_townsman,char__turtles,sad townsman,turtles,1,False
char__chameleon,char__wolf,chameleon,wolf,1,False
char__sneaky_thief,char__traveler,sneaky thief,traveler,1,False
char__kings,char__scorpions,kings,scorpions,1,False
char__patron,char__peasant,patron,peasant,1,False
char__priests,char__town_jester,priests,town jester,1,False
char__outlaw,char__priest,outlaw,priest,1,False
char__scorpions,char__zuric,scorpions,zuric,2,False
char__animal,char__armed_guardsmen,animal,armed guardsmen,1,False
char__cooks,char__trolls,cooks,trolls,1,False
char__archer,char__dogs,archer,dogs,1,False
char__farmers,char__goat,farmers,goat,1,False
char__owl,char__rat,owl,rat,2,False
char__bat,char__court_wizard,bat,court wizard,1,False
char__mountain_goat,char__wizard,mountain goat,wizard,1,False
char__child,char__young_boy,child,young boy,1,False
char__duke,char__priest,duke,priest,1,False
char__giant_frog,char__visitor,giant frog,visitor,1,False
char__clergy,char__nobleman,clergy,nobleman,1,False
char__invader,char__worker,invader,worker,2,False
char__fisherman,char__messenger,fisherman,messenger,1,False
char__sailor,char__traveler,sailor,traveler,2,False
char__child,char__goblin,child,goblin,1,False
char__police,char__thief,police,thief,1,False
char__bird,char__fox_trying_to_steal_chickens,bird,fox trying to steal chickens,1,False
char__entertainer,char__stable_hands,entertainer,stable hands,1,False
char__child,char__unicorn,child,unicorn,1,False
char__hunting_dog,char__towns_folk,hunting dog,towns folk,1,False
char__horse,char__mother,horse,mother,1,False
char__fisher,char__guard,fisher,guard,1,False
char__critter,char__parishioner,critter,parishioner,1,False
char__concubine,char__sell_swords,concubine,sell swords,1,False
char__skeletons,char__wealthy_bookshop_owner,skeletons,wealthy bookshop owner,1,False
char__local,char__owner,local,owner,1,False
char__knight,char__merchant,knight,merchant,1,False
char__assassin,char__member,assassin,member,1,False
char__churchgoer,char__traveler,churchgoer,traveler,1,False
char__bird,char__diplomat,bird,diplomat,1,False
char__exiled_person,char__monk,exiled person,monk,1,False
char__horse,char__salesman,horse,salesman,1,False
char__alchemist,char__cook,alchemist,cook,1,False
char__bluebird,char__noble,bluebird,noble,1,False
char__wizard,char__wolf,wizard,wolf,1,False
char__bug,char__vagrant,bug,vagrant,2,False
char__ghost,char__lady_in_waiting,ghost,lady in waiting,2,False
char__governor,char__priest,governor,priest,2,False
char__spirit,char__traveler,spirit,traveler,2,False
char__ghost,char__soldier,ghost,soldier,1,False
char__soldier,char__thief,soldier,thief,3,False
char__big_sheep_like_brown_dog,char__loved_ones,big sheep-like brown dog,loved ones,1,False
char__one_unicorn,char__pig,one unicorn,pig,1,False
char__cardinal,char__outlaw,cardinal,outlaw,1,False
char__fisherman,char__knight,fisherman,knight,1,False
char__person,char__wolf,person,wolf,1,False
char__bat,char__groom,bat,groom,1,False
char__audience_member,char__guard,audience member,guard,1,False
char__king,char__proprietor,king,proprietor,1,True
char__faery,char__high_priestess,faery,high priestess,1,False
char__fish,char__swimmer,fish,swimmer,1,False
char__ornate_birds,char__soldier,ornate birds,soldier,1,False
char__admiral,char__servant,admiral,servant,1,False
char__choir_member,char__outlaw,choir member,outlaw,1,False
char__king,char__worshipper,king,worshipper,1,True
char__hound,char__peasant,hound,peasant,1,False
char__beggar,char__traders,beggar,traders,1,False
char__alter_boy,char__assistant,alter boy,assistant,1,False
char__mightiest_warriors,char__waiting_priest,mightiest warriors,waiting priest,1,False
char__animal,char__monkey_friend,animal,monkey friend,1,False
char__animal_such_as_a_cat,char__they_are_not_quite_outcast,animal such as a cat,they are not quite outcast,1,False
char__animal,char__enemy_king,animal,enemy king,1,False
char__old_man,char__parishioner,old man,parishioner,1,False
char__farmers_wife,char__mourner,farmers wife,mourner,1,False
char__explorer,char__prisoner,explorer,prisoner,1,False
char__dog,char__poker_players,dog,poker players,1,False
char__rat,char__wise_men,rat,wise men,1,False
char__clergyman,char__town_sheriff,clergyman,town sheriff,1,False
char__man,char__priest,man,priest,1,False
char__goblin,char__turkey,goblin,turkey,1,False
char__drunk_reeling_out_of_the_saloon,char__sword_makers,drunk reeling out of the saloon,sword makers,1,False
char__dirt,char__well_off_business_man,dirt,well off business man,1,False
char__attendee,char__cardinal,attendee,cardinal,1,False
char__butterfly,char__songbird,butterfly,songbird,1,False
char__genie,char__governor,genie,governor,1,False
char__cut_throat,char__monk,cut throat,monk,1,False
char__dogs,char__traveller,dogs,traveller,1,False
char__cat,char__eel,cat,eel,1,False
char__bat,char__spider,bat,spider,2,False
char__challenger,char__person,challenger,person,1,False
char__bedroom,char__king_consort,bedroom,king consort,1,False
char__bloodied_prisoner,char__guard,bloodied prisoner,guard,1,False
char__drunk,char__spirit,drunk,spirit,1,False
char__sailor,char__woman,sailor,woman,2,False
char__farmers_wife,char__prisoner,farmers wife,prisoner,1,False
char__animal,char__her_maid,animal,her maid,1,False
char__families,char__family_member,families,family member,1,False
char__princess_who_lives_in_the_castle_and_can_t_escape,char__young_princess,princess who lives in the castle and can't escape,young princess,1,False
char__barn_cat,char__troll,barn cat,troll,1,False
char__explorer,char__noble,explorer,noble,1,False
char__child,char__demon,child,demon,2,False
char__monk,char__spirits_of_our_ancestors,monk,spirits of our ancestors,1,False
char__crow,char__spider,crow,spider,1,False
char__dwarf,char__they_are_not_quite_outcast,dwarf,they are not quite outcast,1,False
char__lady_of_the_hour,char__pilgrims,lady of the hour,pilgrims,1,False
char__bandit,char__criminal,bandit,criminal,1,False
char__fruit_bat,char__gnome,fruit bat,gnome,2,False
char__spider,char__villager,spider,villager,1,False
char__bug,char__villager,bug,villager,1,False
char__fierce_assassin,char__mercenary,fierce assassin,mercenary,1,False
char__king,char__mystical_dragon,king,mystical dragon,1,True
char__music_paper,char__person,music paper,person,1,False
char__ghosts_of_previous_occupants,char__rat,ghosts of previous occupants,rat,2,False
char__electric_eel,char__rabid_wolf,electric eel,rabid wolf,1,False
char__chameleon,char__colorful_bird,chameleon,colorful bird,1,False
char__animal,char__queen,animal,queen,1,False
char__fauna,char__insects,fauna,insects,1,False
char__poor_subsistence_farmer,char__poorer_citizens_of_the_empire,poor subsistence farmer,poorer citizens of the empire,1,False
char__evil_wizard,char__king,evil wizard,king,1,True
char__child,char__scantily_clad_virgins,child,scantily clad virgins,1,False
char__agricultural_advisor,char__child,agricultural advisor,child,1,False
char__barbarian,char__cleric,barbarian,cleric,1,False
char__bishop,char__worshipper,bishop,worshipper,1,False
char__baby_shower,char__queen,baby shower,queen,1,False
char__cook,char__queen,cook,queen,1,False
char__chicken,char__cooks,chicken,cooks,1,False
char__chef,char__scullions,chef,scullions,2,False
char__dog,char__prince,dog,prince,1,False
char__groom,char__reluctant_nun,groom,reluctant nun,2,False
char__traveler,char__troll,traveler,troll,1,False
char__faery,char__musician,faery,musician,1,False
char__king_himself,char__person,king himself,person,1,False
char__chambermaid,char__prince,chambermaid,prince,1,False
char__child,char__man_woman,child,man woman,1,False
char__lord,char__person,lord,person,1,False
char__child,char__his_wife,child,his wife,2,False
char__iguana,char__villagers,iguana,villagers,2,False
char__butt,char__priest,butt,priest,1,False
char__bigfoot,char__critter,bigfoot,critter,1,False
char__archer,char__battle_master,archer,battle master,1,False
char__bivalve,char__head_priest,bivalve,head priest,1,False
char__wealthy_bookshop_owner,char__well_off_business_man,wealthy bookshop owner,well off business man,1,False
char__large_spider_high_in_one_corner,char__maid,large spider high in one corner,maid,1,False
char__challenger,char__ghost,challenger,ghost,1,False
char__abbess,char__king,abbess,king,1,True
char__beautiful_calico_cat_napping_beside_the_coat_rack,char__insect,beautiful calico cat napping beside the coat rack,insect,1,False
char__alien,char__guard,alien,guard,1,False
char__high_priestess,char__royal,high priestess,royal,1,False
char__crow,char__juror,crow,juror,1,False
char__monster,char__warden,monster,warden,1,False
char__scribe_constantly_writing,char__servant,scribe constantly writing,servant,1,False
char__cleaning_maid,char__scribe,cleaning maid,scribe,1,False
char__fisherman,char__turtles,fisherman,turtles,2,False
char__dogs,char__squire,dogs,squire,1,False
char__castle_guards,char__spider_spins_its_web_in_the_pew_corner,castle guards,spider spins its web in the pew corner,1,False
char__animal,char__visitor,animal,visitor,1,False
char__ambassador,char__peasant,ambassador,peasant,1,False
char__boy,char__traveler,boy,traveler,1,False
char__blind_knight_holding_a_sword,char__fellow_traveler,blind knight holding a sword,fellow traveler,1,False
char__organ_player,char__werewolf,organ player,werewolf,1,False
char__horse,char__sheep,horse,sheep,1,False
char__deer,char__fox,deer,fox,1,False
char__milk_man,char__troop,milk man,troop,2,False
char__cowardly_young_man_in_armour,char__rat,cowardly young man in armour,rat,1,False
char__bandit,char__beautiful_calico_cat_napping_beside_the_coat_rack,bandit,beautiful calico cat napping beside the coat rack,1,False
char__amphibian,char__fisherman,amphibian,fisherman,1,False
char__leader,char__royal_dog,leader,royal dog,1,False
char__hummingbird,char__mourner,hummingbird,mourner,1,False
char__dogs,char__god,dogs,god,1,False
char__tern,char__warrior,tern,warrior,1,False
char__parishioner,char__stable_boy_rushing_in_to_alert_the_knight,parishioner,stable boy rushing in to alert the knight,1,False
char__butterfly,char__cooks,butterfly,cooks,1,False
char__drunk_reeling_out_of_the_saloon,char__princess,drunk reeling out of the saloon,princess,1,False
char__cow,char__horse_tied_up_in_front_of_a_shop,cow,horse tied up in front of a shop,1,False
char__farmers,char__patient,farmers,patient,1,False
char__farmers,char__helpers,farmers,helpers,1,False
char__bird,char__teachers,bird,teachers,1,False
char__fisherman,char__maid,fisherman,maid,2,False
char__demon,char__fairy,demon,fairy,1,False
char__farmers_wife,char__noble,farmers wife,noble,1,False
char__staircase,char__villager,staircase,villager,1,False
char__frog,char__servant,frog,servant,1,False
char__bird,char__customer,bird,customer,1,False
char__musician,char__small_animals,musician,small animals,1,False
char__gypsy,char__police,gypsy,police,1,False
char__dragon,char__ice_king,dragon,ice king,1,False
char__beggar,char__one_unicorn,beggar,one unicorn,1,False
char__dragon,char__woman_gathering_supplies,dragon,woman gathering supplies,1,False
char__bandit,char__monk,bandit,monk,1,False
char__chained_cat,char__clergyman,chained cat,clergyman,1,False
char__person,char__seaman,person,seaman,1,False
char__animal,char__customer,animal,customer,1,False
char__executioner,char__hunter,executioner,hunter,1,False
char__entertainer,char__priest,entertainer,priest,1,False
char__boy,char__miner,boy,miner,1,False
char__people,char__reluctant_nun,people,reluctant nun,1,False
char__masons,char__monkey,masons,monkey,1,False
char__chef,char__spider,chef,spider,1,False
char__fisher,char__knight,fisher,knight,1,False
char__adulterer,char__horse_tied_up_in_front_of_a_shop,adulterer,horse tied up in front of a shop,1,False
char__merchant,char__waiter,merchant,waiter,1,False
char__member,char__recently_tortured,member,recently tortured,1,False
char__guest,char__watchman,guest,watchman,1,False
char__rat_chews_on_a_dropped_hymnbook,char__servant,rat chews on a dropped hymnbook,servant,1,False
char__cooker,char__traveler,cooker,traveler,1,False
char__lizard,char__lost_traveler,lizard,lost traveler,1,False
char__pirate,char__seagull,pirate,seagull,2,False
char__critter,char__person,critter,person,1,False
char__cleaning_person,char__person,cleaning person,person,1,False
char__groundskeeper,char__guard,groundskeeper,guard,1,False
char__torture_master,char__wolf,torture master,wolf,1,False
char__ghost,char__turtle,ghost,turtle,1,False
char__doctor,char__owl,doctor,owl,1,False
char__altar_boy,char__local_merchant,altar boy,local merchant,1,False
char__knight,char__nun,knight,nun,1,False
char__lord,char__woman,lord,woman,1,False
char__customer,char__merchant,customer,merchant,2,False
char__beggar,char__offender,beggar,offender,1,False
char__poor_subsistence_farmer,char__wife,poor subsistence farmer,wife,1,False
char__local_artist,char__priest,local artist,priest,1,False
char__fisher,char__parent,fisher,parent,1,False
char__congregant,char__king_s_trusted_adviser,congregant,king's trusted adviser,1,False
char__family_member,char__person,family member,person,1,False
char__bishop,char__dragon,bishop,dragon,1,False
char__goblin_king_s_bartender,char__king,goblin king's bartender,king,1,True
char__alchemist,char__vulture,alchemist,vulture,1,False
char__craftsman,char__knight,craftsman,knight,1,False
char__general,char__knight,general,knight,1,False
char__rat_chews_on_a_dropped_hymnbook,char__scantily_clad_virgins,rat chews on a dropped hymnbook,scantily clad virgins,1,False
char__chicken,char__outlaw,chicken,outlaw,1,False
char__fool,char__mouse,fool,mouse,1,False
char__spider,char__torture_master,spider,torture master,1,False
char__animal,char__torture_master,animal,torture master,1,False
char__talking_cat,char__zombies,talking cat,zombies,1,False
char__squire,char__student,squire,student,1,False
char__person,char__queen,person,queen,1,False
char__nobel,char__preacher,nobel,preacher,1,False
char__parishioner,char__young_boy,parishioner,young boy,1,False
char__fisher,char__sad_woman,fisher,sad woman,1,False
char__insect,char__vendor,insect,vendor,1,False
char__prince,char__princess,prince,princess,1,False
char__priest,char__young_girl,priest,young girl,1,False
char__hunter,char__noble,hunter,noble,1,False
char__mystical_dragon,char__wise_men,mystical dragon,wise men,1,False
char__gardener,char__no_one,gardener,no one,1,False
char__doctor,char__footman,doctor,footman,1,False
char__bodyguard,char__gravedigger_doing_his_work,bodyguard,gravedigger doing his work,1,False
char__creature,char__drunk_reeling_out_of_the_saloon,creature,drunk reeling out of the saloon,1,False
char__blacksmith_apprentice,char__nun,blacksmith apprentice,nun,1,False
char__cow,char__goat,cow,goat,1,False
char__military_commander,char__snake,military commander,snake,1,False
char__adults,char__servant,adults,servant,1,False
char__maid,char__trader_s_wife_that_traveled_with_him,maid,trader's wife that traveled with him,1,False
char__ghost,char__homeless_man,ghost,homeless man,1,False
char__ice_king,char__knight,ice king,knight,1,False
char__farmer,char__traveler,farmer,traveler,1,False
char__artists,char__genie,artists,genie,1,False
char__angel,char__squire,angel,squire,1,False
char__friend,char__king,friend,king,1,True
char__dogs,char__monster,dogs,monster,1,False
char__deity,char__weapons_master,deity,weapons master,1,False
char__adventurer,char__snake,adventurer,snake,1,False
char__jester,char__leader,jester,leader,1,False
char__bat,char__manservant,bat,manservant,1,False
char__eel,char__fisherman,eel,fisherman,1,False
char__general,char__person,general,person,5,False
char__acolyte_preparing_for_evening_prayer_service,char__king,acolyte preparing for evening prayer service,king,1,True
char__chicken,char__horse,chicken,horse,1,False
char__child,char__king_consort,child,king consort,1,False
char__animal,char__high_priest,animal,high priest,2,False
char__bishop,char__nuns,bishop,nuns,1,False
char__servant,char__torture_master,servant,torture master,1,False
char__fisher,char__rival,fisher,rival,1,False
char__cooks,char__eagle,cooks,eagle,1,False
char__animal,char__town_game_warden,animal,town game warden,1,False
char__mouse,char__snake,mouse,snake,1,False
char__king,char__one_unicorn,king,one unicorn,1,True
char__bluebird,char__butterfly,bluebird,butterfly,1,False
char__descendant_of_the_sons,char__scullery_maid,descendant of the sons,scullery maid,1,False
char__baby_dragon,char__traveler,baby dragon,traveler,1,False
char__bandit,char__rat,bandit,rat,1,False
char__animal,char__miner,animal,miner,1,False
char__snakes,char__villager,snakes,villager,1,False
char__hoakbera,char__maid,hoakbera,maid,1,False
char__child,char__man,child,man,1,False
char__hermit,char__jester,hermit,jester,1,False
char__families,char__roach,families,roach,1,False
char__chief_wife,char__father,chief wife,father,1,False
char__intruder,char__squirrel,intruder,squirrel,1,False
char__concubine,char__eunuch,concubine,eunuch,1,False
char__resident,char__sinners,resident,sinners,1,False
char__guard,char__jester,guard,jester,1,False
char__grandmother,char__mother,grandmother,mother,1,False
char__person,char__religious_clerk,person,religious clerk,1,False
char__animal,char__hiker,animal,hiker,2,False
char__dog,char__handmaid,dog,handmaid,1,False
char__assistant_chef,char__pastry_chef,assistant chef,pastry chef,1,False
char__albino_fish_totally_blind_swims_in_a_tiny_pool,char__animal,albino fish totally blind swims in a tiny pool,animal,1,False
char__friends,char__stable_boy_rushing_in_to_alert_the_knight,friends,stable boy rushing in to alert the knight,1,False
char__queen,char__wrongdoer,queen,wrongdoer,1,False
char__guy_with_the_key_when_he_lets_in_the_king,char__mystical_dragon,guy with the key when he lets in the king,mystical dragon,2,False
char__captured_knight,char__person,captured knight,person,1,False
char__footman,char__men_and_women_working,footman,men and women working,1,False
char__maid,char__performer,maid,performer,1,False
char__horseflies,char__rabid_wolf,horseflies,rabid wolf,1,False
char__colorful_bird,char__fox,colorful bird,fox,1,False
char__laborsmen,char__poor_subsistence_farmer,laborsmen,poor subsistence farmer,1,False
char__resting_travelers,char__teacher,resting travelers,teacher,1,False
char__altar_boy,char__cardinal,altar boy,cardinal,1,False
char__agricultural_advisor,char__military_commander,agricultural advisor,military commander,1,False
char__mermaid,char__tourist,mermaid,tourist,1,False
char__homeless_person,char__master_wizard,homeless person,master wizard,1,False
char__pelican,char__witch,pelican,witch,1,False
char__fox_trying_to_steal_chickens,char__villager,fox trying to steal chickens,villager,1,False
char__captain,char__guard,captain,guard,1,False
char__milk_maid,char__townperson,milk maid,townperson,1,False
char__courtier,char__his_father,courtier,his father,2,False
char__kid,char__small_child_cleaning_boat,kid,small child cleaning boat,1,False
char__parent,char__person,parent,person,1,False
char__farmer,char__fisher,farmer,fisher,1,False
char__nobel,char__preist,nobel,preist,2,False
char__mother,char__person,mother,person,1,False
char__mayor,char__mischievous_teenager,mayor,mischievous teenager,1,False
char__cooker,char__mourner,cooker,mourner,1,False
char__caveman,char__historian,caveman,historian,1,False
char__iguana,char__villager,iguana,villager,2,False
char__captain,char__scalawag,captain,scalawag,1,False
char__battle_master,char__servant,battle master,servant,1,False
char__executioner,char__queen,executioner,queen,1,False
char__guy_with_the_key_when_he_lets_in_the_king,char__wise_woman,guy with the key when he lets in the king,wise woman,1,False
char__king_s_horses,char__veterinarian,king's horses,veterinarian,1,False
char__royal_family,char__visitor,royal family,visitor,1,False
char__rat,char__traitor,rat,traitor,1,False
char__farmer,char__rabbit,farmer,rabbit,1,False
char__alien,char__peacock,alien,peacock,1,False
char__horse,char__juror,horse,juror,1,False
char__lizards,char__soul,lizards,soul,1,False
char__guard,char__young_princess,guard,young princess,1,False
char__royal_family_member,char__servant,royal family member,servant,1,False
char__cleaning_maid,char__monk,cleaning maid,monk,1,False
char__snake,char__vagrants,snake,vagrants,1,False
char__thief,char__turtles,thief,turtles,1,False
char__care_taker,char__zombies,care taker,zombies,1,False
char__artists,char__royal_family,artists,royal family,2,False
char__ancient_savage_chieftan,char__weapons_master,ancient savage chieftan,weapons master,1,False
char__creature,char__wealthy_bookshop_owner,creature,wealthy bookshop owner,1,False
char__animal,char__kings,animal,kings,1,False
char__chained_cat,char__congregant,chained cat,congregant,1,False
char__dogs,char__horse,dogs,horse,2,False
char__criminal,char__executioner,criminal,executioner,1,False
char__peasant,char__wrongdoer,peasant,wrongdoer,1,False
char__old_woman,char__temple_members,old woman,temple members,1,False
char__inhabitant,char__priest,inhabitant,priest,1,False
char__bird,char__man,bird,man,1,False
char__king,char__spiders,king,spiders,1,True
char__farmer_bob,char__person,farmer bob,person,1,False
char__ox,char__pheasant,ox,pheasant,1,False
char__member,char__parishioner,member,parishioner,1,False
char__archaeologist,char__archer,archaeologist,archer,1,False
char__knight_in_shining_armor,char__peasant,knight in shining armor,peasant,1,False
char__cardinal,char__king,cardinal,king,1,True
char__peasant,char__watcher,peasant,watcher,1,False
char__bandit,char__person,bandit,person,1,False
char__alter_boy,char__dragon_who_breathes_fire_and_won_t_let_her_out,alter boy,dragon who breathes fire and won't let her out,1,False
char__big_sheep_like_brown_dog,char__vagrants,big sheep-like brown dog,vagrants,1,False
char__fishermen,char__madam_and_her_girls,fishermen,madam and her girls,1,False
char__small_living_thing,char__squirrel,small living thing,squirrel,1,False
char__beggar,char__weary_traveler,beggar,weary traveler,1,False
char__man,char__vendor,man,vendor,1,False
char__peasant,char__vendor,peasant,vendor,1,False
char__carpenter,char__monk,carpenter,monk,1,False
char__attendee,char__thief,attendee,thief,1,False
char__child_lost_from_his_mother,char__peasant,child lost from his mother,peasant,1,False
char__archer,char__wealthy_bookshop_owner,archer,wealthy bookshop owner,1,False
char__dogs,char__woman,dogs,woman,1,False
char__helpers,char__sailor,helpers,sailor,1,False
char__officer,char__rat,officer,rat,1,False
char__customer,char__shop_keeper,customer,shop keeper,1,False
char__king_s_architect,char__wizard,king's architect,wizard,1,False
char__hunting_dog,char__priest,hunting dog,priest,1,False
char__fox,char__insects,fox,insects,1,False
char__mysterious_merchant,char__person,mysterious merchant,person,1,False
char__helpers,char__king,helpers,king,1,True
char__man,char__spirit,man,spirit,1,False
char__member,char__prisoner,member,prisoner,1,False
char__fairy,char__prince,fairy,prince,1,False
char__deer,char__thief,deer,thief,1,False
char__child,char__monk,child,monk,1,False
char__families,char__grounds_keeper,families,grounds keeper,1,False
char__mother,char__wife,mother,wife,1,False
char__denizen,char__person,denizen,person,1,False
char__court_jester,char__war_officer,court jester,war officer,1,False
char__prisoner,char__town_baker,prisoner,town baker,1,False
char__executioner,char__warrior,executioner,warrior,1,False
char__frightened_rat,char__servant,frightened rat,servant,1,False
char__challenger,char__mistress,challenger,mistress,1,False
char__people,char__rabbit,people,rabbit,1,False
char__outlaw,char__watchman,outlaw,watchman,1,False
char__runaway,char__spider,runaway,spider,1,False
char__captured_knight,char__local,captured knight,local,1,False
char__merchant,char__witch,merchant,witch,1,False
char__member,char__monkey,member,monkey,1,False
char__jester,char__old_man_with_a_fishing_rod,jester,old man with a fishing rod,1,False
char__owl,char__traveler,owl,traveler,1,False
char__hoakbera,char__rabbit,hoakbera,rabbit,1,False
char__archer,char__noble,archer,noble,1,False
char__pet_cat,char__priest,pet cat,priest,1,False
char__master_at_arms,char__mayor,master at arms,mayor,1,False
char__criminal,char__ghost,criminal,ghost,1,False
char__pope,char__priest,pope,priest,1,False
char__flirty_barmaid,char__sword_makers,flirty barmaid,sword makers,1,False
char__nuns,char__priest,nuns,priest,1,False
char__knight,char__nuns,knight,nuns,1,False
char__inhabitant,char__person,inhabitant,person,1,False
char__horse,char__lord,horse,lord,1,False
char__choir_room,char__thief,choir room,thief,1,False
char__animal,char__subject,animal,subject,1,False
char__spelunker,char__waiting_priest,spelunker,waiting priest,1,False
char__bishop,char__wolf,bishop,wolf,1,False
char__knight,char__wizard,knight,wizard,1,False
char__person,char__squire,person,squire,1,False
char__enemy_king,char__royal_family,enemy king,royal family,1,False
char__faerie,char__knight,faerie,knight,1,False
char__rat,char__worshipper,rat,worshipper,1,False
char__monkey_friend,char__outlaw,monkey friend,outlaw,1,False
char__snakes,char__tadpole,snakes,tadpole,1,False
char__governor,char__wench,governor,wench,1,False
char__concubine,char__squirrel,concubine,squirrel,1,False
char__animal,char__daughter,animal,daughter,1,False
char__noble,char__prince,noble,prince,1,False
char__dragon,char__kid,dragon,kid,1,False
char__head_monk,char__mother,head monk,mother,1,False
char__child,char__frog,child,frog,1,False
char__queen,char__thief,queen,thief,1,False
char__craftsman,char__priest,craftsman,priest,1,False
char__explorer,char__torture_master,explorer,torture master,1,False
char__horse,char__mariner,horse,mariner,1,False
char__hiker,char__master_at_arms,hiker,master at arms,1,False
char__war_officer,char__wise_men,war officer,wise men,1,False
char__one_unicorn,char__teacher,one unicorn,teacher,1,False
char__clergyman,char__horse_tied_up_in_front_of_a_shop,clergyman,horse tied up in front of a shop,1,False
char__chicken,char__geese,chicken,geese,1,False
char__cardinal,char__hunter,cardinal,hunter,2,False
char__cook,char__girl,cook,girl,1,False
char__attendee,char__dog,attendee,dog,1,False
char__armorer,char__genie,armorer,genie,1,False
char__family,char__messenger,family,messenger,1,False
char__knight,char__pet_bird,knight,pet bird,1,False
char__archer,char__priests,archer,priests,1,False
char__hunting_dog,char__painter,hunting dog,painter,1,False
char__beast,char__bird,beast,bird,1,False
char__fisherman,char__small_aggressive_looking_dog,fisherman,small aggressive-looking dog,1,False
char__cavalry,char__person,cavalry,person,1,False
char__person,char__there_is_also_a_young_woman_selling_flowers_to_passersby,person,there is also a young woman selling flowers to passersby,1,False
char__local_merchant,char__woman,local merchant,woman,1,False
char__guard,char__woman,guard,woman,1,False
char__adventurer,char__sea_witch,adventurer,sea witch,1,False
char__dwarf,char__fellow_traveler,dwarf,fellow traveler,1,False
char__insects,char__ornate_birds,insects,ornate birds,1,False
char__ghost,char__spirit,ghost,spirit,1,False
char__gnome,char__noble,gnome,noble,1,False
char__pet_dog,char__rabid_rat,pet dog,rabid rat,1,False
char__captain_of_the_guard,char__king,captain of the guard,king,1,True
char__archer,char__town_sheriff,archer,town sheriff,1,False
char__cypher_the_dragon,char__goddess,cypher the dragon,goddess,1,False
char__mischievous_teenager,char__wife,mischievous teenager,wife,1,False
char__castaway,char__insects,castaway,insects,1,False
char__barn_cat,char__person,barn cat,person,1,False
char__concubine,char__grandmother,concubine,grandmother,1,False
char__advisor,char__queen,advisor,queen,1,False
char__people,char__squirrel,people,squirrel,1,False
char__farmer,char__soldier,farmer,soldier,1,False
char__towns_folk,char__wife,towns folk,wife,1,False
char__rat,char__wrongdoer,rat,wrongdoer,1,False
char__chicken,char__child,chicken,child,1,False
char__mouse,char__person,mouse,person,1,False
char__offender,char__spider,offender,spider,1,False
char__bat,char__person,bat,person,2,False
char__electric_eel,char__person,electric eel,person,1,False
char__bedbug,char__town_baker_s_child,bedbug,town baker's child,1,False
char__colorful_bird,char__monkey,colorful bird,monkey,2,False
char__person,char__traveller,person,traveller,1,False
char__beggar,char__head_priest,beggar,head priest,1,False
char__priest,char__waiting_priest,priest,waiting priest,2,False
char__guard,char__homeless_person,guard,homeless person,1,False
char__king,char__lady,king,lady,1,True
char__adventurer,char__people,adventurer,people,1,False
char__foreign_ambassador,char__subjects,foreign ambassador,subjects,1,False
char__alter_boy,char__organist,alter boy,organist,1,False
char__god,char__stray_dogs,god,stray dogs,1,False
char__bird,char__tadpole,bird,tadpole,1,False
char__chef,char__peasant,chef,peasant,1,False
char__monk,char__villager,monk,villager,1,False
char__crow,char__family_member,crow,family member,1,False
char__bloodied_prisoner,char__small_child_cleaning_boat,bloodied prisoner,small child cleaning boat,1,False
char__preacher,char__troop,preacher,troop,1,False
char__caretaker,char__gardener,caretaker,gardener,1,False
char__guest,char__mother,guest,mother,1,False
char__king_s_guardsmen,char__wench,king's guardsmen,wench,2,False
char__child,char__powerful_but_aged_wizard,child,powerful but aged wizard,1,False
char__king_s_brother,char__visitor,king's brother,visitor,1,False
char__maggot,char__mosquito,maggot,mosquito,1,False
char__sons,char__well_off_business_man,sons,well off business man,1,False
char__archaeologists,char__fierce_assassin,archaeologists,fierce assassin,1,False
char__chambermaid,char__mouse,chambermaid,mouse,1,False
char__army,char__squire,army,squire,1,False
char__ghost,char__worker,ghost,worker,1,False
char__archer,char__wolves,archer,wolves,1,False
char__freind,char__high_priestess,freind,high priestess,1,False
char__janitor,char__wench,janitor,wench,1,False
char__chamber_maid,char__queen,chamber maid,queen,1,False
char__juror,char__king,juror,king,1,True
char__lizards,char__skeleton,lizards,skeleton,1,False
char__rat,char__royal_family_member,rat,royal family member,1,False
char__high_priestess,char__pastor,high priestess,pastor,1,False
char__grandmother,char__prisoner,grandmother,prisoner,1,False
char__church_mouse,char__pet_bird,church mouse,pet bird,1,False
char__fisherman,char__peasant,fisherman,peasant,1,False
char__hawk,char__weapons_master,hawk,weapons master,1,False
char__general_defending_the_tower,char__gravedigger,general defending the tower,gravedigger,1,False
char__family_member,char__mouse,family member,mouse,1,False
char__god,char__hiker,god,hiker,1,False
char__family_dog,char__person,family dog,person,1,False
char__member,char__old_men,member,old men,1,False
char__chicken,char__turkey,chicken,turkey,1,False
char__cook,char__cooks,cook,cooks,1,False
char__craftsman,char__thief,craftsman,thief,1,False
char__deer,char__hunter,deer,hunter,1,False
char__bandit,char__rodent,bandit,rodent,1,False
char__his_horse,char__vendor,his horse,vendor,1,False
char__king_s_child,char__servant,king's child,servant,1,False
char__fishermen,char__lizards,fishermen,lizards,1,False
char__amphibian,char__fish,amphibian,fish,1,False
char__bear,char__small_living_thing,bear,small living thing,1,False
char__old_gnaisha,char__traveler,old gnaisha,traveler,1,False
char__peasant,char__pond_visitor,peasant,pond visitor,1,False
char__dog,char__dogs,dog,dogs,1,False
char__farm_hand,char__fish,farm hand,fish,1,False
char__dogs,char__pastry_chef,dogs,pastry chef,1,False
char__beetle,char__high_priestess,beetle,high priestess,1,False
char__bird,char__empress,bird,empress,1,False
char__farmers,char__sneaky_thief,farmers,sneaky thief,1,False
char__townsperson,char__wizard,townsperson,wizard,1,False
char__maid,char__member,maid,member,1,False
char__albino_fish_totally_blind_swims_in_a_tiny_pool,char__resident,albino fish totally blind swims in a tiny pool,resident,1,False
char__bartender,char__hunter,bartender,hunter,1,False
char__fox,char__rabbit,fox,rabbit,1,False
char__pirate,char__trader,pirate,trader,1,False
char__advisor,char__napping_mouse,advisor,napping mouse,1,False
char__blacksmith_apprentice,char__dog,blacksmith apprentice,dog,2,False
char__police,char__tribesman,police,tribesman,1,False
char__bishop,char__war_officer,bishop,war officer,1,False
char__bird,char__thief,bird,thief,1,False
char__beggar,char__egyptians,beggar,egyptians,1,False
char__ghost,char__old_homeless_man,ghost,old homeless man,1,False
char__family,char__monk,family,monk,1,False
char__criminal,char__duke,criminal,duke,1,False
char__gnome,char__person,gnome,person,1,False
char__family,char__villager,family,villager,1,False
char__deer,char__leader,deer,leader,1,False
char__bodyguard,char__servant,bodyguard,servant,1,False
char__altar_boy,char__handmaid,altar boy,handmaid,1,False
char__miner,char__sell_swords,miner,sell swords,1,False
char__merchant,char__queen,merchant,queen,1,False
char__gardener,char__princess,gardener,princess,1,False
char__knight,char__worker,knight,worker,1,False
char__horse_tied_up_in_front_of_a_shop,char__sons,horse tied up in front of a shop,sons,1,False
char__guard,char__mouse,guard,mouse,1,False
char__god,char__local,god,local,1,False
char__daughter,char__merchant,daughter,merchant,1,False
char__beaver,char__member,beaver,member,1,False
char__sad_woman,char__watchman,sad woman,watchman,1,False
char__evil_priestess,char__traveler,evil priestess,traveler,1,False
char__lizard,char__vulture,lizard,vulture,1,False
char__alligator,char__bird,alligator,bird,1,False
char__princess,char__rat,princess,rat,1,False
char__camel,char__member,camel,member,1,False
char__princess,char__spider,princess,spider,1,False
char__cleaning_maid,char__wolf,cleaning maid,wolf,1,False
char__dancer,char__resident,dancer,resident,1,False
char__soldiers,char__weary_traveler,soldiers,weary traveler,2,False
char__guard,char__queen_s,guard,queen's,1,False
char__poor_subsistence_farmer,char__traveler,poor subsistence farmer,traveler,1,False
char__bat_queen,char__person,bat queen,person,1,False
char__mouse,char__noble,mouse,noble,1,False
char__chicken,char__woman,chicken,woman,1,False
char__altar_boy,char__monarch,altar boy,monarch,1,False
char__court_jester,char__groundskeeper_of_the_castle,court jester,groundskeeper of the castle,1,False
char__musician,char__person,musician,person,1,False
char__acolyte,char__wolf,acolyte,wolf,1,False
char__baby_shower,char__guest,baby shower,guest,1,False
char__member,char__royal_family,member,royal family,1,False
char__merchant,char__wife,merchant,wife,1,False
char__blacksmith,char__dragon,blacksmith,dragon,1,False
char__cow,char__worms,cow,worms,1,False
char__soldier,char__wall,soldier,wall,1,False
char__knight,char__masked_torturer,knight,masked torturer,1,False
char__thief,char__traders,thief,traders,1,False
char__assistant,char__priest,assistant,priest,1,False
char__groundskeeper,char__noble,groundskeeper,noble,1,False
char__inhabitant,char__princess,inhabitant,princess,1,False
char__animal,char__exiled_person,animal,exiled person,1,False
char__cat,char__townperson,cat,townperson,1,False
char__fisherman,char__guest,fisherman,guest,1,False
char__horse,char__parent,horse,parent,1,False
char__boy,char__otter,boy,otter,1,False
char__king,char__traveler,king,traveler,2,True
char__christian_villagers,char__ghost,christian villagers,ghost,1,False
char__evil_witch,char__mother,evil witch,mother,1,False
char__miner,char__wild_boar,miner,wild boar,1,False
char__knight,char__outlaw,knight,outlaw,1,False
char__hiker,char__people_saved_by_the_paladinsa,hiker,people saved by the paladinsa,1,False
char__pelican,char__wise_men,pelican,wise men,1,False
char__maid,char__rich_king,maid,rich king,1,False
char__doctor,char__midget,doctor,midget,1,False
char__outlaw,char__parishioner,outlaw,parishioner,1,False
char__horse_tied_up_in_front_of_a_shop,char__wealthy_bookshop_owner,horse tied up in front of a shop,wealthy bookshop owner,1,False
char__cow,char__geese,cow,geese,1,False
char__member,char__priests,member,priests,1,False
char__battle,char__craftsman,battle,craftsman,1,False
char__attendee,char__local_bazaar,attendee,local bazaar,1,False
char__genie,char__nuns,genie,nuns,1,False
char__traveler,char__traveller,traveler,traveller,1,False
char__lady_of_the_house_coming_to_greet_you,char__messenger,lady of the house coming to greet you,messenger,1,False
char__king,char__lord_chamberlain,king,lord chamberlain,1,True
char__bird,char__monster,bird,monster,1,False
char__deity,char__vagrants,deity,vagrants,1,False
char__kings_bodyguard,char__servant,kings bodyguard,servant,1,False
char__dog,char__fisherman,dog,fisherman,1,False
char__masked_torturer,char__royalty,masked torturer,royalty,1,False
char__enemy,char__monarch,enemy,monarch,1,False
char__ambassador,char__mariner,ambassador,mariner,1,False
char__customer,char__dragon_who_breathes_fire_and_won_t_let_her_out,customer,dragon who breathes fire and won't let her out,1,False
char__owl,char__peasant,owl,peasant,1,False
char__lizard,char__troll,lizard,troll,1,False
char__dungeon_master,char__rat,dungeon master,rat,1,False
char__flirty_barmaid,char__mystical_lion,flirty barmaid,mystical lion,1,False
char__witch,char__wolves,witch,wolves,1,False
char__deity,char__mice,deity,mice,1,False
char__king,char__ornate_birds,king,ornate birds,1,True
char__butterfly,char__fairy,butterfly,fairy,1,False
char__bedroom,char__family_member,bedroom,family member,1,False
char__animal,char__raccoon,animal,raccoon,1,False
char__christian_villagers,char__fish,christian villagers,fish,1,False
char__assistant_chef,char__mischievous_teenager,assistant chef,mischievous teenager,1,False
char__king_fulmer,char__traveler,king fulmer,traveler,1,False
char__bodyguard,char__person,bodyguard,person,1,False
char__rat,char__worms,rat,worms,1,False
char__friend_of_the_princess,char__princess,friend of the princess,princess,1,False
char__eunuch,char__pelican,eunuch,pelican,1,False
char__resident,char__royal_family,resident,royal family,1,False
char__person,char__potion,person,potion,1,False
char__gamekeeper,char__pastry_chef,gamekeeper,pastry chef,1,False
char__people,char__snakes,people,snakes,1,False
char__gardener,char__masons,gardener,masons,1,False
char__deckhand,char__mate,deckhand,mate,1,False
char__bug,char__shipwrecked_survivor,bug,shipwrecked survivor,1,False
char__animal,char__caveman,animal,caveman,2,False
char__assassin,char__noble,assassin,noble,1,False
char__lord,char__stable_boy_rushing_in_to_alert_the_knight,lord,stable boy rushing in to alert the knight,1,False
char__prince,char__sword_makers,prince,sword makers,1,False
char__animal,char__cat,animal,cat,1,False
char__flies,char__ghosts_of_previous_occupants,flies,ghosts of previous occupants,1,False
char__creature,char__gator,creature,gator,1,False
char__bride,char__king,bride,king,1,True
char__evil_priestess,char__usher,evil priestess,usher,1,False
char__blacksmith,char__inn_keeper,blacksmith,inn keeper,1,False
char__dog,char__worker,dog,worker,1,False
char__cat,char__dockworker,cat,dockworker,1,False
char__hound,char__old_wizened_priestess,hound,old wizened priestess,1,False
char__missionary,char__tourist,missionary,tourist,1,False
char__creature,char__homeless_person,creature,homeless person,1,False
char__local,char__old_man,local,old man,1,False
char__goblin_king_s_bartender,char__weddings,goblin king's bartender,weddings,1,False
char__cat,char__faerie,cat,faerie,1,False
char__proprietor,char__rival_jeweler,proprietor,rival jeweler,1,False
char__cut_throat,char__fisherman,cut throat,fisherman,1,False
char__animal_such_as_a_cat,char__queen,animal such as a cat,queen,1,False
char__guest,char__king_and_queen,guest,king and queen,1,False
char__monk,char__priests,monk,priests,1,False
char__fighters,char__knight,fighters,knight,1,False
char__alchemist,char__crow,alchemist,crow,1,False
char__mother,char__queen,mother,queen,1,False
char__enemy_king,char__small_child_cleaning_boat,enemy king,small child cleaning boat,1,False
char__child,char__president,child,president,1,False
char__insects,char__troll,insects,troll,1,False
char__gods,char__servant,gods,servant,1,False
char__family_member,char__pig,family member,pig,1,False
char__princess,char__villagers,princess,villagers,1,False
char__lone_captain,char__pirate,lone captain,pirate,1,False
char__archaeologists,char__vagrants,archaeologists,vagrants,1,False
char__infant,char__king,infant,king,1,True
char__fat_rats,char__villagers,fat rats,villagers,1,False
char__god_of_their_pagan_religion,char__no_one,god of their pagan religion,no one,1,False
char__miner,char__monster,miner,monster,1,False
char__skeleton,char__traitor,skeleton,traitor,1,False
char__alien,char__chief_wife,alien,chief wife,1,False
char__servant,char__townsperson,servant,townsperson,1,False
char__bartender,char__farmers,bartender,farmers,1,False
char__church_mouse,char__they_are_not_quite_outcast,church mouse,they are not quite outcast,1,False
char__demon,char__flies,demon,flies,1,False
char__rat,char__skeleton,rat,skeleton,1,False
char__boatswain,char__guard,boatswain,guard,1,False
char__horse,char__rabbit,horse,rabbit,1,False
char__inhabitant,char__servant,inhabitant,servant,1,False
char__church_mouse,char__scribe,church mouse,scribe,1,False
char__frog,char__peasant,frog,peasant,1,False
char__care_taker,char__peasant,care taker,peasant,1,False
char__mystical_dragon,char__prisoner,mystical dragon,prisoner,1,False
char__bat,char__witch,bat,witch,1,False
char__castle_guards,char__trader,castle guards,trader,1,False
char__congregant,char__judge,congregant,judge,1,False
char__cat,char__queen,cat,queen,1,False
char__man,char__traveler,man,traveler,2,False
char__tavern_owner,char__villager,tavern owner,villager,1,False
char__lady_in_waiting,char__pope,lady in waiting,pope,1,False
char__queen,char__their_family,queen,their family,1,False
char__bird,char__servant,bird,servant,1,False
char__deer,char__ox,deer,ox,2,False
char__archer,char__challenger,archer,challenger,1,False
char__goat,char__turkey,goat,turkey,1,False
char__grazing_milk_cow_in_the_background,char__king,grazing milk cow in the background,king,1,True
char__man,char__rat,man,rat,1,False
char__choirboy,char__his_horse,choirboy,his horse,1,False
char__bird,char__tourist,bird,tourist,1,False
char__cow,char__witch,cow,witch,1,False
char__local,char__priests,local,priests,1,False
char__local_merchant,char__parishioner,local merchant,parishioner,1,False
char__dogs,char__maid,dogs,maid,1,False
char__jailer,char__warrior,jailer,warrior,1,False
char__child_lost_from_his_mother,char__traveling_salesmen_stopping_for_a_drink,child lost from his mother,traveling salesmen stopping for a drink,1,False
char__king_himself,char__villager,king himself,villager,1,False
char__ambassador,char__bighorn_sheep,ambassador,bighorn sheep,1,False
char__jacob,char__organ_player,jacob,organ player,1,False
char__farmers,char__hangman,farmers,hangman,1,False
char__governor,char__people,governor,people,1,False
char__bird,char__cypher_the_dragon,bird,cypher the dragon,1,False
char__fish,char__guard,fish,guard,2,False
char__mage,char__nun,mage,nun,1,False
char__nobleman,char__priestess,nobleman,priestess,1,False
char__bat,char__gravedigger,bat,gravedigger,1,False
char__dungeon_master,char__king,dungeon master,king,1,True
char__family,char__gods,family,gods,1,False
char__altar_boy,char__ghost,altar boy,ghost,1,False
char__alligator,char__monk,alligator,monk,1,False
char__mother,char__nurse,mother,nurse,1,False
char__librarian,char__nobel,librarian,nobel,1,False
char__captain,char__lone_captain,captain,lone captain,1,False
char__king,char__king_s_brother,king,king's brother,1,True
char__knight,char__lizards,knight,lizards,1,False
char__princess,char__royal_family,princess,royal family,1,False
char__foreman_ordering_his_workers,char__shipwright,foreman ordering his workers,shipwright,1,False
char__deer,char__dog,deer,dog,1,False
char__mistress,char__queen,mistress,queen,1,False
char__mountain_goat,char__priests,mountain goat,priests,1,False
char__fisherman,char__gypsy,fisherman,gypsy,1,False
char__cockroach,char__rat,cockroach,rat,1,False
char__evil_witch,char__ghost,evil witch,ghost,1,False
char__pet,char__vagabond,pet,vagabond,1,False
char__advisor,char__king,advisor,king,1,True
char__animal,char__horseflies,animal,horseflies,1,False
char__king,char__nobles,king,nobles,1,True
char__butterfly,char__chameleon,butterfly,chameleon,1,False
char__homeless_person,char__jesters,homeless person,jesters,1,False
char__alien,char__enemy,alien,enemy,1,False
char__archer,char__explorer,archer,explorer,1,False
char__bandit,char__friends,bandit,friends,1,False
char__fighters,char__servant,fighters,servant,1,False
char__cleaning_person,char__royal_member,cleaning person,royal member,1,False
char__noble,char__person,noble,person,1,False
char__ambassador,char__knight,ambassador,knight,1,False
char__empress,char__soldier,empress,soldier,1,False
char__captain,char__knight,captain,knight,1,False
char__gardener,char__peasant,gardener,peasant,1,False
char__girl,char__person,girl,person,1,False
char__lands_lord,char__soldier,lands lord,soldier,1,False
char__boat_workers,char__high_sorceress,boat workers,high sorceress,1,False
char__lazy_insects,char__old_man_with_a_fishing_rod,lazy insects,old man with a fishing rod,1,False
char__masked_torturer,char__prisoner,masked torturer,prisoner,1,False
char__fish,char__leader,fish,leader,1,False
char__king,char__king_s_trusted_adviser,king,king's trusted adviser,1,True
char__master_at_arms,char__scullery_maid,master at arms,scullery maid,1,False
char__bat,char__footman,bat,footman,1,False
char__merchant,char__people,merchant,people,1,False
char__grass_snake,char__rat,grass snake,rat,1,False
char__butler,char__chef,butler,chef,1,False
char__knight,char__town_baker,knight,town baker,1,False
char__person,char__queen_s_subject,person,queen's subject,1,False
char__insect,char__priest,insect,priest,1,False
char__big_sheep_like_brown_dog,char__server,big sheep-like brown dog,server,1,False
char__entertainer,char__villager,entertainer,villager,1,False
char__dog,char__knight_captain_or_general_that_may_oversee_the_guards,dog,knight captain or general that may oversee the guards,1,False
char__cooks,char__guest,cooks,guest,1,False
char__guard,char__pet_cat,guard,pet cat,1,False
char__grandmother,char__merchant,grandmother,merchant,1,False
char__royal_chef,char__vigilant_guard,royal chef,vigilant guard,1,False
char__father,char__noble,father,noble,1,False
char__bride,char__guard,bride,guard,1,False
char__faery,char__wealthy_bookshop_owner,faery,wealthy bookshop owner,1,False
char__butterfly,char__monkey,butterfly,monkey,1,False
char__dignitary,char__squire,dignitary,squire,1,False
char__man,char__queen,man,queen,1,False
char__family_dog,char__watchman,family dog,watchman,1,False
char__monk,char__small_living_thing,monk,small living thing,1,False
char__god,char__maid,god,maid,1,False
char__farmer,char__squirrel,farmer,squirrel,1,False
char__future_heir_to_the_throne,char__servant,future heir to the throne,servant,1,False
char__member,char__small_living_thing,member,small living thing,1,False
char__sheep,char__visitor,sheep,visitor,1,False
char__empress,char__sister,empress,sister,1,False
char__king,char__nobel,king,nobel,1,True
char__family_member,char__talking_cat,family member,talking cat,1,False
char__challenger,char__dragon,challenger,dragon,1,False
char__dog,char__tribe_chief,dog,tribe chief,1,False
char__bishop,char__priest_s_mistress,bishop,priest's mistress,1,False
char__enemy,char__staircase,enemy,staircase,1,False
char__baby,char__mate,baby,mate,1,False
char__light,char__queen,light,queen,1,False
char__mourner,char__ogre,mourner,ogre,1,False
char__grave_digger,char__salesman,grave digger,salesman,1,False
char__flirty_barmaid,char__old_maniacal_man,flirty barmaid,old maniacal man,1,False
char__groom,char__royal_family,groom,royal family,1,False
char__frog,char__knight,frog,knight,1,False
char__pastor,char__witch,pastor,witch,1,False
char__pheasant,char__servant,pheasant,servant,2,False
char__his_wolf_companion_always_at_his_side,char__merchant,his wolf companion always at his side,merchant,1,False
char__person,char__wench,person,wench,1,False
char__grazing_milk_cow_in_the_background,char__guard,grazing milk cow in the background,guard,1,False
char__drunk,char__groundskeeper_who_keeps_the_field_clean_and_the_grass_trimmed_for_the_archers_who_train,drunk,groundskeeper who keeps the field clean and the grass trimmed for the archers who train,1,False
char__bat,char__troll,bat,troll,1,False
char__altar_boy,char__local_villagers,altar boy,local villagers,1,False
char__horse,char__mouse,horse,mouse,1,False
char__cook,char__wall,cook,wall,1,False
char__loving_wife,char__stray_cat,loving wife,stray cat,1,False
char__jacob,char__traveler,jacob,traveler,1,False
char__guest,char__townsperson,guest,townsperson,1,False
char__peasant,char__squire,peasant,squire,1,False
char__girl,char__traveler,girl,traveler,1,False
char__alchemist,char__pope,alchemist,pope,1,False
char__king,char__preist,king,preist,1,True
char__woman,char__worshipper,woman,worshipper,1,False
char__dogs,char__police,dogs,police,1,False
char__high_priestess,char__weddings,high priestess,weddings,1,False
char__executioners,char__town_sheriff,executioners,town sheriff,1,False
char__nuns,char__sister,nuns,sister,1,False
char__chicken,char__individual,chicken,individual,1,False
char__deer,char__servant,deer,servant,1,False
char__criminal,char__enemy,criminal,enemy,1,False
char__crocodiles,char__dragon_who_breathes_fire_and_won_t_let_her_out,crocodiles,dragon who breathes fire and won't let her out,1,False
char__barn_cat,char__lost_traveler,barn cat,lost traveler,1,False
char__ladies,char__masons,ladies,masons,1,False
char__priest,char__repentant_person,priest,repentant person,1,False
char__child,char__nurse,child,nurse,1,False
char__critter,char__traveler,critter,traveler,1,False
char__goat,char__organism,goat,organism,1,False
char__grandmother,char__sister,grandmother,sister,1,False
char__king,char__staircase,king,staircase,1,True
char__parent,char__tribesman,parent,tribesman,1,False
char__pet_dog,char__villager,pet dog,villager,1,False
char__god,char__steward,god,steward,1,False
char__lizard,char__scorpion,lizard,scorpion,1,False
char__cat,char__wealthy_bookshop_owner,cat,wealthy bookshop owner,1,False
char__priest,char__weapons_master,priest,weapons master,1,False
char__hog,char__rat,hog,rat,1,False
char__lone_captain,char__parrot,lone captain,parrot,1,False
char__lady,char__nun,lady,nun,1,False
char__frog,char__table,frog,table,1,False
char__armed_guardsmen,char__court_wizard,armed guardsmen,court wizard,1,False
char__cockroach,char__seaman,cockroach,seaman,1,False
char__cooker,char__secret_lovers_seeking_privacy,cooker,secret lovers seeking privacy,1,False
char__man,char__pope,man,pope,1,False
char__goblin,char__rodent,goblin,rodent,1,False
char__dirty_stone,char__peasant,dirty stone,peasant,1,False
char__craftsman,char__wise_woman,craftsman,wise woman,1,False
char__cat,char__ox,cat,ox,1,False
char__inn_keeper,char__traveler,inn keeper,traveler,1,False
char__archer,char__priest,archer,priest,1,False
char__gardener,char__town_baker_s_child,gardener,town baker's child,1,False
char__drunkard,char__homeless,drunkard,homeless,1,False
char__boar,char__jacob,boar,jacob,1,False
char__grazing_milk_cow_in_the_background,char__there_is_also_a_young_woman_selling_flowers_to_passersby,grazing milk cow in the background,there is also a young woman selling flowers to passersby,1,False
char__bar_host,char__fox,bar host,fox,1,False
char__rat_chews_on_a_dropped_hymnbook,char__scullery_boy,rat chews on a dropped hymnbook,scullery boy,1,False
char__bee,char__monkey,bee,monkey,1,False
char__battle_master,char__king,battle master,king,1,True
char__chambermaid,char__lady_in_waiting,chambermaid,lady in waiting,1,False
char__guest,char__woman,guest,woman,1,False
char__farmers,char__resting_travelers,farmers,resting travelers,1,False
char__blacksmiths,char__tanner,blacksmiths,tanner,3,False
char__kings,char__person,kings,person,7,False
char__hunter,char__wyvern,hunter,wyvern,6,False
char__king_checking_in_on_his_outpost,char__pet,king checking in on his outpost,pet,1,False
char__hunter,char__thief,hunter,thief,2,False
char__give_the_form_of_only_the_word,char__party,give the form of only the word,party,3,False
char__court_wizard,char__parent,court wizard,parent,1,False
char__scavenger,char__spider,scavenger,spider,1,False
char__dark_king,char__shipwrecked_survivor,dark king,shipwrecked survivor,1,False
char__dwarf,char__ugly_toad,dwarf,ugly toad,5,False
char__criminal,char__stray_cat,criminal,stray cat,1,False
char__nun,char__reaper,nun,reaper,1,False
char__tour_guides,char__tourists,tour guides,tourists,4,False
char__creature,char__giant_toads,creature,giant toads,8,False
char__king,char__murderers,king,murderers,5,True
char__demon,char__merchant_who_sells_his_goods_at_the_most_popular_area_around,demon,merchant who sells his goods at the most popular area around,1,False
char__drunkard,char__man,drunkard,man,6,False
char__angel,char__man,angel,man,5,False
char__beast,char__undead_warrior,beast,undead warrior,3,False
char__polar_bear,char__woolly_mammoth,polar bear,woolly mammoth,4,False
char__foolhardy_adventurer_who_came_to_check_out_the_ruins,char__former_resident_who_has_escaped_whatever_fate_befell_his_people_and_has_returned_home_to_look_for_other_survivors,foolhardy adventurer who came to check out the ruins,former resident who has escaped whatever fate befell his people and has returned home to look for other survivors,2,False
char__courtier,char__fisherman,courtier,fisherman,1,False
char__mistress,char__small_foxes_who_have_made_the_ice_cave_their_home,mistress,small foxes who have made the ice cave their home,1,False
char__swamp_monster,char__witch,swamp monster,witch,3,False
char__cat,char__faeries,cat,faeries,3,False
char__mouse,char__rat,mouse,rat,1,False
char__goblins,char__lizard,goblins,lizard,3,False
char__dark_lord,char__servant,dark lord,servant,5,False
char__king,char__souls,king,souls,1,True
char__bacteria,char__chef,bacteria,chef,1,False
char__long_dead_monk,char__priest,long dead monk,priest,3,False
char__creature,char__farmer,creature,farmer,1,False
char__dragon,char__joel,dragon,joel,6,False
char__bartender,char__citizen,bartender,citizen,9,False
char__maester_who_helps_keep_the_documents_in_order,char__people_in_the_observatory,maester who helps keep the documents in order,people in the observatory,4,False
char__dragon,char__wizard,dragon,wizard,10,False
char__blacksmith,char__thief,blacksmith,thief,1,False
char__homeless,char__hunter,homeless,hunter,4,False
char__formal,char__horse,formal,horse,1,False
char__dragon,char__squirrels,dragon,squirrels,3,False
char__king,char__son,king,son,3,True
char__elf,char__visitor,elf,visitor,2,False
char__polar_bear,char__scavenger,polar bear,scavenger,4,False
char__apprentice,char__cat,apprentice,cat,2,False
char__person,char__wizard_of_the_town,person,wizard of the town,5,False
char__traveler,char__wizards,traveler,wizards,5,False
char__adventurer,char__animal,adventurer,animal,1,False
char__ghouls,char__most_evil_creature,ghouls,most evil creature,5,False
char__souls,char__traveler,souls,traveler,1,False
char__pit_hound,char__sinners,pit hound,sinners,3,False
char__inhabitant,char__queen,inhabitant,queen,1,False
char__admiral,char__seagull,admiral,seagull,1,False
char__family_members,char__witch,family members,witch,4,False
char__person_of_the_wood,char__wizard,person of the wood,wizard,1,False
char__children,char__woman,children,woman,1,False
char__royal_guard,char__wizard,royal guard,wizard,1,False
char__faeries,char__man,faeries,man,5,False
char__mad_king,char__young_boy,mad king,young boy,1,False
char__pelican,char__scientist,pelican,scientist,1,False
char__diver,char__worker,diver,worker,5,False
char__fish,char__shark,fish,shark,2,False
char__merchant,char__surface_dweller,merchant,surface dweller,4,False
char__her_husband,char__queen,her husband,queen,1,False
char__torturer,char__visitor,torturer,visitor,1,False
char__guards_assigned_to_defend_the_abandoned_looking_camp,char__king_checking_in_on_his_outpost,guards assigned to defend the abandoned looking camp,king checking in on his outpost,4,False
char__deckhand,char__widow,deckhand,widow,1,False
char__dwarf,char__hobbit,dwarf,hobbit,2,False
char__criminal,char__mischievous_teenager,criminal,mischievous teenager,1,False
char__cleaning_maid,char__dark_king,cleaning maid,dark king,1,False
char__demonic_hound,char__reaper,demonic hound,reaper,4,False
char__serving_wench,char__tourists,serving wench,tourists,1,False
char__giant_toads,char__large_mosquito,giant toads,large mosquito,3,False
char__murderers,char__torturer,murderers,torturer,1,False
char__merchant_who_sells_his_goods_at_the_most_popular_area_around,char__other_travelers_coming_to_see_the_geothermal_valley,merchant who sells his goods at the most popular area around,other travelers coming to see the geothermal valley,5,False
char__man,char__owner,man,owner,1,False
char__saber_tooth_tiger,char__woolly_mammoth,saber tooth tiger,woolly mammoth,1,False
char__beast,char__giant_spider,beast,giant spider,4,False
char__former_resident_who_has_escaped_whatever_fate_befell_his_people_and_has_returned_home_to_look_for_other_survivors,char__seagull,former resident who has escaped whatever fate befell his people and has returned home to look for other survivors,seagull,1,False
char__figure,char__traveler,figure,traveler,1,False
char__bat,char__person_who_adventured_the_cave_but_has_been_injured_and_is_awaiting_either_a_rescuer_or_death,bat,person who adventured the cave but has been injured and is awaiting either a rescuer or death,1,False
char__person,char__treasure_seekers,person,treasure seekers,1,False
char__lizards,char__mouse,lizards,mouse,1,False
char__lizard,char__zombies,lizard,zombies,4,False
char__slave,char__souls,slave,souls,5,False
char__large_mosquito,char__trilobite,large mosquito,trilobite,1,False
char__adventurer,char__long_dead_monk,adventurer,long dead monk,5,False
char__children,char__families,children,families,1,False
char__dragon_rider,char__joel,dragon rider,joel,3,False
char__eccentric_astronomer_who_lives_in_the_tower,char__people_in_the_observatory,eccentric astronomer who lives in the tower,people in the observatory,3,False
char__blacksmith,char__vendor,blacksmith,vendor,2,False
char__ghosts,char__old_woman,ghosts,old woman,1,False
char__gather,char__homeless,gather,homeless,3,False
char__scavenger,char__yeti,scavenger,yeti,2,False
char__apprentice,char__wizard,apprentice,wizard,6,False
char__children,char__wizard_of_the_town,children,wizard of the town,2,False
char__adventurer,char__prisoner_of_the_troll,adventurer,prisoner of the troll,1,False
char__elf,char__princess,elf,princess,5,False
char__local,char__wizards,local,wizards,1,False
char__goddess,char__souls,goddess,souls,6,False
char__pit_guardian,char__sinners,pit guardian,sinners,4,False
char__inhabitant,char__lord_and_controller,inhabitant,lord and controller,5,False
char__gravekeeper,char__prisoners,gravekeeper,prisoners,1,False
char__person_of_the_wood,char__woodland_spirits,person of the wood,woodland spirits,7,False
char__mother,char__spider,mother,spider,3,False
char__king,char__royal_guard,king,royal guard,3,True
char__servant,char__young_boy,servant,young boy,1,False
char__large_eel,char__scientist,large eel,scientist,4,False
char__scientist,char__worker,scientist,worker,2,False
char__creature,char__fish,creature,fish,8,False
char__merchant,char__merperson,merchant,merperson,3,False
char__queen,char__royal_jester,queen,royal jester,1,False
char__dragon,char__others,dragon,others,1,False
char__king,char__torturer,king,torturer,6,True
char__hunter,char__shipwright,hunter,shipwright,1,False
char__curious_boy,char__treasure_hunter,curious boy,treasure hunter,1,False
char__brave_knight,char__spider,brave knight,spider,6,False
char__hobbit,char__magical_elf,hobbit,magical elf,2,False
char__criminal,char__prison_guard,criminal,prison guard,4,False
char__beggar,char__spirit,beggar,spirit,1,False
char__reaper,char__skeleton_assistant,reaper,skeleton assistant,4,False
char__pelican,char__zuric,pelican,zuric,1,False
char__citizen,char__merchant_who_sells_his_goods_at_the_most_popular_area_around,citizen,merchant who sells his goods at the most popular area around,1,False
char__bandit,char__beast,bandit,beast,1,False
char__former_resident_who_has_escaped_whatever_fate_befell_his_people_and_has_returned_home_to_look_for_other_survivors,char__queen,former resident who has escaped whatever fate befell his people and has returned home to look for other survivors,queen,1,False
char__animal,char__large_beast,animal,large beast,1,False
char__head_priest,char__marksman,head priest,marksman,1,False
char__his_wolf_companion_always_at_his_side,char__lector,his wolf companion always at his side,lector,1,False
char__faeries,char__mouse,faeries,mouse,1,False
char__large_creature,char__mouse,large creature,mouse,4,False
char__lizard,char__royal_family,lizard,royal family,1,False
char__trilobite,char__wife,trilobite,wife,1,False
char__children,char__polar_bear,children,polar bear,1,False
char__children,char__wife,children,wife,7,False
char__child,char__citizen,child,citizen,1,False
char__sword_maker,char__vendor,sword-maker,vendor,1,False
char__lazy_snake,char__old_woman,lazy snake,old woman,1,False
char__gather,char__hunter,gather,hunter,2,False
char__dragon,char__farmers,dragon,farmers,1,False
char__inn_keeper,char__son,inn keeper,son,2,False
char__general,char__wizard_of_the_town,general,wizard of the town,1,False
char__adventurer,char__troll,adventurer,troll,4,False
char__ghosts,char__most_evil_creature,ghosts,most evil creature,4,False
char__crypt_keeper,char__surface_dweller,crypt keeper,surface dweller,1,False
char__family_members,char__king,family members,king,1,True
char__family,char__ghost,family,ghost,1,False
char__angels,char__man,angels,man,6,False
char__old_wizened_priestess,char__young_boy,old wizened priestess,young boy,1,False
char__property_owner,char__worker,property owner,worker,3,False
char__merperson,char__surface_dweller,merperson,surface dweller,2,False
char__king_s_guard,char__queen,king's guard,queen,1,False
char__king,char__watchman,king,watchman,1,True
char__fletchers,char__tanner,fletchers,tanner,4,False
char__family,char__wyvern,family,wyvern,1,False
char__foxes,char__party,foxes,party,3,False
char__hunter,char__worker,hunter,worker,1,False
char__king_fulmer,char__treasure_hunter,king fulmer,treasure hunter,1,False
char__magical_elf,char__scavenger,magical elf,scavenger,1,False
char__brave_knight,char__cat,brave knight,cat,1,False
char__spider,char__ugly_toad,spider,ugly toad,1,False
char__criminal,char__torturer,criminal,torturer,3,False
char__dark_king,char__spirit,dark king,spirit,3,False
char__hermit,char__milkmaid,hermit,milkmaid,1,False
char__merchant_who_sells_his_goods_at_the_most_popular_area_around,char__spider,merchant who sells his goods at the most popular area around,spider,1,False
char__ladies,char__polar_bear,ladies,polar bear,1,False
char__dogs,char__pit_hound,dogs,pit hound,1,False
char__firemen,char__small_foxes_who_have_made_the_ice_cave_their_home,firemen,small foxes who have made the ice cave their home,1,False
char__armed_guardsmen,char__swamp_monster,armed guardsmen,swamp monster,1,False
char__elf,char__faeries,elf,faeries,5,False
char__demons,char__woman,demons,woman,4,False
char__bacteria,char__congregant,bacteria,congregant,1,False
char__owner,char__person,owner,person,2,False
char__king,char__local_villagers,king,local villagers,1,True
char__children,char__devil,children,devil,1,False
char__grandfather,char__people_in_the_observatory,grandfather,people in the observatory,1,False
char__crab,char__young_man,crab,young man,1,False
char__dragon,char__king_of,dragon,king of,1,False
char__reindeer,char__scavenger,reindeer,scavenger,1,False
char__damage_dealer,char__wizards,damage dealer,wizards,1,False
char__homeless_man,char__souls,homeless man,souls,2,False
char__animal,char__troll,animal,troll,1,False
char__companion,char__sinners,companion,sinners,1,False
char__acolyte,char__queen,acolyte,queen,1,False
char__family_members,char__servant,family members,servant,1,False
char__mouse,char__young_boy,mouse,young boy,1,False
char__scientist,char__shark,scientist,shark,4,False
char__merchant,char__mermaid,merchant,mermaid,1,False
char__murderer,char__watchman,murderer,watchman,2,False
char__queen,char__royal_family,queen,royal family,2,False
char__blacksmiths,char__fletchers,blacksmiths,fletchers,1,False
char__explorer,char__wyvern,explorer,wyvern,3,False
char__doctor,char__villager,doctor,villager,1,False
char__dark_king,char__queen,dark king,queen,1,False
char__goddess,char__person,goddess,person,1,False
char__daughter,char__king,daughter,king,4,True
char__angel,char__traveler,angel,traveler,3,False
char__polar_bear,char__saber_tooth_tiger,polar bear,saber tooth tiger,3,False
char__minstrel,char__veteran,minstrel,veteran,1,False
char__person_who_adventured_the_cave_but_has_been_injured_and_is_awaiting_either_a_rescuer_or_death,char__small_foxes_who_have_made_the_ice_cave_their_home,person who adventured the cave but has been injured and is awaiting either a rescuer or death,small foxes who have made the ice cave their home,5,False
char__bat,char__mouse,bat,mouse,1,False
char__devil,char__slave,devil,slave,1,False
char__horse,char__trilobite,horse,trilobite,1,False
char__demons,char__man,demons,man,4,False
char__children,char__person,children,person,2,False
char__children,char__horse,children,horse,1,False
char__sword_maker,char__thief,sword-maker,thief,1,False
char__old_woman,char__young_man,old woman,young man,4,False
char__dragon,char__insects,dragon,insects,3,False
char__inn_keeper,char__king,inn keeper,king,1,True
char__orc,char__scavenger,orc,scavenger,1,False
char__faeries,char__princess,faeries,princess,2,False
char__barbarian,char__court_treasurer,barbarian,court treasurer,1,False
char__family_members,char__towns_person,family members,towns person,1,False
char__children,char__man,children,man,1,False
char__anchovy,char__young_boy,anchovy,young boy,1,False
char__her_husband,char__royal_family,her husband,royal family,1,False
char__king_checking_in_on_his_outpost,char__lone_captain,king checking in on his outpost,lone captain,1,False
char__emperor,char__some_kind_of_police,emperor,some kind of police,1,False
char__attendee,char__ugly_toad,attendee,ugly toad,1,False
char__tourists,char__woman,tourists,woman,1,False
char__her_husband,char__vendor,her husband,vendor,1,False
char__beast,char__mother,beast,mother,1,False
char__bishop,char__former_resident_who_has_escaped_whatever_fate_befell_his_people_and_has_returned_home_to_look_for_other_survivors,bishop,former resident who has escaped whatever fate befell his people and has returned home to look for other survivors,1,False
char__large_beast,char__traveler,large beast,traveler,4,False
char__stable_hand,char__swamp_monster,stable hand,swamp monster,1,False
char__devil,char__traveler,devil,traveler,1,False
char__bacteria,char__weapons_master,bacteria,weapons master,1,False
char__long_dead_monk,char__shipwright,long dead monk,shipwright,1,False
char__children,char__farmer,children,farmer,1,False
char__animal_such_as_a_cat,char__king,animal such as a cat,king,1,True
char__dragon,char__offender,dragon,offender,1,False
char__queen,char__son,queen,son,2,False
char__caretaker,char__scavenger,caretaker,scavenger,1,False
char__student,char__wizards,student,wizards,2,False
char__prisoner_of_the_troll,char__troll,prisoner of the troll,troll,2,False
char__parrot,char__prisoners,parrot,prisoners,1,False
char__inhabitant,char__troll,inhabitant,troll,3,False
char__tourists,char__young_boy,tourists,young boy,3,False
char__her_husband,char__royal_jester,her husband,royal jester,2,False
char__king_checking_in_on_his_outpost,char__woman_walking_the_beach,king checking in on his outpost,woman walking the beach,1,False
char__assistant,char__tanner,assistant,tanner,1,False
char__cave_troll,char__others,cave troll,others,1,False
char__murderer,char__torturer,murderer,torturer,3,False
char__evil_witch,char__hunter,evil witch,hunter,1,False
char__angels,char__party,angels,party,1,False
char__treasure_hunter,char__witch,treasure hunter,witch,1,False
char__fairy,char__magical_elf,fairy,magical elf,2,False
char__dwarf,char__person,dwarf,person,1,False
char__criminal,char__faerie,criminal,faerie,1,False
char__beggar,char__dark_king,beggar,dark king,3,False
char__student,char__woolly_mammoth,student,woolly mammoth,1,False
char__beast,char__princess,beast,princess,1,False
char__dogs,char__goddess,dogs,goddess,1,False
char__cow,char__small_foxes_who_have_made_the_ice_cave_their_home,cow,small foxes who have made the ice cave their home,1,False
char__minister,char__witch,minister,witch,1,False
char__lizard,char__skeleton,lizard,skeleton,1,False
char__long_dead_monk,char__sister,long dead monk,sister,1,False
char__bandit,char__farmer,bandit,farmer,1,False
char__dragon_rider,char__guards,dragon rider,guards,1,False
char__dragon,char__scientist,dragon,scientist,1,False
char__baby_shower,char__young_man,baby shower,young man,1,False
char__insects,char__squirrels,insects,squirrels,1,False
char__princess,char__visitor,princess,visitor,1,False
char__goddess,char__traveler,goddess,traveler,1,False
char__child,char__sinners,child,sinners,1,False
char__family,char__man,family,man,1,False
char__elf,char__person_of_the_wood,elf,person of the wood,1,False
char__king,char__wizard,king,wizard,3,True
char__joel,char__scientist,joel,scientist,1,False
char__bat,char__young_boy,bat,young boy,1,False
char__guard,char__tanner,guard,tanner,1,False
char__guards,char__person,guards,person,1,False
char__local,char__squire,local,squire,1,False
char__girl,char__party,girl,party,1,False
char__boat_workers,char__doctor,boat workers,doctor,1,False
char__dockworker,char__traveller,dockworker,traveller,1,False
char__brother,char__lizard,brother,lizard,1,False
char__foolhardy_adventurer_who_came_to_check_out_the_ruins,char__unicorn,foolhardy adventurer who came to check out the ruins,unicorn,1,False
char__dark_lord,char__maid,dark lord,maid,2,False
char__bacteria,char__trilobite,bacteria,trilobite,2,False
char__cat,char__long_dead_monk,cat,long dead monk,1,False
char__butler,char__person,butler,person,1,False
char__farmer,char__saber_tooth_tiger,farmer,saber tooth tiger,1,False
char__citizen,char__clergyman,citizen,clergyman,1,False
char__eccentric_astronomer_who_lives_in_the_tower,char__maester_who_helps_keep_the_documents_in_order,eccentric astronomer who lives in the tower,maester who helps keep the documents in order,1,False
char__blacksmith,char__sword_maker,blacksmith,sword-maker,2,False
char__hunter,char__traveler,hunter,traveler,1,False
char__king,char__witch,king,witch,1,True
char__children,char__mother,children,mother,2,False
char__king_s_guard,char__royal_family,king's guard,royal family,1,False
char__person_who_adventured_the_cave_but_has_been_injured_and_is_awaiting_either_a_rescuer_or_death,char__wyvern,person who adventured the cave but has been injured and is awaiting either a rescuer or death,wyvern,1,False
char__guards_assigned_to_defend_the_abandoned_looking_camp,char__person,guards assigned to defend the abandoned looking camp,person,1,False
char__foxes,char__give_the_form_of_only_the_word,foxes,give the form of only the word,1,False
char__hunter,char__worshipper,hunter,worshipper,1,False
char__treasure_hunter,char__vulture,treasure hunter,vulture,1,False
char__brave_knight,char__scavenger,brave knight,scavenger,2,False
char__dwarf,char__magical_elf,dwarf,magical elf,3,False
char__hiker,char__reaper,hiker,reaper,1,False
char__mourner,char__tourists,mourner,tourists,1,False
char__manikin,char__prince,manikin,prince,1,False
char__bacteria,char__traveler,bacteria,traveler,1,False
char__old_woman,char__person_who_adventured_the_cave_but_has_been_injured_and_is_awaiting_either_a_rescuer_or_death,old woman,person who adventured the cave but has been injured and is awaiting either a rescuer or death,1,False
char__faeries,char__kings,faeries,kings,1,False
char__dark_lord,char__mermaid,dark lord,mermaid,1,False
char__devil,char__souls,devil,souls,1,False
char__acolyte_preparing_for_evening_prayer_service,char__bacteria,acolyte preparing for evening prayer service,bacteria,1,False
char__king,char__traveller,king,traveller,1,True
char__organ_player,char__people_in_the_observatory,organ player,people in the observatory,1,False
char__daughter,char__princess,daughter,princess,1,False
char__polar_bear,char__yeti,polar bear,yeti,1,False
char__animal,char__prisoner_of_the_troll,animal,prisoner of the troll,1,False
char__crypt_keeper,char__prisoners,crypt keeper,prisoners,1,False
char__lord_and_controller,char__troll,lord and controller,troll,1,False
char__king,char__towns_person,king,towns person,1,True
char__family,char__mother,family,mother,1,False
char__person,char__stable_hands,person,stable hands,1,False
char__enemy_king,char__guards_assigned_to_defend_the_abandoned_looking_camp,enemy king,guards assigned to defend the abandoned looking camp,1,False
char__general,char__party,general,party,1,False
char__doctor,char__treasure_hunter,doctor,treasure hunter,2,False
char__dwarf,char__peasant,dwarf,peasant,1,False
char__choir_member,char__criminal,choir member,criminal,1,False
char__dark_king,char__snake,dark king,snake,1,False
char__bigfoot,char__reaper,bigfoot,reaper,1,False
char__abbess,char__tourists,abbess,tourists,1,False
char__armed_guardsmen,char__other_travelers_coming_to_see_the_geothermal_valley,armed guardsmen,other travelers coming to see the geothermal valley,1,False
char__cooks,char__saber_tooth_tiger,cooks,saber tooth tiger,1,False
char__former_resident_who_has_escaped_whatever_fate_befell_his_people_and_has_returned_home_to_look_for_other_survivors,char__hunter,former resident who has escaped whatever fate befell his people and has returned home to look for other survivors,hunter,1,False
char__fool,char__witch,fool,witch,1,False
char__large_creature,char__rat,large creature,rat,1,False
char__lizard,char__vagrants,lizard,vagrants,1,False
char__devil,char__king,devil,king,1,True
char__man,char__priests,man,priests,1,False
char__dragon,char__guards,dragon,guards,1,False
char__dinner_guests,char__drunk,dinner guests,drunk,1,False
char__roach,char__wizards,roach,wizards,1,False
char__ancient_king,char__sinners,ancient king,sinners,1,False
char__lazy_insects,char__prisoners,lazy insects,prisoners,1,False
char__anchovy,char__tourists,anchovy,tourists,1,False
char__royal_family,char__royal_jester,royal family,royal jester,1,False
char__assistant,char__blacksmiths,assistant,blacksmiths,1,False
char__guards,char__kings,guards,kings,1,False
char__family,char__well_off_business_man,family,well off business man,1,False
char__party,char__there_is_the_lighthouse_keeper_on_his_daily_walk_up_the_boardwalk,party,there is the lighthouse keeper on his daily walk up the boardwalk,1,False
char__hunter,char__parishioner,hunter,parishioner,1,False
char__head_priest,char__ugly_toad,head priest,ugly toad,1,False
char__beast,char__servant,beast,servant,1,False
char__grim_reaper,char__princess,grim reaper,princess,1,False
char__daughter,char__lady_in_waiting,daughter,lady in waiting,1,False
char__dog,char__swamp_monster,dog,swamp monster,1,False
char__faeries,char__small_foxes_who_have_made_the_ice_cave_their_home,faeries,small foxes who have made the ice cave their home,1,False
char__large_creature,char__lizards,large creature,lizards,1,False
char__bacteria,char__foreman_ordering_his_workers,bacteria,foreman ordering his workers,1,False
char__angel,char__children,angel,children,1,False
