episode_id,location_id,location_name,location_category
train_ep_000000,loc__watchtower__2275d0f0,watchtower,Outside Tower
train_ep_000001,loc__port_tavern__48d771c2,port tavern,Port
train_ep_000002,loc__prison_room__075cec3e,prison room,Inside Tower
train_ep_000003,loc__dungeon__e0dc3209,dungeon,Inside Castle
train_ep_000004,loc__master_bedroom__ee30383a,master bedroom,Inside Palace
train_ep_000005,loc__troll_s_bridge__934a7368,troll's bridge,Swamp
train_ep_000006,loc__barn__5dfcc0aa,barn,Farm
train_ep_000007,loc__inside_a_desolate_cave__62f3c8b1,inside a desolate cave,Dungeon
train_ep_000008,loc__abandoned_castle_on_an_ocean_cliff_side__2a4a7700,abandoned castle on an ocean cliff side,Abandoned
train_ep_000009,loc__knights_quarters__d1135fd1,knights quarters,Inside Castle
train_ep_000010,loc__underground_chamber__d71a7d7a,underground chamber,Cave
train_ep_000011,loc__outside_the_church_of_monks__12e0820b,outside the church of monks,Outside Church
train_ep_000012,loc__werewolves_tavern__a0b69047,werewolves tavern,Tavern
train_ep_000013,loc__inside_the_fairy_temple__748c1bf3,inside the fairy temple,Inside Temple
train_ep_000014,loc__dining_hall__10c40af2,dining hall,Inside Tower
train_ep_000015,loc__confessional_room__22bf6614,confessional room,Inside Church
train_ep_000016,loc__dungeon__e0dc3209,dungeon,Inside Castle
train_ep_000017,loc__castle__9355a9f9,castle,Inside Castle
train_ep_000018,loc__castle__9355a9f9,castle,Inside Castle
train_ep_000019,loc__bazaar__8c5c7284,bazaar,Bazaar
train_ep_000020,loc__tower__79835ea3,tower,Inside Tower
train_ep_000021,loc__tower__79835ea3,tower,Outside Tower
train_ep_000022,loc__lagoon__664a6ce4,lagoon,Lake
train_ep_000023,loc__docks__d1b1bb99,docks,Port
train_ep_000024,loc__sacred_temple__0ee6dca9,sacred temple,Inside Church
train_ep_000025,loc__inside_the_temple__573b0d5f,inside the temple,Inside Temple
train_ep_000026,loc__cave__e386df9e,cave,Cave
train_ep_000027,loc__outside_tower__7dc67c9f,outside tower,Outside Tower
train_ep_000028,loc__outside_church__9f23256f,outside church,Outside Church
train_ep_000029,loc__riverbed__acbe6245,riverbed,Forest
train_ep_000030,loc__mud_pit__7a862ed0,mud pit,Jungle
train_ep_000031,loc__military_outpost_at_the_heart_of_the_swamp__0b91dfd0,military outpost at the heart of the swamp,Swamp
train_ep_000032,loc__royal_kitchen__fca4f709,royal kitchen,Inside Palace
train_ep_000033,loc__inside_tower__3d67c0a7,inside tower,Inside Tower
train_ep_000034,loc__abandoned_shack__d3865a64,abandoned shack,Wasteland
train_ep_000035,loc__yurt__e67b7569,yurt,Desert
train_ep_000036,loc__bathroom__67518d64,bathroom,Inside Tower
train_ep_000037,loc__tree_house__493a5d1a,tree house,Jungle
train_ep_000038,loc__town_square__4d10acd1,town square,Town
train_ep_000039,loc__living_quarters__26fbc0ca,living quarters,Farm
train_ep_000040,loc__kings_chambers__3b38188f,kings chambers,Inside Palace
train_ep_000041,loc__trash_heap__0e440590,trash heap,Wasteland
train_ep_000042,loc__entrance_to_the_pine_trees__857c5da1,entrance to the pine trees,Forest
train_ep_000043,loc__dark_cave__b9185199,dark cave,Cave
train_ep_000044,loc__tree_house__493a5d1a,tree house,Jungle
train_ep_000045,loc__top_side_tower_overlooking_view__8b843a89,top side tower overlooking view,Outside Tower
train_ep_000046,loc__black_smiths_shop__5379f4dc,black smiths shop,Town
train_ep_000047,loc__lakeside_house__e89e18cd,lakeside house,Lake
train_ep_000048,loc__armory__f1c6e216,armory,Inside Castle
train_ep_000049,loc__torture_chamber__11dfca19,torture chamber,Dungeon
train_ep_000050,loc__bedroom__cff8b1fe,bedroom,Inside Cottage
train_ep_000051,loc__throne_room__f4977c99,throne room,Shore
train_ep_000052,loc__jail_room__4ad818b4,jail room,Inside Tower
train_ep_000053,loc__choir_room__35978911,choir room,Inside Church
train_ep_000054,loc__underground_cavern__2714911b,underground cavern,Cave
train_ep_000055,loc__bedroom__cff8b1fe,bedroom,Inside Cottage
train_ep_000056,loc__waterfall__911b1ca4,waterfall,Mountain
train_ep_000057,loc__top_of_a_tall_tree__6c2eb414,top of a tall tree,Jungle
train_ep_000058,loc__grand_dancing_hall__7dd99710,grand dancing hall,Inside Palace
train_ep_000059,loc__dining_hall__10c40af2,dining hall,Inside Castle
train_ep_000060,loc__summit__cc8c6287,summit,Mountain
train_ep_000061,loc__scenic_overlook__9ccff5f9,scenic overlook,Trail
train_ep_000062,loc__town__7198cda5,town,Town
train_ep_000063,loc__tombstones_of_the_kings__f98f35ed,tombstones of the kings,Graveyard
train_ep_000064,loc__sanctuary__80452c45,sanctuary,Inside Church
train_ep_000065,loc__rectory__af9459b5,rectory,Inside Church
train_ep_000066,loc__loading_dock__2e35f637,loading dock,Port
train_ep_000067,loc__mountain_peak__924f5a88,mountain peak,Mountain
train_ep_000068,loc__spiral_staircase__031e4915,spiral staircase,Inside Tower
train_ep_000069,loc__confessional__f24d3972,confessional,Inside Church
train_ep_000070,loc__marketplace__bc5986eb,marketplace,Port
train_ep_000071,loc__beyond_the_wall__adff6e1c,beyond the wall,Outside Castle
train_ep_000072,loc__land_beyond_the_wasteland__0b3b29ad,land beyond the wasteland,Abandoned
train_ep_000073,loc__behind_the_servant_quarters__9413241c,behind the servant quarters,Wasteland
train_ep_000074,loc__adjacent_to_the_guest_castle__7becb0d5,adjacent to the guest castle,Farm
train_ep_000075,loc__inside_the_king_s_castle__afab450e,inside the king's castle,Inside Tower
train_ep_000076,loc__across_the_king_s_garden__82bbf802,across the king's garden,Trail
train_ep_000077,loc__within_the_king_s_mansion__ffdc1072,within the king's mansion,Inside Temple
train_ep_000078,loc__market_center__f92392bc,market center,Tavern
train_ep_000079,loc__bar__37b51d19,bar,Tavern
train_ep_000080,loc__banquet_hall__b7ba191c,banquet hall,Inside Castle
train_ep_000081,loc__entrance_to_castle__6ce4a988,entrance to castle,Outside Castle
train_ep_000082,loc__pew__08db7753,pew,Inside Church
train_ep_000083,loc__cabin__92faafe2,cabin,Countryside
train_ep_000084,loc__shop_in_bazaar__bb1b9374,shop in bazaar,Bazaar
train_ep_000085,loc__entrance_to_church__2ba81d25,entrance to church,Outside Church
train_ep_000086,loc__witch_s_house__f92034cd,witch's house,Swamp
train_ep_000087,loc__queen_s_chamber__e51179c6,queen's chamber,Inside Palace
train_ep_000088,loc__dining_hall__10c40af2,dining hall,Inside Palace
train_ep_000089,loc__nave__bfe4b52c,nave,Inside Church
train_ep_000090,loc__king_s_quarters__b44e1648,king's quarters,Shore
train_ep_000091,loc__weapon_closet__20098437,weapon closet,Inside Tower
train_ep_000092,loc__princess_chamber__b18da5a3,princess' chamber,Inside Tower
train_ep_000093,loc__nursery__a718a874,nursery,Inside Palace
train_ep_000094,loc__royal_stables__25af2687,royal stables,Outside Castle
train_ep_000095,loc__kitchen__09228dac,kitchen,Tavern
train_ep_000096,loc__kitchen__09228dac,kitchen,Inside Cottage
train_ep_000097,loc__dining_hall__10c40af2,dining hall,Inside Castle
train_ep_000098,loc__library__d521f765,library,Inside Castle
train_ep_000099,loc__barracks__2ce29011,barracks,Outside Castle
train_ep_000100,loc__brush_den__e1300d94,brush den,Forest
train_ep_000101,loc__next_to_an_altar__6252d8d6,next to an altar,Inside Church
train_ep_000102,loc__ball_room__e26306dc,ball room,Inside Palace
train_ep_000103,loc__along_the_banks_of_a_river_in_the_forest__1893d3d3,along the banks of a river in the forest,Forest
train_ep_000104,loc__king_s_bedroom__03fb30e9,king's bedroom,Inside Palace
train_ep_000105,loc__jewelry_stall__2ec13fd4,jewelry stall,Bazaar
train_ep_000106,loc__winter_gardens__e59bb816,winter gardens,Outside Tower
train_ep_000107,loc__servant_s_quarters__2ab37024,servant's quarters,Inside Palace
train_ep_000108,loc__cursed_grave__7f5aabe1,cursed grave,Graveyard
train_ep_000109,loc__foyer__114ad31a,foyer,Inside Palace
train_ep_000110,loc__hall_of_the_goddess__7c0819d4,hall of the goddess,Inside Temple
train_ep_000111,loc__king_s_quarters__b44e1648,king's quarters,Shore
train_ep_000112,loc__princess_chamber__b18da5a3,princess' chamber,Inside Tower
train_ep_000113,loc__inside_church__aab73af9,inside church,Inside Church
train_ep_000114,loc__nursery__a718a874,nursery,Inside Palace
train_ep_000115,loc__royal_stables__25af2687,royal stables,Outside Castle
train_ep_000116,loc__kitchen__09228dac,kitchen,Tavern
train_ep_000117,loc__boathouse__f1916d48,boathouse,Swamp
train_ep_000118,loc__kitchen__09228dac,kitchen,Inside Cottage
train_ep_000119,loc__courtyard__2c2bf458,courtyard,Outside Palace
train_ep_000120,loc__troll_s_lair__218cc09b,troll's lair,Cave
train_ep_000121,loc__barracks__2ce29011,barracks,Outside Castle
train_ep_000122,loc__throne_room__f4977c99,throne room,Inside Tower
train_ep_000123,loc__next_to_an_altar__6252d8d6,next to an altar,Inside Church
train_ep_000124,loc__ball_room__e26306dc,ball room,Inside Palace
train_ep_000125,loc__along_the_banks_of_a_river_in_the_forest__1893d3d3,along the banks of a river in the forest,Forest
train_ep_000126,loc__jewelry_stall__2ec13fd4,jewelry stall,Bazaar
train_ep_000127,loc__cursed_grave__7f5aabe1,cursed grave,Graveyard
train_ep_000128,loc__winter_gardens__e59bb816,winter gardens,Outside Tower
train_ep_000129,loc__servant_s_quarters__2ab37024,servant's quarters,Inside Palace
train_ep_000130,loc__foyer__114ad31a,foyer,Inside Palace
train_ep_000131,loc__hall_of_the_goddess__7c0819d4,hall of the goddess,Inside Temple
train_ep_000132,loc__beside_church_pews__8d83bdb7,beside church pews,Inside Church
train_ep_000133,loc__tower_dungeon__3b953217,tower dungeon,Inside Tower
train_ep_000134,loc__beside_church_entrance__2206aedf,beside church entrance,Outside Church
train_ep_000135,loc__castle_armory__c05c8115,castle armory,Inside Castle
train_ep_000136,loc__palace_ballroom__e83afcc3,palace ballroom,Inside Palace
train_ep_000137,loc__church_altar__b46bba3c,church altar,Inside Church
train_ep_000138,loc__small_hut__78dbc695,small hut,Jungle
train_ep_000139,loc__inside_temple_crypt__eb261a98,inside temple crypt,Inside Temple
train_ep_000140,loc__towering_mesa__148ef02b,towering mesa,Desert
train_ep_000141,loc__stable__f40faf63,stable,Outside Castle
train_ep_000142,loc__sitting_room__152ab82c,sitting room,Inside Cottage
train_ep_000143,loc__lonely_island__941f1782,lonely island,Abandoned
train_ep_000144,loc__public_execution_stand__ec1c97f7,public execution stand,Bazaar
train_ep_000145,loc__weapon_room__a7162ba9,weapon room,Inside Temple
train_ep_000146,loc__clearing__5832a4d8,clearing,Jungle
train_ep_000147,loc__courtyard__2c2bf458,courtyard,Outside Palace
train_ep_000148,loc__stable__f40faf63,stable,Outside Palace
train_ep_000149,loc__hidden_passageway__d7cdebb5,hidden passageway,Inside Temple
train_ep_000150,loc__grand_ballroom__52b4001e,grand ballroom,Inside Castle
train_ep_000151,loc__weathered_shack__8c23b906,weathered shack,Abandoned
train_ep_000152,loc__staircase__7dbf02f9,staircase,Inside Tower
train_ep_000153,loc__prisoner_s_cell__bf78e6a1,prisoner's cell,Dungeon
train_ep_000154,loc__knight_s_hunting_ground__09b79c95,knight's hunting ground,Trail
train_ep_000155,loc__priest_s_chambers__1ebce5c5,priest's chambers,Inside Temple
train_ep_000156,loc__kitchen__09228dac,kitchen,Inside Castle
train_ep_000157,loc__king_s_chambers__e3e597fe,king's chambers,Inside Palace
train_ep_000158,loc__master_bedroom__ee30383a,master bedroom,Inside Castle
train_ep_000159,loc__outpost__9e81fdfb,outpost,Mountain
train_ep_000160,loc__front_of_the_cottage__908b24e7,front of the cottage,Outside Cottage
train_ep_000161,loc__village_at_the_base_of_the_mountain__47dbe2ea,village at the base of the mountain,Mountain
train_ep_000162,loc__armory__f1c6e216,armory,Inside Tower
train_ep_000163,loc__bandit_lair__90d428ee,bandit lair,Cave
train_ep_000164,loc__confession_box__fb7e21f1,confession box,Inside Church
train_ep_000165,loc__tent__7b65dcf0,tent,Desert
train_ep_000166,loc__inside_the_temple__573b0d5f,inside the temple,Inside Temple
train_ep_000167,loc__forest__f379cfd7,forest,Countryside
train_ep_000168,loc__lush_meadow_in_the_country_side__d9fa9500,lush meadow in the country side,Countryside
train_ep_000169,loc__kings_bed_room__b1f6b2b3,kings bed room,Inside Castle
train_ep_000170,loc__front_row__ec5571ef,front row,Inside Church
train_ep_000171,loc__primary_cave__755e8817,primary cave,Cave
train_ep_000172,loc__desert_tent__a1a041ce,desert tent,Wasteland
train_ep_000173,loc__northern_shore__e8588ae1,northern shore,Lake
train_ep_000174,loc__grassy_plains__ecb71cc6,grassy plains,Trail
train_ep_000175,loc__dancing_stoat__a6b60c83,dancing stoat,Town
train_ep_000176,loc__banquet_hall__b7ba191c,banquet hall,Inside Castle
train_ep_000177,loc__temple_gardens__e5c59366,temple gardens,Outside Temple
train_ep_000178,loc__church_field__80ff45f8,church field,Outside Church
train_ep_000179,loc__small_church__9543420f,small church,Inside Church
train_ep_000180,loc__enormous_church_entrance_door__4425590a,enormous church entrance door,Outside Church
train_ep_000181,loc__castle_courtyard_bazaar__f18a3852,castle courtyard bazaar,Bazaar
train_ep_000182,loc__unexplored_jungle__ff39ded3,unexplored jungle,Jungle
train_ep_000183,loc__inside_temple__78c8ad2b,inside temple,Inside Temple
train_ep_000184,loc__great_hall__91ce0dd0,great hall,Inside Tower
train_ep_000185,loc__bamboo_hut__fe75e1af,bamboo hut,Jungle
train_ep_000186,loc__dungeon__e0dc3209,dungeon,Inside Palace
train_ep_000187,loc__path_in_forest__b615034b,path in forest,Trail
train_ep_000188,loc__prayer_room__b4ab9d1e,prayer room,Inside Temple
train_ep_000189,loc__barn__5dfcc0aa,barn,Farm
train_ep_000190,loc__cemetery__dccbebc2,cemetery,Graveyard
train_ep_000191,loc__meadow__07a42035,meadow,Countryside
train_ep_000192,loc__queen_s_bedchamber__25802711,queen's bedchamber,Inside Palace
train_ep_000193,loc__altar_room__cbf077bb,altar room,Inside Temple
train_ep_000194,loc__cave__e386df9e,cave,Mountain
train_ep_000195,loc__confessional__f24d3972,confessional,Inside Church
train_ep_000196,loc__torture_room__87c0e788,torture room,Dungeon
train_ep_000197,loc__island__3dbacfd7,island,Lake
train_ep_000198,loc__bar__37b51d19,bar,Tavern
train_ep_000199,loc__watchtower__2275d0f0,watchtower,Outside Tower
train_ep_000200,loc__port_tavern__48d771c2,port tavern,Port
train_ep_000201,loc__prison_room__075cec3e,prison room,Inside Tower
train_ep_000202,loc__dungeon__e0dc3209,dungeon,Inside Castle
train_ep_000203,loc__opening_to_the_drawbridge_of_the_castle__7901de11,opening to the drawbridge of the castle,Trail
train_ep_000204,loc__troll_s_bridge__934a7368,troll's bridge,Swamp
train_ep_000205,loc__barn__5dfcc0aa,barn,Farm
train_ep_000206,loc__abandoned_castle_on_an_ocean_cliff_side__2a4a7700,abandoned castle on an ocean cliff side,Abandoned
train_ep_000207,loc__inside_the_fairies_church__7a838b07,inside the fairies church,Inside Church
train_ep_000208,loc__wizard_s_quarters__e0890c7c,wizard's quarters,Outside Tower
train_ep_000209,loc__castle__9355a9f9,castle,Inside Castle
train_ep_000210,loc__cave__e386df9e,cave,Cave
train_ep_000211,loc__castle__9355a9f9,castle,Inside Castle
train_ep_000212,loc__tower__79835ea3,tower,Inside Tower
train_ep_000213,loc__tower__79835ea3,tower,Outside Tower
train_ep_000214,loc__royal_gardens__e410d0fe,royal gardens,Outside Palace
train_ep_000215,loc__inside_the_temple__573b0d5f,inside the temple,Inside Temple
train_ep_000216,loc__cave__e386df9e,cave,Cave
train_ep_000217,loc__lake__97d986e2,lake,Lake
train_ep_000218,loc__mud_pit__7a862ed0,mud pit,Jungle
train_ep_000219,loc__royal_kitchen__fca4f709,royal kitchen,Inside Palace
train_ep_000220,loc__inside_tower__3d67c0a7,inside tower,Inside Tower
train_ep_000221,loc__abandoned_shack__d3865a64,abandoned shack,Wasteland
train_ep_000222,loc__princess_library__7426d41f,princess' library,Inside Palace
train_ep_000223,loc__yurt__e67b7569,yurt,Desert
train_ep_000224,loc__spice_stall__5ddd9bb4,spice stall,Bazaar
train_ep_000225,loc__bathroom__67518d64,bathroom,Inside Tower
train_ep_000226,loc__main_hall__8f1c5099,main hall,Inside Palace
train_ep_000227,loc__town_square__4d10acd1,town square,Town
train_ep_000228,loc__living_quarters__26fbc0ca,living quarters,Farm
train_ep_000229,loc__kings_chambers__3b38188f,kings chambers,Inside Palace
train_ep_000230,loc__courtyard__2c2bf458,courtyard,Outside Palace
train_ep_000231,loc__large_galleon__0e3d3ca8,large galleon,Port
train_ep_000232,loc__tree_house__493a5d1a,tree house,Jungle
train_ep_000233,loc__dark_cave__b9185199,dark cave,Cave
train_ep_000234,loc__top_side_tower_overlooking_view__8b843a89,top side tower overlooking view,Outside Tower
train_ep_000235,loc__black_smiths_shop__5379f4dc,black smiths shop,Town
train_ep_000236,loc__lakeside_house__e89e18cd,lakeside house,Lake
train_ep_000237,loc__torture_chamber__11dfca19,torture chamber,Dungeon
train_ep_000238,loc__treasure_room__5acf31fd,treasure room,Inside Castle
train_ep_000239,loc__underground_cavern__2714911b,underground cavern,Cave
train_ep_000240,loc__choir_room__35978911,choir room,Inside Church
train_ep_000241,loc__moat__3c3a57f1,moat,Outside Palace
train_ep_000242,loc__bedroom__cff8b1fe,bedroom,Inside Cottage
train_ep_000243,loc__gathering_room__2b59ea3f,gathering room,Inside Cottage
train_ep_000244,loc__top_of_a_tall_tree__6c2eb414,top of a tall tree,Jungle
train_ep_000245,loc__waterfall__911b1ca4,waterfall,Mountain
train_ep_000246,loc__grand_dancing_hall__7dd99710,grand dancing hall,Inside Palace
train_ep_000247,loc__scenic_overlook__9ccff5f9,scenic overlook,Trail
train_ep_000248,loc__secret_oasis__4b7fea6a,secret oasis,Desert
train_ep_000249,loc__town__7198cda5,town,Town
train_ep_000250,loc__tombstones_of_the_kings__f98f35ed,tombstones of the kings,Graveyard
train_ep_000251,loc__rectory__af9459b5,rectory,Inside Church
train_ep_000252,loc__meditation_room__40c0a44e,meditation room,Inside Temple
train_ep_000253,loc__loading_dock__2e35f637,loading dock,Port
train_ep_000254,loc__tower_base__11a0e527,tower base,Outside Tower
train_ep_000255,loc__oracle_cave__d32dc815,oracle cave,Mountain
train_ep_000256,loc__spiral_staircase__031e4915,spiral staircase,Inside Tower
train_ep_000257,loc__marketplace__bc5986eb,marketplace,Port
train_ep_000258,loc__behind_the_servant_quarters__9413241c,behind the servant quarters,Wasteland
train_ep_000259,loc__land_beyond_the_wasteland__0b3b29ad,land beyond the wasteland,Abandoned
train_ep_000260,loc__adjacent_to_the_guest_castle__7becb0d5,adjacent to the guest castle,Farm
train_ep_000261,loc__inside_the_king_s_castle__afab450e,inside the king's castle,Inside Tower
train_ep_000262,loc__across_the_king_s_garden__82bbf802,across the king's garden,Trail
train_ep_000263,loc__within_the_king_s_mansion__ffdc1072,within the king's mansion,Inside Temple
train_ep_000264,loc__banquet_hall__b7ba191c,banquet hall,Inside Castle
train_ep_000265,loc__entrance_to_castle__6ce4a988,entrance to castle,Outside Castle
train_ep_000266,loc__cabin__92faafe2,cabin,Countryside
train_ep_000267,loc__pew__08db7753,pew,Inside Church
train_ep_000268,loc__dock__05debdb8,dock,Lake
train_ep_000269,loc__dock_at_the_port__eaf44017,dock at the port,Port
train_ep_000270,loc__shop_in_bazaar__bb1b9374,shop in bazaar,Bazaar
train_ep_000271,loc__entrance_to_church__2ba81d25,entrance to church,Outside Church
train_ep_000272,loc__within_the_walls_of_the_city__ccd0198d,within the walls of the city,Inside Tower
train_ep_000273,loc__queen_s_chamber__e51179c6,queen's chamber,Inside Palace
train_ep_000274,loc__dining_hall__10c40af2,dining hall,Inside Palace
train_ep_000275,loc__nave__bfe4b52c,nave,Inside Church
train_ep_000276,loc__king_s_quarters__b44e1648,king's quarters,Shore
train_ep_000277,loc__weapon_closet__20098437,weapon closet,Inside Tower
train_ep_000278,loc__inside_church__aab73af9,inside church,Inside Church
train_ep_000279,loc__princess_chamber__b18da5a3,princess' chamber,Inside Tower
train_ep_000280,loc__alchemists_lab__d5456245,alchemists lab,Inside Tower
train_ep_000281,loc__nursery__a718a874,nursery,Inside Palace
train_ep_000282,loc__royal_stables__25af2687,royal stables,Outside Castle
train_ep_000283,loc__kitchen__09228dac,kitchen,Tavern
train_ep_000284,loc__boathouse__f1916d48,boathouse,Swamp
train_ep_000285,loc__dining_hall__10c40af2,dining hall,Inside Castle
train_ep_000286,loc__kitchen__09228dac,kitchen,Inside Cottage
train_ep_000287,loc__troll_s_lair__218cc09b,troll's lair,Cave
train_ep_000288,loc__next_to_an_altar__6252d8d6,next to an altar,Inside Church
train_ep_000289,loc__inside_cottage_kitchen__5eaa1ce9,inside cottage kitchen,Inside Cottage
train_ep_000290,loc__hillside_manor__b1ec6b5a,hillside manor,Countryside
train_ep_000291,loc__pig_pen__cd6444b3,pig pen,Countryside
train_ep_000292,loc__tower_dungeon__3b953217,tower dungeon,Inside Tower
train_ep_000293,loc__palace_ballroom__e83afcc3,palace ballroom,Inside Palace
train_ep_000294,loc__castle_armory__c05c8115,castle armory,Inside Castle
train_ep_000295,loc__church_altar__b46bba3c,church altar,Inside Church
train_ep_000296,loc__inside_temple_crypt__eb261a98,inside temple crypt,Inside Temple
train_ep_000297,loc__lonely_island__941f1782,lonely island,Abandoned
train_ep_000298,loc__gold_mine__23a64f00,gold mine,Abandoned
train_ep_000299,loc__stable__f40faf63,stable,Outside Castle
train_ep_000300,loc__sitting_room__152ab82c,sitting room,Inside Cottage
train_ep_000301,loc__fountain__79de7a61,fountain,Graveyard
train_ep_000302,loc__stained_glass_room__fe4963f3,stained glass room,Inside Church
train_ep_000303,loc__hall_of_echoes__55050f7d,hall of echoes,Inside Temple
train_ep_000304,loc__murder_hole__da3df777,murder hole,Inside Tower
train_ep_000305,loc__bank__bd5af1f6,bank,Swamp
train_ep_000306,loc__ruined_house__b253dd25,ruined house,Abandoned
train_ep_000307,loc__storage_room__ab9f0184,storage room,Dungeon
train_ep_000308,loc__study_room__5698bd87,study room,Inside Church
train_ep_000309,loc__dock__05debdb8,dock,Port
train_ep_000310,loc__small_graveyard__d12232a8,small graveyard,Outside Cottage
train_ep_000311,loc__stable__f40faf63,stable,Farm
train_ep_000312,loc__armory__f1c6e216,armory,Inside Castle
train_ep_000313,loc__storage_room__ab9f0184,storage room,Tavern
train_ep_000314,loc__clearing__5832a4d8,clearing,Jungle
train_ep_000315,loc__nave__bfe4b52c,nave,Inside Church
train_ep_000316,loc__graveyard__7b3ab674,graveyard,Outside Church
train_ep_000317,loc__courtyard__2c2bf458,courtyard,Outside Palace
train_ep_000318,loc__torture_room__87c0e788,torture room,Dungeon
train_ep_000319,loc__town_square__4d10acd1,town square,Town
train_ep_000320,loc__old_crypt__9f170f50,old crypt,Graveyard
train_ep_000321,loc__castle_kitchen__b00392de,castle kitchen,Inside Castle
train_ep_000322,loc__weathered_shack__8c23b906,weathered shack,Abandoned
train_ep_000323,loc__maidens_cottage__ce8fe6f9,maidens cottage,Countryside
train_ep_000324,loc__tree_of_spirits__e757fcef,tree of spirits,Trail
train_ep_000325,loc__royal_tomb__1b57a10e,royal tomb,Inside Temple
train_ep_000326,loc__popes_dormitory__ddb11751,popes dormitory,Inside Church
train_ep_000327,loc__horse_s_stables__0cd4df4c,horse's stables,Outside Cottage
train_ep_000328,loc__hunting_grounds__6ac15b3d,hunting grounds,Trail
train_ep_000329,loc__queen_s_quarters__22b70e95,queen's quarters,Inside Palace
train_ep_000330,loc__cemetery__dccbebc2,cemetery,Wasteland
train_ep_000331,loc__artillery_room__9af01c49,artillery room,Inside Tower
train_ep_000332,loc__knight_s_hunting_ground__09b79c95,knight's hunting ground,Trail
train_ep_000333,loc__priest_s_chambers__1ebce5c5,priest's chambers,Inside Temple
train_ep_000334,loc__royal_shipyard__fc976e6e,royal shipyard,Port
train_ep_000335,loc__village_at_the_base_of_the_mountain__47dbe2ea,village at the base of the mountain,Mountain
train_ep_000336,loc__armory__f1c6e216,armory,Inside Tower
train_ep_000337,loc__ruin_of_a_house__62eef8f7,ruin of a house,Wasteland
train_ep_000338,loc__tent__7b65dcf0,tent,Desert
train_ep_000339,loc__inside_the_temple__573b0d5f,inside the temple,Inside Temple
train_ep_000340,loc__boat_house__62b9e6c4,boat house,Port
train_ep_000341,loc__kings_bedroom__64489025,kings bedroom,Inside Castle
train_ep_000342,loc__forest__f379cfd7,forest,Countryside
train_ep_000343,loc__lush_meadow_in_the_country_side__d9fa9500,lush meadow in the country side,Countryside
train_ep_000344,loc__kings_bed_room__b1f6b2b3,kings bed room,Inside Castle
train_ep_000345,loc__ferry_terminal__e6bf99dd,ferry terminal,Port
train_ep_000346,loc__bed_chambers__67892844,bed chambers,Inside Palace
train_ep_000347,loc__temple_foyer__c0b5e90a,temple foyer,Inside Temple
train_ep_000348,loc__front_altar__819cc2dd,front altar,Inside Temple
train_ep_000349,loc__desert_tent__a1a041ce,desert tent,Wasteland
train_ep_000350,loc__northern_shore__e8588ae1,northern shore,Lake
train_ep_000351,loc__grassy_plains__ecb71cc6,grassy plains,Trail
train_ep_000352,loc__great_armory__8a3248e6,great armory,Inside Castle
train_ep_000353,loc__dancing_stoat__a6b60c83,dancing stoat,Town
train_ep_000354,loc__paladins_memorial_chapel__3b8a3ef4,paladins' memorial chapel,Inside Church
train_ep_000355,loc__banquet_hall__b7ba191c,banquet hall,Inside Castle
train_ep_000357,loc__pond__d873154f,pond,Wasteland
train_ep_000358,loc__horse_stables__3ab0f4c8,horse stables,Outside Castle
train_ep_000359,loc__rectory__af9459b5,rectory,Inside Church
train_ep_000360,loc__orc_cave__9c2ad64e,orc cave,Cave
train_ep_000361,loc__church_entryway__b0c14c9f,church entryway,Inside Church
train_ep_000362,loc__large_farm__653ba215,large farm,Farm
train_ep_000363,loc__firewood_forest__049c4d45,firewood forest,Forest
train_ep_000364,loc__church_field__80ff45f8,church field,Outside Church
train_ep_000365,loc__lower_dungeon_guard_room__f88d3041,lower dungeon guard room,Dungeon
train_ep_000366,loc__in_front_of_a_stone_tower__79dd0512,in front of a stone tower,Outside Tower
train_ep_000367,loc__hilltop_temple_grounds__9a75117c,hilltop temple grounds,Outside Temple
train_ep_000368,loc__castle_maids_room__208d485a,castle maids' room,Inside Castle
train_ep_000369,loc__turquoise_shore__9c4dff53,turquoise shore,Shore
train_ep_000370,loc__forsaken_castle__e4d7c5af,forsaken castle,Abandoned
train_ep_000371,loc__abandoned_mine__75691f18,abandoned mine,Mountain
train_ep_000372,loc__fishmonger_s_stall__b989772f,fishmonger's stall,Port
train_ep_000373,loc__beach__7193529a,beach,Shore
train_ep_000374,loc__abandoned_mine__75691f18,abandoned mine,Abandoned
train_ep_000375,loc__bamboo_hut__fe75e1af,bamboo hut,Jungle
train_ep_000376,loc__dungeon__e0dc3209,dungeon,Inside Palace
train_ep_000377,loc__prayer_room__b4ab9d1e,prayer room,Inside Temple
train_ep_000378,loc__barn__5dfcc0aa,barn,Farm
train_ep_000379,loc__cemetery__dccbebc2,cemetery,Graveyard
train_ep_000380,loc__hilltop_temple_grounds__9a75117c,hilltop temple grounds,Outside Temple
train_ep_000381,loc__castle_maids_room__208d485a,castle maids' room,Inside Castle
train_ep_000382,loc__privy_room__3e3bfa73,privy room,Inside Castle
train_ep_000383,loc__inside_temple__78c8ad2b,inside temple,Inside Temple
train_ep_000384,loc__fishmonger_s_stall__b989772f,fishmonger's stall,Port
train_ep_000385,loc__abandoned_mine__75691f18,abandoned mine,Mountain
train_ep_000386,loc__beach__7193529a,beach,Shore
train_ep_000387,loc__bamboo_hut__fe75e1af,bamboo hut,Jungle
train_ep_000388,loc__dungeon__e0dc3209,dungeon,Inside Palace
train_ep_000389,loc__path_in_forest__b615034b,path in forest,Trail
train_ep_000390,loc__prayer_room__b4ab9d1e,prayer room,Inside Temple
train_ep_000391,loc__barn__5dfcc0aa,barn,Farm
train_ep_000392,loc__cemetery__dccbebc2,cemetery,Graveyard
train_ep_000393,loc__lighthouse__fad0ce22,lighthouse,Shore
train_ep_000394,loc__enormous_church_entrance_door__4425590a,enormous church entrance door,Outside Church
train_ep_000395,loc__hilltop_temple_grounds__9a75117c,hilltop temple grounds,Outside Temple
train_ep_000396,loc__privy_room__3e3bfa73,privy room,Inside Castle
train_ep_000397,loc__castle_courtyard_bazaar__f18a3852,castle courtyard bazaar,Bazaar
train_ep_000398,loc__unexplored_jungle__ff39ded3,unexplored jungle,Jungle
train_ep_000399,loc__haunted_swamp__8ecea208,haunted swamp,Swamp
train_ep_000400,loc__turquoise_shore__9c4dff53,turquoise shore,Shore
train_ep_000401,loc__great_hall__91ce0dd0,great hall,Inside Tower
train_ep_000402,loc__unfinished_mausoleum__d8f26138,unfinished mausoleum,Graveyard
train_ep_000403,loc__abandoned_mine__75691f18,abandoned mine,Mountain
train_ep_000404,loc__cemetery__dccbebc2,cemetery,Graveyard
train_ep_000405,loc__beach__7193529a,beach,Shore
train_ep_000406,loc__path_in_forest__b615034b,path in forest,Trail
train_ep_000407,loc__prayer_room__b4ab9d1e,prayer room,Inside Temple
train_ep_000408,loc__barn__5dfcc0aa,barn,Farm
train_ep_000409,loc__meadow__07a42035,meadow,Countryside
train_ep_000410,loc__confessional__f24d3972,confessional,Inside Church
train_ep_000411,loc__queen_s_bedchamber__25802711,queen's bedchamber,Inside Palace
train_ep_000412,loc__cave__e386df9e,cave,Mountain
train_ep_000413,loc__altar_room__cbf077bb,altar room,Inside Temple
train_ep_000414,loc__torture_room__87c0e788,torture room,Dungeon
train_ep_000415,loc__island__3dbacfd7,island,Lake
train_ep_000416,loc__lighthouse__fad0ce22,lighthouse,Shore
train_ep_000417,loc__bar__37b51d19,bar,Tavern
train_ep_000418,loc__watchtower__2275d0f0,watchtower,Outside Tower
train_ep_000419,loc__port_tavern__48d771c2,port tavern,Port
train_ep_000420,loc__dungeon__e0dc3209,dungeon,Inside Castle
train_ep_000421,loc__outside_temple__4d6f89cb,outside temple,Outside Temple
train_ep_000422,loc__master_bedroom__ee30383a,master bedroom,Inside Palace
train_ep_000423,loc__graveyard__7b3ab674,graveyard,Graveyard
train_ep_000424,loc__outside_castle__fd9e3171,outside castle,Outside Castle
train_ep_000425,loc__opening_to_the_drawbridge_of_the_castle__7901de11,opening to the drawbridge of the castle,Trail
train_ep_000426,loc__troll_s_bridge__934a7368,troll's bridge,Swamp
train_ep_000427,loc__barn__5dfcc0aa,barn,Farm
train_ep_000428,loc__wooded_magical_village__0d0cf6a7,wooded magical village,Forest
train_ep_000429,loc__abandoned_castle_on_an_ocean_cliff_side__2a4a7700,abandoned castle on an ocean cliff side,Abandoned
train_ep_000430,loc__inside_a_desolate_cave__62f3c8b1,inside a desolate cave,Dungeon
train_ep_000431,loc__underground_chamber__d71a7d7a,underground chamber,Cave
train_ep_000432,loc__knights_quarters__d1135fd1,knights quarters,Inside Castle
train_ep_000433,loc__dwarven_city__24e5c23d,dwarven city,Mountain
train_ep_000434,loc__outside_the_church_of_monks__12e0820b,outside the church of monks,Outside Church
train_ep_000435,loc__inside_the_unicorn_palace__56787601,inside the unicorn palace,Inside Palace
train_ep_000436,loc__werewolves_tavern__a0b69047,werewolves tavern,Tavern
train_ep_000437,loc__inside_temple__78c8ad2b,inside temple,Inside Temple
train_ep_000438,loc__witches_cottage__6a123241,witches cottage,Outside Cottage
train_ep_000439,loc__fairy_forest__c73e62c1,fairy forest,Forest
train_ep_000440,loc__dining_hall__10c40af2,dining hall,Inside Tower
train_ep_000441,loc__confessional_room__22bf6614,confessional room,Inside Church
train_ep_000442,loc__dungeon__e0dc3209,dungeon,Inside Castle
train_ep_000443,loc__castle__9355a9f9,castle,Inside Castle
train_ep_000444,loc__docks__d1b1bb99,docks,Port
train_ep_000445,loc__tower__79835ea3,tower,Outside Tower
train_ep_000446,loc__bazaar__8c5c7284,bazaar,Bazaar
train_ep_000447,loc__sacred_temple__0ee6dca9,sacred temple,Inside Church
train_ep_000448,loc__lagoon__664a6ce4,lagoon,Lake
train_ep_000449,loc__inside_the_temple__573b0d5f,inside the temple,Inside Temple
train_ep_000450,loc__cave__e386df9e,cave,Cave
train_ep_000451,loc__jungle__5d991220,jungle,Jungle
train_ep_000452,loc__lake__97d986e2,lake,Lake
train_ep_000453,loc__outside_church__9f23256f,outside church,Outside Church
train_ep_000454,loc__mud_pit__7a862ed0,mud pit,Jungle
train_ep_000455,loc__military_outpost_at_the_heart_of_the_swamp__0b91dfd0,military outpost at the heart of the swamp,Swamp
train_ep_000456,loc__royal_kitchen__fca4f709,royal kitchen,Inside Palace
train_ep_000457,loc__inside_tower__3d67c0a7,inside tower,Inside Tower
train_ep_000458,loc__abandoned_shack__d3865a64,abandoned shack,Wasteland
train_ep_000459,loc__princess_library__7426d41f,princess' library,Inside Palace
train_ep_000460,loc__treasure_cavern__26b58d7a,treasure cavern,Inside Temple
train_ep_000461,loc__yurt__e67b7569,yurt,Desert
train_ep_000462,loc__spice_stall__5ddd9bb4,spice stall,Bazaar
train_ep_000463,loc__bathroom__67518d64,bathroom,Inside Tower
train_ep_000464,loc__tree_house__493a5d1a,tree house,Jungle
train_ep_000465,loc__main_hall__8f1c5099,main hall,Inside Palace
train_ep_000466,loc__living_quarters__26fbc0ca,living quarters,Farm
train_ep_000467,loc__town_square__4d10acd1,town square,Town
train_ep_000468,loc__kings_chambers__3b38188f,kings chambers,Inside Palace
train_ep_000469,loc__trash_heap__0e440590,trash heap,Wasteland
train_ep_000470,loc__large_galleon__0e3d3ca8,large galleon,Port
train_ep_000471,loc__kitchen__09228dac,kitchen,Inside Cottage
train_ep_000472,loc__tree_house__493a5d1a,tree house,Jungle
train_ep_000473,loc__dark_cave__b9185199,dark cave,Cave
train_ep_000474,loc__black_smiths_shop__5379f4dc,black smiths shop,Town
train_ep_000475,loc__lakeside_house__e89e18cd,lakeside house,Lake
train_ep_000476,loc__armory__f1c6e216,armory,Inside Castle
train_ep_000477,loc__torture_chamber__11dfca19,torture chamber,Dungeon
train_ep_000478,loc__bedroom__cff8b1fe,bedroom,Inside Cottage
train_ep_000479,loc__throne_room__f4977c99,throne room,Shore
train_ep_000480,loc__jail_room__4ad818b4,jail room,Inside Tower
train_ep_000481,loc__town_theater__8fa3302e,town theater,Town
train_ep_000482,loc__clergyman_s_office__30ca015e,clergyman's office,Inside Temple
train_ep_000483,loc__top_of_a_tall_tree__6c2eb414,top of a tall tree,Jungle
train_ep_000484,loc__secret_oasis__4b7fea6a,secret oasis,Desert
train_ep_000485,loc__town__7198cda5,town,Town
train_ep_000486,loc__meditation_room__40c0a44e,meditation room,Inside Temple
train_ep_000487,loc__tower_base__11a0e527,tower base,Outside Tower
train_ep_000488,loc__spiral_staircase__031e4915,spiral staircase,Inside Tower
train_ep_000489,loc__confessional__f24d3972,confessional,Inside Church
train_ep_000490,loc__marketplace__bc5986eb,marketplace,Port
train_ep_000491,loc__beyond_the_wall__adff6e1c,beyond the wall,Outside Castle
train_ep_000492,loc__land_beyond_the_wasteland__0b3b29ad,land beyond the wasteland,Abandoned
train_ep_000493,loc__behind_the_servant_quarters__9413241c,behind the servant quarters,Wasteland
train_ep_000494,loc__adjacent_to_the_guest_castle__7becb0d5,adjacent to the guest castle,Farm
train_ep_000495,loc__market_center__f92392bc,market center,Tavern
train_ep_000496,loc__chapel__5ee4b863,chapel,Inside Church
train_ep_000497,loc__bar__37b51d19,bar,Tavern
train_ep_000498,loc__battleship__e82a29f3,battleship,Shore
train_ep_000499,loc__banquet_hall__b7ba191c,banquet hall,Inside Castle
train_ep_000500,loc__cabin__92faafe2,cabin,Countryside
train_ep_000501,loc__pew__08db7753,pew,Inside Church
train_ep_000502,loc__shop_in_bazaar__bb1b9374,shop in bazaar,Bazaar
train_ep_000503,loc__dock_at_the_port__eaf44017,dock at the port,Port
train_ep_000504,loc__witch_s_house__f92034cd,witch's house,Swamp
train_ep_000505,loc__within_the_walls_of_the_city__ccd0198d,within the walls of the city,Inside Tower
train_ep_000506,loc__queen_s_chamber__e51179c6,queen's chamber,Inside Palace
train_ep_000507,loc__cottage__144deb32,cottage,Countryside
train_ep_000508,loc__dining_hall__10c40af2,dining hall,Inside Palace
train_ep_000509,loc__nave__bfe4b52c,nave,Inside Church
train_ep_000510,loc__king_s_quarters__b44e1648,king's quarters,Shore
train_ep_000511,loc__weapon_closet__20098437,weapon closet,Inside Tower
train_ep_000512,loc__inside_church__aab73af9,inside church,Inside Church
train_ep_000513,loc__training_fields__20aac210,training fields,Outside Palace
train_ep_000514,loc__nursery__a718a874,nursery,Inside Palace
train_ep_000515,loc__royal_stables__25af2687,royal stables,Outside Castle
train_ep_000516,loc__kitchen__09228dac,kitchen,Tavern
train_ep_000517,loc__kitchen__09228dac,kitchen,Inside Cottage
train_ep_000518,loc__library__d521f765,library,Inside Castle
train_ep_000519,loc__courtyard__2c2bf458,courtyard,Outside Palace
train_ep_000520,loc__dining_hall__10c40af2,dining hall,Inside Castle
train_ep_000521,loc__troll_s_lair__218cc09b,troll's lair,Cave
train_ep_000522,loc__barracks__2ce29011,barracks,Outside Castle
train_ep_000523,loc__throne_room__f4977c99,throne room,Inside Tower
train_ep_000524,loc__brush_den__e1300d94,brush den,Forest
train_ep_000525,loc__next_to_an_altar__6252d8d6,next to an altar,Inside Church
train_ep_000526,loc__ball_room__e26306dc,ball room,Inside Palace
train_ep_000527,loc__along_the_banks_of_a_river_in_the_forest__1893d3d3,along the banks of a river in the forest,Forest
train_ep_000528,loc__king_s_bedroom__03fb30e9,king's bedroom,Inside Palace
train_ep_000529,loc__jewelry_stall__2ec13fd4,jewelry stall,Bazaar
train_ep_000530,loc__winter_gardens__e59bb816,winter gardens,Outside Tower
train_ep_000531,loc__servant_s_quarters__2ab37024,servant's quarters,Inside Palace
train_ep_000532,loc__cursed_grave__7f5aabe1,cursed grave,Graveyard
train_ep_000533,loc__foyer__114ad31a,foyer,Inside Palace
train_ep_000534,loc__old_red_barn__d6b0cfd8,old red barn,Farm
train_ep_000535,loc__cactus_field__ce508a05,cactus field,Desert
train_ep_000536,loc__high_priest_chamber__3d59d244,high priest chamber,Inside Church
train_ep_000537,loc__beside_church_pews__8d83bdb7,beside church pews,Inside Church
train_ep_000538,loc__beach_house__64bd4f8d,beach house,Shore
train_ep_000539,loc__mushroom_hut__8bb7cd75,mushroom hut,Outside Cottage
train_ep_000540,loc__palace_throne__edc54e5f,palace throne,Inside Palace
train_ep_000541,loc__palace_kitchen__4dee9bb6,palace kitchen,Inside Palace
train_ep_000542,loc__beside_temple_entrance__b712f707,beside temple entrance,Outside Temple
train_ep_000543,loc__castle_armory__c05c8115,castle armory,Inside Castle
train_ep_000544,loc__tower_sewers__135799e5,tower sewers,Inside Tower
train_ep_000545,loc__towering_mesa__148ef02b,towering mesa,Desert
train_ep_000546,loc__gold_mine__23a64f00,gold mine,Abandoned
train_ep_000547,loc__room_at_the_top_of_the_tower__bebc68b6,room at the top of the tower,Inside Castle
train_ep_000548,loc__public_execution_stand__ec1c97f7,public execution stand,Bazaar
train_ep_000549,loc__sitting_room__152ab82c,sitting room,Inside Cottage
train_ep_000550,loc__whipping_station__cd58acd7,whipping station,Outside Church
train_ep_000551,loc__oasis__335ffbcf,oasis,Desert
train_ep_000552,loc__beach_house__64bd4f8d,beach house,Shore
train_ep_000553,loc__farmer_hill__b21f8161,farmer hill,Outside Cottage
train_ep_000554,loc__hall_of_echoes__55050f7d,hall of echoes,Inside Temple
train_ep_000555,loc__bathing_room__e8175c31,bathing room,Inside Temple
train_ep_000556,loc__show_room_inside_the_castle__f6ac41dd,show room inside the castle,Inside Castle
train_ep_000557,loc__inside_church_back_row__5cc901b4,inside church back row,Inside Church
train_ep_000558,loc__town_of_anoria__bfbab07a,town of anoria,Town
train_ep_000559,loc__tavern_of_browntavia__0bc98c5d,tavern of browntavia,Tavern
train_ep_000560,loc__bone_pit__bec80d68,bone pit,Outside Temple
train_ep_000561,loc__sacrificial_altar__0974214f,sacrificial altar,Inside Temple
train_ep_000562,loc__murder_hole__da3df777,murder hole,Inside Tower
train_ep_000563,loc__personal_quarters__5bdf1559,personal quarters,Inside Palace
train_ep_000564,loc__library__d521f765,library,Inside Castle
train_ep_000565,loc__main_entrance__68f3df62,main entrance,Outside Temple
train_ep_000566,loc__ruined_house__b253dd25,ruined house,Abandoned
train_ep_000567,loc__storage_room__ab9f0184,storage room,Dungeon
train_ep_000568,loc__study_room__5698bd87,study room,Inside Church
train_ep_000569,loc__weapon_room__a7162ba9,weapon room,Inside Temple
train_ep_000570,loc__entrance__2a20afe0,entrance,Cave
train_ep_000571,loc__armory__f1c6e216,armory,Inside Castle
train_ep_000572,loc__clearing__5832a4d8,clearing,Jungle
train_ep_000573,loc__storage_room__ab9f0184,storage room,Tavern
train_ep_000574,loc__graveyard__7b3ab674,graveyard,Outside Church
train_ep_000575,loc__torture_room__87c0e788,torture room,Dungeon
train_ep_000576,loc__main_hallway__840c1503,main hallway,Inside Palace
train_ep_000577,loc__temple_entrance__71ae50b0,temple entrance,Outside Temple
train_ep_000578,loc__grand_ballroom__52b4001e,grand ballroom,Inside Castle
train_ep_000579,loc__old_crypt__9f170f50,old crypt,Graveyard
train_ep_000580,loc__weathered_shack__8c23b906,weathered shack,Abandoned
train_ep_000581,loc__staircase__7dbf02f9,staircase,Inside Tower
train_ep_000582,loc__tree_of_spirits__e757fcef,tree of spirits,Trail
train_ep_000583,loc__brim_canal__7a498e16,brim canal,Lake
train_ep_000584,loc__grand_dining_room__8cb359cc,grand dining room,Inside Palace
train_ep_000585,loc__maidens_cottage__ce8fe6f9,maidens cottage,Countryside
train_ep_000586,loc__horse_s_stables__0cd4df4c,horse's stables,Outside Cottage
train_ep_000587,loc__prisoner_s_cell__bf78e6a1,prisoner's cell,Dungeon
train_ep_000588,loc__cemetery__dccbebc2,cemetery,Wasteland
train_ep_000589,loc__queen_s_quarters__22b70e95,queen's quarters,Inside Palace
train_ep_000590,loc__artillery_room__9af01c49,artillery room,Inside Tower
train_ep_000591,loc__archery_zone__fdb7c330,archery zone,Outside Castle
train_ep_000592,loc__knight_s_hunting_ground__09b79c95,knight's hunting ground,Trail
train_ep_000593,loc__priest_s_chambers__1ebce5c5,priest's chambers,Inside Temple
train_ep_000594,loc__kitchen__09228dac,kitchen,Inside Castle
train_ep_000595,loc__king_s_chambers__e3e597fe,king's chambers,Inside Palace
train_ep_000596,loc__armory__f1c6e216,armory,Inside Tower
train_ep_000597,loc__master_bedroom__ee30383a,master bedroom,Inside Castle
train_ep_000598,loc__outpost__9e81fdfb,outpost,Mountain
train_ep_000599,loc__ritual_room__4574deb8,ritual room,Inside Temple
train_ep_000600,loc__front_of_the_cottage__908b24e7,front of the cottage,Outside Cottage
train_ep_000601,loc__village_at_the_base_of_the_mountain__47dbe2ea,village at the base of the mountain,Mountain
train_ep_000602,loc__tent__7b65dcf0,tent,Desert
train_ep_000603,loc__confession_box__fb7e21f1,confession box,Inside Church
train_ep_000604,loc__bandit_lair__90d428ee,bandit lair,Cave
train_ep_000605,loc__kings_bedroom__64489025,kings bedroom,Inside Castle
train_ep_000606,loc__ruin_of_a_house__62eef8f7,ruin of a house,Wasteland
train_ep_000607,loc__inside_the_temple__573b0d5f,inside the temple,Inside Temple
train_ep_000608,loc__stream__f7b44cfa,stream,Forest
train_ep_000609,loc__lush_meadow_in_the_country_side__d9fa9500,lush meadow in the country side,Countryside
train_ep_000610,loc__town_in_the_desert__fff2a6b4,town in the desert,Wasteland
train_ep_000611,loc__kings_bed_room__b1f6b2b3,kings bed room,Inside Castle
train_ep_000612,loc__front_row__ec5571ef,front row,Inside Church
train_ep_000613,loc__ferry_terminal__e6bf99dd,ferry terminal,Port
train_ep_000614,loc__front_altar__819cc2dd,front altar,Inside Temple
train_ep_000615,loc__desert_tent__a1a041ce,desert tent,Wasteland
train_ep_000616,loc__grassy_plains__ecb71cc6,grassy plains,Trail
train_ep_000618,loc__great_armory__8a3248e6,great armory,Inside Castle
train_ep_000619,loc__dancing_stoat__a6b60c83,dancing stoat,Town
train_ep_000620,loc__shrine_of_sretniy__c5cdca48,shrine of sretniy,Inside Temple
train_ep_000621,loc__banquet_hall__b7ba191c,banquet hall,Inside Castle
train_ep_000622,loc__pond__d873154f,pond,Wasteland
train_ep_000623,loc__horse_stables__3ab0f4c8,horse stables,Outside Castle
train_ep_000624,loc__rectory__af9459b5,rectory,Inside Church
train_ep_000625,loc__fishing_shack__be027604,fishing shack,Lake
train_ep_000626,loc__orc_cave__9c2ad64e,orc cave,Cave
train_ep_000627,loc__simple_town__9836124a,simple town,Town
train_ep_000628,loc__church_entryway__b0c14c9f,church entryway,Inside Church
train_ep_000629,loc__firewood_forest__049c4d45,firewood forest,Forest
train_ep_000630,loc__temple_gardens__e5c59366,temple gardens,Outside Temple
train_ep_000631,loc__church_field__80ff45f8,church field,Outside Church
train_ep_000632,loc__lower_dungeon_guard_room__f88d3041,lower dungeon guard room,Dungeon
train_ep_000633,loc__meadow__07a42035,meadow,Countryside
train_ep_000634,loc__mysterious_forest_outskirts__78c6782b,mysterious forest outskirts,Forest
train_ep_000635,loc__castle_farm__90bc7176,castle farm,Farm
train_ep_000636,loc__in_front_of_a_stone_tower__79dd0512,in front of a stone tower,Outside Tower
train_ep_000637,loc__cottage_entryway__e5f1139f,cottage entryway,Inside Cottage
train_ep_000638,loc__wet_dungeon__b3fe19bc,wet dungeon,Dungeon
train_ep_000639,loc__hilltop_temple_grounds__9a75117c,hilltop temple grounds,Outside Temple
train_ep_000640,loc__castle_maids_room__208d485a,castle maids' room,Inside Castle
train_ep_000641,loc__castle_courtyard_bazaar__f18a3852,castle courtyard bazaar,Bazaar
train_ep_000642,loc__unexplored_jungle__ff39ded3,unexplored jungle,Jungle
train_ep_000643,loc__haunted_swamp__8ecea208,haunted swamp,Swamp
train_ep_000644,loc__turquoise_shore__9c4dff53,turquoise shore,Shore
train_ep_000645,loc__abandoned_mine__75691f18,abandoned mine,Mountain
train_ep_000646,loc__forsaken_castle__e4d7c5af,forsaken castle,Abandoned
train_ep_000647,loc__great_hall__91ce0dd0,great hall,Inside Tower
train_ep_000648,loc__beach__7193529a,beach,Shore
train_ep_000649,loc__abandoned_mine__75691f18,abandoned mine,Abandoned
train_ep_000650,loc__dungeon__e0dc3209,dungeon,Inside Palace
train_ep_000651,loc__prayer_room__b4ab9d1e,prayer room,Inside Temple
train_ep_000652,loc__barn__5dfcc0aa,barn,Farm
train_ep_000653,loc__cemetery__dccbebc2,cemetery,Graveyard
train_ep_000654,loc__queen_s_bedchamber__25802711,queen's bedchamber,Inside Palace
train_ep_000655,loc__cave__e386df9e,cave,Mountain
train_ep_000656,loc__confessional__f24d3972,confessional,Inside Church
train_ep_000657,loc__altar_room__cbf077bb,altar room,Inside Temple
train_ep_000658,loc__island__3dbacfd7,island,Lake
train_ep_000659,loc__bar__37b51d19,bar,Tavern
train_ep_000660,loc__lighthouse__fad0ce22,lighthouse,Shore
train_ep_000661,loc__port_tavern__48d771c2,port tavern,Port
train_ep_000662,loc__prison_room__075cec3e,prison room,Inside Tower
train_ep_000663,loc__dungeon__e0dc3209,dungeon,Inside Castle
train_ep_000664,loc__master_bedroom__ee30383a,master bedroom,Inside Palace
train_ep_000665,loc__outside_temple__4d6f89cb,outside temple,Outside Temple
train_ep_000666,loc__graveyard__7b3ab674,graveyard,Graveyard
train_ep_000667,loc__outside_castle__fd9e3171,outside castle,Outside Castle
train_ep_000668,loc__opening_to_the_drawbridge_of_the_castle__7901de11,opening to the drawbridge of the castle,Trail
train_ep_000669,loc__barn__5dfcc0aa,barn,Farm
train_ep_000670,loc__wooded_magical_village__0d0cf6a7,wooded magical village,Forest
train_ep_000671,loc__abandoned_castle_on_an_ocean_cliff_side__2a4a7700,abandoned castle on an ocean cliff side,Abandoned
train_ep_000672,loc__knights_quarters__d1135fd1,knights quarters,Inside Castle
train_ep_000673,loc__dwarven_city__24e5c23d,dwarven city,Mountain
train_ep_000674,loc__outside_the_church_of_monks__12e0820b,outside the church of monks,Outside Church
train_ep_000675,loc__underground_chamber__d71a7d7a,underground chamber,Cave
train_ep_000676,loc__temple_courtyard__c65f7648,temple courtyard,Outside Temple
train_ep_000677,loc__inside_the_unicorn_palace__56787601,inside the unicorn palace,Inside Palace
train_ep_000678,loc__inside_temple__78c8ad2b,inside temple,Inside Temple
train_ep_000679,loc__werewolves_tavern__a0b69047,werewolves tavern,Tavern
train_ep_000680,loc__witches_cottage__6a123241,witches cottage,Outside Cottage
train_ep_000681,loc__inside_the_king_s_palace__ad1ed203,inside the king's palace,Inside Palace
train_ep_000682,loc__inside_the_fairy_temple__748c1bf3,inside the fairy temple,Inside Temple
train_ep_000683,loc__fairy_forest__c73e62c1,fairy forest,Forest
train_ep_000684,loc__inside_the_fairies_church__7a838b07,inside the fairies church,Inside Church
train_ep_000685,loc__inside_temple__78c8ad2b,inside temple,Inside Temple
train_ep_000686,loc__dining_hall__10c40af2,dining hall,Inside Tower
train_ep_000687,loc__confessional_room__22bf6614,confessional room,Inside Church
train_ep_000688,loc__wizard_s_quarters__e0890c7c,wizard's quarters,Outside Tower
train_ep_000689,loc__cave__e386df9e,cave,Cave
train_ep_000690,loc__castle__9355a9f9,castle,Inside Castle
train_ep_000691,loc__tower__79835ea3,tower,Outside Tower
train_ep_000692,loc__docks__d1b1bb99,docks,Port
train_ep_000693,loc__royal_gardens__e410d0fe,royal gardens,Outside Palace
train_ep_000694,loc__lagoon__664a6ce4,lagoon,Lake
train_ep_000695,loc__sacred_temple__0ee6dca9,sacred temple,Inside Church
train_ep_000696,loc__lake__97d986e2,lake,Lake
train_ep_000697,loc__outside_church__9f23256f,outside church,Outside Church
train_ep_000698,loc__riverbed__acbe6245,riverbed,Forest
train_ep_000699,loc__military_outpost_at_the_heart_of_the_swamp__0b91dfd0,military outpost at the heart of the swamp,Swamp
train_ep_000700,loc__royal_kitchen__fca4f709,royal kitchen,Inside Palace
train_ep_000701,loc__abandoned_shack__d3865a64,abandoned shack,Wasteland
train_ep_000702,loc__spice_stall__5ddd9bb4,spice stall,Bazaar
train_ep_000703,loc__bathroom__67518d64,bathroom,Inside Tower
train_ep_000704,loc__tree_house__493a5d1a,tree house,Jungle
train_ep_000705,loc__main_hall__8f1c5099,main hall,Inside Palace
train_ep_000706,loc__town_square__4d10acd1,town square,Town
train_ep_000707,loc__kings_chambers__3b38188f,kings chambers,Inside Palace
train_ep_000708,loc__entrance_to_the_pine_trees__857c5da1,entrance to the pine trees,Forest
train_ep_000709,loc__tree_house__493a5d1a,tree house,Jungle
train_ep_000710,loc__courtyard__2c2bf458,courtyard,Outside Palace
train_ep_000711,loc__large_galleon__0e3d3ca8,large galleon,Port
train_ep_000712,loc__kitchen__09228dac,kitchen,Inside Cottage
train_ep_000713,loc__top_side_tower_overlooking_view__8b843a89,top side tower overlooking view,Outside Tower
train_ep_000714,loc__lakeside_house__e89e18cd,lakeside house,Lake
train_ep_000715,loc__bedroom__cff8b1fe,bedroom,Inside Cottage
train_ep_000716,loc__treasure_room__5acf31fd,treasure room,Inside Castle
train_ep_000717,loc__barn__5dfcc0aa,barn,Farm
train_ep_000718,loc__coast__756d153b,coast,Shore
train_ep_000719,loc__bat_room__c322be72,bat room,Cave
train_ep_000720,loc__choir_room__35978911,choir room,Inside Church
train_ep_000721,loc__jail_room__4ad818b4,jail room,Inside Tower
train_ep_000722,loc__town_theater__8fa3302e,town theater,Town
train_ep_000723,loc__underground_cavern__2714911b,underground cavern,Cave
train_ep_000724,loc__top_of_a_tall_tree__6c2eb414,top of a tall tree,Jungle
train_ep_000725,loc__dining_hall__10c40af2,dining hall,Inside Castle
train_ep_000726,loc__summit__cc8c6287,summit,Mountain
train_ep_000727,loc__secret_oasis__4b7fea6a,secret oasis,Desert
train_ep_000728,loc__town__7198cda5,town,Town
train_ep_000729,loc__meditation_room__40c0a44e,meditation room,Inside Temple
train_ep_000730,loc__tombstones_of_the_kings__f98f35ed,tombstones of the kings,Graveyard
train_ep_000731,loc__sanctuary__80452c45,sanctuary,Inside Church
train_ep_000732,loc__rectory__af9459b5,rectory,Inside Church
train_ep_000733,loc__loading_dock__2e35f637,loading dock,Port
train_ep_000734,loc__king_s_quarters__b44e1648,king's quarters,Inside Tower
train_ep_000735,loc__oracle_cave__d32dc815,oracle cave,Mountain
train_ep_000736,loc__marketplace__bc5986eb,marketplace,Port
train_ep_000737,loc__beyond_the_wall__adff6e1c,beyond the wall,Outside Castle
train_ep_000738,loc__land_beyond_the_wasteland__0b3b29ad,land beyond the wasteland,Abandoned
train_ep_000739,loc__behind_the_servant_quarters__9413241c,behind the servant quarters,Wasteland
train_ep_000740,loc__inside_the_king_s_castle__afab450e,inside the king's castle,Inside Tower
train_ep_000741,loc__within_the_king_s_mansion__ffdc1072,within the king's mansion,Inside Temple
train_ep_000742,loc__market_center__f92392bc,market center,Tavern
train_ep_000743,loc__chapel__5ee4b863,chapel,Inside Church
train_ep_000744,loc__bar__37b51d19,bar,Tavern
train_ep_000745,loc__battleship__e82a29f3,battleship,Shore
train_ep_000746,loc__banquet_hall__b7ba191c,banquet hall,Inside Castle
train_ep_000747,loc__entrance_to_castle__6ce4a988,entrance to castle,Outside Castle
train_ep_000748,loc__shop_in_bazaar__bb1b9374,shop in bazaar,Bazaar
train_ep_000749,loc__cabin__92faafe2,cabin,Countryside
train_ep_000750,loc__dock_at_the_port__eaf44017,dock at the port,Port
train_ep_000751,loc__cottage__144deb32,cottage,Countryside
train_ep_000752,loc__bog__e07cd172,bog,Swamp
train_ep_000753,loc__dining_hall__10c40af2,dining hall,Inside Palace
train_ep_000754,loc__nave__bfe4b52c,nave,Inside Church
train_ep_000755,loc__weapon_closet__20098437,weapon closet,Inside Tower
train_ep_000756,loc__king_s_quarters__b44e1648,king's quarters,Shore
train_ep_000757,loc__princess_chamber__b18da5a3,princess' chamber,Inside Tower
train_ep_000758,loc__inside_church__aab73af9,inside church,Inside Church
train_ep_000759,loc__nursery__a718a874,nursery,Inside Palace
train_ep_000760,loc__royal_stables__25af2687,royal stables,Outside Castle
train_ep_000761,loc__boathouse__f1916d48,boathouse,Swamp
train_ep_000762,loc__tool_shed__5a0c79ce,tool shed,Outside Cottage
train_ep_000763,loc__kitchen__09228dac,kitchen,Inside Cottage
train_ep_000764,loc__library__d521f765,library,Inside Castle
train_ep_000765,loc__dining_hall__10c40af2,dining hall,Inside Castle
train_ep_000766,loc__courtyard__2c2bf458,courtyard,Outside Palace
train_ep_000767,loc__barracks__2ce29011,barracks,Outside Castle
train_ep_000768,loc__troll_s_lair__218cc09b,troll's lair,Cave
train_ep_000769,loc__throne_room__f4977c99,throne room,Inside Tower
train_ep_000770,loc__next_to_an_altar__6252d8d6,next to an altar,Inside Church
train_ep_000771,loc__king_s_bedroom__03fb30e9,king's bedroom,Inside Palace
train_ep_000772,loc__jewelry_stall__2ec13fd4,jewelry stall,Bazaar
train_ep_000773,loc__winter_gardens__e59bb816,winter gardens,Outside Tower
train_ep_000774,loc__servant_s_quarters__2ab37024,servant's quarters,Inside Palace
train_ep_000775,loc__cursed_grave__7f5aabe1,cursed grave,Graveyard
train_ep_000776,loc__foyer__114ad31a,foyer,Inside Palace
train_ep_000777,loc__hall_of_the_goddess__7c0819d4,hall of the goddess,Inside Temple
train_ep_000778,loc__throne__253d405e,throne,Inside Palace
train_ep_000779,loc__desert_cavern__9287fea8,desert cavern,Desert
train_ep_000780,loc__cactus_field__ce508a05,cactus field,Desert
train_ep_000781,loc__fishing_pier__fd5d48a9,fishing pier,Shore
train_ep_000782,loc__high_priest_chamber__3d59d244,high priest chamber,Inside Church
train_ep_000783,loc__sacrifice_chamber__8aaf85ac,sacrifice chamber,Inside Temple
train_ep_000784,loc__beach_house__64bd4f8d,beach house,Shore
train_ep_000785,loc__beside_tower_entrance__4289dcc4,beside tower entrance,Inside Tower
train_ep_000786,loc__pirate_ship__a3eb0b34,pirate ship,Port
train_ep_000787,loc__hillside_manor__b1ec6b5a,hillside manor,Countryside
train_ep_000788,loc__palace_kitchen__4dee9bb6,palace kitchen,Inside Palace
train_ep_000789,loc__inside_cottage_kitchen__5eaa1ce9,inside cottage kitchen,Inside Cottage
train_ep_000790,loc__pig_pen__cd6444b3,pig pen,Countryside
train_ep_000791,loc__beside_temple_entrance__b712f707,beside temple entrance,Outside Temple
train_ep_000792,loc__castle_armory__c05c8115,castle armory,Inside Castle
train_ep_000793,loc__towering_mesa__148ef02b,towering mesa,Desert
train_ep_000794,loc__hillside_mansion__369afa4b,hillside mansion,Countryside
train_ep_000795,loc__palace_ballroom__e83afcc3,palace ballroom,Inside Palace
train_ep_000796,loc__church_altar__b46bba3c,church altar,Inside Church
train_ep_000797,loc__tower_sewers__135799e5,tower sewers,Inside Tower
train_ep_000798,loc__inside_temple_crypt__eb261a98,inside temple crypt,Inside Temple
train_ep_000799,loc__small_hut__78dbc695,small hut,Jungle
train_ep_000800,loc__gold_mine__23a64f00,gold mine,Abandoned
train_ep_000801,loc__stable__f40faf63,stable,Outside Castle
train_ep_000802,loc__room_at_the_top_of_the_tower__bebc68b6,room at the top of the tower,Inside Castle
train_ep_000803,loc__public_execution_stand__ec1c97f7,public execution stand,Bazaar
train_ep_000804,loc__sitting_room__152ab82c,sitting room,Inside Cottage
train_ep_000805,loc__whipping_station__cd58acd7,whipping station,Outside Church
train_ep_000806,loc__bedding_room__8584585f,bedding room,Inside Palace
train_ep_000807,loc__fountain__79de7a61,fountain,Graveyard
train_ep_000808,loc__beach_house__64bd4f8d,beach house,Shore
train_ep_000809,loc__stained_glass_room__fe4963f3,stained glass room,Inside Church
train_ep_000810,loc__farmer_hill__b21f8161,farmer hill,Outside Cottage
train_ep_000811,loc__hall_of_echoes__55050f7d,hall of echoes,Inside Temple
train_ep_000812,loc__bathing_room__e8175c31,bathing room,Inside Temple
train_ep_000813,loc__mysterious_shop__454073ca,mysterious shop,Bazaar
train_ep_000814,loc__show_room_inside_the_castle__f6ac41dd,show room inside the castle,Inside Castle
train_ep_000815,loc__inside_church_back_row__5cc901b4,inside church back row,Inside Church
train_ep_000816,loc__town_of_anoria__bfbab07a,town of anoria,Town
train_ep_000817,loc__tavern_of_browntavia__0bc98c5d,tavern of browntavia,Tavern
train_ep_000818,loc__bone_pit__bec80d68,bone pit,Outside Temple
train_ep_000819,loc__sacrificial_altar__0974214f,sacrificial altar,Inside Temple
train_ep_000820,loc__murder_hole__da3df777,murder hole,Inside Tower
train_ep_000821,loc__dungeon__e0dc3209,dungeon,Inside Temple
train_ep_000822,loc__personal_quarters__5bdf1559,personal quarters,Inside Palace
train_ep_000823,loc__dining_hall__10c40af2,dining hall,Inside Tower
train_ep_000824,loc__bank__bd5af1f6,bank,Swamp
train_ep_000825,loc__library__d521f765,library,Inside Castle
train_ep_000826,loc__study_room__5698bd87,study room,Inside Church
train_ep_000827,loc__main_entrance__68f3df62,main entrance,Outside Temple
train_ep_000828,loc__garden__e2704f30,garden,Outside Palace
train_ep_000829,loc__ruined_house__b253dd25,ruined house,Abandoned
train_ep_000830,loc__reception_area__9f5fd34c,reception area,Graveyard
train_ep_000831,loc__dock__05debdb8,dock,Port
train_ep_000832,loc__small_graveyard__d12232a8,small graveyard,Outside Cottage
train_ep_000833,loc__entrance__2a20afe0,entrance,Cave
train_ep_000834,loc__armory__f1c6e216,armory,Inside Castle
train_ep_000835,loc__stable__f40faf63,stable,Farm
train_ep_000836,loc__storage_room__ab9f0184,storage room,Tavern
train_ep_000837,loc__clearing__5832a4d8,clearing,Jungle
train_ep_000838,loc__nave__bfe4b52c,nave,Inside Church
train_ep_000839,loc__courtyard__2c2bf458,courtyard,Outside Palace
train_ep_000840,loc__torture_room__87c0e788,torture room,Dungeon
train_ep_000841,loc__main_hallway__840c1503,main hallway,Inside Palace
train_ep_000842,loc__hidden_passageway__d7cdebb5,hidden passageway,Inside Temple
train_ep_000843,loc__old_crypt__9f170f50,old crypt,Graveyard
train_ep_000844,loc__castle_kitchen__b00392de,castle kitchen,Inside Castle
train_ep_000845,loc__weathered_shack__8c23b906,weathered shack,Abandoned
train_ep_000846,loc__royal_tomb__1b57a10e,royal tomb,Inside Temple
train_ep_000847,loc__debtor_s_prison__ea99977f,debtor's prison,Inside Tower
train_ep_000848,loc__temple_entrance__71ae50b0,temple entrance,Outside Temple
train_ep_000849,loc__staircase__7dbf02f9,staircase,Inside Tower
train_ep_000850,loc__tree_of_spirits__e757fcef,tree of spirits,Trail
train_ep_000851,loc__popes_dormitory__ddb11751,popes dormitory,Inside Church
train_ep_000852,loc__grand_dining_room__8cb359cc,grand dining room,Inside Palace
train_ep_000853,loc__maidens_cottage__ce8fe6f9,maidens cottage,Countryside
train_ep_000854,loc__horse_s_stables__0cd4df4c,horse's stables,Outside Cottage
train_ep_000855,loc__horse_field__eeae819a,horse field,Countryside
train_ep_000856,loc__hunting_grounds__6ac15b3d,hunting grounds,Trail
train_ep_000857,loc__prisoner_s_cell__bf78e6a1,prisoner's cell,Dungeon
train_ep_000858,loc__artillery_room__9af01c49,artillery room,Inside Tower
train_ep_000859,loc__queen_s_quarters__22b70e95,queen's quarters,Inside Palace
train_ep_000860,loc__cemetery__dccbebc2,cemetery,Wasteland
train_ep_000861,loc__knight_s_hunting_ground__09b79c95,knight's hunting ground,Trail
train_ep_000862,loc__priest_s_chambers__1ebce5c5,priest's chambers,Inside Temple
train_ep_000863,loc__kitchen__09228dac,kitchen,Inside Castle
train_ep_000864,loc__king_s_chambers__e3e597fe,king's chambers,Inside Palace
train_ep_000865,loc__master_bedroom__ee30383a,master bedroom,Inside Castle
train_ep_000866,loc__outpost__9e81fdfb,outpost,Mountain
train_ep_000867,loc__royal_shipyard__fc976e6e,royal shipyard,Port
train_ep_000868,loc__ritual_room__4574deb8,ritual room,Inside Temple
train_ep_000869,loc__front_of_the_cottage__908b24e7,front of the cottage,Outside Cottage
train_ep_000870,loc__village_at_the_base_of_the_mountain__47dbe2ea,village at the base of the mountain,Mountain
train_ep_000871,loc__armory__f1c6e216,armory,Inside Tower
train_ep_000872,loc__confession_box__fb7e21f1,confession box,Inside Church
train_ep_000873,loc__bandit_lair__90d428ee,bandit lair,Cave
train_ep_000874,loc__ruin_of_a_house__62eef8f7,ruin of a house,Wasteland
train_ep_000875,loc__tent__7b65dcf0,tent,Desert
train_ep_000876,loc__inside_the_temple__573b0d5f,inside the temple,Inside Temple
train_ep_000877,loc__boat_house__62b9e6c4,boat house,Port
train_ep_000878,loc__forest__f379cfd7,forest,Countryside
train_ep_000879,loc__lush_meadow_in_the_country_side__d9fa9500,lush meadow in the country side,Countryside
train_ep_000880,loc__small_town_located_in_the_hills__d4698af1,small town located in the hills,Town
train_ep_000881,loc__town_in_the_desert__fff2a6b4,town in the desert,Wasteland
train_ep_000882,loc__primary_cave__755e8817,primary cave,Cave
train_ep_000883,loc__chapel_of_the_eight__e35d875d,chapel of the eight,Inside Castle
train_ep_000884,loc__bed_chambers__67892844,bed chambers,Inside Palace
train_ep_000885,loc__modest_living_area__fe2770f1,modest living area,Inside Cottage
train_ep_000886,loc__front_altar__819cc2dd,front altar,Inside Temple
train_ep_000887,loc__desert_tent__a1a041ce,desert tent,Wasteland
train_ep_000888,loc__northern_shore__e8588ae1,northern shore,Lake
train_ep_000889,loc__grassy_plains__ecb71cc6,grassy plains,Trail
train_ep_000890,loc__old_gnaisha_s__d05194f9,old gnaisha's,Bazaar
train_ep_000891,loc__paladins_memorial_chapel__3b8a3ef4,paladins' memorial chapel,Inside Church
train_ep_000892,loc__shrine_of_sretniy__c5cdca48,shrine of sretniy,Inside Temple
train_ep_000893,loc__desert_land__d9285c9c,desert land,Desert
train_ep_000895,loc__pond__d873154f,pond,Wasteland
train_ep_000896,loc__fishing_shack__be027604,fishing shack,Lake
train_ep_000897,loc__horse_stables__3ab0f4c8,horse stables,Outside Castle
train_ep_000898,loc__simple_town__9836124a,simple town,Town
train_ep_000899,loc__church_entryway__b0c14c9f,church entryway,Inside Church
train_ep_000900,loc__large_farm__653ba215,large farm,Farm
train_ep_000901,loc__temple_gardens__e5c59366,temple gardens,Outside Temple
train_ep_000902,loc__southernmost_tower_entryway__af5a2a89,southernmost tower entryway,Inside Tower
train_ep_000903,loc__meadow__07a42035,meadow,Countryside
train_ep_000904,loc__central_bazaar__afde3f95,central bazaar,Bazaar
train_ep_000905,loc__mysterious_forest_outskirts__78c6782b,mysterious forest outskirts,Forest
train_ep_000906,loc__castle_farm__90bc7176,castle farm,Farm
train_ep_000907,loc__lower_dungeon_guard_room__f88d3041,lower dungeon guard room,Dungeon
train_ep_000908,loc__cottage_safe_room__ce08f1a3,cottage safe-room,Inside Cottage
train_ep_000909,loc__in_front_of_a_stone_tower__79dd0512,in front of a stone tower,Outside Tower
train_ep_000910,loc__small_church__9543420f,small church,Inside Church
train_ep_000911,loc__enormous_church_entrance_door__4425590a,enormous church entrance door,Outside Church
train_ep_000912,loc__castle_maids_room__208d485a,castle maids' room,Inside Castle
train_ep_000913,loc__privy_room__3e3bfa73,privy room,Inside Castle
train_ep_000914,loc__castle_courtyard_bazaar__f18a3852,castle courtyard bazaar,Bazaar
train_ep_000915,loc__inside_temple__78c8ad2b,inside temple,Inside Temple
train_ep_000916,loc__haunted_swamp__8ecea208,haunted swamp,Swamp
train_ep_000917,loc__forsaken_castle__e4d7c5af,forsaken castle,Abandoned
train_ep_000918,loc__great_hall__91ce0dd0,great hall,Inside Tower
train_ep_000919,loc__unfinished_mausoleum__d8f26138,unfinished mausoleum,Graveyard
train_ep_000920,loc__fishmonger_s_stall__b989772f,fishmonger's stall,Port
train_ep_000921,loc__beach__7193529a,beach,Shore
train_ep_000922,loc__abandoned_mine__75691f18,abandoned mine,Abandoned
train_ep_000923,loc__dungeon__e0dc3209,dungeon,Inside Palace
train_ep_000924,loc__path_in_forest__b615034b,path in forest,Trail
train_ep_000925,loc__prayer_room__b4ab9d1e,prayer room,Inside Temple
train_ep_000926,loc__barn__5dfcc0aa,barn,Farm
train_ep_000927,loc__cemetery__dccbebc2,cemetery,Graveyard
train_ep_000928,loc__meadow__07a42035,meadow,Countryside
train_ep_000929,loc__queen_s_bedchamber__25802711,queen's bedchamber,Inside Palace
train_ep_000930,loc__altar_room__cbf077bb,altar room,Inside Temple
train_ep_000931,loc__torture_room__87c0e788,torture room,Dungeon
train_ep_000932,loc__island__3dbacfd7,island,Lake
train_ep_000933,loc__lighthouse__fad0ce22,lighthouse,Shore
train_ep_000934,loc__bar__37b51d19,bar,Tavern
train_ep_000935,loc__watchtower__2275d0f0,watchtower,Outside Tower
train_ep_000936,loc__port_tavern__48d771c2,port tavern,Port
train_ep_000937,loc__dungeon__e0dc3209,dungeon,Inside Castle
train_ep_000938,loc__prison_room__075cec3e,prison room,Inside Tower
train_ep_000939,loc__bell_tower__53496f39,bell tower,Inside Church
train_ep_000940,loc__troll_s_bridge__934a7368,troll's bridge,Swamp
train_ep_000941,loc__barn__5dfcc0aa,barn,Farm
train_ep_000942,loc__dungeon_within_a_castle__30c5909c,dungeon within a castle,Dungeon
train_ep_000943,loc__wooded_magical_village__0d0cf6a7,wooded magical village,Forest
train_ep_000944,loc__abandoned_castle_on_an_ocean_cliff_side__2a4a7700,abandoned castle on an ocean cliff side,Abandoned
train_ep_000945,loc__inside_a_desolate_cave__62f3c8b1,inside a desolate cave,Dungeon
train_ep_000946,loc__dwarven_city__24e5c23d,dwarven city,Mountain
train_ep_000947,loc__underground_chamber__d71a7d7a,underground chamber,Cave
train_ep_000948,loc__outside_the_church_of_monks__12e0820b,outside the church of monks,Outside Church
train_ep_000949,loc__temple_courtyard__c65f7648,temple courtyard,Outside Temple
train_ep_000950,loc__inside_the_unicorn_palace__56787601,inside the unicorn palace,Inside Palace
train_ep_000951,loc__werewolves_tavern__a0b69047,werewolves tavern,Tavern
train_ep_000952,loc__inside_temple__78c8ad2b,inside temple,Inside Temple
train_ep_000953,loc__witches_cottage__6a123241,witches cottage,Outside Cottage
train_ep_000954,loc__inside_the_fairy_temple__748c1bf3,inside the fairy temple,Inside Temple
train_ep_000955,loc__fairy_forest__c73e62c1,fairy forest,Forest
train_ep_000956,loc__inside_the_fairies_church__7a838b07,inside the fairies church,Inside Church
train_ep_000957,loc__inside_the_king_s_palace__ad1ed203,inside the king's palace,Inside Palace
train_ep_000958,loc__inside_temple__78c8ad2b,inside temple,Inside Temple
train_ep_000959,loc__dining_hall__10c40af2,dining hall,Inside Tower
train_ep_000960,loc__confessional_room__22bf6614,confessional room,Inside Church
train_ep_000961,loc__wizard_s_quarters__e0890c7c,wizard's quarters,Outside Tower
train_ep_000962,loc__castle__9355a9f9,castle,Inside Castle
train_ep_000963,loc__cave__e386df9e,cave,Cave
train_ep_000964,loc__castle__9355a9f9,castle,Inside Castle
train_ep_000965,loc__bazaar__8c5c7284,bazaar,Bazaar
train_ep_000966,loc__bazaar__8c5c7284,bazaar,Bazaar
train_ep_000967,loc__tower__79835ea3,tower,Outside Tower
train_ep_000968,loc__royal_gardens__e410d0fe,royal gardens,Outside Palace
train_ep_000969,loc__docks__d1b1bb99,docks,Port
train_ep_000970,loc__sacred_temple__0ee6dca9,sacred temple,Inside Church
train_ep_000971,loc__lagoon__664a6ce4,lagoon,Lake
train_ep_000972,loc__inside_the_temple__573b0d5f,inside the temple,Inside Temple
train_ep_000973,loc__cave__e386df9e,cave,Cave
train_ep_000974,loc__outside_tower__7dc67c9f,outside tower,Outside Tower
train_ep_000975,loc__jungle__5d991220,jungle,Jungle
train_ep_000976,loc__lake__97d986e2,lake,Lake
train_ep_000977,loc__outside_church__9f23256f,outside church,Outside Church
train_ep_000978,loc__mud_pit__7a862ed0,mud pit,Jungle
train_ep_000979,loc__military_outpost_at_the_heart_of_the_swamp__0b91dfd0,military outpost at the heart of the swamp,Swamp
train_ep_000980,loc__inside_tower__3d67c0a7,inside tower,Inside Tower
train_ep_000981,loc__royal_kitchen__fca4f709,royal kitchen,Inside Palace
train_ep_000982,loc__abandoned_shack__d3865a64,abandoned shack,Wasteland
train_ep_000983,loc__princess_library__7426d41f,princess' library,Inside Palace
train_ep_000984,loc__yurt__e67b7569,yurt,Desert
train_ep_000985,loc__spice_stall__5ddd9bb4,spice stall,Bazaar
train_ep_000986,loc__treasure_cavern__26b58d7a,treasure cavern,Inside Temple
train_ep_000987,loc__bathroom__67518d64,bathroom,Inside Tower
train_ep_000988,loc__tree_house__493a5d1a,tree house,Jungle
train_ep_000989,loc__main_hall__8f1c5099,main hall,Inside Palace
train_ep_000990,loc__town_square__4d10acd1,town square,Town
train_ep_000991,loc__kings_chambers__3b38188f,kings chambers,Inside Palace
train_ep_000992,loc__living_quarters__26fbc0ca,living quarters,Farm
train_ep_000993,loc__entrance_to_the_pine_trees__857c5da1,entrance to the pine trees,Forest
train_ep_000994,loc__courtyard__2c2bf458,courtyard,Outside Palace
train_ep_000995,loc__large_galleon__0e3d3ca8,large galleon,Port
train_ep_000996,loc__kitchen__09228dac,kitchen,Inside Cottage
train_ep_000997,loc__tree_house__493a5d1a,tree house,Jungle
train_ep_000998,loc__dark_cave__b9185199,dark cave,Cave
train_ep_000999,loc__top_side_tower_overlooking_view__8b843a89,top side tower overlooking view,Outside Tower
train_ep_001000,loc__black_smiths_shop__5379f4dc,black smiths shop,Town
train_ep_001001,loc__armory__f1c6e216,armory,Inside Castle
train_ep_001002,loc__torture_chamber__11dfca19,torture chamber,Dungeon
train_ep_001003,loc__bedroom__cff8b1fe,bedroom,Inside Cottage
train_ep_001004,loc__treasure_room__5acf31fd,treasure room,Inside Castle
train_ep_001005,loc__barn__5dfcc0aa,barn,Farm
train_ep_001006,loc__throne_room__f4977c99,throne room,Shore
train_ep_001007,loc__bat_room__c322be72,bat room,Cave
train_ep_001008,loc__choir_room__35978911,choir room,Inside Church
train_ep_001009,loc__jail_room__4ad818b4,jail room,Inside Tower
train_ep_001010,loc__town_theater__8fa3302e,town theater,Town
train_ep_001011,loc__clergyman_s_office__30ca015e,clergyman's office,Inside Temple
train_ep_001012,loc__underground_cavern__2714911b,underground cavern,Cave
train_ep_001013,loc__moat__3c3a57f1,moat,Outside Palace
train_ep_001014,loc__bedroom__cff8b1fe,bedroom,Inside Cottage
train_ep_001015,loc__gathering_room__2b59ea3f,gathering room,Inside Cottage
train_ep_001016,loc__waterfall__911b1ca4,waterfall,Mountain
train_ep_001017,loc__grand_dancing_hall__7dd99710,grand dancing hall,Inside Palace
train_ep_001018,loc__dining_hall__10c40af2,dining hall,Inside Castle
train_ep_001019,loc__summit__cc8c6287,summit,Mountain
train_ep_001020,loc__scenic_overlook__9ccff5f9,scenic overlook,Trail
train_ep_001021,loc__secret_oasis__4b7fea6a,secret oasis,Desert
train_ep_001022,loc__town__7198cda5,town,Town
train_ep_001023,loc__sanctuary__80452c45,sanctuary,Inside Church
train_ep_001024,loc__tombstones_of_the_kings__f98f35ed,tombstones of the kings,Graveyard
train_ep_001025,loc__rectory__af9459b5,rectory,Inside Church
train_ep_001026,loc__loading_dock__2e35f637,loading dock,Port
train_ep_001027,loc__mountain_peak__924f5a88,mountain peak,Mountain
train_ep_001028,loc__tower_base__11a0e527,tower base,Outside Tower
train_ep_001029,loc__king_s_quarters__b44e1648,king's quarters,Inside Tower
train_ep_001030,loc__oracle_cave__d32dc815,oracle cave,Mountain
train_ep_001031,loc__spiral_staircase__031e4915,spiral staircase,Inside Tower
train_ep_001032,loc__confessional__f24d3972,confessional,Inside Church
train_ep_001033,loc__marketplace__bc5986eb,marketplace,Port
train_ep_001034,loc__beyond_the_wall__adff6e1c,beyond the wall,Outside Castle
train_ep_001035,loc__behind_the_servant_quarters__9413241c,behind the servant quarters,Wasteland
train_ep_001036,loc__adjacent_to_the_guest_castle__7becb0d5,adjacent to the guest castle,Farm
train_ep_001037,loc__inside_the_king_s_castle__afab450e,inside the king's castle,Inside Tower
train_ep_001038,loc__across_the_king_s_garden__82bbf802,across the king's garden,Trail
train_ep_001039,loc__within_the_king_s_mansion__ffdc1072,within the king's mansion,Inside Temple
train_ep_001040,loc__market_center__f92392bc,market center,Tavern
train_ep_001041,loc__battleship__e82a29f3,battleship,Shore
train_ep_001042,loc__chapel__5ee4b863,chapel,Inside Church
train_ep_001043,loc__bar__37b51d19,bar,Tavern
train_ep_001044,loc__banquet_hall__b7ba191c,banquet hall,Inside Castle
train_ep_001045,loc__entrance_to_castle__6ce4a988,entrance to castle,Outside Castle
train_ep_001046,loc__pew__08db7753,pew,Inside Church
train_ep_001047,loc__shop_in_bazaar__bb1b9374,shop in bazaar,Bazaar
train_ep_001048,loc__dock_at_the_port__eaf44017,dock at the port,Port
train_ep_001049,loc__dock__05debdb8,dock,Lake
train_ep_001050,loc__within_the_walls_of_the_city__ccd0198d,within the walls of the city,Inside Tower
train_ep_001051,loc__bog__e07cd172,bog,Swamp
train_ep_001052,loc__witch_s_house__f92034cd,witch's house,Swamp
train_ep_001053,loc__queen_s_chamber__e51179c6,queen's chamber,Inside Palace
train_ep_001054,loc__cottage__144deb32,cottage,Countryside
train_ep_001055,loc__dining_hall__10c40af2,dining hall,Inside Palace
train_ep_001056,loc__nave__bfe4b52c,nave,Inside Church
train_ep_001057,loc__king_s_quarters__b44e1648,king's quarters,Shore
train_ep_001058,loc__weapon_closet__20098437,weapon closet,Inside Tower
train_ep_001059,loc__princess_chamber__b18da5a3,princess' chamber,Inside Tower
train_ep_001060,loc__inside_church__aab73af9,inside church,Inside Church
train_ep_001061,loc__training_fields__20aac210,training fields,Outside Palace
train_ep_001062,loc__nursery__a718a874,nursery,Inside Palace
train_ep_001063,loc__royal_stables__25af2687,royal stables,Outside Castle
train_ep_001064,loc__kitchen__09228dac,kitchen,Tavern
train_ep_001065,loc__boathouse__f1916d48,boathouse,Swamp
train_ep_001066,loc__tool_shed__5a0c79ce,tool shed,Outside Cottage
train_ep_001067,loc__kitchen__09228dac,kitchen,Inside Cottage
train_ep_001068,loc__library__d521f765,library,Inside Castle
train_ep_001069,loc__dining_hall__10c40af2,dining hall,Inside Castle
train_ep_001070,loc__troll_s_lair__218cc09b,troll's lair,Cave
train_ep_001071,loc__barracks__2ce29011,barracks,Outside Castle
train_ep_001072,loc__throne_room__f4977c99,throne room,Inside Tower
train_ep_001073,loc__brush_den__e1300d94,brush den,Forest
train_ep_001074,loc__next_to_an_altar__6252d8d6,next to an altar,Inside Church
train_ep_001075,loc__along_the_banks_of_a_river_in_the_forest__1893d3d3,along the banks of a river in the forest,Forest
train_ep_001076,loc__winter_gardens__e59bb816,winter gardens,Outside Tower
train_ep_001077,loc__king_s_bedroom__03fb30e9,king's bedroom,Inside Palace
train_ep_001078,loc__jewelry_stall__2ec13fd4,jewelry stall,Bazaar
train_ep_001079,loc__servant_s_quarters__2ab37024,servant's quarters,Inside Palace
train_ep_001080,loc__cursed_grave__7f5aabe1,cursed grave,Graveyard
train_ep_001081,loc__foyer__114ad31a,foyer,Inside Palace
train_ep_001082,loc__guard_shack__0ef62152,guard shack,Outside Tower
train_ep_001083,loc__hall_of_the_goddess__7c0819d4,hall of the goddess,Inside Temple
train_ep_001084,loc__cactus_field__ce508a05,cactus field,Desert
train_ep_001085,loc__throne__253d405e,throne,Inside Palace
train_ep_001086,loc__old_red_barn__d6b0cfd8,old red barn,Farm
train_ep_001087,loc__fishing_pier__fd5d48a9,fishing pier,Shore
train_ep_001088,loc__beach_house__64bd4f8d,beach house,Shore
train_ep_001089,loc__high_priest_chamber__3d59d244,high priest chamber,Inside Church
train_ep_001090,loc__quicksand_pit__591e521d,quicksand pit,Swamp
train_ep_001091,loc__sacrifice_chamber__8aaf85ac,sacrifice chamber,Inside Temple
train_ep_001092,loc__mushroom_hut__8bb7cd75,mushroom hut,Outside Cottage
train_ep_001093,loc__pirate_ship__a3eb0b34,pirate ship,Port
train_ep_001094,loc__beside_tower_entrance__4289dcc4,beside tower entrance,Inside Tower
train_ep_001095,loc__palace_throne__edc54e5f,palace throne,Inside Palace
train_ep_001096,loc__palace_kitchen__4dee9bb6,palace kitchen,Inside Palace
train_ep_001097,loc__inside_cottage_kitchen__5eaa1ce9,inside cottage kitchen,Inside Cottage
train_ep_001098,loc__hillside_manor__b1ec6b5a,hillside manor,Countryside
train_ep_001099,loc__pig_pen__cd6444b3,pig pen,Countryside
train_ep_001100,loc__beside_church_entrance__2206aedf,beside church entrance,Outside Church
train_ep_001101,loc__castle_armory__c05c8115,castle armory,Inside Castle
train_ep_001102,loc__hillside_mansion__369afa4b,hillside mansion,Countryside
train_ep_001103,loc__palace_ballroom__e83afcc3,palace ballroom,Inside Palace
train_ep_001104,loc__tower_sewers__135799e5,tower sewers,Inside Tower
train_ep_001105,loc__towering_mesa__148ef02b,towering mesa,Desert
train_ep_001106,loc__inside_temple_crypt__eb261a98,inside temple crypt,Inside Temple
train_ep_001107,loc__small_hut__78dbc695,small hut,Jungle
train_ep_001108,loc__gold_mine__23a64f00,gold mine,Abandoned
train_ep_001109,loc__stable__f40faf63,stable,Outside Castle
train_ep_001110,loc__room_at_the_top_of_the_tower__bebc68b6,room at the top of the tower,Inside Castle
train_ep_001111,loc__lonely_island__941f1782,lonely island,Abandoned
train_ep_001112,loc__public_execution_stand__ec1c97f7,public execution stand,Bazaar
train_ep_001113,loc__sitting_room__152ab82c,sitting room,Inside Cottage
train_ep_001114,loc__whipping_station__cd58acd7,whipping station,Outside Church
train_ep_001115,loc__bedding_room__8584585f,bedding room,Inside Palace
train_ep_001116,loc__prison_room__075cec3e,prison room,Inside Tower
train_ep_001117,loc__fountain__79de7a61,fountain,Graveyard
train_ep_001118,loc__oasis__335ffbcf,oasis,Desert
train_ep_001119,loc__stained_glass_room__fe4963f3,stained glass room,Inside Church
train_ep_001120,loc__farmer_hill__b21f8161,farmer hill,Outside Cottage
train_ep_001121,loc__hall_of_echoes__55050f7d,hall of echoes,Inside Temple
train_ep_001122,loc__bathing_room__e8175c31,bathing room,Inside Temple
train_ep_001123,loc__mysterious_shop__454073ca,mysterious shop,Bazaar
train_ep_001124,loc__show_room_inside_the_castle__f6ac41dd,show room inside the castle,Inside Castle
train_ep_001125,loc__town_of_anoria__bfbab07a,town of anoria,Town
train_ep_001126,loc__tavern_of_browntavia__0bc98c5d,tavern of browntavia,Tavern
train_ep_001127,loc__bone_pit__bec80d68,bone pit,Outside Temple
train_ep_001128,loc__enchanted_light_house__0bd68be0,enchanted light house,Shore
train_ep_001129,loc__sacrificial_altar__0974214f,sacrificial altar,Inside Temple
train_ep_001130,loc__dungeon__e0dc3209,dungeon,Inside Temple
train_ep_001131,loc__dining_hall__10c40af2,dining hall,Inside Tower
train_ep_001132,loc__bank__bd5af1f6,bank,Swamp
train_ep_001133,loc__library__d521f765,library,Inside Castle
train_ep_001134,loc__main_entrance__68f3df62,main entrance,Outside Temple
train_ep_001135,loc__storage_room__ab9f0184,storage room,Dungeon
train_ep_001136,loc__ruined_house__b253dd25,ruined house,Abandoned
train_ep_001137,loc__pond__d873154f,pond,Forest
train_ep_001138,loc__reception_area__9f5fd34c,reception area,Graveyard
train_ep_001139,loc__garden__e2704f30,garden,Outside Palace
train_ep_001140,loc__dock__05debdb8,dock,Port
train_ep_001141,loc__weapon_room__a7162ba9,weapon room,Inside Temple
train_ep_001142,loc__small_graveyard__d12232a8,small graveyard,Outside Cottage
train_ep_001143,loc__entrance__2a20afe0,entrance,Cave
train_ep_001144,loc__armory__f1c6e216,armory,Inside Castle
train_ep_001145,loc__stable__f40faf63,stable,Farm
train_ep_001146,loc__storage_room__ab9f0184,storage room,Tavern
train_ep_001147,loc__clearing__5832a4d8,clearing,Jungle
train_ep_001148,loc__nave__bfe4b52c,nave,Inside Church
train_ep_001149,loc__graveyard__7b3ab674,graveyard,Outside Church
train_ep_001150,loc__stable__f40faf63,stable,Outside Palace
train_ep_001151,loc__courtyard__2c2bf458,courtyard,Outside Palace
train_ep_001152,loc__torture_room__87c0e788,torture room,Dungeon
train_ep_001153,loc__main_hallway__840c1503,main hallway,Inside Palace
train_ep_001154,loc__town_square__4d10acd1,town square,Town
train_ep_001155,loc__hidden_passageway__d7cdebb5,hidden passageway,Inside Temple
train_ep_001156,loc__grand_ballroom__52b4001e,grand ballroom,Inside Castle
train_ep_001157,loc__old_crypt__9f170f50,old crypt,Graveyard
train_ep_001158,loc__castle_kitchen__b00392de,castle kitchen,Inside Castle
train_ep_001159,loc__weathered_shack__8c23b906,weathered shack,Abandoned
train_ep_001160,loc__debtor_s_prison__ea99977f,debtor's prison,Inside Tower
train_ep_001161,loc__staircase__7dbf02f9,staircase,Inside Tower
train_ep_001162,loc__tree_of_spirits__e757fcef,tree of spirits,Trail
train_ep_001163,loc__popes_dormitory__ddb11751,popes dormitory,Inside Church
train_ep_001164,loc__grand_dining_room__8cb359cc,grand dining room,Inside Palace
train_ep_001165,loc__brim_canal__7a498e16,brim canal,Lake
train_ep_001166,loc__maidens_cottage__ce8fe6f9,maidens cottage,Countryside
train_ep_001167,loc__horse_s_stables__0cd4df4c,horse's stables,Outside Cottage
train_ep_001168,loc__prisoner_s_cell__bf78e6a1,prisoner's cell,Dungeon
train_ep_001169,loc__hunting_grounds__6ac15b3d,hunting grounds,Trail
train_ep_001170,loc__queen_s_quarters__22b70e95,queen's quarters,Inside Palace
train_ep_001171,loc__artillery_room__9af01c49,artillery room,Inside Tower
train_ep_001172,loc__kitchen__09228dac,kitchen,Inside Castle
train_ep_001173,loc__master_bedroom__ee30383a,master bedroom,Inside Castle
train_ep_001174,loc__outpost__9e81fdfb,outpost,Mountain
train_ep_001175,loc__royal_shipyard__fc976e6e,royal shipyard,Port
train_ep_001176,loc__ritual_room__4574deb8,ritual room,Inside Temple
train_ep_001177,loc__village_at_the_base_of_the_mountain__47dbe2ea,village at the base of the mountain,Mountain
train_ep_001178,loc__bandit_lair__90d428ee,bandit lair,Cave
train_ep_001179,loc__armory__f1c6e216,armory,Inside Tower
train_ep_001180,loc__ruin_of_a_house__62eef8f7,ruin of a house,Wasteland
train_ep_001181,loc__tent__7b65dcf0,tent,Desert
train_ep_001182,loc__inside_the_temple__573b0d5f,inside the temple,Inside Temple
train_ep_001183,loc__boat_house__62b9e6c4,boat house,Port
train_ep_001184,loc__kings_bedroom__64489025,kings bedroom,Inside Castle
train_ep_001185,loc__stream__f7b44cfa,stream,Forest
train_ep_001186,loc__forest__f379cfd7,forest,Countryside
train_ep_001187,loc__lush_meadow_in_the_country_side__d9fa9500,lush meadow in the country side,Countryside
train_ep_001188,loc__kings_bed_room__b1f6b2b3,kings bed room,Inside Castle
train_ep_001189,loc__front_row__ec5571ef,front row,Inside Church
train_ep_001190,loc__town_in_the_desert__fff2a6b4,town in the desert,Wasteland
train_ep_001191,loc__ferry_terminal__e6bf99dd,ferry terminal,Port
train_ep_001192,loc__bed_chambers__67892844,bed chambers,Inside Palace
train_ep_001193,loc__modest_living_area__fe2770f1,modest living area,Inside Cottage
train_ep_001194,loc__temple_foyer__c0b5e90a,temple foyer,Inside Temple
train_ep_001195,loc__front_altar__819cc2dd,front altar,Inside Temple
train_ep_001196,loc__desert_tent__a1a041ce,desert tent,Wasteland
train_ep_001197,loc__northern_shore__e8588ae1,northern shore,Lake
train_ep_001198,loc__great_armory__8a3248e6,great armory,Inside Castle
train_ep_001199,loc__dancing_stoat__a6b60c83,dancing stoat,Town
train_ep_001200,loc__paladins_memorial_chapel__3b8a3ef4,paladins' memorial chapel,Inside Church
train_ep_001201,loc__shrine_of_sretniy__c5cdca48,shrine of sretniy,Inside Temple
train_ep_001202,loc__banquet_hall__b7ba191c,banquet hall,Inside Castle
train_ep_001204,loc__desert_land__d9285c9c,desert land,Desert
train_ep_001205,loc__pond__d873154f,pond,Wasteland
train_ep_001206,loc__fishing_shack__be027604,fishing shack,Lake
train_ep_001207,loc__horse_stables__3ab0f4c8,horse stables,Outside Castle
train_ep_001208,loc__rectory__af9459b5,rectory,Inside Church
train_ep_001209,loc__orc_cave__9c2ad64e,orc cave,Cave
train_ep_001210,loc__simple_town__9836124a,simple town,Town
train_ep_001211,loc__church_entryway__b0c14c9f,church entryway,Inside Church
train_ep_001212,loc__large_farm__653ba215,large farm,Farm
train_ep_001213,loc__firewood_forest__049c4d45,firewood forest,Forest
train_ep_001214,loc__church_field__80ff45f8,church field,Outside Church
train_ep_001215,loc__central_bazaar__afde3f95,central bazaar,Bazaar
train_ep_001216,loc__southernmost_tower_entryway__af5a2a89,southernmost tower entryway,Inside Tower
train_ep_001217,loc__meadow__07a42035,meadow,Countryside
train_ep_001218,loc__mysterious_forest_outskirts__78c6782b,mysterious forest outskirts,Forest
train_ep_001219,loc__castle_farm__90bc7176,castle farm,Farm
train_ep_001220,loc__lower_dungeon_guard_room__f88d3041,lower dungeon guard room,Dungeon
train_ep_001221,loc__small_church__9543420f,small church,Inside Church
train_ep_001222,loc__cottage_entryway__e5f1139f,cottage entryway,Inside Cottage
train_ep_001223,loc__enormous_church_entrance_door__4425590a,enormous church entrance door,Outside Church
train_ep_001224,loc__hilltop_temple_grounds__9a75117c,hilltop temple grounds,Outside Temple
train_ep_001225,loc__castle_maids_room__208d485a,castle maids' room,Inside Castle
train_ep_001226,loc__privy_room__3e3bfa73,privy room,Inside Castle
train_ep_001227,loc__forsaken_castle__e4d7c5af,forsaken castle,Abandoned
train_ep_001228,loc__unfinished_mausoleum__d8f26138,unfinished mausoleum,Graveyard
train_ep_001229,loc__fishmonger_s_stall__b989772f,fishmonger's stall,Port
train_ep_001230,loc__abandoned_mine__75691f18,abandoned mine,Abandoned
train_ep_001231,loc__bamboo_hut__fe75e1af,bamboo hut,Jungle
train_ep_001232,loc__dungeon__e0dc3209,dungeon,Inside Palace
train_ep_001233,loc__path_in_forest__b615034b,path in forest,Trail
train_ep_001234,loc__prayer_room__b4ab9d1e,prayer room,Inside Temple
train_ep_001235,loc__barn__5dfcc0aa,barn,Farm
train_ep_001236,loc__cemetery__dccbebc2,cemetery,Graveyard
train_ep_001237,loc__meadow__07a42035,meadow,Countryside
train_ep_001238,loc__queen_s_bedchamber__25802711,queen's bedchamber,Inside Palace
train_ep_001239,loc__altar_room__cbf077bb,altar room,Inside Temple
train_ep_001240,loc__confessional__f24d3972,confessional,Inside Church
train_ep_001241,loc__torture_room__87c0e788,torture room,Dungeon
train_ep_001242,loc__lighthouse__fad0ce22,lighthouse,Shore
train_ep_001243,loc__bar__37b51d19,bar,Tavern
train_ep_001244,loc__watchtower__2275d0f0,watchtower,Outside Tower
train_ep_001245,loc__port_tavern__48d771c2,port tavern,Port
train_ep_001246,loc__dungeon__e0dc3209,dungeon,Inside Castle
train_ep_001247,loc__master_bedroom__ee30383a,master bedroom,Inside Palace
train_ep_001248,loc__graveyard__7b3ab674,graveyard,Graveyard
train_ep_001249,loc__outside_castle__fd9e3171,outside castle,Outside Castle
train_ep_001250,loc__bell_tower__53496f39,bell tower,Inside Church
train_ep_001251,loc__troll_s_bridge__934a7368,troll's bridge,Swamp
train_ep_001252,loc__dungeon_within_a_castle__30c5909c,dungeon within a castle,Dungeon
train_ep_001253,loc__wooded_magical_village__0d0cf6a7,wooded magical village,Forest
train_ep_001254,loc__knights_quarters__d1135fd1,knights quarters,Inside Castle
train_ep_001255,loc__dwarven_city__24e5c23d,dwarven city,Mountain
train_ep_001256,loc__underground_chamber__d71a7d7a,underground chamber,Cave
train_ep_001257,loc__outside_the_church_of_monks__12e0820b,outside the church of monks,Outside Church
train_ep_001258,loc__inside_the_unicorn_palace__56787601,inside the unicorn palace,Inside Palace
train_ep_001259,loc__werewolves_tavern__a0b69047,werewolves tavern,Tavern
train_ep_001260,loc__inside_temple__78c8ad2b,inside temple,Inside Temple
train_ep_001261,loc__witches_cottage__6a123241,witches cottage,Outside Cottage
train_ep_001262,loc__inside_the_fairy_temple__748c1bf3,inside the fairy temple,Inside Temple
train_ep_001263,loc__fairy_forest__c73e62c1,fairy forest,Forest
train_ep_001264,loc__inside_the_fairies_church__7a838b07,inside the fairies church,Inside Church
train_ep_001265,loc__inside_the_king_s_palace__ad1ed203,inside the king's palace,Inside Palace
train_ep_001266,loc__inside_temple__78c8ad2b,inside temple,Inside Temple
train_ep_001267,loc__dining_hall__10c40af2,dining hall,Inside Tower
train_ep_001268,loc__confessional_room__22bf6614,confessional room,Inside Church
train_ep_001269,loc__wizard_s_quarters__e0890c7c,wizard's quarters,Outside Tower
train_ep_001270,loc__dungeon__e0dc3209,dungeon,Inside Castle
train_ep_001271,loc__castle__9355a9f9,castle,Inside Castle
train_ep_001272,loc__cave__e386df9e,cave,Cave
train_ep_001273,loc__castle__9355a9f9,castle,Inside Castle
train_ep_001274,loc__tower__79835ea3,tower,Inside Tower
train_ep_001275,loc__tower__79835ea3,tower,Outside Tower
train_ep_001276,loc__royal_gardens__e410d0fe,royal gardens,Outside Palace
train_ep_001277,loc__docks__d1b1bb99,docks,Port
train_ep_001278,loc__sacred_temple__0ee6dca9,sacred temple,Inside Church
train_ep_001279,loc__lagoon__664a6ce4,lagoon,Lake
train_ep_001280,loc__inside_the_temple__573b0d5f,inside the temple,Inside Temple
train_ep_001281,loc__cave__e386df9e,cave,Cave
train_ep_001282,loc__outside_tower__7dc67c9f,outside tower,Outside Tower
train_ep_001283,loc__jungle__5d991220,jungle,Jungle
train_ep_001284,loc__lake__97d986e2,lake,Lake
train_ep_001285,loc__outside_church__9f23256f,outside church,Outside Church
train_ep_001286,loc__riverbed__acbe6245,riverbed,Forest
train_ep_001287,loc__mud_pit__7a862ed0,mud pit,Jungle
train_ep_001288,loc__military_outpost_at_the_heart_of_the_swamp__0b91dfd0,military outpost at the heart of the swamp,Swamp
train_ep_001289,loc__royal_kitchen__fca4f709,royal kitchen,Inside Palace
train_ep_001290,loc__inside_tower__3d67c0a7,inside tower,Inside Tower
train_ep_001291,loc__abandoned_shack__d3865a64,abandoned shack,Wasteland
train_ep_001292,loc__princess_library__7426d41f,princess' library,Inside Palace
train_ep_001293,loc__yurt__e67b7569,yurt,Desert
train_ep_001294,loc__spice_stall__5ddd9bb4,spice stall,Bazaar
train_ep_001295,loc__bathroom__67518d64,bathroom,Inside Tower
train_ep_001296,loc__tree_house__493a5d1a,tree house,Jungle
train_ep_001297,loc__main_hall__8f1c5099,main hall,Inside Palace
train_ep_001298,loc__town_square__4d10acd1,town square,Town
train_ep_001299,loc__living_quarters__26fbc0ca,living quarters,Farm
train_ep_001300,loc__kings_chambers__3b38188f,kings chambers,Inside Palace
train_ep_001301,loc__entrance_to_the_pine_trees__857c5da1,entrance to the pine trees,Forest
train_ep_001302,loc__courtyard__2c2bf458,courtyard,Outside Palace
train_ep_001303,loc__large_galleon__0e3d3ca8,large galleon,Port
train_ep_001304,loc__kitchen__09228dac,kitchen,Inside Cottage
train_ep_001305,loc__tree_house__493a5d1a,tree house,Jungle
train_ep_001306,loc__dark_cave__b9185199,dark cave,Cave
train_ep_001307,loc__top_side_tower_overlooking_view__8b843a89,top side tower overlooking view,Outside Tower
train_ep_001308,loc__lakeside_house__e89e18cd,lakeside house,Lake
train_ep_001309,loc__black_smiths_shop__5379f4dc,black smiths shop,Town
train_ep_001310,loc__armory__f1c6e216,armory,Inside Castle
train_ep_001311,loc__torture_chamber__11dfca19,torture chamber,Dungeon
train_ep_001312,loc__bedroom__cff8b1fe,bedroom,Inside Cottage
train_ep_001313,loc__barn__5dfcc0aa,barn,Farm
train_ep_001314,loc__throne_room__f4977c99,throne room,Shore
train_ep_001315,loc__coast__756d153b,coast,Shore
train_ep_001316,loc__bat_room__c322be72,bat room,Cave
train_ep_001317,loc__choir_room__35978911,choir room,Inside Church
train_ep_001318,loc__jail_room__4ad818b4,jail room,Inside Tower
train_ep_001319,loc__town_theater__8fa3302e,town theater,Town
train_ep_001320,loc__underground_cavern__2714911b,underground cavern,Cave
train_ep_001321,loc__moat__3c3a57f1,moat,Outside Palace
train_ep_001322,loc__bedroom__cff8b1fe,bedroom,Inside Cottage
train_ep_001323,loc__clergyman_s_office__30ca015e,clergyman's office,Inside Temple
train_ep_001324,loc__gathering_room__2b59ea3f,gathering room,Inside Cottage
train_ep_001325,loc__waterfall__911b1ca4,waterfall,Mountain
train_ep_001326,loc__grand_dancing_hall__7dd99710,grand dancing hall,Inside Palace
train_ep_001327,loc__top_of_a_tall_tree__6c2eb414,top of a tall tree,Jungle
train_ep_001328,loc__dining_hall__10c40af2,dining hall,Inside Castle
train_ep_001329,loc__scenic_overlook__9ccff5f9,scenic overlook,Trail
train_ep_001330,loc__secret_oasis__4b7fea6a,secret oasis,Desert
train_ep_001331,loc__town__7198cda5,town,Town
train_ep_001332,loc__tombstones_of_the_kings__f98f35ed,tombstones of the kings,Graveyard
train_ep_001333,loc__sanctuary__80452c45,sanctuary,Inside Church
train_ep_001334,loc__rectory__af9459b5,rectory,Inside Church
train_ep_001335,loc__meditation_room__40c0a44e,meditation room,Inside Temple
train_ep_001336,loc__loading_dock__2e35f637,loading dock,Port
train_ep_001337,loc__mountain_peak__924f5a88,mountain peak,Mountain
train_ep_001338,loc__tower_base__11a0e527,tower base,Outside Tower
train_ep_001339,loc__king_s_quarters__b44e1648,king's quarters,Inside Tower
train_ep_001340,loc__confessional__f24d3972,confessional,Inside Church
train_ep_001341,loc__marketplace__bc5986eb,marketplace,Port
train_ep_001342,loc__beyond_the_wall__adff6e1c,beyond the wall,Outside Castle
train_ep_001343,loc__adjacent_to_the_guest_castle__7becb0d5,adjacent to the guest castle,Farm
train_ep_001344,loc__inside_the_king_s_castle__afab450e,inside the king's castle,Inside Tower
train_ep_001345,loc__market_center__f92392bc,market center,Tavern
train_ep_001346,loc__chapel__5ee4b863,chapel,Inside Church
train_ep_001347,loc__bar__37b51d19,bar,Tavern
train_ep_001348,loc__banquet_hall__b7ba191c,banquet hall,Inside Castle
train_ep_001349,loc__pew__08db7753,pew,Inside Church
train_ep_001350,loc__witch_s_house__f92034cd,witch's house,Swamp
train_ep_001351,loc__within_the_walls_of_the_city__ccd0198d,within the walls of the city,Inside Tower
train_ep_001352,loc__queen_s_chamber__e51179c6,queen's chamber,Inside Palace
train_ep_001353,loc__cottage__144deb32,cottage,Countryside
train_ep_001354,loc__bog__e07cd172,bog,Swamp
train_ep_001355,loc__nave__bfe4b52c,nave,Inside Church
train_ep_001356,loc__weapon_closet__20098437,weapon closet,Inside Tower
train_ep_001357,loc__inside_church__aab73af9,inside church,Inside Church
train_ep_001358,loc__training_fields__20aac210,training fields,Outside Palace
train_ep_001359,loc__nursery__a718a874,nursery,Inside Palace
train_ep_001360,loc__royal_stables__25af2687,royal stables,Outside Castle
train_ep_001361,loc__kitchen__09228dac,kitchen,Tavern
train_ep_001362,loc__boathouse__f1916d48,boathouse,Swamp
train_ep_001363,loc__dining_hall__10c40af2,dining hall,Inside Castle
train_ep_001364,loc__courtyard__2c2bf458,courtyard,Outside Palace
train_ep_001365,loc__barracks__2ce29011,barracks,Outside Castle
train_ep_001366,loc__throne_room__f4977c99,throne room,Inside Tower
train_ep_001367,loc__hilltop_temple_grounds__9a75117c,hilltop temple grounds,Outside Temple
train_ep_001368,loc__castle_maids_room__208d485a,castle maids' room,Inside Castle
train_ep_001369,loc__unexplored_jungle__ff39ded3,unexplored jungle,Jungle
train_ep_001370,loc__castle_courtyard_bazaar__f18a3852,castle courtyard bazaar,Bazaar
train_ep_001371,loc__turquoise_shore__9c4dff53,turquoise shore,Shore
train_ep_001372,loc__great_hall__91ce0dd0,great hall,Inside Tower
train_ep_001373,loc__abandoned_mine__75691f18,abandoned mine,Mountain
train_ep_001374,loc__beach__7193529a,beach,Shore
train_ep_001375,loc__dungeon__e0dc3209,dungeon,Inside Palace
train_ep_001376,loc__path_in_forest__b615034b,path in forest,Trail
train_ep_001377,loc__prayer_room__b4ab9d1e,prayer room,Inside Temple
train_ep_001378,loc__barn__5dfcc0aa,barn,Farm
train_ep_001379,loc__cemetery__dccbebc2,cemetery,Graveyard
train_ep_001380,loc__altar_room__cbf077bb,altar room,Inside Temple
train_ep_001381,loc__torture_room__87c0e788,torture room,Dungeon
train_ep_001382,loc__confessional__f24d3972,confessional,Inside Church
train_ep_001383,loc__island__3dbacfd7,island,Lake
train_ep_001384,loc__bar__37b51d19,bar,Tavern
train_ep_001385,loc__watchtower__2275d0f0,watchtower,Outside Tower
train_ep_001386,loc__port_tavern__48d771c2,port tavern,Port
train_ep_001387,loc__prison_room__075cec3e,prison room,Inside Tower
train_ep_001388,loc__master_bedroom__ee30383a,master bedroom,Inside Palace
train_ep_001389,loc__graveyard__7b3ab674,graveyard,Graveyard
train_ep_001390,loc__troll_s_bridge__934a7368,troll's bridge,Swamp
train_ep_001391,loc__outside_castle__fd9e3171,outside castle,Outside Castle
train_ep_001392,loc__opening_to_the_drawbridge_of_the_castle__7901de11,opening to the drawbridge of the castle,Trail
train_ep_001393,loc__bell_tower__53496f39,bell tower,Inside Church
train_ep_001394,loc__barn__5dfcc0aa,barn,Farm
train_ep_001395,loc__wooded_magical_village__0d0cf6a7,wooded magical village,Forest
train_ep_001396,loc__inside_a_desolate_cave__62f3c8b1,inside a desolate cave,Dungeon
train_ep_001397,loc__dwarven_city__24e5c23d,dwarven city,Mountain
train_ep_001398,loc__knights_quarters__d1135fd1,knights quarters,Inside Castle
train_ep_001399,loc__underground_chamber__d71a7d7a,underground chamber,Cave
train_ep_001400,loc__outside_the_church_of_monks__12e0820b,outside the church of monks,Outside Church
train_ep_001401,loc__fairy_forest__c73e62c1,fairy forest,Forest
train_ep_001402,loc__temple_courtyard__c65f7648,temple courtyard,Outside Temple
train_ep_001403,loc__inside_the_unicorn_palace__56787601,inside the unicorn palace,Inside Palace
train_ep_001404,loc__werewolves_tavern__a0b69047,werewolves tavern,Tavern
train_ep_001405,loc__witches_cottage__6a123241,witches cottage,Outside Cottage
train_ep_001406,loc__inside_temple__78c8ad2b,inside temple,Inside Temple
train_ep_001407,loc__inside_the_fairy_temple__748c1bf3,inside the fairy temple,Inside Temple
train_ep_001408,loc__inside_the_fairies_church__7a838b07,inside the fairies church,Inside Church
train_ep_001409,loc__inside_the_king_s_palace__ad1ed203,inside the king's palace,Inside Palace
train_ep_001410,loc__dining_hall__10c40af2,dining hall,Inside Tower
train_ep_001411,loc__confessional_room__22bf6614,confessional room,Inside Church
train_ep_001412,loc__oasis__335ffbcf,oasis,Desert
train_ep_001413,loc__wizard_s_quarters__e0890c7c,wizard's quarters,Outside Tower
train_ep_001414,loc__cave__e386df9e,cave,Cave
train_ep_001415,loc__dungeon__e0dc3209,dungeon,Inside Castle
train_ep_001416,loc__castle__9355a9f9,castle,Inside Castle
train_ep_001417,loc__castle__9355a9f9,castle,Inside Castle
train_ep_001418,loc__bazaar__8c5c7284,bazaar,Bazaar
train_ep_001419,loc__tower__79835ea3,tower,Inside Tower
train_ep_001420,loc__tower__79835ea3,tower,Outside Tower
train_ep_001421,loc__bazaar__8c5c7284,bazaar,Bazaar
train_ep_001422,loc__royal_gardens__e410d0fe,royal gardens,Outside Palace
train_ep_001423,loc__docks__d1b1bb99,docks,Port
train_ep_001424,loc__sacred_temple__0ee6dca9,sacred temple,Inside Church
train_ep_001425,loc__lagoon__664a6ce4,lagoon,Lake
train_ep_001426,loc__outside_tower__7dc67c9f,outside tower,Outside Tower
train_ep_001427,loc__inside_the_temple__573b0d5f,inside the temple,Inside Temple
train_ep_001428,loc__cave__e386df9e,cave,Cave
train_ep_001429,loc__jungle__5d991220,jungle,Jungle
train_ep_001430,loc__lake__97d986e2,lake,Lake
train_ep_001431,loc__outside_church__9f23256f,outside church,Outside Church
train_ep_001432,loc__riverbed__acbe6245,riverbed,Forest
train_ep_001433,loc__mud_pit__7a862ed0,mud pit,Jungle
train_ep_001434,loc__military_outpost_at_the_heart_of_the_swamp__0b91dfd0,military outpost at the heart of the swamp,Swamp
train_ep_001435,loc__royal_kitchen__fca4f709,royal kitchen,Inside Palace
train_ep_001436,loc__inside_tower__3d67c0a7,inside tower,Inside Tower
train_ep_001437,loc__abandoned_shack__d3865a64,abandoned shack,Wasteland
train_ep_001438,loc__princess_library__7426d41f,princess' library,Inside Palace
train_ep_001439,loc__yurt__e67b7569,yurt,Desert
train_ep_001440,loc__spice_stall__5ddd9bb4,spice stall,Bazaar
train_ep_001441,loc__treasure_cavern__26b58d7a,treasure cavern,Inside Temple
train_ep_001442,loc__bathroom__67518d64,bathroom,Inside Tower
train_ep_001443,loc__tree_house__493a5d1a,tree house,Jungle
train_ep_001444,loc__main_hall__8f1c5099,main hall,Inside Palace
train_ep_001445,loc__town_square__4d10acd1,town square,Town
train_ep_001446,loc__living_quarters__26fbc0ca,living quarters,Farm
train_ep_001447,loc__kings_chambers__3b38188f,kings chambers,Inside Palace
train_ep_001448,loc__trash_heap__0e440590,trash heap,Wasteland
train_ep_001449,loc__entrance_to_the_pine_trees__857c5da1,entrance to the pine trees,Forest
train_ep_001450,loc__courtyard__2c2bf458,courtyard,Outside Palace
train_ep_001451,loc__barn__5dfcc0aa,barn,Farm
train_ep_001452,loc__kitchen__09228dac,kitchen,Inside Cottage
train_ep_001453,loc__tree_house__493a5d1a,tree house,Jungle
train_ep_001454,loc__dark_cave__b9185199,dark cave,Cave
train_ep_001455,loc__top_side_tower_overlooking_view__8b843a89,top side tower overlooking view,Outside Tower
train_ep_001456,loc__black_smiths_shop__5379f4dc,black smiths shop,Town
train_ep_001457,loc__lakeside_house__e89e18cd,lakeside house,Lake
train_ep_001458,loc__armory__f1c6e216,armory,Inside Castle
train_ep_001459,loc__torture_chamber__11dfca19,torture chamber,Dungeon
train_ep_001460,loc__bedroom__cff8b1fe,bedroom,Inside Cottage
train_ep_001461,loc__treasure_room__5acf31fd,treasure room,Inside Castle
train_ep_001462,loc__throne_room__f4977c99,throne room,Shore
train_ep_001463,loc__coast__756d153b,coast,Shore
train_ep_001464,loc__bat_room__c322be72,bat room,Cave
train_ep_001465,loc__choir_room__35978911,choir room,Inside Church
train_ep_001466,loc__jail_room__4ad818b4,jail room,Inside Tower
train_ep_001467,loc__town_theater__8fa3302e,town theater,Town
train_ep_001468,loc__underground_cavern__2714911b,underground cavern,Cave
train_ep_001469,loc__moat__3c3a57f1,moat,Outside Palace
train_ep_001470,loc__bedroom__cff8b1fe,bedroom,Inside Cottage
train_ep_001471,loc__gathering_room__2b59ea3f,gathering room,Inside Cottage
train_ep_001472,loc__grand_dancing_hall__7dd99710,grand dancing hall,Inside Palace
train_ep_001473,loc__top_of_a_tall_tree__6c2eb414,top of a tall tree,Jungle
train_ep_001474,loc__murky_water__7482dbbf,murky water,Swamp
train_ep_001475,loc__dining_hall__10c40af2,dining hall,Inside Castle
train_ep_001476,loc__summit__cc8c6287,summit,Mountain
train_ep_001477,loc__scenic_overlook__9ccff5f9,scenic overlook,Trail
train_ep_001478,loc__secret_oasis__4b7fea6a,secret oasis,Desert
train_ep_001479,loc__town__7198cda5,town,Town
train_ep_001480,loc__tombstones_of_the_kings__f98f35ed,tombstones of the kings,Graveyard
train_ep_001481,loc__rectory__af9459b5,rectory,Inside Church
train_ep_001482,loc__loading_dock__2e35f637,loading dock,Port
train_ep_001483,loc__mountain_peak__924f5a88,mountain peak,Mountain
train_ep_001484,loc__tower_base__11a0e527,tower base,Outside Tower
train_ep_001485,loc__king_s_quarters__b44e1648,king's quarters,Inside Tower
train_ep_001486,loc__behind_the_servant_quarters__9413241c,behind the servant quarters,Wasteland
train_ep_001487,loc__oracle_cave__d32dc815,oracle cave,Mountain
train_ep_001488,loc__spiral_staircase__031e4915,spiral staircase,Inside Tower
train_ep_001489,loc__marketplace__bc5986eb,marketplace,Port
train_ep_001490,loc__beyond_the_wall__adff6e1c,beyond the wall,Outside Castle
train_ep_001491,loc__land_beyond_the_wasteland__0b3b29ad,land beyond the wasteland,Abandoned
train_ep_001492,loc__adjacent_to_the_guest_castle__7becb0d5,adjacent to the guest castle,Farm
train_ep_001493,loc__inside_the_king_s_castle__afab450e,inside the king's castle,Inside Tower
train_ep_001494,loc__across_the_king_s_garden__82bbf802,across the king's garden,Trail
train_ep_001495,loc__within_the_king_s_mansion__ffdc1072,within the king's mansion,Inside Temple
train_ep_001496,loc__market_center__f92392bc,market center,Tavern
train_ep_001497,loc__chapel__5ee4b863,chapel,Inside Church
train_ep_001498,loc__bar__37b51d19,bar,Tavern
train_ep_001499,loc__battleship__e82a29f3,battleship,Shore
train_ep_001500,loc__banquet_hall__b7ba191c,banquet hall,Inside Castle
train_ep_001501,loc__entrance_to_castle__6ce4a988,entrance to castle,Outside Castle
train_ep_001502,loc__cabin__92faafe2,cabin,Countryside
train_ep_001503,loc__pew__08db7753,pew,Inside Church
train_ep_001504,loc__shop_in_bazaar__bb1b9374,shop in bazaar,Bazaar
train_ep_001505,loc__entrance_to_church__2ba81d25,entrance to church,Outside Church
train_ep_001506,loc__dock_at_the_port__eaf44017,dock at the port,Port
train_ep_001507,loc__dock__05debdb8,dock,Lake
train_ep_001508,loc__witch_s_house__f92034cd,witch's house,Swamp
train_ep_001509,loc__within_the_walls_of_the_city__ccd0198d,within the walls of the city,Inside Tower
train_ep_001510,loc__queen_s_chamber__e51179c6,queen's chamber,Inside Palace
train_ep_001511,loc__cottage__144deb32,cottage,Countryside
train_ep_001512,loc__bog__e07cd172,bog,Swamp
train_ep_001513,loc__dining_hall__10c40af2,dining hall,Inside Palace
train_ep_001514,loc__king_s_quarters__b44e1648,king's quarters,Shore
train_ep_001515,loc__weapon_closet__20098437,weapon closet,Inside Tower
train_ep_001516,loc__princess_chamber__b18da5a3,princess' chamber,Inside Tower
train_ep_001517,loc__inside_church__aab73af9,inside church,Inside Church
train_ep_001518,loc__training_fields__20aac210,training fields,Outside Palace
train_ep_001519,loc__royal_stables__25af2687,royal stables,Outside Castle
train_ep_001520,loc__boathouse__f1916d48,boathouse,Swamp
train_ep_001521,loc__nave__bfe4b52c,nave,Inside Church
train_ep_001522,loc__tool_shed__5a0c79ce,tool shed,Outside Cottage
train_ep_001523,loc__kitchen__09228dac,kitchen,Inside Cottage
train_ep_001524,loc__dining_hall__10c40af2,dining hall,Inside Castle
train_ep_001525,loc__troll_s_lair__218cc09b,troll's lair,Cave
train_ep_001526,loc__barracks__2ce29011,barracks,Outside Castle
train_ep_001527,loc__throne_room__f4977c99,throne room,Inside Tower
train_ep_001528,loc__brush_den__e1300d94,brush den,Forest
train_ep_001529,loc__ball_room__e26306dc,ball room,Inside Palace
train_ep_001530,loc__along_the_banks_of_a_river_in_the_forest__1893d3d3,along the banks of a river in the forest,Forest
train_ep_001531,loc__king_s_bedroom__03fb30e9,king's bedroom,Inside Palace
train_ep_001532,loc__jewelry_stall__2ec13fd4,jewelry stall,Bazaar
train_ep_001533,loc__winter_gardens__e59bb816,winter gardens,Outside Tower
train_ep_001534,loc__servant_s_quarters__2ab37024,servant's quarters,Inside Palace
train_ep_001535,loc__cursed_grave__7f5aabe1,cursed grave,Graveyard
train_ep_001536,loc__foyer__114ad31a,foyer,Inside Palace
train_ep_001537,loc__guard_shack__0ef62152,guard shack,Outside Tower
train_ep_001538,loc__hall_of_the_goddess__7c0819d4,hall of the goddess,Inside Temple
train_ep_001539,loc__throne__253d405e,throne,Inside Palace
train_ep_001540,loc__old_red_barn__d6b0cfd8,old red barn,Farm
train_ep_001541,loc__desert_cavern__9287fea8,desert cavern,Desert
train_ep_001542,loc__cactus_field__ce508a05,cactus field,Desert
train_ep_001543,loc__high_priest_chamber__3d59d244,high priest chamber,Inside Church
train_ep_001544,loc__fishing_pier__fd5d48a9,fishing pier,Shore
train_ep_001545,loc__beside_church_pews__8d83bdb7,beside church pews,Inside Church
train_ep_001546,loc__quicksand_pit__591e521d,quicksand pit,Swamp
train_ep_001547,loc__sacrifice_chamber__8aaf85ac,sacrifice chamber,Inside Temple
train_ep_001548,loc__beach_house__64bd4f8d,beach house,Shore
train_ep_001549,loc__mushroom_hut__8bb7cd75,mushroom hut,Outside Cottage
train_ep_001550,loc__inside_cottage_kitchen__5eaa1ce9,inside cottage kitchen,Inside Cottage
train_ep_001551,loc__palace_kitchen__4dee9bb6,palace kitchen,Inside Palace
train_ep_001552,loc__hillside_manor__b1ec6b5a,hillside manor,Countryside
train_ep_001553,loc__pig_pen__cd6444b3,pig pen,Countryside
train_ep_001554,loc__beside_temple_entrance__b712f707,beside temple entrance,Outside Temple
train_ep_001555,loc__tower_dungeon__3b953217,tower dungeon,Inside Tower
train_ep_001556,loc__beside_church_entrance__2206aedf,beside church entrance,Outside Church
train_ep_001557,loc__castle_armory__c05c8115,castle armory,Inside Castle
train_ep_001558,loc__hillside_mansion__369afa4b,hillside mansion,Countryside
train_ep_001559,loc__palace_ballroom__e83afcc3,palace ballroom,Inside Palace
train_ep_001560,loc__church_altar__b46bba3c,church altar,Inside Church
train_ep_001561,loc__tower_sewers__135799e5,tower sewers,Inside Tower
train_ep_001562,loc__towering_mesa__148ef02b,towering mesa,Desert
train_ep_001563,loc__inside_temple_crypt__eb261a98,inside temple crypt,Inside Temple
train_ep_001564,loc__small_hut__78dbc695,small hut,Jungle
train_ep_001565,loc__gold_mine__23a64f00,gold mine,Abandoned
train_ep_001566,loc__stable__f40faf63,stable,Outside Castle
train_ep_001567,loc__room_at_the_top_of_the_tower__bebc68b6,room at the top of the tower,Inside Castle
train_ep_001568,loc__lonely_island__941f1782,lonely island,Abandoned
train_ep_001569,loc__sitting_room__152ab82c,sitting room,Inside Cottage
train_ep_001570,loc__public_execution_stand__ec1c97f7,public execution stand,Bazaar
train_ep_001571,loc__whipping_station__cd58acd7,whipping station,Outside Church
train_ep_001572,loc__bedding_room__8584585f,bedding room,Inside Palace
train_ep_001573,loc__prison_room__075cec3e,prison room,Inside Tower
train_ep_001574,loc__stained_glass_room__fe4963f3,stained glass room,Inside Church
train_ep_001575,loc__fountain__79de7a61,fountain,Graveyard
train_ep_001576,loc__beach_house__64bd4f8d,beach house,Shore
train_ep_001577,loc__oasis__335ffbcf,oasis,Desert
train_ep_001578,loc__farmer_hill__b21f8161,farmer hill,Outside Cottage
train_ep_001579,loc__hall_of_echoes__55050f7d,hall of echoes,Inside Temple
train_ep_001580,loc__mars_desert__d8c9aa45,mars desert,Desert
train_ep_001581,loc__clearing__5832a4d8,clearing,Forest
train_ep_001582,loc__bathing_room__e8175c31,bathing room,Inside Temple
train_ep_001583,loc__mysterious_shop__454073ca,mysterious shop,Bazaar
train_ep_001584,loc__show_room_inside_the_castle__f6ac41dd,show room inside the castle,Inside Castle
train_ep_001585,loc__inside_church_back_row__5cc901b4,inside church back row,Inside Church
train_ep_001586,loc__bone_pit__bec80d68,bone pit,Outside Temple
train_ep_001587,loc__sacrificial_altar__0974214f,sacrificial altar,Inside Temple
train_ep_001588,loc__murder_hole__da3df777,murder hole,Inside Tower
train_ep_001589,loc__dungeon__e0dc3209,dungeon,Inside Temple
train_ep_001590,loc__dining_hall__10c40af2,dining hall,Inside Tower
train_ep_001591,loc__personal_quarters__5bdf1559,personal quarters,Inside Palace
train_ep_001592,loc__bank__bd5af1f6,bank,Swamp
train_ep_001593,loc__library__d521f765,library,Inside Castle
train_ep_001594,loc__storage_room__ab9f0184,storage room,Dungeon
train_ep_001595,loc__study_room__5698bd87,study room,Inside Church
train_ep_001596,loc__ruined_house__b253dd25,ruined house,Abandoned
train_ep_001597,loc__reception_area__9f5fd34c,reception area,Graveyard
train_ep_001598,loc__garden__e2704f30,garden,Outside Palace
train_ep_001599,loc__dock__05debdb8,dock,Port
train_ep_001600,loc__weapon_room__a7162ba9,weapon room,Inside Temple
train_ep_001601,loc__small_graveyard__d12232a8,small graveyard,Outside Cottage
train_ep_001602,loc__entrance__2a20afe0,entrance,Cave
train_ep_001603,loc__armory__f1c6e216,armory,Inside Castle
train_ep_001604,loc__storage_room__ab9f0184,storage room,Tavern
train_ep_001605,loc__clearing__5832a4d8,clearing,Jungle
train_ep_001606,loc__nave__bfe4b52c,nave,Inside Church
train_ep_001607,loc__graveyard__7b3ab674,graveyard,Outside Church
train_ep_001608,loc__stable__f40faf63,stable,Outside Palace
train_ep_001609,loc__courtyard__2c2bf458,courtyard,Outside Palace
train_ep_001610,loc__torture_room__87c0e788,torture room,Dungeon
train_ep_001611,loc__main_hallway__840c1503,main hallway,Inside Palace
train_ep_001612,loc__town_square__4d10acd1,town square,Town
train_ep_001613,loc__hidden_passageway__d7cdebb5,hidden passageway,Inside Temple
train_ep_001614,loc__grand_ballroom__52b4001e,grand ballroom,Inside Castle
train_ep_001615,loc__castle_kitchen__b00392de,castle kitchen,Inside Castle
train_ep_001616,loc__weathered_shack__8c23b906,weathered shack,Abandoned
train_ep_001617,loc__debtor_s_prison__ea99977f,debtor's prison,Inside Tower
train_ep_001618,loc__temple_entrance__71ae50b0,temple entrance,Outside Temple
train_ep_001619,loc__staircase__7dbf02f9,staircase,Inside Tower
train_ep_001620,loc__grand_dining_room__8cb359cc,grand dining room,Inside Palace
train_ep_001621,loc__maidens_cottage__ce8fe6f9,maidens cottage,Countryside
train_ep_001622,loc__brim_canal__7a498e16,brim canal,Lake
train_ep_001623,loc__horse_s_stables__0cd4df4c,horse's stables,Outside Cottage
train_ep_001624,loc__hunting_grounds__6ac15b3d,hunting grounds,Trail
train_ep_001625,loc__prisoner_s_cell__bf78e6a1,prisoner's cell,Dungeon
train_ep_001626,loc__queen_s_quarters__22b70e95,queen's quarters,Inside Palace
train_ep_001627,loc__cemetery__dccbebc2,cemetery,Wasteland
train_ep_001628,loc__artillery_room__9af01c49,artillery room,Inside Tower
train_ep_001629,loc__archery_zone__fdb7c330,archery zone,Outside Castle
train_ep_001630,loc__priest_s_chambers__1ebce5c5,priest's chambers,Inside Temple
train_ep_001631,loc__kitchen__09228dac,kitchen,Inside Castle
train_ep_001632,loc__king_s_chambers__e3e597fe,king's chambers,Inside Palace
train_ep_001633,loc__master_bedroom__ee30383a,master bedroom,Inside Castle
train_ep_001634,loc__outpost__9e81fdfb,outpost,Mountain
train_ep_001635,loc__village_at_the_base_of_the_mountain__47dbe2ea,village at the base of the mountain,Mountain
train_ep_001636,loc__confession_box__fb7e21f1,confession box,Inside Church
train_ep_001637,loc__tent__7b65dcf0,tent,Desert
train_ep_001638,loc__inside_the_temple__573b0d5f,inside the temple,Inside Temple
train_ep_001639,loc__boat_house__62b9e6c4,boat house,Port
train_ep_001640,loc__kings_bedroom__64489025,kings bedroom,Inside Castle
train_ep_001641,loc__stream__f7b44cfa,stream,Forest
train_ep_001642,loc__forest__f379cfd7,forest,Countryside
train_ep_001643,loc__lush_meadow_in_the_country_side__d9fa9500,lush meadow in the country side,Countryside
train_ep_001644,loc__small_town_located_in_the_hills__d4698af1,small town located in the hills,Town
train_ep_001645,loc__front_row__ec5571ef,front row,Inside Church
train_ep_001646,loc__town_in_the_desert__fff2a6b4,town in the desert,Wasteland
train_ep_001647,loc__primary_cave__755e8817,primary cave,Cave
train_ep_001648,loc__chapel_of_the_eight__e35d875d,chapel of the eight,Inside Castle
train_ep_001649,loc__ferry_terminal__e6bf99dd,ferry terminal,Port
train_ep_001650,loc__bed_chambers__67892844,bed chambers,Inside Palace
train_ep_001651,loc__modest_living_area__fe2770f1,modest living area,Inside Cottage
train_ep_001652,loc__temple_foyer__c0b5e90a,temple foyer,Inside Temple
train_ep_001653,loc__front_altar__819cc2dd,front altar,Inside Temple
train_ep_001654,loc__desert_tent__a1a041ce,desert tent,Wasteland
train_ep_001655,loc__northern_shore__e8588ae1,northern shore,Lake
train_ep_001656,loc__grassy_plains__ecb71cc6,grassy plains,Trail
train_ep_001657,loc__great_armory__8a3248e6,great armory,Inside Castle
train_ep_001658,loc__dancing_stoat__a6b60c83,dancing stoat,Town
train_ep_001659,loc__paladins_memorial_chapel__3b8a3ef4,paladins' memorial chapel,Inside Church
train_ep_001660,loc__banquet_hall__b7ba191c,banquet hall,Inside Castle
train_ep_001662,loc__desert_land__d9285c9c,desert land,Desert
train_ep_001663,loc__pond__d873154f,pond,Wasteland
train_ep_001664,loc__fishing_shack__be027604,fishing shack,Lake
train_ep_001665,loc__castle_basement__ef824ba7,castle basement,Inside Castle
train_ep_001666,loc__horse_stables__3ab0f4c8,horse stables,Outside Castle
train_ep_001667,loc__tower_kitchen__9b8a3da9,tower kitchen,Inside Tower
train_ep_001668,loc__abandoned_workers_shed__0002433d,abandoned workers shed,Graveyard
train_ep_001669,loc__chicken_pen__1c50c5ac,chicken pen,Countryside
train_ep_001670,loc__stable_hand_s_quarters__74578d25,stable hand's quarters,Outside Castle
train_ep_001671,loc__middle_of_the_bazaar__54f18754,middle of the bazaar,Bazaar
train_ep_001672,loc__launching_point__8c178e87,launching point,Lake
train_ep_001673,loc__corn_field__018a2ccf,corn field,Farm
train_ep_001674,loc__temple__44fdfd6b,temple,Inside Temple
train_ep_001675,loc__main_house__39d59a9f,main house,Farm
train_ep_001676,loc__sacristy__3f4aff85,sacristy,Inside Church
train_ep_001677,loc__old_queen_farm__057da97d,old queen farm,Wasteland
train_ep_001678,loc__fish_market__4e56b4a3,fish market,Port
train_ep_001679,loc__castle_exit__5b525e0e,castle exit,Inside Castle
train_ep_001680,loc__cavern_dwelling__44fe0d79,cavern dwelling,Desert
train_ep_001681,loc__reagent_room__559ae958,reagent room,Outside Tower
train_ep_001682,loc__washroom__050b06a4,washroom,Inside Castle
train_ep_001683,loc__fishing_dock__fbf73e36,fishing dock,Lake
train_ep_001684,loc__balcony__d85f7317,balcony,Inside Palace
train_ep_001685,loc__sheriff_office__d4dae028,sheriff office,Farm
train_ep_001686,loc__church_garden__56a741fe,church garden,Outside Church
train_ep_001687,loc__flower_field__f936e92b,flower field,Countryside
train_ep_001688,loc__large_cliffs__f86c4fa5,large cliffs,Shore
train_ep_001689,loc__port_skyline__0254ced0,port skyline,Port
train_ep_001690,loc__main_prayer_room__ec7e9b7f,main prayer room,Inside Temple
train_ep_001691,loc__haunted_orchard__7434c930,haunted orchard,Farm
train_ep_001692,loc__chamber_entrance__0228ee72,chamber entrance,Inside Church
train_ep_001693,loc__apothecary__e264c143,apothecary,Town
train_ep_001694,loc__church_garden__56a741fe,church garden,Outside Church
train_ep_001695,loc__dining_hall__10c40af2,dining hall,Inside Castle
train_ep_001696,loc__north_forest__a809663e,north forest,Forest
train_ep_001697,loc__mess_hall__df491ab7,mess hall,Inside Temple
train_ep_001698,loc__dead_tree__ae78e2fc,dead tree,Graveyard
train_ep_001699,loc__gallery__2767cc3e,gallery,Cave
train_ep_001700,loc__crew_berthing__255a7e79,crew berthing,Port
train_ep_001701,loc__landing_in_the_foyer__0712bd55,landing in the foyer,Inside Palace
train_ep_001702,loc__captain_s_cabin__60e1b85d,captain's cabin,Port
train_ep_001703,loc__wharf__ef602779,wharf,Port
train_ep_001704,loc__woodlands__f4b4342e,woodlands,Forest
train_ep_001705,loc__drinking_water_lake__072d7988,drinking water lake,Lake
train_ep_001706,loc__quay__a4499c24,quay,Port
train_ep_001707,loc__warehouses__54495979,warehouses,Port
train_ep_001708,loc__valley_of_doom__2f415a0f,valley of doom,Countryside
train_ep_001709,loc__swimming_hole__41a1f52e,swimming hole,Lake
train_ep_001710,loc__bottlery__3ad26146,bottlery,Inside Castle
train_ep_001711,loc__fitting_room__c555a43b,fitting room,Bazaar
train_ep_001712,loc__arrow_house__9d554350,arrow house,Outside Castle
train_ep_001713,loc__castle_kitchens__6834f5a3,castle kitchens,Inside Palace
train_ep_001714,loc__cold_storage_room__726f76a2,cold storage room,Outside Cottage
train_ep_001715,loc__bright_path__17c6a100,bright path,Inside Castle
train_ep_001716,loc__forest_entrance__4bcda148,forest entrance,Forest
train_ep_001717,loc__slave_quarters__8a6d9f60,slave quarters,Inside Tower
train_ep_001718,loc__fishing_store__b061f606,fishing store,Port
train_ep_001719,loc__dunes__8a48dcda,dunes,Desert
train_ep_001720,loc__temple_guard_station__e0b75841,temple guard station,Outside Temple
train_ep_001721,loc__peasant_s_cottage__00464b6c,peasant's cottage,Countryside
train_ep_001722,loc__small_dirt_road__40d1ead7,small dirt road,Countryside
train_ep_001723,loc__royal_bathroom__f7f11309,royal bathroom,Inside Castle
train_ep_001724,loc__stilt_home__612941a3,stilt home,Farm
train_ep_001725,loc__forbidden_forest__b96ae0b4,forbidden forest,Forest
train_ep_001726,loc__underground_river__dde09e89,underground river,Cave
train_ep_001727,loc__temple_main_room__cc3e74e5,temple main room,Outside Temple
train_ep_001728,loc__arch_hall__0fcc7e9c,arch hall,Inside Castle
train_ep_001729,loc__back_of_the_stall__4b715f67,back of the stall,Bazaar
train_ep_001730,loc__woods__b7bfb949,woods,Forest
train_ep_001731,loc__countryside__9cff47d1,countryside,Countryside
train_ep_001732,loc__saokra_s_blacksmith_shop__e5c9291c,saokra's blacksmith shop,Town
train_ep_001733,loc__mesa_peak__ec3e4014,mesa peak,Mountain
train_ep_001734,loc__prisoners_cells__61cb1ba6,prisoners cells,Dungeon
train_ep_001735,loc__temple_chamber__417585e8,temple chamber,Inside Temple
train_ep_001736,loc__main_foyer__ed99a45c,main foyer,Inside Castle
train_ep_001737,loc__winding_staircase__ec3107f8,winding staircase,Outside Tower
train_ep_001738,loc__tailings_pile__d27fba96,tailings pile,Mountain
train_ep_001739,loc__town_center__f942e8bf,town center,Town
train_ep_001740,loc__garden__e2704f30,garden,Outside Palace
train_ep_001741,loc__south_forest__a051e03c,south forest,Forest
train_ep_001742,loc__hidden_revolutionaries_headquarters__536080d4,hidden revolutionaries' headquarters,Inside Palace
train_ep_001743,loc__acid_yard__7930efda,acid yard,Outside Castle
train_ep_001744,loc__hay_field__0bbfde04,hay field,Outside Cottage
train_ep_001745,loc__castle_front__1f50ceb7,castle front,Inside Palace
train_ep_001746,loc__horse_tent__858443dc,horse tent,Farm
train_ep_001747,loc__guards_quarters__94702054,guards quarters,Inside Tower
train_ep_001748,loc__general_store__53a8fbb0,general store,Town
train_ep_001749,loc__mysterious_shop_s_entrance__212a3859,mysterious shop's entrance,Bazaar
train_ep_001750,loc__beside_the_town_church__0b0b1726,beside the town church,Outside Church
train_ep_001751,loc__main_gate__d66ce966,main gate,Countryside
train_ep_001752,loc__palace_garden__46ae3845,palace garden,Outside Palace
train_ep_001753,loc__gold_room__42a3e93d,gold room,Inside Tower
train_ep_001754,loc__throne_room__f4977c99,throne room,Inside Palace
train_ep_001755,loc__throne_room__f4977c99,throne room,Inside Tower
train_ep_001756,loc__supply_store__9776432b,supply store,Port
train_ep_001757,loc__bazaar_outside_the_royal_city__3f48a35a,bazaar outside the royal city,Bazaar
train_ep_001758,loc__cactus_field_entrance__cba07803,cactus field entrance,Desert
train_ep_001759,loc__outside_of_the_temple_offices__dd9f1ee7,outside of the temple offices,Outside Temple
train_ep_001760,loc__temple_chamber__417585e8,temple chamber,Inside Temple
train_ep_001761,loc__town_center__f942e8bf,town center,Town
train_ep_001762,loc__castle_kitchen__b00392de,castle kitchen,Inside Castle
train_ep_001763,loc__disposal_area__72d310fd,disposal area,Inside Castle
train_ep_001764,loc__village_of_tamerak__7e6c027e,village of tamerak,Port
train_ep_001765,loc__pine_tree_graveyard__18f73c00,pine tree graveyard,Forest
train_ep_001766,loc__grand_desert__c682352f,grand desert,Desert
train_ep_001767,loc__personal_rooms__f7ec06d2,personal rooms,Inside Palace
train_ep_001768,loc__mansion_entrance__5c32e57d,mansion entrance,Inside Cottage
train_ep_001769,loc__curved_hallway__638b964b,curved hallway,Inside Tower
train_ep_001770,loc__inside_the_ruined_house__f351c82a,inside the ruined house,Inside Cottage
train_ep_001771,loc__city_of_elders__fa058cbe,city of elders,Town
train_ep_001772,loc__hidden_garden__f2140155,hidden garden,Outside Palace
train_ep_001773,loc__spring_bath__6aa6bed3,spring bath,Outside Temple
train_ep_001774,loc__brimswood_pub__2b57d3a7,brimswood pub,Tavern
train_ep_001775,loc__main_chapel__05b43d90,main chapel,Inside Church
train_ep_001776,loc__lavoratory__9cb21908,lavoratory,Inside Castle
train_ep_001777,loc__nearby_road__b720e559,nearby road,Countryside
train_ep_001778,loc__council_of_twelve__3232fa93,council of twelve,Inside Temple
train_ep_001779,loc__tub__271721b2,tub,Inside Tower
train_ep_001780,loc__farmer_s_house__742677bc,farmer's house,Farm
train_ep_001781,loc__torture_equipment_storage_room__8c501a45,torture equipment storage room,Dungeon
train_ep_001782,loc__town_courtroom__ffe576a1,town courtroom,Town
train_ep_001783,loc__castle_foothills__40ba7cae,castle foothills,Outside Tower
train_ep_001784,loc__basement__48719d32,basement,Inside Castle
train_ep_001785,loc__tower_spire__a8295baa,tower spire,Inside Tower
train_ep_001786,loc__saloon__453c44d3,saloon,Tavern
train_ep_001787,loc__trail_exit__e1ead7cf,trail exit,Trail
train_ep_001788,loc__bazaar__8c5c7284,bazaar,Bazaar
train_ep_001789,loc__gate_to_street__63c54887,gate to street,Outside Church
train_ep_001790,loc__along_the_pews__731918a2,along the pews,Inside Church
train_ep_001791,loc__temple_hallway__fc747e35,temple hallway,Inside Temple
train_ep_001792,loc__chicken_coop__6afcba65,chicken coop,Farm
train_ep_001793,loc__pier_walkway__6cc5e473,pier walkway,Shore
train_ep_001794,loc__attic__0535c94e,attic,Inside Church
train_ep_001795,loc__table_area__8fcbc5c5,table area,Tavern
train_ep_001796,loc__hidden_passage__6bec6a12,hidden passage,Inside Church
train_ep_001797,loc__secret_tunnel__57b3c615,secret tunnel,Cave
train_ep_001798,loc__courtyard_exterior__9602be9c,courtyard exterior,Outside Palace
train_ep_001799,loc__room_hidden_in_the_dense_canopy__eb412c40,room hidden in the dense canopy,Forest
train_ep_001800,loc__small_clearing__18adfedc,small clearing,Mountain
train_ep_001801,loc__ant_hill__01158295,ant hill,Forest
train_ep_001802,loc__weapons_storage_room__e2250d82,weapons storage room,Outside Castle
train_ep_001803,loc__battlements__65ce509a,battlements,Outside Castle
train_ep_001804,loc__blacksmith__c2428781,blacksmith,Bazaar
train_ep_001805,loc__collapsed_west_wing__5208068f,collapsed west wing,Abandoned
train_ep_001806,loc__decoration_shop__cf40d2dc,decoration shop,Outside Temple
train_ep_001807,loc__unsettling_forest_area__3d5f756b,unsettling forest area,Forest
train_ep_001808,loc__top_floor_of_palace__ab540b82,top floor of palace,Inside Palace
train_ep_001809,loc__dead_valley__fe83fd28,dead valley,Desert
train_ep_001810,loc__grand_balcony__41fccf30,grand balcony,Inside Palace
train_ep_001811,loc__soldiers_camp__2d6b7401,soldiers camp,Swamp
train_ep_001812,loc__kitchens__dfd09a86,kitchens,Inside Tower
train_ep_001813,loc__secret_tunnel__57b3c615,secret tunnel,Inside Castle
train_ep_001814,loc__flower_garden__879381ca,flower garden,Forest
train_ep_001815,loc__guard_barracks__c7741c50,guard barracks,Inside Castle
train_ep_001816,loc__backyard__3bec248d,backyard,Outside Cottage
train_ep_001817,loc__rat_den__b7a41895,rat den,Inside Tower
train_ep_001818,loc__underwater_cave__155a0a0e,underwater cave,Cave
train_ep_001819,loc__darkest_part_of_the_swamp__4a37261f,darkest part of the swamp,Swamp
train_ep_001820,loc__midland_town__3abef145,midland town,Wasteland
train_ep_001821,loc__castle_royal_tower__bb8b04a7,castle royal tower,Inside Castle
train_ep_001822,loc__keep__18ccf61d,keep,Inside Tower
train_ep_001823,loc__outlaws_jungle__b0c0b7b2,outlaws' jungle,Jungle
train_ep_001824,loc__church_foyer__e8aee950,church foyer,Inside Church
train_ep_001825,loc__main_graveyard__ad70495d,main graveyard,Graveyard
train_ep_001826,loc__confessions_room__d87965d0,confessions room,Inside Church
train_ep_001827,loc__outside_gates__58dbbce8,outside gates,Outside Cottage
train_ep_001828,loc__peasant_living_quarters__004fcc5f,peasant living quarters,Outside Palace
train_ep_001829,loc__temple_marketplace__34f9194f,temple marketplace,Inside Temple
train_ep_001830,loc__picnic_area__4a212f77,picnic area,Forest
train_ep_001831,loc__path_to_the_manor__cd09e091,path to the manor,Countryside
train_ep_001832,loc__prayer_bell__021f8e15,prayer bell,Inside Church
train_ep_001833,loc__garden_courtyard__2530f6d1,garden courtyard,Inside Castle
train_ep_001834,loc__abandoned_mine_entrance__5698b058,abandoned mine entrance,Abandoned
train_ep_001835,loc__pet_chamber__bc1946e1,pet chamber,Inside Castle
train_ep_001836,loc__royal_farm__c7a2ee7a,royal farm,Farm
train_ep_001837,loc__jail_entrance__ca63e7c2,jail entrance,Inside Tower
train_ep_001838,loc__palace_entrance__fb45dbba,palace entrance,Inside Palace
train_ep_001839,loc__farmers_market__3aa5b02b,farmers market,Bazaar
train_ep_001840,loc__back_room__d5bde542,back room,Inside Church
train_ep_001841,loc__clean_water_lake__13349d26,clean water lake,Lake
train_ep_001842,loc__dwarven_blacksmith__68e8c01f,dwarven blacksmith,Mountain
train_ep_001843,loc__laundry_lines__dd2e9ca6,laundry lines,Outside Palace
train_ep_001844,loc__basement__48719d32,basement,Inside Castle
train_ep_001845,loc__school__7516c3b3,school,Bazaar
train_ep_001846,loc__grand_dining_room__8cb359cc,grand dining room,Inside Palace
train_ep_001847,loc__holy_alter__dd5ad709,holy alter,Inside Church
train_ep_001848,loc__iconostasis__fa5c7ee9,iconostasis,Outside Church
train_ep_001849,loc__kebab_stall__d83535f0,kebab stall,Bazaar
train_ep_001850,loc__throne_room__f4977c99,throne room,Inside Castle
train_ep_001851,loc__open_field__28aeddc6,open field,Farm
train_ep_001852,loc__wealthy_area_of_town__260fb03e,wealthy area of town,Town
train_ep_001853,loc__king_s_dorm__f69cf31d,king's dorm,Inside Tower
train_ep_001854,loc__church__916586c8,church,Outside Church
train_ep_001855,loc__cave_exit__6e09c118,cave exit,Cave
train_ep_001856,loc__main_gate__d66ce966,main gate,Outside Castle
train_ep_001857,loc__trailhead__55ecf8e5,trailhead,Trail
train_ep_001858,loc__bedrooms__8fb3ca52,bedrooms,Inside Palace
train_ep_001859,loc__hiking_path__ba82059c,hiking path,Mountain
train_ep_001860,loc__bazaar_gambling__0e92d983,bazaar gambling,Bazaar
train_ep_001861,loc__apple_trees__6ead89c4,apple trees,Bazaar
train_ep_001862,loc__pharmacy__bf4e2878,pharmacy,Town
train_ep_001863,loc__main_street__18c6980d,main street,Graveyard
train_ep_001864,loc__rectory__af9459b5,rectory,Inside Church
train_ep_001865,loc__orc_cave__9c2ad64e,orc cave,Cave
train_ep_001866,loc__simple_town__9836124a,simple town,Town
train_ep_001867,loc__large_farm__653ba215,large farm,Farm
train_ep_001868,loc__church_entryway__b0c14c9f,church entryway,Inside Church
train_ep_001869,loc__firewood_forest__049c4d45,firewood forest,Forest
train_ep_001870,loc__church_field__80ff45f8,church field,Outside Church
train_ep_001871,loc__southernmost_tower_entryway__af5a2a89,southernmost tower entryway,Inside Tower
train_ep_001872,loc__meadow__07a42035,meadow,Countryside
train_ep_001873,loc__central_bazaar__afde3f95,central bazaar,Bazaar
train_ep_001874,loc__mysterious_forest_outskirts__78c6782b,mysterious forest outskirts,Forest
train_ep_001875,loc__castle_farm__90bc7176,castle farm,Farm
train_ep_001876,loc__lower_dungeon_guard_room__f88d3041,lower dungeon guard room,Dungeon
train_ep_001877,loc__in_front_of_a_stone_tower__79dd0512,in front of a stone tower,Outside Tower
train_ep_001878,loc__small_church__9543420f,small church,Inside Church
train_ep_001879,loc__wet_dungeon__b3fe19bc,wet dungeon,Dungeon
train_ep_001880,loc__enormous_church_entrance_door__4425590a,enormous church entrance door,Outside Church
train_ep_001881,loc__hilltop_temple_grounds__9a75117c,hilltop temple grounds,Outside Temple
train_ep_001882,loc__castle_maids_room__208d485a,castle maids' room,Inside Castle
train_ep_001883,loc__privy_room__3e3bfa73,privy room,Inside Castle
train_ep_001884,loc__castle_courtyard_bazaar__f18a3852,castle courtyard bazaar,Bazaar
train_ep_001885,loc__unexplored_jungle__ff39ded3,unexplored jungle,Jungle
train_ep_001886,loc__inside_temple__78c8ad2b,inside temple,Inside Temple
train_ep_001887,loc__haunted_swamp__8ecea208,haunted swamp,Swamp
train_ep_001888,loc__great_hall__91ce0dd0,great hall,Inside Tower
train_ep_001889,loc__unfinished_mausoleum__d8f26138,unfinished mausoleum,Graveyard
train_ep_001890,loc__abandoned_mine__75691f18,abandoned mine,Mountain
train_ep_001891,loc__fishmonger_s_stall__b989772f,fishmonger's stall,Port
train_ep_001892,loc__beach__7193529a,beach,Shore
train_ep_001893,loc__abandoned_mine__75691f18,abandoned mine,Abandoned
train_ep_001894,loc__bamboo_hut__fe75e1af,bamboo hut,Jungle
train_ep_001895,loc__path_in_forest__b615034b,path in forest,Trail
train_ep_001896,loc__dungeon__e0dc3209,dungeon,Inside Palace
train_ep_001897,loc__barn__5dfcc0aa,barn,Farm
train_ep_001898,loc__cemetery__dccbebc2,cemetery,Graveyard
train_ep_001899,loc__meadow__07a42035,meadow,Countryside
train_ep_001900,loc__queen_s_bedchamber__25802711,queen's bedchamber,Inside Palace
train_ep_001901,loc__cave__e386df9e,cave,Mountain
train_ep_001902,loc__altar_room__cbf077bb,altar room,Inside Temple
train_ep_001903,loc__confessional__f24d3972,confessional,Inside Church
train_ep_001904,loc__torture_room__87c0e788,torture room,Dungeon
train_ep_001905,loc__island__3dbacfd7,island,Lake
train_ep_001906,loc__bar__37b51d19,bar,Tavern
train_ep_001907,loc__dungeon__e0dc3209,dungeon,Inside Castle
train_ep_001908,loc__watchtower__2275d0f0,watchtower,Outside Tower
train_ep_001909,loc__port_tavern__48d771c2,port tavern,Port
train_ep_001910,loc__prison_room__075cec3e,prison room,Inside Tower
train_ep_001911,loc__opening_to_the_drawbridge_of_the_castle__7901de11,opening to the drawbridge of the castle,Trail
train_ep_001912,loc__master_bedroom__ee30383a,master bedroom,Inside Palace
train_ep_001913,loc__graveyard__7b3ab674,graveyard,Graveyard
train_ep_001914,loc__outside_castle__fd9e3171,outside castle,Outside Castle
train_ep_001915,loc__troll_s_bridge__934a7368,troll's bridge,Swamp
train_ep_001916,loc__barn__5dfcc0aa,barn,Farm
train_ep_001917,loc__dungeon_within_a_castle__30c5909c,dungeon within a castle,Dungeon
train_ep_001918,loc__wooded_magical_village__0d0cf6a7,wooded magical village,Forest
train_ep_001919,loc__abandoned_castle_on_an_ocean_cliff_side__2a4a7700,abandoned castle on an ocean cliff side,Abandoned
train_ep_001920,loc__inside_a_desolate_cave__62f3c8b1,inside a desolate cave,Dungeon
train_ep_001921,loc__knights_quarters__d1135fd1,knights quarters,Inside Castle
train_ep_001922,loc__dwarven_city__24e5c23d,dwarven city,Mountain
train_ep_001923,loc__underground_chamber__d71a7d7a,underground chamber,Cave
train_ep_001924,loc__outside_the_church_of_monks__12e0820b,outside the church of monks,Outside Church
train_ep_001925,loc__temple_courtyard__c65f7648,temple courtyard,Outside Temple
train_ep_001926,loc__inside_the_unicorn_palace__56787601,inside the unicorn palace,Inside Palace
train_ep_001927,loc__werewolves_tavern__a0b69047,werewolves tavern,Tavern
train_ep_001928,loc__inside_temple__78c8ad2b,inside temple,Inside Temple
train_ep_001929,loc__witches_cottage__6a123241,witches cottage,Outside Cottage
train_ep_001930,loc__inside_the_fairy_temple__748c1bf3,inside the fairy temple,Inside Temple
train_ep_001931,loc__fairy_forest__c73e62c1,fairy forest,Forest
train_ep_001932,loc__dining_hall__10c40af2,dining hall,Inside Tower
train_ep_001933,loc__confessional_room__22bf6614,confessional room,Inside Church
train_ep_001934,loc__oasis__335ffbcf,oasis,Desert
train_ep_001935,loc__wizard_s_quarters__e0890c7c,wizard's quarters,Outside Tower
train_ep_001936,loc__dungeon__e0dc3209,dungeon,Inside Castle
train_ep_001937,loc__castle__9355a9f9,castle,Inside Castle
train_ep_001938,loc__cave__e386df9e,cave,Cave
train_ep_001939,loc__castle__9355a9f9,castle,Inside Castle
train_ep_001940,loc__bazaar__8c5c7284,bazaar,Bazaar
train_ep_001941,loc__tower__79835ea3,tower,Inside Tower
train_ep_001942,loc__hilltop_temple_grounds__9a75117c,hilltop temple grounds,Outside Temple
train_ep_001943,loc__castle_courtyard_bazaar__f18a3852,castle courtyard bazaar,Bazaar
train_ep_001944,loc__castle_maids_room__208d485a,castle maids' room,Inside Castle
train_ep_001945,loc__privy_room__3e3bfa73,privy room,Inside Castle
train_ep_001946,loc__unexplored_jungle__ff39ded3,unexplored jungle,Jungle
train_ep_001947,loc__inside_temple__78c8ad2b,inside temple,Inside Temple
train_ep_001948,loc__haunted_swamp__8ecea208,haunted swamp,Swamp
train_ep_001949,loc__turquoise_shore__9c4dff53,turquoise shore,Shore
train_ep_001950,loc__great_hall__91ce0dd0,great hall,Inside Tower
train_ep_001951,loc__abandoned_mine__75691f18,abandoned mine,Mountain
train_ep_001952,loc__unfinished_mausoleum__d8f26138,unfinished mausoleum,Graveyard
train_ep_001953,loc__fishmonger_s_stall__b989772f,fishmonger's stall,Port
train_ep_001954,loc__beach__7193529a,beach,Shore
train_ep_001955,loc__abandoned_mine__75691f18,abandoned mine,Abandoned
train_ep_001956,loc__forsaken_castle__e4d7c5af,forsaken castle,Abandoned
train_ep_001957,loc__bamboo_hut__fe75e1af,bamboo hut,Jungle
train_ep_001958,loc__dungeon__e0dc3209,dungeon,Inside Palace
train_ep_001959,loc__path_in_forest__b615034b,path in forest,Trail
train_ep_001960,loc__prayer_room__b4ab9d1e,prayer room,Inside Temple
train_ep_001961,loc__barn__5dfcc0aa,barn,Farm
train_ep_001962,loc__cemetery__dccbebc2,cemetery,Graveyard
train_ep_001963,loc__meadow__07a42035,meadow,Countryside
train_ep_001964,loc__queen_s_bedchamber__25802711,queen's bedchamber,Inside Palace
train_ep_001965,loc__cave__e386df9e,cave,Mountain
train_ep_001966,loc__altar_room__cbf077bb,altar room,Inside Temple
train_ep_001967,loc__confessional__f24d3972,confessional,Inside Church
train_ep_001968,loc__torture_room__87c0e788,torture room,Dungeon
train_ep_001969,loc__island__3dbacfd7,island,Lake
train_ep_001970,loc__lighthouse__fad0ce22,lighthouse,Shore
train_ep_001971,loc__bar__37b51d19,bar,Tavern
train_ep_001972,loc__watchtower__2275d0f0,watchtower,Outside Tower
train_ep_001973,loc__port_tavern__48d771c2,port tavern,Port
train_ep_001974,loc__prison_room__075cec3e,prison room,Inside Tower
train_ep_001975,loc__dungeon__e0dc3209,dungeon,Inside Castle
train_ep_001976,loc__master_bedroom__ee30383a,master bedroom,Inside Palace
train_ep_001977,loc__outside_castle__fd9e3171,outside castle,Outside Castle
train_ep_001978,loc__opening_to_the_drawbridge_of_the_castle__7901de11,opening to the drawbridge of the castle,Trail
train_ep_001979,loc__troll_s_bridge__934a7368,troll's bridge,Swamp
train_ep_001980,loc__barn__5dfcc0aa,barn,Farm
train_ep_001981,loc__dungeon_within_a_castle__30c5909c,dungeon within a castle,Dungeon
train_ep_001982,loc__wooded_magical_village__0d0cf6a7,wooded magical village,Forest
train_ep_001983,loc__abandoned_castle_on_an_ocean_cliff_side__2a4a7700,abandoned castle on an ocean cliff side,Abandoned
train_ep_001984,loc__inside_a_desolate_cave__62f3c8b1,inside a desolate cave,Dungeon
train_ep_001985,loc__knights_quarters__d1135fd1,knights quarters,Inside Castle
train_ep_001986,loc__dwarven_city__24e5c23d,dwarven city,Mountain
train_ep_001987,loc__underground_chamber__d71a7d7a,underground chamber,Cave
train_ep_001988,loc__outside_the_church_of_monks__12e0820b,outside the church of monks,Outside Church
train_ep_001989,loc__temple_courtyard__c65f7648,temple courtyard,Outside Temple
train_ep_001990,loc__inside_the_unicorn_palace__56787601,inside the unicorn palace,Inside Palace
train_ep_001991,loc__werewolves_tavern__a0b69047,werewolves tavern,Tavern
train_ep_001992,loc__witches_cottage__6a123241,witches cottage,Outside Cottage
train_ep_001993,loc__inside_temple__78c8ad2b,inside temple,Inside Temple
train_ep_001994,loc__inside_the_fairy_temple__748c1bf3,inside the fairy temple,Inside Temple
train_ep_001995,loc__fairy_forest__c73e62c1,fairy forest,Forest
train_ep_001996,loc__inside_the_fairies_church__7a838b07,inside the fairies church,Inside Church
train_ep_001997,loc__inside_the_king_s_palace__ad1ed203,inside the king's palace,Inside Palace
train_ep_001998,loc__inside_temple__78c8ad2b,inside temple,Inside Temple
train_ep_001999,loc__confessional_room__22bf6614,confessional room,Inside Church
train_ep_002000,loc__oasis__335ffbcf,oasis,Desert
train_ep_002001,loc__wizard_s_quarters__e0890c7c,wizard's quarters,Outside Tower
train_ep_002002,loc__dungeon__e0dc3209,dungeon,Inside Castle
train_ep_002003,loc__castle__9355a9f9,castle,Inside Castle
train_ep_002004,loc__cave__e386df9e,cave,Cave
train_ep_002005,loc__castle__9355a9f9,castle,Inside Castle
train_ep_002006,loc__bazaar__8c5c7284,bazaar,Bazaar
train_ep_002007,loc__tower__79835ea3,tower,Inside Tower
train_ep_002008,loc__tower__79835ea3,tower,Outside Tower
train_ep_002009,loc__bazaar__8c5c7284,bazaar,Bazaar
train_ep_002010,loc__royal_gardens__e410d0fe,royal gardens,Outside Palace
train_ep_002011,loc__sacred_temple__0ee6dca9,sacred temple,Inside Church
train_ep_002012,loc__inside_the_temple__573b0d5f,inside the temple,Inside Temple
train_ep_002013,loc__outside_tower__7dc67c9f,outside tower,Outside Tower
train_ep_002014,loc__jungle__5d991220,jungle,Jungle
train_ep_002015,loc__lake__97d986e2,lake,Lake
train_ep_002016,loc__outside_church__9f23256f,outside church,Outside Church
train_ep_002017,loc__riverbed__acbe6245,riverbed,Forest
train_ep_002018,loc__mud_pit__7a862ed0,mud pit,Jungle
train_ep_002019,loc__military_outpost_at_the_heart_of_the_swamp__0b91dfd0,military outpost at the heart of the swamp,Swamp
train_ep_002020,loc__royal_kitchen__fca4f709,royal kitchen,Inside Palace
train_ep_002021,loc__inside_tower__3d67c0a7,inside tower,Inside Tower
train_ep_002022,loc__abandoned_shack__d3865a64,abandoned shack,Wasteland
train_ep_002023,loc__princess_library__7426d41f,princess' library,Inside Palace
train_ep_002024,loc__yurt__e67b7569,yurt,Desert
train_ep_002025,loc__spice_stall__5ddd9bb4,spice stall,Bazaar
train_ep_002026,loc__treasure_cavern__26b58d7a,treasure cavern,Inside Temple
train_ep_002027,loc__bathroom__67518d64,bathroom,Inside Tower
train_ep_002028,loc__main_hall__8f1c5099,main hall,Inside Palace
train_ep_002029,loc__town_square__4d10acd1,town square,Town
train_ep_002030,loc__living_quarters__26fbc0ca,living quarters,Farm
train_ep_002031,loc__trash_heap__0e440590,trash heap,Wasteland
train_ep_002032,loc__entrance_to_the_pine_trees__857c5da1,entrance to the pine trees,Forest
train_ep_002033,loc__courtyard__2c2bf458,courtyard,Outside Palace
train_ep_002034,loc__large_galleon__0e3d3ca8,large galleon,Port
train_ep_002035,loc__kitchen__09228dac,kitchen,Inside Cottage
train_ep_002036,loc__tree_house__493a5d1a,tree house,Jungle
train_ep_002037,loc__top_side_tower_overlooking_view__8b843a89,top side tower overlooking view,Outside Tower
train_ep_002038,loc__black_smiths_shop__5379f4dc,black smiths shop,Town
train_ep_002039,loc__lakeside_house__e89e18cd,lakeside house,Lake
train_ep_002040,loc__armory__f1c6e216,armory,Inside Castle
train_ep_002041,loc__torture_chamber__11dfca19,torture chamber,Dungeon
train_ep_002042,loc__bedroom__cff8b1fe,bedroom,Inside Cottage
train_ep_002043,loc__treasure_room__5acf31fd,treasure room,Inside Castle
train_ep_002044,loc__barn__5dfcc0aa,barn,Farm
train_ep_002045,loc__throne_room__f4977c99,throne room,Shore
train_ep_002046,loc__coast__756d153b,coast,Shore
train_ep_002047,loc__bat_room__c322be72,bat room,Cave
train_ep_002048,loc__choir_room__35978911,choir room,Inside Church
train_ep_002049,loc__jail_room__4ad818b4,jail room,Inside Tower
train_ep_002050,loc__underground_cavern__2714911b,underground cavern,Cave
train_ep_002051,loc__moat__3c3a57f1,moat,Outside Palace
train_ep_002052,loc__bedroom__cff8b1fe,bedroom,Inside Cottage
train_ep_002053,loc__clergyman_s_office__30ca015e,clergyman's office,Inside Temple
train_ep_002054,loc__murky_water__7482dbbf,murky water,Swamp
train_ep_002055,loc__dining_hall__10c40af2,dining hall,Inside Castle
train_ep_002056,loc__summit__cc8c6287,summit,Mountain
train_ep_002057,loc__tombstones_of_the_kings__f98f35ed,tombstones of the kings,Graveyard
train_ep_002058,loc__sanctuary__80452c45,sanctuary,Inside Church
train_ep_002059,loc__rectory__af9459b5,rectory,Inside Church
train_ep_002060,loc__meditation_room__40c0a44e,meditation room,Inside Temple
train_ep_002061,loc__loading_dock__2e35f637,loading dock,Port
train_ep_002062,loc__mountain_peak__924f5a88,mountain peak,Mountain
train_ep_002063,loc__tower_base__11a0e527,tower base,Outside Tower
train_ep_002064,loc__king_s_quarters__b44e1648,king's quarters,Inside Tower
train_ep_002065,loc__oracle_cave__d32dc815,oracle cave,Mountain
train_ep_002066,loc__spiral_staircase__031e4915,spiral staircase,Inside Tower
train_ep_002067,loc__marketplace__bc5986eb,marketplace,Port
train_ep_002068,loc__beyond_the_wall__adff6e1c,beyond the wall,Outside Castle
train_ep_002069,loc__land_beyond_the_wasteland__0b3b29ad,land beyond the wasteland,Abandoned
train_ep_002070,loc__adjacent_to_the_guest_castle__7becb0d5,adjacent to the guest castle,Farm
train_ep_002071,loc__inside_the_king_s_castle__afab450e,inside the king's castle,Inside Tower
train_ep_002072,loc__chapel__5ee4b863,chapel,Inside Church
train_ep_002073,loc__market_center__f92392bc,market center,Tavern
train_ep_002074,loc__bar__37b51d19,bar,Tavern
train_ep_002075,loc__banquet_hall__b7ba191c,banquet hall,Inside Castle
train_ep_002076,loc__battleship__e82a29f3,battleship,Shore
train_ep_002077,loc__entrance_to_castle__6ce4a988,entrance to castle,Outside Castle
train_ep_002078,loc__cabin__92faafe2,cabin,Countryside
train_ep_002079,loc__pew__08db7753,pew,Inside Church
train_ep_002080,loc__shop_in_bazaar__bb1b9374,shop in bazaar,Bazaar
train_ep_002081,loc__entrance_to_church__2ba81d25,entrance to church,Outside Church
train_ep_002082,loc__dock_at_the_port__eaf44017,dock at the port,Port
train_ep_002083,loc__dock__05debdb8,dock,Lake
train_ep_002084,loc__witch_s_house__f92034cd,witch's house,Swamp
train_ep_002085,loc__within_the_walls_of_the_city__ccd0198d,within the walls of the city,Inside Tower
train_ep_002086,loc__queen_s_chamber__e51179c6,queen's chamber,Inside Palace
train_ep_002087,loc__cottage__144deb32,cottage,Countryside
train_ep_002088,loc__bog__e07cd172,bog,Swamp
train_ep_002089,loc__dining_hall__10c40af2,dining hall,Inside Palace
train_ep_002090,loc__nave__bfe4b52c,nave,Inside Church
train_ep_002091,loc__king_s_quarters__b44e1648,king's quarters,Shore
train_ep_002092,loc__princess_chamber__b18da5a3,princess' chamber,Inside Tower
train_ep_002093,loc__inside_church__aab73af9,inside church,Inside Church
train_ep_002094,loc__training_fields__20aac210,training fields,Outside Palace
train_ep_002095,loc__nursery__a718a874,nursery,Inside Palace
train_ep_002096,loc__royal_stables__25af2687,royal stables,Outside Castle
train_ep_002097,loc__boathouse__f1916d48,boathouse,Swamp
train_ep_002098,loc__nave__bfe4b52c,nave,Inside Church
train_ep_002099,loc__tool_shed__5a0c79ce,tool shed,Outside Cottage
train_ep_002100,loc__kitchen__09228dac,kitchen,Inside Cottage
train_ep_002101,loc__library__d521f765,library,Inside Castle
train_ep_002102,loc__dining_hall__10c40af2,dining hall,Inside Castle
train_ep_002103,loc__courtyard__2c2bf458,courtyard,Outside Palace
train_ep_002104,loc__troll_s_lair__218cc09b,troll's lair,Cave
train_ep_002105,loc__barracks__2ce29011,barracks,Outside Castle
train_ep_002106,loc__throne_room__f4977c99,throne room,Inside Tower
train_ep_002107,loc__brush_den__e1300d94,brush den,Forest
train_ep_002108,loc__next_to_an_altar__6252d8d6,next to an altar,Inside Church
train_ep_002109,loc__ball_room__e26306dc,ball room,Inside Palace
train_ep_002110,loc__along_the_banks_of_a_river_in_the_forest__1893d3d3,along the banks of a river in the forest,Forest
train_ep_002111,loc__king_s_bedroom__03fb30e9,king's bedroom,Inside Palace
train_ep_002112,loc__jewelry_stall__2ec13fd4,jewelry stall,Bazaar
train_ep_002113,loc__winter_gardens__e59bb816,winter gardens,Outside Tower
train_ep_002114,loc__servant_s_quarters__2ab37024,servant's quarters,Inside Palace
train_ep_002115,loc__cursed_grave__7f5aabe1,cursed grave,Graveyard
train_ep_002116,loc__foyer__114ad31a,foyer,Inside Palace
train_ep_002117,loc__guard_shack__0ef62152,guard shack,Outside Tower
train_ep_002118,loc__hall_of_the_goddess__7c0819d4,hall of the goddess,Inside Temple
train_ep_002119,loc__throne__253d405e,throne,Inside Palace
train_ep_002120,loc__old_red_barn__d6b0cfd8,old red barn,Farm
train_ep_002121,loc__desert_cavern__9287fea8,desert cavern,Desert
train_ep_002122,loc__fishing_pier__fd5d48a9,fishing pier,Shore
train_ep_002123,loc__high_priest_chamber__3d59d244,high priest chamber,Inside Church
train_ep_002124,loc__beside_church_pews__8d83bdb7,beside church pews,Inside Church
train_ep_002125,loc__quicksand_pit__591e521d,quicksand pit,Swamp
train_ep_002126,loc__sacrifice_chamber__8aaf85ac,sacrifice chamber,Inside Temple
train_ep_002127,loc__beach_house__64bd4f8d,beach house,Shore
train_ep_002128,loc__palace_throne__edc54e5f,palace throne,Inside Palace
train_ep_002129,loc__mushroom_hut__8bb7cd75,mushroom hut,Outside Cottage
train_ep_002130,loc__pirate_ship__a3eb0b34,pirate ship,Port
train_ep_002131,loc__beside_tower_entrance__4289dcc4,beside tower entrance,Inside Tower
train_ep_002132,loc__hillside_manor__b1ec6b5a,hillside manor,Countryside
train_ep_002133,loc__palace_kitchen__4dee9bb6,palace kitchen,Inside Palace
train_ep_002134,loc__inside_cottage_kitchen__5eaa1ce9,inside cottage kitchen,Inside Cottage
train_ep_002135,loc__pig_pen__cd6444b3,pig pen,Countryside
train_ep_002136,loc__beside_temple_entrance__b712f707,beside temple entrance,Outside Temple
train_ep_002137,loc__tower_dungeon__3b953217,tower dungeon,Inside Tower
train_ep_002138,loc__beside_church_entrance__2206aedf,beside church entrance,Outside Church
train_ep_002139,loc__castle_armory__c05c8115,castle armory,Inside Castle
train_ep_002140,loc__hillside_mansion__369afa4b,hillside mansion,Countryside
train_ep_002141,loc__palace_ballroom__e83afcc3,palace ballroom,Inside Palace
train_ep_002142,loc__church_altar__b46bba3c,church altar,Inside Church
train_ep_002143,loc__tower_sewers__135799e5,tower sewers,Inside Tower
train_ep_002144,loc__towering_mesa__148ef02b,towering mesa,Desert
train_ep_002145,loc__inside_temple_crypt__eb261a98,inside temple crypt,Inside Temple
train_ep_002146,loc__small_hut__78dbc695,small hut,Jungle
train_ep_002147,loc__gold_mine__23a64f00,gold mine,Abandoned
train_ep_002148,loc__stable__f40faf63,stable,Outside Castle
train_ep_002149,loc__room_at_the_top_of_the_tower__bebc68b6,room at the top of the tower,Inside Castle
train_ep_002150,loc__lonely_island__941f1782,lonely island,Abandoned
train_ep_002151,loc__public_execution_stand__ec1c97f7,public execution stand,Bazaar
train_ep_002152,loc__sitting_room__152ab82c,sitting room,Inside Cottage
train_ep_002153,loc__whipping_station__cd58acd7,whipping station,Outside Church
train_ep_002154,loc__bedding_room__8584585f,bedding room,Inside Palace
train_ep_002155,loc__prison_room__075cec3e,prison room,Inside Tower
train_ep_002156,loc__oasis__335ffbcf,oasis,Desert
train_ep_002157,loc__stained_glass_room__fe4963f3,stained glass room,Inside Church
train_ep_002158,loc__farmer_hill__b21f8161,farmer hill,Outside Cottage
train_ep_002159,loc__clearing__5832a4d8,clearing,Forest
train_ep_002160,loc__hall_of_echoes__55050f7d,hall of echoes,Inside Temple
train_ep_002161,loc__bathing_room__e8175c31,bathing room,Inside Temple
train_ep_002162,loc__mysterious_shop__454073ca,mysterious shop,Bazaar
train_ep_002163,loc__show_room_inside_the_castle__f6ac41dd,show room inside the castle,Inside Castle
train_ep_002164,loc__inside_church_back_row__5cc901b4,inside church back row,Inside Church
train_ep_002165,loc__tavern_of_browntavia__0bc98c5d,tavern of browntavia,Tavern
train_ep_002166,loc__enchanted_light_house__0bd68be0,enchanted light house,Shore
train_ep_002167,loc__bone_pit__bec80d68,bone pit,Outside Temple
train_ep_002168,loc__sacrificial_altar__0974214f,sacrificial altar,Inside Temple
train_ep_002169,loc__dungeon__e0dc3209,dungeon,Inside Temple
train_ep_002170,loc__murder_hole__da3df777,murder hole,Inside Tower
train_ep_002171,loc__personal_quarters__5bdf1559,personal quarters,Inside Palace
train_ep_002172,loc__dining_hall__10c40af2,dining hall,Inside Tower
train_ep_002173,loc__bank__bd5af1f6,bank,Swamp
train_ep_002174,loc__main_entrance__68f3df62,main entrance,Outside Temple
train_ep_002175,loc__storage_room__ab9f0184,storage room,Dungeon
train_ep_002176,loc__study_room__5698bd87,study room,Inside Church
train_ep_002177,loc__ruined_house__b253dd25,ruined house,Abandoned
train_ep_002178,loc__pond__d873154f,pond,Forest
train_ep_002179,loc__garden__e2704f30,garden,Outside Palace
train_ep_002180,loc__dock__05debdb8,dock,Port
train_ep_002181,loc__entrance__2a20afe0,entrance,Cave
train_ep_002182,loc__weapon_room__a7162ba9,weapon room,Inside Temple
train_ep_002183,loc__stable__f40faf63,stable,Farm
train_ep_002184,loc__storage_room__ab9f0184,storage room,Tavern
train_ep_002185,loc__clearing__5832a4d8,clearing,Jungle
train_ep_002186,loc__nave__bfe4b52c,nave,Inside Church
train_ep_002187,loc__graveyard__7b3ab674,graveyard,Outside Church
train_ep_002188,loc__stable__f40faf63,stable,Outside Palace
train_ep_002189,loc__courtyard__2c2bf458,courtyard,Outside Palace
train_ep_002190,loc__torture_room__87c0e788,torture room,Dungeon
train_ep_002191,loc__main_hallway__840c1503,main hallway,Inside Palace
train_ep_002192,loc__town_square__4d10acd1,town square,Town
train_ep_002193,loc__hidden_passageway__d7cdebb5,hidden passageway,Inside Temple
train_ep_002194,loc__grand_ballroom__52b4001e,grand ballroom,Inside Castle
train_ep_002195,loc__old_crypt__9f170f50,old crypt,Graveyard
train_ep_002196,loc__castle_kitchen__b00392de,castle kitchen,Inside Castle
train_ep_002197,loc__weathered_shack__8c23b906,weathered shack,Abandoned
train_ep_002198,loc__debtor_s_prison__ea99977f,debtor's prison,Inside Tower
train_ep_002199,loc__temple_entrance__71ae50b0,temple entrance,Outside Temple
train_ep_002200,loc__tree_of_spirits__e757fcef,tree of spirits,Trail
train_ep_002201,loc__staircase__7dbf02f9,staircase,Inside Tower
train_ep_002202,loc__royal_tomb__1b57a10e,royal tomb,Inside Temple
train_ep_002203,loc__popes_dormitory__ddb11751,popes dormitory,Inside Church
train_ep_002204,loc__grand_dining_room__8cb359cc,grand dining room,Inside Palace
train_ep_002205,loc__brim_canal__7a498e16,brim canal,Lake
train_ep_002206,loc__maidens_cottage__ce8fe6f9,maidens cottage,Countryside
train_ep_002207,loc__horse_s_stables__0cd4df4c,horse's stables,Outside Cottage
train_ep_002208,loc__horse_field__eeae819a,horse field,Countryside
train_ep_002209,loc__hunting_grounds__6ac15b3d,hunting grounds,Trail
train_ep_002210,loc__prisoner_s_cell__bf78e6a1,prisoner's cell,Dungeon
train_ep_002211,loc__queen_s_quarters__22b70e95,queen's quarters,Inside Palace
train_ep_002212,loc__cemetery__dccbebc2,cemetery,Wasteland
train_ep_002213,loc__artillery_room__9af01c49,artillery room,Inside Tower
train_ep_002214,loc__knight_s_hunting_ground__09b79c95,knight's hunting ground,Trail
train_ep_002215,loc__priest_s_chambers__1ebce5c5,priest's chambers,Inside Temple
train_ep_002216,loc__kitchen__09228dac,kitchen,Inside Castle
train_ep_002217,loc__outpost__9e81fdfb,outpost,Mountain
train_ep_002218,loc__royal_shipyard__fc976e6e,royal shipyard,Port
train_ep_002219,loc__ritual_room__4574deb8,ritual room,Inside Temple
train_ep_002220,loc__village_at_the_base_of_the_mountain__47dbe2ea,village at the base of the mountain,Mountain
train_ep_002221,loc__ruin_of_a_house__62eef8f7,ruin of a house,Wasteland
train_ep_002222,loc__boat_house__62b9e6c4,boat house,Port
train_ep_002223,loc__confession_box__fb7e21f1,confession box,Inside Church
train_ep_002224,loc__tent__7b65dcf0,tent,Desert
train_ep_002225,loc__inside_the_temple__573b0d5f,inside the temple,Inside Temple
train_ep_002226,loc__kings_bedroom__64489025,kings bedroom,Inside Castle
train_ep_002227,loc__forest__f379cfd7,forest,Countryside
train_ep_002228,loc__lush_meadow_in_the_country_side__d9fa9500,lush meadow in the country side,Countryside
train_ep_002229,loc__small_town_located_in_the_hills__d4698af1,small town located in the hills,Town
train_ep_002230,loc__kings_bed_room__b1f6b2b3,kings bed room,Inside Castle
train_ep_002231,loc__front_row__ec5571ef,front row,Inside Church
train_ep_002232,loc__town_in_the_desert__fff2a6b4,town in the desert,Wasteland
train_ep_002233,loc__primary_cave__755e8817,primary cave,Cave
train_ep_002234,loc__chapel_of_the_eight__e35d875d,chapel of the eight,Inside Castle
train_ep_002235,loc__bed_chambers__67892844,bed chambers,Inside Palace
train_ep_002236,loc__temple_foyer__c0b5e90a,temple foyer,Inside Temple
train_ep_002237,loc__front_altar__819cc2dd,front altar,Inside Temple
train_ep_002238,loc__desert_tent__a1a041ce,desert tent,Wasteland
train_ep_002239,loc__northern_shore__e8588ae1,northern shore,Lake
train_ep_002240,loc__grassy_plains__ecb71cc6,grassy plains,Trail
train_ep_002241,loc__old_gnaisha_s__d05194f9,old gnaisha's,Bazaar
train_ep_002242,loc__great_armory__8a3248e6,great armory,Inside Castle
train_ep_002243,loc__dancing_stoat__a6b60c83,dancing stoat,Town
train_ep_002244,loc__paladins_memorial_chapel__3b8a3ef4,paladins' memorial chapel,Inside Church
train_ep_002245,loc__shrine_of_sretniy__c5cdca48,shrine of sretniy,Inside Temple
train_ep_002246,loc__banquet_hall__b7ba191c,banquet hall,Inside Castle
train_ep_002248,loc__desert_land__d9285c9c,desert land,Desert
train_ep_002249,loc__fishing_shack__be027604,fishing shack,Lake
train_ep_002250,loc__horse_stables__3ab0f4c8,horse stables,Outside Castle
train_ep_002251,loc__castle_basement__ef824ba7,castle basement,Inside Castle
train_ep_002252,loc__abandoned_workers_shed__0002433d,abandoned workers shed,Graveyard
train_ep_002253,loc__chicken_pen__1c50c5ac,chicken pen,Countryside
train_ep_002254,loc__stable_hand_s_quarters__74578d25,stable hand's quarters,Outside Castle
train_ep_002255,loc__middle_of_the_bazaar__54f18754,middle of the bazaar,Bazaar
train_ep_002256,loc__launching_point__8c178e87,launching point,Lake
train_ep_002257,loc__corn_field__018a2ccf,corn field,Farm
train_ep_002258,loc__temple__44fdfd6b,temple,Inside Temple
train_ep_002259,loc__sacristy__3f4aff85,sacristy,Inside Church
train_ep_002260,loc__old_queen_farm__057da97d,old queen farm,Wasteland
train_ep_002261,loc__fish_market__4e56b4a3,fish market,Port
train_ep_002262,loc__castle_exit__5b525e0e,castle exit,Inside Castle
train_ep_002263,loc__reagent_room__559ae958,reagent room,Outside Tower
train_ep_002264,loc__cavern_dwelling__44fe0d79,cavern dwelling,Desert
train_ep_002265,loc__washroom__050b06a4,washroom,Inside Castle
train_ep_002266,loc__balcony__d85f7317,balcony,Inside Palace
train_ep_002267,loc__church_garden__56a741fe,church garden,Outside Church
train_ep_002268,loc__flower_field__f936e92b,flower field,Countryside
train_ep_002269,loc__large_cliffs__f86c4fa5,large cliffs,Shore
train_ep_002270,loc__port_skyline__0254ced0,port skyline,Port
train_ep_002271,loc__main_prayer_room__ec7e9b7f,main prayer room,Inside Temple
train_ep_002272,loc__haunted_orchard__7434c930,haunted orchard,Farm
train_ep_002273,loc__apothecary__e264c143,apothecary,Town
train_ep_002274,loc__chamber_entrance__0228ee72,chamber entrance,Inside Church
train_ep_002275,loc__main_castle_doors__e1f39f3b,main castle doors,Outside Palace
train_ep_002276,loc__church_garden__56a741fe,church garden,Outside Church
train_ep_002277,loc__dining_hall__10c40af2,dining hall,Inside Castle
train_ep_002278,loc__north_forest__a809663e,north forest,Forest
train_ep_002279,loc__mess_hall__df491ab7,mess hall,Inside Temple
train_ep_002280,loc__dead_tree__ae78e2fc,dead tree,Graveyard
train_ep_002281,loc__crew_berthing__255a7e79,crew berthing,Port
train_ep_002282,loc__gallery__2767cc3e,gallery,Cave
train_ep_002283,loc__landing_in_the_foyer__0712bd55,landing in the foyer,Inside Palace
train_ep_002284,loc__captain_s_cabin__60e1b85d,captain's cabin,Port
train_ep_002285,loc__wharf__ef602779,wharf,Port
train_ep_002286,loc__woodlands__f4b4342e,woodlands,Forest
train_ep_002287,loc__drinking_water_lake__072d7988,drinking water lake,Lake
train_ep_002288,loc__warehouses__54495979,warehouses,Port
train_ep_002289,loc__quay__a4499c24,quay,Port
train_ep_002290,loc__valley_of_doom__2f415a0f,valley of doom,Countryside
train_ep_002291,loc__swimming_hole__41a1f52e,swimming hole,Lake
train_ep_002292,loc__bottlery__3ad26146,bottlery,Inside Castle
train_ep_002293,loc__fitting_room__c555a43b,fitting room,Bazaar
train_ep_002294,loc__arrow_house__9d554350,arrow house,Outside Castle
train_ep_002295,loc__castle_kitchens__6834f5a3,castle kitchens,Inside Palace
train_ep_002296,loc__bright_path__17c6a100,bright path,Inside Castle
train_ep_002297,loc__cold_storage_room__726f76a2,cold storage room,Outside Cottage
train_ep_002298,loc__forest_entrance__4bcda148,forest entrance,Forest
train_ep_002299,loc__slave_quarters__8a6d9f60,slave quarters,Inside Tower
train_ep_002300,loc__fishing_store__b061f606,fishing store,Port
train_ep_002301,loc__temple_guard_station__e0b75841,temple guard station,Outside Temple
train_ep_002302,loc__peasant_s_cottage__00464b6c,peasant's cottage,Countryside
train_ep_002303,loc__small_dirt_road__40d1ead7,small dirt road,Countryside
train_ep_002304,loc__royal_bathroom__f7f11309,royal bathroom,Inside Castle
train_ep_002305,loc__stilt_home__612941a3,stilt home,Farm
train_ep_002306,loc__forbidden_forest__b96ae0b4,forbidden forest,Forest
train_ep_002307,loc__underground_river__dde09e89,underground river,Cave
train_ep_002308,loc__temple_main_room__cc3e74e5,temple main room,Outside Temple
train_ep_002309,loc__arch_hall__0fcc7e9c,arch hall,Inside Castle
train_ep_002310,loc__back_of_the_stall__4b715f67,back of the stall,Bazaar
train_ep_002311,loc__woods__b7bfb949,woods,Forest
train_ep_002312,loc__countryside__9cff47d1,countryside,Countryside
train_ep_002313,loc__saokra_s_blacksmith_shop__e5c9291c,saokra's blacksmith shop,Town
train_ep_002314,loc__mesa_peak__ec3e4014,mesa peak,Mountain
train_ep_002315,loc__prisoners_cells__61cb1ba6,prisoners cells,Dungeon
train_ep_002316,loc__temple_chamber__417585e8,temple chamber,Inside Temple
train_ep_002317,loc__main_foyer__ed99a45c,main foyer,Inside Castle
train_ep_002318,loc__south_forest__a051e03c,south forest,Forest
train_ep_002319,loc__acid_yard__7930efda,acid yard,Outside Castle
train_ep_002320,loc__hay_field__0bbfde04,hay field,Outside Cottage
train_ep_002321,loc__castle_front__1f50ceb7,castle front,Inside Palace
train_ep_002322,loc__horse_tent__858443dc,horse tent,Farm
train_ep_002323,loc__knife_seller__e0a51e70,knife seller,Bazaar
train_ep_002324,loc__general_store__53a8fbb0,general store,Town
train_ep_002325,loc__mysterious_shop_s_entrance__212a3859,mysterious shop's entrance,Bazaar
train_ep_002326,loc__beside_the_town_church__0b0b1726,beside the town church,Outside Church
train_ep_002327,loc__entryway_to_the_wizards_tower__7a21df60,entryway to the wizards tower,Inside Tower
train_ep_002328,loc__main_gate__d66ce966,main gate,Countryside
train_ep_002329,loc__palace_garden__46ae3845,palace garden,Outside Palace
train_ep_002330,loc__gold_room__42a3e93d,gold room,Inside Tower
train_ep_002331,loc__visitor_s_entrance__44f22aeb,visitor's entrance,Inside Temple
train_ep_002332,loc__throne_room__f4977c99,throne room,Inside Palace
train_ep_002333,loc__throne_room__f4977c99,throne room,Inside Tower
train_ep_002334,loc__supply_store__9776432b,supply store,Port
train_ep_002335,loc__town_center__f942e8bf,town center,Town
train_ep_002336,loc__castle_kitchen__b00392de,castle kitchen,Inside Castle
train_ep_002337,loc__disposal_area__72d310fd,disposal area,Inside Castle
train_ep_002338,loc__village_of_tamerak__7e6c027e,village of tamerak,Port
train_ep_002339,loc__grand_desert__c682352f,grand desert,Desert
train_ep_002340,loc__mansion_entrance__5c32e57d,mansion entrance,Inside Cottage
train_ep_002341,loc__inside_the_ruined_house__f351c82a,inside the ruined house,Inside Cottage
train_ep_002342,loc__city_of_elders__fa058cbe,city of elders,Town
train_ep_002343,loc__hidden_garden__f2140155,hidden garden,Outside Palace
train_ep_002344,loc__ghost_trail__7855adca,ghost trail,Trail
train_ep_002345,loc__spring_bath__6aa6bed3,spring bath,Outside Temple
train_ep_002346,loc__brimswood_pub__2b57d3a7,brimswood pub,Tavern
train_ep_002347,loc__main_chapel__05b43d90,main chapel,Inside Church
train_ep_002348,loc__council_of_twelve__3232fa93,council of twelve,Inside Temple
train_ep_002349,loc__tub__271721b2,tub,Inside Tower
train_ep_002350,loc__arsenal__1c5442c0,arsenal,Inside Tower
train_ep_002351,loc__torture_equipment_storage_room__8c501a45,torture equipment storage room,Dungeon
train_ep_002352,loc__farmer_s_house__742677bc,farmer's house,Farm
train_ep_002353,loc__town_courtroom__ffe576a1,town courtroom,Town
train_ep_002354,loc__castle_foothills__40ba7cae,castle foothills,Outside Tower
train_ep_002355,loc__tower_spire__a8295baa,tower spire,Inside Tower
train_ep_002356,loc__saloon__453c44d3,saloon,Tavern
train_ep_002357,loc__basement__48719d32,basement,Inside Castle
train_ep_002358,loc__bazaar__8c5c7284,bazaar,Bazaar
train_ep_002359,loc__trail_exit__e1ead7cf,trail exit,Trail
train_ep_002360,loc__along_the_pews__731918a2,along the pews,Inside Church
train_ep_002361,loc__gate_to_street__63c54887,gate to street,Outside Church
train_ep_002362,loc__chicken_coop__6afcba65,chicken coop,Farm
train_ep_002363,loc__pier_walkway__6cc5e473,pier walkway,Shore
train_ep_002364,loc__hidden_passage__6bec6a12,hidden passage,Inside Church
train_ep_002365,loc__attic__0535c94e,attic,Inside Church
train_ep_002366,loc__table_area__8fcbc5c5,table area,Tavern
train_ep_002367,loc__temple_hallway__fc747e35,temple hallway,Inside Temple
train_ep_002368,loc__old_docks__ed431416,old docks,Shore
train_ep_002369,loc__courtyard_exterior__9602be9c,courtyard exterior,Outside Palace
train_ep_002370,loc__room_hidden_in_the_dense_canopy__eb412c40,room hidden in the dense canopy,Forest
train_ep_002371,loc__small_clearing__18adfedc,small clearing,Mountain
train_ep_002372,loc__kitchens__dfd09a86,kitchens,Inside Castle
train_ep_002373,loc__weapons_storage_room__e2250d82,weapons storage room,Outside Castle
train_ep_002374,loc__battlements__65ce509a,battlements,Outside Castle
train_ep_002375,loc__blacksmith__c2428781,blacksmith,Bazaar
train_ep_002376,loc__collapsed_west_wing__5208068f,collapsed west wing,Abandoned
train_ep_002377,loc__sewer_entrance__f153eab9,sewer entrance,Inside Tower
train_ep_002378,loc__church_coat_room__3bec4535,church coat room,Inside Church
train_ep_002379,loc__decoration_shop__cf40d2dc,decoration shop,Outside Temple
train_ep_002380,loc__unsettling_forest_area__3d5f756b,unsettling forest area,Forest
train_ep_002381,loc__secret_tunnel__57b3c615,secret tunnel,Cave
train_ep_002382,loc__top_floor_of_palace__ab540b82,top floor of palace,Inside Palace
train_ep_002383,loc__kitchens__dfd09a86,kitchens,Inside Tower
train_ep_002384,loc__dangerous_precipice__81c337c6,dangerous precipice,Mountain
train_ep_002385,loc__soldiers_camp__2d6b7401,soldiers camp,Swamp
train_ep_002386,loc__secret_tunnel__57b3c615,secret tunnel,Inside Castle
train_ep_002387,loc__flower_garden__879381ca,flower garden,Forest
train_ep_002388,loc__alchemists_bedroom__cfb992f0,alchemists bedroom,Inside Tower
train_ep_002389,loc__backyard__3bec248d,backyard,Outside Cottage
train_ep_002390,loc__attic__0535c94e,attic,Inside Palace
train_ep_002391,loc__rat_den__b7a41895,rat den,Inside Tower
train_ep_002392,loc__midland_town__3abef145,midland town,Wasteland
train_ep_002393,loc__underwater_cave__155a0a0e,underwater cave,Cave
train_ep_002394,loc__outlaws_jungle__b0c0b7b2,outlaws' jungle,Jungle
train_ep_002395,loc__church_foyer__e8aee950,church foyer,Inside Church
train_ep_002396,loc__main_graveyard__ad70495d,main graveyard,Graveyard
train_ep_002397,loc__confessions_room__d87965d0,confessions room,Inside Church
train_ep_002398,loc__outside_gates__58dbbce8,outside gates,Outside Cottage
train_ep_002399,loc__peasant_living_quarters__004fcc5f,peasant living quarters,Outside Palace
train_ep_002400,loc__temple_marketplace__34f9194f,temple marketplace,Inside Temple
train_ep_002401,loc__picnic_area__4a212f77,picnic area,Forest
train_ep_002402,loc__path_to_the_manor__cd09e091,path to the manor,Countryside
train_ep_002403,loc__darkest_part_of_the_swamp__4a37261f,darkest part of the swamp,Swamp
train_ep_002404,loc__prayer_bell__021f8e15,prayer bell,Inside Church
train_ep_002405,loc__garden_courtyard__2530f6d1,garden courtyard,Inside Castle
train_ep_002406,loc__abandoned_mine_entrance__5698b058,abandoned mine entrance,Abandoned
train_ep_002407,loc__jail_entrance__ca63e7c2,jail entrance,Inside Tower
train_ep_002408,loc__pet_chamber__bc1946e1,pet chamber,Inside Castle
train_ep_002409,loc__royal_farm__c7a2ee7a,royal farm,Farm
train_ep_002410,loc__palace_entrance__fb45dbba,palace entrance,Inside Palace
train_ep_002411,loc__farmers_market__3aa5b02b,farmers market,Bazaar
train_ep_002412,loc__sermon_hall__5b457bb1,sermon hall,Inside Church
train_ep_002413,loc__back_room__d5bde542,back room,Inside Church
train_ep_002414,loc__clean_water_lake__13349d26,clean water lake,Lake
train_ep_002415,loc__dwarven_blacksmith__68e8c01f,dwarven blacksmith,Mountain
train_ep_002416,loc__laundry_lines__dd2e9ca6,laundry lines,Outside Palace
train_ep_002417,loc__basement__48719d32,basement,Inside Castle
train_ep_002418,loc__school__7516c3b3,school,Bazaar
train_ep_002419,loc__holy_alter__dd5ad709,holy alter,Inside Church
train_ep_002420,loc__iconostasis__fa5c7ee9,iconostasis,Outside Church
train_ep_002421,loc__kebab_stall__d83535f0,kebab stall,Bazaar
train_ep_002422,loc__open_field__28aeddc6,open field,Farm
train_ep_002423,loc__wealthy_area_of_town__260fb03e,wealthy area of town,Town
train_ep_002424,loc__king_s_dorm__f69cf31d,king's dorm,Inside Tower
train_ep_002425,loc__trailhead__55ecf8e5,trailhead,Trail
train_ep_002426,loc__church__916586c8,church,Outside Church
train_ep_002427,loc__cave_exit__6e09c118,cave exit,Cave
train_ep_002428,loc__main_gate__d66ce966,main gate,Outside Castle
train_ep_002429,loc__bedrooms__8fb3ca52,bedrooms,Inside Palace
train_ep_002430,loc__dogs_domain__0a1f1a65,dogs' domain,Inside Church
train_ep_002431,loc__hiking_path__ba82059c,hiking path,Mountain
train_ep_002432,loc__pharmacy__bf4e2878,pharmacy,Town
train_ep_002433,loc__main_street__18c6980d,main street,Graveyard
train_ep_002434,loc__simple_town__9836124a,simple town,Town
train_ep_002435,loc__rectory__af9459b5,rectory,Inside Church
train_ep_002436,loc__orc_cave__9c2ad64e,orc cave,Cave
train_ep_002437,loc__church_field__80ff45f8,church field,Outside Church
train_ep_002438,loc__church_entryway__b0c14c9f,church entryway,Inside Church
train_ep_002439,loc__large_farm__653ba215,large farm,Farm
train_ep_002440,loc__firewood_forest__049c4d45,firewood forest,Forest
train_ep_002441,loc__temple_gardens__e5c59366,temple gardens,Outside Temple
train_ep_002442,loc__southernmost_tower_entryway__af5a2a89,southernmost tower entryway,Inside Tower
train_ep_002443,loc__meadow__07a42035,meadow,Countryside
train_ep_002444,loc__central_bazaar__afde3f95,central bazaar,Bazaar
train_ep_002445,loc__mysterious_forest_outskirts__78c6782b,mysterious forest outskirts,Forest
train_ep_002446,loc__castle_farm__90bc7176,castle farm,Farm
train_ep_002447,loc__lower_dungeon_guard_room__f88d3041,lower dungeon guard room,Dungeon
train_ep_002448,loc__cottage_safe_room__ce08f1a3,cottage safe-room,Inside Cottage
train_ep_002449,loc__in_front_of_a_stone_tower__79dd0512,in front of a stone tower,Outside Tower
train_ep_002450,loc__small_church__9543420f,small church,Inside Church
train_ep_002451,loc__cottage_entryway__e5f1139f,cottage entryway,Inside Cottage
train_ep_002452,loc__wet_dungeon__b3fe19bc,wet dungeon,Dungeon
train_ep_002453,loc__enormous_church_entrance_door__4425590a,enormous church entrance door,Outside Church
train_ep_002454,loc__castle_maids_room__208d485a,castle maids' room,Inside Castle
train_ep_002455,loc__privy_room__3e3bfa73,privy room,Inside Castle
train_ep_002456,loc__castle_courtyard_bazaar__f18a3852,castle courtyard bazaar,Bazaar
train_ep_002457,loc__unexplored_jungle__ff39ded3,unexplored jungle,Jungle
train_ep_002458,loc__inside_temple__78c8ad2b,inside temple,Inside Temple
train_ep_002459,loc__haunted_swamp__8ecea208,haunted swamp,Swamp
train_ep_002460,loc__turquoise_shore__9c4dff53,turquoise shore,Shore
train_ep_002461,loc__forsaken_castle__e4d7c5af,forsaken castle,Abandoned
train_ep_002462,loc__great_hall__91ce0dd0,great hall,Inside Tower
train_ep_002463,loc__abandoned_mine__75691f18,abandoned mine,Mountain
train_ep_002464,loc__unfinished_mausoleum__d8f26138,unfinished mausoleum,Graveyard
train_ep_002465,loc__fishmonger_s_stall__b989772f,fishmonger's stall,Port
train_ep_002466,loc__beach__7193529a,beach,Shore
train_ep_002467,loc__abandoned_mine__75691f18,abandoned mine,Abandoned
train_ep_002468,loc__bamboo_hut__fe75e1af,bamboo hut,Jungle
train_ep_002469,loc__dungeon__e0dc3209,dungeon,Inside Palace
train_ep_002470,loc__path_in_forest__b615034b,path in forest,Trail
train_ep_002471,loc__prayer_room__b4ab9d1e,prayer room,Inside Temple
train_ep_002472,loc__barn__5dfcc0aa,barn,Farm
train_ep_002473,loc__cemetery__dccbebc2,cemetery,Graveyard
train_ep_002474,loc__meadow__07a42035,meadow,Countryside
train_ep_002475,loc__queen_s_bedchamber__25802711,queen's bedchamber,Inside Palace
train_ep_002476,loc__cave__e386df9e,cave,Mountain
train_ep_002477,loc__altar_room__cbf077bb,altar room,Inside Temple
train_ep_002478,loc__confessional__f24d3972,confessional,Inside Church
train_ep_002479,loc__bar__37b51d19,bar,Tavern
train_ep_002480,loc__watchtower__2275d0f0,watchtower,Outside Tower
train_ep_002481,loc__port_tavern__48d771c2,port tavern,Port
train_ep_002482,loc__prison_room__075cec3e,prison room,Inside Tower
train_ep_002483,loc__dungeon__e0dc3209,dungeon,Inside Castle
train_ep_002484,loc__master_bedroom__ee30383a,master bedroom,Inside Palace
train_ep_002485,loc__graveyard__7b3ab674,graveyard,Graveyard
train_ep_002486,loc__outside_castle__fd9e3171,outside castle,Outside Castle
train_ep_002487,loc__opening_to_the_drawbridge_of_the_castle__7901de11,opening to the drawbridge of the castle,Trail
train_ep_002488,loc__bell_tower__53496f39,bell tower,Inside Church
train_ep_002489,loc__troll_s_bridge__934a7368,troll's bridge,Swamp
train_ep_002490,loc__dungeon_within_a_castle__30c5909c,dungeon within a castle,Dungeon
train_ep_002491,loc__wooded_magical_village__0d0cf6a7,wooded magical village,Forest
train_ep_002492,loc__inside_a_desolate_cave__62f3c8b1,inside a desolate cave,Dungeon
train_ep_002493,loc__knights_quarters__d1135fd1,knights quarters,Inside Castle
train_ep_002494,loc__dwarven_city__24e5c23d,dwarven city,Mountain
train_ep_002495,loc__underground_chamber__d71a7d7a,underground chamber,Cave
train_ep_002496,loc__outside_the_church_of_monks__12e0820b,outside the church of monks,Outside Church
train_ep_002497,loc__inside_the_unicorn_palace__56787601,inside the unicorn palace,Inside Palace
train_ep_002498,loc__werewolves_tavern__a0b69047,werewolves tavern,Tavern
train_ep_002499,loc__inside_temple__78c8ad2b,inside temple,Inside Temple
train_ep_002500,loc__witches_cottage__6a123241,witches cottage,Outside Cottage
train_ep_002501,loc__inside_the_fairy_temple__748c1bf3,inside the fairy temple,Inside Temple
train_ep_002502,loc__fairy_forest__c73e62c1,fairy forest,Forest
train_ep_002503,loc__inside_the_fairies_church__7a838b07,inside the fairies church,Inside Church
train_ep_002504,loc__inside_the_king_s_palace__ad1ed203,inside the king's palace,Inside Palace
train_ep_002505,loc__inside_temple__78c8ad2b,inside temple,Inside Temple
train_ep_002506,loc__dining_hall__10c40af2,dining hall,Inside Tower
train_ep_002507,loc__confessional_room__22bf6614,confessional room,Inside Church
train_ep_002508,loc__oasis__335ffbcf,oasis,Desert
train_ep_002509,loc__wizard_s_quarters__e0890c7c,wizard's quarters,Outside Tower
train_ep_002510,loc__dungeon__e0dc3209,dungeon,Inside Castle
train_ep_002511,loc__castle__9355a9f9,castle,Inside Castle
train_ep_002512,loc__cave__e386df9e,cave,Cave
train_ep_002513,loc__castle__9355a9f9,castle,Inside Castle
train_ep_002514,loc__bazaar__8c5c7284,bazaar,Bazaar
train_ep_002515,loc__tower__79835ea3,tower,Inside Tower
train_ep_002516,loc__tower__79835ea3,tower,Outside Tower
train_ep_002517,loc__bazaar__8c5c7284,bazaar,Bazaar
train_ep_002518,loc__royal_gardens__e410d0fe,royal gardens,Outside Palace
train_ep_002519,loc__docks__d1b1bb99,docks,Port
train_ep_002520,loc__sacred_temple__0ee6dca9,sacred temple,Inside Church
train_ep_002521,loc__lagoon__664a6ce4,lagoon,Lake
train_ep_002522,loc__inside_the_temple__573b0d5f,inside the temple,Inside Temple
train_ep_002523,loc__cave__e386df9e,cave,Cave
train_ep_002524,loc__outside_tower__7dc67c9f,outside tower,Outside Tower
train_ep_002525,loc__outside_church__9f23256f,outside church,Outside Church
train_ep_002526,loc__riverbed__acbe6245,riverbed,Forest
train_ep_002527,loc__mud_pit__7a862ed0,mud pit,Jungle
train_ep_002528,loc__military_outpost_at_the_heart_of_the_swamp__0b91dfd0,military outpost at the heart of the swamp,Swamp
train_ep_002529,loc__royal_kitchen__fca4f709,royal kitchen,Inside Palace
train_ep_002530,loc__inside_tower__3d67c0a7,inside tower,Inside Tower
train_ep_002531,loc__princess_library__7426d41f,princess' library,Inside Palace
train_ep_002532,loc__yurt__e67b7569,yurt,Desert
train_ep_002533,loc__spice_stall__5ddd9bb4,spice stall,Bazaar
train_ep_002534,loc__treasure_cavern__26b58d7a,treasure cavern,Inside Temple
train_ep_002535,loc__bathroom__67518d64,bathroom,Inside Tower
train_ep_002536,loc__tree_house__493a5d1a,tree house,Jungle
train_ep_002537,loc__main_hall__8f1c5099,main hall,Inside Palace
train_ep_002538,loc__town_square__4d10acd1,town square,Town
train_ep_002539,loc__living_quarters__26fbc0ca,living quarters,Farm
train_ep_002540,loc__kings_chambers__3b38188f,kings chambers,Inside Palace
train_ep_002541,loc__trash_heap__0e440590,trash heap,Wasteland
train_ep_002542,loc__entrance_to_the_pine_trees__857c5da1,entrance to the pine trees,Forest
train_ep_002543,loc__courtyard__2c2bf458,courtyard,Outside Palace
train_ep_002544,loc__large_galleon__0e3d3ca8,large galleon,Port
train_ep_002545,loc__kitchen__09228dac,kitchen,Inside Cottage
train_ep_002546,loc__tree_house__493a5d1a,tree house,Jungle
train_ep_002547,loc__lakeside_house__e89e18cd,lakeside house,Lake
train_ep_002548,loc__armory__f1c6e216,armory,Inside Castle
train_ep_002549,loc__torture_chamber__11dfca19,torture chamber,Dungeon
train_ep_002550,loc__bedroom__cff8b1fe,bedroom,Inside Cottage
train_ep_002551,loc__barn__5dfcc0aa,barn,Farm
train_ep_002552,loc__coast__756d153b,coast,Shore
train_ep_002553,loc__bat_room__c322be72,bat room,Cave
train_ep_002554,loc__choir_room__35978911,choir room,Inside Church
train_ep_002555,loc__jail_room__4ad818b4,jail room,Inside Tower
train_ep_002556,loc__town_theater__8fa3302e,town theater,Town
train_ep_002557,loc__underground_cavern__2714911b,underground cavern,Cave
train_ep_002558,loc__moat__3c3a57f1,moat,Outside Palace
train_ep_002559,loc__bedroom__cff8b1fe,bedroom,Inside Cottage
train_ep_002560,loc__clergyman_s_office__30ca015e,clergyman's office,Inside Temple
train_ep_002561,loc__gathering_room__2b59ea3f,gathering room,Inside Cottage
train_ep_002562,loc__grand_dancing_hall__7dd99710,grand dancing hall,Inside Palace
train_ep_002563,loc__top_of_a_tall_tree__6c2eb414,top of a tall tree,Jungle
train_ep_002564,loc__murky_water__7482dbbf,murky water,Swamp
train_ep_002565,loc__scenic_overlook__9ccff5f9,scenic overlook,Trail
train_ep_002566,loc__secret_oasis__4b7fea6a,secret oasis,Desert
train_ep_002567,loc__town__7198cda5,town,Town
train_ep_002568,loc__tombstones_of_the_kings__f98f35ed,tombstones of the kings,Graveyard
train_ep_002569,loc__sanctuary__80452c45,sanctuary,Inside Church
train_ep_002570,loc__rectory__af9459b5,rectory,Inside Church
train_ep_002571,loc__meditation_room__40c0a44e,meditation room,Inside Temple
train_ep_002572,loc__tower_base__11a0e527,tower base,Outside Tower
train_ep_002573,loc__oracle_cave__d32dc815,oracle cave,Mountain
train_ep_002574,loc__spiral_staircase__031e4915,spiral staircase,Inside Tower
train_ep_002575,loc__marketplace__bc5986eb,marketplace,Port
train_ep_002576,loc__beyond_the_wall__adff6e1c,beyond the wall,Outside Castle
train_ep_002577,loc__behind_the_servant_quarters__9413241c,behind the servant quarters,Wasteland
train_ep_002578,loc__inside_the_king_s_castle__afab450e,inside the king's castle,Inside Tower
train_ep_002579,loc__across_the_king_s_garden__82bbf802,across the king's garden,Trail
train_ep_002580,loc__within_the_king_s_mansion__ffdc1072,within the king's mansion,Inside Temple
train_ep_002581,loc__market_center__f92392bc,market center,Tavern
train_ep_002582,loc__bar__37b51d19,bar,Tavern
train_ep_002583,loc__chapel__5ee4b863,chapel,Inside Church
train_ep_002584,loc__battleship__e82a29f3,battleship,Shore
train_ep_002585,loc__banquet_hall__b7ba191c,banquet hall,Inside Castle
train_ep_002586,loc__entrance_to_castle__6ce4a988,entrance to castle,Outside Castle
train_ep_002587,loc__cabin__92faafe2,cabin,Countryside
train_ep_002588,loc__pew__08db7753,pew,Inside Church
train_ep_002589,loc__shop_in_bazaar__bb1b9374,shop in bazaar,Bazaar
train_ep_002590,loc__entrance_to_church__2ba81d25,entrance to church,Outside Church
train_ep_002591,loc__witch_s_house__f92034cd,witch's house,Swamp
train_ep_002592,loc__queen_s_chamber__e51179c6,queen's chamber,Inside Palace
train_ep_002593,loc__dining_hall__10c40af2,dining hall,Inside Palace
train_ep_002594,loc__nave__bfe4b52c,nave,Inside Church
train_ep_002595,loc__king_s_quarters__b44e1648,king's quarters,Shore
train_ep_002596,loc__weapon_closet__20098437,weapon closet,Inside Tower
train_ep_002597,loc__princess_chamber__b18da5a3,princess' chamber,Inside Tower
train_ep_002598,loc__jewelry_stall__2ec13fd4,jewelry stall,Bazaar
train_ep_002599,loc__inside_church__aab73af9,inside church,Inside Church
train_ep_002600,loc__training_fields__20aac210,training fields,Outside Palace
train_ep_002601,loc__kitchen__09228dac,kitchen,Tavern
train_ep_002602,loc__tool_shed__5a0c79ce,tool shed,Outside Cottage
train_ep_002603,loc__nave__bfe4b52c,nave,Inside Church
train_ep_002604,loc__kitchen__09228dac,kitchen,Inside Cottage
train_ep_002605,loc__library__d521f765,library,Inside Castle
train_ep_002606,loc__dining_hall__10c40af2,dining hall,Inside Castle
train_ep_002607,loc__courtyard__2c2bf458,courtyard,Outside Palace
train_ep_002608,loc__brush_den__e1300d94,brush den,Forest
train_ep_002609,loc__ball_room__e26306dc,ball room,Inside Palace
train_ep_002610,loc__next_to_an_altar__6252d8d6,next to an altar,Inside Church
train_ep_002611,loc__along_the_banks_of_a_river_in_the_forest__1893d3d3,along the banks of a river in the forest,Forest
train_ep_002612,loc__winter_gardens__e59bb816,winter gardens,Outside Tower
train_ep_002613,loc__king_s_bedroom__03fb30e9,king's bedroom,Inside Palace
train_ep_002614,loc__cursed_grave__7f5aabe1,cursed grave,Graveyard
train_ep_002615,loc__foyer__114ad31a,foyer,Inside Palace
train_ep_002616,loc__guard_shack__0ef62152,guard shack,Outside Tower
train_ep_002617,loc__hall_of_the_goddess__7c0819d4,hall of the goddess,Inside Temple
train_ep_002618,loc__throne__253d405e,throne,Inside Palace
train_ep_002619,loc__old_red_barn__d6b0cfd8,old red barn,Farm
train_ep_002620,loc__desert_cavern__9287fea8,desert cavern,Desert
train_ep_002621,loc__cactus_field__ce508a05,cactus field,Desert
train_ep_002622,loc__fishing_pier__fd5d48a9,fishing pier,Shore
train_ep_002623,loc__high_priest_chamber__3d59d244,high priest chamber,Inside Church
train_ep_002624,loc__beside_church_pews__8d83bdb7,beside church pews,Inside Church
train_ep_002625,loc__quicksand_pit__591e521d,quicksand pit,Swamp
train_ep_002626,loc__sacrifice_chamber__8aaf85ac,sacrifice chamber,Inside Temple
train_ep_002627,loc__pirate_ship__a3eb0b34,pirate ship,Port
train_ep_002628,loc__palace_throne__edc54e5f,palace throne,Inside Palace
train_ep_002629,loc__inside_cottage_kitchen__5eaa1ce9,inside cottage kitchen,Inside Cottage
train_ep_002630,loc__palace_kitchen__4dee9bb6,palace kitchen,Inside Palace
train_ep_002631,loc__hillside_manor__b1ec6b5a,hillside manor,Countryside
train_ep_002632,loc__pig_pen__cd6444b3,pig pen,Countryside
train_ep_002633,loc__tower_dungeon__3b953217,tower dungeon,Inside Tower
train_ep_002634,loc__beside_church_entrance__2206aedf,beside church entrance,Outside Church
train_ep_002635,loc__castle_armory__c05c8115,castle armory,Inside Castle
train_ep_002636,loc__hillside_mansion__369afa4b,hillside mansion,Countryside
train_ep_002637,loc__palace_ballroom__e83afcc3,palace ballroom,Inside Palace
train_ep_002638,loc__church_altar__b46bba3c,church altar,Inside Church
train_ep_002639,loc__towering_mesa__148ef02b,towering mesa,Desert
train_ep_002640,loc__small_hut__78dbc695,small hut,Jungle
train_ep_002641,loc__gold_mine__23a64f00,gold mine,Abandoned
train_ep_002642,loc__stable__f40faf63,stable,Outside Castle
train_ep_002643,loc__room_at_the_top_of_the_tower__bebc68b6,room at the top of the tower,Inside Castle
train_ep_002644,loc__lonely_island__941f1782,lonely island,Abandoned
train_ep_002645,loc__whipping_station__cd58acd7,whipping station,Outside Church
train_ep_002646,loc__public_execution_stand__ec1c97f7,public execution stand,Bazaar
train_ep_002647,loc__sitting_room__152ab82c,sitting room,Inside Cottage
train_ep_002648,loc__prison_room__075cec3e,prison room,Inside Tower
train_ep_002649,loc__bedding_room__8584585f,bedding room,Inside Palace
train_ep_002650,loc__fountain__79de7a61,fountain,Graveyard
train_ep_002651,loc__oasis__335ffbcf,oasis,Desert
train_ep_002652,loc__beach_house__64bd4f8d,beach house,Shore
train_ep_002653,loc__farmer_hill__b21f8161,farmer hill,Outside Cottage
train_ep_002654,loc__mars_desert__d8c9aa45,mars desert,Desert
train_ep_002655,loc__hall_of_echoes__55050f7d,hall of echoes,Inside Temple
train_ep_002656,loc__bathing_room__e8175c31,bathing room,Inside Temple
train_ep_002657,loc__mysterious_shop__454073ca,mysterious shop,Bazaar
train_ep_002658,loc__show_room_inside_the_castle__f6ac41dd,show room inside the castle,Inside Castle
train_ep_002659,loc__inside_church_back_row__5cc901b4,inside church back row,Inside Church
train_ep_002660,loc__tavern_of_browntavia__0bc98c5d,tavern of browntavia,Tavern
train_ep_002661,loc__bone_pit__bec80d68,bone pit,Outside Temple
train_ep_002662,loc__enchanted_light_house__0bd68be0,enchanted light house,Shore
train_ep_002663,loc__sacrificial_altar__0974214f,sacrificial altar,Inside Temple
train_ep_002664,loc__dungeon__e0dc3209,dungeon,Inside Temple
train_ep_002665,loc__personal_quarters__5bdf1559,personal quarters,Inside Palace
train_ep_002666,loc__dining_hall__10c40af2,dining hall,Inside Tower
train_ep_002667,loc__bank__bd5af1f6,bank,Swamp
train_ep_002668,loc__library__d521f765,library,Inside Castle
train_ep_002669,loc__main_entrance__68f3df62,main entrance,Outside Temple
train_ep_002670,loc__storage_room__ab9f0184,storage room,Dungeon
train_ep_002671,loc__ruined_house__b253dd25,ruined house,Abandoned
train_ep_002672,loc__study_room__5698bd87,study room,Inside Church
train_ep_002673,loc__dock__05debdb8,dock,Port
train_ep_002674,loc__pond__d873154f,pond,Forest
train_ep_002675,loc__reception_area__9f5fd34c,reception area,Graveyard
train_ep_002676,loc__weapon_room__a7162ba9,weapon room,Inside Temple
train_ep_002677,loc__garden__e2704f30,garden,Outside Palace
train_ep_002678,loc__small_graveyard__d12232a8,small graveyard,Outside Cottage
train_ep_002679,loc__armory__f1c6e216,armory,Inside Castle
train_ep_002680,loc__entrance__2a20afe0,entrance,Cave
train_ep_002681,loc__stable__f40faf63,stable,Farm
train_ep_002682,loc__storage_room__ab9f0184,storage room,Tavern
train_ep_002683,loc__clearing__5832a4d8,clearing,Jungle
train_ep_002684,loc__nave__bfe4b52c,nave,Inside Church
train_ep_002685,loc__stable__f40faf63,stable,Outside Palace
train_ep_002686,loc__courtyard__2c2bf458,courtyard,Outside Palace
train_ep_002687,loc__torture_room__87c0e788,torture room,Dungeon
train_ep_002688,loc__town_square__4d10acd1,town square,Town
train_ep_002689,loc__grand_ballroom__52b4001e,grand ballroom,Inside Castle
train_ep_002690,loc__hidden_passageway__d7cdebb5,hidden passageway,Inside Temple
train_ep_002691,loc__old_crypt__9f170f50,old crypt,Graveyard
train_ep_002692,loc__weathered_shack__8c23b906,weathered shack,Abandoned
train_ep_002693,loc__staircase__7dbf02f9,staircase,Inside Tower
train_ep_002694,loc__temple_entrance__71ae50b0,temple entrance,Outside Temple
train_ep_002695,loc__tree_of_spirits__e757fcef,tree of spirits,Trail
train_ep_002696,loc__popes_dormitory__ddb11751,popes dormitory,Inside Church
train_ep_002697,loc__grand_dining_room__8cb359cc,grand dining room,Inside Palace
train_ep_002698,loc__brim_canal__7a498e16,brim canal,Lake
train_ep_002699,loc__horse_s_stables__0cd4df4c,horse's stables,Outside Cottage
train_ep_002700,loc__horse_field__eeae819a,horse field,Countryside
train_ep_002701,loc__prisoner_s_cell__bf78e6a1,prisoner's cell,Dungeon
train_ep_002702,loc__queen_s_quarters__22b70e95,queen's quarters,Inside Palace
train_ep_002703,loc__artillery_room__9af01c49,artillery room,Inside Tower
train_ep_002704,loc__archery_zone__fdb7c330,archery zone,Outside Castle
train_ep_002705,loc__knight_s_hunting_ground__09b79c95,knight's hunting ground,Trail
train_ep_002706,loc__priest_s_chambers__1ebce5c5,priest's chambers,Inside Temple
train_ep_002707,loc__kitchen__09228dac,kitchen,Inside Castle
train_ep_002708,loc__king_s_chambers__e3e597fe,king's chambers,Inside Palace
train_ep_002709,loc__master_bedroom__ee30383a,master bedroom,Inside Castle
train_ep_002710,loc__royal_shipyard__fc976e6e,royal shipyard,Port
train_ep_002711,loc__outpost__9e81fdfb,outpost,Mountain
train_ep_002712,loc__ritual_room__4574deb8,ritual room,Inside Temple
train_ep_002713,loc__front_of_the_cottage__908b24e7,front of the cottage,Outside Cottage
train_ep_002714,loc__village_at_the_base_of_the_mountain__47dbe2ea,village at the base of the mountain,Mountain
train_ep_002715,loc__armory__f1c6e216,armory,Inside Tower
train_ep_002716,loc__confession_box__fb7e21f1,confession box,Inside Church
train_ep_002717,loc__bandit_lair__90d428ee,bandit lair,Cave
train_ep_002718,loc__ruin_of_a_house__62eef8f7,ruin of a house,Wasteland
train_ep_002719,loc__tent__7b65dcf0,tent,Desert
train_ep_002720,loc__inside_the_temple__573b0d5f,inside the temple,Inside Temple
train_ep_002721,loc__boat_house__62b9e6c4,boat house,Port
train_ep_002722,loc__kings_bedroom__64489025,kings bedroom,Inside Castle
train_ep_002723,loc__stream__f7b44cfa,stream,Forest
train_ep_002724,loc__lush_meadow_in_the_country_side__d9fa9500,lush meadow in the country side,Countryside
train_ep_002725,loc__hilltop_temple_grounds__9a75117c,hilltop temple grounds,Outside Temple
train_ep_002726,loc__castle_maids_room__208d485a,castle maids' room,Inside Castle
train_ep_002727,loc__privy_room__3e3bfa73,privy room,Inside Castle
train_ep_002728,loc__castle_courtyard_bazaar__f18a3852,castle courtyard bazaar,Bazaar
train_ep_002729,loc__unexplored_jungle__ff39ded3,unexplored jungle,Jungle
train_ep_002730,loc__inside_temple__78c8ad2b,inside temple,Inside Temple
train_ep_002731,loc__forsaken_castle__e4d7c5af,forsaken castle,Abandoned
train_ep_002732,loc__turquoise_shore__9c4dff53,turquoise shore,Shore
train_ep_002733,loc__great_hall__91ce0dd0,great hall,Inside Tower
train_ep_002734,loc__abandoned_mine__75691f18,abandoned mine,Mountain
train_ep_002735,loc__beach__7193529a,beach,Shore
train_ep_002736,loc__abandoned_mine__75691f18,abandoned mine,Abandoned
train_ep_002737,loc__unfinished_mausoleum__d8f26138,unfinished mausoleum,Graveyard
train_ep_002738,loc__bamboo_hut__fe75e1af,bamboo hut,Jungle
train_ep_002739,loc__path_in_forest__b615034b,path in forest,Trail
train_ep_002740,loc__barn__5dfcc0aa,barn,Farm
train_ep_002741,loc__prayer_room__b4ab9d1e,prayer room,Inside Temple
train_ep_002742,loc__cemetery__dccbebc2,cemetery,Graveyard
train_ep_002743,loc__meadow__07a42035,meadow,Countryside
train_ep_002744,loc__queen_s_bedchamber__25802711,queen's bedchamber,Inside Palace
train_ep_002745,loc__cave__e386df9e,cave,Mountain
train_ep_002746,loc__altar_room__cbf077bb,altar room,Inside Temple
train_ep_002747,loc__confessional__f24d3972,confessional,Inside Church
train_ep_002748,loc__torture_room__87c0e788,torture room,Dungeon
train_ep_002749,loc__watchtower__2275d0f0,watchtower,Outside Tower
train_ep_002750,loc__lighthouse__fad0ce22,lighthouse,Shore
train_ep_002751,loc__port_tavern__48d771c2,port tavern,Port
train_ep_002752,loc__prison_room__075cec3e,prison room,Inside Tower
train_ep_002753,loc__dungeon__e0dc3209,dungeon,Inside Castle
train_ep_002754,loc__master_bedroom__ee30383a,master bedroom,Inside Palace
train_ep_002755,loc__outside_temple__4d6f89cb,outside temple,Outside Temple
train_ep_002756,loc__graveyard__7b3ab674,graveyard,Graveyard
train_ep_002757,loc__opening_to_the_drawbridge_of_the_castle__7901de11,opening to the drawbridge of the castle,Trail
train_ep_002758,loc__outside_castle__fd9e3171,outside castle,Outside Castle
train_ep_002759,loc__bell_tower__53496f39,bell tower,Inside Church
train_ep_002760,loc__troll_s_bridge__934a7368,troll's bridge,Swamp
train_ep_002761,loc__barn__5dfcc0aa,barn,Farm
train_ep_002762,loc__dungeon_within_a_castle__30c5909c,dungeon within a castle,Dungeon
train_ep_002763,loc__wooded_magical_village__0d0cf6a7,wooded magical village,Forest
train_ep_002764,loc__abandoned_castle_on_an_ocean_cliff_side__2a4a7700,abandoned castle on an ocean cliff side,Abandoned
train_ep_002765,loc__inside_a_desolate_cave__62f3c8b1,inside a desolate cave,Dungeon
train_ep_002766,loc__knights_quarters__d1135fd1,knights quarters,Inside Castle
train_ep_002767,loc__dwarven_city__24e5c23d,dwarven city,Mountain
train_ep_002768,loc__underground_chamber__d71a7d7a,underground chamber,Cave
train_ep_002769,loc__werewolves_tavern__a0b69047,werewolves tavern,Tavern
train_ep_002770,loc__outside_the_church_of_monks__12e0820b,outside the church of monks,Outside Church
train_ep_002771,loc__temple_courtyard__c65f7648,temple courtyard,Outside Temple
train_ep_002772,loc__inside_the_unicorn_palace__56787601,inside the unicorn palace,Inside Palace
train_ep_002773,loc__witches_cottage__6a123241,witches cottage,Outside Cottage
train_ep_002774,loc__inside_the_fairy_temple__748c1bf3,inside the fairy temple,Inside Temple
train_ep_002775,loc__fairy_forest__c73e62c1,fairy forest,Forest
train_ep_002776,loc__inside_the_fairies_church__7a838b07,inside the fairies church,Inside Church
train_ep_002777,loc__inside_the_king_s_palace__ad1ed203,inside the king's palace,Inside Palace
train_ep_002778,loc__inside_temple__78c8ad2b,inside temple,Inside Temple
train_ep_002779,loc__dining_hall__10c40af2,dining hall,Inside Tower
train_ep_002780,loc__confessional_room__22bf6614,confessional room,Inside Church
train_ep_002781,loc__oasis__335ffbcf,oasis,Desert
train_ep_002782,loc__wizard_s_quarters__e0890c7c,wizard's quarters,Outside Tower
train_ep_002783,loc__dungeon__e0dc3209,dungeon,Inside Castle
train_ep_002784,loc__castle__9355a9f9,castle,Inside Castle
train_ep_002785,loc__bazaar__8c5c7284,bazaar,Bazaar
train_ep_002786,loc__castle__9355a9f9,castle,Inside Castle
train_ep_002787,loc__tower__79835ea3,tower,Inside Tower
train_ep_002788,loc__tower__79835ea3,tower,Outside Tower
train_ep_002789,loc__bazaar__8c5c7284,bazaar,Bazaar
train_ep_002790,loc__royal_gardens__e410d0fe,royal gardens,Outside Palace
train_ep_002791,loc__docks__d1b1bb99,docks,Port
train_ep_002792,loc__inside_the_temple__573b0d5f,inside the temple,Inside Temple
train_ep_002793,loc__sacred_temple__0ee6dca9,sacred temple,Inside Church
train_ep_002794,loc__lagoon__664a6ce4,lagoon,Lake
train_ep_002795,loc__cave__e386df9e,cave,Cave
train_ep_002796,loc__outside_tower__7dc67c9f,outside tower,Outside Tower
train_ep_002797,loc__jungle__5d991220,jungle,Jungle
train_ep_002798,loc__outside_church__9f23256f,outside church,Outside Church
train_ep_002799,loc__riverbed__acbe6245,riverbed,Forest
train_ep_002800,loc__mud_pit__7a862ed0,mud pit,Jungle
train_ep_002801,loc__military_outpost_at_the_heart_of_the_swamp__0b91dfd0,military outpost at the heart of the swamp,Swamp
train_ep_002802,loc__royal_kitchen__fca4f709,royal kitchen,Inside Palace
train_ep_002803,loc__inside_tower__3d67c0a7,inside tower,Inside Tower
train_ep_002804,loc__abandoned_shack__d3865a64,abandoned shack,Wasteland
train_ep_002805,loc__princess_library__7426d41f,princess' library,Inside Palace
train_ep_002806,loc__yurt__e67b7569,yurt,Desert
train_ep_002807,loc__spice_stall__5ddd9bb4,spice stall,Bazaar
train_ep_002808,loc__treasure_cavern__26b58d7a,treasure cavern,Inside Temple
train_ep_002809,loc__bathroom__67518d64,bathroom,Inside Tower
train_ep_002810,loc__tree_house__493a5d1a,tree house,Jungle
train_ep_002811,loc__main_hall__8f1c5099,main hall,Inside Palace
train_ep_002812,loc__town_square__4d10acd1,town square,Town
train_ep_002813,loc__living_quarters__26fbc0ca,living quarters,Farm
train_ep_002814,loc__kings_chambers__3b38188f,kings chambers,Inside Palace
train_ep_002815,loc__trash_heap__0e440590,trash heap,Wasteland
train_ep_002816,loc__entrance_to_the_pine_trees__857c5da1,entrance to the pine trees,Forest
train_ep_002817,loc__courtyard__2c2bf458,courtyard,Outside Palace
train_ep_002818,loc__tree_house__493a5d1a,tree house,Jungle
train_ep_002819,loc__top_side_tower_overlooking_view__8b843a89,top side tower overlooking view,Outside Tower
train_ep_002820,loc__large_galleon__0e3d3ca8,large galleon,Port
train_ep_002821,loc__dark_cave__b9185199,dark cave,Cave
train_ep_002822,loc__black_smiths_shop__5379f4dc,black smiths shop,Town
train_ep_002823,loc__lakeside_house__e89e18cd,lakeside house,Lake
train_ep_002824,loc__armory__f1c6e216,armory,Inside Castle
train_ep_002825,loc__torture_chamber__11dfca19,torture chamber,Dungeon
train_ep_002826,loc__bedroom__cff8b1fe,bedroom,Inside Cottage
train_ep_002827,loc__treasure_room__5acf31fd,treasure room,Inside Castle
train_ep_002828,loc__barn__5dfcc0aa,barn,Farm
train_ep_002829,loc__throne_room__f4977c99,throne room,Shore
train_ep_002830,loc__coast__756d153b,coast,Shore
train_ep_002831,loc__bat_room__c322be72,bat room,Cave
train_ep_002832,loc__choir_room__35978911,choir room,Inside Church
train_ep_002833,loc__jail_room__4ad818b4,jail room,Inside Tower
train_ep_002834,loc__town_theater__8fa3302e,town theater,Town
train_ep_002835,loc__underground_cavern__2714911b,underground cavern,Cave
train_ep_002836,loc__moat__3c3a57f1,moat,Outside Palace
train_ep_002837,loc__bedroom__cff8b1fe,bedroom,Inside Cottage
train_ep_002838,loc__clergyman_s_office__30ca015e,clergyman's office,Inside Temple
train_ep_002839,loc__waterfall__911b1ca4,waterfall,Mountain
train_ep_002840,loc__gathering_room__2b59ea3f,gathering room,Inside Cottage
train_ep_002841,loc__grand_dancing_hall__7dd99710,grand dancing hall,Inside Palace
train_ep_002842,loc__top_of_a_tall_tree__6c2eb414,top of a tall tree,Jungle
train_ep_002843,loc__summit__cc8c6287,summit,Mountain
train_ep_002844,loc__dining_hall__10c40af2,dining hall,Inside Castle
train_ep_002845,loc__murky_water__7482dbbf,murky water,Swamp
train_ep_002846,loc__scenic_overlook__9ccff5f9,scenic overlook,Trail
train_ep_002847,loc__secret_oasis__4b7fea6a,secret oasis,Desert
train_ep_002848,loc__town__7198cda5,town,Town
train_ep_002849,loc__tombstones_of_the_kings__f98f35ed,tombstones of the kings,Graveyard
train_ep_002850,loc__sanctuary__80452c45,sanctuary,Inside Church
train_ep_002851,loc__rectory__af9459b5,rectory,Inside Church
train_ep_002852,loc__meditation_room__40c0a44e,meditation room,Inside Temple
train_ep_002853,loc__loading_dock__2e35f637,loading dock,Port
train_ep_002854,loc__mountain_peak__924f5a88,mountain peak,Mountain
train_ep_002855,loc__king_s_quarters__b44e1648,king's quarters,Inside Tower
train_ep_002856,loc__oracle_cave__d32dc815,oracle cave,Mountain
train_ep_002857,loc__spiral_staircase__031e4915,spiral staircase,Inside Tower
train_ep_002858,loc__confessional__f24d3972,confessional,Inside Church
train_ep_002859,loc__marketplace__bc5986eb,marketplace,Port
train_ep_002860,loc__beyond_the_wall__adff6e1c,beyond the wall,Outside Castle
train_ep_002861,loc__land_beyond_the_wasteland__0b3b29ad,land beyond the wasteland,Abandoned
train_ep_002862,loc__behind_the_servant_quarters__9413241c,behind the servant quarters,Wasteland
train_ep_002863,loc__adjacent_to_the_guest_castle__7becb0d5,adjacent to the guest castle,Farm
train_ep_002864,loc__inside_the_king_s_castle__afab450e,inside the king's castle,Inside Tower
train_ep_002865,loc__across_the_king_s_garden__82bbf802,across the king's garden,Trail
train_ep_002866,loc__within_the_king_s_mansion__ffdc1072,within the king's mansion,Inside Temple
train_ep_002867,loc__market_center__f92392bc,market center,Tavern
train_ep_002868,loc__chapel__5ee4b863,chapel,Inside Church
train_ep_002869,loc__bar__37b51d19,bar,Tavern
train_ep_002870,loc__battleship__e82a29f3,battleship,Shore
train_ep_002871,loc__banquet_hall__b7ba191c,banquet hall,Inside Castle
train_ep_002872,loc__entrance_to_castle__6ce4a988,entrance to castle,Outside Castle
train_ep_002873,loc__cabin__92faafe2,cabin,Countryside
train_ep_002874,loc__pew__08db7753,pew,Inside Church
train_ep_002875,loc__shop_in_bazaar__bb1b9374,shop in bazaar,Bazaar
train_ep_002876,loc__entrance_to_church__2ba81d25,entrance to church,Outside Church
train_ep_002877,loc__dock_at_the_port__eaf44017,dock at the port,Port
train_ep_002878,loc__dock__05debdb8,dock,Lake
train_ep_002879,loc__witch_s_house__f92034cd,witch's house,Swamp
train_ep_002880,loc__within_the_walls_of_the_city__ccd0198d,within the walls of the city,Inside Tower
train_ep_002881,loc__cottage__144deb32,cottage,Countryside
train_ep_002882,loc__queen_s_chamber__e51179c6,queen's chamber,Inside Palace
train_ep_002883,loc__bog__e07cd172,bog,Swamp
train_ep_002884,loc__dining_hall__10c40af2,dining hall,Inside Palace
train_ep_002885,loc__nave__bfe4b52c,nave,Inside Church
train_ep_002886,loc__weapon_closet__20098437,weapon closet,Inside Tower
train_ep_002887,loc__princess_chamber__b18da5a3,princess' chamber,Inside Tower
train_ep_002888,loc__inside_church__aab73af9,inside church,Inside Church
train_ep_002889,loc__training_fields__20aac210,training fields,Outside Palace
train_ep_002890,loc__alchemists_lab__d5456245,alchemists lab,Inside Tower
train_ep_002891,loc__nursery__a718a874,nursery,Inside Palace
train_ep_002892,loc__kitchen__09228dac,kitchen,Tavern
train_ep_002893,loc__boathouse__f1916d48,boathouse,Swamp
train_ep_002894,loc__nave__bfe4b52c,nave,Inside Church
train_ep_002895,loc__tool_shed__5a0c79ce,tool shed,Outside Cottage
train_ep_002896,loc__kitchen__09228dac,kitchen,Inside Cottage
train_ep_002897,loc__library__d521f765,library,Inside Castle
train_ep_002898,loc__dining_hall__10c40af2,dining hall,Inside Castle
train_ep_002899,loc__courtyard__2c2bf458,courtyard,Outside Palace
train_ep_002900,loc__troll_s_lair__218cc09b,troll's lair,Cave
train_ep_002901,loc__barracks__2ce29011,barracks,Outside Castle
train_ep_002902,loc__throne_room__f4977c99,throne room,Inside Tower
train_ep_002903,loc__next_to_an_altar__6252d8d6,next to an altar,Inside Church
train_ep_002904,loc__ball_room__e26306dc,ball room,Inside Palace
train_ep_002905,loc__along_the_banks_of_a_river_in_the_forest__1893d3d3,along the banks of a river in the forest,Forest
train_ep_002906,loc__servant_s_quarters__2ab37024,servant's quarters,Inside Palace
train_ep_002907,loc__king_s_bedroom__03fb30e9,king's bedroom,Inside Palace
train_ep_002908,loc__jewelry_stall__2ec13fd4,jewelry stall,Bazaar
train_ep_002909,loc__winter_gardens__e59bb816,winter gardens,Outside Tower
train_ep_002910,loc__cursed_grave__7f5aabe1,cursed grave,Graveyard
train_ep_002911,loc__foyer__114ad31a,foyer,Inside Palace
train_ep_002912,loc__guard_shack__0ef62152,guard shack,Outside Tower
train_ep_002913,loc__hall_of_the_goddess__7c0819d4,hall of the goddess,Inside Temple
train_ep_002914,loc__old_red_barn__d6b0cfd8,old red barn,Farm
train_ep_002915,loc__desert_cavern__9287fea8,desert cavern,Desert
train_ep_002916,loc__cactus_field__ce508a05,cactus field,Desert
train_ep_002917,loc__fishing_pier__fd5d48a9,fishing pier,Shore
train_ep_002918,loc__high_priest_chamber__3d59d244,high priest chamber,Inside Church
train_ep_002919,loc__beside_church_pews__8d83bdb7,beside church pews,Inside Church
train_ep_002920,loc__quicksand_pit__591e521d,quicksand pit,Swamp
train_ep_002921,loc__sacrifice_chamber__8aaf85ac,sacrifice chamber,Inside Temple
train_ep_002922,loc__beach_house__64bd4f8d,beach house,Shore
train_ep_002923,loc__mushroom_hut__8bb7cd75,mushroom hut,Outside Cottage
train_ep_002924,loc__palace_throne__edc54e5f,palace throne,Inside Palace
train_ep_002925,loc__palace_kitchen__4dee9bb6,palace kitchen,Inside Palace
train_ep_002926,loc__inside_cottage_kitchen__5eaa1ce9,inside cottage kitchen,Inside Cottage
train_ep_002927,loc__pig_pen__cd6444b3,pig pen,Countryside
train_ep_002928,loc__beside_temple_entrance__b712f707,beside temple entrance,Outside Temple
train_ep_002929,loc__tower_dungeon__3b953217,tower dungeon,Inside Tower
train_ep_002930,loc__beside_church_entrance__2206aedf,beside church entrance,Outside Church
train_ep_002931,loc__castle_armory__c05c8115,castle armory,Inside Castle
train_ep_002932,loc__hillside_mansion__369afa4b,hillside mansion,Countryside
train_ep_002933,loc__palace_ballroom__e83afcc3,palace ballroom,Inside Palace
train_ep_002934,loc__church_altar__b46bba3c,church altar,Inside Church
train_ep_002935,loc__tower_sewers__135799e5,tower sewers,Inside Tower
train_ep_002936,loc__towering_mesa__148ef02b,towering mesa,Desert
train_ep_002937,loc__inside_temple_crypt__eb261a98,inside temple crypt,Inside Temple
train_ep_002938,loc__small_hut__78dbc695,small hut,Jungle
train_ep_002939,loc__gold_mine__23a64f00,gold mine,Abandoned
train_ep_002940,loc__stable__f40faf63,stable,Outside Castle
train_ep_002941,loc__room_at_the_top_of_the_tower__bebc68b6,room at the top of the tower,Inside Castle
train_ep_002942,loc__lonely_island__941f1782,lonely island,Abandoned
train_ep_002943,loc__public_execution_stand__ec1c97f7,public execution stand,Bazaar
train_ep_002944,loc__sitting_room__152ab82c,sitting room,Inside Cottage
train_ep_002945,loc__whipping_station__cd58acd7,whipping station,Outside Church
train_ep_002946,loc__bedding_room__8584585f,bedding room,Inside Palace
train_ep_002947,loc__prison_room__075cec3e,prison room,Inside Tower
train_ep_002948,loc__fountain__79de7a61,fountain,Graveyard
train_ep_002949,loc__oasis__335ffbcf,oasis,Desert
train_ep_002950,loc__beach_house__64bd4f8d,beach house,Shore
train_ep_002951,loc__stained_glass_room__fe4963f3,stained glass room,Inside Church
train_ep_002952,loc__farmer_hill__b21f8161,farmer hill,Outside Cottage
train_ep_002953,loc__mars_desert__d8c9aa45,mars desert,Desert
train_ep_002954,loc__clearing__5832a4d8,clearing,Forest
train_ep_002955,loc__bathing_room__e8175c31,bathing room,Inside Temple
train_ep_002956,loc__hall_of_echoes__55050f7d,hall of echoes,Inside Temple
train_ep_002957,loc__mysterious_shop__454073ca,mysterious shop,Bazaar
train_ep_002958,loc__show_room_inside_the_castle__f6ac41dd,show room inside the castle,Inside Castle
train_ep_002959,loc__inside_church_back_row__5cc901b4,inside church back row,Inside Church
train_ep_002960,loc__town_of_anoria__bfbab07a,town of anoria,Town
train_ep_002961,loc__tavern_of_browntavia__0bc98c5d,tavern of browntavia,Tavern
train_ep_002962,loc__bone_pit__bec80d68,bone pit,Outside Temple
train_ep_002963,loc__enchanted_light_house__0bd68be0,enchanted light house,Shore
train_ep_002964,loc__sacrificial_altar__0974214f,sacrificial altar,Inside Temple
train_ep_002965,loc__murder_hole__da3df777,murder hole,Inside Tower
train_ep_002966,loc__dungeon__e0dc3209,dungeon,Inside Temple
train_ep_002967,loc__garden__e2704f30,garden,Outside Cottage
train_ep_002968,loc__personal_quarters__5bdf1559,personal quarters,Inside Palace
train_ep_002969,loc__dining_hall__10c40af2,dining hall,Inside Tower
train_ep_002970,loc__bank__bd5af1f6,bank,Swamp
train_ep_002971,loc__library__d521f765,library,Inside Castle
train_ep_002972,loc__main_entrance__68f3df62,main entrance,Outside Temple
train_ep_002973,loc__storage_room__ab9f0184,storage room,Dungeon
train_ep_002974,loc__study_room__5698bd87,study room,Inside Church
train_ep_002975,loc__ruined_house__b253dd25,ruined house,Abandoned
train_ep_002976,loc__pond__d873154f,pond,Forest
train_ep_002977,loc__reception_area__9f5fd34c,reception area,Graveyard
train_ep_002978,loc__garden__e2704f30,garden,Outside Palace
train_ep_002979,loc__dock__05debdb8,dock,Port
train_ep_002980,loc__weapon_room__a7162ba9,weapon room,Inside Temple
train_ep_002981,loc__small_graveyard__d12232a8,small graveyard,Outside Cottage
train_ep_002982,loc__entrance__2a20afe0,entrance,Cave
train_ep_002983,loc__armory__f1c6e216,armory,Inside Castle
train_ep_002984,loc__stable__f40faf63,stable,Farm
train_ep_002985,loc__storage_room__ab9f0184,storage room,Tavern
train_ep_002986,loc__clearing__5832a4d8,clearing,Jungle
train_ep_002987,loc__nave__bfe4b52c,nave,Inside Church
train_ep_002988,loc__graveyard__7b3ab674,graveyard,Outside Church
train_ep_002989,loc__stable__f40faf63,stable,Outside Palace
train_ep_002990,loc__courtyard__2c2bf458,courtyard,Outside Palace
train_ep_002991,loc__torture_room__87c0e788,torture room,Dungeon
train_ep_002992,loc__main_hallway__840c1503,main hallway,Inside Palace
train_ep_002993,loc__town_square__4d10acd1,town square,Town
train_ep_002994,loc__hidden_passageway__d7cdebb5,hidden passageway,Inside Temple
train_ep_002995,loc__grand_ballroom__52b4001e,grand ballroom,Inside Castle
train_ep_002996,loc__old_crypt__9f170f50,old crypt,Graveyard
train_ep_002997,loc__castle_kitchen__b00392de,castle kitchen,Inside Castle
train_ep_002998,loc__debtor_s_prison__ea99977f,debtor's prison,Inside Tower
train_ep_002999,loc__weathered_shack__8c23b906,weathered shack,Abandoned
train_ep_003000,loc__temple_entrance__71ae50b0,temple entrance,Outside Temple
train_ep_003001,loc__staircase__7dbf02f9,staircase,Inside Tower
train_ep_003002,loc__tree_of_spirits__e757fcef,tree of spirits,Trail
train_ep_003003,loc__royal_tomb__1b57a10e,royal tomb,Inside Temple
train_ep_003004,loc__popes_dormitory__ddb11751,popes dormitory,Inside Church
train_ep_003005,loc__grand_dining_room__8cb359cc,grand dining room,Inside Palace
train_ep_003006,loc__brim_canal__7a498e16,brim canal,Lake
train_ep_003007,loc__horse_s_stables__0cd4df4c,horse's stables,Outside Cottage
train_ep_003008,loc__horse_field__eeae819a,horse field,Countryside
train_ep_003009,loc__hunting_grounds__6ac15b3d,hunting grounds,Trail
train_ep_003010,loc__prisoner_s_cell__bf78e6a1,prisoner's cell,Dungeon
train_ep_003011,loc__queen_s_quarters__22b70e95,queen's quarters,Inside Palace
train_ep_003012,loc__cemetery__dccbebc2,cemetery,Wasteland
train_ep_003013,loc__artillery_room__9af01c49,artillery room,Inside Tower
train_ep_003014,loc__archery_zone__fdb7c330,archery zone,Outside Castle
train_ep_003015,loc__knight_s_hunting_ground__09b79c95,knight's hunting ground,Trail
train_ep_003016,loc__priest_s_chambers__1ebce5c5,priest's chambers,Inside Temple
train_ep_003017,loc__kitchen__09228dac,kitchen,Inside Castle
train_ep_003018,loc__king_s_chambers__e3e597fe,king's chambers,Inside Palace
train_ep_003019,loc__master_bedroom__ee30383a,master bedroom,Inside Castle
train_ep_003020,loc__outpost__9e81fdfb,outpost,Mountain
train_ep_003021,loc__ritual_room__4574deb8,ritual room,Inside Temple
train_ep_003022,loc__village_at_the_base_of_the_mountain__47dbe2ea,village at the base of the mountain,Mountain
train_ep_003023,loc__armory__f1c6e216,armory,Inside Tower
train_ep_003024,loc__confession_box__fb7e21f1,confession box,Inside Church
train_ep_003025,loc__bandit_lair__90d428ee,bandit lair,Cave
train_ep_003026,loc__ruin_of_a_house__62eef8f7,ruin of a house,Wasteland
train_ep_003027,loc__tent__7b65dcf0,tent,Desert
train_ep_003028,loc__inside_the_temple__573b0d5f,inside the temple,Inside Temple
train_ep_003029,loc__boat_house__62b9e6c4,boat house,Port
train_ep_003030,loc__kings_bedroom__64489025,kings bedroom,Inside Castle
train_ep_003031,loc__stream__f7b44cfa,stream,Forest
train_ep_003032,loc__forest__f379cfd7,forest,Countryside
train_ep_003033,loc__lush_meadow_in_the_country_side__d9fa9500,lush meadow in the country side,Countryside
train_ep_003034,loc__small_town_located_in_the_hills__d4698af1,small town located in the hills,Town
train_ep_003035,loc__kings_bed_room__b1f6b2b3,kings bed room,Inside Castle
train_ep_003036,loc__front_row__ec5571ef,front row,Inside Church
train_ep_003037,loc__town_in_the_desert__fff2a6b4,town in the desert,Wasteland
train_ep_003038,loc__primary_cave__755e8817,primary cave,Cave
train_ep_003039,loc__ferry_terminal__e6bf99dd,ferry terminal,Port
train_ep_003040,loc__bed_chambers__67892844,bed chambers,Inside Palace
train_ep_003041,loc__modest_living_area__fe2770f1,modest living area,Inside Cottage
train_ep_003042,loc__temple_foyer__c0b5e90a,temple foyer,Inside Temple
train_ep_003043,loc__front_altar__819cc2dd,front altar,Inside Temple
train_ep_003044,loc__desert_tent__a1a041ce,desert tent,Wasteland
train_ep_003045,loc__northern_shore__e8588ae1,northern shore,Lake
train_ep_003046,loc__grassy_plains__ecb71cc6,grassy plains,Trail
train_ep_003047,loc__old_gnaisha_s__d05194f9,old gnaisha's,Bazaar
train_ep_003048,loc__great_armory__8a3248e6,great armory,Inside Castle
train_ep_003049,loc__dancing_stoat__a6b60c83,dancing stoat,Town
train_ep_003050,loc__paladins_memorial_chapel__3b8a3ef4,paladins' memorial chapel,Inside Church
train_ep_003051,loc__shrine_of_sretniy__c5cdca48,shrine of sretniy,Inside Temple
train_ep_003052,loc__desert_land__d9285c9c,desert land,Desert
train_ep_003054,loc__pond__d873154f,pond,Wasteland
train_ep_003055,loc__fishing_shack__be027604,fishing shack,Lake
train_ep_003056,loc__horse_stables__3ab0f4c8,horse stables,Outside Castle
train_ep_003057,loc__castle_basement__ef824ba7,castle basement,Inside Castle
train_ep_003058,loc__tower_kitchen__9b8a3da9,tower kitchen,Inside Tower
train_ep_003059,loc__abandoned_workers_shed__0002433d,abandoned workers shed,Graveyard
train_ep_003060,loc__chicken_pen__1c50c5ac,chicken pen,Countryside
train_ep_003061,loc__stable_hand_s_quarters__74578d25,stable hand's quarters,Outside Castle
train_ep_003062,loc__middle_of_the_bazaar__54f18754,middle of the bazaar,Bazaar
train_ep_003063,loc__launching_point__8c178e87,launching point,Lake
train_ep_003064,loc__corn_field__018a2ccf,corn field,Farm
train_ep_003065,loc__temple__44fdfd6b,temple,Inside Temple
train_ep_003066,loc__main_house__39d59a9f,main house,Farm
train_ep_003067,loc__sacristy__3f4aff85,sacristy,Inside Church
train_ep_003068,loc__old_queen_farm__057da97d,old queen farm,Wasteland
train_ep_003069,loc__fish_market__4e56b4a3,fish market,Port
train_ep_003070,loc__castle_exit__5b525e0e,castle exit,Inside Castle
train_ep_003071,loc__washroom__050b06a4,washroom,Inside Castle
train_ep_003072,loc__fishing_dock__fbf73e36,fishing dock,Lake
train_ep_003073,loc__balcony__d85f7317,balcony,Inside Palace
train_ep_003074,loc__sheriff_office__d4dae028,sheriff office,Farm
train_ep_003075,loc__church_garden__56a741fe,church garden,Outside Church
train_ep_003076,loc__flower_field__f936e92b,flower field,Countryside
train_ep_003077,loc__large_cliffs__f86c4fa5,large cliffs,Shore
train_ep_003078,loc__port_skyline__0254ced0,port skyline,Port
train_ep_003079,loc__haunted_orchard__7434c930,haunted orchard,Farm
train_ep_003080,loc__apothecary__e264c143,apothecary,Town
train_ep_003081,loc__chamber_entrance__0228ee72,chamber entrance,Inside Church
train_ep_003082,loc__main_castle_doors__e1f39f3b,main castle doors,Outside Palace
train_ep_003083,loc__church_garden__56a741fe,church garden,Outside Church
train_ep_003084,loc__dining_hall__10c40af2,dining hall,Inside Castle
train_ep_003085,loc__north_forest__a809663e,north forest,Forest
train_ep_003086,loc__mess_hall__df491ab7,mess hall,Inside Temple
train_ep_003087,loc__gallery__2767cc3e,gallery,Cave
train_ep_003088,loc__crew_berthing__255a7e79,crew berthing,Port
train_ep_003089,loc__landing_in_the_foyer__0712bd55,landing in the foyer,Inside Palace
train_ep_003090,loc__captain_s_cabin__60e1b85d,captain's cabin,Port
train_ep_003091,loc__wharf__ef602779,wharf,Port
train_ep_003092,loc__woodlands__f4b4342e,woodlands,Forest
train_ep_003093,loc__drinking_water_lake__072d7988,drinking water lake,Lake
train_ep_003094,loc__warehouses__54495979,warehouses,Port
train_ep_003095,loc__quay__a4499c24,quay,Port
train_ep_003096,loc__valley_of_doom__2f415a0f,valley of doom,Countryside
train_ep_003097,loc__swimming_hole__41a1f52e,swimming hole,Lake
train_ep_003098,loc__bottlery__3ad26146,bottlery,Inside Castle
train_ep_003099,loc__fitting_room__c555a43b,fitting room,Bazaar
train_ep_003100,loc__arrow_house__9d554350,arrow house,Outside Castle
train_ep_003101,loc__castle_kitchens__6834f5a3,castle kitchens,Inside Palace
train_ep_003102,loc__bright_path__17c6a100,bright path,Inside Castle
train_ep_003103,loc__cold_storage_room__726f76a2,cold storage room,Outside Cottage
train_ep_003104,loc__forest_entrance__4bcda148,forest entrance,Forest
train_ep_003105,loc__slave_quarters__8a6d9f60,slave quarters,Inside Tower
train_ep_003106,loc__fishing_store__b061f606,fishing store,Port
train_ep_003107,loc__dunes__8a48dcda,dunes,Desert
train_ep_003108,loc__temple_guard_station__e0b75841,temple guard station,Outside Temple
train_ep_003109,loc__peasant_s_cottage__00464b6c,peasant's cottage,Countryside
train_ep_003110,loc__small_dirt_road__40d1ead7,small dirt road,Countryside
train_ep_003111,loc__royal_bathroom__f7f11309,royal bathroom,Inside Castle
train_ep_003112,loc__stilt_home__612941a3,stilt home,Farm
train_ep_003113,loc__forbidden_forest__b96ae0b4,forbidden forest,Forest
train_ep_003114,loc__temple_main_room__cc3e74e5,temple main room,Outside Temple
train_ep_003115,loc__back_of_the_stall__4b715f67,back of the stall,Bazaar
train_ep_003116,loc__arch_hall__0fcc7e9c,arch hall,Inside Castle
train_ep_003117,loc__woods__b7bfb949,woods,Forest
train_ep_003118,loc__countryside__9cff47d1,countryside,Countryside
train_ep_003119,loc__saokra_s_blacksmith_shop__e5c9291c,saokra's blacksmith shop,Town
train_ep_003120,loc__mesa_peak__ec3e4014,mesa peak,Mountain
train_ep_003121,loc__temple_chamber__417585e8,temple chamber,Inside Temple
train_ep_003122,loc__prisoners_cells__61cb1ba6,prisoners cells,Dungeon
train_ep_003123,loc__main_foyer__ed99a45c,main foyer,Inside Castle
train_ep_003124,loc__tailings_pile__d27fba96,tailings pile,Mountain
train_ep_003125,loc__garden__e2704f30,garden,Outside Palace
train_ep_003126,loc__hidden_revolutionaries_headquarters__536080d4,hidden revolutionaries' headquarters,Inside Palace
train_ep_003127,loc__acid_yard__7930efda,acid yard,Outside Castle
train_ep_003128,loc__hay_field__0bbfde04,hay field,Outside Cottage
train_ep_003129,loc__horse_tent__858443dc,horse tent,Farm
train_ep_003130,loc__knife_seller__e0a51e70,knife seller,Bazaar
train_ep_003131,loc__general_store__53a8fbb0,general store,Town
train_ep_003132,loc__guards_quarters__94702054,guards quarters,Inside Tower
train_ep_003133,loc__mysterious_shop_s_entrance__212a3859,mysterious shop's entrance,Bazaar
train_ep_003134,loc__beside_the_town_church__0b0b1726,beside the town church,Outside Church
train_ep_003135,loc__entryway_to_the_wizards_tower__7a21df60,entryway to the wizards tower,Inside Tower
train_ep_003136,loc__palace_garden__46ae3845,palace garden,Outside Palace
train_ep_003137,loc__main_gate__d66ce966,main gate,Countryside
train_ep_003138,loc__gold_room__42a3e93d,gold room,Inside Tower
train_ep_003139,loc__visitor_s_entrance__44f22aeb,visitor's entrance,Inside Temple
train_ep_003140,loc__throne_room__f4977c99,throne room,Inside Palace
train_ep_003141,loc__throne_room__f4977c99,throne room,Inside Tower
train_ep_003142,loc__outside_of_the_temple_offices__dd9f1ee7,outside of the temple offices,Outside Temple
train_ep_003143,loc__supply_store__9776432b,supply store,Port
train_ep_003144,loc__bazaar_outside_the_royal_city__3f48a35a,bazaar outside the royal city,Bazaar
train_ep_003145,loc__cactus_field_entrance__cba07803,cactus field entrance,Desert
train_ep_003146,loc__temple_chamber__417585e8,temple chamber,Inside Temple
train_ep_003147,loc__town_center__f942e8bf,town center,Town
train_ep_003148,loc__castle_kitchen__b00392de,castle kitchen,Inside Castle
train_ep_003149,loc__village_of_tamerak__7e6c027e,village of tamerak,Port
train_ep_003150,loc__pine_tree_graveyard__18f73c00,pine tree graveyard,Forest
train_ep_003151,loc__personal_rooms__f7ec06d2,personal rooms,Inside Palace
train_ep_003152,loc__curved_hallway__638b964b,curved hallway,Inside Tower
train_ep_003153,loc__inside_the_ruined_house__f351c82a,inside the ruined house,Inside Cottage
train_ep_003154,loc__spring_bath__6aa6bed3,spring bath,Outside Temple
train_ep_003155,loc__city_of_elders__fa058cbe,city of elders,Town
train_ep_003156,loc__main_chapel__05b43d90,main chapel,Inside Church
train_ep_003157,loc__hidden_garden__f2140155,hidden garden,Outside Palace
train_ep_003158,loc__ghost_trail__7855adca,ghost trail,Trail
train_ep_003159,loc__brimswood_pub__2b57d3a7,brimswood pub,Tavern
train_ep_003160,loc__lavoratory__9cb21908,lavoratory,Inside Castle
train_ep_003161,loc__nearby_road__b720e559,nearby road,Countryside
train_ep_003162,loc__council_of_twelve__3232fa93,council of twelve,Inside Temple
train_ep_003163,loc__tub__271721b2,tub,Inside Tower
train_ep_003164,loc__arsenal__1c5442c0,arsenal,Inside Tower
train_ep_003165,loc__torture_equipment_storage_room__8c501a45,torture equipment storage room,Dungeon
train_ep_003166,loc__farmer_s_house__742677bc,farmer's house,Farm
train_ep_003167,loc__town_courtroom__ffe576a1,town courtroom,Town
train_ep_003168,loc__basement__48719d32,basement,Inside Castle
train_ep_003169,loc__trail_exit__e1ead7cf,trail exit,Trail
train_ep_003170,loc__bazaar__8c5c7284,bazaar,Bazaar
train_ep_003171,loc__along_the_pews__731918a2,along the pews,Inside Church
train_ep_003172,loc__chicken_coop__6afcba65,chicken coop,Farm
train_ep_003173,loc__pier_walkway__6cc5e473,pier walkway,Shore
train_ep_003174,loc__attic__0535c94e,attic,Inside Church
train_ep_003175,loc__hidden_passage__6bec6a12,hidden passage,Inside Church
train_ep_003176,loc__table_area__8fcbc5c5,table area,Tavern
train_ep_003177,loc__old_docks__ed431416,old docks,Shore
train_ep_003178,loc__courtyard_exterior__9602be9c,courtyard exterior,Outside Palace
train_ep_003179,loc__room_hidden_in_the_dense_canopy__eb412c40,room hidden in the dense canopy,Forest
train_ep_003180,loc__small_clearing__18adfedc,small clearing,Mountain
train_ep_003181,loc__weapons_storage_room__e2250d82,weapons storage room,Outside Castle
train_ep_003182,loc__battlements__65ce509a,battlements,Outside Castle
train_ep_003183,loc__secret_tunnel__57b3c615,secret tunnel,Cave
train_ep_003184,loc__blacksmith__c2428781,blacksmith,Bazaar
train_ep_003185,loc__collapsed_west_wing__5208068f,collapsed west wing,Abandoned
train_ep_003186,loc__sewer_entrance__f153eab9,sewer entrance,Inside Tower
train_ep_003187,loc__church_coat_room__3bec4535,church coat room,Inside Church
train_ep_003188,loc__unsettling_forest_area__3d5f756b,unsettling forest area,Forest
train_ep_003189,loc__decoration_shop__cf40d2dc,decoration shop,Outside Temple
train_ep_003190,loc__top_floor_of_palace__ab540b82,top floor of palace,Inside Palace
train_ep_003191,loc__dangerous_precipice__81c337c6,dangerous precipice,Mountain
train_ep_003192,loc__dead_valley__fe83fd28,dead valley,Desert
train_ep_003193,loc__kitchens__dfd09a86,kitchens,Inside Tower
train_ep_003194,loc__soldiers_camp__2d6b7401,soldiers camp,Swamp
train_ep_003195,loc__secret_tunnel__57b3c615,secret tunnel,Inside Castle
train_ep_003196,loc__flower_garden__879381ca,flower garden,Forest
train_ep_003197,loc__alchemists_bedroom__cfb992f0,alchemists bedroom,Inside Tower
train_ep_003198,loc__attic__0535c94e,attic,Inside Palace
train_ep_003199,loc__guard_barracks__c7741c50,guard barracks,Inside Castle
train_ep_003200,loc__grand_balcony__41fccf30,grand balcony,Inside Palace
train_ep_003201,loc__midland_town__3abef145,midland town,Wasteland
train_ep_003202,loc__rat_den__b7a41895,rat den,Inside Tower
train_ep_003203,loc__castle_royal_tower__bb8b04a7,castle royal tower,Inside Castle
train_ep_003204,loc__outlaws_jungle__b0c0b7b2,outlaws' jungle,Jungle
train_ep_003205,loc__keep__18ccf61d,keep,Inside Tower
train_ep_003206,loc__church_foyer__e8aee950,church foyer,Inside Church
train_ep_003207,loc__main_graveyard__ad70495d,main graveyard,Graveyard
train_ep_003208,loc__confessions_room__d87965d0,confessions room,Inside Church
train_ep_003209,loc__outside_gates__58dbbce8,outside gates,Outside Cottage
train_ep_003210,loc__peasant_living_quarters__004fcc5f,peasant living quarters,Outside Palace
train_ep_003211,loc__temple_marketplace__34f9194f,temple marketplace,Inside Temple
train_ep_003212,loc__picnic_area__4a212f77,picnic area,Forest
train_ep_003213,loc__darkest_part_of_the_swamp__4a37261f,darkest part of the swamp,Swamp
train_ep_003214,loc__prayer_bell__021f8e15,prayer bell,Inside Church
train_ep_003215,loc__abandoned_mine_entrance__5698b058,abandoned mine entrance,Abandoned
train_ep_003216,loc__pet_chamber__bc1946e1,pet chamber,Inside Castle
train_ep_003217,loc__royal_farm__c7a2ee7a,royal farm,Farm
train_ep_003218,loc__jail_entrance__ca63e7c2,jail entrance,Inside Tower
train_ep_003219,loc__palace_entrance__fb45dbba,palace entrance,Inside Palace
train_ep_003220,loc__farmers_market__3aa5b02b,farmers market,Bazaar
train_ep_003221,loc__back_room__d5bde542,back room,Inside Church
train_ep_003222,loc__sermon_hall__5b457bb1,sermon hall,Inside Church
train_ep_003223,loc__clean_water_lake__13349d26,clean water lake,Lake
train_ep_003224,loc__dwarven_blacksmith__68e8c01f,dwarven blacksmith,Mountain
train_ep_003225,loc__laundry_lines__dd2e9ca6,laundry lines,Outside Palace
train_ep_003226,loc__grand_dining_room__8cb359cc,grand dining room,Inside Palace
train_ep_003227,loc__basement__48719d32,basement,Inside Castle
train_ep_003228,loc__school__7516c3b3,school,Bazaar
train_ep_003229,loc__holy_alter__dd5ad709,holy alter,Inside Church
train_ep_003230,loc__iconostasis__fa5c7ee9,iconostasis,Outside Church
train_ep_003231,loc__throne_room__f4977c99,throne room,Inside Castle
train_ep_003232,loc__kebab_stall__d83535f0,kebab stall,Bazaar
train_ep_003233,loc__cave_exit__6e09c118,cave exit,Cave
train_ep_003234,loc__open_field__28aeddc6,open field,Farm
train_ep_003235,loc__wealthy_area_of_town__260fb03e,wealthy area of town,Town
train_ep_003236,loc__king_s_dorm__f69cf31d,king's dorm,Inside Tower
train_ep_003237,loc__main_gate__d66ce966,main gate,Outside Castle
train_ep_003238,loc__hiking_path__ba82059c,hiking path,Mountain
train_ep_003239,loc__bedrooms__8fb3ca52,bedrooms,Inside Palace
train_ep_003240,loc__trailhead__55ecf8e5,trailhead,Trail
train_ep_003241,loc__dogs_domain__0a1f1a65,dogs' domain,Inside Church
train_ep_003242,loc__bazaar_gambling__0e92d983,bazaar gambling,Bazaar
train_ep_003243,loc__apple_trees__6ead89c4,apple trees,Bazaar
train_ep_003244,loc__pharmacy__bf4e2878,pharmacy,Town
train_ep_003245,loc__simple_town__9836124a,simple town,Town
train_ep_003246,loc__main_street__18c6980d,main street,Graveyard
train_ep_003247,loc__rectory__af9459b5,rectory,Inside Church
train_ep_003248,loc__orc_cave__9c2ad64e,orc cave,Cave
train_ep_003249,loc__church_entryway__b0c14c9f,church entryway,Inside Church
train_ep_003250,loc__large_farm__653ba215,large farm,Farm
train_ep_003251,loc__firewood_forest__049c4d45,firewood forest,Forest
train_ep_003252,loc__temple_gardens__e5c59366,temple gardens,Outside Temple
train_ep_003253,loc__church_field__80ff45f8,church field,Outside Church
train_ep_003254,loc__southernmost_tower_entryway__af5a2a89,southernmost tower entryway,Inside Tower
train_ep_003255,loc__meadow__07a42035,meadow,Countryside
train_ep_003256,loc__central_bazaar__afde3f95,central bazaar,Bazaar
train_ep_003257,loc__mysterious_forest_outskirts__78c6782b,mysterious forest outskirts,Forest
train_ep_003258,loc__castle_farm__90bc7176,castle farm,Farm
train_ep_003259,loc__cottage_entryway__e5f1139f,cottage entryway,Inside Cottage
train_ep_003260,loc__lower_dungeon_guard_room__f88d3041,lower dungeon guard room,Dungeon
train_ep_003261,loc__cottage_safe_room__ce08f1a3,cottage safe-room,Inside Cottage
train_ep_003262,loc__in_front_of_a_stone_tower__79dd0512,in front of a stone tower,Outside Tower
train_ep_003263,loc__small_church__9543420f,small church,Inside Church
train_ep_003264,loc__wet_dungeon__b3fe19bc,wet dungeon,Dungeon
train_ep_003265,loc__enormous_church_entrance_door__4425590a,enormous church entrance door,Outside Church
train_ep_003266,loc__hilltop_temple_grounds__9a75117c,hilltop temple grounds,Outside Temple
train_ep_003267,loc__castle_maids_room__208d485a,castle maids' room,Inside Castle
train_ep_003268,loc__privy_room__3e3bfa73,privy room,Inside Castle
train_ep_003269,loc__castle_courtyard_bazaar__f18a3852,castle courtyard bazaar,Bazaar
train_ep_003270,loc__unexplored_jungle__ff39ded3,unexplored jungle,Jungle
train_ep_003271,loc__inside_temple__78c8ad2b,inside temple,Inside Temple
train_ep_003272,loc__haunted_swamp__8ecea208,haunted swamp,Swamp
train_ep_003273,loc__turquoise_shore__9c4dff53,turquoise shore,Shore
train_ep_003274,loc__unfinished_mausoleum__d8f26138,unfinished mausoleum,Graveyard
train_ep_003275,loc__great_hall__91ce0dd0,great hall,Inside Tower
train_ep_003276,loc__abandoned_mine__75691f18,abandoned mine,Mountain
train_ep_003277,loc__fishmonger_s_stall__b989772f,fishmonger's stall,Port
train_ep_003278,loc__beach__7193529a,beach,Shore
train_ep_003279,loc__abandoned_mine__75691f18,abandoned mine,Abandoned
train_ep_003280,loc__bamboo_hut__fe75e1af,bamboo hut,Jungle
train_ep_003281,loc__dungeon__e0dc3209,dungeon,Inside Palace
train_ep_003282,loc__path_in_forest__b615034b,path in forest,Trail
train_ep_003283,loc__prayer_room__b4ab9d1e,prayer room,Inside Temple
train_ep_003284,loc__barn__5dfcc0aa,barn,Farm
train_ep_003285,loc__cemetery__dccbebc2,cemetery,Graveyard
train_ep_003286,loc__meadow__07a42035,meadow,Countryside
train_ep_003287,loc__queen_s_bedchamber__25802711,queen's bedchamber,Inside Palace
train_ep_003288,loc__cave__e386df9e,cave,Mountain
train_ep_003289,loc__altar_room__cbf077bb,altar room,Inside Temple
train_ep_003290,loc__confessional__f24d3972,confessional,Inside Church
train_ep_003291,loc__torture_room__87c0e788,torture room,Dungeon
train_ep_003292,loc__island__3dbacfd7,island,Lake
train_ep_003293,loc__lighthouse__fad0ce22,lighthouse,Shore
train_ep_003294,loc__bar__37b51d19,bar,Tavern
train_ep_003295,loc__watchtower__2275d0f0,watchtower,Outside Tower
train_ep_003296,loc__prison_room__075cec3e,prison room,Inside Tower
train_ep_003297,loc__dungeon__e0dc3209,dungeon,Inside Castle
train_ep_003298,loc__master_bedroom__ee30383a,master bedroom,Inside Palace
train_ep_003299,loc__outside_temple__4d6f89cb,outside temple,Outside Temple
train_ep_003300,loc__graveyard__7b3ab674,graveyard,Graveyard
train_ep_003301,loc__outside_castle__fd9e3171,outside castle,Outside Castle
train_ep_003302,loc__opening_to_the_drawbridge_of_the_castle__7901de11,opening to the drawbridge of the castle,Trail
train_ep_003303,loc__bell_tower__53496f39,bell tower,Inside Church
train_ep_003304,loc__troll_s_bridge__934a7368,troll's bridge,Swamp
train_ep_003305,loc__barn__5dfcc0aa,barn,Farm
train_ep_003306,loc__dungeon_within_a_castle__30c5909c,dungeon within a castle,Dungeon
train_ep_003307,loc__abandoned_castle_on_an_ocean_cliff_side__2a4a7700,abandoned castle on an ocean cliff side,Abandoned
train_ep_003308,loc__inside_a_desolate_cave__62f3c8b1,inside a desolate cave,Dungeon
train_ep_003309,loc__knights_quarters__d1135fd1,knights quarters,Inside Castle
train_ep_003310,loc__dwarven_city__24e5c23d,dwarven city,Mountain
train_ep_003311,loc__witches_cottage__6a123241,witches cottage,Outside Cottage
train_ep_003312,loc__outside_the_church_of_monks__12e0820b,outside the church of monks,Outside Church
train_ep_003313,loc__temple_courtyard__c65f7648,temple courtyard,Outside Temple
train_ep_003314,loc__inside_the_unicorn_palace__56787601,inside the unicorn palace,Inside Palace
train_ep_003315,loc__werewolves_tavern__a0b69047,werewolves tavern,Tavern
train_ep_003316,loc__inside_the_fairy_temple__748c1bf3,inside the fairy temple,Inside Temple
train_ep_003317,loc__fairy_forest__c73e62c1,fairy forest,Forest
train_ep_003318,loc__inside_the_fairies_church__7a838b07,inside the fairies church,Inside Church
train_ep_003319,loc__inside_the_king_s_palace__ad1ed203,inside the king's palace,Inside Palace
train_ep_003320,loc__inside_temple__78c8ad2b,inside temple,Inside Temple
train_ep_003321,loc__dining_hall__10c40af2,dining hall,Inside Tower
train_ep_003322,loc__confessional_room__22bf6614,confessional room,Inside Church
train_ep_003323,loc__wizard_s_quarters__e0890c7c,wizard's quarters,Outside Tower
train_ep_003324,loc__oasis__335ffbcf,oasis,Desert
train_ep_003325,loc__dungeon__e0dc3209,dungeon,Inside Castle
train_ep_003326,loc__castle__9355a9f9,castle,Inside Castle
train_ep_003327,loc__cave__e386df9e,cave,Cave
train_ep_003328,loc__castle__9355a9f9,castle,Inside Castle
train_ep_003329,loc__bazaar__8c5c7284,bazaar,Bazaar
train_ep_003330,loc__tower__79835ea3,tower,Inside Tower
train_ep_003331,loc__tower__79835ea3,tower,Outside Tower
train_ep_003332,loc__bazaar__8c5c7284,bazaar,Bazaar
train_ep_003333,loc__royal_gardens__e410d0fe,royal gardens,Outside Palace
train_ep_003334,loc__sacred_temple__0ee6dca9,sacred temple,Inside Church
train_ep_003335,loc__docks__d1b1bb99,docks,Port
train_ep_003336,loc__lagoon__664a6ce4,lagoon,Lake
train_ep_003337,loc__cave__e386df9e,cave,Cave
train_ep_003338,loc__outside_tower__7dc67c9f,outside tower,Outside Tower
train_ep_003339,loc__lake__97d986e2,lake,Lake
train_ep_003340,loc__outside_church__9f23256f,outside church,Outside Church
train_ep_003341,loc__riverbed__acbe6245,riverbed,Forest
train_ep_003342,loc__mud_pit__7a862ed0,mud pit,Jungle
train_ep_003343,loc__inside_tower__3d67c0a7,inside tower,Inside Tower
train_ep_003344,loc__military_outpost_at_the_heart_of_the_swamp__0b91dfd0,military outpost at the heart of the swamp,Swamp
train_ep_003345,loc__royal_kitchen__fca4f709,royal kitchen,Inside Palace
train_ep_003346,loc__abandoned_shack__d3865a64,abandoned shack,Wasteland
train_ep_003347,loc__princess_library__7426d41f,princess' library,Inside Palace
train_ep_003348,loc__yurt__e67b7569,yurt,Desert
train_ep_003349,loc__spice_stall__5ddd9bb4,spice stall,Bazaar
train_ep_003350,loc__bathroom__67518d64,bathroom,Inside Tower
train_ep_003351,loc__tree_house__493a5d1a,tree house,Jungle
train_ep_003352,loc__main_hall__8f1c5099,main hall,Inside Palace
train_ep_003353,loc__town_square__4d10acd1,town square,Town
train_ep_003354,loc__kings_chambers__3b38188f,kings chambers,Inside Palace
train_ep_003355,loc__trash_heap__0e440590,trash heap,Wasteland
train_ep_003356,loc__courtyard__2c2bf458,courtyard,Outside Palace
train_ep_003357,loc__entrance_to_the_pine_trees__857c5da1,entrance to the pine trees,Forest
train_ep_003358,loc__large_galleon__0e3d3ca8,large galleon,Port
train_ep_003359,loc__kitchen__09228dac,kitchen,Inside Cottage
train_ep_003360,loc__black_smiths_shop__5379f4dc,black smiths shop,Town
train_ep_003361,loc__top_side_tower_overlooking_view__8b843a89,top side tower overlooking view,Outside Tower
train_ep_003362,loc__tree_house__493a5d1a,tree house,Jungle
train_ep_003363,loc__dark_cave__b9185199,dark cave,Cave
train_ep_003364,loc__lakeside_house__e89e18cd,lakeside house,Lake
train_ep_003365,loc__armory__f1c6e216,armory,Inside Castle
train_ep_003366,loc__torture_chamber__11dfca19,torture chamber,Dungeon
train_ep_003367,loc__treasure_room__5acf31fd,treasure room,Inside Castle
train_ep_003368,loc__bedroom__cff8b1fe,bedroom,Inside Cottage
train_ep_003369,loc__throne_room__f4977c99,throne room,Shore
train_ep_003370,loc__barn__5dfcc0aa,barn,Farm
train_ep_003371,loc__bat_room__c322be72,bat room,Cave
train_ep_003372,loc__coast__756d153b,coast,Shore
train_ep_003373,loc__choir_room__35978911,choir room,Inside Church
train_ep_003374,loc__jail_room__4ad818b4,jail room,Inside Tower
train_ep_003375,loc__town_theater__8fa3302e,town theater,Town
train_ep_003376,loc__underground_cavern__2714911b,underground cavern,Cave
train_ep_003377,loc__castle_kitchen__b00392de,castle kitchen,Inside Palace
train_ep_003378,loc__moat__3c3a57f1,moat,Outside Palace
train_ep_003379,loc__bedroom__cff8b1fe,bedroom,Inside Cottage
train_ep_003380,loc__clergyman_s_office__30ca015e,clergyman's office,Inside Temple
train_ep_003381,loc__gathering_room__2b59ea3f,gathering room,Inside Cottage
train_ep_003382,loc__waterfall__911b1ca4,waterfall,Mountain
train_ep_003383,loc__grand_dancing_hall__7dd99710,grand dancing hall,Inside Palace
train_ep_003384,loc__top_of_a_tall_tree__6c2eb414,top of a tall tree,Jungle
train_ep_003385,loc__murky_water__7482dbbf,murky water,Swamp
train_ep_003386,loc__dining_hall__10c40af2,dining hall,Inside Castle
train_ep_003387,loc__summit__cc8c6287,summit,Mountain
train_ep_003388,loc__scenic_overlook__9ccff5f9,scenic overlook,Trail
train_ep_003389,loc__secret_oasis__4b7fea6a,secret oasis,Desert
train_ep_003390,loc__town__7198cda5,town,Town
train_ep_003391,loc__tombstones_of_the_kings__f98f35ed,tombstones of the kings,Graveyard
train_ep_003392,loc__rectory__af9459b5,rectory,Inside Church
train_ep_003393,loc__meditation_room__40c0a44e,meditation room,Inside Temple
train_ep_003394,loc__tower_base__11a0e527,tower base,Outside Tower
train_ep_003395,loc__loading_dock__2e35f637,loading dock,Port
train_ep_003396,loc__mountain_peak__924f5a88,mountain peak,Mountain
train_ep_003397,loc__king_s_quarters__b44e1648,king's quarters,Inside Tower
train_ep_003398,loc__spiral_staircase__031e4915,spiral staircase,Inside Tower
train_ep_003399,loc__confessional__f24d3972,confessional,Inside Church
train_ep_003400,loc__marketplace__bc5986eb,marketplace,Port
train_ep_003401,loc__land_beyond_the_wasteland__0b3b29ad,land beyond the wasteland,Abandoned
train_ep_003402,loc__behind_the_servant_quarters__9413241c,behind the servant quarters,Wasteland
train_ep_003403,loc__adjacent_to_the_guest_castle__7becb0d5,adjacent to the guest castle,Farm
train_ep_003404,loc__inside_the_king_s_castle__afab450e,inside the king's castle,Inside Tower
train_ep_003405,loc__across_the_king_s_garden__82bbf802,across the king's garden,Trail
train_ep_003406,loc__within_the_king_s_mansion__ffdc1072,within the king's mansion,Inside Temple
train_ep_003407,loc__market_center__f92392bc,market center,Tavern
train_ep_003408,loc__chapel__5ee4b863,chapel,Inside Church
train_ep_003409,loc__bar__37b51d19,bar,Tavern
train_ep_003410,loc__battleship__e82a29f3,battleship,Shore
train_ep_003411,loc__banquet_hall__b7ba191c,banquet hall,Inside Castle
train_ep_003412,loc__entrance_to_castle__6ce4a988,entrance to castle,Outside Castle
train_ep_003413,loc__cabin__92faafe2,cabin,Countryside
train_ep_003414,loc__pew__08db7753,pew,Inside Church
train_ep_003415,loc__shop_in_bazaar__bb1b9374,shop in bazaar,Bazaar
train_ep_003416,loc__entrance_to_church__2ba81d25,entrance to church,Outside Church
train_ep_003417,loc__dock_at_the_port__eaf44017,dock at the port,Port
train_ep_003418,loc__dock__05debdb8,dock,Lake
train_ep_003419,loc__witch_s_house__f92034cd,witch's house,Swamp
train_ep_003420,loc__queen_s_chamber__e51179c6,queen's chamber,Inside Palace
train_ep_003421,loc__within_the_walls_of_the_city__ccd0198d,within the walls of the city,Inside Tower
train_ep_003422,loc__cottage__144deb32,cottage,Countryside
train_ep_003423,loc__bog__e07cd172,bog,Swamp
train_ep_003424,loc__king_s_quarters__b44e1648,king's quarters,Shore
train_ep_003425,loc__dining_hall__10c40af2,dining hall,Inside Palace
train_ep_003426,loc__nave__bfe4b52c,nave,Inside Church
train_ep_003427,loc__weapon_closet__20098437,weapon closet,Inside Tower
train_ep_003428,loc__princess_chamber__b18da5a3,princess' chamber,Inside Tower
train_ep_003429,loc__inside_church__aab73af9,inside church,Inside Church
train_ep_003430,loc__nursery__a718a874,nursery,Inside Palace
train_ep_003431,loc__nave__bfe4b52c,nave,Inside Church
train_ep_003432,loc__royal_stables__25af2687,royal stables,Outside Castle
train_ep_003433,loc__boathouse__f1916d48,boathouse,Swamp
train_ep_003434,loc__tool_shed__5a0c79ce,tool shed,Outside Cottage
train_ep_003435,loc__kitchen__09228dac,kitchen,Inside Cottage
train_ep_003436,loc__library__d521f765,library,Inside Castle
train_ep_003437,loc__dining_hall__10c40af2,dining hall,Inside Castle
train_ep_003438,loc__courtyard__2c2bf458,courtyard,Outside Palace
train_ep_003439,loc__troll_s_lair__218cc09b,troll's lair,Cave
train_ep_003440,loc__throne_room__f4977c99,throne room,Inside Tower
train_ep_003441,loc__brush_den__e1300d94,brush den,Forest
train_ep_003442,loc__ball_room__e26306dc,ball room,Inside Palace
train_ep_003443,loc__along_the_banks_of_a_river_in_the_forest__1893d3d3,along the banks of a river in the forest,Forest
train_ep_003444,loc__king_s_bedroom__03fb30e9,king's bedroom,Inside Palace
train_ep_003445,loc__jewelry_stall__2ec13fd4,jewelry stall,Bazaar
train_ep_003446,loc__winter_gardens__e59bb816,winter gardens,Outside Tower
train_ep_003447,loc__servant_s_quarters__2ab37024,servant's quarters,Inside Palace
train_ep_003448,loc__foyer__114ad31a,foyer,Inside Palace
train_ep_003449,loc__guard_shack__0ef62152,guard shack,Outside Tower
train_ep_003450,loc__hall_of_the_goddess__7c0819d4,hall of the goddess,Inside Temple
train_ep_003451,loc__throne__253d405e,throne,Inside Palace
train_ep_003452,loc__old_red_barn__d6b0cfd8,old red barn,Farm
train_ep_003453,loc__desert_cavern__9287fea8,desert cavern,Desert
train_ep_003454,loc__cactus_field__ce508a05,cactus field,Desert
train_ep_003455,loc__fishing_pier__fd5d48a9,fishing pier,Shore
train_ep_003456,loc__high_priest_chamber__3d59d244,high priest chamber,Inside Church
train_ep_003457,loc__beside_church_pews__8d83bdb7,beside church pews,Inside Church
train_ep_003458,loc__quicksand_pit__591e521d,quicksand pit,Swamp
train_ep_003459,loc__sacrifice_chamber__8aaf85ac,sacrifice chamber,Inside Temple
train_ep_003460,loc__beach_house__64bd4f8d,beach house,Shore
train_ep_003461,loc__mushroom_hut__8bb7cd75,mushroom hut,Outside Cottage
train_ep_003462,loc__beside_tower_entrance__4289dcc4,beside tower entrance,Inside Tower
train_ep_003463,loc__palace_throne__edc54e5f,palace throne,Inside Palace
train_ep_003464,loc__palace_kitchen__4dee9bb6,palace kitchen,Inside Palace
train_ep_003465,loc__hillside_manor__b1ec6b5a,hillside manor,Countryside
train_ep_003466,loc__pig_pen__cd6444b3,pig pen,Countryside
train_ep_003467,loc__beside_temple_entrance__b712f707,beside temple entrance,Outside Temple
train_ep_003468,loc__tower_dungeon__3b953217,tower dungeon,Inside Tower
train_ep_003469,loc__beside_church_entrance__2206aedf,beside church entrance,Outside Church
train_ep_003470,loc__castle_armory__c05c8115,castle armory,Inside Castle
train_ep_003471,loc__hillside_mansion__369afa4b,hillside mansion,Countryside
train_ep_003472,loc__palace_ballroom__e83afcc3,palace ballroom,Inside Palace
train_ep_003473,loc__church_altar__b46bba3c,church altar,Inside Church
train_ep_003474,loc__tower_sewers__135799e5,tower sewers,Inside Tower
train_ep_003475,loc__inside_temple_crypt__eb261a98,inside temple crypt,Inside Temple
train_ep_003476,loc__small_hut__78dbc695,small hut,Jungle
train_ep_003477,loc__gold_mine__23a64f00,gold mine,Abandoned
train_ep_003478,loc__stable__f40faf63,stable,Outside Castle
train_ep_003479,loc__room_at_the_top_of_the_tower__bebc68b6,room at the top of the tower,Inside Castle
train_ep_003480,loc__lonely_island__941f1782,lonely island,Abandoned
train_ep_003481,loc__sitting_room__152ab82c,sitting room,Inside Cottage
train_ep_003482,loc__whipping_station__cd58acd7,whipping station,Outside Church
train_ep_003483,loc__bedding_room__8584585f,bedding room,Inside Palace
train_ep_003484,loc__prison_room__075cec3e,prison room,Inside Tower
train_ep_003485,loc__fountain__79de7a61,fountain,Graveyard
train_ep_003486,loc__oasis__335ffbcf,oasis,Desert
train_ep_003487,loc__beach_house__64bd4f8d,beach house,Shore
train_ep_003488,loc__stained_glass_room__fe4963f3,stained glass room,Inside Church
train_ep_003489,loc__farmer_hill__b21f8161,farmer hill,Outside Cottage
train_ep_003490,loc__mars_desert__d8c9aa45,mars desert,Desert
train_ep_003491,loc__clearing__5832a4d8,clearing,Forest
train_ep_003492,loc__hall_of_echoes__55050f7d,hall of echoes,Inside Temple
train_ep_003493,loc__bathing_room__e8175c31,bathing room,Inside Temple
train_ep_003494,loc__mysterious_shop__454073ca,mysterious shop,Bazaar
train_ep_003495,loc__show_room_inside_the_castle__f6ac41dd,show room inside the castle,Inside Castle
train_ep_003496,loc__inside_church_back_row__5cc901b4,inside church back row,Inside Church
train_ep_003497,loc__tavern_of_browntavia__0bc98c5d,tavern of browntavia,Tavern
train_ep_003498,loc__bone_pit__bec80d68,bone pit,Outside Temple
train_ep_003499,loc__sacrificial_altar__0974214f,sacrificial altar,Inside Temple
train_ep_003500,loc__enchanted_light_house__0bd68be0,enchanted light house,Shore
train_ep_003501,loc__dungeon__e0dc3209,dungeon,Inside Temple
train_ep_003502,loc__garden__e2704f30,garden,Outside Cottage
train_ep_003503,loc__personal_quarters__5bdf1559,personal quarters,Inside Palace
train_ep_003504,loc__library__d521f765,library,Inside Castle
train_ep_003505,loc__study_room__5698bd87,study room,Inside Church
train_ep_003506,loc__dining_hall__10c40af2,dining hall,Inside Tower
train_ep_003507,loc__bank__bd5af1f6,bank,Swamp
train_ep_003508,loc__main_entrance__68f3df62,main entrance,Outside Temple
train_ep_003509,loc__storage_room__ab9f0184,storage room,Dungeon
train_ep_003510,loc__ruined_house__b253dd25,ruined house,Abandoned
train_ep_003511,loc__pond__d873154f,pond,Forest
train_ep_003512,loc__reception_area__9f5fd34c,reception area,Graveyard
train_ep_003513,loc__garden__e2704f30,garden,Outside Palace
train_ep_003514,loc__dock__05debdb8,dock,Port
train_ep_003515,loc__weapon_room__a7162ba9,weapon room,Inside Temple
train_ep_003516,loc__small_graveyard__d12232a8,small graveyard,Outside Cottage
train_ep_003517,loc__entrance__2a20afe0,entrance,Cave
train_ep_003518,loc__armory__f1c6e216,armory,Inside Castle
train_ep_003519,loc__storage_room__ab9f0184,storage room,Tavern
train_ep_003520,loc__clearing__5832a4d8,clearing,Jungle
train_ep_003521,loc__nave__bfe4b52c,nave,Inside Church
train_ep_003522,loc__graveyard__7b3ab674,graveyard,Outside Church
train_ep_003523,loc__stable__f40faf63,stable,Outside Palace
train_ep_003524,loc__courtyard__2c2bf458,courtyard,Outside Palace
train_ep_003525,loc__main_hallway__840c1503,main hallway,Inside Palace
train_ep_003526,loc__torture_room__87c0e788,torture room,Dungeon
train_ep_003527,loc__town_square__4d10acd1,town square,Town
train_ep_003528,loc__grand_ballroom__52b4001e,grand ballroom,Inside Castle
train_ep_003529,loc__old_crypt__9f170f50,old crypt,Graveyard
train_ep_003530,loc__castle_kitchen__b00392de,castle kitchen,Inside Castle
train_ep_003531,loc__weathered_shack__8c23b906,weathered shack,Abandoned
train_ep_003532,loc__debtor_s_prison__ea99977f,debtor's prison,Inside Tower
train_ep_003533,loc__temple_entrance__71ae50b0,temple entrance,Outside Temple
train_ep_003534,loc__tree_of_spirits__e757fcef,tree of spirits,Trail
train_ep_003535,loc__royal_tomb__1b57a10e,royal tomb,Inside Temple
train_ep_003536,loc__popes_dormitory__ddb11751,popes dormitory,Inside Church
train_ep_003537,loc__grand_dining_room__8cb359cc,grand dining room,Inside Palace
train_ep_003538,loc__brim_canal__7a498e16,brim canal,Lake
train_ep_003539,loc__maidens_cottage__ce8fe6f9,maidens cottage,Countryside
train_ep_003540,loc__horse_s_stables__0cd4df4c,horse's stables,Outside Cottage
train_ep_003541,loc__horse_field__eeae819a,horse field,Countryside
train_ep_003542,loc__prisoner_s_cell__bf78e6a1,prisoner's cell,Dungeon
train_ep_003543,loc__queen_s_quarters__22b70e95,queen's quarters,Inside Palace
train_ep_003544,loc__cemetery__dccbebc2,cemetery,Wasteland
train_ep_003545,loc__artillery_room__9af01c49,artillery room,Inside Tower
train_ep_003546,loc__archery_zone__fdb7c330,archery zone,Outside Castle
train_ep_003547,loc__knight_s_hunting_ground__09b79c95,knight's hunting ground,Trail
train_ep_003548,loc__priest_s_chambers__1ebce5c5,priest's chambers,Inside Temple
train_ep_003549,loc__kitchen__09228dac,kitchen,Inside Castle
train_ep_003550,loc__king_s_chambers__e3e597fe,king's chambers,Inside Palace
train_ep_003551,loc__master_bedroom__ee30383a,master bedroom,Inside Castle
train_ep_003552,loc__outpost__9e81fdfb,outpost,Mountain
train_ep_003553,loc__royal_shipyard__fc976e6e,royal shipyard,Port
train_ep_003554,loc__ritual_room__4574deb8,ritual room,Inside Temple
train_ep_003555,loc__front_of_the_cottage__908b24e7,front of the cottage,Outside Cottage
train_ep_003556,loc__village_at_the_base_of_the_mountain__47dbe2ea,village at the base of the mountain,Mountain
train_ep_003557,loc__confession_box__fb7e21f1,confession box,Inside Church
train_ep_003558,loc__armory__f1c6e216,armory,Inside Tower
train_ep_003559,loc__bandit_lair__90d428ee,bandit lair,Cave
train_ep_003560,loc__ruin_of_a_house__62eef8f7,ruin of a house,Wasteland
train_ep_003561,loc__tent__7b65dcf0,tent,Desert
train_ep_003562,loc__inside_the_temple__573b0d5f,inside the temple,Inside Temple
train_ep_003563,loc__boat_house__62b9e6c4,boat house,Port
train_ep_003564,loc__kings_bedroom__64489025,kings bedroom,Inside Castle
train_ep_003565,loc__stream__f7b44cfa,stream,Forest
train_ep_003566,loc__forest__f379cfd7,forest,Countryside
train_ep_003567,loc__lush_meadow_in_the_country_side__d9fa9500,lush meadow in the country side,Countryside
train_ep_003568,loc__small_town_located_in_the_hills__d4698af1,small town located in the hills,Town
train_ep_003569,loc__kings_bed_room__b1f6b2b3,kings bed room,Inside Castle
train_ep_003570,loc__front_row__ec5571ef,front row,Inside Church
train_ep_003571,loc__town_in_the_desert__fff2a6b4,town in the desert,Wasteland
train_ep_003572,loc__primary_cave__755e8817,primary cave,Cave
train_ep_003573,loc__chapel_of_the_eight__e35d875d,chapel of the eight,Inside Castle
train_ep_003574,loc__ferry_terminal__e6bf99dd,ferry terminal,Port
train_ep_003575,loc__bed_chambers__67892844,bed chambers,Inside Palace
train_ep_003576,loc__modest_living_area__fe2770f1,modest living area,Inside Cottage
train_ep_003577,loc__desert_tent__a1a041ce,desert tent,Wasteland
train_ep_003578,loc__northern_shore__e8588ae1,northern shore,Lake
train_ep_003579,loc__grassy_plains__ecb71cc6,grassy plains,Trail
train_ep_003580,loc__old_gnaisha_s__d05194f9,old gnaisha's,Bazaar
train_ep_003581,loc__great_armory__8a3248e6,great armory,Inside Castle
train_ep_003582,loc__dancing_stoat__a6b60c83,dancing stoat,Town
train_ep_003583,loc__paladins_memorial_chapel__3b8a3ef4,paladins' memorial chapel,Inside Church
train_ep_003584,loc__shrine_of_sretniy__c5cdca48,shrine of sretniy,Inside Temple
train_ep_003585,loc__banquet_hall__b7ba191c,banquet hall,Inside Castle
train_ep_003587,loc__desert_land__d9285c9c,desert land,Desert
train_ep_003588,loc__pond__d873154f,pond,Wasteland
train_ep_003589,loc__horse_stables__3ab0f4c8,horse stables,Outside Castle
train_ep_003590,loc__castle_basement__ef824ba7,castle basement,Inside Castle
train_ep_003591,loc__abandoned_workers_shed__0002433d,abandoned workers shed,Graveyard
train_ep_003592,loc__chicken_pen__1c50c5ac,chicken pen,Countryside
train_ep_003593,loc__stable_hand_s_quarters__74578d25,stable hand's quarters,Outside Castle
train_ep_003594,loc__middle_of_the_bazaar__54f18754,middle of the bazaar,Bazaar
train_ep_003595,loc__launching_point__8c178e87,launching point,Lake
train_ep_003596,loc__corn_field__018a2ccf,corn field,Farm
train_ep_003597,loc__temple__44fdfd6b,temple,Inside Temple
train_ep_003598,loc__main_house__39d59a9f,main house,Farm
train_ep_003599,loc__sacristy__3f4aff85,sacristy,Inside Church
train_ep_003600,loc__old_queen_farm__057da97d,old queen farm,Wasteland
train_ep_003601,loc__fish_market__4e56b4a3,fish market,Port
train_ep_003602,loc__cavern_dwelling__44fe0d79,cavern dwelling,Desert
train_ep_003603,loc__reagent_room__559ae958,reagent room,Outside Tower
train_ep_003604,loc__washroom__050b06a4,washroom,Inside Castle
train_ep_003605,loc__balcony__d85f7317,balcony,Inside Palace
train_ep_003606,loc__sheriff_office__d4dae028,sheriff office,Farm
train_ep_003607,loc__church_garden__56a741fe,church garden,Outside Church
train_ep_003608,loc__flower_field__f936e92b,flower field,Countryside
train_ep_003609,loc__large_cliffs__f86c4fa5,large cliffs,Shore
train_ep_003610,loc__port_skyline__0254ced0,port skyline,Port
train_ep_003611,loc__main_prayer_room__ec7e9b7f,main prayer room,Inside Temple
train_ep_003612,loc__haunted_orchard__7434c930,haunted orchard,Farm
train_ep_003613,loc__apothecary__e264c143,apothecary,Town
train_ep_003614,loc__main_castle_doors__e1f39f3b,main castle doors,Outside Palace
train_ep_003615,loc__church_garden__56a741fe,church garden,Outside Church
train_ep_003616,loc__dining_hall__10c40af2,dining hall,Inside Castle
train_ep_003617,loc__north_forest__a809663e,north forest,Forest
train_ep_003618,loc__mess_hall__df491ab7,mess hall,Inside Temple
train_ep_003619,loc__dead_tree__ae78e2fc,dead tree,Graveyard
train_ep_003620,loc__gallery__2767cc3e,gallery,Cave
train_ep_003621,loc__crew_berthing__255a7e79,crew berthing,Port
train_ep_003622,loc__landing_in_the_foyer__0712bd55,landing in the foyer,Inside Palace
train_ep_003623,loc__captain_s_cabin__60e1b85d,captain's cabin,Port
train_ep_003624,loc__wharf__ef602779,wharf,Port
train_ep_003625,loc__woodlands__f4b4342e,woodlands,Forest
train_ep_003626,loc__drinking_water_lake__072d7988,drinking water lake,Lake
train_ep_003627,loc__warehouses__54495979,warehouses,Port
train_ep_003628,loc__valley_of_doom__2f415a0f,valley of doom,Countryside
train_ep_003629,loc__swimming_hole__41a1f52e,swimming hole,Lake
train_ep_003630,loc__bottlery__3ad26146,bottlery,Inside Castle
train_ep_003631,loc__fitting_room__c555a43b,fitting room,Bazaar
train_ep_003632,loc__arrow_house__9d554350,arrow house,Outside Castle
train_ep_003633,loc__castle_kitchens__6834f5a3,castle kitchens,Inside Palace
train_ep_003634,loc__bright_path__17c6a100,bright path,Inside Castle
train_ep_003635,loc__cold_storage_room__726f76a2,cold storage room,Outside Cottage
train_ep_003636,loc__forest_entrance__4bcda148,forest entrance,Forest
train_ep_003637,loc__slave_quarters__8a6d9f60,slave quarters,Inside Tower
train_ep_003638,loc__fishing_store__b061f606,fishing store,Port
train_ep_003639,loc__temple_guard_station__e0b75841,temple guard station,Outside Temple
train_ep_003640,loc__dunes__8a48dcda,dunes,Desert
train_ep_003641,loc__peasant_s_cottage__00464b6c,peasant's cottage,Countryside
train_ep_003642,loc__small_dirt_road__40d1ead7,small dirt road,Countryside
train_ep_003643,loc__royal_bathroom__f7f11309,royal bathroom,Inside Castle
train_ep_003644,loc__stilt_home__612941a3,stilt home,Farm
train_ep_003645,loc__forbidden_forest__b96ae0b4,forbidden forest,Forest
train_ep_003646,loc__underground_river__dde09e89,underground river,Cave
train_ep_003647,loc__temple_main_room__cc3e74e5,temple main room,Outside Temple
train_ep_003648,loc__arch_hall__0fcc7e9c,arch hall,Inside Castle
train_ep_003649,loc__back_of_the_stall__4b715f67,back of the stall,Bazaar
train_ep_003650,loc__woods__b7bfb949,woods,Forest
train_ep_003651,loc__countryside__9cff47d1,countryside,Countryside
train_ep_003652,loc__mesa_peak__ec3e4014,mesa peak,Mountain
train_ep_003653,loc__prisoners_cells__61cb1ba6,prisoners cells,Dungeon
train_ep_003654,loc__temple_chamber__417585e8,temple chamber,Inside Temple
train_ep_003655,loc__main_foyer__ed99a45c,main foyer,Inside Castle
train_ep_003656,loc__winding_staircase__ec3107f8,winding staircase,Outside Tower
train_ep_003657,loc__tailings_pile__d27fba96,tailings pile,Mountain
train_ep_003658,loc__town_center__f942e8bf,town center,Town
train_ep_003659,loc__garden__e2704f30,garden,Outside Palace
train_ep_003660,loc__south_forest__a051e03c,south forest,Forest
train_ep_003661,loc__acid_yard__7930efda,acid yard,Outside Castle
train_ep_003662,loc__hay_field__0bbfde04,hay field,Outside Cottage
train_ep_003663,loc__castle_front__1f50ceb7,castle front,Inside Palace
train_ep_003664,loc__horse_tent__858443dc,horse tent,Farm
train_ep_003665,loc__knife_seller__e0a51e70,knife seller,Bazaar
train_ep_003666,loc__general_store__53a8fbb0,general store,Town
train_ep_003667,loc__beside_the_town_church__0b0b1726,beside the town church,Outside Church
train_ep_003668,loc__entryway_to_the_wizards_tower__7a21df60,entryway to the wizards tower,Inside Tower
train_ep_003669,loc__main_gate__d66ce966,main gate,Countryside
train_ep_003670,loc__palace_garden__46ae3845,palace garden,Outside Palace
train_ep_003671,loc__visitor_s_entrance__44f22aeb,visitor's entrance,Inside Temple
train_ep_003672,loc__gold_room__42a3e93d,gold room,Inside Tower
train_ep_003673,loc__throne_room__f4977c99,throne room,Inside Palace
train_ep_003674,loc__throne_room__f4977c99,throne room,Inside Tower
train_ep_003675,loc__supply_store__9776432b,supply store,Port
train_ep_003676,loc__bazaar_outside_the_royal_city__3f48a35a,bazaar outside the royal city,Bazaar
train_ep_003677,loc__outside_of_the_temple_offices__dd9f1ee7,outside of the temple offices,Outside Temple
train_ep_003678,loc__disposal_area__72d310fd,disposal area,Inside Castle
train_ep_003679,loc__village_of_tamerak__7e6c027e,village of tamerak,Port
train_ep_003680,loc__grand_desert__c682352f,grand desert,Desert
train_ep_003681,loc__personal_rooms__f7ec06d2,personal rooms,Inside Palace
train_ep_003682,loc__mansion_entrance__5c32e57d,mansion entrance,Inside Cottage
train_ep_003683,loc__inside_the_ruined_house__f351c82a,inside the ruined house,Inside Cottage
train_ep_003684,loc__city_of_elders__fa058cbe,city of elders,Town
train_ep_003685,loc__hidden_garden__f2140155,hidden garden,Outside Palace
train_ep_003686,loc__ghost_trail__7855adca,ghost trail,Trail
train_ep_003687,loc__spring_bath__6aa6bed3,spring bath,Outside Temple
train_ep_003688,loc__brimswood_pub__2b57d3a7,brimswood pub,Tavern
train_ep_003689,loc__main_chapel__05b43d90,main chapel,Inside Church
train_ep_003690,loc__lavoratory__9cb21908,lavoratory,Inside Castle
train_ep_003691,loc__nearby_road__b720e559,nearby road,Countryside
train_ep_003692,loc__council_of_twelve__3232fa93,council of twelve,Inside Temple
train_ep_003693,loc__tub__271721b2,tub,Inside Tower
train_ep_003694,loc__torture_equipment_storage_room__8c501a45,torture equipment storage room,Dungeon
train_ep_003695,loc__town_courtroom__ffe576a1,town courtroom,Town
train_ep_003696,loc__castle_foothills__40ba7cae,castle foothills,Outside Tower
train_ep_003697,loc__saloon__453c44d3,saloon,Tavern
train_ep_003698,loc__tower_spire__a8295baa,tower spire,Inside Tower
train_ep_003699,loc__basement__48719d32,basement,Inside Castle
train_ep_003700,loc__trail_exit__e1ead7cf,trail exit,Trail
train_ep_003701,loc__along_the_pews__731918a2,along the pews,Inside Church
train_ep_003702,loc__chicken_coop__6afcba65,chicken coop,Farm
train_ep_003703,loc__pier_walkway__6cc5e473,pier walkway,Shore
train_ep_003704,loc__hidden_passage__6bec6a12,hidden passage,Inside Church
train_ep_003705,loc__temple_hallway__fc747e35,temple hallway,Inside Temple
train_ep_003706,loc__courtyard_exterior__9602be9c,courtyard exterior,Outside Palace
train_ep_003707,loc__room_hidden_in_the_dense_canopy__eb412c40,room hidden in the dense canopy,Forest
train_ep_003708,loc__weapons_storage_room__e2250d82,weapons storage room,Outside Castle
train_ep_003709,loc__blacksmith__c2428781,blacksmith,Bazaar
train_ep_003710,loc__kitchens__dfd09a86,kitchens,Inside Castle
train_ep_003711,loc__battlements__65ce509a,battlements,Outside Castle
train_ep_003712,loc__collapsed_west_wing__5208068f,collapsed west wing,Abandoned
train_ep_003713,loc__sewer_entrance__f153eab9,sewer entrance,Inside Tower
train_ep_003714,loc__ant_hill__01158295,ant hill,Forest
train_ep_003715,loc__decoration_shop__cf40d2dc,decoration shop,Outside Temple
train_ep_003716,loc__top_floor_of_palace__ab540b82,top floor of palace,Inside Palace
train_ep_003717,loc__dead_valley__fe83fd28,dead valley,Desert
train_ep_003718,loc__kitchens__dfd09a86,kitchens,Inside Tower
train_ep_003719,loc__dangerous_precipice__81c337c6,dangerous precipice,Mountain
train_ep_003720,loc__soldiers_camp__2d6b7401,soldiers camp,Swamp
train_ep_003721,loc__backyard__3bec248d,backyard,Outside Cottage
train_ep_003722,loc__attic__0535c94e,attic,Inside Palace
train_ep_003723,loc__grand_balcony__41fccf30,grand balcony,Inside Palace
train_ep_003724,loc__rat_den__b7a41895,rat den,Inside Tower
train_ep_003725,loc__midland_town__3abef145,midland town,Wasteland
train_ep_003726,loc__castle_royal_tower__bb8b04a7,castle royal tower,Inside Castle
train_ep_003727,loc__keep__18ccf61d,keep,Inside Tower
train_ep_003728,loc__outlaws_jungle__b0c0b7b2,outlaws' jungle,Jungle
train_ep_003729,loc__church_foyer__e8aee950,church foyer,Inside Church
train_ep_003730,loc__confessions_room__d87965d0,confessions room,Inside Church
train_ep_003731,loc__outside_gates__58dbbce8,outside gates,Outside Cottage
train_ep_003732,loc__peasant_living_quarters__004fcc5f,peasant living quarters,Outside Palace
train_ep_003733,loc__temple_marketplace__34f9194f,temple marketplace,Inside Temple
train_ep_003734,loc__picnic_area__4a212f77,picnic area,Forest
train_ep_003735,loc__abandoned_mine_entrance__5698b058,abandoned mine entrance,Abandoned
train_ep_003736,loc__path_to_the_manor__cd09e091,path to the manor,Countryside
train_ep_003737,loc__prayer_bell__021f8e15,prayer bell,Inside Church
train_ep_003738,loc__garden_courtyard__2530f6d1,garden courtyard,Inside Castle
train_ep_003739,loc__pet_chamber__bc1946e1,pet chamber,Inside Castle
train_ep_003740,loc__royal_farm__c7a2ee7a,royal farm,Farm
train_ep_003741,loc__jail_entrance__ca63e7c2,jail entrance,Inside Tower
train_ep_003742,loc__hilltop_temple_grounds__9a75117c,hilltop temple grounds,Outside Temple
train_ep_003743,loc__castle_maids_room__208d485a,castle maids' room,Inside Castle
train_ep_003744,loc__privy_room__3e3bfa73,privy room,Inside Castle
train_ep_003745,loc__unexplored_jungle__ff39ded3,unexplored jungle,Jungle
train_ep_003746,loc__inside_temple__78c8ad2b,inside temple,Inside Temple
train_ep_003747,loc__haunted_swamp__8ecea208,haunted swamp,Swamp
train_ep_003748,loc__forsaken_castle__e4d7c5af,forsaken castle,Abandoned
train_ep_003749,loc__turquoise_shore__9c4dff53,turquoise shore,Shore
train_ep_003750,loc__great_hall__91ce0dd0,great hall,Inside Tower
train_ep_003751,loc__abandoned_mine__75691f18,abandoned mine,Mountain
train_ep_003752,loc__unfinished_mausoleum__d8f26138,unfinished mausoleum,Graveyard
train_ep_003753,loc__beach__7193529a,beach,Shore
train_ep_003754,loc__abandoned_mine__75691f18,abandoned mine,Abandoned
train_ep_003755,loc__bamboo_hut__fe75e1af,bamboo hut,Jungle
train_ep_003756,loc__dungeon__e0dc3209,dungeon,Inside Palace
train_ep_003757,loc__path_in_forest__b615034b,path in forest,Trail
train_ep_003758,loc__prayer_room__b4ab9d1e,prayer room,Inside Temple
train_ep_003759,loc__barn__5dfcc0aa,barn,Farm
train_ep_003760,loc__cemetery__dccbebc2,cemetery,Graveyard
train_ep_003761,loc__meadow__07a42035,meadow,Countryside
train_ep_003762,loc__queen_s_bedchamber__25802711,queen's bedchamber,Inside Palace
train_ep_003763,loc__cave__e386df9e,cave,Mountain
train_ep_003764,loc__altar_room__cbf077bb,altar room,Inside Temple
train_ep_003765,loc__confessional__f24d3972,confessional,Inside Church
train_ep_003766,loc__torture_room__87c0e788,torture room,Dungeon
train_ep_003767,loc__island__3dbacfd7,island,Lake
train_ep_003768,loc__lighthouse__fad0ce22,lighthouse,Shore
train_ep_003769,loc__bar__37b51d19,bar,Tavern
train_ep_003770,loc__watchtower__2275d0f0,watchtower,Outside Tower
train_ep_003771,loc__port_tavern__48d771c2,port tavern,Port
train_ep_003772,loc__prison_room__075cec3e,prison room,Inside Tower
train_ep_003773,loc__outside_temple__4d6f89cb,outside temple,Outside Temple
train_ep_003774,loc__graveyard__7b3ab674,graveyard,Graveyard
train_ep_003775,loc__outside_castle__fd9e3171,outside castle,Outside Castle
train_ep_003776,loc__opening_to_the_drawbridge_of_the_castle__7901de11,opening to the drawbridge of the castle,Trail
train_ep_003777,loc__bell_tower__53496f39,bell tower,Inside Church
train_ep_003778,loc__dungeon_within_a_castle__30c5909c,dungeon within a castle,Dungeon
train_ep_003779,loc__troll_s_bridge__934a7368,troll's bridge,Swamp
train_ep_003780,loc__barn__5dfcc0aa,barn,Farm
train_ep_003781,loc__wooded_magical_village__0d0cf6a7,wooded magical village,Forest
train_ep_003782,loc__abandoned_castle_on_an_ocean_cliff_side__2a4a7700,abandoned castle on an ocean cliff side,Abandoned
train_ep_003783,loc__inside_a_desolate_cave__62f3c8b1,inside a desolate cave,Dungeon
train_ep_003784,loc__knights_quarters__d1135fd1,knights quarters,Inside Castle
train_ep_003785,loc__underground_chamber__d71a7d7a,underground chamber,Cave
train_ep_003786,loc__dwarven_city__24e5c23d,dwarven city,Mountain
train_ep_003787,loc__outside_the_church_of_monks__12e0820b,outside the church of monks,Outside Church
train_ep_003788,loc__temple_courtyard__c65f7648,temple courtyard,Outside Temple
train_ep_003789,loc__werewolves_tavern__a0b69047,werewolves tavern,Tavern
train_ep_003790,loc__inside_temple__78c8ad2b,inside temple,Inside Temple
train_ep_003791,loc__witches_cottage__6a123241,witches cottage,Outside Cottage
train_ep_003792,loc__inside_the_fairy_temple__748c1bf3,inside the fairy temple,Inside Temple
train_ep_003793,loc__fairy_forest__c73e62c1,fairy forest,Forest
train_ep_003794,loc__inside_the_fairies_church__7a838b07,inside the fairies church,Inside Church
train_ep_003795,loc__inside_the_king_s_palace__ad1ed203,inside the king's palace,Inside Palace
train_ep_003796,loc__inside_temple__78c8ad2b,inside temple,Inside Temple
train_ep_003797,loc__confessional_room__22bf6614,confessional room,Inside Church
train_ep_003798,loc__dining_hall__10c40af2,dining hall,Inside Tower
train_ep_003799,loc__oasis__335ffbcf,oasis,Desert
train_ep_003800,loc__wizard_s_quarters__e0890c7c,wizard's quarters,Outside Tower
train_ep_003801,loc__cave__e386df9e,cave,Cave
train_ep_003802,loc__castle__9355a9f9,castle,Inside Castle
train_ep_003803,loc__bazaar__8c5c7284,bazaar,Bazaar
train_ep_003804,loc__tower__79835ea3,tower,Inside Tower
train_ep_003805,loc__tower__79835ea3,tower,Outside Tower
train_ep_003806,loc__bazaar__8c5c7284,bazaar,Bazaar
train_ep_003807,loc__royal_gardens__e410d0fe,royal gardens,Outside Palace
train_ep_003808,loc__docks__d1b1bb99,docks,Port
train_ep_003809,loc__sacred_temple__0ee6dca9,sacred temple,Inside Church
train_ep_003810,loc__inside_the_temple__573b0d5f,inside the temple,Inside Temple
train_ep_003811,loc__lagoon__664a6ce4,lagoon,Lake
train_ep_003812,loc__cave__e386df9e,cave,Cave
train_ep_003813,loc__outside_tower__7dc67c9f,outside tower,Outside Tower
train_ep_003814,loc__lake__97d986e2,lake,Lake
train_ep_003815,loc__jungle__5d991220,jungle,Jungle
train_ep_003816,loc__outside_church__9f23256f,outside church,Outside Church
train_ep_003817,loc__inside_tower__3d67c0a7,inside tower,Inside Tower
train_ep_003818,loc__riverbed__acbe6245,riverbed,Forest
train_ep_003819,loc__mud_pit__7a862ed0,mud pit,Jungle
train_ep_003820,loc__military_outpost_at_the_heart_of_the_swamp__0b91dfd0,military outpost at the heart of the swamp,Swamp
train_ep_003821,loc__abandoned_shack__d3865a64,abandoned shack,Wasteland
train_ep_003822,loc__princess_library__7426d41f,princess' library,Inside Palace
train_ep_003823,loc__yurt__e67b7569,yurt,Desert
train_ep_003824,loc__spice_stall__5ddd9bb4,spice stall,Bazaar
train_ep_003825,loc__treasure_cavern__26b58d7a,treasure cavern,Inside Temple
train_ep_003826,loc__bathroom__67518d64,bathroom,Inside Tower
train_ep_003827,loc__tree_house__493a5d1a,tree house,Jungle
train_ep_003828,loc__main_hall__8f1c5099,main hall,Inside Palace
train_ep_003829,loc__town_square__4d10acd1,town square,Town
train_ep_003830,loc__kings_chambers__3b38188f,kings chambers,Inside Palace
train_ep_003831,loc__trash_heap__0e440590,trash heap,Wasteland
train_ep_003832,loc__courtyard__2c2bf458,courtyard,Outside Palace
train_ep_003833,loc__entrance_to_the_pine_trees__857c5da1,entrance to the pine trees,Forest
train_ep_003834,loc__large_galleon__0e3d3ca8,large galleon,Port
train_ep_003835,loc__kitchen__09228dac,kitchen,Inside Cottage
train_ep_003836,loc__tree_house__493a5d1a,tree house,Jungle
train_ep_003837,loc__dark_cave__b9185199,dark cave,Cave
train_ep_003838,loc__top_side_tower_overlooking_view__8b843a89,top side tower overlooking view,Outside Tower
train_ep_003839,loc__black_smiths_shop__5379f4dc,black smiths shop,Town
train_ep_003840,loc__lakeside_house__e89e18cd,lakeside house,Lake
train_ep_003841,loc__armory__f1c6e216,armory,Inside Castle
train_ep_003842,loc__barn__5dfcc0aa,barn,Farm
train_ep_003843,loc__torture_chamber__11dfca19,torture chamber,Dungeon
train_ep_003844,loc__bedroom__cff8b1fe,bedroom,Inside Cottage
train_ep_003845,loc__treasure_room__5acf31fd,treasure room,Inside Castle
train_ep_003846,loc__throne_room__f4977c99,throne room,Shore
train_ep_003847,loc__coast__756d153b,coast,Shore
train_ep_003848,loc__bat_room__c322be72,bat room,Cave
train_ep_003849,loc__choir_room__35978911,choir room,Inside Church
train_ep_003850,loc__jail_room__4ad818b4,jail room,Inside Tower
train_ep_003851,loc__town_theater__8fa3302e,town theater,Town
train_ep_003852,loc__underground_cavern__2714911b,underground cavern,Cave
train_ep_003853,loc__castle_kitchen__b00392de,castle kitchen,Inside Palace
train_ep_003854,loc__moat__3c3a57f1,moat,Outside Palace
train_ep_003855,loc__bedroom__cff8b1fe,bedroom,Inside Cottage
train_ep_003856,loc__clergyman_s_office__30ca015e,clergyman's office,Inside Temple
train_ep_003857,loc__waterfall__911b1ca4,waterfall,Mountain
train_ep_003858,loc__grand_dancing_hall__7dd99710,grand dancing hall,Inside Palace
train_ep_003859,loc__dining_hall__10c40af2,dining hall,Inside Castle
train_ep_003860,loc__summit__cc8c6287,summit,Mountain
train_ep_003861,loc__scenic_overlook__9ccff5f9,scenic overlook,Trail
train_ep_003862,loc__secret_oasis__4b7fea6a,secret oasis,Desert
train_ep_003863,loc__town__7198cda5,town,Town
train_ep_003864,loc__tombstones_of_the_kings__f98f35ed,tombstones of the kings,Graveyard
train_ep_003865,loc__sanctuary__80452c45,sanctuary,Inside Church
train_ep_003866,loc__rectory__af9459b5,rectory,Inside Church
train_ep_003867,loc__loading_dock__2e35f637,loading dock,Port
train_ep_003868,loc__meditation_room__40c0a44e,meditation room,Inside Temple
train_ep_003869,loc__mountain_peak__924f5a88,mountain peak,Mountain
train_ep_003870,loc__tower_base__11a0e527,tower base,Outside Tower
train_ep_003871,loc__king_s_quarters__b44e1648,king's quarters,Inside Tower
train_ep_003872,loc__oracle_cave__d32dc815,oracle cave,Mountain
train_ep_003873,loc__spiral_staircase__031e4915,spiral staircase,Inside Tower
train_ep_003874,loc__confessional__f24d3972,confessional,Inside Church
train_ep_003875,loc__beyond_the_wall__adff6e1c,beyond the wall,Outside Castle
train_ep_003876,loc__land_beyond_the_wasteland__0b3b29ad,land beyond the wasteland,Abandoned
train_ep_003877,loc__behind_the_servant_quarters__9413241c,behind the servant quarters,Wasteland
train_ep_003878,loc__inside_the_king_s_castle__afab450e,inside the king's castle,Inside Tower
train_ep_003879,loc__across_the_king_s_garden__82bbf802,across the king's garden,Trail
train_ep_003880,loc__within_the_king_s_mansion__ffdc1072,within the king's mansion,Inside Temple
train_ep_003881,loc__market_center__f92392bc,market center,Tavern
train_ep_003882,loc__chapel__5ee4b863,chapel,Inside Church
train_ep_003883,loc__bar__37b51d19,bar,Tavern
train_ep_003884,loc__battleship__e82a29f3,battleship,Shore
train_ep_003885,loc__entrance_to_castle__6ce4a988,entrance to castle,Outside Castle
train_ep_003886,loc__cabin__92faafe2,cabin,Countryside
train_ep_003887,loc__pew__08db7753,pew,Inside Church
train_ep_003888,loc__shop_in_bazaar__bb1b9374,shop in bazaar,Bazaar
train_ep_003889,loc__entrance_to_church__2ba81d25,entrance to church,Outside Church
train_ep_003890,loc__dock_at_the_port__eaf44017,dock at the port,Port
train_ep_003891,loc__queen_s_chamber__e51179c6,queen's chamber,Inside Palace
train_ep_003892,loc__cottage__144deb32,cottage,Countryside
train_ep_003893,loc__bog__e07cd172,bog,Swamp
train_ep_003894,loc__dining_hall__10c40af2,dining hall,Inside Palace
train_ep_003895,loc__king_s_quarters__b44e1648,king's quarters,Shore
train_ep_003896,loc__princess_chamber__b18da5a3,princess' chamber,Inside Tower
train_ep_003897,loc__inside_church__aab73af9,inside church,Inside Church
train_ep_003898,loc__alchemists_lab__d5456245,alchemists lab,Inside Tower
train_ep_003899,loc__training_fields__20aac210,training fields,Outside Palace
train_ep_003900,loc__nursery__a718a874,nursery,Inside Palace
train_ep_003901,loc__royal_stables__25af2687,royal stables,Outside Castle
train_ep_003902,loc__kitchen__09228dac,kitchen,Tavern
train_ep_003903,loc__nave__bfe4b52c,nave,Inside Church
train_ep_003904,loc__boathouse__f1916d48,boathouse,Swamp
train_ep_003905,loc__tool_shed__5a0c79ce,tool shed,Outside Cottage
train_ep_003906,loc__library__d521f765,library,Inside Castle
train_ep_003907,loc__dining_hall__10c40af2,dining hall,Inside Castle
train_ep_003908,loc__courtyard__2c2bf458,courtyard,Outside Palace
train_ep_003909,loc__troll_s_lair__218cc09b,troll's lair,Cave
train_ep_003910,loc__barracks__2ce29011,barracks,Outside Castle
train_ep_003911,loc__throne_room__f4977c99,throne room,Inside Tower
train_ep_003912,loc__next_to_an_altar__6252d8d6,next to an altar,Inside Church
train_ep_003913,loc__ball_room__e26306dc,ball room,Inside Palace
train_ep_003914,loc__king_s_bedroom__03fb30e9,king's bedroom,Inside Palace
train_ep_003915,loc__along_the_banks_of_a_river_in_the_forest__1893d3d3,along the banks of a river in the forest,Forest
train_ep_003916,loc__jewelry_stall__2ec13fd4,jewelry stall,Bazaar
train_ep_003917,loc__winter_gardens__e59bb816,winter gardens,Outside Tower
train_ep_003918,loc__servant_s_quarters__2ab37024,servant's quarters,Inside Palace
train_ep_003919,loc__foyer__114ad31a,foyer,Inside Palace
train_ep_003920,loc__cursed_grave__7f5aabe1,cursed grave,Graveyard
train_ep_003921,loc__guard_shack__0ef62152,guard shack,Outside Tower
train_ep_003922,loc__hall_of_the_goddess__7c0819d4,hall of the goddess,Inside Temple
train_ep_003923,loc__throne__253d405e,throne,Inside Palace
train_ep_003924,loc__old_red_barn__d6b0cfd8,old red barn,Farm
train_ep_003925,loc__desert_cavern__9287fea8,desert cavern,Desert
train_ep_003926,loc__cactus_field__ce508a05,cactus field,Desert
train_ep_003927,loc__fishing_pier__fd5d48a9,fishing pier,Shore
train_ep_003928,loc__high_priest_chamber__3d59d244,high priest chamber,Inside Church
train_ep_003929,loc__sacrifice_chamber__8aaf85ac,sacrifice chamber,Inside Temple
train_ep_003930,loc__quicksand_pit__591e521d,quicksand pit,Swamp
train_ep_003931,loc__beach_house__64bd4f8d,beach house,Shore
train_ep_003932,loc__mushroom_hut__8bb7cd75,mushroom hut,Outside Cottage
train_ep_003933,loc__beside_tower_entrance__4289dcc4,beside tower entrance,Inside Tower
train_ep_003934,loc__pirate_ship__a3eb0b34,pirate ship,Port
train_ep_003935,loc__palace_throne__edc54e5f,palace throne,Inside Palace
train_ep_003936,loc__palace_kitchen__4dee9bb6,palace kitchen,Inside Palace
train_ep_003937,loc__inside_cottage_kitchen__5eaa1ce9,inside cottage kitchen,Inside Cottage
train_ep_003938,loc__hillside_manor__b1ec6b5a,hillside manor,Countryside
train_ep_003939,loc__pig_pen__cd6444b3,pig pen,Countryside
train_ep_003940,loc__beside_temple_entrance__b712f707,beside temple entrance,Outside Temple
train_ep_003941,loc__tower_dungeon__3b953217,tower dungeon,Inside Tower
train_ep_003942,loc__beside_church_entrance__2206aedf,beside church entrance,Outside Church
train_ep_003943,loc__castle_armory__c05c8115,castle armory,Inside Castle
train_ep_003944,loc__hillside_mansion__369afa4b,hillside mansion,Countryside
train_ep_003945,loc__palace_ballroom__e83afcc3,palace ballroom,Inside Palace
train_ep_003946,loc__church_altar__b46bba3c,church altar,Inside Church
train_ep_003947,loc__tower_sewers__135799e5,tower sewers,Inside Tower
train_ep_003948,loc__inside_temple_crypt__eb261a98,inside temple crypt,Inside Temple
train_ep_003949,loc__small_hut__78dbc695,small hut,Jungle
train_ep_003950,loc__gold_mine__23a64f00,gold mine,Abandoned
train_ep_003951,loc__stable__f40faf63,stable,Outside Castle
train_ep_003952,loc__room_at_the_top_of_the_tower__bebc68b6,room at the top of the tower,Inside Castle
train_ep_003953,loc__lonely_island__941f1782,lonely island,Abandoned
train_ep_003954,loc__public_execution_stand__ec1c97f7,public execution stand,Bazaar
train_ep_003955,loc__prison_room__075cec3e,prison room,Inside Tower
train_ep_003956,loc__bedding_room__8584585f,bedding room,Inside Palace
train_ep_003957,loc__fountain__79de7a61,fountain,Graveyard
train_ep_003958,loc__oasis__335ffbcf,oasis,Desert
train_ep_003959,loc__beach_house__64bd4f8d,beach house,Shore
train_ep_003960,loc__farmer_hill__b21f8161,farmer hill,Outside Cottage
train_ep_003961,loc__stained_glass_room__fe4963f3,stained glass room,Inside Church
train_ep_003962,loc__mars_desert__d8c9aa45,mars desert,Desert
train_ep_003963,loc__clearing__5832a4d8,clearing,Forest
train_ep_003964,loc__hall_of_echoes__55050f7d,hall of echoes,Inside Temple
train_ep_003965,loc__bathing_room__e8175c31,bathing room,Inside Temple
train_ep_003966,loc__mysterious_shop__454073ca,mysterious shop,Bazaar
train_ep_003967,loc__inside_church_back_row__5cc901b4,inside church back row,Inside Church
train_ep_003968,loc__town_of_anoria__bfbab07a,town of anoria,Town
train_ep_003969,loc__tavern_of_browntavia__0bc98c5d,tavern of browntavia,Tavern
train_ep_003970,loc__enchanted_light_house__0bd68be0,enchanted light house,Shore
train_ep_003971,loc__sacrificial_altar__0974214f,sacrificial altar,Inside Temple
train_ep_003972,loc__murder_hole__da3df777,murder hole,Inside Tower
train_ep_003973,loc__dungeon__e0dc3209,dungeon,Inside Temple
train_ep_003974,loc__personal_quarters__5bdf1559,personal quarters,Inside Palace
train_ep_003975,loc__garden__e2704f30,garden,Outside Cottage
train_ep_003976,loc__dining_hall__10c40af2,dining hall,Inside Tower
train_ep_003977,loc__library__d521f765,library,Inside Castle
train_ep_003978,loc__bank__bd5af1f6,bank,Swamp
train_ep_003979,loc__main_entrance__68f3df62,main entrance,Outside Temple
train_ep_003980,loc__storage_room__ab9f0184,storage room,Dungeon
train_ep_003981,loc__study_room__5698bd87,study room,Inside Church
train_ep_003982,loc__ruined_house__b253dd25,ruined house,Abandoned
train_ep_003983,loc__reception_area__9f5fd34c,reception area,Graveyard
train_ep_003984,loc__dock__05debdb8,dock,Port
train_ep_003985,loc__small_graveyard__d12232a8,small graveyard,Outside Cottage
train_ep_003986,loc__entrance__2a20afe0,entrance,Cave
train_ep_003987,loc__stable__f40faf63,stable,Farm
train_ep_003988,loc__storage_room__ab9f0184,storage room,Tavern
train_ep_003989,loc__clearing__5832a4d8,clearing,Jungle
train_ep_003990,loc__nave__bfe4b52c,nave,Inside Church
train_ep_003991,loc__graveyard__7b3ab674,graveyard,Outside Church
train_ep_003992,loc__courtyard__2c2bf458,courtyard,Outside Palace
train_ep_003993,loc__main_hallway__840c1503,main hallway,Inside Palace
train_ep_003994,loc__town_square__4d10acd1,town square,Town
train_ep_003995,loc__hidden_passageway__d7cdebb5,hidden passageway,Inside Temple
train_ep_003996,loc__grand_ballroom__52b4001e,grand ballroom,Inside Castle
train_ep_003997,loc__old_crypt__9f170f50,old crypt,Graveyard
train_ep_003998,loc__castle_kitchen__b00392de,castle kitchen,Inside Castle
train_ep_003999,loc__weathered_shack__8c23b906,weathered shack,Abandoned
train_ep_004000,loc__debtor_s_prison__ea99977f,debtor's prison,Inside Tower
train_ep_004001,loc__temple_entrance__71ae50b0,temple entrance,Outside Temple
train_ep_004002,loc__staircase__7dbf02f9,staircase,Inside Tower
train_ep_004003,loc__tree_of_spirits__e757fcef,tree of spirits,Trail
train_ep_004004,loc__popes_dormitory__ddb11751,popes dormitory,Inside Church
train_ep_004005,loc__royal_tomb__1b57a10e,royal tomb,Inside Temple
train_ep_004006,loc__grand_dining_room__8cb359cc,grand dining room,Inside Palace
train_ep_004007,loc__maidens_cottage__ce8fe6f9,maidens cottage,Countryside
train_ep_004008,loc__horse_s_stables__0cd4df4c,horse's stables,Outside Cottage
train_ep_004009,loc__horse_field__eeae819a,horse field,Countryside
train_ep_004010,loc__archery_zone__fdb7c330,archery zone,Outside Castle
train_ep_004011,loc__prisoner_s_cell__bf78e6a1,prisoner's cell,Dungeon
train_ep_004012,loc__queen_s_quarters__22b70e95,queen's quarters,Inside Palace
train_ep_004013,loc__cemetery__dccbebc2,cemetery,Wasteland
train_ep_004014,loc__artillery_room__9af01c49,artillery room,Inside Tower
train_ep_004015,loc__knight_s_hunting_ground__09b79c95,knight's hunting ground,Trail
train_ep_004016,loc__kitchen__09228dac,kitchen,Inside Castle
train_ep_004017,loc__king_s_chambers__e3e597fe,king's chambers,Inside Palace
train_ep_004018,loc__outpost__9e81fdfb,outpost,Mountain
train_ep_004019,loc__royal_shipyard__fc976e6e,royal shipyard,Port
train_ep_004020,loc__ritual_room__4574deb8,ritual room,Inside Temple
train_ep_004021,loc__front_of_the_cottage__908b24e7,front of the cottage,Outside Cottage
train_ep_004022,loc__village_at_the_base_of_the_mountain__47dbe2ea,village at the base of the mountain,Mountain
train_ep_004023,loc__armory__f1c6e216,armory,Inside Tower
train_ep_004024,loc__confession_box__fb7e21f1,confession box,Inside Church
train_ep_004025,loc__ruin_of_a_house__62eef8f7,ruin of a house,Wasteland
train_ep_004026,loc__bandit_lair__90d428ee,bandit lair,Cave
train_ep_004027,loc__tent__7b65dcf0,tent,Desert
train_ep_004028,loc__inside_the_temple__573b0d5f,inside the temple,Inside Temple
train_ep_004029,loc__boat_house__62b9e6c4,boat house,Port
train_ep_004030,loc__kings_bedroom__64489025,kings bedroom,Inside Castle
train_ep_004031,loc__stream__f7b44cfa,stream,Forest
train_ep_004032,loc__forest__f379cfd7,forest,Countryside
train_ep_004033,loc__lush_meadow_in_the_country_side__d9fa9500,lush meadow in the country side,Countryside
train_ep_004034,loc__small_town_located_in_the_hills__d4698af1,small town located in the hills,Town
train_ep_004035,loc__kings_bed_room__b1f6b2b3,kings bed room,Inside Castle
train_ep_004036,loc__front_row__ec5571ef,front row,Inside Church
train_ep_004037,loc__primary_cave__755e8817,primary cave,Cave
train_ep_004038,loc__town_in_the_desert__fff2a6b4,town in the desert,Wasteland
train_ep_004039,loc__ferry_terminal__e6bf99dd,ferry terminal,Port
train_ep_004040,loc__modest_living_area__fe2770f1,modest living area,Inside Cottage
train_ep_004041,loc__temple_foyer__c0b5e90a,temple foyer,Inside Temple
train_ep_004042,loc__northern_shore__e8588ae1,northern shore,Lake
train_ep_004043,loc__front_altar__819cc2dd,front altar,Inside Temple
train_ep_004044,loc__desert_tent__a1a041ce,desert tent,Wasteland
train_ep_004045,loc__grassy_plains__ecb71cc6,grassy plains,Trail
train_ep_004046,loc__old_gnaisha_s__d05194f9,old gnaisha's,Bazaar
train_ep_004047,loc__banquet_hall__b7ba191c,banquet hall,Inside Castle
train_ep_004048,loc__great_armory__8a3248e6,great armory,Inside Castle
train_ep_004049,loc__dancing_stoat__a6b60c83,dancing stoat,Town
train_ep_004050,loc__paladins_memorial_chapel__3b8a3ef4,paladins' memorial chapel,Inside Church
train_ep_004051,loc__shrine_of_sretniy__c5cdca48,shrine of sretniy,Inside Temple
train_ep_004052,loc__desert_land__d9285c9c,desert land,Desert
train_ep_004053,loc__pond__d873154f,pond,Wasteland
train_ep_004054,loc__fishing_shack__be027604,fishing shack,Lake
train_ep_004055,loc__horse_stables__3ab0f4c8,horse stables,Outside Castle
train_ep_004056,loc__castle_basement__ef824ba7,castle basement,Inside Castle
train_ep_004057,loc__abandoned_workers_shed__0002433d,abandoned workers shed,Graveyard
train_ep_004058,loc__tower_kitchen__9b8a3da9,tower kitchen,Inside Tower
train_ep_004059,loc__chicken_pen__1c50c5ac,chicken pen,Countryside
train_ep_004060,loc__stable_hand_s_quarters__74578d25,stable hand's quarters,Outside Castle
train_ep_004061,loc__middle_of_the_bazaar__54f18754,middle of the bazaar,Bazaar
train_ep_004062,loc__launching_point__8c178e87,launching point,Lake
train_ep_004063,loc__corn_field__018a2ccf,corn field,Farm
train_ep_004064,loc__main_house__39d59a9f,main house,Farm
train_ep_004065,loc__sacristy__3f4aff85,sacristy,Inside Church
train_ep_004066,loc__old_queen_farm__057da97d,old queen farm,Wasteland
train_ep_004067,loc__reagent_room__559ae958,reagent room,Outside Tower
train_ep_004068,loc__washroom__050b06a4,washroom,Inside Castle
train_ep_004069,loc__balcony__d85f7317,balcony,Inside Palace
train_ep_004070,loc__castle_exit__5b525e0e,castle exit,Inside Castle
train_ep_004071,loc__cavern_dwelling__44fe0d79,cavern dwelling,Desert
train_ep_004072,loc__fishing_dock__fbf73e36,fishing dock,Lake
train_ep_004073,loc__sheriff_office__d4dae028,sheriff office,Farm
train_ep_004074,loc__flower_field__f936e92b,flower field,Countryside
train_ep_004075,loc__church_garden__56a741fe,church garden,Outside Church
train_ep_004076,loc__large_cliffs__f86c4fa5,large cliffs,Shore
train_ep_004077,loc__port_skyline__0254ced0,port skyline,Port
train_ep_004078,loc__main_prayer_room__ec7e9b7f,main prayer room,Inside Temple
train_ep_004079,loc__haunted_orchard__7434c930,haunted orchard,Farm
train_ep_004080,loc__apothecary__e264c143,apothecary,Town
train_ep_004081,loc__chamber_entrance__0228ee72,chamber entrance,Inside Church
train_ep_004082,loc__main_castle_doors__e1f39f3b,main castle doors,Outside Palace
train_ep_004083,loc__church_garden__56a741fe,church garden,Outside Church
train_ep_004084,loc__dining_hall__10c40af2,dining hall,Inside Castle
train_ep_004085,loc__north_forest__a809663e,north forest,Forest
train_ep_004086,loc__mess_hall__df491ab7,mess hall,Inside Temple
train_ep_004087,loc__landing_in_the_foyer__0712bd55,landing in the foyer,Inside Palace
train_ep_004088,loc__dead_tree__ae78e2fc,dead tree,Graveyard
train_ep_004089,loc__crew_berthing__255a7e79,crew berthing,Port
train_ep_004090,loc__gallery__2767cc3e,gallery,Cave
train_ep_004091,loc__captain_s_cabin__60e1b85d,captain's cabin,Port
train_ep_004092,loc__wharf__ef602779,wharf,Port
train_ep_004093,loc__woodlands__f4b4342e,woodlands,Forest
train_ep_004094,loc__drinking_water_lake__072d7988,drinking water lake,Lake
train_ep_004095,loc__quay__a4499c24,quay,Port
train_ep_004096,loc__valley_of_doom__2f415a0f,valley of doom,Countryside
train_ep_004097,loc__swimming_hole__41a1f52e,swimming hole,Lake
train_ep_004098,loc__bottlery__3ad26146,bottlery,Inside Castle
train_ep_004099,loc__fitting_room__c555a43b,fitting room,Bazaar
train_ep_004100,loc__arrow_house__9d554350,arrow house,Outside Castle
train_ep_004101,loc__castle_kitchens__6834f5a3,castle kitchens,Inside Palace
train_ep_004102,loc__cold_storage_room__726f76a2,cold storage room,Outside Cottage
train_ep_004103,loc__bright_path__17c6a100,bright path,Inside Castle
train_ep_004104,loc__forest_entrance__4bcda148,forest entrance,Forest
train_ep_004105,loc__slave_quarters__8a6d9f60,slave quarters,Inside Tower
train_ep_004106,loc__fishing_store__b061f606,fishing store,Port
train_ep_004107,loc__dunes__8a48dcda,dunes,Desert
train_ep_004108,loc__temple_guard_station__e0b75841,temple guard station,Outside Temple
train_ep_004109,loc__peasant_s_cottage__00464b6c,peasant's cottage,Countryside
train_ep_004110,loc__small_dirt_road__40d1ead7,small dirt road,Countryside
train_ep_004111,loc__royal_bathroom__f7f11309,royal bathroom,Inside Castle
train_ep_004112,loc__stilt_home__612941a3,stilt home,Farm
train_ep_004113,loc__temple_main_room__cc3e74e5,temple main room,Outside Temple
train_ep_004114,loc__forbidden_forest__b96ae0b4,forbidden forest,Forest
train_ep_004115,loc__underground_river__dde09e89,underground river,Cave
train_ep_004116,loc__arch_hall__0fcc7e9c,arch hall,Inside Castle
train_ep_004117,loc__back_of_the_stall__4b715f67,back of the stall,Bazaar
train_ep_004118,loc__woods__b7bfb949,woods,Forest
train_ep_004119,loc__prisoners_cells__61cb1ba6,prisoners cells,Dungeon
train_ep_004120,loc__countryside__9cff47d1,countryside,Countryside
train_ep_004121,loc__saokra_s_blacksmith_shop__e5c9291c,saokra's blacksmith shop,Town
train_ep_004122,loc__mesa_peak__ec3e4014,mesa peak,Mountain
train_ep_004123,loc__temple_chamber__417585e8,temple chamber,Inside Temple
train_ep_004124,loc__main_foyer__ed99a45c,main foyer,Inside Castle
train_ep_004125,loc__winding_staircase__ec3107f8,winding staircase,Outside Tower
train_ep_004126,loc__tailings_pile__d27fba96,tailings pile,Mountain
train_ep_004127,loc__town_center__f942e8bf,town center,Town
train_ep_004128,loc__garden__e2704f30,garden,Outside Palace
train_ep_004129,loc__south_forest__a051e03c,south forest,Forest
train_ep_004130,loc__hidden_revolutionaries_headquarters__536080d4,hidden revolutionaries' headquarters,Inside Palace
train_ep_004131,loc__hay_field__0bbfde04,hay field,Outside Cottage
train_ep_004132,loc__acid_yard__7930efda,acid yard,Outside Castle
train_ep_004133,loc__castle_front__1f50ceb7,castle front,Inside Palace
train_ep_004134,loc__knife_seller__e0a51e70,knife seller,Bazaar
train_ep_004135,loc__horse_tent__858443dc,horse tent,Farm
train_ep_004136,loc__gold_room__42a3e93d,gold room,Inside Tower
train_ep_004137,loc__guards_quarters__94702054,guards quarters,Inside Tower
train_ep_004138,loc__general_store__53a8fbb0,general store,Town
train_ep_004139,loc__mysterious_shop_s_entrance__212a3859,mysterious shop's entrance,Bazaar
train_ep_004140,loc__beside_the_town_church__0b0b1726,beside the town church,Outside Church
train_ep_004141,loc__entryway_to_the_wizards_tower__7a21df60,entryway to the wizards tower,Inside Tower
train_ep_004142,loc__palace_garden__46ae3845,palace garden,Outside Palace
train_ep_004143,loc__visitor_s_entrance__44f22aeb,visitor's entrance,Inside Temple
train_ep_004144,loc__throne_room__f4977c99,throne room,Inside Palace
train_ep_004145,loc__throne_room__f4977c99,throne room,Inside Tower
train_ep_004146,loc__supply_store__9776432b,supply store,Port
train_ep_004147,loc__cactus_field_entrance__cba07803,cactus field entrance,Desert
train_ep_004148,loc__town_center__f942e8bf,town center,Town
train_ep_004149,loc__castle_kitchen__b00392de,castle kitchen,Inside Castle
train_ep_004150,loc__disposal_area__72d310fd,disposal area,Inside Castle
train_ep_004151,loc__village_of_tamerak__7e6c027e,village of tamerak,Port
train_ep_004152,loc__pine_tree_graveyard__18f73c00,pine tree graveyard,Forest
train_ep_004153,loc__grand_desert__c682352f,grand desert,Desert
train_ep_004154,loc__personal_rooms__f7ec06d2,personal rooms,Inside Palace
train_ep_004155,loc__curved_hallway__638b964b,curved hallway,Inside Tower
train_ep_004156,loc__inside_the_ruined_house__f351c82a,inside the ruined house,Inside Cottage
train_ep_004157,loc__city_of_elders__fa058cbe,city of elders,Town
train_ep_004158,loc__hidden_garden__f2140155,hidden garden,Outside Palace
train_ep_004159,loc__ghost_trail__7855adca,ghost trail,Trail
train_ep_004160,loc__spring_bath__6aa6bed3,spring bath,Outside Temple
train_ep_004161,loc__brimswood_pub__2b57d3a7,brimswood pub,Tavern
train_ep_004162,loc__main_chapel__05b43d90,main chapel,Inside Church
train_ep_004163,loc__lavoratory__9cb21908,lavoratory,Inside Castle
train_ep_004164,loc__nearby_road__b720e559,nearby road,Countryside
train_ep_004165,loc__tub__271721b2,tub,Inside Tower
train_ep_004166,loc__arsenal__1c5442c0,arsenal,Inside Tower
train_ep_004167,loc__torture_equipment_storage_room__8c501a45,torture equipment storage room,Dungeon
train_ep_004168,loc__farmer_s_house__742677bc,farmer's house,Farm
train_ep_004169,loc__castle_foothills__40ba7cae,castle foothills,Outside Tower
train_ep_004170,loc__tower_spire__a8295baa,tower spire,Inside Tower
train_ep_004171,loc__saloon__453c44d3,saloon,Tavern
train_ep_004172,loc__basement__48719d32,basement,Inside Castle
train_ep_004173,loc__trail_exit__e1ead7cf,trail exit,Trail
train_ep_004174,loc__bazaar__8c5c7284,bazaar,Bazaar
train_ep_004175,loc__along_the_pews__731918a2,along the pews,Inside Church
train_ep_004176,loc__gate_to_street__63c54887,gate to street,Outside Church
train_ep_004177,loc__chicken_coop__6afcba65,chicken coop,Farm
train_ep_004178,loc__pier_walkway__6cc5e473,pier walkway,Shore
train_ep_004179,loc__attic__0535c94e,attic,Inside Church
train_ep_004180,loc__hidden_passage__6bec6a12,hidden passage,Inside Church
train_ep_004181,loc__table_area__8fcbc5c5,table area,Tavern
train_ep_004182,loc__temple_hallway__fc747e35,temple hallway,Inside Temple
train_ep_004183,loc__old_docks__ed431416,old docks,Shore
train_ep_004184,loc__courtyard_exterior__9602be9c,courtyard exterior,Outside Palace
train_ep_004185,loc__room_hidden_in_the_dense_canopy__eb412c40,room hidden in the dense canopy,Forest
train_ep_004186,loc__small_clearing__18adfedc,small clearing,Mountain
train_ep_004187,loc__weapons_storage_room__e2250d82,weapons storage room,Outside Castle
train_ep_004188,loc__kitchens__dfd09a86,kitchens,Inside Castle
train_ep_004189,loc__battlements__65ce509a,battlements,Outside Castle
train_ep_004190,loc__blacksmith__c2428781,blacksmith,Bazaar
train_ep_004191,loc__collapsed_west_wing__5208068f,collapsed west wing,Abandoned
train_ep_004192,loc__church_coat_room__3bec4535,church coat room,Inside Church
train_ep_004193,loc__ant_hill__01158295,ant hill,Forest
train_ep_004194,loc__unsettling_forest_area__3d5f756b,unsettling forest area,Forest
train_ep_004195,loc__decoration_shop__cf40d2dc,decoration shop,Outside Temple
train_ep_004196,loc__dead_valley__fe83fd28,dead valley,Desert
train_ep_004197,loc__top_floor_of_palace__ab540b82,top floor of palace,Inside Palace
train_ep_004198,loc__secret_tunnel__57b3c615,secret tunnel,Cave
train_ep_004199,loc__dangerous_precipice__81c337c6,dangerous precipice,Mountain
train_ep_004200,loc__kitchens__dfd09a86,kitchens,Inside Tower
train_ep_004201,loc__soldiers_camp__2d6b7401,soldiers camp,Swamp
train_ep_004202,loc__secret_tunnel__57b3c615,secret tunnel,Inside Castle
train_ep_004203,loc__flower_garden__879381ca,flower garden,Forest
train_ep_004204,loc__alchemists_bedroom__cfb992f0,alchemists bedroom,Inside Tower
train_ep_004205,loc__guard_barracks__c7741c50,guard barracks,Inside Castle
train_ep_004206,loc__backyard__3bec248d,backyard,Outside Cottage
train_ep_004207,loc__attic__0535c94e,attic,Inside Palace
train_ep_004208,loc__grand_balcony__41fccf30,grand balcony,Inside Palace
train_ep_004209,loc__rat_den__b7a41895,rat den,Inside Tower
train_ep_004210,loc__midland_town__3abef145,midland town,Wasteland
train_ep_004211,loc__underwater_cave__155a0a0e,underwater cave,Cave
train_ep_004212,loc__castle_royal_tower__bb8b04a7,castle royal tower,Inside Castle
train_ep_004213,loc__keep__18ccf61d,keep,Inside Tower
train_ep_004214,loc__church_foyer__e8aee950,church foyer,Inside Church
train_ep_004215,loc__main_graveyard__ad70495d,main graveyard,Graveyard
train_ep_004216,loc__confessions_room__d87965d0,confessions room,Inside Church
train_ep_004217,loc__peasant_living_quarters__004fcc5f,peasant living quarters,Outside Palace
train_ep_004218,loc__temple_marketplace__34f9194f,temple marketplace,Inside Temple
train_ep_004219,loc__picnic_area__4a212f77,picnic area,Forest
train_ep_004220,loc__darkest_part_of_the_swamp__4a37261f,darkest part of the swamp,Swamp
train_ep_004221,loc__path_to_the_manor__cd09e091,path to the manor,Countryside
train_ep_004222,loc__prayer_bell__021f8e15,prayer bell,Inside Church
train_ep_004223,loc__garden_courtyard__2530f6d1,garden courtyard,Inside Castle
train_ep_004224,loc__abandoned_mine_entrance__5698b058,abandoned mine entrance,Abandoned
train_ep_004225,loc__pet_chamber__bc1946e1,pet chamber,Inside Castle
train_ep_004226,loc__jail_entrance__ca63e7c2,jail entrance,Inside Tower
train_ep_004227,loc__royal_farm__c7a2ee7a,royal farm,Farm
train_ep_004228,loc__palace_entrance__fb45dbba,palace entrance,Inside Palace
train_ep_004229,loc__farmers_market__3aa5b02b,farmers market,Bazaar
train_ep_004230,loc__back_room__d5bde542,back room,Inside Church
train_ep_004231,loc__sermon_hall__5b457bb1,sermon hall,Inside Church
train_ep_004232,loc__clean_water_lake__13349d26,clean water lake,Lake
train_ep_004233,loc__dwarven_blacksmith__68e8c01f,dwarven blacksmith,Mountain
train_ep_004234,loc__laundry_lines__dd2e9ca6,laundry lines,Outside Palace
train_ep_004235,loc__basement__48719d32,basement,Inside Castle
train_ep_004236,loc__school__7516c3b3,school,Bazaar
train_ep_004237,loc__grand_dining_room__8cb359cc,grand dining room,Inside Palace
train_ep_004238,loc__holy_alter__dd5ad709,holy alter,Inside Church
train_ep_004239,loc__iconostasis__fa5c7ee9,iconostasis,Outside Church
train_ep_004240,loc__kebab_stall__d83535f0,kebab stall,Bazaar
train_ep_004241,loc__throne_room__f4977c99,throne room,Inside Castle
train_ep_004242,loc__open_field__28aeddc6,open field,Farm
train_ep_004243,loc__church__916586c8,church,Outside Church
train_ep_004244,loc__king_s_dorm__f69cf31d,king's dorm,Inside Tower
train_ep_004245,loc__cave_exit__6e09c118,cave exit,Cave
train_ep_004246,loc__main_gate__d66ce966,main gate,Outside Castle
train_ep_004247,loc__trailhead__55ecf8e5,trailhead,Trail
train_ep_004248,loc__bedrooms__8fb3ca52,bedrooms,Inside Palace
train_ep_004249,loc__dogs_domain__0a1f1a65,dogs' domain,Inside Church
train_ep_004250,loc__hiking_path__ba82059c,hiking path,Mountain
train_ep_004251,loc__bazaar_gambling__0e92d983,bazaar gambling,Bazaar
train_ep_004252,loc__apple_trees__6ead89c4,apple trees,Bazaar
train_ep_004253,loc__pharmacy__bf4e2878,pharmacy,Town
train_ep_004254,loc__main_street__18c6980d,main street,Graveyard
train_ep_004255,loc__rectory__af9459b5,rectory,Inside Church
train_ep_004256,loc__orc_cave__9c2ad64e,orc cave,Cave
train_ep_004257,loc__simple_town__9836124a,simple town,Town
train_ep_004258,loc__church_entryway__b0c14c9f,church entryway,Inside Church
train_ep_004259,loc__large_farm__653ba215,large farm,Farm
train_ep_004260,loc__church_field__80ff45f8,church field,Outside Church
train_ep_004261,loc__firewood_forest__049c4d45,firewood forest,Forest
train_ep_004262,loc__temple_gardens__e5c59366,temple gardens,Outside Temple
train_ep_004263,loc__mysterious_forest_outskirts__78c6782b,mysterious forest outskirts,Forest
train_ep_004264,loc__meadow__07a42035,meadow,Countryside
train_ep_004265,loc__southernmost_tower_entryway__af5a2a89,southernmost tower entryway,Inside Tower
train_ep_004266,loc__central_bazaar__afde3f95,central bazaar,Bazaar
train_ep_004267,loc__castle_farm__90bc7176,castle farm,Farm
train_ep_004268,loc__lower_dungeon_guard_room__f88d3041,lower dungeon guard room,Dungeon
train_ep_004269,loc__cottage_safe_room__ce08f1a3,cottage safe-room,Inside Cottage
train_ep_004270,loc__in_front_of_a_stone_tower__79dd0512,in front of a stone tower,Outside Tower
train_ep_004271,loc__small_church__9543420f,small church,Inside Church
train_ep_004272,loc__cottage_entryway__e5f1139f,cottage entryway,Inside Cottage
train_ep_004273,loc__enormous_church_entrance_door__4425590a,enormous church entrance door,Outside Church
train_ep_004274,loc__castle_maids_room__208d485a,castle maids' room,Inside Castle
train_ep_004275,loc__privy_room__3e3bfa73,privy room,Inside Castle
train_ep_004276,loc__castle_courtyard_bazaar__f18a3852,castle courtyard bazaar,Bazaar
train_ep_004277,loc__unexplored_jungle__ff39ded3,unexplored jungle,Jungle
train_ep_004278,loc__inside_temple__78c8ad2b,inside temple,Inside Temple
train_ep_004279,loc__haunted_swamp__8ecea208,haunted swamp,Swamp
train_ep_004280,loc__turquoise_shore__9c4dff53,turquoise shore,Shore
train_ep_004281,loc__forsaken_castle__e4d7c5af,forsaken castle,Abandoned
train_ep_004282,loc__great_hall__91ce0dd0,great hall,Inside Tower
train_ep_004283,loc__unfinished_mausoleum__d8f26138,unfinished mausoleum,Graveyard
train_ep_004284,loc__abandoned_mine__75691f18,abandoned mine,Abandoned
train_ep_004285,loc__fishmonger_s_stall__b989772f,fishmonger's stall,Port
train_ep_004286,loc__beach__7193529a,beach,Shore
train_ep_004287,loc__bamboo_hut__fe75e1af,bamboo hut,Jungle
train_ep_004288,loc__dungeon__e0dc3209,dungeon,Inside Palace
train_ep_004289,loc__path_in_forest__b615034b,path in forest,Trail
train_ep_004290,loc__prayer_room__b4ab9d1e,prayer room,Inside Temple
train_ep_004291,loc__barn__5dfcc0aa,barn,Farm
train_ep_004292,loc__cemetery__dccbebc2,cemetery,Graveyard
train_ep_004293,loc__meadow__07a42035,meadow,Countryside
train_ep_004294,loc__cave__e386df9e,cave,Mountain
train_ep_004295,loc__altar_room__cbf077bb,altar room,Inside Temple
train_ep_004296,loc__confessional__f24d3972,confessional,Inside Church
train_ep_004297,loc__torture_room__87c0e788,torture room,Dungeon
train_ep_004298,loc__bar__37b51d19,bar,Tavern
train_ep_004299,loc__island__3dbacfd7,island,Lake
train_ep_004300,loc__lighthouse__fad0ce22,lighthouse,Shore
train_ep_004301,loc__watchtower__2275d0f0,watchtower,Outside Tower
train_ep_004302,loc__port_tavern__48d771c2,port tavern,Port
train_ep_004303,loc__prison_room__075cec3e,prison room,Inside Tower
train_ep_004304,loc__dungeon__e0dc3209,dungeon,Inside Castle
train_ep_004305,loc__master_bedroom__ee30383a,master bedroom,Inside Palace
train_ep_004306,loc__outside_temple__4d6f89cb,outside temple,Outside Temple
train_ep_004307,loc__outside_castle__fd9e3171,outside castle,Outside Castle
train_ep_004308,loc__opening_to_the_drawbridge_of_the_castle__7901de11,opening to the drawbridge of the castle,Trail
train_ep_004309,loc__bell_tower__53496f39,bell tower,Inside Church
train_ep_004310,loc__troll_s_bridge__934a7368,troll's bridge,Swamp
train_ep_004311,loc__barn__5dfcc0aa,barn,Farm
train_ep_004312,loc__dungeon_within_a_castle__30c5909c,dungeon within a castle,Dungeon
train_ep_004313,loc__wooded_magical_village__0d0cf6a7,wooded magical village,Forest
train_ep_004314,loc__abandoned_castle_on_an_ocean_cliff_side__2a4a7700,abandoned castle on an ocean cliff side,Abandoned
train_ep_004315,loc__inside_a_desolate_cave__62f3c8b1,inside a desolate cave,Dungeon
train_ep_004316,loc__knights_quarters__d1135fd1,knights quarters,Inside Castle
train_ep_004317,loc__dwarven_city__24e5c23d,dwarven city,Mountain
train_ep_004318,loc__underground_chamber__d71a7d7a,underground chamber,Cave
train_ep_004319,loc__outside_the_church_of_monks__12e0820b,outside the church of monks,Outside Church
train_ep_004320,loc__inside_the_unicorn_palace__56787601,inside the unicorn palace,Inside Palace
train_ep_004321,loc__werewolves_tavern__a0b69047,werewolves tavern,Tavern
train_ep_004322,loc__inside_temple__78c8ad2b,inside temple,Inside Temple
train_ep_004323,loc__witches_cottage__6a123241,witches cottage,Outside Cottage
train_ep_004324,loc__inside_the_fairy_temple__748c1bf3,inside the fairy temple,Inside Temple
train_ep_004325,loc__fairy_forest__c73e62c1,fairy forest,Forest
train_ep_004326,loc__inside_the_fairies_church__7a838b07,inside the fairies church,Inside Church
train_ep_004327,loc__inside_the_king_s_palace__ad1ed203,inside the king's palace,Inside Palace
train_ep_004328,loc__inside_temple__78c8ad2b,inside temple,Inside Temple
train_ep_004329,loc__dining_hall__10c40af2,dining hall,Inside Tower
train_ep_004330,loc__confessional_room__22bf6614,confessional room,Inside Church
train_ep_004331,loc__wizard_s_quarters__e0890c7c,wizard's quarters,Outside Tower
train_ep_004332,loc__castle__9355a9f9,castle,Inside Castle
train_ep_004333,loc__cave__e386df9e,cave,Cave
train_ep_004334,loc__castle__9355a9f9,castle,Inside Castle
train_ep_004335,loc__bazaar__8c5c7284,bazaar,Bazaar
train_ep_004336,loc__tower__79835ea3,tower,Inside Tower
train_ep_004337,loc__tower__79835ea3,tower,Outside Tower
train_ep_004338,loc__bazaar__8c5c7284,bazaar,Bazaar
train_ep_004339,loc__royal_gardens__e410d0fe,royal gardens,Outside Palace
train_ep_004340,loc__docks__d1b1bb99,docks,Port
train_ep_004341,loc__sacred_temple__0ee6dca9,sacred temple,Inside Church
train_ep_004342,loc__cave__e386df9e,cave,Cave
train_ep_004343,loc__lagoon__664a6ce4,lagoon,Lake
train_ep_004344,loc__inside_the_temple__573b0d5f,inside the temple,Inside Temple
train_ep_004345,loc__outside_tower__7dc67c9f,outside tower,Outside Tower
train_ep_004346,loc__jungle__5d991220,jungle,Jungle
train_ep_004347,loc__lake__97d986e2,lake,Lake
train_ep_004348,loc__outside_church__9f23256f,outside church,Outside Church
train_ep_004349,loc__riverbed__acbe6245,riverbed,Forest
train_ep_004350,loc__mud_pit__7a862ed0,mud pit,Jungle
train_ep_004351,loc__military_outpost_at_the_heart_of_the_swamp__0b91dfd0,military outpost at the heart of the swamp,Swamp
train_ep_004352,loc__royal_kitchen__fca4f709,royal kitchen,Inside Palace
train_ep_004353,loc__inside_tower__3d67c0a7,inside tower,Inside Tower
train_ep_004354,loc__abandoned_shack__d3865a64,abandoned shack,Wasteland
train_ep_004355,loc__princess_library__7426d41f,princess' library,Inside Palace
train_ep_004356,loc__yurt__e67b7569,yurt,Desert
train_ep_004357,loc__spice_stall__5ddd9bb4,spice stall,Bazaar
train_ep_004358,loc__treasure_cavern__26b58d7a,treasure cavern,Inside Temple
train_ep_004359,loc__bathroom__67518d64,bathroom,Inside Tower
train_ep_004360,loc__tree_house__493a5d1a,tree house,Jungle
train_ep_004361,loc__main_hall__8f1c5099,main hall,Inside Palace
train_ep_004362,loc__kings_chambers__3b38188f,kings chambers,Inside Palace
train_ep_004363,loc__town_square__4d10acd1,town square,Town
train_ep_004364,loc__living_quarters__26fbc0ca,living quarters,Farm
train_ep_004365,loc__entrance_to_the_pine_trees__857c5da1,entrance to the pine trees,Forest
train_ep_004366,loc__trash_heap__0e440590,trash heap,Wasteland
train_ep_004367,loc__tree_house__493a5d1a,tree house,Jungle
train_ep_004368,loc__large_galleon__0e3d3ca8,large galleon,Port
train_ep_004369,loc__kitchen__09228dac,kitchen,Inside Cottage
train_ep_004370,loc__dark_cave__b9185199,dark cave,Cave
train_ep_004371,loc__top_side_tower_overlooking_view__8b843a89,top side tower overlooking view,Outside Tower
train_ep_004372,loc__black_smiths_shop__5379f4dc,black smiths shop,Town
train_ep_004373,loc__lakeside_house__e89e18cd,lakeside house,Lake
train_ep_004374,loc__armory__f1c6e216,armory,Inside Castle
train_ep_004375,loc__torture_chamber__11dfca19,torture chamber,Dungeon
train_ep_004376,loc__bedroom__cff8b1fe,bedroom,Inside Cottage
train_ep_004377,loc__treasure_room__5acf31fd,treasure room,Inside Castle
train_ep_004378,loc__bat_room__c322be72,bat room,Cave
train_ep_004379,loc__barn__5dfcc0aa,barn,Farm
train_ep_004380,loc__throne_room__f4977c99,throne room,Shore
train_ep_004381,loc__choir_room__35978911,choir room,Inside Church
train_ep_004382,loc__jail_room__4ad818b4,jail room,Inside Tower
train_ep_004383,loc__town_theater__8fa3302e,town theater,Town
train_ep_004384,loc__underground_cavern__2714911b,underground cavern,Cave
train_ep_004385,loc__clergyman_s_office__30ca015e,clergyman's office,Inside Temple
train_ep_004386,loc__castle_kitchen__b00392de,castle kitchen,Inside Palace
train_ep_004387,loc__bedroom__cff8b1fe,bedroom,Inside Cottage
train_ep_004388,loc__gathering_room__2b59ea3f,gathering room,Inside Cottage
train_ep_004389,loc__waterfall__911b1ca4,waterfall,Mountain
train_ep_004390,loc__grand_dancing_hall__7dd99710,grand dancing hall,Inside Palace
train_ep_004391,loc__top_of_a_tall_tree__6c2eb414,top of a tall tree,Jungle
train_ep_004392,loc__murky_water__7482dbbf,murky water,Swamp
train_ep_004393,loc__dining_hall__10c40af2,dining hall,Inside Castle
train_ep_004394,loc__summit__cc8c6287,summit,Mountain
train_ep_004395,loc__secret_oasis__4b7fea6a,secret oasis,Desert
train_ep_004396,loc__scenic_overlook__9ccff5f9,scenic overlook,Trail
train_ep_004397,loc__town__7198cda5,town,Town
train_ep_004398,loc__tombstones_of_the_kings__f98f35ed,tombstones of the kings,Graveyard
train_ep_004399,loc__sanctuary__80452c45,sanctuary,Inside Church
train_ep_004400,loc__rectory__af9459b5,rectory,Inside Church
train_ep_004401,loc__meditation_room__40c0a44e,meditation room,Inside Temple
train_ep_004402,loc__loading_dock__2e35f637,loading dock,Port
train_ep_004403,loc__mountain_peak__924f5a88,mountain peak,Mountain
train_ep_004404,loc__tower_base__11a0e527,tower base,Outside Tower
train_ep_004405,loc__king_s_quarters__b44e1648,king's quarters,Inside Tower
train_ep_004406,loc__oracle_cave__d32dc815,oracle cave,Mountain
train_ep_004407,loc__spiral_staircase__031e4915,spiral staircase,Inside Tower
train_ep_004408,loc__confessional__f24d3972,confessional,Inside Church
train_ep_004409,loc__marketplace__bc5986eb,marketplace,Port
train_ep_004410,loc__beyond_the_wall__adff6e1c,beyond the wall,Outside Castle
train_ep_004411,loc__land_beyond_the_wasteland__0b3b29ad,land beyond the wasteland,Abandoned
train_ep_004412,loc__behind_the_servant_quarters__9413241c,behind the servant quarters,Wasteland
train_ep_004413,loc__inside_the_king_s_castle__afab450e,inside the king's castle,Inside Tower
train_ep_004414,loc__across_the_king_s_garden__82bbf802,across the king's garden,Trail
train_ep_004415,loc__within_the_king_s_mansion__ffdc1072,within the king's mansion,Inside Temple
train_ep_004416,loc__market_center__f92392bc,market center,Tavern
train_ep_004417,loc__chapel__5ee4b863,chapel,Inside Church
train_ep_004418,loc__bar__37b51d19,bar,Tavern
train_ep_004419,loc__battleship__e82a29f3,battleship,Shore
train_ep_004420,loc__banquet_hall__b7ba191c,banquet hall,Inside Castle
train_ep_004421,loc__entrance_to_castle__6ce4a988,entrance to castle,Outside Castle
train_ep_004422,loc__cabin__92faafe2,cabin,Countryside
train_ep_004423,loc__pew__08db7753,pew,Inside Church
train_ep_004424,loc__shop_in_bazaar__bb1b9374,shop in bazaar,Bazaar
train_ep_004425,loc__entrance_to_church__2ba81d25,entrance to church,Outside Church
train_ep_004426,loc__dock__05debdb8,dock,Lake
train_ep_004427,loc__dock_at_the_port__eaf44017,dock at the port,Port
train_ep_004428,loc__witch_s_house__f92034cd,witch's house,Swamp
train_ep_004429,loc__within_the_walls_of_the_city__ccd0198d,within the walls of the city,Inside Tower
train_ep_004430,loc__cottage__144deb32,cottage,Countryside
train_ep_004431,loc__bog__e07cd172,bog,Swamp
train_ep_004432,loc__dining_hall__10c40af2,dining hall,Inside Palace
train_ep_004433,loc__nave__bfe4b52c,nave,Inside Church
train_ep_004434,loc__king_s_quarters__b44e1648,king's quarters,Shore
train_ep_004435,loc__weapon_closet__20098437,weapon closet,Inside Tower
train_ep_004436,loc__princess_chamber__b18da5a3,princess' chamber,Inside Tower
train_ep_004437,loc__inside_church__aab73af9,inside church,Inside Church
train_ep_004438,loc__training_fields__20aac210,training fields,Outside Palace
train_ep_004439,loc__alchemists_lab__d5456245,alchemists lab,Inside Tower
train_ep_004440,loc__nursery__a718a874,nursery,Inside Palace
train_ep_004441,loc__royal_stables__25af2687,royal stables,Outside Castle
train_ep_004442,loc__kitchen__09228dac,kitchen,Tavern
train_ep_004443,loc__boathouse__f1916d48,boathouse,Swamp
train_ep_004444,loc__nave__bfe4b52c,nave,Inside Church
train_ep_004445,loc__tool_shed__5a0c79ce,tool shed,Outside Cottage
train_ep_004446,loc__kitchen__09228dac,kitchen,Inside Cottage
train_ep_004447,loc__brush_den__e1300d94,brush den,Forest
train_ep_004448,loc__library__d521f765,library,Inside Castle
train_ep_004449,loc__dining_hall__10c40af2,dining hall,Inside Castle
train_ep_004450,loc__courtyard__2c2bf458,courtyard,Outside Palace
train_ep_004451,loc__troll_s_lair__218cc09b,troll's lair,Cave
train_ep_004452,loc__barracks__2ce29011,barracks,Outside Castle
train_ep_004453,loc__throne_room__f4977c99,throne room,Inside Tower
train_ep_004454,loc__next_to_an_altar__6252d8d6,next to an altar,Inside Church
train_ep_004455,loc__ball_room__e26306dc,ball room,Inside Palace
train_ep_004456,loc__along_the_banks_of_a_river_in_the_forest__1893d3d3,along the banks of a river in the forest,Forest
train_ep_004457,loc__king_s_bedroom__03fb30e9,king's bedroom,Inside Palace
train_ep_004458,loc__jewelry_stall__2ec13fd4,jewelry stall,Bazaar
train_ep_004459,loc__winter_gardens__e59bb816,winter gardens,Outside Tower
train_ep_004460,loc__servant_s_quarters__2ab37024,servant's quarters,Inside Palace
train_ep_004461,loc__cursed_grave__7f5aabe1,cursed grave,Graveyard
train_ep_004462,loc__foyer__114ad31a,foyer,Inside Palace
train_ep_004463,loc__guard_shack__0ef62152,guard shack,Outside Tower
train_ep_004464,loc__hall_of_the_goddess__7c0819d4,hall of the goddess,Inside Temple
train_ep_004465,loc__throne__253d405e,throne,Inside Palace
train_ep_004466,loc__old_red_barn__d6b0cfd8,old red barn,Farm
train_ep_004467,loc__cactus_field__ce508a05,cactus field,Desert
train_ep_004468,loc__fishing_pier__fd5d48a9,fishing pier,Shore
train_ep_004469,loc__high_priest_chamber__3d59d244,high priest chamber,Inside Church
train_ep_004470,loc__beside_church_pews__8d83bdb7,beside church pews,Inside Church
train_ep_004471,loc__quicksand_pit__591e521d,quicksand pit,Swamp
train_ep_004472,loc__sacrifice_chamber__8aaf85ac,sacrifice chamber,Inside Temple
train_ep_004473,loc__mushroom_hut__8bb7cd75,mushroom hut,Outside Cottage
train_ep_004474,loc__pirate_ship__a3eb0b34,pirate ship,Port
train_ep_004475,loc__beside_tower_entrance__4289dcc4,beside tower entrance,Inside Tower
train_ep_004476,loc__palace_throne__edc54e5f,palace throne,Inside Palace
train_ep_004477,loc__inside_cottage_kitchen__5eaa1ce9,inside cottage kitchen,Inside Cottage
train_ep_004478,loc__palace_kitchen__4dee9bb6,palace kitchen,Inside Palace
train_ep_004479,loc__hillside_manor__b1ec6b5a,hillside manor,Countryside
train_ep_004480,loc__pig_pen__cd6444b3,pig pen,Countryside
train_ep_004481,loc__beside_temple_entrance__b712f707,beside temple entrance,Outside Temple
train_ep_004482,loc__tower_dungeon__3b953217,tower dungeon,Inside Tower
train_ep_004483,loc__beside_church_entrance__2206aedf,beside church entrance,Outside Church
train_ep_004484,loc__castle_armory__c05c8115,castle armory,Inside Castle
train_ep_004485,loc__palace_ballroom__e83afcc3,palace ballroom,Inside Palace
train_ep_004486,loc__church_altar__b46bba3c,church altar,Inside Church
train_ep_004487,loc__tower_sewers__135799e5,tower sewers,Inside Tower
train_ep_004488,loc__towering_mesa__148ef02b,towering mesa,Desert
train_ep_004489,loc__inside_temple_crypt__eb261a98,inside temple crypt,Inside Temple
train_ep_004490,loc__small_hut__78dbc695,small hut,Jungle
train_ep_004491,loc__gold_mine__23a64f00,gold mine,Abandoned
train_ep_004492,loc__stable__f40faf63,stable,Outside Castle
train_ep_004493,loc__room_at_the_top_of_the_tower__bebc68b6,room at the top of the tower,Inside Castle
train_ep_004494,loc__lonely_island__941f1782,lonely island,Abandoned
train_ep_004495,loc__public_execution_stand__ec1c97f7,public execution stand,Bazaar
train_ep_004496,loc__sitting_room__152ab82c,sitting room,Inside Cottage
train_ep_004497,loc__prison_room__075cec3e,prison room,Inside Tower
train_ep_004498,loc__fountain__79de7a61,fountain,Graveyard
train_ep_004499,loc__oasis__335ffbcf,oasis,Desert
train_ep_004500,loc__beach_house__64bd4f8d,beach house,Shore
train_ep_004501,loc__farmer_hill__b21f8161,farmer hill,Outside Cottage
train_ep_004502,loc__stained_glass_room__fe4963f3,stained glass room,Inside Church
train_ep_004503,loc__mars_desert__d8c9aa45,mars desert,Desert
train_ep_004504,loc__clearing__5832a4d8,clearing,Forest
train_ep_004505,loc__hall_of_echoes__55050f7d,hall of echoes,Inside Temple
train_ep_004506,loc__bathing_room__e8175c31,bathing room,Inside Temple
train_ep_004507,loc__mysterious_shop__454073ca,mysterious shop,Bazaar
train_ep_004508,loc__show_room_inside_the_castle__f6ac41dd,show room inside the castle,Inside Castle
train_ep_004509,loc__inside_church_back_row__5cc901b4,inside church back row,Inside Church
train_ep_004510,loc__town_of_anoria__bfbab07a,town of anoria,Town
train_ep_004511,loc__tavern_of_browntavia__0bc98c5d,tavern of browntavia,Tavern
train_ep_004512,loc__enchanted_light_house__0bd68be0,enchanted light house,Shore
train_ep_004513,loc__murder_hole__da3df777,murder hole,Inside Tower
train_ep_004514,loc__dining_hall__10c40af2,dining hall,Inside Tower
train_ep_004515,loc__dungeon__e0dc3209,dungeon,Inside Temple
train_ep_004516,loc__garden__e2704f30,garden,Outside Cottage
train_ep_004517,loc__personal_quarters__5bdf1559,personal quarters,Inside Palace
train_ep_004518,loc__bank__bd5af1f6,bank,Swamp
train_ep_004519,loc__library__d521f765,library,Inside Castle
train_ep_004520,loc__main_entrance__68f3df62,main entrance,Outside Temple
train_ep_004521,loc__study_room__5698bd87,study room,Inside Church
train_ep_004522,loc__storage_room__ab9f0184,storage room,Dungeon
train_ep_004523,loc__ruined_house__b253dd25,ruined house,Abandoned
train_ep_004524,loc__reception_area__9f5fd34c,reception area,Graveyard
train_ep_004525,loc__garden__e2704f30,garden,Outside Palace
train_ep_004526,loc__weapon_room__a7162ba9,weapon room,Inside Temple
train_ep_004527,loc__entrance__2a20afe0,entrance,Cave
train_ep_004528,loc__armory__f1c6e216,armory,Inside Castle
train_ep_004529,loc__stable__f40faf63,stable,Farm
train_ep_004530,loc__storage_room__ab9f0184,storage room,Tavern
train_ep_004531,loc__clearing__5832a4d8,clearing,Jungle
train_ep_004532,loc__nave__bfe4b52c,nave,Inside Church
train_ep_004533,loc__stable__f40faf63,stable,Outside Palace
train_ep_004534,loc__courtyard__2c2bf458,courtyard,Outside Palace
train_ep_004535,loc__main_hallway__840c1503,main hallway,Inside Palace
train_ep_004536,loc__hidden_passageway__d7cdebb5,hidden passageway,Inside Temple
train_ep_004537,loc__grand_ballroom__52b4001e,grand ballroom,Inside Castle
train_ep_004538,loc__old_crypt__9f170f50,old crypt,Graveyard
train_ep_004539,loc__castle_kitchen__b00392de,castle kitchen,Inside Castle
train_ep_004540,loc__weathered_shack__8c23b906,weathered shack,Abandoned
train_ep_004541,loc__debtor_s_prison__ea99977f,debtor's prison,Inside Tower
train_ep_004542,loc__temple_entrance__71ae50b0,temple entrance,Outside Temple
train_ep_004543,loc__staircase__7dbf02f9,staircase,Inside Tower
train_ep_004544,loc__popes_dormitory__ddb11751,popes dormitory,Inside Church
train_ep_004545,loc__grand_dining_room__8cb359cc,grand dining room,Inside Palace
train_ep_004546,loc__brim_canal__7a498e16,brim canal,Lake
train_ep_004547,loc__maidens_cottage__ce8fe6f9,maidens cottage,Countryside
train_ep_004548,loc__horse_s_stables__0cd4df4c,horse's stables,Outside Cottage
train_ep_004549,loc__horse_field__eeae819a,horse field,Countryside
train_ep_004550,loc__prisoner_s_cell__bf78e6a1,prisoner's cell,Dungeon
train_ep_004551,loc__artillery_room__9af01c49,artillery room,Inside Tower
train_ep_004552,loc__queen_s_quarters__22b70e95,queen's quarters,Inside Palace
train_ep_004553,loc__cemetery__dccbebc2,cemetery,Wasteland
train_ep_004554,loc__archery_zone__fdb7c330,archery zone,Outside Castle
train_ep_004555,loc__knight_s_hunting_ground__09b79c95,knight's hunting ground,Trail
train_ep_004556,loc__king_s_chambers__e3e597fe,king's chambers,Inside Palace
train_ep_004557,loc__master_bedroom__ee30383a,master bedroom,Inside Castle
train_ep_004558,loc__outpost__9e81fdfb,outpost,Mountain
train_ep_004559,loc__ritual_room__4574deb8,ritual room,Inside Temple
train_ep_004560,loc__front_of_the_cottage__908b24e7,front of the cottage,Outside Cottage
train_ep_004561,loc__village_at_the_base_of_the_mountain__47dbe2ea,village at the base of the mountain,Mountain
train_ep_004562,loc__armory__f1c6e216,armory,Inside Tower
train_ep_004563,loc__bandit_lair__90d428ee,bandit lair,Cave
train_ep_004564,loc__ruin_of_a_house__62eef8f7,ruin of a house,Wasteland
train_ep_004565,loc__tent__7b65dcf0,tent,Desert
train_ep_004566,loc__inside_the_temple__573b0d5f,inside the temple,Inside Temple
train_ep_004567,loc__boat_house__62b9e6c4,boat house,Port
train_ep_004568,loc__kings_bedroom__64489025,kings bedroom,Inside Castle
train_ep_004569,loc__stream__f7b44cfa,stream,Forest
train_ep_004570,loc__forest__f379cfd7,forest,Countryside
train_ep_004571,loc__lush_meadow_in_the_country_side__d9fa9500,lush meadow in the country side,Countryside
train_ep_004572,loc__small_town_located_in_the_hills__d4698af1,small town located in the hills,Town
train_ep_004573,loc__kings_bed_room__b1f6b2b3,kings bed room,Inside Castle
train_ep_004574,loc__front_row__ec5571ef,front row,Inside Church
train_ep_004575,loc__town_in_the_desert__fff2a6b4,town in the desert,Wasteland
train_ep_004576,loc__primary_cave__755e8817,primary cave,Cave
train_ep_004577,loc__ferry_terminal__e6bf99dd,ferry terminal,Port
train_ep_004578,loc__bed_chambers__67892844,bed chambers,Inside Palace
train_ep_004579,loc__modest_living_area__fe2770f1,modest living area,Inside Cottage
train_ep_004580,loc__temple_foyer__c0b5e90a,temple foyer,Inside Temple
train_ep_004581,loc__desert_tent__a1a041ce,desert tent,Wasteland
train_ep_004582,loc__northern_shore__e8588ae1,northern shore,Lake
train_ep_004583,loc__old_gnaisha_s__d05194f9,old gnaisha's,Bazaar
train_ep_004584,loc__great_armory__8a3248e6,great armory,Inside Castle
train_ep_004585,loc__paladins_memorial_chapel__3b8a3ef4,paladins' memorial chapel,Inside Church
train_ep_004586,loc__shrine_of_sretniy__c5cdca48,shrine of sretniy,Inside Temple
train_ep_004588,loc__desert_land__d9285c9c,desert land,Desert
train_ep_004589,loc__horse_stables__3ab0f4c8,horse stables,Outside Castle
train_ep_004590,loc__tower_kitchen__9b8a3da9,tower kitchen,Inside Tower
train_ep_004591,loc__launching_point__8c178e87,launching point,Lake
train_ep_004592,loc__abandoned_workers_shed__0002433d,abandoned workers shed,Graveyard
train_ep_004593,loc__chicken_pen__1c50c5ac,chicken pen,Countryside
train_ep_004594,loc__stable_hand_s_quarters__74578d25,stable hand's quarters,Outside Castle
train_ep_004595,loc__middle_of_the_bazaar__54f18754,middle of the bazaar,Bazaar
train_ep_004596,loc__corn_field__018a2ccf,corn field,Farm
train_ep_004597,loc__main_house__39d59a9f,main house,Farm
train_ep_004598,loc__sacristy__3f4aff85,sacristy,Inside Church
train_ep_004599,loc__old_queen_farm__057da97d,old queen farm,Wasteland
train_ep_004600,loc__fish_market__4e56b4a3,fish market,Port
train_ep_004601,loc__castle_exit__5b525e0e,castle exit,Inside Castle
train_ep_004602,loc__cavern_dwelling__44fe0d79,cavern dwelling,Desert
train_ep_004603,loc__reagent_room__559ae958,reagent room,Outside Tower
train_ep_004604,loc__washroom__050b06a4,washroom,Inside Castle
train_ep_004605,loc__fishing_dock__fbf73e36,fishing dock,Lake
train_ep_004606,loc__balcony__d85f7317,balcony,Inside Palace
train_ep_004607,loc__sheriff_office__d4dae028,sheriff office,Farm
train_ep_004608,loc__apothecary__e264c143,apothecary,Town
train_ep_004609,loc__flower_field__f936e92b,flower field,Countryside
train_ep_004610,loc__large_cliffs__f86c4fa5,large cliffs,Shore
train_ep_004611,loc__port_skyline__0254ced0,port skyline,Port
train_ep_004612,loc__main_prayer_room__ec7e9b7f,main prayer room,Inside Temple
train_ep_004613,loc__haunted_orchard__7434c930,haunted orchard,Farm
train_ep_004614,loc__chamber_entrance__0228ee72,chamber entrance,Inside Church
train_ep_004615,loc__main_castle_doors__e1f39f3b,main castle doors,Outside Palace
train_ep_004616,loc__church_garden__56a741fe,church garden,Outside Church
train_ep_004617,loc__dining_hall__10c40af2,dining hall,Inside Castle
train_ep_004618,loc__mess_hall__df491ab7,mess hall,Inside Temple
train_ep_004619,loc__dead_tree__ae78e2fc,dead tree,Graveyard
train_ep_004620,loc__gallery__2767cc3e,gallery,Cave
train_ep_004621,loc__crew_berthing__255a7e79,crew berthing,Port
train_ep_004622,loc__landing_in_the_foyer__0712bd55,landing in the foyer,Inside Palace
train_ep_004623,loc__wharf__ef602779,wharf,Port
train_ep_004624,loc__valley_of_doom__2f415a0f,valley of doom,Countryside
train_ep_004625,loc__woodlands__f4b4342e,woodlands,Forest
train_ep_004626,loc__drinking_water_lake__072d7988,drinking water lake,Lake
train_ep_004627,loc__quay__a4499c24,quay,Port
train_ep_004628,loc__warehouses__54495979,warehouses,Port
train_ep_004629,loc__bottlery__3ad26146,bottlery,Inside Castle
train_ep_004630,loc__fitting_room__c555a43b,fitting room,Bazaar
train_ep_004631,loc__arrow_house__9d554350,arrow house,Outside Castle
train_ep_004632,loc__cold_storage_room__726f76a2,cold storage room,Outside Cottage
train_ep_004633,loc__forest_entrance__4bcda148,forest entrance,Forest
train_ep_004634,loc__fishing_store__b061f606,fishing store,Port
train_ep_004635,loc__slave_quarters__8a6d9f60,slave quarters,Inside Tower
train_ep_004636,loc__dunes__8a48dcda,dunes,Desert
train_ep_004637,loc__royal_bathroom__f7f11309,royal bathroom,Inside Castle
train_ep_004638,loc__stilt_home__612941a3,stilt home,Farm
train_ep_004639,loc__forbidden_forest__b96ae0b4,forbidden forest,Forest
train_ep_004640,loc__underground_river__dde09e89,underground river,Cave
train_ep_004641,loc__temple_main_room__cc3e74e5,temple main room,Outside Temple
train_ep_004642,loc__arch_hall__0fcc7e9c,arch hall,Inside Castle
train_ep_004643,loc__back_of_the_stall__4b715f67,back of the stall,Bazaar
train_ep_004644,loc__woods__b7bfb949,woods,Forest
train_ep_004645,loc__countryside__9cff47d1,countryside,Countryside
train_ep_004646,loc__saokra_s_blacksmith_shop__e5c9291c,saokra's blacksmith shop,Town
train_ep_004647,loc__prisoners_cells__61cb1ba6,prisoners cells,Dungeon
train_ep_004648,loc__mesa_peak__ec3e4014,mesa peak,Mountain
train_ep_004649,loc__temple_chamber__417585e8,temple chamber,Inside Temple
train_ep_004650,loc__main_foyer__ed99a45c,main foyer,Inside Castle
train_ep_004651,loc__winding_staircase__ec3107f8,winding staircase,Outside Tower
train_ep_004652,loc__town_center__f942e8bf,town center,Town
train_ep_004653,loc__hidden_revolutionaries_headquarters__536080d4,hidden revolutionaries' headquarters,Inside Palace
train_ep_004654,loc__south_forest__a051e03c,south forest,Forest
train_ep_004655,loc__garden__e2704f30,garden,Outside Palace
train_ep_004656,loc__horse_tent__858443dc,horse tent,Farm
train_ep_004657,loc__hay_field__0bbfde04,hay field,Outside Cottage
train_ep_004658,loc__castle_front__1f50ceb7,castle front,Inside Palace
train_ep_004659,loc__guards_quarters__94702054,guards quarters,Inside Tower
train_ep_004660,loc__general_store__53a8fbb0,general store,Town
train_ep_004661,loc__palace_garden__46ae3845,palace garden,Outside Palace
train_ep_004662,loc__beside_the_town_church__0b0b1726,beside the town church,Outside Church
train_ep_004663,loc__main_gate__d66ce966,main gate,Countryside
train_ep_004664,loc__bazaar_outside_the_royal_city__3f48a35a,bazaar outside the royal city,Bazaar
train_ep_004665,loc__throne_room__f4977c99,throne room,Inside Palace
train_ep_004666,loc__gold_room__42a3e93d,gold room,Inside Tower
train_ep_004667,loc__supply_store__9776432b,supply store,Port
train_ep_004668,loc__outside_of_the_temple_offices__dd9f1ee7,outside of the temple offices,Outside Temple
train_ep_004669,loc__cactus_field_entrance__cba07803,cactus field entrance,Desert
train_ep_004670,loc__temple_chamber__417585e8,temple chamber,Inside Temple
train_ep_004671,loc__disposal_area__72d310fd,disposal area,Inside Castle
train_ep_004672,loc__town_center__f942e8bf,town center,Town
train_ep_004673,loc__village_of_tamerak__7e6c027e,village of tamerak,Port
train_ep_004674,loc__castle_kitchen__b00392de,castle kitchen,Inside Castle
train_ep_004675,loc__personal_rooms__f7ec06d2,personal rooms,Inside Palace
train_ep_004676,loc__mansion_entrance__5c32e57d,mansion entrance,Inside Cottage
train_ep_004677,loc__curved_hallway__638b964b,curved hallway,Inside Tower
train_ep_004678,loc__city_of_elders__fa058cbe,city of elders,Town
train_ep_004679,loc__hidden_garden__f2140155,hidden garden,Outside Palace
train_ep_004680,loc__ghost_trail__7855adca,ghost trail,Trail
train_ep_004681,loc__spring_bath__6aa6bed3,spring bath,Outside Temple
train_ep_004682,loc__brimswood_pub__2b57d3a7,brimswood pub,Tavern
train_ep_004683,loc__main_chapel__05b43d90,main chapel,Inside Church
train_ep_004684,loc__lavoratory__9cb21908,lavoratory,Inside Castle
train_ep_004685,loc__nearby_road__b720e559,nearby road,Countryside
train_ep_004686,loc__tub__271721b2,tub,Inside Tower
train_ep_004687,loc__arsenal__1c5442c0,arsenal,Inside Tower
train_ep_004688,loc__torture_equipment_storage_room__8c501a45,torture equipment storage room,Dungeon
train_ep_004689,loc__farmer_s_house__742677bc,farmer's house,Farm
train_ep_004690,loc__town_courtroom__ffe576a1,town courtroom,Town
train_ep_004691,loc__castle_foothills__40ba7cae,castle foothills,Outside Tower
train_ep_004692,loc__tower_spire__a8295baa,tower spire,Inside Tower
train_ep_004693,loc__saloon__453c44d3,saloon,Tavern
train_ep_004694,loc__basement__48719d32,basement,Inside Castle
train_ep_004695,loc__trail_exit__e1ead7cf,trail exit,Trail
train_ep_004696,loc__bazaar__8c5c7284,bazaar,Bazaar
train_ep_004697,loc__along_the_pews__731918a2,along the pews,Inside Church
train_ep_004698,loc__gate_to_street__63c54887,gate to street,Outside Church
train_ep_004699,loc__temple_hallway__fc747e35,temple hallway,Inside Temple
train_ep_004700,loc__chicken_coop__6afcba65,chicken coop,Farm
train_ep_004701,loc__pier_walkway__6cc5e473,pier walkway,Shore
train_ep_004702,loc__table_area__8fcbc5c5,table area,Tavern
train_ep_004703,loc__attic__0535c94e,attic,Inside Church
train_ep_004704,loc__hidden_passage__6bec6a12,hidden passage,Inside Church
train_ep_004705,loc__courtyard_exterior__9602be9c,courtyard exterior,Outside Palace
train_ep_004706,loc__old_docks__ed431416,old docks,Shore
train_ep_004707,loc__room_hidden_in_the_dense_canopy__eb412c40,room hidden in the dense canopy,Forest
train_ep_004708,loc__small_clearing__18adfedc,small clearing,Mountain
train_ep_004709,loc__weapons_storage_room__e2250d82,weapons storage room,Outside Castle
train_ep_004710,loc__kitchens__dfd09a86,kitchens,Inside Castle
train_ep_004711,loc__battlements__65ce509a,battlements,Outside Castle
train_ep_004712,loc__blacksmith__c2428781,blacksmith,Bazaar
train_ep_004713,loc__sewer_entrance__f153eab9,sewer entrance,Inside Tower
train_ep_004714,loc__castle_courtyard_bazaar__f18a3852,castle courtyard bazaar,Bazaar
train_ep_004715,loc__hilltop_temple_grounds__9a75117c,hilltop temple grounds,Outside Temple
train_ep_004716,loc__castle_maids_room__208d485a,castle maids' room,Inside Castle
train_ep_004717,loc__privy_room__3e3bfa73,privy room,Inside Castle
train_ep_004718,loc__unexplored_jungle__ff39ded3,unexplored jungle,Jungle
train_ep_004719,loc__inside_temple__78c8ad2b,inside temple,Inside Temple
train_ep_004720,loc__haunted_swamp__8ecea208,haunted swamp,Swamp
train_ep_004721,loc__forsaken_castle__e4d7c5af,forsaken castle,Abandoned
train_ep_004722,loc__great_hall__91ce0dd0,great hall,Inside Tower
train_ep_004723,loc__abandoned_mine__75691f18,abandoned mine,Mountain
train_ep_004724,loc__unfinished_mausoleum__d8f26138,unfinished mausoleum,Graveyard
train_ep_004725,loc__fishmonger_s_stall__b989772f,fishmonger's stall,Port
train_ep_004726,loc__beach__7193529a,beach,Shore
train_ep_004727,loc__abandoned_mine__75691f18,abandoned mine,Abandoned
train_ep_004728,loc__dungeon__e0dc3209,dungeon,Inside Palace
train_ep_004729,loc__path_in_forest__b615034b,path in forest,Trail
train_ep_004730,loc__prayer_room__b4ab9d1e,prayer room,Inside Temple
train_ep_004731,loc__cemetery__dccbebc2,cemetery,Graveyard
train_ep_004732,loc__hilltop_temple_grounds__9a75117c,hilltop temple grounds,Outside Temple
train_ep_004733,loc__hilltop_temple_grounds__9a75117c,hilltop temple grounds,Outside Temple
train_ep_004734,loc__tool_shed__5a0c79ce,tool shed,Outside Cottage
train_ep_004735,loc__kitchen__09228dac,kitchen,Tavern
train_ep_004736,loc__boathouse__f1916d48,boathouse,Swamp
train_ep_004737,loc__nave__bfe4b52c,nave,Inside Church
train_ep_004738,loc__kitchen__09228dac,kitchen,Inside Cottage
train_ep_004739,loc__courtyard__2c2bf458,courtyard,Outside Palace
train_ep_004740,loc__troll_s_lair__218cc09b,troll's lair,Cave
train_ep_004741,loc__throne_room__f4977c99,throne room,Inside Tower
train_ep_004742,loc__brush_den__e1300d94,brush den,Forest
train_ep_004743,loc__kitchen__09228dac,kitchen,Tavern
train_ep_004744,loc__boathouse__f1916d48,boathouse,Swamp
train_ep_004745,loc__nave__bfe4b52c,nave,Inside Church
train_ep_004746,loc__kitchen__09228dac,kitchen,Inside Cottage
train_ep_004747,loc__tool_shed__5a0c79ce,tool shed,Outside Cottage
train_ep_004748,loc__library__d521f765,library,Inside Castle
train_ep_004749,loc__courtyard__2c2bf458,courtyard,Outside Palace
train_ep_004750,loc__dining_hall__10c40af2,dining hall,Inside Castle
train_ep_004751,loc__troll_s_lair__218cc09b,troll's lair,Cave
train_ep_004752,loc__barracks__2ce29011,barracks,Outside Castle
train_ep_004753,loc__throne_room__f4977c99,throne room,Inside Tower
train_ep_004754,loc__next_to_an_altar__6252d8d6,next to an altar,Inside Church
train_ep_004755,loc__along_the_banks_of_a_river_in_the_forest__1893d3d3,along the banks of a river in the forest,Forest
train_ep_004756,loc__king_s_bedroom__03fb30e9,king's bedroom,Inside Palace
train_ep_004757,loc__winter_gardens__e59bb816,winter gardens,Outside Tower
train_ep_004758,loc__jewelry_stall__2ec13fd4,jewelry stall,Bazaar
train_ep_004759,loc__servant_s_quarters__2ab37024,servant's quarters,Inside Palace
train_ep_004760,loc__cursed_grave__7f5aabe1,cursed grave,Graveyard
train_ep_004761,loc__foyer__114ad31a,foyer,Inside Palace
train_ep_004762,loc__guard_shack__0ef62152,guard shack,Outside Tower
train_ep_004763,loc__hall_of_the_goddess__7c0819d4,hall of the goddess,Inside Temple
train_ep_004764,loc__old_red_barn__d6b0cfd8,old red barn,Farm
train_ep_004765,loc__desert_cavern__9287fea8,desert cavern,Desert
train_ep_004766,loc__cactus_field__ce508a05,cactus field,Desert
train_ep_004767,loc__high_priest_chamber__3d59d244,high priest chamber,Inside Church
train_ep_004768,loc__beside_church_pews__8d83bdb7,beside church pews,Inside Church
train_ep_004769,loc__quicksand_pit__591e521d,quicksand pit,Swamp
train_ep_004770,loc__sacrifice_chamber__8aaf85ac,sacrifice chamber,Inside Temple
train_ep_004771,loc__beach_house__64bd4f8d,beach house,Shore
train_ep_004772,loc__pirate_ship__a3eb0b34,pirate ship,Port
train_ep_004773,loc__mushroom_hut__8bb7cd75,mushroom hut,Outside Cottage
train_ep_004774,loc__beside_tower_entrance__4289dcc4,beside tower entrance,Inside Tower
train_ep_004775,loc__inside_cottage_kitchen__5eaa1ce9,inside cottage kitchen,Inside Cottage
train_ep_004776,loc__hillside_manor__b1ec6b5a,hillside manor,Countryside
train_ep_004777,loc__pig_pen__cd6444b3,pig pen,Countryside
train_ep_004778,loc__beside_temple_entrance__b712f707,beside temple entrance,Outside Temple
train_ep_004779,loc__tower_dungeon__3b953217,tower dungeon,Inside Tower
train_ep_004780,loc__beside_church_entrance__2206aedf,beside church entrance,Outside Church
train_ep_004781,loc__castle_armory__c05c8115,castle armory,Inside Castle
train_ep_004782,loc__hillside_mansion__369afa4b,hillside mansion,Countryside
train_ep_004783,loc__palace_ballroom__e83afcc3,palace ballroom,Inside Palace
train_ep_004784,loc__church_altar__b46bba3c,church altar,Inside Church
train_ep_004785,loc__tower_sewers__135799e5,tower sewers,Inside Tower
train_ep_004786,loc__towering_mesa__148ef02b,towering mesa,Desert
train_ep_004787,loc__inside_temple_crypt__eb261a98,inside temple crypt,Inside Temple
train_ep_004788,loc__small_hut__78dbc695,small hut,Jungle
train_ep_004789,loc__gold_mine__23a64f00,gold mine,Abandoned
train_ep_004790,loc__stable__f40faf63,stable,Outside Castle
train_ep_004791,loc__room_at_the_top_of_the_tower__bebc68b6,room at the top of the tower,Inside Castle
train_ep_004792,loc__lonely_island__941f1782,lonely island,Abandoned
train_ep_004793,loc__public_execution_stand__ec1c97f7,public execution stand,Bazaar
train_ep_004794,loc__sitting_room__152ab82c,sitting room,Inside Cottage
train_ep_004795,loc__whipping_station__cd58acd7,whipping station,Outside Church
train_ep_004796,loc__bedding_room__8584585f,bedding room,Inside Palace
train_ep_004797,loc__fountain__79de7a61,fountain,Graveyard
train_ep_004798,loc__oasis__335ffbcf,oasis,Desert
train_ep_004799,loc__beach_house__64bd4f8d,beach house,Shore
train_ep_004800,loc__stained_glass_room__fe4963f3,stained glass room,Inside Church
train_ep_004801,loc__farmer_hill__b21f8161,farmer hill,Outside Cottage
train_ep_004802,loc__mars_desert__d8c9aa45,mars desert,Desert
train_ep_004803,loc__clearing__5832a4d8,clearing,Forest
train_ep_004804,loc__hall_of_echoes__55050f7d,hall of echoes,Inside Temple
train_ep_004805,loc__bathing_room__e8175c31,bathing room,Inside Temple
train_ep_004806,loc__show_room_inside_the_castle__f6ac41dd,show room inside the castle,Inside Castle
train_ep_004807,loc__inside_church_back_row__5cc901b4,inside church back row,Inside Church
train_ep_004808,loc__mysterious_shop__454073ca,mysterious shop,Bazaar
train_ep_004809,loc__town_of_anoria__bfbab07a,town of anoria,Town
train_ep_004810,loc__bone_pit__bec80d68,bone pit,Outside Temple
train_ep_004811,loc__enchanted_light_house__0bd68be0,enchanted light house,Shore
train_ep_004812,loc__sacrificial_altar__0974214f,sacrificial altar,Inside Temple
train_ep_004813,loc__murder_hole__da3df777,murder hole,Inside Tower
train_ep_004814,loc__dungeon__e0dc3209,dungeon,Inside Temple
train_ep_004815,loc__garden__e2704f30,garden,Outside Cottage
train_ep_004816,loc__personal_quarters__5bdf1559,personal quarters,Inside Palace
train_ep_004817,loc__dining_hall__10c40af2,dining hall,Inside Tower
train_ep_004818,loc__bank__bd5af1f6,bank,Swamp
train_ep_004819,loc__library__d521f765,library,Inside Castle
train_ep_004820,loc__main_entrance__68f3df62,main entrance,Outside Temple
train_ep_004821,loc__storage_room__ab9f0184,storage room,Dungeon
train_ep_004822,loc__study_room__5698bd87,study room,Inside Church
train_ep_004823,loc__ruined_house__b253dd25,ruined house,Abandoned
train_ep_004824,loc__pond__d873154f,pond,Forest
train_ep_004825,loc__garden__e2704f30,garden,Outside Palace
train_ep_004826,loc__dock__05debdb8,dock,Port
train_ep_004827,loc__weapon_room__a7162ba9,weapon room,Inside Temple
train_ep_004828,loc__small_graveyard__d12232a8,small graveyard,Outside Cottage
train_ep_004829,loc__entrance__2a20afe0,entrance,Cave
train_ep_004830,loc__armory__f1c6e216,armory,Inside Castle
train_ep_004831,loc__stable__f40faf63,stable,Farm
train_ep_004832,loc__storage_room__ab9f0184,storage room,Tavern
train_ep_004833,loc__clearing__5832a4d8,clearing,Jungle
train_ep_004834,loc__nave__bfe4b52c,nave,Inside Church
train_ep_004835,loc__graveyard__7b3ab674,graveyard,Outside Church
train_ep_004836,loc__stable__f40faf63,stable,Outside Palace
train_ep_004837,loc__courtyard__2c2bf458,courtyard,Outside Palace
train_ep_004838,loc__torture_room__87c0e788,torture room,Dungeon
train_ep_004839,loc__main_hallway__840c1503,main hallway,Inside Palace
train_ep_004840,loc__hidden_passageway__d7cdebb5,hidden passageway,Inside Temple
train_ep_004841,loc__town_square__4d10acd1,town square,Town
train_ep_004842,loc__grand_ballroom__52b4001e,grand ballroom,Inside Castle
train_ep_004843,loc__old_crypt__9f170f50,old crypt,Graveyard
train_ep_004844,loc__weathered_shack__8c23b906,weathered shack,Abandoned
train_ep_004845,loc__castle_kitchen__b00392de,castle kitchen,Inside Castle
train_ep_004846,loc__debtor_s_prison__ea99977f,debtor's prison,Inside Tower
train_ep_004847,loc__staircase__7dbf02f9,staircase,Inside Tower
train_ep_004848,loc__temple_entrance__71ae50b0,temple entrance,Outside Temple
train_ep_004849,loc__tree_of_spirits__e757fcef,tree of spirits,Trail
train_ep_004850,loc__royal_tomb__1b57a10e,royal tomb,Inside Temple
train_ep_004851,loc__popes_dormitory__ddb11751,popes dormitory,Inside Church
train_ep_004852,loc__grand_dining_room__8cb359cc,grand dining room,Inside Palace
train_ep_004853,loc__brim_canal__7a498e16,brim canal,Lake
train_ep_004854,loc__maidens_cottage__ce8fe6f9,maidens cottage,Countryside
train_ep_004855,loc__horse_s_stables__0cd4df4c,horse's stables,Outside Cottage
train_ep_004856,loc__horse_field__eeae819a,horse field,Countryside
train_ep_004857,loc__hunting_grounds__6ac15b3d,hunting grounds,Trail
train_ep_004858,loc__prisoner_s_cell__bf78e6a1,prisoner's cell,Dungeon
train_ep_004859,loc__queen_s_quarters__22b70e95,queen's quarters,Inside Palace
train_ep_004860,loc__cemetery__dccbebc2,cemetery,Wasteland
train_ep_004861,loc__artillery_room__9af01c49,artillery room,Inside Tower
train_ep_004862,loc__archery_zone__fdb7c330,archery zone,Outside Castle
train_ep_004863,loc__knight_s_hunting_ground__09b79c95,knight's hunting ground,Trail
train_ep_004864,loc__priest_s_chambers__1ebce5c5,priest's chambers,Inside Temple
train_ep_004865,loc__kitchen__09228dac,kitchen,Inside Castle
train_ep_004866,loc__king_s_chambers__e3e597fe,king's chambers,Inside Palace
train_ep_004867,loc__master_bedroom__ee30383a,master bedroom,Inside Castle
train_ep_004868,loc__inside_the_temple__573b0d5f,inside the temple,Inside Temple
train_ep_004869,loc__outpost__9e81fdfb,outpost,Mountain
train_ep_004870,loc__royal_shipyard__fc976e6e,royal shipyard,Port
train_ep_004871,loc__ritual_room__4574deb8,ritual room,Inside Temple
train_ep_004872,loc__front_of_the_cottage__908b24e7,front of the cottage,Outside Cottage
train_ep_004873,loc__armory__f1c6e216,armory,Inside Tower
train_ep_004874,loc__confession_box__fb7e21f1,confession box,Inside Church
train_ep_004875,loc__bandit_lair__90d428ee,bandit lair,Cave
train_ep_004876,loc__ruin_of_a_house__62eef8f7,ruin of a house,Wasteland
train_ep_004877,loc__tent__7b65dcf0,tent,Desert
train_ep_004878,loc__boat_house__62b9e6c4,boat house,Port
train_ep_004879,loc__kings_bedroom__64489025,kings bedroom,Inside Castle
train_ep_004880,loc__stream__f7b44cfa,stream,Forest
train_ep_004881,loc__forest__f379cfd7,forest,Countryside
train_ep_004882,loc__lush_meadow_in_the_country_side__d9fa9500,lush meadow in the country side,Countryside
train_ep_004883,loc__small_town_located_in_the_hills__d4698af1,small town located in the hills,Town
train_ep_004884,loc__kings_bed_room__b1f6b2b3,kings bed room,Inside Castle
train_ep_004885,loc__front_row__ec5571ef,front row,Inside Church
train_ep_004886,loc__town_in_the_desert__fff2a6b4,town in the desert,Wasteland
train_ep_004887,loc__primary_cave__755e8817,primary cave,Cave
train_ep_004888,loc__chapel_of_the_eight__e35d875d,chapel of the eight,Inside Castle
train_ep_004889,loc__ferry_terminal__e6bf99dd,ferry terminal,Port
train_ep_004890,loc__bed_chambers__67892844,bed chambers,Inside Palace
train_ep_004891,loc__modest_living_area__fe2770f1,modest living area,Inside Cottage
train_ep_004892,loc__temple_foyer__c0b5e90a,temple foyer,Inside Temple
train_ep_004893,loc__front_altar__819cc2dd,front altar,Inside Temple
train_ep_004894,loc__desert_tent__a1a041ce,desert tent,Wasteland
train_ep_004895,loc__northern_shore__e8588ae1,northern shore,Lake
train_ep_004896,loc__grassy_plains__ecb71cc6,grassy plains,Trail
train_ep_004897,loc__old_gnaisha_s__d05194f9,old gnaisha's,Bazaar
train_ep_004898,loc__great_armory__8a3248e6,great armory,Inside Castle
train_ep_004899,loc__dancing_stoat__a6b60c83,dancing stoat,Town
train_ep_004900,loc__paladins_memorial_chapel__3b8a3ef4,paladins' memorial chapel,Inside Church
train_ep_004901,loc__shrine_of_sretniy__c5cdca48,shrine of sretniy,Inside Temple
train_ep_004902,loc__banquet_hall__b7ba191c,banquet hall,Inside Castle
train_ep_004904,loc__desert_land__d9285c9c,desert land,Desert
train_ep_004905,loc__pond__d873154f,pond,Wasteland
train_ep_004906,loc__fishing_shack__be027604,fishing shack,Lake
train_ep_004907,loc__horse_stables__3ab0f4c8,horse stables,Outside Castle
train_ep_004908,loc__castle_basement__ef824ba7,castle basement,Inside Castle
train_ep_004909,loc__tower_kitchen__9b8a3da9,tower kitchen,Inside Tower
train_ep_004910,loc__abandoned_workers_shed__0002433d,abandoned workers shed,Graveyard
train_ep_004911,loc__chicken_pen__1c50c5ac,chicken pen,Countryside
train_ep_004912,loc__stable_hand_s_quarters__74578d25,stable hand's quarters,Outside Castle
train_ep_004913,loc__middle_of_the_bazaar__54f18754,middle of the bazaar,Bazaar
train_ep_004914,loc__launching_point__8c178e87,launching point,Lake
train_ep_004915,loc__corn_field__018a2ccf,corn field,Farm
train_ep_004916,loc__temple__44fdfd6b,temple,Inside Temple
train_ep_004917,loc__main_house__39d59a9f,main house,Farm
train_ep_004918,loc__sacristy__3f4aff85,sacristy,Inside Church
train_ep_004919,loc__old_queen_farm__057da97d,old queen farm,Wasteland
train_ep_004920,loc__fish_market__4e56b4a3,fish market,Port
train_ep_004921,loc__castle_exit__5b525e0e,castle exit,Inside Castle
train_ep_004922,loc__cavern_dwelling__44fe0d79,cavern dwelling,Desert
train_ep_004923,loc__reagent_room__559ae958,reagent room,Outside Tower
train_ep_004924,loc__washroom__050b06a4,washroom,Inside Castle
train_ep_004925,loc__fishing_dock__fbf73e36,fishing dock,Lake
train_ep_004926,loc__sheriff_office__d4dae028,sheriff office,Farm
train_ep_004927,loc__balcony__d85f7317,balcony,Inside Palace
train_ep_004928,loc__church_garden__56a741fe,church garden,Outside Church
train_ep_004929,loc__flower_field__f936e92b,flower field,Countryside
train_ep_004930,loc__large_cliffs__f86c4fa5,large cliffs,Shore
train_ep_004931,loc__port_skyline__0254ced0,port skyline,Port
train_ep_004932,loc__main_prayer_room__ec7e9b7f,main prayer room,Inside Temple
train_ep_004933,loc__haunted_orchard__7434c930,haunted orchard,Farm
train_ep_004934,loc__apothecary__e264c143,apothecary,Town
train_ep_004935,loc__chamber_entrance__0228ee72,chamber entrance,Inside Church
train_ep_004936,loc__main_castle_doors__e1f39f3b,main castle doors,Outside Palace
train_ep_004937,loc__church_garden__56a741fe,church garden,Outside Church
train_ep_004938,loc__dining_hall__10c40af2,dining hall,Inside Castle
train_ep_004939,loc__north_forest__a809663e,north forest,Forest
train_ep_004940,loc__mess_hall__df491ab7,mess hall,Inside Temple
train_ep_004941,loc__dead_tree__ae78e2fc,dead tree,Graveyard
train_ep_004942,loc__gallery__2767cc3e,gallery,Cave
train_ep_004943,loc__crew_berthing__255a7e79,crew berthing,Port
train_ep_004944,loc__landing_in_the_foyer__0712bd55,landing in the foyer,Inside Palace
train_ep_004945,loc__captain_s_cabin__60e1b85d,captain's cabin,Port
train_ep_004946,loc__wharf__ef602779,wharf,Port
train_ep_004947,loc__woodlands__f4b4342e,woodlands,Forest
train_ep_004948,loc__drinking_water_lake__072d7988,drinking water lake,Lake
train_ep_004949,loc__quay__a4499c24,quay,Port
train_ep_004950,loc__warehouses__54495979,warehouses,Port
train_ep_004951,loc__valley_of_doom__2f415a0f,valley of doom,Countryside
train_ep_004952,loc__swimming_hole__41a1f52e,swimming hole,Lake
train_ep_004953,loc__bottlery__3ad26146,bottlery,Inside Castle
train_ep_004954,loc__fitting_room__c555a43b,fitting room,Bazaar
train_ep_004955,loc__arrow_house__9d554350,arrow house,Outside Castle
train_ep_004956,loc__cold_storage_room__726f76a2,cold storage room,Outside Cottage
train_ep_004957,loc__castle_kitchens__6834f5a3,castle kitchens,Inside Palace
train_ep_004958,loc__bright_path__17c6a100,bright path,Inside Castle
train_ep_004959,loc__forest_entrance__4bcda148,forest entrance,Forest
train_ep_004960,loc__slave_quarters__8a6d9f60,slave quarters,Inside Tower
train_ep_004961,loc__fishing_store__b061f606,fishing store,Port
train_ep_004962,loc__temple_guard_station__e0b75841,temple guard station,Outside Temple
train_ep_004963,loc__dunes__8a48dcda,dunes,Desert
train_ep_004964,loc__peasant_s_cottage__00464b6c,peasant's cottage,Countryside
train_ep_004965,loc__small_dirt_road__40d1ead7,small dirt road,Countryside
train_ep_004966,loc__royal_bathroom__f7f11309,royal bathroom,Inside Castle
train_ep_004967,loc__stilt_home__612941a3,stilt home,Farm
train_ep_004968,loc__forbidden_forest__b96ae0b4,forbidden forest,Forest
train_ep_004969,loc__underground_river__dde09e89,underground river,Cave
train_ep_004970,loc__temple_main_room__cc3e74e5,temple main room,Outside Temple
train_ep_004971,loc__arch_hall__0fcc7e9c,arch hall,Inside Castle
train_ep_004972,loc__back_of_the_stall__4b715f67,back of the stall,Bazaar
train_ep_004973,loc__countryside__9cff47d1,countryside,Countryside
train_ep_004974,loc__woods__b7bfb949,woods,Forest
train_ep_004975,loc__saokra_s_blacksmith_shop__e5c9291c,saokra's blacksmith shop,Town
train_ep_004976,loc__mesa_peak__ec3e4014,mesa peak,Mountain
train_ep_004977,loc__prisoners_cells__61cb1ba6,prisoners cells,Dungeon
train_ep_004978,loc__temple_chamber__417585e8,temple chamber,Inside Temple
train_ep_004979,loc__main_foyer__ed99a45c,main foyer,Inside Castle
train_ep_004980,loc__winding_staircase__ec3107f8,winding staircase,Outside Tower
train_ep_004981,loc__tailings_pile__d27fba96,tailings pile,Mountain
train_ep_004982,loc__town_center__f942e8bf,town center,Town
train_ep_004983,loc__garden__e2704f30,garden,Outside Palace
train_ep_004984,loc__south_forest__a051e03c,south forest,Forest
train_ep_004985,loc__hidden_revolutionaries_headquarters__536080d4,hidden revolutionaries' headquarters,Inside Palace
train_ep_004986,loc__acid_yard__7930efda,acid yard,Outside Castle
train_ep_004987,loc__hay_field__0bbfde04,hay field,Outside Cottage
train_ep_004988,loc__castle_front__1f50ceb7,castle front,Inside Palace
train_ep_004989,loc__horse_tent__858443dc,horse tent,Farm
train_ep_004990,loc__knife_seller__e0a51e70,knife seller,Bazaar
train_ep_004991,loc__guards_quarters__94702054,guards quarters,Inside Tower
train_ep_004992,loc__general_store__53a8fbb0,general store,Town
train_ep_004993,loc__mysterious_shop_s_entrance__212a3859,mysterious shop's entrance,Bazaar
train_ep_004994,loc__beside_the_town_church__0b0b1726,beside the town church,Outside Church
train_ep_004995,loc__entryway_to_the_wizards_tower__7a21df60,entryway to the wizards tower,Inside Tower
train_ep_004996,loc__main_gate__d66ce966,main gate,Countryside
train_ep_004997,loc__palace_garden__46ae3845,palace garden,Outside Palace
train_ep_004998,loc__gold_room__42a3e93d,gold room,Inside Tower
train_ep_004999,loc__visitor_s_entrance__44f22aeb,visitor's entrance,Inside Temple
train_ep_005000,loc__throne_room__f4977c99,throne room,Inside Palace
train_ep_005001,loc__throne_room__f4977c99,throne room,Inside Tower
train_ep_005002,loc__supply_store__9776432b,supply store,Port
train_ep_005003,loc__bazaar_outside_the_royal_city__3f48a35a,bazaar outside the royal city,Bazaar
train_ep_005004,loc__cactus_field_entrance__cba07803,cactus field entrance,Desert
train_ep_005005,loc__outside_of_the_temple_offices__dd9f1ee7,outside of the temple offices,Outside Temple
train_ep_005006,loc__town_center__f942e8bf,town center,Town
train_ep_005007,loc__castle_kitchen__b00392de,castle kitchen,Inside Castle
train_ep_005008,loc__disposal_area__72d310fd,disposal area,Inside Castle
train_ep_005009,loc__village_of_tamerak__7e6c027e,village of tamerak,Port
train_ep_005010,loc__pine_tree_graveyard__18f73c00,pine tree graveyard,Forest
train_ep_005011,loc__grand_desert__c682352f,grand desert,Desert
train_ep_005012,loc__personal_rooms__f7ec06d2,personal rooms,Inside Palace
train_ep_005013,loc__mansion_entrance__5c32e57d,mansion entrance,Inside Cottage
train_ep_005014,loc__curved_hallway__638b964b,curved hallway,Inside Tower
train_ep_005015,loc__city_of_elders__fa058cbe,city of elders,Town
train_ep_005016,loc__hidden_garden__f2140155,hidden garden,Outside Palace
train_ep_005017,loc__ghost_trail__7855adca,ghost trail,Trail
train_ep_005018,loc__spring_bath__6aa6bed3,spring bath,Outside Temple
train_ep_005019,loc__brimswood_pub__2b57d3a7,brimswood pub,Tavern
train_ep_005020,loc__main_chapel__05b43d90,main chapel,Inside Church
train_ep_005021,loc__lavoratory__9cb21908,lavoratory,Inside Castle
train_ep_005022,loc__nearby_road__b720e559,nearby road,Countryside
train_ep_005023,loc__council_of_twelve__3232fa93,council of twelve,Inside Temple
train_ep_005024,loc__tub__271721b2,tub,Inside Tower
train_ep_005025,loc__arsenal__1c5442c0,arsenal,Inside Tower
train_ep_005026,loc__torture_equipment_storage_room__8c501a45,torture equipment storage room,Dungeon
train_ep_005027,loc__farmer_s_house__742677bc,farmer's house,Farm
train_ep_005028,loc__town_courtroom__ffe576a1,town courtroom,Town
train_ep_005029,loc__castle_foothills__40ba7cae,castle foothills,Outside Tower
train_ep_005030,loc__tower_spire__a8295baa,tower spire,Inside Tower
train_ep_005031,loc__saloon__453c44d3,saloon,Tavern
train_ep_005032,loc__basement__48719d32,basement,Inside Castle
train_ep_005033,loc__trail_exit__e1ead7cf,trail exit,Trail
train_ep_005034,loc__bazaar__8c5c7284,bazaar,Bazaar
train_ep_005035,loc__chicken_coop__6afcba65,chicken coop,Farm
train_ep_005036,loc__along_the_pews__731918a2,along the pews,Inside Church
train_ep_005037,loc__gate_to_street__63c54887,gate to street,Outside Church
train_ep_005038,loc__pier_walkway__6cc5e473,pier walkway,Shore
train_ep_005039,loc__attic__0535c94e,attic,Inside Church
train_ep_005040,loc__hidden_passage__6bec6a12,hidden passage,Inside Church
train_ep_005041,loc__table_area__8fcbc5c5,table area,Tavern
train_ep_005042,loc__temple_hallway__fc747e35,temple hallway,Inside Temple
train_ep_005043,loc__old_docks__ed431416,old docks,Shore
train_ep_005044,loc__courtyard_exterior__9602be9c,courtyard exterior,Outside Palace
train_ep_005045,loc__room_hidden_in_the_dense_canopy__eb412c40,room hidden in the dense canopy,Forest
train_ep_005046,loc__small_clearing__18adfedc,small clearing,Mountain
train_ep_005047,loc__weapons_storage_room__e2250d82,weapons storage room,Outside Castle
train_ep_005048,loc__kitchens__dfd09a86,kitchens,Inside Castle
train_ep_005049,loc__battlements__65ce509a,battlements,Outside Castle
train_ep_005050,loc__blacksmith__c2428781,blacksmith,Bazaar
train_ep_005051,loc__collapsed_west_wing__5208068f,collapsed west wing,Abandoned
train_ep_005052,loc__sewer_entrance__f153eab9,sewer entrance,Inside Tower
train_ep_005053,loc__church_coat_room__3bec4535,church coat room,Inside Church
train_ep_005054,loc__ant_hill__01158295,ant hill,Forest
train_ep_005055,loc__unsettling_forest_area__3d5f756b,unsettling forest area,Forest
train_ep_005056,loc__decoration_shop__cf40d2dc,decoration shop,Outside Temple
train_ep_005057,loc__top_floor_of_palace__ab540b82,top floor of palace,Inside Palace
train_ep_005058,loc__secret_tunnel__57b3c615,secret tunnel,Cave
train_ep_005059,loc__dead_valley__fe83fd28,dead valley,Desert
train_ep_005060,loc__kitchens__dfd09a86,kitchens,Inside Tower
train_ep_005061,loc__soldiers_camp__2d6b7401,soldiers camp,Swamp
train_ep_005062,loc__secret_tunnel__57b3c615,secret tunnel,Inside Castle
train_ep_005063,loc__flower_garden__879381ca,flower garden,Forest
train_ep_005064,loc__alchemists_bedroom__cfb992f0,alchemists bedroom,Inside Tower
train_ep_005065,loc__backyard__3bec248d,backyard,Outside Cottage
train_ep_005066,loc__attic__0535c94e,attic,Inside Palace
train_ep_005067,loc__grand_balcony__41fccf30,grand balcony,Inside Palace
train_ep_005068,loc__rat_den__b7a41895,rat den,Inside Tower
train_ep_005069,loc__midland_town__3abef145,midland town,Wasteland
train_ep_005070,loc__underwater_cave__155a0a0e,underwater cave,Cave
train_ep_005071,loc__castle_royal_tower__bb8b04a7,castle royal tower,Inside Castle
train_ep_005072,loc__outlaws_jungle__b0c0b7b2,outlaws' jungle,Jungle
train_ep_005073,loc__keep__18ccf61d,keep,Inside Tower
train_ep_005074,loc__church_foyer__e8aee950,church foyer,Inside Church
train_ep_005075,loc__main_graveyard__ad70495d,main graveyard,Graveyard
train_ep_005076,loc__outside_gates__58dbbce8,outside gates,Outside Cottage
train_ep_005077,loc__peasant_living_quarters__004fcc5f,peasant living quarters,Outside Palace
train_ep_005078,loc__temple_marketplace__34f9194f,temple marketplace,Inside Temple
train_ep_005079,loc__picnic_area__4a212f77,picnic area,Forest
train_ep_005080,loc__darkest_part_of_the_swamp__4a37261f,darkest part of the swamp,Swamp
train_ep_005081,loc__path_to_the_manor__cd09e091,path to the manor,Countryside
train_ep_005082,loc__prayer_bell__021f8e15,prayer bell,Inside Church
train_ep_005083,loc__garden_courtyard__2530f6d1,garden courtyard,Inside Castle
train_ep_005084,loc__abandoned_mine_entrance__5698b058,abandoned mine entrance,Abandoned
train_ep_005085,loc__pet_chamber__bc1946e1,pet chamber,Inside Castle
train_ep_005086,loc__royal_farm__c7a2ee7a,royal farm,Farm
train_ep_005087,loc__jail_entrance__ca63e7c2,jail entrance,Inside Tower
train_ep_005088,loc__palace_entrance__fb45dbba,palace entrance,Inside Palace
train_ep_005089,loc__farmers_market__3aa5b02b,farmers market,Bazaar
train_ep_005090,loc__back_room__d5bde542,back room,Inside Church
train_ep_005091,loc__sermon_hall__5b457bb1,sermon hall,Inside Church
train_ep_005092,loc__clean_water_lake__13349d26,clean water lake,Lake
train_ep_005093,loc__dwarven_blacksmith__68e8c01f,dwarven blacksmith,Mountain
train_ep_005094,loc__laundry_lines__dd2e9ca6,laundry lines,Outside Palace
train_ep_005095,loc__basement__48719d32,basement,Inside Castle
train_ep_005096,loc__school__7516c3b3,school,Bazaar
train_ep_005097,loc__grand_dining_room__8cb359cc,grand dining room,Inside Palace
train_ep_005098,loc__holy_alter__dd5ad709,holy alter,Inside Church
train_ep_005099,loc__iconostasis__fa5c7ee9,iconostasis,Outside Church
train_ep_005100,loc__throne_room__f4977c99,throne room,Inside Castle
train_ep_005101,loc__kebab_stall__d83535f0,kebab stall,Bazaar
train_ep_005102,loc__open_field__28aeddc6,open field,Farm
train_ep_005103,loc__wealthy_area_of_town__260fb03e,wealthy area of town,Town
train_ep_005104,loc__king_s_dorm__f69cf31d,king's dorm,Inside Tower
train_ep_005105,loc__church__916586c8,church,Outside Church
train_ep_005106,loc__cave_exit__6e09c118,cave exit,Cave
train_ep_005107,loc__main_gate__d66ce966,main gate,Outside Castle
train_ep_005108,loc__trailhead__55ecf8e5,trailhead,Trail
train_ep_005109,loc__bedrooms__8fb3ca52,bedrooms,Inside Palace
train_ep_005110,loc__dogs_domain__0a1f1a65,dogs' domain,Inside Church
train_ep_005111,loc__hiking_path__ba82059c,hiking path,Mountain
train_ep_005112,loc__bazaar_gambling__0e92d983,bazaar gambling,Bazaar
train_ep_005113,loc__apple_trees__6ead89c4,apple trees,Bazaar
train_ep_005114,loc__pharmacy__bf4e2878,pharmacy,Town
train_ep_005115,loc__main_street__18c6980d,main street,Graveyard
train_ep_005116,loc__rectory__af9459b5,rectory,Inside Church
train_ep_005117,loc__orc_cave__9c2ad64e,orc cave,Cave
train_ep_005118,loc__simple_town__9836124a,simple town,Town
train_ep_005119,loc__church_entryway__b0c14c9f,church entryway,Inside Church
train_ep_005120,loc__large_farm__653ba215,large farm,Farm
train_ep_005121,loc__firewood_forest__049c4d45,firewood forest,Forest
train_ep_005122,loc__temple_gardens__e5c59366,temple gardens,Outside Temple
train_ep_005123,loc__church_field__80ff45f8,church field,Outside Church
train_ep_005124,loc__southernmost_tower_entryway__af5a2a89,southernmost tower entryway,Inside Tower
train_ep_005125,loc__meadow__07a42035,meadow,Countryside
train_ep_005126,loc__central_bazaar__afde3f95,central bazaar,Bazaar
train_ep_005127,loc__castle_farm__90bc7176,castle farm,Farm
train_ep_005128,loc__lower_dungeon_guard_room__f88d3041,lower dungeon guard room,Dungeon
train_ep_005129,loc__cottage_safe_room__ce08f1a3,cottage safe-room,Inside Cottage
train_ep_005130,loc__in_front_of_a_stone_tower__79dd0512,in front of a stone tower,Outside Tower
train_ep_005131,loc__small_church__9543420f,small church,Inside Church
train_ep_005132,loc__cottage_entryway__e5f1139f,cottage entryway,Inside Cottage
train_ep_005133,loc__wet_dungeon__b3fe19bc,wet dungeon,Dungeon
train_ep_005134,loc__enormous_church_entrance_door__4425590a,enormous church entrance door,Outside Church
train_ep_005135,loc__hilltop_temple_grounds__9a75117c,hilltop temple grounds,Outside Temple
train_ep_005136,loc__privy_room__3e3bfa73,privy room,Inside Castle
train_ep_005137,loc__castle_courtyard_bazaar__f18a3852,castle courtyard bazaar,Bazaar
train_ep_005138,loc__inside_temple__78c8ad2b,inside temple,Inside Temple
train_ep_005139,loc__unexplored_jungle__ff39ded3,unexplored jungle,Jungle
train_ep_005140,loc__turquoise_shore__9c4dff53,turquoise shore,Shore
train_ep_005141,loc__forsaken_castle__e4d7c5af,forsaken castle,Abandoned
train_ep_005142,loc__great_hall__91ce0dd0,great hall,Inside Tower
train_ep_005143,loc__abandoned_mine__75691f18,abandoned mine,Mountain
train_ep_005144,loc__unfinished_mausoleum__d8f26138,unfinished mausoleum,Graveyard
train_ep_005145,loc__fishmonger_s_stall__b989772f,fishmonger's stall,Port
train_ep_005146,loc__abandoned_mine__75691f18,abandoned mine,Abandoned
train_ep_005147,loc__barn__5dfcc0aa,barn,Farm
train_ep_005148,loc__meadow__07a42035,meadow,Countryside
train_ep_005149,loc__queen_s_bedchamber__25802711,queen's bedchamber,Inside Palace
train_ep_005150,loc__cave__e386df9e,cave,Mountain
train_ep_005151,loc__altar_room__cbf077bb,altar room,Inside Temple
train_ep_005152,loc__confessional__f24d3972,confessional,Inside Church
train_ep_005153,loc__lighthouse__fad0ce22,lighthouse,Shore
train_ep_005154,loc__bar__37b51d19,bar,Tavern
train_ep_005155,loc__watchtower__2275d0f0,watchtower,Outside Tower
train_ep_005156,loc__port_tavern__48d771c2,port tavern,Port
train_ep_005157,loc__prison_room__075cec3e,prison room,Inside Tower
train_ep_005158,loc__dungeon__e0dc3209,dungeon,Inside Castle
train_ep_005159,loc__master_bedroom__ee30383a,master bedroom,Inside Palace
train_ep_005160,loc__outside_temple__4d6f89cb,outside temple,Outside Temple
train_ep_005161,loc__graveyard__7b3ab674,graveyard,Graveyard
train_ep_005162,loc__outside_castle__fd9e3171,outside castle,Outside Castle
train_ep_005163,loc__opening_to_the_drawbridge_of_the_castle__7901de11,opening to the drawbridge of the castle,Trail
train_ep_005164,loc__bell_tower__53496f39,bell tower,Inside Church
train_ep_005165,loc__barn__5dfcc0aa,barn,Farm
train_ep_005166,loc__dungeon_within_a_castle__30c5909c,dungeon within a castle,Dungeon
train_ep_005167,loc__wooded_magical_village__0d0cf6a7,wooded magical village,Forest
train_ep_005168,loc__inside_a_desolate_cave__62f3c8b1,inside a desolate cave,Dungeon
train_ep_005169,loc__knights_quarters__d1135fd1,knights quarters,Inside Castle
train_ep_005170,loc__dwarven_city__24e5c23d,dwarven city,Mountain
train_ep_005171,loc__underground_chamber__d71a7d7a,underground chamber,Cave
train_ep_005172,loc__outside_the_church_of_monks__12e0820b,outside the church of monks,Outside Church
train_ep_005173,loc__temple_courtyard__c65f7648,temple courtyard,Outside Temple
train_ep_005174,loc__inside_the_unicorn_palace__56787601,inside the unicorn palace,Inside Palace
train_ep_005175,loc__werewolves_tavern__a0b69047,werewolves tavern,Tavern
train_ep_005176,loc__confessional_room__22bf6614,confessional room,Inside Church
train_ep_005177,loc__inside_temple__78c8ad2b,inside temple,Inside Temple
train_ep_005178,loc__witches_cottage__6a123241,witches cottage,Outside Cottage
train_ep_005179,loc__inside_the_fairy_temple__748c1bf3,inside the fairy temple,Inside Temple
train_ep_005180,loc__fairy_forest__c73e62c1,fairy forest,Forest
train_ep_005181,loc__inside_the_fairies_church__7a838b07,inside the fairies church,Inside Church
train_ep_005182,loc__inside_the_king_s_palace__ad1ed203,inside the king's palace,Inside Palace
train_ep_005183,loc__inside_temple__78c8ad2b,inside temple,Inside Temple
train_ep_005184,loc__dining_hall__10c40af2,dining hall,Inside Tower
train_ep_005185,loc__oasis__335ffbcf,oasis,Desert
train_ep_005186,loc__wizard_s_quarters__e0890c7c,wizard's quarters,Outside Tower
train_ep_005187,loc__dungeon__e0dc3209,dungeon,Inside Castle
train_ep_005188,loc__cave__e386df9e,cave,Cave
train_ep_005189,loc__castle__9355a9f9,castle,Inside Castle
train_ep_005190,loc__castle__9355a9f9,castle,Inside Castle
train_ep_005191,loc__tower__79835ea3,tower,Inside Tower
train_ep_005192,loc__bazaar__8c5c7284,bazaar,Bazaar
train_ep_005193,loc__royal_gardens__e410d0fe,royal gardens,Outside Palace
train_ep_005194,loc__docks__d1b1bb99,docks,Port
train_ep_005195,loc__sacred_temple__0ee6dca9,sacred temple,Inside Church
train_ep_005196,loc__lagoon__664a6ce4,lagoon,Lake
train_ep_005197,loc__inside_the_temple__573b0d5f,inside the temple,Inside Temple
train_ep_005198,loc__cave__e386df9e,cave,Cave
train_ep_005199,loc__outside_tower__7dc67c9f,outside tower,Outside Tower
train_ep_005200,loc__jungle__5d991220,jungle,Jungle
train_ep_005201,loc__lake__97d986e2,lake,Lake
train_ep_005202,loc__riverbed__acbe6245,riverbed,Forest
train_ep_005203,loc__outside_church__9f23256f,outside church,Outside Church
train_ep_005204,loc__mud_pit__7a862ed0,mud pit,Jungle
train_ep_005205,loc__military_outpost_at_the_heart_of_the_swamp__0b91dfd0,military outpost at the heart of the swamp,Swamp
train_ep_005206,loc__royal_kitchen__fca4f709,royal kitchen,Inside Palace
train_ep_005207,loc__abandoned_shack__d3865a64,abandoned shack,Wasteland
train_ep_005208,loc__inside_tower__3d67c0a7,inside tower,Inside Tower
train_ep_005209,loc__princess_library__7426d41f,princess' library,Inside Palace
train_ep_005210,loc__yurt__e67b7569,yurt,Desert
train_ep_005211,loc__spice_stall__5ddd9bb4,spice stall,Bazaar
train_ep_005212,loc__treasure_cavern__26b58d7a,treasure cavern,Inside Temple
train_ep_005213,loc__bathroom__67518d64,bathroom,Inside Tower
train_ep_005214,loc__main_hall__8f1c5099,main hall,Inside Palace
train_ep_005215,loc__tree_house__493a5d1a,tree house,Jungle
train_ep_005216,loc__living_quarters__26fbc0ca,living quarters,Farm
train_ep_005217,loc__trash_heap__0e440590,trash heap,Wasteland
train_ep_005218,loc__kings_chambers__3b38188f,kings chambers,Inside Palace
train_ep_005219,loc__entrance_to_the_pine_trees__857c5da1,entrance to the pine trees,Forest
train_ep_005220,loc__courtyard__2c2bf458,courtyard,Outside Palace
train_ep_005221,loc__large_galleon__0e3d3ca8,large galleon,Port
train_ep_005222,loc__kitchen__09228dac,kitchen,Inside Cottage
train_ep_005223,loc__black_smiths_shop__5379f4dc,black smiths shop,Town
train_ep_005224,loc__tree_house__493a5d1a,tree house,Jungle
train_ep_005225,loc__dark_cave__b9185199,dark cave,Cave
train_ep_005226,loc__top_side_tower_overlooking_view__8b843a89,top side tower overlooking view,Outside Tower
train_ep_005227,loc__lakeside_house__e89e18cd,lakeside house,Lake
train_ep_005228,loc__torture_chamber__11dfca19,torture chamber,Dungeon
train_ep_005229,loc__bedroom__cff8b1fe,bedroom,Inside Cottage
train_ep_005230,loc__treasure_room__5acf31fd,treasure room,Inside Castle
train_ep_005231,loc__coast__756d153b,coast,Shore
train_ep_005232,loc__throne_room__f4977c99,throne room,Shore
train_ep_005233,loc__bat_room__c322be72,bat room,Cave
train_ep_005234,loc__choir_room__35978911,choir room,Inside Church
train_ep_005235,loc__jail_room__4ad818b4,jail room,Inside Tower
train_ep_005236,loc__town_theater__8fa3302e,town theater,Town
train_ep_005237,loc__underground_cavern__2714911b,underground cavern,Cave
train_ep_005238,loc__castle_kitchen__b00392de,castle kitchen,Inside Palace
train_ep_005239,loc__moat__3c3a57f1,moat,Outside Palace
train_ep_005240,loc__bedroom__cff8b1fe,bedroom,Inside Cottage
train_ep_005241,loc__clergyman_s_office__30ca015e,clergyman's office,Inside Temple
train_ep_005242,loc__gathering_room__2b59ea3f,gathering room,Inside Cottage
train_ep_005243,loc__waterfall__911b1ca4,waterfall,Mountain
train_ep_005244,loc__grand_dancing_hall__7dd99710,grand dancing hall,Inside Palace
train_ep_005245,loc__murky_water__7482dbbf,murky water,Swamp
train_ep_005246,loc__dining_hall__10c40af2,dining hall,Inside Castle
train_ep_005247,loc__summit__cc8c6287,summit,Mountain
train_ep_005248,loc__scenic_overlook__9ccff5f9,scenic overlook,Trail
train_ep_005249,loc__town__7198cda5,town,Town
train_ep_005250,loc__secret_oasis__4b7fea6a,secret oasis,Desert
train_ep_005251,loc__tombstones_of_the_kings__f98f35ed,tombstones of the kings,Graveyard
train_ep_005252,loc__sanctuary__80452c45,sanctuary,Inside Church
train_ep_005253,loc__loading_dock__2e35f637,loading dock,Port
train_ep_005254,loc__tower_base__11a0e527,tower base,Outside Tower
train_ep_005255,loc__king_s_quarters__b44e1648,king's quarters,Inside Tower
train_ep_005256,loc__spiral_staircase__031e4915,spiral staircase,Inside Tower
train_ep_005257,loc__marketplace__bc5986eb,marketplace,Port
train_ep_005258,loc__beyond_the_wall__adff6e1c,beyond the wall,Outside Castle
train_ep_005259,loc__land_beyond_the_wasteland__0b3b29ad,land beyond the wasteland,Abandoned
train_ep_005260,loc__behind_the_servant_quarters__9413241c,behind the servant quarters,Wasteland
train_ep_005261,loc__adjacent_to_the_guest_castle__7becb0d5,adjacent to the guest castle,Farm
train_ep_005262,loc__inside_the_king_s_castle__afab450e,inside the king's castle,Inside Tower
train_ep_005263,loc__across_the_king_s_garden__82bbf802,across the king's garden,Trail
train_ep_005264,loc__within_the_king_s_mansion__ffdc1072,within the king's mansion,Inside Temple
train_ep_005265,loc__market_center__f92392bc,market center,Tavern
train_ep_005266,loc__chapel__5ee4b863,chapel,Inside Church
train_ep_005267,loc__bar__37b51d19,bar,Tavern
train_ep_005268,loc__battleship__e82a29f3,battleship,Shore
train_ep_005269,loc__banquet_hall__b7ba191c,banquet hall,Inside Castle
train_ep_005270,loc__entrance_to_castle__6ce4a988,entrance to castle,Outside Castle
train_ep_005271,loc__cabin__92faafe2,cabin,Countryside
train_ep_005272,loc__pew__08db7753,pew,Inside Church
train_ep_005273,loc__dock_at_the_port__eaf44017,dock at the port,Port
train_ep_005274,loc__shop_in_bazaar__bb1b9374,shop in bazaar,Bazaar
train_ep_005275,loc__witch_s_house__f92034cd,witch's house,Swamp
train_ep_005276,loc__within_the_walls_of_the_city__ccd0198d,within the walls of the city,Inside Tower
train_ep_005277,loc__cottage__144deb32,cottage,Countryside
train_ep_005278,loc__bog__e07cd172,bog,Swamp
train_ep_005279,loc__dining_hall__10c40af2,dining hall,Inside Palace
train_ep_005280,loc__nave__bfe4b52c,nave,Inside Church
train_ep_005281,loc__king_s_quarters__b44e1648,king's quarters,Shore
train_ep_005282,loc__weapon_closet__20098437,weapon closet,Inside Tower
train_ep_005283,loc__princess_chamber__b18da5a3,princess' chamber,Inside Tower
train_ep_005284,loc__inside_church__aab73af9,inside church,Inside Church
train_ep_005285,loc__training_fields__20aac210,training fields,Outside Palace
train_ep_005286,loc__troll_s_lair__218cc09b,troll's lair,Cave
train_ep_005287,loc__alchemists_lab__d5456245,alchemists lab,Inside Tower
train_ep_005288,loc__nursery__a718a874,nursery,Inside Palace
train_ep_005289,loc__royal_stables__25af2687,royal stables,Outside Castle
train_ep_005290,loc__kitchen__09228dac,kitchen,Tavern
train_ep_005291,loc__boathouse__f1916d48,boathouse,Swamp
train_ep_005292,loc__nave__bfe4b52c,nave,Inside Church
train_ep_005293,loc__tool_shed__5a0c79ce,tool shed,Outside Cottage
train_ep_005294,loc__kitchen__09228dac,kitchen,Inside Cottage
train_ep_005295,loc__library__d521f765,library,Inside Castle
train_ep_005296,loc__dining_hall__10c40af2,dining hall,Inside Castle
train_ep_005297,loc__courtyard__2c2bf458,courtyard,Outside Palace
train_ep_005298,loc__barracks__2ce29011,barracks,Outside Castle
train_ep_005299,loc__throne_room__f4977c99,throne room,Inside Tower
train_ep_005300,loc__brush_den__e1300d94,brush den,Forest
train_ep_005301,loc__next_to_an_altar__6252d8d6,next to an altar,Inside Church
train_ep_005302,loc__ball_room__e26306dc,ball room,Inside Palace
train_ep_005303,loc__king_s_bedroom__03fb30e9,king's bedroom,Inside Palace
train_ep_005304,loc__jewelry_stall__2ec13fd4,jewelry stall,Bazaar
train_ep_005305,loc__servant_s_quarters__2ab37024,servant's quarters,Inside Palace
train_ep_005306,loc__winter_gardens__e59bb816,winter gardens,Outside Tower
train_ep_005307,loc__cursed_grave__7f5aabe1,cursed grave,Graveyard
train_ep_005308,loc__foyer__114ad31a,foyer,Inside Palace
train_ep_005309,loc__guard_shack__0ef62152,guard shack,Outside Tower
train_ep_005310,loc__hall_of_the_goddess__7c0819d4,hall of the goddess,Inside Temple
train_ep_005311,loc__throne__253d405e,throne,Inside Palace
train_ep_005312,loc__desert_cavern__9287fea8,desert cavern,Desert
train_ep_005313,loc__old_red_barn__d6b0cfd8,old red barn,Farm
train_ep_005314,loc__fishing_pier__fd5d48a9,fishing pier,Shore
train_ep_005315,loc__cactus_field__ce508a05,cactus field,Desert
train_ep_005316,loc__high_priest_chamber__3d59d244,high priest chamber,Inside Church
train_ep_005317,loc__beside_church_pews__8d83bdb7,beside church pews,Inside Church
train_ep_005318,loc__quicksand_pit__591e521d,quicksand pit,Swamp
train_ep_005319,loc__sacrifice_chamber__8aaf85ac,sacrifice chamber,Inside Temple
train_ep_005320,loc__beach_house__64bd4f8d,beach house,Shore
train_ep_005321,loc__mushroom_hut__8bb7cd75,mushroom hut,Outside Cottage
train_ep_005322,loc__pirate_ship__a3eb0b34,pirate ship,Port
train_ep_005323,loc__beside_tower_entrance__4289dcc4,beside tower entrance,Inside Tower
train_ep_005324,loc__palace_throne__edc54e5f,palace throne,Inside Palace
train_ep_005325,loc__palace_kitchen__4dee9bb6,palace kitchen,Inside Palace
train_ep_005326,loc__hillside_manor__b1ec6b5a,hillside manor,Countryside
train_ep_005327,loc__pig_pen__cd6444b3,pig pen,Countryside
train_ep_005328,loc__beside_temple_entrance__b712f707,beside temple entrance,Outside Temple
train_ep_005329,loc__tower_dungeon__3b953217,tower dungeon,Inside Tower
train_ep_005330,loc__beside_church_entrance__2206aedf,beside church entrance,Outside Church
train_ep_005331,loc__hillside_mansion__369afa4b,hillside mansion,Countryside
train_ep_005332,loc__palace_ballroom__e83afcc3,palace ballroom,Inside Palace
train_ep_005333,loc__church_altar__b46bba3c,church altar,Inside Church
train_ep_005334,loc__tower_sewers__135799e5,tower sewers,Inside Tower
train_ep_005335,loc__towering_mesa__148ef02b,towering mesa,Desert
train_ep_005336,loc__inside_temple_crypt__eb261a98,inside temple crypt,Inside Temple
train_ep_005337,loc__gold_mine__23a64f00,gold mine,Abandoned
train_ep_005338,loc__stable__f40faf63,stable,Outside Castle
train_ep_005339,loc__room_at_the_top_of_the_tower__bebc68b6,room at the top of the tower,Inside Castle
train_ep_005340,loc__lonely_island__941f1782,lonely island,Abandoned
train_ep_005341,loc__public_execution_stand__ec1c97f7,public execution stand,Bazaar
train_ep_005342,loc__whipping_station__cd58acd7,whipping station,Outside Church
train_ep_005343,loc__bedding_room__8584585f,bedding room,Inside Palace
train_ep_005344,loc__prison_room__075cec3e,prison room,Inside Tower
train_ep_005345,loc__fountain__79de7a61,fountain,Graveyard
train_ep_005346,loc__oasis__335ffbcf,oasis,Desert
train_ep_005347,loc__beach_house__64bd4f8d,beach house,Shore
train_ep_005348,loc__stained_glass_room__fe4963f3,stained glass room,Inside Church
train_ep_005349,loc__farmer_hill__b21f8161,farmer hill,Outside Cottage
train_ep_005350,loc__mars_desert__d8c9aa45,mars desert,Desert
train_ep_005351,loc__clearing__5832a4d8,clearing,Forest
train_ep_005352,loc__hall_of_echoes__55050f7d,hall of echoes,Inside Temple
train_ep_005353,loc__bathing_room__e8175c31,bathing room,Inside Temple
train_ep_005354,loc__mysterious_shop__454073ca,mysterious shop,Bazaar
train_ep_005355,loc__inside_church_back_row__5cc901b4,inside church back row,Inside Church
train_ep_005356,loc__show_room_inside_the_castle__f6ac41dd,show room inside the castle,Inside Castle
train_ep_005357,loc__bone_pit__bec80d68,bone pit,Outside Temple
train_ep_005358,loc__town_of_anoria__bfbab07a,town of anoria,Town
train_ep_005359,loc__tavern_of_browntavia__0bc98c5d,tavern of browntavia,Tavern
train_ep_005360,loc__enchanted_light_house__0bd68be0,enchanted light house,Shore
train_ep_005361,loc__main_entrance__68f3df62,main entrance,Outside Temple
train_ep_005362,loc__sacrificial_altar__0974214f,sacrificial altar,Inside Temple
train_ep_005363,loc__murder_hole__da3df777,murder hole,Inside Tower
train_ep_005364,loc__dungeon__e0dc3209,dungeon,Inside Temple
train_ep_005365,loc__garden__e2704f30,garden,Outside Cottage
train_ep_005366,loc__personal_quarters__5bdf1559,personal quarters,Inside Palace
train_ep_005367,loc__dining_hall__10c40af2,dining hall,Inside Tower
train_ep_005368,loc__ruined_house__b253dd25,ruined house,Abandoned
train_ep_005369,loc__bank__bd5af1f6,bank,Swamp
train_ep_005370,loc__library__d521f765,library,Inside Castle
train_ep_005371,loc__reception_area__9f5fd34c,reception area,Graveyard
train_ep_005372,loc__storage_room__ab9f0184,storage room,Dungeon
train_ep_005373,loc__study_room__5698bd87,study room,Inside Church
train_ep_005374,loc__pond__d873154f,pond,Forest
train_ep_005375,loc__stable__f40faf63,stable,Farm
train_ep_005376,loc__dock__05debdb8,dock,Port
train_ep_005377,loc__weapon_room__a7162ba9,weapon room,Inside Temple
train_ep_005378,loc__small_graveyard__d12232a8,small graveyard,Outside Cottage
train_ep_005379,loc__clearing__5832a4d8,clearing,Jungle
train_ep_005380,loc__entrance__2a20afe0,entrance,Cave
train_ep_005381,loc__armory__f1c6e216,armory,Inside Castle
train_ep_005382,loc__storage_room__ab9f0184,storage room,Tavern
train_ep_005383,loc__graveyard__7b3ab674,graveyard,Outside Church
train_ep_005384,loc__stable__f40faf63,stable,Outside Palace
train_ep_005385,loc__torture_room__87c0e788,torture room,Dungeon
train_ep_005386,loc__hidden_passageway__d7cdebb5,hidden passageway,Inside Temple
train_ep_005387,loc__town_square__4d10acd1,town square,Town
train_ep_005388,loc__main_hallway__840c1503,main hallway,Inside Palace
train_ep_005389,loc__grand_ballroom__52b4001e,grand ballroom,Inside Castle
train_ep_005390,loc__old_crypt__9f170f50,old crypt,Graveyard
train_ep_005391,loc__castle_kitchen__b00392de,castle kitchen,Inside Castle
train_ep_005392,loc__weathered_shack__8c23b906,weathered shack,Abandoned
train_ep_005393,loc__debtor_s_prison__ea99977f,debtor's prison,Inside Tower
train_ep_005394,loc__temple_entrance__71ae50b0,temple entrance,Outside Temple
train_ep_005395,loc__tree_of_spirits__e757fcef,tree of spirits,Trail
train_ep_005396,loc__royal_tomb__1b57a10e,royal tomb,Inside Temple
train_ep_005397,loc__grand_dining_room__8cb359cc,grand dining room,Inside Palace
train_ep_005398,loc__brim_canal__7a498e16,brim canal,Lake
train_ep_005399,loc__maidens_cottage__ce8fe6f9,maidens cottage,Countryside
train_ep_005400,loc__horse_s_stables__0cd4df4c,horse's stables,Outside Cottage
train_ep_005401,loc__horse_field__eeae819a,horse field,Countryside
train_ep_005402,loc__hunting_grounds__6ac15b3d,hunting grounds,Trail
train_ep_005403,loc__queen_s_quarters__22b70e95,queen's quarters,Inside Palace
train_ep_005404,loc__cemetery__dccbebc2,cemetery,Wasteland
train_ep_005405,loc__artillery_room__9af01c49,artillery room,Inside Tower
train_ep_005406,loc__archery_zone__fdb7c330,archery zone,Outside Castle
train_ep_005407,loc__knight_s_hunting_ground__09b79c95,knight's hunting ground,Trail
train_ep_005408,loc__priest_s_chambers__1ebce5c5,priest's chambers,Inside Temple
train_ep_005409,loc__king_s_chambers__e3e597fe,king's chambers,Inside Palace
train_ep_005410,loc__master_bedroom__ee30383a,master bedroom,Inside Castle
train_ep_005411,loc__outpost__9e81fdfb,outpost,Mountain
train_ep_005412,loc__ritual_room__4574deb8,ritual room,Inside Temple
train_ep_005413,loc__front_of_the_cottage__908b24e7,front of the cottage,Outside Cottage
train_ep_005414,loc__village_at_the_base_of_the_mountain__47dbe2ea,village at the base of the mountain,Mountain
train_ep_005415,loc__armory__f1c6e216,armory,Inside Tower
train_ep_005416,loc__confession_box__fb7e21f1,confession box,Inside Church
train_ep_005417,loc__bandit_lair__90d428ee,bandit lair,Cave
train_ep_005418,loc__ruin_of_a_house__62eef8f7,ruin of a house,Wasteland
train_ep_005419,loc__tent__7b65dcf0,tent,Desert
train_ep_005420,loc__inside_the_temple__573b0d5f,inside the temple,Inside Temple
train_ep_005421,loc__boat_house__62b9e6c4,boat house,Port
train_ep_005422,loc__kings_bedroom__64489025,kings bedroom,Inside Castle
train_ep_005423,loc__stream__f7b44cfa,stream,Forest
train_ep_005424,loc__forest__f379cfd7,forest,Countryside
train_ep_005425,loc__lush_meadow_in_the_country_side__d9fa9500,lush meadow in the country side,Countryside
train_ep_005426,loc__small_town_located_in_the_hills__d4698af1,small town located in the hills,Town
train_ep_005427,loc__kings_bed_room__b1f6b2b3,kings bed room,Inside Castle
train_ep_005428,loc__front_row__ec5571ef,front row,Inside Church
train_ep_005429,loc__primary_cave__755e8817,primary cave,Cave
train_ep_005430,loc__town_in_the_desert__fff2a6b4,town in the desert,Wasteland
train_ep_005431,loc__chapel_of_the_eight__e35d875d,chapel of the eight,Inside Castle
train_ep_005432,loc__temple_foyer__c0b5e90a,temple foyer,Inside Temple
train_ep_005433,loc__modest_living_area__fe2770f1,modest living area,Inside Cottage
train_ep_005434,loc__front_altar__819cc2dd,front altar,Inside Temple
train_ep_005435,loc__desert_tent__a1a041ce,desert tent,Wasteland
train_ep_005436,loc__northern_shore__e8588ae1,northern shore,Lake
train_ep_005437,loc__grassy_plains__ecb71cc6,grassy plains,Trail
train_ep_005438,loc__great_armory__8a3248e6,great armory,Inside Castle
train_ep_005439,loc__old_gnaisha_s__d05194f9,old gnaisha's,Bazaar
train_ep_005440,loc__dancing_stoat__a6b60c83,dancing stoat,Town
train_ep_005441,loc__paladins_memorial_chapel__3b8a3ef4,paladins' memorial chapel,Inside Church
train_ep_005442,loc__shrine_of_sretniy__c5cdca48,shrine of sretniy,Inside Temple
train_ep_005443,loc__banquet_hall__b7ba191c,banquet hall,Inside Castle
train_ep_005445,loc__desert_land__d9285c9c,desert land,Desert
train_ep_005446,loc__pond__d873154f,pond,Wasteland
train_ep_005447,loc__fishing_shack__be027604,fishing shack,Lake
train_ep_005448,loc__horse_stables__3ab0f4c8,horse stables,Outside Castle
train_ep_005449,loc__tower_kitchen__9b8a3da9,tower kitchen,Inside Tower
train_ep_005450,loc__castle_basement__ef824ba7,castle basement,Inside Castle
train_ep_005451,loc__abandoned_workers_shed__0002433d,abandoned workers shed,Graveyard
train_ep_005452,loc__chicken_pen__1c50c5ac,chicken pen,Countryside
train_ep_005453,loc__stable_hand_s_quarters__74578d25,stable hand's quarters,Outside Castle
train_ep_005454,loc__middle_of_the_bazaar__54f18754,middle of the bazaar,Bazaar
train_ep_005455,loc__launching_point__8c178e87,launching point,Lake
train_ep_005456,loc__corn_field__018a2ccf,corn field,Farm
train_ep_005457,loc__temple__44fdfd6b,temple,Inside Temple
train_ep_005458,loc__main_house__39d59a9f,main house,Farm
train_ep_005459,loc__reagent_room__559ae958,reagent room,Outside Tower
train_ep_005460,loc__balcony__d85f7317,balcony,Inside Palace
train_ep_005461,loc__old_queen_farm__057da97d,old queen farm,Wasteland
train_ep_005462,loc__cavern_dwelling__44fe0d79,cavern dwelling,Desert
train_ep_005463,loc__fish_market__4e56b4a3,fish market,Port
train_ep_005464,loc__castle_exit__5b525e0e,castle exit,Inside Castle
train_ep_005465,loc__fishing_dock__fbf73e36,fishing dock,Lake
train_ep_005466,loc__sheriff_office__d4dae028,sheriff office,Farm
train_ep_005467,loc__church_garden__56a741fe,church garden,Outside Church
train_ep_005468,loc__flower_field__f936e92b,flower field,Countryside
train_ep_005469,loc__large_cliffs__f86c4fa5,large cliffs,Shore
train_ep_005470,loc__port_skyline__0254ced0,port skyline,Port
train_ep_005471,loc__main_prayer_room__ec7e9b7f,main prayer room,Inside Temple
train_ep_005472,loc__haunted_orchard__7434c930,haunted orchard,Farm
train_ep_005473,loc__apothecary__e264c143,apothecary,Town
train_ep_005474,loc__main_castle_doors__e1f39f3b,main castle doors,Outside Palace
train_ep_005475,loc__chamber_entrance__0228ee72,chamber entrance,Inside Church
train_ep_005476,loc__church_garden__56a741fe,church garden,Outside Church
train_ep_005477,loc__dining_hall__10c40af2,dining hall,Inside Castle
train_ep_005478,loc__gallery__2767cc3e,gallery,Cave
train_ep_005479,loc__north_forest__a809663e,north forest,Forest
train_ep_005480,loc__mess_hall__df491ab7,mess hall,Inside Temple
train_ep_005481,loc__dead_tree__ae78e2fc,dead tree,Graveyard
train_ep_005482,loc__crew_berthing__255a7e79,crew berthing,Port
train_ep_005483,loc__landing_in_the_foyer__0712bd55,landing in the foyer,Inside Palace
train_ep_005484,loc__captain_s_cabin__60e1b85d,captain's cabin,Port
train_ep_005485,loc__wharf__ef602779,wharf,Port
train_ep_005486,loc__woodlands__f4b4342e,woodlands,Forest
train_ep_005487,loc__warehouses__54495979,warehouses,Port
train_ep_005488,loc__quay__a4499c24,quay,Port
train_ep_005489,loc__valley_of_doom__2f415a0f,valley of doom,Countryside
train_ep_005490,loc__bottlery__3ad26146,bottlery,Inside Castle
train_ep_005491,loc__swimming_hole__41a1f52e,swimming hole,Lake
train_ep_005492,loc__fitting_room__c555a43b,fitting room,Bazaar
train_ep_005493,loc__dunes__8a48dcda,dunes,Desert
train_ep_005494,loc__arrow_house__9d554350,arrow house,Outside Castle
train_ep_005495,loc__castle_kitchens__6834f5a3,castle kitchens,Inside Palace
train_ep_005496,loc__bright_path__17c6a100,bright path,Inside Castle
train_ep_005497,loc__cold_storage_room__726f76a2,cold storage room,Outside Cottage
train_ep_005498,loc__slave_quarters__8a6d9f60,slave quarters,Inside Tower
train_ep_005499,loc__temple_guard_station__e0b75841,temple guard station,Outside Temple
train_ep_005500,loc__underground_river__dde09e89,underground river,Cave
train_ep_005501,loc__small_dirt_road__40d1ead7,small dirt road,Countryside
train_ep_005502,loc__stilt_home__612941a3,stilt home,Farm
train_ep_005503,loc__forbidden_forest__b96ae0b4,forbidden forest,Forest
train_ep_005504,loc__temple_main_room__cc3e74e5,temple main room,Outside Temple
train_ep_005505,loc__arch_hall__0fcc7e9c,arch hall,Inside Castle
train_ep_005506,loc__back_of_the_stall__4b715f67,back of the stall,Bazaar
train_ep_005507,loc__woods__b7bfb949,woods,Forest
train_ep_005508,loc__countryside__9cff47d1,countryside,Countryside
train_ep_005509,loc__saokra_s_blacksmith_shop__e5c9291c,saokra's blacksmith shop,Town
train_ep_005510,loc__mesa_peak__ec3e4014,mesa peak,Mountain
train_ep_005511,loc__prisoners_cells__61cb1ba6,prisoners cells,Dungeon
train_ep_005512,loc__temple_chamber__417585e8,temple chamber,Inside Temple
train_ep_005513,loc__main_foyer__ed99a45c,main foyer,Inside Castle
train_ep_005514,loc__winding_staircase__ec3107f8,winding staircase,Outside Tower
train_ep_005515,loc__garden__e2704f30,garden,Outside Palace
train_ep_005516,loc__tailings_pile__d27fba96,tailings pile,Mountain
train_ep_005517,loc__town_center__f942e8bf,town center,Town
train_ep_005518,loc__south_forest__a051e03c,south forest,Forest
train_ep_005519,loc__hidden_revolutionaries_headquarters__536080d4,hidden revolutionaries' headquarters,Inside Palace
train_ep_005520,loc__acid_yard__7930efda,acid yard,Outside Castle
train_ep_005521,loc__hay_field__0bbfde04,hay field,Outside Cottage
train_ep_005522,loc__castle_front__1f50ceb7,castle front,Inside Palace
train_ep_005523,loc__horse_tent__858443dc,horse tent,Farm
train_ep_005524,loc__throne_room__f4977c99,throne room,Inside Palace
train_ep_005525,loc__guards_quarters__94702054,guards quarters,Inside Tower
train_ep_005526,loc__knife_seller__e0a51e70,knife seller,Bazaar
train_ep_005527,loc__general_store__53a8fbb0,general store,Town
train_ep_005528,loc__mysterious_shop_s_entrance__212a3859,mysterious shop's entrance,Bazaar
train_ep_005529,loc__beside_the_town_church__0b0b1726,beside the town church,Outside Church
train_ep_005530,loc__entryway_to_the_wizards_tower__7a21df60,entryway to the wizards tower,Inside Tower
train_ep_005531,loc__main_gate__d66ce966,main gate,Countryside
train_ep_005532,loc__palace_garden__46ae3845,palace garden,Outside Palace
train_ep_005533,loc__gold_room__42a3e93d,gold room,Inside Tower
train_ep_005534,loc__visitor_s_entrance__44f22aeb,visitor's entrance,Inside Temple
train_ep_005535,loc__supply_store__9776432b,supply store,Port
train_ep_005536,loc__throne_room__f4977c99,throne room,Inside Tower
train_ep_005537,loc__bazaar_outside_the_royal_city__3f48a35a,bazaar outside the royal city,Bazaar
train_ep_005538,loc__cactus_field_entrance__cba07803,cactus field entrance,Desert
train_ep_005539,loc__outside_of_the_temple_offices__dd9f1ee7,outside of the temple offices,Outside Temple
train_ep_005540,loc__temple_chamber__417585e8,temple chamber,Inside Temple
train_ep_005541,loc__town_center__f942e8bf,town center,Town
train_ep_005542,loc__castle_kitchen__b00392de,castle kitchen,Inside Castle
train_ep_005543,loc__grand_desert__c682352f,grand desert,Desert
train_ep_005544,loc__disposal_area__72d310fd,disposal area,Inside Castle
train_ep_005545,loc__village_of_tamerak__7e6c027e,village of tamerak,Port
train_ep_005546,loc__pine_tree_graveyard__18f73c00,pine tree graveyard,Forest
train_ep_005547,loc__personal_rooms__f7ec06d2,personal rooms,Inside Palace
train_ep_005548,loc__mansion_entrance__5c32e57d,mansion entrance,Inside Cottage
train_ep_005549,loc__curved_hallway__638b964b,curved hallway,Inside Tower
train_ep_005550,loc__inside_the_ruined_house__f351c82a,inside the ruined house,Inside Cottage
train_ep_005551,loc__city_of_elders__fa058cbe,city of elders,Town
train_ep_005552,loc__hidden_garden__f2140155,hidden garden,Outside Palace
train_ep_005553,loc__ghost_trail__7855adca,ghost trail,Trail
train_ep_005554,loc__spring_bath__6aa6bed3,spring bath,Outside Temple
train_ep_005555,loc__brimswood_pub__2b57d3a7,brimswood pub,Tavern
train_ep_005556,loc__main_chapel__05b43d90,main chapel,Inside Church
train_ep_005557,loc__lavoratory__9cb21908,lavoratory,Inside Castle
train_ep_005558,loc__nearby_road__b720e559,nearby road,Countryside
train_ep_005559,loc__council_of_twelve__3232fa93,council of twelve,Inside Temple
train_ep_005560,loc__tub__271721b2,tub,Inside Tower
train_ep_005561,loc__arsenal__1c5442c0,arsenal,Inside Tower
train_ep_005562,loc__torture_equipment_storage_room__8c501a45,torture equipment storage room,Dungeon
train_ep_005563,loc__farmer_s_house__742677bc,farmer's house,Farm
train_ep_005564,loc__castle_foothills__40ba7cae,castle foothills,Outside Tower
train_ep_005565,loc__tower_spire__a8295baa,tower spire,Inside Tower
train_ep_005566,loc__saloon__453c44d3,saloon,Tavern
train_ep_005567,loc__basement__48719d32,basement,Inside Castle
train_ep_005568,loc__trail_exit__e1ead7cf,trail exit,Trail
train_ep_005569,loc__bazaar__8c5c7284,bazaar,Bazaar
train_ep_005570,loc__along_the_pews__731918a2,along the pews,Inside Church
train_ep_005571,loc__gate_to_street__63c54887,gate to street,Outside Church
train_ep_005572,loc__pier_walkway__6cc5e473,pier walkway,Shore
train_ep_005573,loc__attic__0535c94e,attic,Inside Church
train_ep_005574,loc__hidden_passage__6bec6a12,hidden passage,Inside Church
train_ep_005575,loc__temple_hallway__fc747e35,temple hallway,Inside Temple
train_ep_005576,loc__old_docks__ed431416,old docks,Shore
train_ep_005577,loc__courtyard_exterior__9602be9c,courtyard exterior,Outside Palace
train_ep_005578,loc__room_hidden_in_the_dense_canopy__eb412c40,room hidden in the dense canopy,Forest
train_ep_005579,loc__small_clearing__18adfedc,small clearing,Mountain
train_ep_005580,loc__weapons_storage_room__e2250d82,weapons storage room,Outside Castle
train_ep_005581,loc__kitchens__dfd09a86,kitchens,Inside Castle
train_ep_005582,loc__battlements__65ce509a,battlements,Outside Castle
train_ep_005583,loc__blacksmith__c2428781,blacksmith,Bazaar
train_ep_005584,loc__collapsed_west_wing__5208068f,collapsed west wing,Abandoned
train_ep_005585,loc__sewer_entrance__f153eab9,sewer entrance,Inside Tower
train_ep_005586,loc__church_coat_room__3bec4535,church coat room,Inside Church
train_ep_005587,loc__ant_hill__01158295,ant hill,Forest
train_ep_005588,loc__unsettling_forest_area__3d5f756b,unsettling forest area,Forest
train_ep_005589,loc__decoration_shop__cf40d2dc,decoration shop,Outside Temple
train_ep_005590,loc__top_floor_of_palace__ab540b82,top floor of palace,Inside Palace
train_ep_005591,loc__secret_tunnel__57b3c615,secret tunnel,Cave
train_ep_005592,loc__dead_valley__fe83fd28,dead valley,Desert
train_ep_005593,loc__dangerous_precipice__81c337c6,dangerous precipice,Mountain
train_ep_005594,loc__kitchens__dfd09a86,kitchens,Inside Tower
train_ep_005595,loc__soldiers_camp__2d6b7401,soldiers camp,Swamp
train_ep_005596,loc__secret_tunnel__57b3c615,secret tunnel,Inside Castle
train_ep_005597,loc__alchemists_bedroom__cfb992f0,alchemists bedroom,Inside Tower
train_ep_005598,loc__flower_garden__879381ca,flower garden,Forest
train_ep_005599,loc__guard_barracks__c7741c50,guard barracks,Inside Castle
train_ep_005600,loc__backyard__3bec248d,backyard,Outside Cottage
train_ep_005601,loc__grand_balcony__41fccf30,grand balcony,Inside Palace
train_ep_005602,loc__rat_den__b7a41895,rat den,Inside Tower
train_ep_005603,loc__midland_town__3abef145,midland town,Wasteland
train_ep_005604,loc__underwater_cave__155a0a0e,underwater cave,Cave
train_ep_005605,loc__castle_royal_tower__bb8b04a7,castle royal tower,Inside Castle
train_ep_005606,loc__keep__18ccf61d,keep,Inside Tower
train_ep_005607,loc__outlaws_jungle__b0c0b7b2,outlaws' jungle,Jungle
train_ep_005608,loc__church_foyer__e8aee950,church foyer,Inside Church
train_ep_005609,loc__main_graveyard__ad70495d,main graveyard,Graveyard
train_ep_005610,loc__confessions_room__d87965d0,confessions room,Inside Church
train_ep_005611,loc__outside_gates__58dbbce8,outside gates,Outside Cottage
train_ep_005612,loc__peasant_living_quarters__004fcc5f,peasant living quarters,Outside Palace
train_ep_005613,loc__temple_marketplace__34f9194f,temple marketplace,Inside Temple
train_ep_005614,loc__picnic_area__4a212f77,picnic area,Forest
train_ep_005615,loc__darkest_part_of_the_swamp__4a37261f,darkest part of the swamp,Swamp
train_ep_005616,loc__path_to_the_manor__cd09e091,path to the manor,Countryside
train_ep_005617,loc__prayer_bell__021f8e15,prayer bell,Inside Church
train_ep_005618,loc__garden_courtyard__2530f6d1,garden courtyard,Inside Castle
train_ep_005619,loc__abandoned_mine_entrance__5698b058,abandoned mine entrance,Abandoned
train_ep_005620,loc__pet_chamber__bc1946e1,pet chamber,Inside Castle
train_ep_005621,loc__royal_farm__c7a2ee7a,royal farm,Farm
train_ep_005622,loc__jail_entrance__ca63e7c2,jail entrance,Inside Tower
train_ep_005623,loc__farmers_market__3aa5b02b,farmers market,Bazaar
train_ep_005624,loc__palace_entrance__fb45dbba,palace entrance,Inside Palace
train_ep_005625,loc__back_room__d5bde542,back room,Inside Church
train_ep_005626,loc__clean_water_lake__13349d26,clean water lake,Lake
train_ep_005627,loc__basement__48719d32,basement,Inside Castle
train_ep_005628,loc__school__7516c3b3,school,Bazaar
train_ep_005629,loc__grand_dining_room__8cb359cc,grand dining room,Inside Palace
train_ep_005630,loc__holy_alter__dd5ad709,holy alter,Inside Church
train_ep_005631,loc__throne_room__f4977c99,throne room,Inside Castle
train_ep_005632,loc__kebab_stall__d83535f0,kebab stall,Bazaar
train_ep_005633,loc__open_field__28aeddc6,open field,Farm
train_ep_005634,loc__wealthy_area_of_town__260fb03e,wealthy area of town,Town
train_ep_005635,loc__king_s_dorm__f69cf31d,king's dorm,Inside Tower
train_ep_005636,loc__church__916586c8,church,Outside Church
train_ep_005637,loc__cave_exit__6e09c118,cave exit,Cave
train_ep_005638,loc__main_gate__d66ce966,main gate,Outside Castle
train_ep_005639,loc__trailhead__55ecf8e5,trailhead,Trail
train_ep_005640,loc__bedrooms__8fb3ca52,bedrooms,Inside Palace
train_ep_005641,loc__dogs_domain__0a1f1a65,dogs' domain,Inside Church
train_ep_005642,loc__hiking_path__ba82059c,hiking path,Mountain
train_ep_005643,loc__bazaar_gambling__0e92d983,bazaar gambling,Bazaar
train_ep_005644,loc__orc_cave__9c2ad64e,orc cave,Cave
train_ep_005645,loc__apple_trees__6ead89c4,apple trees,Bazaar
train_ep_005646,loc__pharmacy__bf4e2878,pharmacy,Town
train_ep_005647,loc__main_street__18c6980d,main street,Graveyard
train_ep_005648,loc__rectory__af9459b5,rectory,Inside Church
train_ep_005649,loc__simple_town__9836124a,simple town,Town
train_ep_005650,loc__church_entryway__b0c14c9f,church entryway,Inside Church
train_ep_005651,loc__large_farm__653ba215,large farm,Farm
train_ep_005652,loc__firewood_forest__049c4d45,firewood forest,Forest
train_ep_005653,loc__temple_gardens__e5c59366,temple gardens,Outside Temple
train_ep_005654,loc__church_field__80ff45f8,church field,Outside Church
train_ep_005655,loc__southernmost_tower_entryway__af5a2a89,southernmost tower entryway,Inside Tower
train_ep_005656,loc__meadow__07a42035,meadow,Countryside
train_ep_005657,loc__central_bazaar__afde3f95,central bazaar,Bazaar
train_ep_005658,loc__mysterious_forest_outskirts__78c6782b,mysterious forest outskirts,Forest
train_ep_005659,loc__castle_farm__90bc7176,castle farm,Farm
train_ep_005660,loc__lower_dungeon_guard_room__f88d3041,lower dungeon guard room,Dungeon
train_ep_005661,loc__cottage_safe_room__ce08f1a3,cottage safe-room,Inside Cottage
train_ep_005662,loc__in_front_of_a_stone_tower__79dd0512,in front of a stone tower,Outside Tower
train_ep_005663,loc__small_church__9543420f,small church,Inside Church
train_ep_005664,loc__hilltop_temple_grounds__9a75117c,hilltop temple grounds,Outside Temple
train_ep_005665,loc__cottage_entryway__e5f1139f,cottage entryway,Inside Cottage
train_ep_005666,loc__wet_dungeon__b3fe19bc,wet dungeon,Dungeon
train_ep_005667,loc__enormous_church_entrance_door__4425590a,enormous church entrance door,Outside Church
train_ep_005668,loc__castle_maids_room__208d485a,castle maids' room,Inside Castle
train_ep_005669,loc__privy_room__3e3bfa73,privy room,Inside Castle
train_ep_005670,loc__inside_temple__78c8ad2b,inside temple,Inside Temple
train_ep_005671,loc__castle_courtyard_bazaar__f18a3852,castle courtyard bazaar,Bazaar
train_ep_005672,loc__unexplored_jungle__ff39ded3,unexplored jungle,Jungle
train_ep_005673,loc__haunted_swamp__8ecea208,haunted swamp,Swamp
train_ep_005674,loc__turquoise_shore__9c4dff53,turquoise shore,Shore
train_ep_005675,loc__forsaken_castle__e4d7c5af,forsaken castle,Abandoned
train_ep_005676,loc__great_hall__91ce0dd0,great hall,Inside Tower
train_ep_005677,loc__abandoned_mine__75691f18,abandoned mine,Mountain
train_ep_005678,loc__unfinished_mausoleum__d8f26138,unfinished mausoleum,Graveyard
train_ep_005679,loc__fishmonger_s_stall__b989772f,fishmonger's stall,Port
train_ep_005680,loc__beach__7193529a,beach,Shore
train_ep_005681,loc__abandoned_mine__75691f18,abandoned mine,Abandoned
train_ep_005682,loc__bamboo_hut__fe75e1af,bamboo hut,Jungle
train_ep_005683,loc__dungeon__e0dc3209,dungeon,Inside Palace
train_ep_005684,loc__path_in_forest__b615034b,path in forest,Trail
train_ep_005685,loc__prayer_room__b4ab9d1e,prayer room,Inside Temple
train_ep_005686,loc__barn__5dfcc0aa,barn,Farm
train_ep_005687,loc__cemetery__dccbebc2,cemetery,Graveyard
train_ep_005688,loc__meadow__07a42035,meadow,Countryside
train_ep_005689,loc__cave__e386df9e,cave,Mountain
train_ep_005690,loc__confessional__f24d3972,confessional,Inside Church
train_ep_005691,loc__island__3dbacfd7,island,Lake
train_ep_005692,loc__lighthouse__fad0ce22,lighthouse,Shore
train_ep_005693,loc__bar__37b51d19,bar,Tavern
train_ep_005694,loc__prison_room__075cec3e,prison room,Inside Tower
train_ep_005695,loc__watchtower__2275d0f0,watchtower,Outside Tower
train_ep_005696,loc__port_tavern__48d771c2,port tavern,Port
train_ep_005697,loc__dungeon__e0dc3209,dungeon,Inside Castle
train_ep_005698,loc__graveyard__7b3ab674,graveyard,Graveyard
train_ep_005699,loc__master_bedroom__ee30383a,master bedroom,Inside Palace
train_ep_005700,loc__outside_temple__4d6f89cb,outside temple,Outside Temple
train_ep_005701,loc__outside_castle__fd9e3171,outside castle,Outside Castle
train_ep_005702,loc__opening_to_the_drawbridge_of_the_castle__7901de11,opening to the drawbridge of the castle,Trail
train_ep_005703,loc__bell_tower__53496f39,bell tower,Inside Church
train_ep_005704,loc__troll_s_bridge__934a7368,troll's bridge,Swamp
train_ep_005705,loc__barn__5dfcc0aa,barn,Farm
train_ep_005706,loc__dungeon_within_a_castle__30c5909c,dungeon within a castle,Dungeon
train_ep_005707,loc__wooded_magical_village__0d0cf6a7,wooded magical village,Forest
train_ep_005708,loc__abandoned_castle_on_an_ocean_cliff_side__2a4a7700,abandoned castle on an ocean cliff side,Abandoned
train_ep_005709,loc__inside_a_desolate_cave__62f3c8b1,inside a desolate cave,Dungeon
train_ep_005710,loc__knights_quarters__d1135fd1,knights quarters,Inside Castle
train_ep_005711,loc__dwarven_city__24e5c23d,dwarven city,Mountain
train_ep_005712,loc__underground_chamber__d71a7d7a,underground chamber,Cave
train_ep_005713,loc__outside_the_church_of_monks__12e0820b,outside the church of monks,Outside Church
train_ep_005714,loc__temple_courtyard__c65f7648,temple courtyard,Outside Temple
train_ep_005715,loc__inside_the_unicorn_palace__56787601,inside the unicorn palace,Inside Palace
train_ep_005716,loc__inside_temple__78c8ad2b,inside temple,Inside Temple
train_ep_005717,loc__witches_cottage__6a123241,witches cottage,Outside Cottage
train_ep_005718,loc__fairy_forest__c73e62c1,fairy forest,Forest
train_ep_005719,loc__inside_the_fairies_church__7a838b07,inside the fairies church,Inside Church
train_ep_005720,loc__inside_the_king_s_palace__ad1ed203,inside the king's palace,Inside Palace
train_ep_005721,loc__inside_temple__78c8ad2b,inside temple,Inside Temple
train_ep_005722,loc__dining_hall__10c40af2,dining hall,Inside Tower
train_ep_005723,loc__confessional_room__22bf6614,confessional room,Inside Church
train_ep_005724,loc__oasis__335ffbcf,oasis,Desert
train_ep_005725,loc__wizard_s_quarters__e0890c7c,wizard's quarters,Outside Tower
train_ep_005726,loc__dungeon__e0dc3209,dungeon,Inside Castle
train_ep_005727,loc__cave__e386df9e,cave,Cave
train_ep_005728,loc__castle__9355a9f9,castle,Inside Castle
train_ep_005729,loc__bazaar__8c5c7284,bazaar,Bazaar
train_ep_005730,loc__tower__79835ea3,tower,Inside Tower
train_ep_005731,loc__tower__79835ea3,tower,Outside Tower
train_ep_005732,loc__royal_gardens__e410d0fe,royal gardens,Outside Palace
train_ep_005733,loc__bazaar__8c5c7284,bazaar,Bazaar
train_ep_005734,loc__docks__d1b1bb99,docks,Port
train_ep_005735,loc__sacred_temple__0ee6dca9,sacred temple,Inside Church
train_ep_005736,loc__lagoon__664a6ce4,lagoon,Lake
train_ep_005737,loc__inside_the_temple__573b0d5f,inside the temple,Inside Temple
train_ep_005738,loc__cave__e386df9e,cave,Cave
train_ep_005739,loc__outside_tower__7dc67c9f,outside tower,Outside Tower
train_ep_005740,loc__jungle__5d991220,jungle,Jungle
train_ep_005741,loc__lake__97d986e2,lake,Lake
train_ep_005742,loc__living_quarters__26fbc0ca,living quarters,Farm
train_ep_005743,loc__riverbed__acbe6245,riverbed,Forest
train_ep_005744,loc__mud_pit__7a862ed0,mud pit,Jungle
train_ep_005745,loc__military_outpost_at_the_heart_of_the_swamp__0b91dfd0,military outpost at the heart of the swamp,Swamp
train_ep_005746,loc__royal_kitchen__fca4f709,royal kitchen,Inside Palace
train_ep_005747,loc__inside_tower__3d67c0a7,inside tower,Inside Tower
train_ep_005748,loc__abandoned_shack__d3865a64,abandoned shack,Wasteland
train_ep_005749,loc__princess_library__7426d41f,princess' library,Inside Palace
train_ep_005750,loc__yurt__e67b7569,yurt,Desert
train_ep_005751,loc__spice_stall__5ddd9bb4,spice stall,Bazaar
train_ep_005752,loc__treasure_cavern__26b58d7a,treasure cavern,Inside Temple
train_ep_005753,loc__bathroom__67518d64,bathroom,Inside Tower
train_ep_005754,loc__tree_house__493a5d1a,tree house,Jungle
train_ep_005755,loc__town_square__4d10acd1,town square,Town
train_ep_005756,loc__kings_chambers__3b38188f,kings chambers,Inside Palace
train_ep_005757,loc__trash_heap__0e440590,trash heap,Wasteland
train_ep_005758,loc__courtyard__2c2bf458,courtyard,Outside Palace
train_ep_005759,loc__top_side_tower_overlooking_view__8b843a89,top side tower overlooking view,Outside Tower
train_ep_005760,loc__black_smiths_shop__5379f4dc,black smiths shop,Town
train_ep_005761,loc__armory__f1c6e216,armory,Inside Castle
train_ep_005762,loc__barn__5dfcc0aa,barn,Farm
train_ep_005763,loc__torture_chamber__11dfca19,torture chamber,Dungeon
train_ep_005764,loc__bedroom__cff8b1fe,bedroom,Inside Cottage
train_ep_005765,loc__throne_room__f4977c99,throne room,Shore
train_ep_005766,loc__coast__756d153b,coast,Shore
train_ep_005767,loc__bat_room__c322be72,bat room,Cave
train_ep_005768,loc__choir_room__35978911,choir room,Inside Church
train_ep_005769,loc__jail_room__4ad818b4,jail room,Inside Tower
train_ep_005770,loc__town_theater__8fa3302e,town theater,Town
train_ep_005771,loc__underground_cavern__2714911b,underground cavern,Cave
train_ep_005772,loc__castle_kitchen__b00392de,castle kitchen,Inside Palace
train_ep_005773,loc__moat__3c3a57f1,moat,Outside Palace
train_ep_005774,loc__bedroom__cff8b1fe,bedroom,Inside Cottage
train_ep_005775,loc__clergyman_s_office__30ca015e,clergyman's office,Inside Temple
train_ep_005776,loc__gathering_room__2b59ea3f,gathering room,Inside Cottage
train_ep_005777,loc__waterfall__911b1ca4,waterfall,Mountain
train_ep_005778,loc__grand_dancing_hall__7dd99710,grand dancing hall,Inside Palace
train_ep_005779,loc__top_of_a_tall_tree__6c2eb414,top of a tall tree,Jungle
train_ep_005780,loc__murky_water__7482dbbf,murky water,Swamp
train_ep_005781,loc__dining_hall__10c40af2,dining hall,Inside Castle
train_ep_005782,loc__summit__cc8c6287,summit,Mountain
train_ep_005783,loc__scenic_overlook__9ccff5f9,scenic overlook,Trail
train_ep_005784,loc__secret_oasis__4b7fea6a,secret oasis,Desert
train_ep_005785,loc__town__7198cda5,town,Town
train_ep_005786,loc__tombstones_of_the_kings__f98f35ed,tombstones of the kings,Graveyard
train_ep_005787,loc__sanctuary__80452c45,sanctuary,Inside Church
train_ep_005788,loc__rectory__af9459b5,rectory,Inside Church
train_ep_005789,loc__meditation_room__40c0a44e,meditation room,Inside Temple
train_ep_005790,loc__loading_dock__2e35f637,loading dock,Port
train_ep_005791,loc__mountain_peak__924f5a88,mountain peak,Mountain
train_ep_005792,loc__tower_base__11a0e527,tower base,Outside Tower
train_ep_005793,loc__king_s_quarters__b44e1648,king's quarters,Inside Tower
train_ep_005794,loc__oracle_cave__d32dc815,oracle cave,Mountain
train_ep_005795,loc__spiral_staircase__031e4915,spiral staircase,Inside Tower
train_ep_005796,loc__confessional__f24d3972,confessional,Inside Church
train_ep_005797,loc__beyond_the_wall__adff6e1c,beyond the wall,Outside Castle
train_ep_005798,loc__marketplace__bc5986eb,marketplace,Port
train_ep_005799,loc__land_beyond_the_wasteland__0b3b29ad,land beyond the wasteland,Abandoned
train_ep_005800,loc__behind_the_servant_quarters__9413241c,behind the servant quarters,Wasteland
train_ep_005801,loc__adjacent_to_the_guest_castle__7becb0d5,adjacent to the guest castle,Farm
train_ep_005802,loc__inside_the_king_s_castle__afab450e,inside the king's castle,Inside Tower
train_ep_005803,loc__across_the_king_s_garden__82bbf802,across the king's garden,Trail
train_ep_005804,loc__within_the_king_s_mansion__ffdc1072,within the king's mansion,Inside Temple
train_ep_005805,loc__market_center__f92392bc,market center,Tavern
train_ep_005806,loc__chapel__5ee4b863,chapel,Inside Church
train_ep_005807,loc__bar__37b51d19,bar,Tavern
train_ep_005808,loc__battleship__e82a29f3,battleship,Shore
train_ep_005809,loc__entrance_to_castle__6ce4a988,entrance to castle,Outside Castle
train_ep_005810,loc__cabin__92faafe2,cabin,Countryside
train_ep_005811,loc__pew__08db7753,pew,Inside Church
train_ep_005812,loc__shop_in_bazaar__bb1b9374,shop in bazaar,Bazaar
train_ep_005813,loc__entrance_to_church__2ba81d25,entrance to church,Outside Church
train_ep_005814,loc__dock_at_the_port__eaf44017,dock at the port,Port
train_ep_005815,loc__dock__05debdb8,dock,Lake
train_ep_005816,loc__witch_s_house__f92034cd,witch's house,Swamp
train_ep_005817,loc__within_the_walls_of_the_city__ccd0198d,within the walls of the city,Inside Tower
train_ep_005818,loc__queen_s_chamber__e51179c6,queen's chamber,Inside Palace
train_ep_005819,loc__cottage__144deb32,cottage,Countryside
train_ep_005820,loc__bog__e07cd172,bog,Swamp
train_ep_005821,loc__dining_hall__10c40af2,dining hall,Inside Palace
train_ep_005822,loc__nave__bfe4b52c,nave,Inside Church
train_ep_005823,loc__king_s_quarters__b44e1648,king's quarters,Shore
train_ep_005824,loc__princess_chamber__b18da5a3,princess' chamber,Inside Tower
train_ep_005825,loc__inside_church__aab73af9,inside church,Inside Church
train_ep_005826,loc__training_fields__20aac210,training fields,Outside Palace
train_ep_005827,loc__alchemists_lab__d5456245,alchemists lab,Inside Tower
train_ep_005828,loc__nursery__a718a874,nursery,Inside Palace
train_ep_005829,loc__royal_stables__25af2687,royal stables,Outside Castle
train_ep_005830,loc__kitchen__09228dac,kitchen,Tavern
train_ep_005831,loc__boathouse__f1916d48,boathouse,Swamp
train_ep_005832,loc__nave__bfe4b52c,nave,Inside Church
train_ep_005833,loc__tool_shed__5a0c79ce,tool shed,Outside Cottage
train_ep_005834,loc__kitchen__09228dac,kitchen,Inside Cottage
train_ep_005835,loc__library__d521f765,library,Inside Castle
train_ep_005836,loc__dining_hall__10c40af2,dining hall,Inside Castle
train_ep_005837,loc__courtyard__2c2bf458,courtyard,Outside Palace
train_ep_005838,loc__troll_s_lair__218cc09b,troll's lair,Cave
train_ep_005839,loc__barracks__2ce29011,barracks,Outside Castle
train_ep_005840,loc__throne_room__f4977c99,throne room,Inside Tower
train_ep_005841,loc__brush_den__e1300d94,brush den,Forest
train_ep_005842,loc__kitchen__09228dac,kitchen,Tavern
train_ep_005843,loc__boathouse__f1916d48,boathouse,Swamp
train_ep_005844,loc__nave__bfe4b52c,nave,Inside Church
train_ep_005845,loc__tool_shed__5a0c79ce,tool shed,Outside Cottage
train_ep_005846,loc__kitchen__09228dac,kitchen,Inside Cottage
train_ep_005847,loc__library__d521f765,library,Inside Castle
train_ep_005848,loc__troll_s_lair__218cc09b,troll's lair,Cave
train_ep_005849,loc__barracks__2ce29011,barracks,Outside Castle
train_ep_005850,loc__throne_room__f4977c99,throne room,Inside Tower
train_ep_005851,loc__brush_den__e1300d94,brush den,Forest
train_ep_005852,loc__next_to_an_altar__6252d8d6,next to an altar,Inside Church
train_ep_005853,loc__ball_room__e26306dc,ball room,Inside Palace
train_ep_005854,loc__king_s_bedroom__03fb30e9,king's bedroom,Inside Palace
train_ep_005855,loc__along_the_banks_of_a_river_in_the_forest__1893d3d3,along the banks of a river in the forest,Forest
train_ep_005856,loc__jewelry_stall__2ec13fd4,jewelry stall,Bazaar
train_ep_005857,loc__winter_gardens__e59bb816,winter gardens,Outside Tower
train_ep_005858,loc__servant_s_quarters__2ab37024,servant's quarters,Inside Palace
train_ep_005859,loc__cursed_grave__7f5aabe1,cursed grave,Graveyard
train_ep_005860,loc__foyer__114ad31a,foyer,Inside Palace
train_ep_005861,loc__guard_shack__0ef62152,guard shack,Outside Tower
train_ep_005862,loc__hall_of_the_goddess__7c0819d4,hall of the goddess,Inside Temple
train_ep_005863,loc__throne__253d405e,throne,Inside Palace
train_ep_005864,loc__old_red_barn__d6b0cfd8,old red barn,Farm
train_ep_005865,loc__desert_cavern__9287fea8,desert cavern,Desert
train_ep_005866,loc__cactus_field__ce508a05,cactus field,Desert
train_ep_005867,loc__fishing_pier__fd5d48a9,fishing pier,Shore
train_ep_005868,loc__high_priest_chamber__3d59d244,high priest chamber,Inside Church
train_ep_005869,loc__quicksand_pit__591e521d,quicksand pit,Swamp
train_ep_005870,loc__beside_church_pews__8d83bdb7,beside church pews,Inside Church
train_ep_005871,loc__sacrifice_chamber__8aaf85ac,sacrifice chamber,Inside Temple
train_ep_005872,loc__beach_house__64bd4f8d,beach house,Shore
train_ep_005873,loc__mushroom_hut__8bb7cd75,mushroom hut,Outside Cottage
train_ep_005874,loc__pirate_ship__a3eb0b34,pirate ship,Port
train_ep_005875,loc__beside_tower_entrance__4289dcc4,beside tower entrance,Inside Tower
train_ep_005876,loc__palace_kitchen__4dee9bb6,palace kitchen,Inside Palace
train_ep_005877,loc__palace_throne__edc54e5f,palace throne,Inside Palace
train_ep_005878,loc__inside_cottage_kitchen__5eaa1ce9,inside cottage kitchen,Inside Cottage
train_ep_005879,loc__hillside_manor__b1ec6b5a,hillside manor,Countryside
train_ep_005880,loc__pig_pen__cd6444b3,pig pen,Countryside
train_ep_005881,loc__beside_temple_entrance__b712f707,beside temple entrance,Outside Temple
train_ep_005882,loc__tower_dungeon__3b953217,tower dungeon,Inside Tower
train_ep_005883,loc__beside_church_entrance__2206aedf,beside church entrance,Outside Church
train_ep_005884,loc__castle_armory__c05c8115,castle armory,Inside Castle
train_ep_005885,loc__hillside_mansion__369afa4b,hillside mansion,Countryside
train_ep_005886,loc__palace_ballroom__e83afcc3,palace ballroom,Inside Palace
train_ep_005887,loc__church_altar__b46bba3c,church altar,Inside Church
train_ep_005888,loc__tower_sewers__135799e5,tower sewers,Inside Tower
train_ep_005889,loc__towering_mesa__148ef02b,towering mesa,Desert
train_ep_005890,loc__inside_temple_crypt__eb261a98,inside temple crypt,Inside Temple
train_ep_005891,loc__small_hut__78dbc695,small hut,Jungle
train_ep_005892,loc__gold_mine__23a64f00,gold mine,Abandoned
train_ep_005893,loc__stable__f40faf63,stable,Outside Castle
train_ep_005894,loc__room_at_the_top_of_the_tower__bebc68b6,room at the top of the tower,Inside Castle
train_ep_005895,loc__lonely_island__941f1782,lonely island,Abandoned
train_ep_005896,loc__public_execution_stand__ec1c97f7,public execution stand,Bazaar
train_ep_005897,loc__sitting_room__152ab82c,sitting room,Inside Cottage
train_ep_005898,loc__whipping_station__cd58acd7,whipping station,Outside Church
train_ep_005899,loc__prison_room__075cec3e,prison room,Inside Tower
train_ep_005900,loc__bedding_room__8584585f,bedding room,Inside Palace
train_ep_005901,loc__fountain__79de7a61,fountain,Graveyard
train_ep_005902,loc__oasis__335ffbcf,oasis,Desert
train_ep_005903,loc__beach_house__64bd4f8d,beach house,Shore
train_ep_005904,loc__stained_glass_room__fe4963f3,stained glass room,Inside Church
train_ep_005905,loc__farmer_hill__b21f8161,farmer hill,Outside Cottage
train_ep_005906,loc__mars_desert__d8c9aa45,mars desert,Desert
train_ep_005907,loc__clearing__5832a4d8,clearing,Forest
train_ep_005908,loc__hall_of_echoes__55050f7d,hall of echoes,Inside Temple
train_ep_005909,loc__bathing_room__e8175c31,bathing room,Inside Temple
train_ep_005910,loc__mysterious_shop__454073ca,mysterious shop,Bazaar
train_ep_005911,loc__town_of_anoria__bfbab07a,town of anoria,Town
train_ep_005912,loc__show_room_inside_the_castle__f6ac41dd,show room inside the castle,Inside Castle
train_ep_005913,loc__inside_church_back_row__5cc901b4,inside church back row,Inside Church
train_ep_005914,loc__bone_pit__bec80d68,bone pit,Outside Temple
train_ep_005915,loc__enchanted_light_house__0bd68be0,enchanted light house,Shore
train_ep_005916,loc__sacrificial_altar__0974214f,sacrificial altar,Inside Temple
train_ep_005917,loc__murder_hole__da3df777,murder hole,Inside Tower
train_ep_005918,loc__dungeon__e0dc3209,dungeon,Inside Temple
train_ep_005919,loc__garden__e2704f30,garden,Outside Cottage
train_ep_005920,loc__dining_hall__10c40af2,dining hall,Inside Tower
train_ep_005921,loc__bank__bd5af1f6,bank,Swamp
train_ep_005922,loc__main_entrance__68f3df62,main entrance,Outside Temple
train_ep_005923,loc__storage_room__ab9f0184,storage room,Dungeon
train_ep_005924,loc__study_room__5698bd87,study room,Inside Church
train_ep_005925,loc__ruined_house__b253dd25,ruined house,Abandoned
train_ep_005926,loc__reception_area__9f5fd34c,reception area,Graveyard
train_ep_005927,loc__garden__e2704f30,garden,Outside Palace
train_ep_005928,loc__dock__05debdb8,dock,Port
train_ep_005929,loc__weapon_room__a7162ba9,weapon room,Inside Temple
train_ep_005930,loc__small_graveyard__d12232a8,small graveyard,Outside Cottage
train_ep_005931,loc__entrance__2a20afe0,entrance,Cave
train_ep_005932,loc__armory__f1c6e216,armory,Inside Castle
train_ep_005933,loc__stable__f40faf63,stable,Farm
train_ep_005934,loc__storage_room__ab9f0184,storage room,Tavern
train_ep_005935,loc__clearing__5832a4d8,clearing,Jungle
train_ep_005936,loc__nave__bfe4b52c,nave,Inside Church
train_ep_005937,loc__graveyard__7b3ab674,graveyard,Outside Church
train_ep_005938,loc__torture_room__87c0e788,torture room,Dungeon
train_ep_005939,loc__stable__f40faf63,stable,Outside Palace
train_ep_005940,loc__courtyard__2c2bf458,courtyard,Outside Palace
train_ep_005941,loc__main_hallway__840c1503,main hallway,Inside Palace
train_ep_005942,loc__town_square__4d10acd1,town square,Town
train_ep_005943,loc__hidden_passageway__d7cdebb5,hidden passageway,Inside Temple
train_ep_005944,loc__grand_ballroom__52b4001e,grand ballroom,Inside Castle
train_ep_005945,loc__old_crypt__9f170f50,old crypt,Graveyard
train_ep_005946,loc__castle_kitchen__b00392de,castle kitchen,Inside Castle
train_ep_005947,loc__weathered_shack__8c23b906,weathered shack,Abandoned
train_ep_005948,loc__debtor_s_prison__ea99977f,debtor's prison,Inside Tower
train_ep_005949,loc__temple_entrance__71ae50b0,temple entrance,Outside Temple
train_ep_005950,loc__staircase__7dbf02f9,staircase,Inside Tower
train_ep_005951,loc__tree_of_spirits__e757fcef,tree of spirits,Trail
train_ep_005952,loc__royal_tomb__1b57a10e,royal tomb,Inside Temple
train_ep_005953,loc__popes_dormitory__ddb11751,popes dormitory,Inside Church
train_ep_005954,loc__brim_canal__7a498e16,brim canal,Lake
train_ep_005955,loc__maidens_cottage__ce8fe6f9,maidens cottage,Countryside
train_ep_005956,loc__horse_s_stables__0cd4df4c,horse's stables,Outside Cottage
train_ep_005957,loc__horse_field__eeae819a,horse field,Countryside
train_ep_005958,loc__hunting_grounds__6ac15b3d,hunting grounds,Trail
train_ep_005959,loc__prisoner_s_cell__bf78e6a1,prisoner's cell,Dungeon
train_ep_005960,loc__queen_s_quarters__22b70e95,queen's quarters,Inside Palace
train_ep_005961,loc__cemetery__dccbebc2,cemetery,Wasteland
train_ep_005962,loc__artillery_room__9af01c49,artillery room,Inside Tower
train_ep_005963,loc__archery_zone__fdb7c330,archery zone,Outside Castle
train_ep_005964,loc__priest_s_chambers__1ebce5c5,priest's chambers,Inside Temple
train_ep_005965,loc__kitchen__09228dac,kitchen,Inside Castle
train_ep_005966,loc__king_s_chambers__e3e597fe,king's chambers,Inside Palace
train_ep_005967,loc__master_bedroom__ee30383a,master bedroom,Inside Castle
train_ep_005968,loc__outpost__9e81fdfb,outpost,Mountain
train_ep_005969,loc__royal_shipyard__fc976e6e,royal shipyard,Port
train_ep_005970,loc__ritual_room__4574deb8,ritual room,Inside Temple
train_ep_005971,loc__front_of_the_cottage__908b24e7,front of the cottage,Outside Cottage
train_ep_005972,loc__village_at_the_base_of_the_mountain__47dbe2ea,village at the base of the mountain,Mountain
train_ep_005973,loc__confession_box__fb7e21f1,confession box,Inside Church
train_ep_005974,loc__bandit_lair__90d428ee,bandit lair,Cave
train_ep_005975,loc__tent__7b65dcf0,tent,Desert
train_ep_005976,loc__inside_the_temple__573b0d5f,inside the temple,Inside Temple
train_ep_005977,loc__kings_bedroom__64489025,kings bedroom,Inside Castle
train_ep_005978,loc__boat_house__62b9e6c4,boat house,Port
train_ep_005979,loc__stream__f7b44cfa,stream,Forest
train_ep_005980,loc__forest__f379cfd7,forest,Countryside
train_ep_005981,loc__lush_meadow_in_the_country_side__d9fa9500,lush meadow in the country side,Countryside
train_ep_005982,loc__small_town_located_in_the_hills__d4698af1,small town located in the hills,Town
train_ep_005983,loc__kings_bed_room__b1f6b2b3,kings bed room,Inside Castle
train_ep_005984,loc__front_row__ec5571ef,front row,Inside Church
train_ep_005985,loc__town_in_the_desert__fff2a6b4,town in the desert,Wasteland
train_ep_005986,loc__primary_cave__755e8817,primary cave,Cave
train_ep_005987,loc__chapel_of_the_eight__e35d875d,chapel of the eight,Inside Castle
train_ep_005988,loc__modest_living_area__fe2770f1,modest living area,Inside Cottage
train_ep_005989,loc__temple_foyer__c0b5e90a,temple foyer,Inside Temple
train_ep_005990,loc__bed_chambers__67892844,bed chambers,Inside Palace
train_ep_005991,loc__front_altar__819cc2dd,front altar,Inside Temple
train_ep_005992,loc__desert_tent__a1a041ce,desert tent,Wasteland
train_ep_005993,loc__northern_shore__e8588ae1,northern shore,Lake
train_ep_005994,loc__grassy_plains__ecb71cc6,grassy plains,Trail
train_ep_005995,loc__old_gnaisha_s__d05194f9,old gnaisha's,Bazaar
train_ep_005996,loc__great_armory__8a3248e6,great armory,Inside Castle
train_ep_005997,loc__dancing_stoat__a6b60c83,dancing stoat,Town
train_ep_005998,loc__paladins_memorial_chapel__3b8a3ef4,paladins' memorial chapel,Inside Church
train_ep_005999,loc__banquet_hall__b7ba191c,banquet hall,Inside Castle
train_ep_006001,loc__desert_land__d9285c9c,desert land,Desert
train_ep_006002,loc__pond__d873154f,pond,Wasteland
train_ep_006003,loc__fishing_shack__be027604,fishing shack,Lake
train_ep_006004,loc__horse_stables__3ab0f4c8,horse stables,Outside Castle
train_ep_006005,loc__castle_basement__ef824ba7,castle basement,Inside Castle
train_ep_006006,loc__tower_kitchen__9b8a3da9,tower kitchen,Inside Tower
train_ep_006007,loc__abandoned_workers_shed__0002433d,abandoned workers shed,Graveyard
train_ep_006008,loc__chicken_pen__1c50c5ac,chicken pen,Countryside
train_ep_006009,loc__stable_hand_s_quarters__74578d25,stable hand's quarters,Outside Castle
train_ep_006010,loc__middle_of_the_bazaar__54f18754,middle of the bazaar,Bazaar
train_ep_006011,loc__launching_point__8c178e87,launching point,Lake
train_ep_006012,loc__corn_field__018a2ccf,corn field,Farm
train_ep_006013,loc__main_house__39d59a9f,main house,Farm
train_ep_006014,loc__sacristy__3f4aff85,sacristy,Inside Church
train_ep_006015,loc__old_queen_farm__057da97d,old queen farm,Wasteland
train_ep_006016,loc__cavern_dwelling__44fe0d79,cavern dwelling,Desert
train_ep_006017,loc__fish_market__4e56b4a3,fish market,Port
train_ep_006018,loc__reagent_room__559ae958,reagent room,Outside Tower
train_ep_006019,loc__washroom__050b06a4,washroom,Inside Castle
train_ep_006020,loc__fishing_dock__fbf73e36,fishing dock,Lake
train_ep_006021,loc__balcony__d85f7317,balcony,Inside Palace
train_ep_006022,loc__sheriff_office__d4dae028,sheriff office,Farm
train_ep_006023,loc__church_garden__56a741fe,church garden,Outside Church
train_ep_006024,loc__flower_field__f936e92b,flower field,Countryside
train_ep_006025,loc__large_cliffs__f86c4fa5,large cliffs,Shore
train_ep_006026,loc__port_skyline__0254ced0,port skyline,Port
train_ep_006027,loc__main_prayer_room__ec7e9b7f,main prayer room,Inside Temple
train_ep_006028,loc__haunted_orchard__7434c930,haunted orchard,Farm
train_ep_006029,loc__apothecary__e264c143,apothecary,Town
train_ep_006030,loc__chamber_entrance__0228ee72,chamber entrance,Inside Church
train_ep_006031,loc__main_castle_doors__e1f39f3b,main castle doors,Outside Palace
train_ep_006032,loc__church_garden__56a741fe,church garden,Outside Church
train_ep_006033,loc__dining_hall__10c40af2,dining hall,Inside Castle
train_ep_006034,loc__north_forest__a809663e,north forest,Forest
train_ep_006035,loc__gallery__2767cc3e,gallery,Cave
train_ep_006036,loc__crew_berthing__255a7e79,crew berthing,Port
train_ep_006037,loc__captain_s_cabin__60e1b85d,captain's cabin,Port
train_ep_006038,loc__wharf__ef602779,wharf,Port
train_ep_006039,loc__woodlands__f4b4342e,woodlands,Forest
train_ep_006040,loc__quay__a4499c24,quay,Port
train_ep_006041,loc__warehouses__54495979,warehouses,Port
train_ep_006042,loc__valley_of_doom__2f415a0f,valley of doom,Countryside
train_ep_006043,loc__swimming_hole__41a1f52e,swimming hole,Lake
train_ep_006044,loc__arrow_house__9d554350,arrow house,Outside Castle
train_ep_006045,loc__castle_kitchens__6834f5a3,castle kitchens,Inside Palace
train_ep_006046,loc__bright_path__17c6a100,bright path,Inside Castle
train_ep_006047,loc__cold_storage_room__726f76a2,cold storage room,Outside Cottage
train_ep_006048,loc__forest_entrance__4bcda148,forest entrance,Forest
train_ep_006049,loc__slave_quarters__8a6d9f60,slave quarters,Inside Tower
train_ep_006050,loc__fishing_store__b061f606,fishing store,Port
train_ep_006051,loc__dunes__8a48dcda,dunes,Desert
train_ep_006052,loc__temple_guard_station__e0b75841,temple guard station,Outside Temple
train_ep_006053,loc__peasant_s_cottage__00464b6c,peasant's cottage,Countryside
train_ep_006054,loc__small_dirt_road__40d1ead7,small dirt road,Countryside
train_ep_006055,loc__royal_bathroom__f7f11309,royal bathroom,Inside Castle
train_ep_006056,loc__stilt_home__612941a3,stilt home,Farm
train_ep_006057,loc__forbidden_forest__b96ae0b4,forbidden forest,Forest
train_ep_006058,loc__underground_river__dde09e89,underground river,Cave
train_ep_006059,loc__temple_main_room__cc3e74e5,temple main room,Outside Temple
train_ep_006060,loc__arch_hall__0fcc7e9c,arch hall,Inside Castle
train_ep_006061,loc__back_of_the_stall__4b715f67,back of the stall,Bazaar
train_ep_006062,loc__woods__b7bfb949,woods,Forest
train_ep_006063,loc__saokra_s_blacksmith_shop__e5c9291c,saokra's blacksmith shop,Town
train_ep_006064,loc__mesa_peak__ec3e4014,mesa peak,Mountain
train_ep_006065,loc__temple_chamber__417585e8,temple chamber,Inside Temple
train_ep_006066,loc__main_foyer__ed99a45c,main foyer,Inside Castle
train_ep_006067,loc__prisoners_cells__61cb1ba6,prisoners cells,Dungeon
train_ep_006068,loc__town_center__f942e8bf,town center,Town
train_ep_006069,loc__winding_staircase__ec3107f8,winding staircase,Outside Tower
train_ep_006070,loc__garden__e2704f30,garden,Outside Palace
train_ep_006071,loc__south_forest__a051e03c,south forest,Forest
train_ep_006072,loc__hidden_revolutionaries_headquarters__536080d4,hidden revolutionaries' headquarters,Inside Palace
train_ep_006073,loc__acid_yard__7930efda,acid yard,Outside Castle
train_ep_006074,loc__hay_field__0bbfde04,hay field,Outside Cottage
train_ep_006075,loc__horse_tent__858443dc,horse tent,Farm
train_ep_006076,loc__knife_seller__e0a51e70,knife seller,Bazaar
train_ep_006077,loc__guards_quarters__94702054,guards quarters,Inside Tower
train_ep_006078,loc__general_store__53a8fbb0,general store,Town
train_ep_006079,loc__mysterious_shop_s_entrance__212a3859,mysterious shop's entrance,Bazaar
train_ep_006080,loc__beside_the_town_church__0b0b1726,beside the town church,Outside Church
train_ep_006081,loc__entryway_to_the_wizards_tower__7a21df60,entryway to the wizards tower,Inside Tower
train_ep_006082,loc__main_gate__d66ce966,main gate,Countryside
train_ep_006083,loc__palace_garden__46ae3845,palace garden,Outside Palace
train_ep_006084,loc__gold_room__42a3e93d,gold room,Inside Tower
train_ep_006085,loc__visitor_s_entrance__44f22aeb,visitor's entrance,Inside Temple
train_ep_006086,loc__throne_room__f4977c99,throne room,Inside Palace
train_ep_006087,loc__throne_room__f4977c99,throne room,Inside Tower
train_ep_006088,loc__supply_store__9776432b,supply store,Port
train_ep_006089,loc__bazaar_outside_the_royal_city__3f48a35a,bazaar outside the royal city,Bazaar
train_ep_006090,loc__cactus_field_entrance__cba07803,cactus field entrance,Desert
train_ep_006091,loc__outside_of_the_temple_offices__dd9f1ee7,outside of the temple offices,Outside Temple
train_ep_006092,loc__temple_chamber__417585e8,temple chamber,Inside Temple
train_ep_006093,loc__town_center__f942e8bf,town center,Town
train_ep_006094,loc__castle_kitchen__b00392de,castle kitchen,Inside Castle
train_ep_006095,loc__disposal_area__72d310fd,disposal area,Inside Castle
train_ep_006096,loc__village_of_tamerak__7e6c027e,village of tamerak,Port
train_ep_006097,loc__pine_tree_graveyard__18f73c00,pine tree graveyard,Forest
train_ep_006098,loc__grand_desert__c682352f,grand desert,Desert
train_ep_006099,loc__personal_rooms__f7ec06d2,personal rooms,Inside Palace
train_ep_006100,loc__mansion_entrance__5c32e57d,mansion entrance,Inside Cottage
train_ep_006101,loc__inside_the_ruined_house__f351c82a,inside the ruined house,Inside Cottage
train_ep_006102,loc__hidden_garden__f2140155,hidden garden,Outside Palace
train_ep_006103,loc__city_of_elders__fa058cbe,city of elders,Town
train_ep_006104,loc__ghost_trail__7855adca,ghost trail,Trail
train_ep_006105,loc__spring_bath__6aa6bed3,spring bath,Outside Temple
train_ep_006106,loc__main_chapel__05b43d90,main chapel,Inside Church
train_ep_006107,loc__lavoratory__9cb21908,lavoratory,Inside Castle
train_ep_006108,loc__torture_equipment_storage_room__8c501a45,torture equipment storage room,Dungeon
train_ep_006109,loc__town_courtroom__ffe576a1,town courtroom,Town
train_ep_006110,loc__castle_foothills__40ba7cae,castle foothills,Outside Tower
train_ep_006111,loc__tower_spire__a8295baa,tower spire,Inside Tower
train_ep_006112,loc__saloon__453c44d3,saloon,Tavern
train_ep_006113,loc__basement__48719d32,basement,Inside Castle
train_ep_006114,loc__trail_exit__e1ead7cf,trail exit,Trail
train_ep_006115,loc__bazaar__8c5c7284,bazaar,Bazaar
train_ep_006116,loc__gate_to_street__63c54887,gate to street,Outside Church
train_ep_006117,loc__along_the_pews__731918a2,along the pews,Inside Church
train_ep_006118,loc__chicken_coop__6afcba65,chicken coop,Farm
train_ep_006119,loc__pier_walkway__6cc5e473,pier walkway,Shore
train_ep_006120,loc__attic__0535c94e,attic,Inside Church
train_ep_006121,loc__hidden_passage__6bec6a12,hidden passage,Inside Church
train_ep_006122,loc__table_area__8fcbc5c5,table area,Tavern
train_ep_006123,loc__temple_hallway__fc747e35,temple hallway,Inside Temple
train_ep_006124,loc__old_docks__ed431416,old docks,Shore
train_ep_006125,loc__courtyard_exterior__9602be9c,courtyard exterior,Outside Palace
train_ep_006126,loc__room_hidden_in_the_dense_canopy__eb412c40,room hidden in the dense canopy,Forest
train_ep_006127,loc__small_clearing__18adfedc,small clearing,Mountain
train_ep_006128,loc__weapons_storage_room__e2250d82,weapons storage room,Outside Castle
train_ep_006129,loc__kitchens__dfd09a86,kitchens,Inside Castle
train_ep_006130,loc__battlements__65ce509a,battlements,Outside Castle
train_ep_006131,loc__blacksmith__c2428781,blacksmith,Bazaar
train_ep_006132,loc__collapsed_west_wing__5208068f,collapsed west wing,Abandoned
train_ep_006133,loc__sewer_entrance__f153eab9,sewer entrance,Inside Tower
train_ep_006134,loc__church_coat_room__3bec4535,church coat room,Inside Church
train_ep_006135,loc__ant_hill__01158295,ant hill,Forest
train_ep_006136,loc__unsettling_forest_area__3d5f756b,unsettling forest area,Forest
train_ep_006137,loc__top_floor_of_palace__ab540b82,top floor of palace,Inside Palace
train_ep_006138,loc__secret_tunnel__57b3c615,secret tunnel,Cave
train_ep_006139,loc__dead_valley__fe83fd28,dead valley,Desert
train_ep_006140,loc__dangerous_precipice__81c337c6,dangerous precipice,Mountain
train_ep_006141,loc__kitchens__dfd09a86,kitchens,Inside Tower
train_ep_006142,loc__secret_tunnel__57b3c615,secret tunnel,Inside Castle
train_ep_006143,loc__flower_garden__879381ca,flower garden,Forest
train_ep_006144,loc__alchemists_bedroom__cfb992f0,alchemists bedroom,Inside Tower
train_ep_006145,loc__attic__0535c94e,attic,Inside Palace
train_ep_006146,loc__rat_den__b7a41895,rat den,Inside Tower
train_ep_006147,loc__grand_balcony__41fccf30,grand balcony,Inside Palace
train_ep_006148,loc__midland_town__3abef145,midland town,Wasteland
train_ep_006149,loc__underwater_cave__155a0a0e,underwater cave,Cave
train_ep_006150,loc__castle_royal_tower__bb8b04a7,castle royal tower,Inside Castle
train_ep_006151,loc__keep__18ccf61d,keep,Inside Tower
train_ep_006152,loc__outlaws_jungle__b0c0b7b2,outlaws' jungle,Jungle
train_ep_006153,loc__church_foyer__e8aee950,church foyer,Inside Church
train_ep_006154,loc__main_graveyard__ad70495d,main graveyard,Graveyard
train_ep_006155,loc__confessions_room__d87965d0,confessions room,Inside Church
train_ep_006156,loc__peasant_living_quarters__004fcc5f,peasant living quarters,Outside Palace
train_ep_006157,loc__picnic_area__4a212f77,picnic area,Forest
train_ep_006158,loc__darkest_part_of_the_swamp__4a37261f,darkest part of the swamp,Swamp
train_ep_006159,loc__path_to_the_manor__cd09e091,path to the manor,Countryside
train_ep_006160,loc__prayer_bell__021f8e15,prayer bell,Inside Church
train_ep_006161,loc__garden_courtyard__2530f6d1,garden courtyard,Inside Castle
train_ep_006162,loc__pet_chamber__bc1946e1,pet chamber,Inside Castle
train_ep_006163,loc__abandoned_mine_entrance__5698b058,abandoned mine entrance,Abandoned
train_ep_006164,loc__royal_farm__c7a2ee7a,royal farm,Farm
train_ep_006165,loc__jail_entrance__ca63e7c2,jail entrance,Inside Tower
train_ep_006166,loc__palace_entrance__fb45dbba,palace entrance,Inside Palace
train_ep_006167,loc__back_room__d5bde542,back room,Inside Church
train_ep_006168,loc__farmers_market__3aa5b02b,farmers market,Bazaar
train_ep_006169,loc__sermon_hall__5b457bb1,sermon hall,Inside Church
train_ep_006170,loc__clean_water_lake__13349d26,clean water lake,Lake
train_ep_006171,loc__dwarven_blacksmith__68e8c01f,dwarven blacksmith,Mountain
train_ep_006172,loc__laundry_lines__dd2e9ca6,laundry lines,Outside Palace
train_ep_006173,loc__basement__48719d32,basement,Inside Castle
train_ep_006174,loc__school__7516c3b3,school,Bazaar
train_ep_006175,loc__grand_dining_room__8cb359cc,grand dining room,Inside Palace
train_ep_006176,loc__holy_alter__dd5ad709,holy alter,Inside Church
train_ep_006177,loc__iconostasis__fa5c7ee9,iconostasis,Outside Church
train_ep_006178,loc__throne_room__f4977c99,throne room,Inside Castle
train_ep_006179,loc__kebab_stall__d83535f0,kebab stall,Bazaar
train_ep_006180,loc__wealthy_area_of_town__260fb03e,wealthy area of town,Town
train_ep_006181,loc__king_s_dorm__f69cf31d,king's dorm,Inside Tower
train_ep_006182,loc__church__916586c8,church,Outside Church
train_ep_006183,loc__cave_exit__6e09c118,cave exit,Cave
train_ep_006184,loc__main_gate__d66ce966,main gate,Outside Castle
train_ep_006185,loc__trailhead__55ecf8e5,trailhead,Trail
train_ep_006186,loc__bedrooms__8fb3ca52,bedrooms,Inside Palace
train_ep_006187,loc__dogs_domain__0a1f1a65,dogs' domain,Inside Church
train_ep_006188,loc__bazaar_gambling__0e92d983,bazaar gambling,Bazaar
train_ep_006189,loc__hiking_path__ba82059c,hiking path,Mountain
train_ep_006190,loc__pharmacy__bf4e2878,pharmacy,Town
train_ep_006191,loc__apple_trees__6ead89c4,apple trees,Bazaar
train_ep_006192,loc__main_street__18c6980d,main street,Graveyard
train_ep_006193,loc__rectory__af9459b5,rectory,Inside Church
train_ep_006194,loc__simple_town__9836124a,simple town,Town
train_ep_006195,loc__orc_cave__9c2ad64e,orc cave,Cave
train_ep_006196,loc__church_entryway__b0c14c9f,church entryway,Inside Church
train_ep_006197,loc__large_farm__653ba215,large farm,Farm
train_ep_006198,loc__firewood_forest__049c4d45,firewood forest,Forest
train_ep_006199,loc__temple_gardens__e5c59366,temple gardens,Outside Temple
train_ep_006200,loc__church_field__80ff45f8,church field,Outside Church
train_ep_006201,loc__southernmost_tower_entryway__af5a2a89,southernmost tower entryway,Inside Tower
train_ep_006202,loc__meadow__07a42035,meadow,Countryside
train_ep_006203,loc__central_bazaar__afde3f95,central bazaar,Bazaar
train_ep_006204,loc__mysterious_forest_outskirts__78c6782b,mysterious forest outskirts,Forest
train_ep_006205,loc__castle_farm__90bc7176,castle farm,Farm
train_ep_006206,loc__lower_dungeon_guard_room__f88d3041,lower dungeon guard room,Dungeon
train_ep_006207,loc__cottage_safe_room__ce08f1a3,cottage safe-room,Inside Cottage
train_ep_006208,loc__in_front_of_a_stone_tower__79dd0512,in front of a stone tower,Outside Tower
train_ep_006209,loc__small_church__9543420f,small church,Inside Church
train_ep_006210,loc__cottage_entryway__e5f1139f,cottage entryway,Inside Cottage
train_ep_006211,loc__enormous_church_entrance_door__4425590a,enormous church entrance door,Outside Church
train_ep_006212,loc__hilltop_temple_grounds__9a75117c,hilltop temple grounds,Outside Temple
train_ep_006213,loc__castle_maids_room__208d485a,castle maids' room,Inside Castle
train_ep_006214,loc__privy_room__3e3bfa73,privy room,Inside Castle
train_ep_006215,loc__unexplored_jungle__ff39ded3,unexplored jungle,Jungle
train_ep_006216,loc__inside_temple__78c8ad2b,inside temple,Inside Temple
train_ep_006217,loc__haunted_swamp__8ecea208,haunted swamp,Swamp
train_ep_006218,loc__turquoise_shore__9c4dff53,turquoise shore,Shore
train_ep_006219,loc__forsaken_castle__e4d7c5af,forsaken castle,Abandoned
train_ep_006220,loc__great_hall__91ce0dd0,great hall,Inside Tower
train_ep_006221,loc__abandoned_mine__75691f18,abandoned mine,Mountain
train_ep_006222,loc__unfinished_mausoleum__d8f26138,unfinished mausoleum,Graveyard
train_ep_006223,loc__beach__7193529a,beach,Shore
train_ep_006224,loc__abandoned_mine__75691f18,abandoned mine,Abandoned
train_ep_006225,loc__prayer_room__b4ab9d1e,prayer room,Inside Temple
train_ep_006226,loc__barn__5dfcc0aa,barn,Farm
train_ep_006227,loc__cemetery__dccbebc2,cemetery,Graveyard
train_ep_006228,loc__meadow__07a42035,meadow,Countryside
train_ep_006229,loc__queen_s_bedchamber__25802711,queen's bedchamber,Inside Palace
train_ep_006230,loc__cave__e386df9e,cave,Mountain
train_ep_006231,loc__altar_room__cbf077bb,altar room,Inside Temple
train_ep_006232,loc__confessional__f24d3972,confessional,Inside Church
train_ep_006233,loc__torture_room__87c0e788,torture room,Dungeon
train_ep_006234,loc__island__3dbacfd7,island,Lake
train_ep_006235,loc__lighthouse__fad0ce22,lighthouse,Shore
train_ep_006236,loc__bar__37b51d19,bar,Tavern
train_ep_006237,loc__watchtower__2275d0f0,watchtower,Outside Tower
train_ep_006238,loc__port_tavern__48d771c2,port tavern,Port
train_ep_006239,loc__prison_room__075cec3e,prison room,Inside Tower
train_ep_006240,loc__dungeon__e0dc3209,dungeon,Inside Castle
train_ep_006241,loc__outside_temple__4d6f89cb,outside temple,Outside Temple
train_ep_006242,loc__graveyard__7b3ab674,graveyard,Graveyard
train_ep_006243,loc__outside_castle__fd9e3171,outside castle,Outside Castle
train_ep_006244,loc__opening_to_the_drawbridge_of_the_castle__7901de11,opening to the drawbridge of the castle,Trail
train_ep_006245,loc__bell_tower__53496f39,bell tower,Inside Church
train_ep_006246,loc__troll_s_bridge__934a7368,troll's bridge,Swamp
train_ep_006247,loc__barn__5dfcc0aa,barn,Farm
train_ep_006248,loc__dungeon_within_a_castle__30c5909c,dungeon within a castle,Dungeon
train_ep_006249,loc__wooded_magical_village__0d0cf6a7,wooded magical village,Forest
train_ep_006250,loc__abandoned_castle_on_an_ocean_cliff_side__2a4a7700,abandoned castle on an ocean cliff side,Abandoned
train_ep_006251,loc__dwarven_city__24e5c23d,dwarven city,Mountain
train_ep_006252,loc__underground_chamber__d71a7d7a,underground chamber,Cave
train_ep_006253,loc__outside_the_church_of_monks__12e0820b,outside the church of monks,Outside Church
train_ep_006254,loc__temple_courtyard__c65f7648,temple courtyard,Outside Temple
train_ep_006255,loc__inside_the_unicorn_palace__56787601,inside the unicorn palace,Inside Palace
train_ep_006256,loc__inside_temple__78c8ad2b,inside temple,Inside Temple
train_ep_006257,loc__werewolves_tavern__a0b69047,werewolves tavern,Tavern
train_ep_006258,loc__inside_temple__78c8ad2b,inside temple,Inside Temple
train_ep_006259,loc__witches_cottage__6a123241,witches cottage,Outside Cottage
train_ep_006260,loc__inside_the_fairy_temple__748c1bf3,inside the fairy temple,Inside Temple
train_ep_006261,loc__fairy_forest__c73e62c1,fairy forest,Forest
train_ep_006262,loc__inside_the_fairies_church__7a838b07,inside the fairies church,Inside Church
train_ep_006263,loc__inside_the_king_s_palace__ad1ed203,inside the king's palace,Inside Palace
train_ep_006264,loc__dining_hall__10c40af2,dining hall,Inside Tower
train_ep_006265,loc__confessional_room__22bf6614,confessional room,Inside Church
train_ep_006266,loc__oasis__335ffbcf,oasis,Desert
train_ep_006267,loc__wizard_s_quarters__e0890c7c,wizard's quarters,Outside Tower
train_ep_006268,loc__dungeon__e0dc3209,dungeon,Inside Castle
train_ep_006269,loc__castle__9355a9f9,castle,Inside Castle
train_ep_006270,loc__cave__e386df9e,cave,Cave
train_ep_006271,loc__castle__9355a9f9,castle,Inside Castle
train_ep_006272,loc__tower__79835ea3,tower,Inside Tower
train_ep_006273,loc__bazaar__8c5c7284,bazaar,Bazaar
train_ep_006274,loc__tower__79835ea3,tower,Outside Tower
train_ep_006275,loc__docks__d1b1bb99,docks,Port
train_ep_006276,loc__bazaar__8c5c7284,bazaar,Bazaar
train_ep_006277,loc__royal_gardens__e410d0fe,royal gardens,Outside Palace
train_ep_006278,loc__sacred_temple__0ee6dca9,sacred temple,Inside Church
train_ep_006279,loc__lagoon__664a6ce4,lagoon,Lake
train_ep_006280,loc__inside_the_temple__573b0d5f,inside the temple,Inside Temple
train_ep_006281,loc__cave__e386df9e,cave,Cave
train_ep_006282,loc__riverbed__acbe6245,riverbed,Forest
train_ep_006283,loc__outside_tower__7dc67c9f,outside tower,Outside Tower
train_ep_006284,loc__jungle__5d991220,jungle,Jungle
train_ep_006285,loc__lake__97d986e2,lake,Lake
train_ep_006286,loc__outside_church__9f23256f,outside church,Outside Church
train_ep_006287,loc__mud_pit__7a862ed0,mud pit,Jungle
train_ep_006288,loc__military_outpost_at_the_heart_of_the_swamp__0b91dfd0,military outpost at the heart of the swamp,Swamp
train_ep_006289,loc__royal_kitchen__fca4f709,royal kitchen,Inside Palace
train_ep_006290,loc__inside_tower__3d67c0a7,inside tower,Inside Tower
train_ep_006291,loc__abandoned_shack__d3865a64,abandoned shack,Wasteland
train_ep_006292,loc__spice_stall__5ddd9bb4,spice stall,Bazaar
train_ep_006293,loc__treasure_cavern__26b58d7a,treasure cavern,Inside Temple
train_ep_006294,loc__bathroom__67518d64,bathroom,Inside Tower
train_ep_006295,loc__tree_house__493a5d1a,tree house,Jungle
train_ep_006296,loc__main_hall__8f1c5099,main hall,Inside Palace
train_ep_006297,loc__town_square__4d10acd1,town square,Town
train_ep_006298,loc__living_quarters__26fbc0ca,living quarters,Farm
train_ep_006299,loc__kings_chambers__3b38188f,kings chambers,Inside Palace
train_ep_006300,loc__trash_heap__0e440590,trash heap,Wasteland
train_ep_006301,loc__entrance_to_the_pine_trees__857c5da1,entrance to the pine trees,Forest
train_ep_006302,loc__courtyard__2c2bf458,courtyard,Outside Palace
train_ep_006303,loc__large_galleon__0e3d3ca8,large galleon,Port
train_ep_006304,loc__kitchen__09228dac,kitchen,Inside Cottage
train_ep_006305,loc__tree_house__493a5d1a,tree house,Jungle
train_ep_006306,loc__dark_cave__b9185199,dark cave,Cave
train_ep_006307,loc__top_side_tower_overlooking_view__8b843a89,top side tower overlooking view,Outside Tower
train_ep_006308,loc__black_smiths_shop__5379f4dc,black smiths shop,Town
train_ep_006309,loc__lakeside_house__e89e18cd,lakeside house,Lake
train_ep_006310,loc__armory__f1c6e216,armory,Inside Castle
train_ep_006311,loc__torture_chamber__11dfca19,torture chamber,Dungeon
train_ep_006312,loc__bedroom__cff8b1fe,bedroom,Inside Cottage
train_ep_006313,loc__barn__5dfcc0aa,barn,Farm
train_ep_006314,loc__throne_room__f4977c99,throne room,Shore
train_ep_006315,loc__coast__756d153b,coast,Shore
train_ep_006316,loc__bat_room__c322be72,bat room,Cave
train_ep_006317,loc__choir_room__35978911,choir room,Inside Church
train_ep_006318,loc__jail_room__4ad818b4,jail room,Inside Tower
train_ep_006319,loc__underground_cavern__2714911b,underground cavern,Cave
train_ep_006320,loc__town_theater__8fa3302e,town theater,Town
train_ep_006321,loc__castle_kitchen__b00392de,castle kitchen,Inside Palace
train_ep_006322,loc__moat__3c3a57f1,moat,Outside Palace
train_ep_006323,loc__bedroom__cff8b1fe,bedroom,Inside Cottage
train_ep_006324,loc__library__d521f765,library,Inside Castle
train_ep_006325,loc__kitchen__09228dac,kitchen,Tavern
train_ep_006326,loc__nave__bfe4b52c,nave,Inside Church
train_ep_006327,loc__boathouse__f1916d48,boathouse,Swamp
train_ep_006328,loc__tool_shed__5a0c79ce,tool shed,Outside Cottage
train_ep_006329,loc__kitchen__09228dac,kitchen,Inside Cottage
train_ep_006330,loc__dining_hall__10c40af2,dining hall,Inside Castle
train_ep_006331,loc__courtyard__2c2bf458,courtyard,Outside Palace
train_ep_006332,loc__troll_s_lair__218cc09b,troll's lair,Cave
train_ep_006333,loc__barracks__2ce29011,barracks,Outside Castle
train_ep_006334,loc__throne_room__f4977c99,throne room,Inside Tower
train_ep_006335,loc__brush_den__e1300d94,brush den,Forest
train_ep_006336,loc__next_to_an_altar__6252d8d6,next to an altar,Inside Church
train_ep_006337,loc__ball_room__e26306dc,ball room,Inside Palace
train_ep_006338,loc__along_the_banks_of_a_river_in_the_forest__1893d3d3,along the banks of a river in the forest,Forest
train_ep_006339,loc__king_s_bedroom__03fb30e9,king's bedroom,Inside Palace
train_ep_006340,loc__jewelry_stall__2ec13fd4,jewelry stall,Bazaar
train_ep_006341,loc__winter_gardens__e59bb816,winter gardens,Outside Tower
train_ep_006342,loc__servant_s_quarters__2ab37024,servant's quarters,Inside Palace
train_ep_006343,loc__cursed_grave__7f5aabe1,cursed grave,Graveyard
train_ep_006344,loc__foyer__114ad31a,foyer,Inside Palace
train_ep_006345,loc__guard_shack__0ef62152,guard shack,Outside Tower
train_ep_006346,loc__hall_of_the_goddess__7c0819d4,hall of the goddess,Inside Temple
train_ep_006347,loc__throne__253d405e,throne,Inside Palace
train_ep_006348,loc__desert_cavern__9287fea8,desert cavern,Desert
train_ep_006349,loc__old_red_barn__d6b0cfd8,old red barn,Farm
train_ep_006350,loc__cactus_field__ce508a05,cactus field,Desert
train_ep_006351,loc__fishing_pier__fd5d48a9,fishing pier,Shore
train_ep_006352,loc__high_priest_chamber__3d59d244,high priest chamber,Inside Church
train_ep_006353,loc__beside_church_pews__8d83bdb7,beside church pews,Inside Church
train_ep_006354,loc__quicksand_pit__591e521d,quicksand pit,Swamp
train_ep_006355,loc__sacrifice_chamber__8aaf85ac,sacrifice chamber,Inside Temple
train_ep_006356,loc__mushroom_hut__8bb7cd75,mushroom hut,Outside Cottage
train_ep_006357,loc__beach_house__64bd4f8d,beach house,Shore
train_ep_006358,loc__pirate_ship__a3eb0b34,pirate ship,Port
train_ep_006359,loc__beside_tower_entrance__4289dcc4,beside tower entrance,Inside Tower
train_ep_006360,loc__palace_throne__edc54e5f,palace throne,Inside Palace
train_ep_006361,loc__palace_kitchen__4dee9bb6,palace kitchen,Inside Palace
train_ep_006362,loc__inside_cottage_kitchen__5eaa1ce9,inside cottage kitchen,Inside Cottage
train_ep_006363,loc__hillside_manor__b1ec6b5a,hillside manor,Countryside
train_ep_006364,loc__pig_pen__cd6444b3,pig pen,Countryside
train_ep_006365,loc__tower_dungeon__3b953217,tower dungeon,Inside Tower
train_ep_006366,loc__beside_temple_entrance__b712f707,beside temple entrance,Outside Temple
train_ep_006367,loc__beside_church_entrance__2206aedf,beside church entrance,Outside Church
train_ep_006368,loc__castle_armory__c05c8115,castle armory,Inside Castle
train_ep_006369,loc__hillside_mansion__369afa4b,hillside mansion,Countryside
train_ep_006370,loc__palace_ballroom__e83afcc3,palace ballroom,Inside Palace
train_ep_006371,loc__church_altar__b46bba3c,church altar,Inside Church
train_ep_006372,loc__tower_sewers__135799e5,tower sewers,Inside Tower
train_ep_006373,loc__towering_mesa__148ef02b,towering mesa,Desert
train_ep_006374,loc__gold_mine__23a64f00,gold mine,Abandoned
train_ep_006375,loc__stable__f40faf63,stable,Outside Castle
train_ep_006376,loc__room_at_the_top_of_the_tower__bebc68b6,room at the top of the tower,Inside Castle
train_ep_006377,loc__lonely_island__941f1782,lonely island,Abandoned
train_ep_006378,loc__public_execution_stand__ec1c97f7,public execution stand,Bazaar
train_ep_006379,loc__sitting_room__152ab82c,sitting room,Inside Cottage
train_ep_006380,loc__whipping_station__cd58acd7,whipping station,Outside Church
train_ep_006381,loc__bedding_room__8584585f,bedding room,Inside Palace
train_ep_006382,loc__prison_room__075cec3e,prison room,Inside Tower
train_ep_006383,loc__fountain__79de7a61,fountain,Graveyard
train_ep_006384,loc__oasis__335ffbcf,oasis,Desert
train_ep_006385,loc__beach_house__64bd4f8d,beach house,Shore
train_ep_006386,loc__stained_glass_room__fe4963f3,stained glass room,Inside Church
train_ep_006387,loc__farmer_hill__b21f8161,farmer hill,Outside Cottage
train_ep_006388,loc__mars_desert__d8c9aa45,mars desert,Desert
train_ep_006389,loc__clearing__5832a4d8,clearing,Forest
train_ep_006390,loc__hall_of_echoes__55050f7d,hall of echoes,Inside Temple
train_ep_006391,loc__bathing_room__e8175c31,bathing room,Inside Temple
train_ep_006392,loc__mysterious_shop__454073ca,mysterious shop,Bazaar
train_ep_006393,loc__show_room_inside_the_castle__f6ac41dd,show room inside the castle,Inside Castle
train_ep_006394,loc__inside_church_back_row__5cc901b4,inside church back row,Inside Church
train_ep_006395,loc__town_of_anoria__bfbab07a,town of anoria,Town
train_ep_006396,loc__tavern_of_browntavia__0bc98c5d,tavern of browntavia,Tavern
train_ep_006397,loc__bone_pit__bec80d68,bone pit,Outside Temple
train_ep_006398,loc__enchanted_light_house__0bd68be0,enchanted light house,Shore
train_ep_006399,loc__sacrificial_altar__0974214f,sacrificial altar,Inside Temple
train_ep_006400,loc__murder_hole__da3df777,murder hole,Inside Tower
train_ep_006401,loc__dungeon__e0dc3209,dungeon,Inside Temple
train_ep_006402,loc__garden__e2704f30,garden,Outside Cottage
train_ep_006403,loc__personal_quarters__5bdf1559,personal quarters,Inside Palace
train_ep_006404,loc__dining_hall__10c40af2,dining hall,Inside Tower
train_ep_006405,loc__bank__bd5af1f6,bank,Swamp
train_ep_006406,loc__library__d521f765,library,Inside Castle
train_ep_006407,loc__main_entrance__68f3df62,main entrance,Outside Temple
train_ep_006408,loc__storage_room__ab9f0184,storage room,Dungeon
train_ep_006409,loc__study_room__5698bd87,study room,Inside Church
train_ep_006410,loc__ruined_house__b253dd25,ruined house,Abandoned
train_ep_006411,loc__pond__d873154f,pond,Forest
train_ep_006412,loc__reception_area__9f5fd34c,reception area,Graveyard
train_ep_006413,loc__garden__e2704f30,garden,Outside Palace
train_ep_006414,loc__dock__05debdb8,dock,Port
train_ep_006415,loc__small_graveyard__d12232a8,small graveyard,Outside Cottage
train_ep_006416,loc__armory__f1c6e216,armory,Inside Castle
train_ep_006417,loc__weapon_room__a7162ba9,weapon room,Inside Temple
train_ep_006418,loc__entrance__2a20afe0,entrance,Cave
train_ep_006419,loc__stable__f40faf63,stable,Farm
train_ep_006420,loc__storage_room__ab9f0184,storage room,Tavern
train_ep_006421,loc__clearing__5832a4d8,clearing,Jungle
train_ep_006422,loc__nave__bfe4b52c,nave,Inside Church
train_ep_006423,loc__graveyard__7b3ab674,graveyard,Outside Church
train_ep_006424,loc__stable__f40faf63,stable,Outside Palace
train_ep_006425,loc__courtyard__2c2bf458,courtyard,Outside Palace
train_ep_006426,loc__torture_room__87c0e788,torture room,Dungeon
train_ep_006427,loc__main_hallway__840c1503,main hallway,Inside Palace
train_ep_006428,loc__town_square__4d10acd1,town square,Town
train_ep_006429,loc__hidden_passageway__d7cdebb5,hidden passageway,Inside Temple
train_ep_006430,loc__grand_ballroom__52b4001e,grand ballroom,Inside Castle
train_ep_006431,loc__old_crypt__9f170f50,old crypt,Graveyard
train_ep_006432,loc__castle_kitchen__b00392de,castle kitchen,Inside Castle
train_ep_006433,loc__weathered_shack__8c23b906,weathered shack,Abandoned
train_ep_006434,loc__debtor_s_prison__ea99977f,debtor's prison,Inside Tower
train_ep_006435,loc__temple_entrance__71ae50b0,temple entrance,Outside Temple
train_ep_006436,loc__staircase__7dbf02f9,staircase,Inside Tower
train_ep_006437,loc__tree_of_spirits__e757fcef,tree of spirits,Trail
train_ep_006438,loc__royal_tomb__1b57a10e,royal tomb,Inside Temple
train_ep_006439,loc__grand_dining_room__8cb359cc,grand dining room,Inside Palace
train_ep_006440,loc__popes_dormitory__ddb11751,popes dormitory,Inside Church
train_ep_006441,loc__brim_canal__7a498e16,brim canal,Lake
train_ep_006442,loc__maidens_cottage__ce8fe6f9,maidens cottage,Countryside
train_ep_006443,loc__horse_s_stables__0cd4df4c,horse's stables,Outside Cottage
train_ep_006444,loc__horse_field__eeae819a,horse field,Countryside
train_ep_006445,loc__hunting_grounds__6ac15b3d,hunting grounds,Trail
train_ep_006446,loc__prisoner_s_cell__bf78e6a1,prisoner's cell,Dungeon
train_ep_006447,loc__queen_s_quarters__22b70e95,queen's quarters,Inside Palace
train_ep_006448,loc__cemetery__dccbebc2,cemetery,Wasteland
train_ep_006449,loc__artillery_room__9af01c49,artillery room,Inside Tower
train_ep_006450,loc__archery_zone__fdb7c330,archery zone,Outside Castle
train_ep_006451,loc__knight_s_hunting_ground__09b79c95,knight's hunting ground,Trail
train_ep_006452,loc__priest_s_chambers__1ebce5c5,priest's chambers,Inside Temple
train_ep_006453,loc__king_s_chambers__e3e597fe,king's chambers,Inside Palace
train_ep_006454,loc__kitchen__09228dac,kitchen,Inside Castle
train_ep_006455,loc__master_bedroom__ee30383a,master bedroom,Inside Castle
train_ep_006456,loc__outpost__9e81fdfb,outpost,Mountain
train_ep_006457,loc__royal_shipyard__fc976e6e,royal shipyard,Port
train_ep_006458,loc__ritual_room__4574deb8,ritual room,Inside Temple
train_ep_006459,loc__front_of_the_cottage__908b24e7,front of the cottage,Outside Cottage
train_ep_006460,loc__village_at_the_base_of_the_mountain__47dbe2ea,village at the base of the mountain,Mountain
train_ep_006461,loc__armory__f1c6e216,armory,Inside Tower
train_ep_006462,loc__confession_box__fb7e21f1,confession box,Inside Church
train_ep_006463,loc__ruin_of_a_house__62eef8f7,ruin of a house,Wasteland
train_ep_006464,loc__tent__7b65dcf0,tent,Desert
train_ep_006465,loc__inside_the_temple__573b0d5f,inside the temple,Inside Temple
train_ep_006466,loc__boat_house__62b9e6c4,boat house,Port
train_ep_006467,loc__kings_bedroom__64489025,kings bedroom,Inside Castle
train_ep_006468,loc__stream__f7b44cfa,stream,Forest
train_ep_006469,loc__forest__f379cfd7,forest,Countryside
train_ep_006470,loc__lush_meadow_in_the_country_side__d9fa9500,lush meadow in the country side,Countryside
train_ep_006471,loc__small_town_located_in_the_hills__d4698af1,small town located in the hills,Town
train_ep_006472,loc__kings_bed_room__b1f6b2b3,kings bed room,Inside Castle
train_ep_006473,loc__front_row__ec5571ef,front row,Inside Church
train_ep_006474,loc__town_in_the_desert__fff2a6b4,town in the desert,Wasteland
train_ep_006475,loc__primary_cave__755e8817,primary cave,Cave
train_ep_006476,loc__chapel_of_the_eight__e35d875d,chapel of the eight,Inside Castle
train_ep_006477,loc__ferry_terminal__e6bf99dd,ferry terminal,Port
train_ep_006478,loc__bed_chambers__67892844,bed chambers,Inside Palace
train_ep_006479,loc__modest_living_area__fe2770f1,modest living area,Inside Cottage
train_ep_006480,loc__temple_foyer__c0b5e90a,temple foyer,Inside Temple
train_ep_006481,loc__front_altar__819cc2dd,front altar,Inside Temple
train_ep_006482,loc__desert_tent__a1a041ce,desert tent,Wasteland
train_ep_006483,loc__northern_shore__e8588ae1,northern shore,Lake
train_ep_006484,loc__grassy_plains__ecb71cc6,grassy plains,Trail
train_ep_006485,loc__old_gnaisha_s__d05194f9,old gnaisha's,Bazaar
train_ep_006486,loc__great_armory__8a3248e6,great armory,Inside Castle
train_ep_006487,loc__dancing_stoat__a6b60c83,dancing stoat,Town
train_ep_006488,loc__paladins_memorial_chapel__3b8a3ef4,paladins' memorial chapel,Inside Church
train_ep_006489,loc__shrine_of_sretniy__c5cdca48,shrine of sretniy,Inside Temple
train_ep_006490,loc__banquet_hall__b7ba191c,banquet hall,Inside Castle
train_ep_006491,loc__desert_land__d9285c9c,desert land,Desert
train_ep_006492,loc__pond__d873154f,pond,Wasteland
train_ep_006493,loc__fishing_shack__be027604,fishing shack,Lake
train_ep_006494,loc__horse_stables__3ab0f4c8,horse stables,Outside Castle
train_ep_006495,loc__castle_basement__ef824ba7,castle basement,Inside Castle
train_ep_006496,loc__tower_kitchen__9b8a3da9,tower kitchen,Inside Tower
train_ep_006497,loc__abandoned_workers_shed__0002433d,abandoned workers shed,Graveyard
train_ep_006498,loc__chicken_pen__1c50c5ac,chicken pen,Countryside
train_ep_006499,loc__stable_hand_s_quarters__74578d25,stable hand's quarters,Outside Castle
train_ep_006500,loc__middle_of_the_bazaar__54f18754,middle of the bazaar,Bazaar
train_ep_006501,loc__launching_point__8c178e87,launching point,Lake
train_ep_006502,loc__corn_field__018a2ccf,corn field,Farm
train_ep_006503,loc__temple__44fdfd6b,temple,Inside Temple
train_ep_006504,loc__sacristy__3f4aff85,sacristy,Inside Church
train_ep_006505,loc__old_queen_farm__057da97d,old queen farm,Wasteland
train_ep_006506,loc__fish_market__4e56b4a3,fish market,Port
train_ep_006507,loc__cavern_dwelling__44fe0d79,cavern dwelling,Desert
train_ep_006508,loc__reagent_room__559ae958,reagent room,Outside Tower
train_ep_006509,loc__washroom__050b06a4,washroom,Inside Castle
train_ep_006510,loc__fishing_dock__fbf73e36,fishing dock,Lake
train_ep_006511,loc__sheriff_office__d4dae028,sheriff office,Farm
train_ep_006512,loc__church_garden__56a741fe,church garden,Outside Church
train_ep_006513,loc__flower_field__f936e92b,flower field,Countryside
train_ep_006514,loc__large_cliffs__f86c4fa5,large cliffs,Shore
train_ep_006515,loc__port_skyline__0254ced0,port skyline,Port
train_ep_006516,loc__main_prayer_room__ec7e9b7f,main prayer room,Inside Temple
train_ep_006517,loc__haunted_orchard__7434c930,haunted orchard,Farm
train_ep_006518,loc__apothecary__e264c143,apothecary,Town
train_ep_006519,loc__main_castle_doors__e1f39f3b,main castle doors,Outside Palace
train_ep_006520,loc__church_garden__56a741fe,church garden,Outside Church
train_ep_006521,loc__dining_hall__10c40af2,dining hall,Inside Castle
train_ep_006522,loc__north_forest__a809663e,north forest,Forest
train_ep_006523,loc__mess_hall__df491ab7,mess hall,Inside Temple
train_ep_006524,loc__dead_tree__ae78e2fc,dead tree,Graveyard
train_ep_006525,loc__gallery__2767cc3e,gallery,Cave
train_ep_006526,loc__crew_berthing__255a7e79,crew berthing,Port
train_ep_006527,loc__captain_s_cabin__60e1b85d,captain's cabin,Port
train_ep_006528,loc__wharf__ef602779,wharf,Port
train_ep_006529,loc__woodlands__f4b4342e,woodlands,Forest
train_ep_006530,loc__drinking_water_lake__072d7988,drinking water lake,Lake
train_ep_006531,loc__quay__a4499c24,quay,Port
train_ep_006532,loc__warehouses__54495979,warehouses,Port
train_ep_006533,loc__valley_of_doom__2f415a0f,valley of doom,Countryside
train_ep_006534,loc__bottlery__3ad26146,bottlery,Inside Castle
train_ep_006535,loc__arrow_house__9d554350,arrow house,Outside Castle
train_ep_006536,loc__castle_kitchens__6834f5a3,castle kitchens,Inside Palace
train_ep_006537,loc__bright_path__17c6a100,bright path,Inside Castle
train_ep_006538,loc__cold_storage_room__726f76a2,cold storage room,Outside Cottage
train_ep_006539,loc__forest_entrance__4bcda148,forest entrance,Forest
train_ep_006540,loc__slave_quarters__8a6d9f60,slave quarters,Inside Tower
train_ep_006541,loc__dunes__8a48dcda,dunes,Desert
train_ep_006542,loc__temple_guard_station__e0b75841,temple guard station,Outside Temple
train_ep_006543,loc__small_dirt_road__40d1ead7,small dirt road,Countryside
train_ep_006544,loc__royal_bathroom__f7f11309,royal bathroom,Inside Castle
train_ep_006545,loc__stilt_home__612941a3,stilt home,Farm
train_ep_006546,loc__forbidden_forest__b96ae0b4,forbidden forest,Forest
train_ep_006547,loc__underground_river__dde09e89,underground river,Cave
train_ep_006548,loc__temple_main_room__cc3e74e5,temple main room,Outside Temple
train_ep_006549,loc__arch_hall__0fcc7e9c,arch hall,Inside Castle
train_ep_006550,loc__back_of_the_stall__4b715f67,back of the stall,Bazaar
train_ep_006551,loc__woods__b7bfb949,woods,Forest
train_ep_006552,loc__countryside__9cff47d1,countryside,Countryside
train_ep_006553,loc__saokra_s_blacksmith_shop__e5c9291c,saokra's blacksmith shop,Town
train_ep_006554,loc__mesa_peak__ec3e4014,mesa peak,Mountain
train_ep_006555,loc__prisoners_cells__61cb1ba6,prisoners cells,Dungeon
train_ep_006556,loc__temple_chamber__417585e8,temple chamber,Inside Temple
train_ep_006557,loc__main_foyer__ed99a45c,main foyer,Inside Castle
train_ep_006558,loc__winding_staircase__ec3107f8,winding staircase,Outside Tower
train_ep_006559,loc__tailings_pile__d27fba96,tailings pile,Mountain
train_ep_006560,loc__town_center__f942e8bf,town center,Town
train_ep_006561,loc__south_forest__a051e03c,south forest,Forest
train_ep_006562,loc__acid_yard__7930efda,acid yard,Outside Castle
train_ep_006563,loc__hay_field__0bbfde04,hay field,Outside Cottage
train_ep_006564,loc__castle_front__1f50ceb7,castle front,Inside Palace
train_ep_006565,loc__horse_tent__858443dc,horse tent,Farm
train_ep_006566,loc__knife_seller__e0a51e70,knife seller,Bazaar
train_ep_006567,loc__guards_quarters__94702054,guards quarters,Inside Tower
train_ep_006568,loc__general_store__53a8fbb0,general store,Town
train_ep_006569,loc__beside_the_town_church__0b0b1726,beside the town church,Outside Church
train_ep_006570,loc__entryway_to_the_wizards_tower__7a21df60,entryway to the wizards tower,Inside Tower
train_ep_006571,loc__palace_garden__46ae3845,palace garden,Outside Palace
train_ep_006572,loc__gold_room__42a3e93d,gold room,Inside Tower
train_ep_006573,loc__visitor_s_entrance__44f22aeb,visitor's entrance,Inside Temple
train_ep_006574,loc__throne_room__f4977c99,throne room,Inside Palace
train_ep_006575,loc__throne_room__f4977c99,throne room,Inside Tower
train_ep_006576,loc__supply_store__9776432b,supply store,Port
train_ep_006577,loc__bazaar_outside_the_royal_city__3f48a35a,bazaar outside the royal city,Bazaar
train_ep_006578,loc__cactus_field_entrance__cba07803,cactus field entrance,Desert
train_ep_006579,loc__outside_of_the_temple_offices__dd9f1ee7,outside of the temple offices,Outside Temple
train_ep_006580,loc__town_center__f942e8bf,town center,Town
train_ep_006581,loc__castle_kitchen__b00392de,castle kitchen,Inside Castle
train_ep_006582,loc__disposal_area__72d310fd,disposal area,Inside Castle
train_ep_006583,loc__personal_rooms__f7ec06d2,personal rooms,Inside Palace
train_ep_006584,loc__village_of_tamerak__7e6c027e,village of tamerak,Port
train_ep_006585,loc__grand_desert__c682352f,grand desert,Desert
train_ep_006586,loc__mansion_entrance__5c32e57d,mansion entrance,Inside Cottage
train_ep_006587,loc__curved_hallway__638b964b,curved hallway,Inside Tower
train_ep_006588,loc__inside_the_ruined_house__f351c82a,inside the ruined house,Inside Cottage
train_ep_006589,loc__city_of_elders__fa058cbe,city of elders,Town
train_ep_006590,loc__hidden_garden__f2140155,hidden garden,Outside Palace
train_ep_006591,loc__ghost_trail__7855adca,ghost trail,Trail
train_ep_006592,loc__brimswood_pub__2b57d3a7,brimswood pub,Tavern
train_ep_006593,loc__main_chapel__05b43d90,main chapel,Inside Church
train_ep_006594,loc__lavoratory__9cb21908,lavoratory,Inside Castle
train_ep_006595,loc__nearby_road__b720e559,nearby road,Countryside
train_ep_006596,loc__council_of_twelve__3232fa93,council of twelve,Inside Temple
train_ep_006597,loc__farmer_s_house__742677bc,farmer's house,Farm
train_ep_006598,loc__arsenal__1c5442c0,arsenal,Inside Tower
train_ep_006599,loc__torture_equipment_storage_room__8c501a45,torture equipment storage room,Dungeon
train_ep_006600,loc__town_courtroom__ffe576a1,town courtroom,Town
train_ep_006601,loc__tower_spire__a8295baa,tower spire,Inside Tower
train_ep_006602,loc__saloon__453c44d3,saloon,Tavern
train_ep_006603,loc__basement__48719d32,basement,Inside Castle
train_ep_006604,loc__trail_exit__e1ead7cf,trail exit,Trail
train_ep_006605,loc__bazaar__8c5c7284,bazaar,Bazaar
train_ep_006606,loc__along_the_pews__731918a2,along the pews,Inside Church
train_ep_006607,loc__gate_to_street__63c54887,gate to street,Outside Church
train_ep_006608,loc__pier_walkway__6cc5e473,pier walkway,Shore
train_ep_006609,loc__attic__0535c94e,attic,Inside Church
train_ep_006610,loc__hidden_passage__6bec6a12,hidden passage,Inside Church
train_ep_006611,loc__table_area__8fcbc5c5,table area,Tavern
train_ep_006612,loc__temple_hallway__fc747e35,temple hallway,Inside Temple
train_ep_006613,loc__old_docks__ed431416,old docks,Shore
train_ep_006614,loc__courtyard_exterior__9602be9c,courtyard exterior,Outside Palace
train_ep_006615,loc__room_hidden_in_the_dense_canopy__eb412c40,room hidden in the dense canopy,Forest
train_ep_006616,loc__kitchens__dfd09a86,kitchens,Inside Castle
train_ep_006617,loc__small_clearing__18adfedc,small clearing,Mountain
train_ep_006618,loc__weapons_storage_room__e2250d82,weapons storage room,Outside Castle
train_ep_006619,loc__battlements__65ce509a,battlements,Outside Castle
train_ep_006620,loc__blacksmith__c2428781,blacksmith,Bazaar
train_ep_006621,loc__collapsed_west_wing__5208068f,collapsed west wing,Abandoned
train_ep_006622,loc__sewer_entrance__f153eab9,sewer entrance,Inside Tower
train_ep_006623,loc__church_coat_room__3bec4535,church coat room,Inside Church
train_ep_006624,loc__ant_hill__01158295,ant hill,Forest
train_ep_006625,loc__unsettling_forest_area__3d5f756b,unsettling forest area,Forest
train_ep_006626,loc__decoration_shop__cf40d2dc,decoration shop,Outside Temple
train_ep_006627,loc__top_floor_of_palace__ab540b82,top floor of palace,Inside Palace
train_ep_006628,loc__secret_tunnel__57b3c615,secret tunnel,Cave
train_ep_006629,loc__dead_valley__fe83fd28,dead valley,Desert
train_ep_006630,loc__dangerous_precipice__81c337c6,dangerous precipice,Mountain
train_ep_006631,loc__kitchens__dfd09a86,kitchens,Inside Tower
train_ep_006632,loc__soldiers_camp__2d6b7401,soldiers camp,Swamp
train_ep_006633,loc__secret_tunnel__57b3c615,secret tunnel,Inside Castle
train_ep_006634,loc__flower_garden__879381ca,flower garden,Forest
train_ep_006635,loc__alchemists_bedroom__cfb992f0,alchemists bedroom,Inside Tower
train_ep_006636,loc__guard_barracks__c7741c50,guard barracks,Inside Castle
train_ep_006637,loc__backyard__3bec248d,backyard,Outside Cottage
train_ep_006638,loc__grand_balcony__41fccf30,grand balcony,Inside Palace
train_ep_006639,loc__rat_den__b7a41895,rat den,Inside Tower
train_ep_006640,loc__castle_royal_tower__bb8b04a7,castle royal tower,Inside Castle
train_ep_006641,loc__keep__18ccf61d,keep,Inside Tower
train_ep_006642,loc__outlaws_jungle__b0c0b7b2,outlaws' jungle,Jungle
train_ep_006643,loc__church_foyer__e8aee950,church foyer,Inside Church
train_ep_006644,loc__main_graveyard__ad70495d,main graveyard,Graveyard
train_ep_006645,loc__confessions_room__d87965d0,confessions room,Inside Church
train_ep_006646,loc__outside_gates__58dbbce8,outside gates,Outside Cottage
train_ep_006647,loc__peasant_living_quarters__004fcc5f,peasant living quarters,Outside Palace
train_ep_006648,loc__picnic_area__4a212f77,picnic area,Forest
train_ep_006649,loc__temple_marketplace__34f9194f,temple marketplace,Inside Temple
train_ep_006650,loc__darkest_part_of_the_swamp__4a37261f,darkest part of the swamp,Swamp
train_ep_006651,loc__path_to_the_manor__cd09e091,path to the manor,Countryside
train_ep_006652,loc__prayer_bell__021f8e15,prayer bell,Inside Church
train_ep_006653,loc__garden_courtyard__2530f6d1,garden courtyard,Inside Castle
train_ep_006654,loc__abandoned_mine_entrance__5698b058,abandoned mine entrance,Abandoned
train_ep_006655,loc__pet_chamber__bc1946e1,pet chamber,Inside Castle
train_ep_006656,loc__royal_farm__c7a2ee7a,royal farm,Farm
train_ep_006657,loc__jail_entrance__ca63e7c2,jail entrance,Inside Tower
train_ep_006658,loc__palace_entrance__fb45dbba,palace entrance,Inside Palace
train_ep_006659,loc__dwarven_blacksmith__68e8c01f,dwarven blacksmith,Mountain
train_ep_006660,loc__farmers_market__3aa5b02b,farmers market,Bazaar
train_ep_006661,loc__back_room__d5bde542,back room,Inside Church
train_ep_006662,loc__sermon_hall__5b457bb1,sermon hall,Inside Church
train_ep_006663,loc__clean_water_lake__13349d26,clean water lake,Lake
train_ep_006664,loc__laundry_lines__dd2e9ca6,laundry lines,Outside Palace
train_ep_006665,loc__basement__48719d32,basement,Inside Castle
train_ep_006666,loc__school__7516c3b3,school,Bazaar
train_ep_006667,loc__grand_dining_room__8cb359cc,grand dining room,Inside Palace
train_ep_006668,loc__holy_alter__dd5ad709,holy alter,Inside Church
train_ep_006669,loc__iconostasis__fa5c7ee9,iconostasis,Outside Church
train_ep_006670,loc__throne_room__f4977c99,throne room,Inside Castle
train_ep_006671,loc__kebab_stall__d83535f0,kebab stall,Bazaar
train_ep_006672,loc__open_field__28aeddc6,open field,Farm
train_ep_006673,loc__wealthy_area_of_town__260fb03e,wealthy area of town,Town
train_ep_006674,loc__king_s_dorm__f69cf31d,king's dorm,Inside Tower
train_ep_006675,loc__church__916586c8,church,Outside Church
train_ep_006676,loc__cave_exit__6e09c118,cave exit,Cave
train_ep_006677,loc__main_gate__d66ce966,main gate,Outside Castle
train_ep_006678,loc__trailhead__55ecf8e5,trailhead,Trail
train_ep_006679,loc__bedrooms__8fb3ca52,bedrooms,Inside Palace
train_ep_006680,loc__dogs_domain__0a1f1a65,dogs' domain,Inside Church
train_ep_006681,loc__hiking_path__ba82059c,hiking path,Mountain
train_ep_006682,loc__bazaar_gambling__0e92d983,bazaar gambling,Bazaar
train_ep_006683,loc__apple_trees__6ead89c4,apple trees,Bazaar
train_ep_006684,loc__main_street__18c6980d,main street,Graveyard
train_ep_006685,loc__rectory__af9459b5,rectory,Inside Church
train_ep_006686,loc__orc_cave__9c2ad64e,orc cave,Cave
train_ep_006687,loc__church_entryway__b0c14c9f,church entryway,Inside Church
train_ep_006688,loc__large_farm__653ba215,large farm,Farm
train_ep_006689,loc__temple_gardens__e5c59366,temple gardens,Outside Temple
train_ep_006690,loc__firewood_forest__049c4d45,firewood forest,Forest
train_ep_006691,loc__church_field__80ff45f8,church field,Outside Church
train_ep_006692,loc__meadow__07a42035,meadow,Countryside
train_ep_006693,loc__central_bazaar__afde3f95,central bazaar,Bazaar
train_ep_006694,loc__mysterious_forest_outskirts__78c6782b,mysterious forest outskirts,Forest
train_ep_006695,loc__castle_farm__90bc7176,castle farm,Farm
train_ep_006696,loc__lower_dungeon_guard_room__f88d3041,lower dungeon guard room,Dungeon
train_ep_006697,loc__cottage_safe_room__ce08f1a3,cottage safe-room,Inside Cottage
train_ep_006698,loc__in_front_of_a_stone_tower__79dd0512,in front of a stone tower,Outside Tower
train_ep_006699,loc__small_church__9543420f,small church,Inside Church
train_ep_006700,loc__cottage_entryway__e5f1139f,cottage entryway,Inside Cottage
train_ep_006701,loc__wet_dungeon__b3fe19bc,wet dungeon,Dungeon
train_ep_006702,loc__enormous_church_entrance_door__4425590a,enormous church entrance door,Outside Church
train_ep_006703,loc__castle_maids_room__208d485a,castle maids' room,Inside Castle
train_ep_006704,loc__privy_room__3e3bfa73,privy room,Inside Castle
train_ep_006705,loc__castle_courtyard_bazaar__f18a3852,castle courtyard bazaar,Bazaar
train_ep_006706,loc__unexplored_jungle__ff39ded3,unexplored jungle,Jungle
train_ep_006707,loc__inside_temple__78c8ad2b,inside temple,Inside Temple
train_ep_006708,loc__haunted_swamp__8ecea208,haunted swamp,Swamp
train_ep_006709,loc__turquoise_shore__9c4dff53,turquoise shore,Shore
train_ep_006710,loc__forsaken_castle__e4d7c5af,forsaken castle,Abandoned
train_ep_006711,loc__abandoned_mine__75691f18,abandoned mine,Mountain
train_ep_006712,loc__unfinished_mausoleum__d8f26138,unfinished mausoleum,Graveyard
train_ep_006713,loc__great_hall__91ce0dd0,great hall,Inside Tower
train_ep_006714,loc__fishmonger_s_stall__b989772f,fishmonger's stall,Port
train_ep_006715,loc__beach__7193529a,beach,Shore
train_ep_006716,loc__abandoned_mine__75691f18,abandoned mine,Abandoned
train_ep_006717,loc__dungeon__e0dc3209,dungeon,Inside Palace
train_ep_006718,loc__path_in_forest__b615034b,path in forest,Trail
train_ep_006719,loc__prayer_room__b4ab9d1e,prayer room,Inside Temple
train_ep_006720,loc__barn__5dfcc0aa,barn,Farm
train_ep_006721,loc__meadow__07a42035,meadow,Countryside
train_ep_006722,loc__queen_s_bedchamber__25802711,queen's bedchamber,Inside Palace
train_ep_006723,loc__cave__e386df9e,cave,Mountain
train_ep_006724,loc__altar_room__cbf077bb,altar room,Inside Temple
train_ep_006725,loc__confessional__f24d3972,confessional,Inside Church
train_ep_006726,loc__torture_room__87c0e788,torture room,Dungeon
train_ep_006727,loc__island__3dbacfd7,island,Lake
train_ep_006728,loc__lighthouse__fad0ce22,lighthouse,Shore
train_ep_006729,loc__bar__37b51d19,bar,Tavern
train_ep_006730,loc__opening_to_the_drawbridge_of_the_castle__7901de11,opening to the drawbridge of the castle,Trail
train_ep_006731,loc__knights_quarters__d1135fd1,knights quarters,Inside Castle
train_ep_006732,loc__watchtower__2275d0f0,watchtower,Outside Tower
train_ep_006733,loc__port_tavern__48d771c2,port tavern,Port
train_ep_006734,loc__prison_room__075cec3e,prison room,Inside Tower
train_ep_006735,loc__dungeon__e0dc3209,dungeon,Inside Castle
train_ep_006736,loc__master_bedroom__ee30383a,master bedroom,Inside Palace
train_ep_006737,loc__outside_temple__4d6f89cb,outside temple,Outside Temple
train_ep_006738,loc__graveyard__7b3ab674,graveyard,Graveyard
train_ep_006739,loc__bell_tower__53496f39,bell tower,Inside Church
train_ep_006740,loc__troll_s_bridge__934a7368,troll's bridge,Swamp
train_ep_006741,loc__barn__5dfcc0aa,barn,Farm
train_ep_006742,loc__dungeon_within_a_castle__30c5909c,dungeon within a castle,Dungeon
train_ep_006743,loc__inside_a_desolate_cave__62f3c8b1,inside a desolate cave,Dungeon
train_ep_006744,loc__underground_chamber__d71a7d7a,underground chamber,Cave
train_ep_006745,loc__outside_the_church_of_monks__12e0820b,outside the church of monks,Outside Church
train_ep_006746,loc__temple_courtyard__c65f7648,temple courtyard,Outside Temple
train_ep_006747,loc__inside_the_unicorn_palace__56787601,inside the unicorn palace,Inside Palace
train_ep_006748,loc__werewolves_tavern__a0b69047,werewolves tavern,Tavern
train_ep_006749,loc__inside_temple__78c8ad2b,inside temple,Inside Temple
train_ep_006750,loc__witches_cottage__6a123241,witches cottage,Outside Cottage
train_ep_006751,loc__inside_the_fairy_temple__748c1bf3,inside the fairy temple,Inside Temple
train_ep_006752,loc__fairy_forest__c73e62c1,fairy forest,Forest
train_ep_006753,loc__inside_the_fairies_church__7a838b07,inside the fairies church,Inside Church
train_ep_006754,loc__inside_the_king_s_palace__ad1ed203,inside the king's palace,Inside Palace
train_ep_006755,loc__inside_temple__78c8ad2b,inside temple,Inside Temple
train_ep_006756,loc__dining_hall__10c40af2,dining hall,Inside Tower
train_ep_006757,loc__confessional_room__22bf6614,confessional room,Inside Church
train_ep_006758,loc__oasis__335ffbcf,oasis,Desert
train_ep_006759,loc__wizard_s_quarters__e0890c7c,wizard's quarters,Outside Tower
train_ep_006760,loc__dungeon__e0dc3209,dungeon,Inside Castle
train_ep_006761,loc__cave__e386df9e,cave,Cave
train_ep_006762,loc__castle__9355a9f9,castle,Inside Castle
train_ep_006763,loc__castle__9355a9f9,castle,Inside Castle
train_ep_006764,loc__bazaar__8c5c7284,bazaar,Bazaar
train_ep_006765,loc__tower__79835ea3,tower,Outside Tower
train_ep_006766,loc__bazaar__8c5c7284,bazaar,Bazaar
train_ep_006767,loc__royal_gardens__e410d0fe,royal gardens,Outside Palace
train_ep_006768,loc__docks__d1b1bb99,docks,Port
train_ep_006769,loc__sacred_temple__0ee6dca9,sacred temple,Inside Church
train_ep_006770,loc__lagoon__664a6ce4,lagoon,Lake
train_ep_006771,loc__inside_the_temple__573b0d5f,inside the temple,Inside Temple
train_ep_006772,loc__cave__e386df9e,cave,Cave
train_ep_006773,loc__outside_tower__7dc67c9f,outside tower,Outside Tower
train_ep_006774,loc__jungle__5d991220,jungle,Jungle
train_ep_006775,loc__lake__97d986e2,lake,Lake
train_ep_006776,loc__outside_church__9f23256f,outside church,Outside Church
train_ep_006777,loc__riverbed__acbe6245,riverbed,Forest
train_ep_006778,loc__mud_pit__7a862ed0,mud pit,Jungle
train_ep_006779,loc__military_outpost_at_the_heart_of_the_swamp__0b91dfd0,military outpost at the heart of the swamp,Swamp
train_ep_006780,loc__royal_kitchen__fca4f709,royal kitchen,Inside Palace
train_ep_006781,loc__inside_tower__3d67c0a7,inside tower,Inside Tower
train_ep_006782,loc__abandoned_shack__d3865a64,abandoned shack,Wasteland
train_ep_006783,loc__princess_library__7426d41f,princess' library,Inside Palace
train_ep_006784,loc__yurt__e67b7569,yurt,Desert
train_ep_006785,loc__spice_stall__5ddd9bb4,spice stall,Bazaar
train_ep_006786,loc__treasure_cavern__26b58d7a,treasure cavern,Inside Temple
train_ep_006787,loc__bathroom__67518d64,bathroom,Inside Tower
train_ep_006788,loc__main_hall__8f1c5099,main hall,Inside Palace
train_ep_006789,loc__tree_house__493a5d1a,tree house,Jungle
train_ep_006790,loc__town_square__4d10acd1,town square,Town
train_ep_006791,loc__living_quarters__26fbc0ca,living quarters,Farm
train_ep_006792,loc__kings_chambers__3b38188f,kings chambers,Inside Palace
train_ep_006793,loc__trash_heap__0e440590,trash heap,Wasteland
train_ep_006794,loc__entrance_to_the_pine_trees__857c5da1,entrance to the pine trees,Forest
train_ep_006795,loc__courtyard__2c2bf458,courtyard,Outside Palace
train_ep_006796,loc__large_galleon__0e3d3ca8,large galleon,Port
train_ep_006797,loc__kitchen__09228dac,kitchen,Inside Cottage
train_ep_006798,loc__tree_house__493a5d1a,tree house,Jungle
train_ep_006799,loc__dark_cave__b9185199,dark cave,Cave
train_ep_006800,loc__top_side_tower_overlooking_view__8b843a89,top side tower overlooking view,Outside Tower
train_ep_006801,loc__black_smiths_shop__5379f4dc,black smiths shop,Town
train_ep_006802,loc__lakeside_house__e89e18cd,lakeside house,Lake
train_ep_006803,loc__armory__f1c6e216,armory,Inside Castle
train_ep_006804,loc__torture_chamber__11dfca19,torture chamber,Dungeon
train_ep_006805,loc__bedroom__cff8b1fe,bedroom,Inside Cottage
train_ep_006806,loc__treasure_room__5acf31fd,treasure room,Inside Castle
train_ep_006807,loc__throne_room__f4977c99,throne room,Shore
train_ep_006808,loc__coast__756d153b,coast,Shore
train_ep_006809,loc__choir_room__35978911,choir room,Inside Church
train_ep_006810,loc__jail_room__4ad818b4,jail room,Inside Tower
train_ep_006811,loc__town_theater__8fa3302e,town theater,Town
train_ep_006812,loc__moat__3c3a57f1,moat,Outside Palace
train_ep_006813,loc__bedroom__cff8b1fe,bedroom,Inside Cottage
train_ep_006814,loc__clergyman_s_office__30ca015e,clergyman's office,Inside Temple
train_ep_006815,loc__gathering_room__2b59ea3f,gathering room,Inside Cottage
train_ep_006816,loc__waterfall__911b1ca4,waterfall,Mountain
train_ep_006817,loc__grand_dancing_hall__7dd99710,grand dancing hall,Inside Palace
train_ep_006818,loc__top_of_a_tall_tree__6c2eb414,top of a tall tree,Jungle
train_ep_006819,loc__murky_water__7482dbbf,murky water,Swamp
train_ep_006820,loc__dining_hall__10c40af2,dining hall,Inside Castle
train_ep_006821,loc__summit__cc8c6287,summit,Mountain
train_ep_006822,loc__scenic_overlook__9ccff5f9,scenic overlook,Trail
train_ep_006823,loc__town__7198cda5,town,Town
train_ep_006824,loc__tombstones_of_the_kings__f98f35ed,tombstones of the kings,Graveyard
train_ep_006825,loc__sanctuary__80452c45,sanctuary,Inside Church
train_ep_006826,loc__rectory__af9459b5,rectory,Inside Church
train_ep_006827,loc__meditation_room__40c0a44e,meditation room,Inside Temple
train_ep_006828,loc__loading_dock__2e35f637,loading dock,Port
train_ep_006829,loc__mountain_peak__924f5a88,mountain peak,Mountain
train_ep_006830,loc__tower_base__11a0e527,tower base,Outside Tower
train_ep_006831,loc__king_s_quarters__b44e1648,king's quarters,Inside Tower
train_ep_006832,loc__oracle_cave__d32dc815,oracle cave,Mountain
train_ep_006833,loc__spiral_staircase__031e4915,spiral staircase,Inside Tower
train_ep_006834,loc__confessional__f24d3972,confessional,Inside Church
train_ep_006835,loc__beyond_the_wall__adff6e1c,beyond the wall,Outside Castle
train_ep_006836,loc__land_beyond_the_wasteland__0b3b29ad,land beyond the wasteland,Abandoned
train_ep_006837,loc__inside_the_king_s_castle__afab450e,inside the king's castle,Inside Tower
train_ep_006838,loc__across_the_king_s_garden__82bbf802,across the king's garden,Trail
train_ep_006839,loc__within_the_king_s_mansion__ffdc1072,within the king's mansion,Inside Temple
train_ep_006840,loc__market_center__f92392bc,market center,Tavern
train_ep_006841,loc__chapel__5ee4b863,chapel,Inside Church
train_ep_006842,loc__bar__37b51d19,bar,Tavern
train_ep_006843,loc__battleship__e82a29f3,battleship,Shore
train_ep_006844,loc__banquet_hall__b7ba191c,banquet hall,Inside Castle
train_ep_006845,loc__entrance_to_castle__6ce4a988,entrance to castle,Outside Castle
train_ep_006846,loc__cabin__92faafe2,cabin,Countryside
train_ep_006847,loc__pew__08db7753,pew,Inside Church
train_ep_006848,loc__shop_in_bazaar__bb1b9374,shop in bazaar,Bazaar
train_ep_006849,loc__entrance_to_church__2ba81d25,entrance to church,Outside Church
train_ep_006850,loc__dock_at_the_port__eaf44017,dock at the port,Port
train_ep_006851,loc__witch_s_house__f92034cd,witch's house,Swamp
train_ep_006852,loc__dock__05debdb8,dock,Lake
train_ep_006853,loc__within_the_walls_of_the_city__ccd0198d,within the walls of the city,Inside Tower
train_ep_006854,loc__queen_s_chamber__e51179c6,queen's chamber,Inside Palace
train_ep_006855,loc__nave__bfe4b52c,nave,Inside Church
train_ep_006856,loc__alchemists_lab__d5456245,alchemists lab,Inside Tower
train_ep_006857,loc__bog__e07cd172,bog,Swamp
train_ep_006858,loc__king_s_quarters__b44e1648,king's quarters,Shore
train_ep_006859,loc__weapon_closet__20098437,weapon closet,Inside Tower
train_ep_006860,loc__princess_chamber__b18da5a3,princess' chamber,Inside Tower
train_ep_006861,loc__training_fields__20aac210,training fields,Outside Palace
train_ep_006862,loc__nursery__a718a874,nursery,Inside Palace
train_ep_006863,loc__kitchen__09228dac,kitchen,Tavern
train_ep_006864,loc__boathouse__f1916d48,boathouse,Swamp
train_ep_006865,loc__nave__bfe4b52c,nave,Inside Church
train_ep_006866,loc__kitchen__09228dac,kitchen,Inside Cottage
train_ep_006867,loc__courtyard__2c2bf458,courtyard,Outside Palace
train_ep_006868,loc__troll_s_lair__218cc09b,troll's lair,Cave
train_ep_006869,loc__throne_room__f4977c99,throne room,Inside Tower
train_ep_006870,loc__barracks__2ce29011,barracks,Outside Castle
train_ep_006871,loc__brush_den__e1300d94,brush den,Forest
train_ep_006872,loc__next_to_an_altar__6252d8d6,next to an altar,Inside Church
train_ep_006873,loc__ball_room__e26306dc,ball room,Inside Palace
train_ep_006874,loc__along_the_banks_of_a_river_in_the_forest__1893d3d3,along the banks of a river in the forest,Forest
train_ep_006875,loc__king_s_bedroom__03fb30e9,king's bedroom,Inside Palace
train_ep_006876,loc__jewelry_stall__2ec13fd4,jewelry stall,Bazaar
train_ep_006877,loc__winter_gardens__e59bb816,winter gardens,Outside Tower
train_ep_006878,loc__servant_s_quarters__2ab37024,servant's quarters,Inside Palace
train_ep_006879,loc__cursed_grave__7f5aabe1,cursed grave,Graveyard
train_ep_006880,loc__foyer__114ad31a,foyer,Inside Palace
train_ep_006881,loc__guard_shack__0ef62152,guard shack,Outside Tower
train_ep_006882,loc__throne__253d405e,throne,Inside Palace
train_ep_006883,loc__old_red_barn__d6b0cfd8,old red barn,Farm
train_ep_006884,loc__desert_cavern__9287fea8,desert cavern,Desert
train_ep_006885,loc__fishing_pier__fd5d48a9,fishing pier,Shore
train_ep_006886,loc__high_priest_chamber__3d59d244,high priest chamber,Inside Church
train_ep_006887,loc__beside_church_pews__8d83bdb7,beside church pews,Inside Church
train_ep_006888,loc__quicksand_pit__591e521d,quicksand pit,Swamp
train_ep_006889,loc__sacrifice_chamber__8aaf85ac,sacrifice chamber,Inside Temple
train_ep_006890,loc__beach_house__64bd4f8d,beach house,Shore
train_ep_006891,loc__mushroom_hut__8bb7cd75,mushroom hut,Outside Cottage
train_ep_006892,loc__pirate_ship__a3eb0b34,pirate ship,Port
train_ep_006893,loc__beside_tower_entrance__4289dcc4,beside tower entrance,Inside Tower
train_ep_006894,loc__palace_throne__edc54e5f,palace throne,Inside Palace
train_ep_006895,loc__inside_cottage_kitchen__5eaa1ce9,inside cottage kitchen,Inside Cottage
train_ep_006896,loc__pig_pen__cd6444b3,pig pen,Countryside
train_ep_006897,loc__beside_temple_entrance__b712f707,beside temple entrance,Outside Temple
train_ep_006898,loc__tower_dungeon__3b953217,tower dungeon,Inside Tower
train_ep_006899,loc__beside_church_entrance__2206aedf,beside church entrance,Outside Church
train_ep_006900,loc__castle_armory__c05c8115,castle armory,Inside Castle
train_ep_006901,loc__hillside_mansion__369afa4b,hillside mansion,Countryside
train_ep_006902,loc__palace_ballroom__e83afcc3,palace ballroom,Inside Palace
train_ep_006903,loc__church_altar__b46bba3c,church altar,Inside Church
train_ep_006904,loc__tower_sewers__135799e5,tower sewers,Inside Tower
train_ep_006905,loc__towering_mesa__148ef02b,towering mesa,Desert
train_ep_006906,loc__inside_temple_crypt__eb261a98,inside temple crypt,Inside Temple
train_ep_006907,loc__gold_mine__23a64f00,gold mine,Abandoned
train_ep_006908,loc__room_at_the_top_of_the_tower__bebc68b6,room at the top of the tower,Inside Castle
train_ep_006909,loc__lonely_island__941f1782,lonely island,Abandoned
train_ep_006910,loc__public_execution_stand__ec1c97f7,public execution stand,Bazaar
train_ep_006911,loc__sitting_room__152ab82c,sitting room,Inside Cottage
train_ep_006912,loc__whipping_station__cd58acd7,whipping station,Outside Church
train_ep_006913,loc__bedding_room__8584585f,bedding room,Inside Palace
train_ep_006914,loc__prison_room__075cec3e,prison room,Inside Tower
train_ep_006915,loc__oasis__335ffbcf,oasis,Desert
train_ep_006916,loc__beach_house__64bd4f8d,beach house,Shore
train_ep_006917,loc__stained_glass_room__fe4963f3,stained glass room,Inside Church
train_ep_006918,loc__farmer_hill__b21f8161,farmer hill,Outside Cottage
train_ep_006919,loc__mars_desert__d8c9aa45,mars desert,Desert
train_ep_006920,loc__clearing__5832a4d8,clearing,Forest
train_ep_006921,loc__hall_of_echoes__55050f7d,hall of echoes,Inside Temple
train_ep_006922,loc__bathing_room__e8175c31,bathing room,Inside Temple
train_ep_006923,loc__mysterious_shop__454073ca,mysterious shop,Bazaar
train_ep_006924,loc__show_room_inside_the_castle__f6ac41dd,show room inside the castle,Inside Castle
train_ep_006925,loc__inside_church_back_row__5cc901b4,inside church back row,Inside Church
train_ep_006926,loc__tavern_of_browntavia__0bc98c5d,tavern of browntavia,Tavern
train_ep_006927,loc__bone_pit__bec80d68,bone pit,Outside Temple
train_ep_006928,loc__sacrificial_altar__0974214f,sacrificial altar,Inside Temple
train_ep_006929,loc__personal_quarters__5bdf1559,personal quarters,Inside Palace
train_ep_006930,loc__murder_hole__da3df777,murder hole,Inside Tower
train_ep_006931,loc__dungeon__e0dc3209,dungeon,Inside Temple
train_ep_006932,loc__garden__e2704f30,garden,Outside Cottage
train_ep_006933,loc__dining_hall__10c40af2,dining hall,Inside Tower
train_ep_006934,loc__bank__bd5af1f6,bank,Swamp
train_ep_006935,loc__library__d521f765,library,Inside Castle
train_ep_006936,loc__main_entrance__68f3df62,main entrance,Outside Temple
train_ep_006937,loc__storage_room__ab9f0184,storage room,Dungeon
train_ep_006938,loc__study_room__5698bd87,study room,Inside Church
train_ep_006939,loc__ruined_house__b253dd25,ruined house,Abandoned
train_ep_006940,loc__pond__d873154f,pond,Forest
train_ep_006941,loc__reception_area__9f5fd34c,reception area,Graveyard
train_ep_006942,loc__garden__e2704f30,garden,Outside Palace
train_ep_006943,loc__dock__05debdb8,dock,Port
train_ep_006944,loc__weapon_room__a7162ba9,weapon room,Inside Temple
train_ep_006945,loc__small_graveyard__d12232a8,small graveyard,Outside Cottage
train_ep_006946,loc__entrance__2a20afe0,entrance,Cave
train_ep_006947,loc__armory__f1c6e216,armory,Inside Castle
train_ep_006948,loc__stable__f40faf63,stable,Farm
train_ep_006949,loc__storage_room__ab9f0184,storage room,Tavern
train_ep_006950,loc__clearing__5832a4d8,clearing,Jungle
train_ep_006951,loc__nave__bfe4b52c,nave,Inside Church
train_ep_006952,loc__graveyard__7b3ab674,graveyard,Outside Church
train_ep_006953,loc__stable__f40faf63,stable,Outside Palace
train_ep_006954,loc__courtyard__2c2bf458,courtyard,Outside Palace
train_ep_006955,loc__torture_room__87c0e788,torture room,Dungeon
train_ep_006956,loc__main_hallway__840c1503,main hallway,Inside Palace
train_ep_006957,loc__hidden_passageway__d7cdebb5,hidden passageway,Inside Temple
train_ep_006958,loc__grand_ballroom__52b4001e,grand ballroom,Inside Castle
train_ep_006959,loc__old_crypt__9f170f50,old crypt,Graveyard
train_ep_006960,loc__castle_kitchen__b00392de,castle kitchen,Inside Castle
train_ep_006961,loc__debtor_s_prison__ea99977f,debtor's prison,Inside Tower
train_ep_006962,loc__temple_entrance__71ae50b0,temple entrance,Outside Temple
train_ep_006963,loc__tree_of_spirits__e757fcef,tree of spirits,Trail
train_ep_006964,loc__grand_dining_room__8cb359cc,grand dining room,Inside Palace
train_ep_006965,loc__maidens_cottage__ce8fe6f9,maidens cottage,Countryside
train_ep_006966,loc__horse_s_stables__0cd4df4c,horse's stables,Outside Cottage
train_ep_006967,loc__horse_field__eeae819a,horse field,Countryside
train_ep_006968,loc__hunting_grounds__6ac15b3d,hunting grounds,Trail
train_ep_006969,loc__queen_s_quarters__22b70e95,queen's quarters,Inside Palace
train_ep_006970,loc__cemetery__dccbebc2,cemetery,Wasteland
train_ep_006971,loc__artillery_room__9af01c49,artillery room,Inside Tower
train_ep_006972,loc__archery_zone__fdb7c330,archery zone,Outside Castle
train_ep_006973,loc__knight_s_hunting_ground__09b79c95,knight's hunting ground,Trail
train_ep_006974,loc__priest_s_chambers__1ebce5c5,priest's chambers,Inside Temple
train_ep_006975,loc__kitchen__09228dac,kitchen,Inside Castle
train_ep_006976,loc__king_s_chambers__e3e597fe,king's chambers,Inside Palace
train_ep_006977,loc__master_bedroom__ee30383a,master bedroom,Inside Castle
train_ep_006978,loc__outpost__9e81fdfb,outpost,Mountain
train_ep_006979,loc__royal_shipyard__fc976e6e,royal shipyard,Port
train_ep_006980,loc__ritual_room__4574deb8,ritual room,Inside Temple
train_ep_006981,loc__front_of_the_cottage__908b24e7,front of the cottage,Outside Cottage
train_ep_006982,loc__village_at_the_base_of_the_mountain__47dbe2ea,village at the base of the mountain,Mountain
train_ep_006983,loc__armory__f1c6e216,armory,Inside Tower
train_ep_006984,loc__confession_box__fb7e21f1,confession box,Inside Church
train_ep_006985,loc__bandit_lair__90d428ee,bandit lair,Cave
train_ep_006986,loc__ruin_of_a_house__62eef8f7,ruin of a house,Wasteland
train_ep_006987,loc__tent__7b65dcf0,tent,Desert
train_ep_006988,loc__inside_the_temple__573b0d5f,inside the temple,Inside Temple
train_ep_006989,loc__boat_house__62b9e6c4,boat house,Port
train_ep_006990,loc__kings_bedroom__64489025,kings bedroom,Inside Castle
train_ep_006991,loc__stream__f7b44cfa,stream,Forest
train_ep_006992,loc__forest__f379cfd7,forest,Countryside
train_ep_006993,loc__lush_meadow_in_the_country_side__d9fa9500,lush meadow in the country side,Countryside
train_ep_006994,loc__small_town_located_in_the_hills__d4698af1,small town located in the hills,Town
train_ep_006995,loc__kings_bed_room__b1f6b2b3,kings bed room,Inside Castle
train_ep_006996,loc__front_row__ec5571ef,front row,Inside Church
train_ep_006997,loc__town_in_the_desert__fff2a6b4,town in the desert,Wasteland
train_ep_006998,loc__primary_cave__755e8817,primary cave,Cave
train_ep_006999,loc__ferry_terminal__e6bf99dd,ferry terminal,Port
train_ep_007000,loc__bed_chambers__67892844,bed chambers,Inside Palace
train_ep_007001,loc__modest_living_area__fe2770f1,modest living area,Inside Cottage
train_ep_007002,loc__temple_foyer__c0b5e90a,temple foyer,Inside Temple
train_ep_007003,loc__desert_tent__a1a041ce,desert tent,Wasteland
train_ep_007004,loc__front_altar__819cc2dd,front altar,Inside Temple
train_ep_007005,loc__great_armory__8a3248e6,great armory,Inside Castle
train_ep_007006,loc__grassy_plains__ecb71cc6,grassy plains,Trail
train_ep_007007,loc__dancing_stoat__a6b60c83,dancing stoat,Town
train_ep_007008,loc__old_gnaisha_s__d05194f9,old gnaisha's,Bazaar
train_ep_007009,loc__paladins_memorial_chapel__3b8a3ef4,paladins' memorial chapel,Inside Church
train_ep_007010,loc__shrine_of_sretniy__c5cdca48,shrine of sretniy,Inside Temple
train_ep_007011,loc__banquet_hall__b7ba191c,banquet hall,Inside Castle
train_ep_007013,loc__desert_land__d9285c9c,desert land,Desert
train_ep_007014,loc__pond__d873154f,pond,Wasteland
train_ep_007015,loc__fishing_shack__be027604,fishing shack,Lake
train_ep_007016,loc__horse_stables__3ab0f4c8,horse stables,Outside Castle
train_ep_007017,loc__castle_basement__ef824ba7,castle basement,Inside Castle
train_ep_007018,loc__abandoned_workers_shed__0002433d,abandoned workers shed,Graveyard
train_ep_007019,loc__tower_kitchen__9b8a3da9,tower kitchen,Inside Tower
train_ep_007020,loc__chicken_pen__1c50c5ac,chicken pen,Countryside
train_ep_007021,loc__middle_of_the_bazaar__54f18754,middle of the bazaar,Bazaar
train_ep_007022,loc__launching_point__8c178e87,launching point,Lake
train_ep_007023,loc__corn_field__018a2ccf,corn field,Farm
train_ep_007024,loc__main_house__39d59a9f,main house,Farm
train_ep_007025,loc__sacristy__3f4aff85,sacristy,Inside Church
train_ep_007026,loc__old_queen_farm__057da97d,old queen farm,Wasteland
train_ep_007027,loc__fish_market__4e56b4a3,fish market,Port
train_ep_007028,loc__castle_exit__5b525e0e,castle exit,Inside Castle
train_ep_007029,loc__reagent_room__559ae958,reagent room,Outside Tower
train_ep_007030,loc__cavern_dwelling__44fe0d79,cavern dwelling,Desert
train_ep_007031,loc__washroom__050b06a4,washroom,Inside Castle
train_ep_007032,loc__fishing_dock__fbf73e36,fishing dock,Lake
train_ep_007033,loc__church_garden__56a741fe,church garden,Outside Church
train_ep_007034,loc__large_cliffs__f86c4fa5,large cliffs,Shore
train_ep_007035,loc__port_skyline__0254ced0,port skyline,Port
train_ep_007036,loc__main_prayer_room__ec7e9b7f,main prayer room,Inside Temple
train_ep_007037,loc__haunted_orchard__7434c930,haunted orchard,Farm
train_ep_007038,loc__apothecary__e264c143,apothecary,Town
train_ep_007039,loc__main_castle_doors__e1f39f3b,main castle doors,Outside Palace
train_ep_007040,loc__church_garden__56a741fe,church garden,Outside Church
train_ep_007041,loc__dead_tree__ae78e2fc,dead tree,Graveyard
train_ep_007042,loc__dining_hall__10c40af2,dining hall,Inside Castle
train_ep_007043,loc__north_forest__a809663e,north forest,Forest
train_ep_007044,loc__mess_hall__df491ab7,mess hall,Inside Temple
train_ep_007045,loc__gallery__2767cc3e,gallery,Cave
train_ep_007046,loc__crew_berthing__255a7e79,crew berthing,Port
train_ep_007047,loc__landing_in_the_foyer__0712bd55,landing in the foyer,Inside Palace
train_ep_007048,loc__wharf__ef602779,wharf,Port
train_ep_007049,loc__woodlands__f4b4342e,woodlands,Forest
train_ep_007050,loc__quay__a4499c24,quay,Port
train_ep_007051,loc__warehouses__54495979,warehouses,Port
train_ep_007052,loc__valley_of_doom__2f415a0f,valley of doom,Countryside
train_ep_007053,loc__swimming_hole__41a1f52e,swimming hole,Lake
train_ep_007054,loc__bottlery__3ad26146,bottlery,Inside Castle
train_ep_007055,loc__fitting_room__c555a43b,fitting room,Bazaar
train_ep_007056,loc__arrow_house__9d554350,arrow house,Outside Castle
train_ep_007057,loc__castle_kitchens__6834f5a3,castle kitchens,Inside Palace
train_ep_007058,loc__bright_path__17c6a100,bright path,Inside Castle
train_ep_007059,loc__cold_storage_room__726f76a2,cold storage room,Outside Cottage
train_ep_007060,loc__forest_entrance__4bcda148,forest entrance,Forest
train_ep_007061,loc__slave_quarters__8a6d9f60,slave quarters,Inside Tower
train_ep_007062,loc__fishing_store__b061f606,fishing store,Port
train_ep_007063,loc__temple_guard_station__e0b75841,temple guard station,Outside Temple
train_ep_007064,loc__peasant_s_cottage__00464b6c,peasant's cottage,Countryside
train_ep_007065,loc__small_dirt_road__40d1ead7,small dirt road,Countryside
train_ep_007066,loc__royal_bathroom__f7f11309,royal bathroom,Inside Castle
train_ep_007067,loc__stilt_home__612941a3,stilt home,Farm
train_ep_007068,loc__forbidden_forest__b96ae0b4,forbidden forest,Forest
train_ep_007069,loc__underground_river__dde09e89,underground river,Cave
train_ep_007070,loc__temple_main_room__cc3e74e5,temple main room,Outside Temple
train_ep_007071,loc__arch_hall__0fcc7e9c,arch hall,Inside Castle
train_ep_007072,loc__back_of_the_stall__4b715f67,back of the stall,Bazaar
train_ep_007073,loc__woods__b7bfb949,woods,Forest
train_ep_007074,loc__countryside__9cff47d1,countryside,Countryside
train_ep_007075,loc__saokra_s_blacksmith_shop__e5c9291c,saokra's blacksmith shop,Town
train_ep_007076,loc__mesa_peak__ec3e4014,mesa peak,Mountain
train_ep_007077,loc__prisoners_cells__61cb1ba6,prisoners cells,Dungeon
train_ep_007078,loc__temple_chamber__417585e8,temple chamber,Inside Temple
train_ep_007079,loc__main_foyer__ed99a45c,main foyer,Inside Castle
train_ep_007080,loc__winding_staircase__ec3107f8,winding staircase,Outside Tower
train_ep_007081,loc__tailings_pile__d27fba96,tailings pile,Mountain
train_ep_007082,loc__town_center__f942e8bf,town center,Town
train_ep_007083,loc__garden__e2704f30,garden,Outside Palace
train_ep_007084,loc__south_forest__a051e03c,south forest,Forest
train_ep_007085,loc__hidden_revolutionaries_headquarters__536080d4,hidden revolutionaries' headquarters,Inside Palace
train_ep_007086,loc__acid_yard__7930efda,acid yard,Outside Castle
train_ep_007087,loc__hay_field__0bbfde04,hay field,Outside Cottage
train_ep_007088,loc__castle_front__1f50ceb7,castle front,Inside Palace
train_ep_007089,loc__horse_tent__858443dc,horse tent,Farm
train_ep_007090,loc__knife_seller__e0a51e70,knife seller,Bazaar
train_ep_007091,loc__guards_quarters__94702054,guards quarters,Inside Tower
train_ep_007092,loc__general_store__53a8fbb0,general store,Town
train_ep_007093,loc__mysterious_shop_s_entrance__212a3859,mysterious shop's entrance,Bazaar
train_ep_007094,loc__beside_the_town_church__0b0b1726,beside the town church,Outside Church
train_ep_007095,loc__entryway_to_the_wizards_tower__7a21df60,entryway to the wizards tower,Inside Tower
train_ep_007096,loc__main_gate__d66ce966,main gate,Countryside
train_ep_007097,loc__palace_garden__46ae3845,palace garden,Outside Palace
train_ep_007098,loc__gold_room__42a3e93d,gold room,Inside Tower
train_ep_007099,loc__visitor_s_entrance__44f22aeb,visitor's entrance,Inside Temple
train_ep_007100,loc__throne_room__f4977c99,throne room,Inside Palace
train_ep_007101,loc__throne_room__f4977c99,throne room,Inside Tower
train_ep_007102,loc__supply_store__9776432b,supply store,Port
train_ep_007103,loc__bazaar_outside_the_royal_city__3f48a35a,bazaar outside the royal city,Bazaar
train_ep_007104,loc__cactus_field_entrance__cba07803,cactus field entrance,Desert
train_ep_007105,loc__outside_of_the_temple_offices__dd9f1ee7,outside of the temple offices,Outside Temple
train_ep_007106,loc__temple_chamber__417585e8,temple chamber,Inside Temple
train_ep_007107,loc__grand_desert__c682352f,grand desert,Desert
train_ep_007108,loc__castle_kitchen__b00392de,castle kitchen,Inside Castle
train_ep_007109,loc__disposal_area__72d310fd,disposal area,Inside Castle
train_ep_007110,loc__village_of_tamerak__7e6c027e,village of tamerak,Port
train_ep_007111,loc__pine_tree_graveyard__18f73c00,pine tree graveyard,Forest
train_ep_007112,loc__personal_rooms__f7ec06d2,personal rooms,Inside Palace
train_ep_007113,loc__mansion_entrance__5c32e57d,mansion entrance,Inside Cottage
train_ep_007114,loc__curved_hallway__638b964b,curved hallway,Inside Tower
train_ep_007115,loc__inside_the_ruined_house__f351c82a,inside the ruined house,Inside Cottage
train_ep_007116,loc__city_of_elders__fa058cbe,city of elders,Town
train_ep_007117,loc__hidden_garden__f2140155,hidden garden,Outside Palace
train_ep_007118,loc__ghost_trail__7855adca,ghost trail,Trail
train_ep_007119,loc__spring_bath__6aa6bed3,spring bath,Outside Temple
train_ep_007120,loc__lavoratory__9cb21908,lavoratory,Inside Castle
train_ep_007121,loc__nearby_road__b720e559,nearby road,Countryside
train_ep_007122,loc__council_of_twelve__3232fa93,council of twelve,Inside Temple
train_ep_007123,loc__tub__271721b2,tub,Inside Tower
train_ep_007124,loc__arsenal__1c5442c0,arsenal,Inside Tower
train_ep_007125,loc__torture_equipment_storage_room__8c501a45,torture equipment storage room,Dungeon
train_ep_007126,loc__farmer_s_house__742677bc,farmer's house,Farm
train_ep_007127,loc__castle_foothills__40ba7cae,castle foothills,Outside Tower
train_ep_007128,loc__tower_spire__a8295baa,tower spire,Inside Tower
train_ep_007129,loc__saloon__453c44d3,saloon,Tavern
train_ep_007130,loc__basement__48719d32,basement,Inside Castle
train_ep_007131,loc__trail_exit__e1ead7cf,trail exit,Trail
train_ep_007132,loc__bazaar__8c5c7284,bazaar,Bazaar
train_ep_007133,loc__along_the_pews__731918a2,along the pews,Inside Church
train_ep_007134,loc__gate_to_street__63c54887,gate to street,Outside Church
train_ep_007135,loc__pier_walkway__6cc5e473,pier walkway,Shore
train_ep_007136,loc__attic__0535c94e,attic,Inside Church
train_ep_007137,loc__hidden_passage__6bec6a12,hidden passage,Inside Church
train_ep_007138,loc__table_area__8fcbc5c5,table area,Tavern
train_ep_007139,loc__temple_hallway__fc747e35,temple hallway,Inside Temple
train_ep_007140,loc__old_docks__ed431416,old docks,Shore
train_ep_007141,loc__courtyard_exterior__9602be9c,courtyard exterior,Outside Palace
train_ep_007142,loc__room_hidden_in_the_dense_canopy__eb412c40,room hidden in the dense canopy,Forest
train_ep_007143,loc__small_clearing__18adfedc,small clearing,Mountain
train_ep_007144,loc__weapons_storage_room__e2250d82,weapons storage room,Outside Castle
train_ep_007145,loc__kitchens__dfd09a86,kitchens,Inside Castle
train_ep_007146,loc__battlements__65ce509a,battlements,Outside Castle
train_ep_007147,loc__blacksmith__c2428781,blacksmith,Bazaar
train_ep_007148,loc__collapsed_west_wing__5208068f,collapsed west wing,Abandoned
train_ep_007149,loc__sewer_entrance__f153eab9,sewer entrance,Inside Tower
train_ep_007150,loc__church_coat_room__3bec4535,church coat room,Inside Church
train_ep_007151,loc__ant_hill__01158295,ant hill,Forest
train_ep_007152,loc__unsettling_forest_area__3d5f756b,unsettling forest area,Forest
train_ep_007153,loc__decoration_shop__cf40d2dc,decoration shop,Outside Temple
train_ep_007154,loc__top_floor_of_palace__ab540b82,top floor of palace,Inside Palace
train_ep_007155,loc__secret_tunnel__57b3c615,secret tunnel,Cave
train_ep_007156,loc__dead_valley__fe83fd28,dead valley,Desert
train_ep_007157,loc__dangerous_precipice__81c337c6,dangerous precipice,Mountain
train_ep_007158,loc__kitchens__dfd09a86,kitchens,Inside Tower
train_ep_007159,loc__soldiers_camp__2d6b7401,soldiers camp,Swamp
train_ep_007160,loc__secret_tunnel__57b3c615,secret tunnel,Inside Castle
train_ep_007161,loc__flower_garden__879381ca,flower garden,Forest
train_ep_007162,loc__alchemists_bedroom__cfb992f0,alchemists bedroom,Inside Tower
train_ep_007163,loc__guard_barracks__c7741c50,guard barracks,Inside Castle
train_ep_007164,loc__backyard__3bec248d,backyard,Outside Cottage
train_ep_007165,loc__attic__0535c94e,attic,Inside Palace
train_ep_007166,loc__grand_balcony__41fccf30,grand balcony,Inside Palace
train_ep_007167,loc__rat_den__b7a41895,rat den,Inside Tower
train_ep_007168,loc__midland_town__3abef145,midland town,Wasteland
train_ep_007169,loc__outlaws_jungle__b0c0b7b2,outlaws' jungle,Jungle
train_ep_007170,loc__underwater_cave__155a0a0e,underwater cave,Cave
train_ep_007171,loc__castle_royal_tower__bb8b04a7,castle royal tower,Inside Castle
train_ep_007172,loc__keep__18ccf61d,keep,Inside Tower
train_ep_007173,loc__church_foyer__e8aee950,church foyer,Inside Church
train_ep_007174,loc__main_graveyard__ad70495d,main graveyard,Graveyard
train_ep_007175,loc__confessions_room__d87965d0,confessions room,Inside Church
train_ep_007176,loc__outside_gates__58dbbce8,outside gates,Outside Cottage
train_ep_007177,loc__peasant_living_quarters__004fcc5f,peasant living quarters,Outside Palace
train_ep_007178,loc__temple_marketplace__34f9194f,temple marketplace,Inside Temple
train_ep_007179,loc__picnic_area__4a212f77,picnic area,Forest
train_ep_007180,loc__darkest_part_of_the_swamp__4a37261f,darkest part of the swamp,Swamp
train_ep_007181,loc__prayer_bell__021f8e15,prayer bell,Inside Church
train_ep_007182,loc__garden_courtyard__2530f6d1,garden courtyard,Inside Castle
train_ep_007183,loc__pet_chamber__bc1946e1,pet chamber,Inside Castle
train_ep_007184,loc__royal_farm__c7a2ee7a,royal farm,Farm
train_ep_007185,loc__palace_entrance__fb45dbba,palace entrance,Inside Palace
train_ep_007186,loc__farmers_market__3aa5b02b,farmers market,Bazaar
train_ep_007187,loc__back_room__d5bde542,back room,Inside Church
train_ep_007188,loc__sermon_hall__5b457bb1,sermon hall,Inside Church
train_ep_007189,loc__dwarven_blacksmith__68e8c01f,dwarven blacksmith,Mountain
train_ep_007190,loc__laundry_lines__dd2e9ca6,laundry lines,Outside Palace
train_ep_007191,loc__basement__48719d32,basement,Inside Castle
train_ep_007192,loc__school__7516c3b3,school,Bazaar
train_ep_007193,loc__grand_dining_room__8cb359cc,grand dining room,Inside Palace
train_ep_007194,loc__holy_alter__dd5ad709,holy alter,Inside Church
train_ep_007195,loc__throne_room__f4977c99,throne room,Inside Castle
train_ep_007196,loc__iconostasis__fa5c7ee9,iconostasis,Outside Church
train_ep_007197,loc__kebab_stall__d83535f0,kebab stall,Bazaar
train_ep_007198,loc__open_field__28aeddc6,open field,Farm
train_ep_007199,loc__wealthy_area_of_town__260fb03e,wealthy area of town,Town
train_ep_007200,loc__king_s_dorm__f69cf31d,king's dorm,Inside Tower
train_ep_007201,loc__church__916586c8,church,Outside Church
train_ep_007202,loc__cave_exit__6e09c118,cave exit,Cave
train_ep_007203,loc__main_gate__d66ce966,main gate,Outside Castle
train_ep_007204,loc__trailhead__55ecf8e5,trailhead,Trail
train_ep_007205,loc__bedrooms__8fb3ca52,bedrooms,Inside Palace
train_ep_007206,loc__dogs_domain__0a1f1a65,dogs' domain,Inside Church
train_ep_007207,loc__bazaar_gambling__0e92d983,bazaar gambling,Bazaar
train_ep_007208,loc__apple_trees__6ead89c4,apple trees,Bazaar
train_ep_007209,loc__pharmacy__bf4e2878,pharmacy,Town
train_ep_007210,loc__main_street__18c6980d,main street,Graveyard
train_ep_007211,loc__orc_cave__9c2ad64e,orc cave,Cave
train_ep_007212,loc__simple_town__9836124a,simple town,Town
train_ep_007213,loc__church_entryway__b0c14c9f,church entryway,Inside Church
train_ep_007214,loc__large_farm__653ba215,large farm,Farm
train_ep_007215,loc__southernmost_tower_entryway__af5a2a89,southernmost tower entryway,Inside Tower
train_ep_007216,loc__meadow__07a42035,meadow,Countryside
train_ep_007217,loc__central_bazaar__afde3f95,central bazaar,Bazaar
train_ep_007218,loc__cottage_safe_room__ce08f1a3,cottage safe-room,Inside Cottage
train_ep_007219,loc__castle_farm__90bc7176,castle farm,Farm
train_ep_007220,loc__lower_dungeon_guard_room__f88d3041,lower dungeon guard room,Dungeon
train_ep_007221,loc__in_front_of_a_stone_tower__79dd0512,in front of a stone tower,Outside Tower
train_ep_007222,loc__small_church__9543420f,small church,Inside Church
train_ep_007223,loc__cottage_entryway__e5f1139f,cottage entryway,Inside Cottage
train_ep_007224,loc__wet_dungeon__b3fe19bc,wet dungeon,Dungeon
train_ep_007225,loc__enormous_church_entrance_door__4425590a,enormous church entrance door,Outside Church
train_ep_007226,loc__hilltop_temple_grounds__9a75117c,hilltop temple grounds,Outside Temple
train_ep_007227,loc__castle_maids_room__208d485a,castle maids' room,Inside Castle
train_ep_007228,loc__privy_room__3e3bfa73,privy room,Inside Castle
train_ep_007229,loc__castle_courtyard_bazaar__f18a3852,castle courtyard bazaar,Bazaar
train_ep_007230,loc__inside_temple__78c8ad2b,inside temple,Inside Temple
train_ep_007231,loc__unexplored_jungle__ff39ded3,unexplored jungle,Jungle
train_ep_007232,loc__haunted_swamp__8ecea208,haunted swamp,Swamp
train_ep_007233,loc__turquoise_shore__9c4dff53,turquoise shore,Shore
train_ep_007234,loc__forsaken_castle__e4d7c5af,forsaken castle,Abandoned
train_ep_007235,loc__great_hall__91ce0dd0,great hall,Inside Tower
train_ep_007236,loc__abandoned_mine__75691f18,abandoned mine,Mountain
train_ep_007237,loc__unfinished_mausoleum__d8f26138,unfinished mausoleum,Graveyard
train_ep_007238,loc__fishmonger_s_stall__b989772f,fishmonger's stall,Port
train_ep_007239,loc__beach__7193529a,beach,Shore
train_ep_007240,loc__abandoned_mine__75691f18,abandoned mine,Abandoned
train_ep_007241,loc__meadow__07a42035,meadow,Countryside
train_ep_007242,loc__bamboo_hut__fe75e1af,bamboo hut,Jungle
train_ep_007243,loc__dungeon__e0dc3209,dungeon,Inside Palace
train_ep_007244,loc__path_in_forest__b615034b,path in forest,Trail
train_ep_007245,loc__prayer_room__b4ab9d1e,prayer room,Inside Temple
train_ep_007246,loc__cemetery__dccbebc2,cemetery,Graveyard
train_ep_007247,loc__barn__5dfcc0aa,barn,Farm
train_ep_007248,loc__confessional__f24d3972,confessional,Inside Church
train_ep_007249,loc__queen_s_bedchamber__25802711,queen's bedchamber,Inside Palace
train_ep_007250,loc__cave__e386df9e,cave,Mountain
train_ep_007251,loc__altar_room__cbf077bb,altar room,Inside Temple
train_ep_007252,loc__torture_room__87c0e788,torture room,Dungeon
train_ep_007253,loc__island__3dbacfd7,island,Lake
train_ep_007254,loc__lighthouse__fad0ce22,lighthouse,Shore
train_ep_007255,loc__bar__37b51d19,bar,Tavern
train_ep_007256,loc__port_tavern__48d771c2,port tavern,Port
train_ep_007257,loc__watchtower__2275d0f0,watchtower,Outside Tower
train_ep_007258,loc__prison_room__075cec3e,prison room,Inside Tower
train_ep_007259,loc__dungeon__e0dc3209,dungeon,Inside Castle
train_ep_007260,loc__master_bedroom__ee30383a,master bedroom,Inside Palace
train_ep_007261,loc__outside_temple__4d6f89cb,outside temple,Outside Temple
train_ep_007262,loc__graveyard__7b3ab674,graveyard,Graveyard
train_ep_007263,loc__bell_tower__53496f39,bell tower,Inside Church
train_ep_007264,loc__troll_s_bridge__934a7368,troll's bridge,Swamp
train_ep_007265,loc__barn__5dfcc0aa,barn,Farm
train_ep_007266,loc__abandoned_castle_on_an_ocean_cliff_side__2a4a7700,abandoned castle on an ocean cliff side,Abandoned
train_ep_007267,loc__wooded_magical_village__0d0cf6a7,wooded magical village,Forest
train_ep_007268,loc__inside_a_desolate_cave__62f3c8b1,inside a desolate cave,Dungeon
train_ep_007269,loc__knights_quarters__d1135fd1,knights quarters,Inside Castle
train_ep_007270,loc__dwarven_city__24e5c23d,dwarven city,Mountain
train_ep_007271,loc__underground_chamber__d71a7d7a,underground chamber,Cave
train_ep_007272,loc__outside_the_church_of_monks__12e0820b,outside the church of monks,Outside Church
train_ep_007273,loc__inside_the_unicorn_palace__56787601,inside the unicorn palace,Inside Palace
train_ep_007274,loc__werewolves_tavern__a0b69047,werewolves tavern,Tavern
train_ep_007275,loc__inside_temple__78c8ad2b,inside temple,Inside Temple
train_ep_007276,loc__witches_cottage__6a123241,witches cottage,Outside Cottage
train_ep_007277,loc__inside_the_fairy_temple__748c1bf3,inside the fairy temple,Inside Temple
train_ep_007278,loc__fairy_forest__c73e62c1,fairy forest,Forest
train_ep_007279,loc__inside_the_fairies_church__7a838b07,inside the fairies church,Inside Church
train_ep_007280,loc__inside_the_king_s_palace__ad1ed203,inside the king's palace,Inside Palace
train_ep_007281,loc__inside_temple__78c8ad2b,inside temple,Inside Temple
train_ep_007282,loc__dining_hall__10c40af2,dining hall,Inside Tower
train_ep_007283,loc__confessional_room__22bf6614,confessional room,Inside Church
train_ep_007284,loc__oasis__335ffbcf,oasis,Desert
train_ep_007285,loc__wizard_s_quarters__e0890c7c,wizard's quarters,Outside Tower
train_ep_007286,loc__dungeon__e0dc3209,dungeon,Inside Castle
train_ep_007287,loc__castle__9355a9f9,castle,Inside Castle
train_ep_007288,loc__cave__e386df9e,cave,Cave
train_ep_007289,loc__bazaar__8c5c7284,bazaar,Bazaar
train_ep_007290,loc__castle__9355a9f9,castle,Inside Castle
train_ep_007291,loc__tower__79835ea3,tower,Inside Tower
train_ep_007292,loc__royal_gardens__e410d0fe,royal gardens,Outside Palace
train_ep_007293,loc__tower__79835ea3,tower,Outside Tower
train_ep_007294,loc__bazaar__8c5c7284,bazaar,Bazaar
train_ep_007295,loc__docks__d1b1bb99,docks,Port
train_ep_007296,loc__sacred_temple__0ee6dca9,sacred temple,Inside Church
train_ep_007297,loc__lagoon__664a6ce4,lagoon,Lake
train_ep_007298,loc__inside_the_temple__573b0d5f,inside the temple,Inside Temple
train_ep_007299,loc__cave__e386df9e,cave,Cave
train_ep_007300,loc__outside_tower__7dc67c9f,outside tower,Outside Tower
train_ep_007301,loc__lake__97d986e2,lake,Lake
train_ep_007302,loc__outside_church__9f23256f,outside church,Outside Church
train_ep_007303,loc__riverbed__acbe6245,riverbed,Forest
train_ep_007304,loc__mud_pit__7a862ed0,mud pit,Jungle
train_ep_007305,loc__military_outpost_at_the_heart_of_the_swamp__0b91dfd0,military outpost at the heart of the swamp,Swamp
train_ep_007306,loc__inside_tower__3d67c0a7,inside tower,Inside Tower
train_ep_007307,loc__princess_library__7426d41f,princess' library,Inside Palace
train_ep_007308,loc__yurt__e67b7569,yurt,Desert
train_ep_007309,loc__spice_stall__5ddd9bb4,spice stall,Bazaar
train_ep_007310,loc__treasure_cavern__26b58d7a,treasure cavern,Inside Temple
train_ep_007311,loc__bathroom__67518d64,bathroom,Inside Tower
train_ep_007312,loc__main_hall__8f1c5099,main hall,Inside Palace
train_ep_007313,loc__town_square__4d10acd1,town square,Town
train_ep_007314,loc__living_quarters__26fbc0ca,living quarters,Farm
train_ep_007315,loc__kings_chambers__3b38188f,kings chambers,Inside Palace
train_ep_007316,loc__kitchen__09228dac,kitchen,Inside Cottage
train_ep_007317,loc__large_galleon__0e3d3ca8,large galleon,Port
train_ep_007318,loc__tree_house__493a5d1a,tree house,Jungle
train_ep_007319,loc__top_side_tower_overlooking_view__8b843a89,top side tower overlooking view,Outside Tower
train_ep_007320,loc__black_smiths_shop__5379f4dc,black smiths shop,Town
train_ep_007321,loc__lakeside_house__e89e18cd,lakeside house,Lake
train_ep_007322,loc__armory__f1c6e216,armory,Inside Castle
train_ep_007323,loc__torture_chamber__11dfca19,torture chamber,Dungeon
train_ep_007324,loc__treasure_room__5acf31fd,treasure room,Inside Castle
train_ep_007325,loc__throne_room__f4977c99,throne room,Shore
train_ep_007326,loc__coast__756d153b,coast,Shore
train_ep_007327,loc__bat_room__c322be72,bat room,Cave
train_ep_007328,loc__choir_room__35978911,choir room,Inside Church
train_ep_007329,loc__jail_room__4ad818b4,jail room,Inside Tower
train_ep_007330,loc__town_theater__8fa3302e,town theater,Town
train_ep_007331,loc__underground_cavern__2714911b,underground cavern,Cave
train_ep_007332,loc__castle_kitchen__b00392de,castle kitchen,Inside Palace
train_ep_007333,loc__bedroom__cff8b1fe,bedroom,Inside Cottage
train_ep_007334,loc__clergyman_s_office__30ca015e,clergyman's office,Inside Temple
train_ep_007335,loc__gathering_room__2b59ea3f,gathering room,Inside Cottage
train_ep_007336,loc__waterfall__911b1ca4,waterfall,Mountain
train_ep_007337,loc__grand_dancing_hall__7dd99710,grand dancing hall,Inside Palace
train_ep_007338,loc__top_of_a_tall_tree__6c2eb414,top of a tall tree,Jungle
train_ep_007339,loc__murky_water__7482dbbf,murky water,Swamp
train_ep_007340,loc__dining_hall__10c40af2,dining hall,Inside Castle
train_ep_007341,loc__summit__cc8c6287,summit,Mountain
train_ep_007342,loc__scenic_overlook__9ccff5f9,scenic overlook,Trail
train_ep_007343,loc__secret_oasis__4b7fea6a,secret oasis,Desert
train_ep_007344,loc__town__7198cda5,town,Town
train_ep_007345,loc__tombstones_of_the_kings__f98f35ed,tombstones of the kings,Graveyard
train_ep_007346,loc__sanctuary__80452c45,sanctuary,Inside Church
train_ep_007347,loc__rectory__af9459b5,rectory,Inside Church
train_ep_007348,loc__meditation_room__40c0a44e,meditation room,Inside Temple
train_ep_007349,loc__mountain_peak__924f5a88,mountain peak,Mountain
train_ep_007350,loc__loading_dock__2e35f637,loading dock,Port
train_ep_007351,loc__tower_base__11a0e527,tower base,Outside Tower
train_ep_007352,loc__king_s_quarters__b44e1648,king's quarters,Inside Tower
train_ep_007353,loc__oracle_cave__d32dc815,oracle cave,Mountain
train_ep_007354,loc__marketplace__bc5986eb,marketplace,Port
train_ep_007355,loc__spiral_staircase__031e4915,spiral staircase,Inside Tower
train_ep_007356,loc__beyond_the_wall__adff6e1c,beyond the wall,Outside Castle
train_ep_007357,loc__land_beyond_the_wasteland__0b3b29ad,land beyond the wasteland,Abandoned
train_ep_007358,loc__behind_the_servant_quarters__9413241c,behind the servant quarters,Wasteland
train_ep_007359,loc__adjacent_to_the_guest_castle__7becb0d5,adjacent to the guest castle,Farm
train_ep_007360,loc__inside_the_king_s_castle__afab450e,inside the king's castle,Inside Tower
train_ep_007361,loc__across_the_king_s_garden__82bbf802,across the king's garden,Trail
train_ep_007362,loc__within_the_king_s_mansion__ffdc1072,within the king's mansion,Inside Temple
train_ep_007363,loc__market_center__f92392bc,market center,Tavern
train_ep_007364,loc__chapel__5ee4b863,chapel,Inside Church
train_ep_007365,loc__bar__37b51d19,bar,Tavern
train_ep_007366,loc__battleship__e82a29f3,battleship,Shore
train_ep_007367,loc__banquet_hall__b7ba191c,banquet hall,Inside Castle
train_ep_007368,loc__entrance_to_castle__6ce4a988,entrance to castle,Outside Castle
train_ep_007369,loc__pew__08db7753,pew,Inside Church
train_ep_007370,loc__cabin__92faafe2,cabin,Countryside
train_ep_007371,loc__shop_in_bazaar__bb1b9374,shop in bazaar,Bazaar
train_ep_007372,loc__entrance_to_church__2ba81d25,entrance to church,Outside Church
train_ep_007373,loc__dock_at_the_port__eaf44017,dock at the port,Port
train_ep_007374,loc__dock__05debdb8,dock,Lake
train_ep_007375,loc__within_the_walls_of_the_city__ccd0198d,within the walls of the city,Inside Tower
train_ep_007376,loc__queen_s_chamber__e51179c6,queen's chamber,Inside Palace
train_ep_007377,loc__cottage__144deb32,cottage,Countryside
train_ep_007378,loc__bog__e07cd172,bog,Swamp
train_ep_007379,loc__dining_hall__10c40af2,dining hall,Inside Palace
train_ep_007380,loc__nave__bfe4b52c,nave,Inside Church
train_ep_007381,loc__weapon_closet__20098437,weapon closet,Inside Tower
train_ep_007382,loc__princess_chamber__b18da5a3,princess' chamber,Inside Tower
train_ep_007383,loc__inside_church__aab73af9,inside church,Inside Church
train_ep_007384,loc__royal_stables__25af2687,royal stables,Outside Castle
train_ep_007385,loc__kitchen__09228dac,kitchen,Tavern
train_ep_007386,loc__boathouse__f1916d48,boathouse,Swamp
train_ep_007387,loc__nave__bfe4b52c,nave,Inside Church
train_ep_007388,loc__tool_shed__5a0c79ce,tool shed,Outside Cottage
train_ep_007389,loc__kitchen__09228dac,kitchen,Inside Cottage
train_ep_007390,loc__library__d521f765,library,Inside Castle
train_ep_007391,loc__dining_hall__10c40af2,dining hall,Inside Castle
train_ep_007392,loc__courtyard__2c2bf458,courtyard,Outside Palace
train_ep_007393,loc__barracks__2ce29011,barracks,Outside Castle
train_ep_007394,loc__throne_room__f4977c99,throne room,Inside Tower
train_ep_007395,loc__brush_den__e1300d94,brush den,Forest
train_ep_007396,loc__ball_room__e26306dc,ball room,Inside Palace
train_ep_007397,loc__along_the_banks_of_a_river_in_the_forest__1893d3d3,along the banks of a river in the forest,Forest
train_ep_007398,loc__jewelry_stall__2ec13fd4,jewelry stall,Bazaar
train_ep_007399,loc__winter_gardens__e59bb816,winter gardens,Outside Tower
train_ep_007400,loc__servant_s_quarters__2ab37024,servant's quarters,Inside Palace
train_ep_007401,loc__cursed_grave__7f5aabe1,cursed grave,Graveyard
train_ep_007402,loc__foyer__114ad31a,foyer,Inside Palace
train_ep_007403,loc__hall_of_the_goddess__7c0819d4,hall of the goddess,Inside Temple
train_ep_007404,loc__throne__253d405e,throne,Inside Palace
train_ep_007405,loc__old_red_barn__d6b0cfd8,old red barn,Farm
train_ep_007406,loc__desert_cavern__9287fea8,desert cavern,Desert
train_ep_007407,loc__cactus_field__ce508a05,cactus field,Desert
train_ep_007408,loc__fishing_pier__fd5d48a9,fishing pier,Shore
train_ep_007409,loc__high_priest_chamber__3d59d244,high priest chamber,Inside Church
train_ep_007410,loc__beside_church_pews__8d83bdb7,beside church pews,Inside Church
train_ep_007411,loc__sacrifice_chamber__8aaf85ac,sacrifice chamber,Inside Temple
train_ep_007412,loc__beach_house__64bd4f8d,beach house,Shore
train_ep_007413,loc__mushroom_hut__8bb7cd75,mushroom hut,Outside Cottage
train_ep_007414,loc__beside_tower_entrance__4289dcc4,beside tower entrance,Inside Tower
train_ep_007415,loc__palace_throne__edc54e5f,palace throne,Inside Palace
train_ep_007416,loc__palace_kitchen__4dee9bb6,palace kitchen,Inside Palace
train_ep_007417,loc__inside_cottage_kitchen__5eaa1ce9,inside cottage kitchen,Inside Cottage
train_ep_007418,loc__hillside_manor__b1ec6b5a,hillside manor,Countryside
train_ep_007419,loc__pig_pen__cd6444b3,pig pen,Countryside
train_ep_007420,loc__beside_temple_entrance__b712f707,beside temple entrance,Outside Temple
train_ep_007421,loc__tower_dungeon__3b953217,tower dungeon,Inside Tower
train_ep_007422,loc__beside_church_entrance__2206aedf,beside church entrance,Outside Church
train_ep_007423,loc__castle_armory__c05c8115,castle armory,Inside Castle
train_ep_007424,loc__hillside_mansion__369afa4b,hillside mansion,Countryside
train_ep_007425,loc__palace_ballroom__e83afcc3,palace ballroom,Inside Palace
train_ep_007426,loc__church_altar__b46bba3c,church altar,Inside Church
train_ep_007427,loc__tower_sewers__135799e5,tower sewers,Inside Tower
train_ep_007428,loc__kitchen__09228dac,kitchen,Tavern
train_ep_007429,loc__boathouse__f1916d48,boathouse,Swamp
train_ep_007430,loc__tool_shed__5a0c79ce,tool shed,Outside Cottage
train_ep_007431,loc__nave__bfe4b52c,nave,Inside Church
train_ep_007432,loc__kitchen__09228dac,kitchen,Inside Cottage
train_ep_007433,loc__library__d521f765,library,Inside Castle
train_ep_007434,loc__dining_hall__10c40af2,dining hall,Inside Castle
train_ep_007435,loc__courtyard__2c2bf458,courtyard,Outside Palace
train_ep_007436,loc__troll_s_lair__218cc09b,troll's lair,Cave
train_ep_007437,loc__throne_room__f4977c99,throne room,Inside Tower
train_ep_007438,loc__barracks__2ce29011,barracks,Outside Castle
train_ep_007439,loc__brush_den__e1300d94,brush den,Forest
train_ep_007440,loc__next_to_an_altar__6252d8d6,next to an altar,Inside Church
train_ep_007441,loc__ball_room__e26306dc,ball room,Inside Palace
train_ep_007442,loc__along_the_banks_of_a_river_in_the_forest__1893d3d3,along the banks of a river in the forest,Forest
train_ep_007443,loc__king_s_bedroom__03fb30e9,king's bedroom,Inside Palace
train_ep_007444,loc__jewelry_stall__2ec13fd4,jewelry stall,Bazaar
train_ep_007445,loc__winter_gardens__e59bb816,winter gardens,Outside Tower
train_ep_007446,loc__servant_s_quarters__2ab37024,servant's quarters,Inside Palace
train_ep_007447,loc__cursed_grave__7f5aabe1,cursed grave,Graveyard
train_ep_007448,loc__foyer__114ad31a,foyer,Inside Palace
train_ep_007449,loc__guard_shack__0ef62152,guard shack,Outside Tower
train_ep_007450,loc__hall_of_the_goddess__7c0819d4,hall of the goddess,Inside Temple
train_ep_007451,loc__throne__253d405e,throne,Inside Palace
train_ep_007452,loc__old_red_barn__d6b0cfd8,old red barn,Farm
train_ep_007453,loc__desert_cavern__9287fea8,desert cavern,Desert
train_ep_007454,loc__cactus_field__ce508a05,cactus field,Desert
train_ep_007455,loc__fishing_pier__fd5d48a9,fishing pier,Shore
train_ep_007456,loc__beside_church_pews__8d83bdb7,beside church pews,Inside Church
train_ep_007457,loc__quicksand_pit__591e521d,quicksand pit,Swamp
train_ep_007458,loc__sacrifice_chamber__8aaf85ac,sacrifice chamber,Inside Temple
train_ep_007459,loc__beach_house__64bd4f8d,beach house,Shore
train_ep_007460,loc__mushroom_hut__8bb7cd75,mushroom hut,Outside Cottage
train_ep_007461,loc__beside_tower_entrance__4289dcc4,beside tower entrance,Inside Tower
train_ep_007462,loc__palace_throne__edc54e5f,palace throne,Inside Palace
train_ep_007463,loc__palace_kitchen__4dee9bb6,palace kitchen,Inside Palace
train_ep_007464,loc__inside_cottage_kitchen__5eaa1ce9,inside cottage kitchen,Inside Cottage
train_ep_007465,loc__hillside_manor__b1ec6b5a,hillside manor,Countryside
train_ep_007466,loc__pig_pen__cd6444b3,pig pen,Countryside
train_ep_007467,loc__beside_temple_entrance__b712f707,beside temple entrance,Outside Temple
train_ep_007468,loc__tower_dungeon__3b953217,tower dungeon,Inside Tower
train_ep_007469,loc__beside_church_entrance__2206aedf,beside church entrance,Outside Church
train_ep_007470,loc__castle_armory__c05c8115,castle armory,Inside Castle
train_ep_007471,loc__hillside_mansion__369afa4b,hillside mansion,Countryside
train_ep_007472,loc__palace_ballroom__e83afcc3,palace ballroom,Inside Palace
train_ep_007473,loc__church_altar__b46bba3c,church altar,Inside Church
train_ep_007474,loc__tower_sewers__135799e5,tower sewers,Inside Tower
train_ep_007475,loc__towering_mesa__148ef02b,towering mesa,Desert
train_ep_007476,loc__inside_temple_crypt__eb261a98,inside temple crypt,Inside Temple
train_ep_007477,loc__small_hut__78dbc695,small hut,Jungle
train_ep_007478,loc__gold_mine__23a64f00,gold mine,Abandoned
train_ep_007479,loc__room_at_the_top_of_the_tower__bebc68b6,room at the top of the tower,Inside Castle
train_ep_007480,loc__stable__f40faf63,stable,Outside Castle
train_ep_007481,loc__lonely_island__941f1782,lonely island,Abandoned
train_ep_007482,loc__public_execution_stand__ec1c97f7,public execution stand,Bazaar
train_ep_007483,loc__sitting_room__152ab82c,sitting room,Inside Cottage
train_ep_007484,loc__whipping_station__cd58acd7,whipping station,Outside Church
train_ep_007485,loc__bedding_room__8584585f,bedding room,Inside Palace
train_ep_007486,loc__prison_room__075cec3e,prison room,Inside Tower
train_ep_007487,loc__fountain__79de7a61,fountain,Graveyard
train_ep_007488,loc__oasis__335ffbcf,oasis,Desert
train_ep_007489,loc__beach_house__64bd4f8d,beach house,Shore
train_ep_007490,loc__stained_glass_room__fe4963f3,stained glass room,Inside Church
train_ep_007491,loc__farmer_hill__b21f8161,farmer hill,Outside Cottage
train_ep_007492,loc__mars_desert__d8c9aa45,mars desert,Desert
train_ep_007493,loc__clearing__5832a4d8,clearing,Forest
train_ep_007494,loc__hall_of_echoes__55050f7d,hall of echoes,Inside Temple
train_ep_007495,loc__bathing_room__e8175c31,bathing room,Inside Temple
train_ep_007496,loc__mysterious_shop__454073ca,mysterious shop,Bazaar
train_ep_007497,loc__town_of_anoria__bfbab07a,town of anoria,Town
train_ep_007498,loc__show_room_inside_the_castle__f6ac41dd,show room inside the castle,Inside Castle
train_ep_007499,loc__inside_church_back_row__5cc901b4,inside church back row,Inside Church
train_ep_007500,loc__sacrificial_altar__0974214f,sacrificial altar,Inside Temple
train_ep_007501,loc__tavern_of_browntavia__0bc98c5d,tavern of browntavia,Tavern
train_ep_007502,loc__bone_pit__bec80d68,bone pit,Outside Temple
train_ep_007503,loc__enchanted_light_house__0bd68be0,enchanted light house,Shore
train_ep_007504,loc__personal_quarters__5bdf1559,personal quarters,Inside Palace
train_ep_007505,loc__bank__bd5af1f6,bank,Swamp
train_ep_007506,loc__library__d521f765,library,Inside Castle
train_ep_007507,loc__main_entrance__68f3df62,main entrance,Outside Temple
train_ep_007508,loc__storage_room__ab9f0184,storage room,Dungeon
train_ep_007509,loc__study_room__5698bd87,study room,Inside Church
train_ep_007510,loc__ruined_house__b253dd25,ruined house,Abandoned
train_ep_007511,loc__pond__d873154f,pond,Forest
train_ep_007512,loc__reception_area__9f5fd34c,reception area,Graveyard
train_ep_007513,loc__garden__e2704f30,garden,Outside Palace
train_ep_007514,loc__dock__05debdb8,dock,Port
train_ep_007515,loc__weapon_room__a7162ba9,weapon room,Inside Temple
train_ep_007516,loc__small_graveyard__d12232a8,small graveyard,Outside Cottage
train_ep_007517,loc__entrance__2a20afe0,entrance,Cave
train_ep_007518,loc__armory__f1c6e216,armory,Inside Castle
train_ep_007519,loc__stable__f40faf63,stable,Farm
train_ep_007520,loc__storage_room__ab9f0184,storage room,Tavern
train_ep_007521,loc__clearing__5832a4d8,clearing,Jungle
train_ep_007522,loc__nave__bfe4b52c,nave,Inside Church
train_ep_007523,loc__graveyard__7b3ab674,graveyard,Outside Church
train_ep_007524,loc__courtyard__2c2bf458,courtyard,Outside Palace
train_ep_007525,loc__torture_room__87c0e788,torture room,Dungeon
train_ep_007526,loc__main_hallway__840c1503,main hallway,Inside Palace
train_ep_007527,loc__town_square__4d10acd1,town square,Town
train_ep_007528,loc__hidden_passageway__d7cdebb5,hidden passageway,Inside Temple
train_ep_007529,loc__grand_ballroom__52b4001e,grand ballroom,Inside Castle
train_ep_007530,loc__old_crypt__9f170f50,old crypt,Graveyard
train_ep_007531,loc__weathered_shack__8c23b906,weathered shack,Abandoned
train_ep_007532,loc__castle_kitchen__b00392de,castle kitchen,Inside Castle
train_ep_007533,loc__debtor_s_prison__ea99977f,debtor's prison,Inside Tower
train_ep_007534,loc__temple_entrance__71ae50b0,temple entrance,Outside Temple
train_ep_007535,loc__staircase__7dbf02f9,staircase,Inside Tower
train_ep_007536,loc__tree_of_spirits__e757fcef,tree of spirits,Trail
train_ep_007537,loc__popes_dormitory__ddb11751,popes dormitory,Inside Church
train_ep_007538,loc__grand_dining_room__8cb359cc,grand dining room,Inside Palace
train_ep_007539,loc__brim_canal__7a498e16,brim canal,Lake
train_ep_007540,loc__maidens_cottage__ce8fe6f9,maidens cottage,Countryside
train_ep_007541,loc__horse_s_stables__0cd4df4c,horse's stables,Outside Cottage
train_ep_007542,loc__horse_field__eeae819a,horse field,Countryside
train_ep_007543,loc__hunting_grounds__6ac15b3d,hunting grounds,Trail
train_ep_007544,loc__prisoner_s_cell__bf78e6a1,prisoner's cell,Dungeon
train_ep_007545,loc__queen_s_quarters__22b70e95,queen's quarters,Inside Palace
train_ep_007546,loc__artillery_room__9af01c49,artillery room,Inside Tower
train_ep_007547,loc__archery_zone__fdb7c330,archery zone,Outside Castle
train_ep_007548,loc__priest_s_chambers__1ebce5c5,priest's chambers,Inside Temple
train_ep_007549,loc__kitchen__09228dac,kitchen,Inside Castle
train_ep_007550,loc__master_bedroom__ee30383a,master bedroom,Inside Castle
train_ep_007551,loc__king_s_chambers__e3e597fe,king's chambers,Inside Palace
train_ep_007552,loc__outpost__9e81fdfb,outpost,Mountain
train_ep_007553,loc__royal_shipyard__fc976e6e,royal shipyard,Port
train_ep_007554,loc__ritual_room__4574deb8,ritual room,Inside Temple
train_ep_007555,loc__front_of_the_cottage__908b24e7,front of the cottage,Outside Cottage
train_ep_007556,loc__village_at_the_base_of_the_mountain__47dbe2ea,village at the base of the mountain,Mountain
train_ep_007557,loc__armory__f1c6e216,armory,Inside Tower
train_ep_007558,loc__confession_box__fb7e21f1,confession box,Inside Church
train_ep_007559,loc__bandit_lair__90d428ee,bandit lair,Cave
train_ep_007560,loc__tent__7b65dcf0,tent,Desert
train_ep_007561,loc__inside_the_temple__573b0d5f,inside the temple,Inside Temple
train_ep_007562,loc__boat_house__62b9e6c4,boat house,Port
train_ep_007563,loc__kings_bedroom__64489025,kings bedroom,Inside Castle
train_ep_007564,loc__stream__f7b44cfa,stream,Forest
train_ep_007565,loc__forest__f379cfd7,forest,Countryside
train_ep_007566,loc__lush_meadow_in_the_country_side__d9fa9500,lush meadow in the country side,Countryside
train_ep_007567,loc__small_town_located_in_the_hills__d4698af1,small town located in the hills,Town
train_ep_007568,loc__kings_bed_room__b1f6b2b3,kings bed room,Inside Castle
train_ep_007569,loc__front_row__ec5571ef,front row,Inside Church
train_ep_007570,loc__town_in_the_desert__fff2a6b4,town in the desert,Wasteland
train_ep_007571,loc__primary_cave__755e8817,primary cave,Cave
train_ep_007572,loc__chapel_of_the_eight__e35d875d,chapel of the eight,Inside Castle
train_ep_007573,loc__ferry_terminal__e6bf99dd,ferry terminal,Port
train_ep_007574,loc__bed_chambers__67892844,bed chambers,Inside Palace
train_ep_007575,loc__temple_foyer__c0b5e90a,temple foyer,Inside Temple
train_ep_007576,loc__front_altar__819cc2dd,front altar,Inside Temple
train_ep_007577,loc__desert_tent__a1a041ce,desert tent,Wasteland
train_ep_007578,loc__northern_shore__e8588ae1,northern shore,Lake
train_ep_007579,loc__grassy_plains__ecb71cc6,grassy plains,Trail
train_ep_007580,loc__old_gnaisha_s__d05194f9,old gnaisha's,Bazaar
train_ep_007581,loc__great_armory__8a3248e6,great armory,Inside Castle
train_ep_007582,loc__dancing_stoat__a6b60c83,dancing stoat,Town
train_ep_007583,loc__shrine_of_sretniy__c5cdca48,shrine of sretniy,Inside Temple
train_ep_007584,loc__banquet_hall__b7ba191c,banquet hall,Inside Castle
train_ep_007586,loc__desert_land__d9285c9c,desert land,Desert
train_ep_007587,loc__pond__d873154f,pond,Wasteland
train_ep_007588,loc__fishing_shack__be027604,fishing shack,Lake
train_ep_007589,loc__horse_stables__3ab0f4c8,horse stables,Outside Castle
train_ep_007590,loc__castle_basement__ef824ba7,castle basement,Inside Castle
train_ep_007591,loc__tower_kitchen__9b8a3da9,tower kitchen,Inside Tower
train_ep_007592,loc__abandoned_workers_shed__0002433d,abandoned workers shed,Graveyard
train_ep_007593,loc__chicken_pen__1c50c5ac,chicken pen,Countryside
train_ep_007594,loc__stable_hand_s_quarters__74578d25,stable hand's quarters,Outside Castle
train_ep_007595,loc__launching_point__8c178e87,launching point,Lake
train_ep_007596,loc__corn_field__018a2ccf,corn field,Farm
train_ep_007597,loc__main_house__39d59a9f,main house,Farm
train_ep_007598,loc__sacristy__3f4aff85,sacristy,Inside Church
train_ep_007599,loc__old_queen_farm__057da97d,old queen farm,Wasteland
train_ep_007600,loc__fish_market__4e56b4a3,fish market,Port
train_ep_007601,loc__castle_exit__5b525e0e,castle exit,Inside Castle
train_ep_007602,loc__cavern_dwelling__44fe0d79,cavern dwelling,Desert
train_ep_007603,loc__reagent_room__559ae958,reagent room,Outside Tower
train_ep_007604,loc__fishing_dock__fbf73e36,fishing dock,Lake
train_ep_007605,loc__balcony__d85f7317,balcony,Inside Palace
train_ep_007606,loc__sheriff_office__d4dae028,sheriff office,Farm
train_ep_007607,loc__church_garden__56a741fe,church garden,Outside Church
train_ep_007608,loc__flower_field__f936e92b,flower field,Countryside
train_ep_007609,loc__large_cliffs__f86c4fa5,large cliffs,Shore
train_ep_007610,loc__port_skyline__0254ced0,port skyline,Port
train_ep_007611,loc__main_prayer_room__ec7e9b7f,main prayer room,Inside Temple
train_ep_007612,loc__haunted_orchard__7434c930,haunted orchard,Farm
train_ep_007613,loc__apothecary__e264c143,apothecary,Town
train_ep_007614,loc__chamber_entrance__0228ee72,chamber entrance,Inside Church
train_ep_007615,loc__main_castle_doors__e1f39f3b,main castle doors,Outside Palace
train_ep_007616,loc__church_garden__56a741fe,church garden,Outside Church
train_ep_007617,loc__dining_hall__10c40af2,dining hall,Inside Castle
train_ep_007618,loc__north_forest__a809663e,north forest,Forest
train_ep_007619,loc__mess_hall__df491ab7,mess hall,Inside Temple
train_ep_007620,loc__dead_tree__ae78e2fc,dead tree,Graveyard
train_ep_007621,loc__gallery__2767cc3e,gallery,Cave
train_ep_007622,loc__crew_berthing__255a7e79,crew berthing,Port
train_ep_007623,loc__landing_in_the_foyer__0712bd55,landing in the foyer,Inside Palace
train_ep_007624,loc__captain_s_cabin__60e1b85d,captain's cabin,Port
train_ep_007625,loc__wharf__ef602779,wharf,Port
train_ep_007626,loc__drinking_water_lake__072d7988,drinking water lake,Lake
train_ep_007627,loc__quay__a4499c24,quay,Port
train_ep_007628,loc__warehouses__54495979,warehouses,Port
train_ep_007629,loc__valley_of_doom__2f415a0f,valley of doom,Countryside
train_ep_007630,loc__swimming_hole__41a1f52e,swimming hole,Lake
train_ep_007631,loc__bottlery__3ad26146,bottlery,Inside Castle
train_ep_007632,loc__fitting_room__c555a43b,fitting room,Bazaar
train_ep_007633,loc__arrow_house__9d554350,arrow house,Outside Castle
train_ep_007634,loc__castle_kitchens__6834f5a3,castle kitchens,Inside Palace
train_ep_007635,loc__bright_path__17c6a100,bright path,Inside Castle
train_ep_007636,loc__cold_storage_room__726f76a2,cold storage room,Outside Cottage
train_ep_007637,loc__forest_entrance__4bcda148,forest entrance,Forest
train_ep_007638,loc__slave_quarters__8a6d9f60,slave quarters,Inside Tower
train_ep_007639,loc__fishing_store__b061f606,fishing store,Port
train_ep_007640,loc__dunes__8a48dcda,dunes,Desert
train_ep_007641,loc__temple_guard_station__e0b75841,temple guard station,Outside Temple
train_ep_007642,loc__peasant_s_cottage__00464b6c,peasant's cottage,Countryside
train_ep_007643,loc__small_dirt_road__40d1ead7,small dirt road,Countryside
train_ep_007644,loc__royal_bathroom__f7f11309,royal bathroom,Inside Castle
train_ep_007645,loc__forbidden_forest__b96ae0b4,forbidden forest,Forest
train_ep_007646,loc__stilt_home__612941a3,stilt home,Farm
train_ep_007647,loc__temple_main_room__cc3e74e5,temple main room,Outside Temple
train_ep_007648,loc__arch_hall__0fcc7e9c,arch hall,Inside Castle
train_ep_007649,loc__back_of_the_stall__4b715f67,back of the stall,Bazaar
train_ep_007650,loc__woods__b7bfb949,woods,Forest
train_ep_007651,loc__countryside__9cff47d1,countryside,Countryside
train_ep_007652,loc__prisoners_cells__61cb1ba6,prisoners cells,Dungeon
train_ep_007653,loc__temple_chamber__417585e8,temple chamber,Inside Temple
train_ep_007654,loc__main_foyer__ed99a45c,main foyer,Inside Castle
train_ep_007655,loc__winding_staircase__ec3107f8,winding staircase,Outside Tower
train_ep_007656,loc__tailings_pile__d27fba96,tailings pile,Mountain
train_ep_007657,loc__town_center__f942e8bf,town center,Town
train_ep_007658,loc__south_forest__a051e03c,south forest,Forest
train_ep_007659,loc__acid_yard__7930efda,acid yard,Outside Castle
train_ep_007660,loc__hay_field__0bbfde04,hay field,Outside Cottage
train_ep_007661,loc__castle_front__1f50ceb7,castle front,Inside Palace
train_ep_007662,loc__horse_tent__858443dc,horse tent,Farm
train_ep_007663,loc__knife_seller__e0a51e70,knife seller,Bazaar
train_ep_007664,loc__guards_quarters__94702054,guards quarters,Inside Tower
train_ep_007665,loc__general_store__53a8fbb0,general store,Town
train_ep_007666,loc__mysterious_shop_s_entrance__212a3859,mysterious shop's entrance,Bazaar
train_ep_007667,loc__beside_the_town_church__0b0b1726,beside the town church,Outside Church
train_ep_007668,loc__entryway_to_the_wizards_tower__7a21df60,entryway to the wizards tower,Inside Tower
train_ep_007669,loc__main_gate__d66ce966,main gate,Countryside
train_ep_007670,loc__palace_garden__46ae3845,palace garden,Outside Palace
train_ep_007671,loc__gold_room__42a3e93d,gold room,Inside Tower
train_ep_007672,loc__throne_room__f4977c99,throne room,Inside Palace
train_ep_007673,loc__throne_room__f4977c99,throne room,Inside Tower
train_ep_007674,loc__supply_store__9776432b,supply store,Port
train_ep_007675,loc__bazaar_outside_the_royal_city__3f48a35a,bazaar outside the royal city,Bazaar
train_ep_007676,loc__outside_of_the_temple_offices__dd9f1ee7,outside of the temple offices,Outside Temple
train_ep_007677,loc__temple_chamber__417585e8,temple chamber,Inside Temple
train_ep_007678,loc__town_center__f942e8bf,town center,Town
train_ep_007679,loc__castle_kitchen__b00392de,castle kitchen,Inside Castle
train_ep_007680,loc__disposal_area__72d310fd,disposal area,Inside Castle
train_ep_007681,loc__village_of_tamerak__7e6c027e,village of tamerak,Port
train_ep_007682,loc__pine_tree_graveyard__18f73c00,pine tree graveyard,Forest
train_ep_007683,loc__grand_desert__c682352f,grand desert,Desert
train_ep_007684,loc__personal_rooms__f7ec06d2,personal rooms,Inside Palace
train_ep_007685,loc__mansion_entrance__5c32e57d,mansion entrance,Inside Cottage
train_ep_007686,loc__curved_hallway__638b964b,curved hallway,Inside Tower
train_ep_007687,loc__inside_the_ruined_house__f351c82a,inside the ruined house,Inside Cottage
train_ep_007688,loc__city_of_elders__fa058cbe,city of elders,Town
train_ep_007689,loc__hidden_garden__f2140155,hidden garden,Outside Palace
train_ep_007690,loc__ghost_trail__7855adca,ghost trail,Trail
train_ep_007691,loc__spring_bath__6aa6bed3,spring bath,Outside Temple
train_ep_007692,loc__main_chapel__05b43d90,main chapel,Inside Church
train_ep_007693,loc__lavoratory__9cb21908,lavoratory,Inside Castle
train_ep_007694,loc__nearby_road__b720e559,nearby road,Countryside
train_ep_007695,loc__council_of_twelve__3232fa93,council of twelve,Inside Temple
train_ep_007696,loc__tub__271721b2,tub,Inside Tower
train_ep_007697,loc__arsenal__1c5442c0,arsenal,Inside Tower
train_ep_007698,loc__torture_equipment_storage_room__8c501a45,torture equipment storage room,Dungeon
train_ep_007699,loc__farmer_s_house__742677bc,farmer's house,Farm
train_ep_007700,loc__town_courtroom__ffe576a1,town courtroom,Town
train_ep_007701,loc__saloon__453c44d3,saloon,Tavern
train_ep_007702,loc__basement__48719d32,basement,Inside Castle
train_ep_007703,loc__trail_exit__e1ead7cf,trail exit,Trail
train_ep_007704,loc__bazaar__8c5c7284,bazaar,Bazaar
train_ep_007705,loc__along_the_pews__731918a2,along the pews,Inside Church
train_ep_007706,loc__chicken_coop__6afcba65,chicken coop,Farm
train_ep_007707,loc__pier_walkway__6cc5e473,pier walkway,Shore
train_ep_007708,loc__attic__0535c94e,attic,Inside Church
train_ep_007709,loc__hidden_passage__6bec6a12,hidden passage,Inside Church
train_ep_007710,loc__table_area__8fcbc5c5,table area,Tavern
train_ep_007711,loc__old_docks__ed431416,old docks,Shore
train_ep_007712,loc__courtyard_exterior__9602be9c,courtyard exterior,Outside Palace
train_ep_007713,loc__room_hidden_in_the_dense_canopy__eb412c40,room hidden in the dense canopy,Forest
train_ep_007714,loc__small_clearing__18adfedc,small clearing,Mountain
train_ep_007715,loc__weapons_storage_room__e2250d82,weapons storage room,Outside Castle
train_ep_007716,loc__kitchens__dfd09a86,kitchens,Inside Castle
train_ep_007717,loc__battlements__65ce509a,battlements,Outside Castle
train_ep_007718,loc__blacksmith__c2428781,blacksmith,Bazaar
train_ep_007719,loc__collapsed_west_wing__5208068f,collapsed west wing,Abandoned
train_ep_007720,loc__sewer_entrance__f153eab9,sewer entrance,Inside Tower
train_ep_007721,loc__church_coat_room__3bec4535,church coat room,Inside Church
train_ep_007722,loc__decoration_shop__cf40d2dc,decoration shop,Outside Temple
train_ep_007723,loc__top_floor_of_palace__ab540b82,top floor of palace,Inside Palace
train_ep_007724,loc__dangerous_precipice__81c337c6,dangerous precipice,Mountain
train_ep_007725,loc__dead_valley__fe83fd28,dead valley,Desert
train_ep_007726,loc__secret_tunnel__57b3c615,secret tunnel,Cave
train_ep_007727,loc__kitchens__dfd09a86,kitchens,Inside Tower
train_ep_007728,loc__soldiers_camp__2d6b7401,soldiers camp,Swamp
train_ep_007729,loc__secret_tunnel__57b3c615,secret tunnel,Inside Castle
train_ep_007730,loc__flower_garden__879381ca,flower garden,Forest
train_ep_007731,loc__alchemists_bedroom__cfb992f0,alchemists bedroom,Inside Tower
train_ep_007732,loc__guard_barracks__c7741c50,guard barracks,Inside Castle
train_ep_007733,loc__backyard__3bec248d,backyard,Outside Cottage
train_ep_007734,loc__grand_balcony__41fccf30,grand balcony,Inside Palace
train_ep_007735,loc__midland_town__3abef145,midland town,Wasteland
train_ep_007736,loc__underwater_cave__155a0a0e,underwater cave,Cave
train_ep_007737,loc__castle_royal_tower__bb8b04a7,castle royal tower,Inside Castle
train_ep_007738,loc__keep__18ccf61d,keep,Inside Tower
train_ep_007739,loc__outlaws_jungle__b0c0b7b2,outlaws' jungle,Jungle
train_ep_007740,loc__church_foyer__e8aee950,church foyer,Inside Church
train_ep_007741,loc__main_graveyard__ad70495d,main graveyard,Graveyard
train_ep_007742,loc__confessions_room__d87965d0,confessions room,Inside Church
train_ep_007743,loc__outside_gates__58dbbce8,outside gates,Outside Cottage
train_ep_007744,loc__peasant_living_quarters__004fcc5f,peasant living quarters,Outside Palace
train_ep_007745,loc__temple_marketplace__34f9194f,temple marketplace,Inside Temple
train_ep_007746,loc__picnic_area__4a212f77,picnic area,Forest
train_ep_007747,loc__path_to_the_manor__cd09e091,path to the manor,Countryside
train_ep_007748,loc__prayer_bell__021f8e15,prayer bell,Inside Church
train_ep_007749,loc__garden_courtyard__2530f6d1,garden courtyard,Inside Castle
train_ep_007750,loc__abandoned_mine_entrance__5698b058,abandoned mine entrance,Abandoned
train_ep_007751,loc__jail_entrance__ca63e7c2,jail entrance,Inside Tower
train_ep_007752,loc__pet_chamber__bc1946e1,pet chamber,Inside Castle
train_ep_007753,loc__royal_farm__c7a2ee7a,royal farm,Farm
train_ep_007754,loc__palace_entrance__fb45dbba,palace entrance,Inside Palace
train_ep_007755,loc__farmers_market__3aa5b02b,farmers market,Bazaar
train_ep_007756,loc__back_room__d5bde542,back room,Inside Church
train_ep_007757,loc__sermon_hall__5b457bb1,sermon hall,Inside Church
train_ep_007758,loc__clean_water_lake__13349d26,clean water lake,Lake
train_ep_007759,loc__laundry_lines__dd2e9ca6,laundry lines,Outside Palace
train_ep_007760,loc__basement__48719d32,basement,Inside Castle
train_ep_007761,loc__school__7516c3b3,school,Bazaar
train_ep_007762,loc__grand_dining_room__8cb359cc,grand dining room,Inside Palace
train_ep_007763,loc__holy_alter__dd5ad709,holy alter,Inside Church
train_ep_007764,loc__iconostasis__fa5c7ee9,iconostasis,Outside Church
train_ep_007765,loc__throne_room__f4977c99,throne room,Inside Castle
train_ep_007766,loc__kebab_stall__d83535f0,kebab stall,Bazaar
train_ep_007767,loc__open_field__28aeddc6,open field,Farm
train_ep_007768,loc__wealthy_area_of_town__260fb03e,wealthy area of town,Town
train_ep_007769,loc__king_s_dorm__f69cf31d,king's dorm,Inside Tower
train_ep_007770,loc__church__916586c8,church,Outside Church
train_ep_007771,loc__cave_exit__6e09c118,cave exit,Cave
train_ep_007772,loc__main_gate__d66ce966,main gate,Outside Castle
train_ep_007773,loc__trailhead__55ecf8e5,trailhead,Trail
train_ep_007774,loc__bedrooms__8fb3ca52,bedrooms,Inside Palace
train_ep_007775,loc__dogs_domain__0a1f1a65,dogs' domain,Inside Church
train_ep_007776,loc__hiking_path__ba82059c,hiking path,Mountain
train_ep_007777,loc__bazaar_gambling__0e92d983,bazaar gambling,Bazaar
train_ep_007778,loc__pharmacy__bf4e2878,pharmacy,Town
train_ep_007779,loc__main_street__18c6980d,main street,Graveyard
train_ep_007780,loc__apple_trees__6ead89c4,apple trees,Bazaar
train_ep_007781,loc__rectory__af9459b5,rectory,Inside Church
train_ep_007782,loc__orc_cave__9c2ad64e,orc cave,Cave
train_ep_007783,loc__simple_town__9836124a,simple town,Town
train_ep_007784,loc__church_entryway__b0c14c9f,church entryway,Inside Church
train_ep_007785,loc__firewood_forest__049c4d45,firewood forest,Forest
train_ep_007786,loc__temple_gardens__e5c59366,temple gardens,Outside Temple
train_ep_007787,loc__church_field__80ff45f8,church field,Outside Church
train_ep_007788,loc__southernmost_tower_entryway__af5a2a89,southernmost tower entryway,Inside Tower
train_ep_007789,loc__meadow__07a42035,meadow,Countryside
train_ep_007790,loc__central_bazaar__afde3f95,central bazaar,Bazaar
train_ep_007791,loc__mysterious_forest_outskirts__78c6782b,mysterious forest outskirts,Forest
train_ep_007792,loc__castle_farm__90bc7176,castle farm,Farm
train_ep_007793,loc__cottage_safe_room__ce08f1a3,cottage safe-room,Inside Cottage
train_ep_007794,loc__in_front_of_a_stone_tower__79dd0512,in front of a stone tower,Outside Tower
train_ep_007795,loc__cottage_entryway__e5f1139f,cottage entryway,Inside Cottage
train_ep_007796,loc__wet_dungeon__b3fe19bc,wet dungeon,Dungeon
train_ep_007797,loc__enormous_church_entrance_door__4425590a,enormous church entrance door,Outside Church
train_ep_007798,loc__hilltop_temple_grounds__9a75117c,hilltop temple grounds,Outside Temple
train_ep_007799,loc__castle_maids_room__208d485a,castle maids' room,Inside Castle
train_ep_007800,loc__privy_room__3e3bfa73,privy room,Inside Castle
train_ep_007801,loc__castle_courtyard_bazaar__f18a3852,castle courtyard bazaar,Bazaar
train_ep_007802,loc__abandoned_mine__75691f18,abandoned mine,Mountain
train_ep_007803,loc__unexplored_jungle__ff39ded3,unexplored jungle,Jungle
train_ep_007804,loc__inside_temple__78c8ad2b,inside temple,Inside Temple
train_ep_007805,loc__unfinished_mausoleum__d8f26138,unfinished mausoleum,Graveyard
train_ep_007806,loc__haunted_swamp__8ecea208,haunted swamp,Swamp
train_ep_007807,loc__turquoise_shore__9c4dff53,turquoise shore,Shore
train_ep_007808,loc__forsaken_castle__e4d7c5af,forsaken castle,Abandoned
train_ep_007809,loc__great_hall__91ce0dd0,great hall,Inside Tower
train_ep_007810,loc__fishmonger_s_stall__b989772f,fishmonger's stall,Port
train_ep_007811,loc__abandoned_mine__75691f18,abandoned mine,Abandoned
train_ep_007812,loc__bamboo_hut__fe75e1af,bamboo hut,Jungle
train_ep_007813,loc__dungeon__e0dc3209,dungeon,Inside Palace
train_ep_007814,loc__cemetery__dccbebc2,cemetery,Graveyard
train_ep_007815,loc__meadow__07a42035,meadow,Countryside
train_ep_007816,loc__queen_s_bedchamber__25802711,queen's bedchamber,Inside Palace
train_ep_007817,loc__cave__e386df9e,cave,Mountain
train_ep_007818,loc__torture_room__87c0e788,torture room,Dungeon
train_ep_007819,loc__altar_room__cbf077bb,altar room,Inside Temple
train_ep_007820,loc__confessional__f24d3972,confessional,Inside Church
train_ep_007821,loc__lighthouse__fad0ce22,lighthouse,Shore
train_ep_007822,loc__watchtower__2275d0f0,watchtower,Outside Tower
train_ep_007823,loc__port_tavern__48d771c2,port tavern,Port
train_ep_007824,loc__prison_room__075cec3e,prison room,Inside Tower
train_ep_007825,loc__dungeon__e0dc3209,dungeon,Inside Castle
train_ep_007826,loc__master_bedroom__ee30383a,master bedroom,Inside Palace
train_ep_007827,loc__outside_temple__4d6f89cb,outside temple,Outside Temple
train_ep_007828,loc__graveyard__7b3ab674,graveyard,Graveyard
train_ep_007829,loc__outside_castle__fd9e3171,outside castle,Outside Castle
train_ep_007830,loc__opening_to_the_drawbridge_of_the_castle__7901de11,opening to the drawbridge of the castle,Trail
train_ep_007831,loc__bell_tower__53496f39,bell tower,Inside Church
train_ep_007832,loc__troll_s_bridge__934a7368,troll's bridge,Swamp
train_ep_007833,loc__barn__5dfcc0aa,barn,Farm
train_ep_007834,loc__dungeon_within_a_castle__30c5909c,dungeon within a castle,Dungeon
train_ep_007835,loc__wooded_magical_village__0d0cf6a7,wooded magical village,Forest
train_ep_007836,loc__abandoned_castle_on_an_ocean_cliff_side__2a4a7700,abandoned castle on an ocean cliff side,Abandoned
train_ep_007837,loc__inside_a_desolate_cave__62f3c8b1,inside a desolate cave,Dungeon
train_ep_007838,loc__knights_quarters__d1135fd1,knights quarters,Inside Castle
train_ep_007839,loc__dwarven_city__24e5c23d,dwarven city,Mountain
train_ep_007840,loc__underground_chamber__d71a7d7a,underground chamber,Cave
train_ep_007841,loc__outside_the_church_of_monks__12e0820b,outside the church of monks,Outside Church
train_ep_007842,loc__temple_courtyard__c65f7648,temple courtyard,Outside Temple
train_ep_007843,loc__inside_the_unicorn_palace__56787601,inside the unicorn palace,Inside Palace
train_ep_007844,loc__inside_temple__78c8ad2b,inside temple,Inside Temple
train_ep_007845,loc__werewolves_tavern__a0b69047,werewolves tavern,Tavern
train_ep_007846,loc__witches_cottage__6a123241,witches cottage,Outside Cottage
train_ep_007847,loc__inside_the_fairy_temple__748c1bf3,inside the fairy temple,Inside Temple
train_ep_007848,loc__fairy_forest__c73e62c1,fairy forest,Forest
train_ep_007849,loc__inside_the_king_s_palace__ad1ed203,inside the king's palace,Inside Palace
train_ep_007850,loc__inside_temple__78c8ad2b,inside temple,Inside Temple
train_ep_007851,loc__dining_hall__10c40af2,dining hall,Inside Tower
train_ep_007852,loc__confessional_room__22bf6614,confessional room,Inside Church
train_ep_007853,loc__oasis__335ffbcf,oasis,Desert
train_ep_007854,loc__wizard_s_quarters__e0890c7c,wizard's quarters,Outside Tower
train_ep_007855,loc__dungeon__e0dc3209,dungeon,Inside Castle
train_ep_007856,loc__castle__9355a9f9,castle,Inside Castle
train_ep_007857,loc__cave__e386df9e,cave,Cave
train_ep_007858,loc__castle__9355a9f9,castle,Inside Castle
train_ep_007859,loc__tower__79835ea3,tower,Inside Tower
train_ep_007860,loc__tower__79835ea3,tower,Outside Tower
train_ep_007861,loc__royal_gardens__e410d0fe,royal gardens,Outside Palace
train_ep_007862,loc__docks__d1b1bb99,docks,Port
train_ep_007863,loc__sacred_temple__0ee6dca9,sacred temple,Inside Church
train_ep_007864,loc__lagoon__664a6ce4,lagoon,Lake
train_ep_007865,loc__inside_the_temple__573b0d5f,inside the temple,Inside Temple
train_ep_007866,loc__cave__e386df9e,cave,Cave
train_ep_007867,loc__outside_tower__7dc67c9f,outside tower,Outside Tower
train_ep_007868,loc__jungle__5d991220,jungle,Jungle
train_ep_007869,loc__lake__97d986e2,lake,Lake
train_ep_007870,loc__outside_church__9f23256f,outside church,Outside Church
train_ep_007871,loc__riverbed__acbe6245,riverbed,Forest
train_ep_007872,loc__military_outpost_at_the_heart_of_the_swamp__0b91dfd0,military outpost at the heart of the swamp,Swamp
train_ep_007873,loc__royal_kitchen__fca4f709,royal kitchen,Inside Palace
train_ep_007874,loc__inside_tower__3d67c0a7,inside tower,Inside Tower
train_ep_007875,loc__abandoned_shack__d3865a64,abandoned shack,Wasteland
train_ep_007876,loc__princess_library__7426d41f,princess' library,Inside Palace
train_ep_007877,loc__yurt__e67b7569,yurt,Desert
train_ep_007878,loc__spice_stall__5ddd9bb4,spice stall,Bazaar
train_ep_007879,loc__treasure_cavern__26b58d7a,treasure cavern,Inside Temple
train_ep_007880,loc__bathroom__67518d64,bathroom,Inside Tower
train_ep_007881,loc__tree_house__493a5d1a,tree house,Jungle
train_ep_007882,loc__main_hall__8f1c5099,main hall,Inside Palace
train_ep_007883,loc__town_square__4d10acd1,town square,Town
train_ep_007884,loc__living_quarters__26fbc0ca,living quarters,Farm
train_ep_007885,loc__kings_chambers__3b38188f,kings chambers,Inside Palace
train_ep_007886,loc__trash_heap__0e440590,trash heap,Wasteland
train_ep_007887,loc__entrance_to_the_pine_trees__857c5da1,entrance to the pine trees,Forest
train_ep_007888,loc__courtyard__2c2bf458,courtyard,Outside Palace
train_ep_007889,loc__large_galleon__0e3d3ca8,large galleon,Port
train_ep_007890,loc__kitchen__09228dac,kitchen,Inside Cottage
train_ep_007891,loc__tree_house__493a5d1a,tree house,Jungle
train_ep_007892,loc__dark_cave__b9185199,dark cave,Cave
train_ep_007893,loc__top_side_tower_overlooking_view__8b843a89,top side tower overlooking view,Outside Tower
train_ep_007894,loc__lakeside_house__e89e18cd,lakeside house,Lake
train_ep_007895,loc__black_smiths_shop__5379f4dc,black smiths shop,Town
train_ep_007896,loc__armory__f1c6e216,armory,Inside Castle
train_ep_007897,loc__torture_chamber__11dfca19,torture chamber,Dungeon
train_ep_007898,loc__bedroom__cff8b1fe,bedroom,Inside Cottage
train_ep_007899,loc__treasure_room__5acf31fd,treasure room,Inside Castle
train_ep_007900,loc__barn__5dfcc0aa,barn,Farm
train_ep_007901,loc__coast__756d153b,coast,Shore
train_ep_007902,loc__choir_room__35978911,choir room,Inside Church
train_ep_007903,loc__jail_room__4ad818b4,jail room,Inside Tower
train_ep_007904,loc__town_theater__8fa3302e,town theater,Town
train_ep_007905,loc__underground_cavern__2714911b,underground cavern,Cave
train_ep_007906,loc__castle_kitchen__b00392de,castle kitchen,Inside Palace
train_ep_007907,loc__moat__3c3a57f1,moat,Outside Palace
train_ep_007908,loc__bedroom__cff8b1fe,bedroom,Inside Cottage
train_ep_007909,loc__clergyman_s_office__30ca015e,clergyman's office,Inside Temple
train_ep_007910,loc__gathering_room__2b59ea3f,gathering room,Inside Cottage
train_ep_007911,loc__waterfall__911b1ca4,waterfall,Mountain
train_ep_007912,loc__grand_dancing_hall__7dd99710,grand dancing hall,Inside Palace
train_ep_007913,loc__murky_water__7482dbbf,murky water,Swamp
train_ep_007914,loc__top_of_a_tall_tree__6c2eb414,top of a tall tree,Jungle
train_ep_007915,loc__dining_hall__10c40af2,dining hall,Inside Castle
train_ep_007916,loc__summit__cc8c6287,summit,Mountain
train_ep_007917,loc__scenic_overlook__9ccff5f9,scenic overlook,Trail
train_ep_007918,loc__secret_oasis__4b7fea6a,secret oasis,Desert
train_ep_007919,loc__town__7198cda5,town,Town
train_ep_007920,loc__tombstones_of_the_kings__f98f35ed,tombstones of the kings,Graveyard
train_ep_007921,loc__sanctuary__80452c45,sanctuary,Inside Church
train_ep_007922,loc__rectory__af9459b5,rectory,Inside Church
train_ep_007923,loc__tower_base__11a0e527,tower base,Outside Tower
train_ep_007924,loc__meditation_room__40c0a44e,meditation room,Inside Temple
train_ep_007925,loc__loading_dock__2e35f637,loading dock,Port
train_ep_007926,loc__mountain_peak__924f5a88,mountain peak,Mountain
train_ep_007927,loc__spiral_staircase__031e4915,spiral staircase,Inside Tower
train_ep_007928,loc__king_s_quarters__b44e1648,king's quarters,Inside Tower
train_ep_007929,loc__confessional__f24d3972,confessional,Inside Church
train_ep_007930,loc__marketplace__bc5986eb,marketplace,Port
train_ep_007931,loc__beyond_the_wall__adff6e1c,beyond the wall,Outside Castle
train_ep_007932,loc__land_beyond_the_wasteland__0b3b29ad,land beyond the wasteland,Abandoned
train_ep_007933,loc__behind_the_servant_quarters__9413241c,behind the servant quarters,Wasteland
train_ep_007934,loc__adjacent_to_the_guest_castle__7becb0d5,adjacent to the guest castle,Farm
train_ep_007935,loc__inside_the_king_s_castle__afab450e,inside the king's castle,Inside Tower
train_ep_007936,loc__across_the_king_s_garden__82bbf802,across the king's garden,Trail
train_ep_007937,loc__market_center__f92392bc,market center,Tavern
train_ep_007938,loc__chapel__5ee4b863,chapel,Inside Church
train_ep_007939,loc__banquet_hall__b7ba191c,banquet hall,Inside Castle
train_ep_007940,loc__entrance_to_castle__6ce4a988,entrance to castle,Outside Castle
train_ep_007941,loc__cabin__92faafe2,cabin,Countryside
train_ep_007942,loc__pew__08db7753,pew,Inside Church
train_ep_007943,loc__shop_in_bazaar__bb1b9374,shop in bazaar,Bazaar
train_ep_007944,loc__dock__05debdb8,dock,Lake
train_ep_007945,loc__entrance_to_church__2ba81d25,entrance to church,Outside Church
train_ep_007946,loc__dock_at_the_port__eaf44017,dock at the port,Port
train_ep_007947,loc__witch_s_house__f92034cd,witch's house,Swamp
train_ep_007948,loc__within_the_walls_of_the_city__ccd0198d,within the walls of the city,Inside Tower
train_ep_007949,loc__queen_s_chamber__e51179c6,queen's chamber,Inside Palace
train_ep_007950,loc__cottage__144deb32,cottage,Countryside
train_ep_007951,loc__bog__e07cd172,bog,Swamp
train_ep_007952,loc__dining_hall__10c40af2,dining hall,Inside Palace
train_ep_007953,loc__nave__bfe4b52c,nave,Inside Church
train_ep_007954,loc__king_s_quarters__b44e1648,king's quarters,Shore
train_ep_007955,loc__weapon_closet__20098437,weapon closet,Inside Tower
train_ep_007956,loc__princess_chamber__b18da5a3,princess' chamber,Inside Tower
train_ep_007957,loc__training_fields__20aac210,training fields,Outside Palace
train_ep_007958,loc__alchemists_lab__d5456245,alchemists lab,Inside Tower
train_ep_007959,loc__nursery__a718a874,nursery,Inside Palace
train_ep_007960,loc__royal_stables__25af2687,royal stables,Outside Castle
train_ep_007961,loc__kitchen__09228dac,kitchen,Tavern
train_ep_007962,loc__boathouse__f1916d48,boathouse,Swamp
train_ep_007963,loc__nave__bfe4b52c,nave,Inside Church
train_ep_007964,loc__tool_shed__5a0c79ce,tool shed,Outside Cottage
train_ep_007965,loc__kitchen__09228dac,kitchen,Inside Cottage
train_ep_007966,loc__library__d521f765,library,Inside Castle
train_ep_007967,loc__dining_hall__10c40af2,dining hall,Inside Castle
train_ep_007968,loc__courtyard__2c2bf458,courtyard,Outside Palace
train_ep_007969,loc__troll_s_lair__218cc09b,troll's lair,Cave
train_ep_007970,loc__barracks__2ce29011,barracks,Outside Castle
train_ep_007971,loc__throne_room__f4977c99,throne room,Inside Tower
train_ep_007972,loc__brush_den__e1300d94,brush den,Forest
train_ep_007973,loc__next_to_an_altar__6252d8d6,next to an altar,Inside Church
train_ep_007974,loc__ball_room__e26306dc,ball room,Inside Palace
train_ep_007975,loc__along_the_banks_of_a_river_in_the_forest__1893d3d3,along the banks of a river in the forest,Forest
train_ep_007976,loc__king_s_bedroom__03fb30e9,king's bedroom,Inside Palace
train_ep_007977,loc__jewelry_stall__2ec13fd4,jewelry stall,Bazaar
train_ep_007978,loc__winter_gardens__e59bb816,winter gardens,Outside Tower
train_ep_007979,loc__servant_s_quarters__2ab37024,servant's quarters,Inside Palace
train_ep_007980,loc__guard_shack__0ef62152,guard shack,Outside Tower
train_ep_007981,loc__cursed_grave__7f5aabe1,cursed grave,Graveyard
train_ep_007982,loc__foyer__114ad31a,foyer,Inside Palace
train_ep_007983,loc__hall_of_the_goddess__7c0819d4,hall of the goddess,Inside Temple
train_ep_007984,loc__throne__253d405e,throne,Inside Palace
train_ep_007985,loc__old_red_barn__d6b0cfd8,old red barn,Farm
train_ep_007986,loc__desert_cavern__9287fea8,desert cavern,Desert
train_ep_007987,loc__cactus_field__ce508a05,cactus field,Desert
train_ep_007988,loc__fishing_pier__fd5d48a9,fishing pier,Shore
train_ep_007989,loc__high_priest_chamber__3d59d244,high priest chamber,Inside Church
train_ep_007990,loc__beside_church_pews__8d83bdb7,beside church pews,Inside Church
train_ep_007991,loc__quicksand_pit__591e521d,quicksand pit,Swamp
train_ep_007992,loc__sacrifice_chamber__8aaf85ac,sacrifice chamber,Inside Temple
train_ep_007993,loc__beach_house__64bd4f8d,beach house,Shore
train_ep_007994,loc__mushroom_hut__8bb7cd75,mushroom hut,Outside Cottage
train_ep_007995,loc__beside_tower_entrance__4289dcc4,beside tower entrance,Inside Tower
train_ep_007996,loc__palace_throne__edc54e5f,palace throne,Inside Palace
train_ep_007997,loc__palace_kitchen__4dee9bb6,palace kitchen,Inside Palace
train_ep_007998,loc__inside_cottage_kitchen__5eaa1ce9,inside cottage kitchen,Inside Cottage
train_ep_007999,loc__hillside_manor__b1ec6b5a,hillside manor,Countryside
train_ep_008000,loc__pig_pen__cd6444b3,pig pen,Countryside
train_ep_008001,loc__beside_temple_entrance__b712f707,beside temple entrance,Outside Temple
train_ep_008002,loc__tower_dungeon__3b953217,tower dungeon,Inside Tower
train_ep_008003,loc__beside_church_entrance__2206aedf,beside church entrance,Outside Church
train_ep_008004,loc__castle_armory__c05c8115,castle armory,Inside Castle
train_ep_008005,loc__palace_ballroom__e83afcc3,palace ballroom,Inside Palace
train_ep_008006,loc__hillside_mansion__369afa4b,hillside mansion,Countryside
train_ep_008007,loc__church_altar__b46bba3c,church altar,Inside Church
train_ep_008008,loc__tower_sewers__135799e5,tower sewers,Inside Tower
train_ep_008009,loc__towering_mesa__148ef02b,towering mesa,Desert
train_ep_008010,loc__small_hut__78dbc695,small hut,Jungle
train_ep_008011,loc__inside_temple_crypt__eb261a98,inside temple crypt,Inside Temple
train_ep_008012,loc__gold_mine__23a64f00,gold mine,Abandoned
train_ep_008013,loc__stable__f40faf63,stable,Outside Castle
train_ep_008014,loc__room_at_the_top_of_the_tower__bebc68b6,room at the top of the tower,Inside Castle
train_ep_008015,loc__lonely_island__941f1782,lonely island,Abandoned
train_ep_008016,loc__public_execution_stand__ec1c97f7,public execution stand,Bazaar
train_ep_008017,loc__sitting_room__152ab82c,sitting room,Inside Cottage
train_ep_008018,loc__whipping_station__cd58acd7,whipping station,Outside Church
train_ep_008019,loc__bedding_room__8584585f,bedding room,Inside Palace
train_ep_008020,loc__prison_room__075cec3e,prison room,Inside Tower
train_ep_008021,loc__fountain__79de7a61,fountain,Graveyard
train_ep_008022,loc__oasis__335ffbcf,oasis,Desert
train_ep_008023,loc__beach_house__64bd4f8d,beach house,Shore
train_ep_008024,loc__stained_glass_room__fe4963f3,stained glass room,Inside Church
train_ep_008025,loc__mars_desert__d8c9aa45,mars desert,Desert
train_ep_008026,loc__farmer_hill__b21f8161,farmer hill,Outside Cottage
train_ep_008027,loc__clearing__5832a4d8,clearing,Forest
train_ep_008028,loc__hall_of_echoes__55050f7d,hall of echoes,Inside Temple
train_ep_008029,loc__bathing_room__e8175c31,bathing room,Inside Temple
train_ep_008030,loc__mysterious_shop__454073ca,mysterious shop,Bazaar
train_ep_008031,loc__show_room_inside_the_castle__f6ac41dd,show room inside the castle,Inside Castle
train_ep_008032,loc__inside_church_back_row__5cc901b4,inside church back row,Inside Church
train_ep_008033,loc__town_of_anoria__bfbab07a,town of anoria,Town
train_ep_008034,loc__tavern_of_browntavia__0bc98c5d,tavern of browntavia,Tavern
train_ep_008035,loc__bone_pit__bec80d68,bone pit,Outside Temple
train_ep_008036,loc__enchanted_light_house__0bd68be0,enchanted light house,Shore
train_ep_008037,loc__sacrificial_altar__0974214f,sacrificial altar,Inside Temple
train_ep_008038,loc__murder_hole__da3df777,murder hole,Inside Tower
train_ep_008039,loc__dungeon__e0dc3209,dungeon,Inside Temple
train_ep_008040,loc__garden__e2704f30,garden,Outside Cottage
train_ep_008041,loc__personal_quarters__5bdf1559,personal quarters,Inside Palace
train_ep_008042,loc__dining_hall__10c40af2,dining hall,Inside Tower
train_ep_008043,loc__bank__bd5af1f6,bank,Swamp
train_ep_008044,loc__library__d521f765,library,Inside Castle
train_ep_008045,loc__main_entrance__68f3df62,main entrance,Outside Temple
train_ep_008046,loc__storage_room__ab9f0184,storage room,Dungeon
train_ep_008047,loc__study_room__5698bd87,study room,Inside Church
train_ep_008048,loc__ruined_house__b253dd25,ruined house,Abandoned
train_ep_008049,loc__pond__d873154f,pond,Forest
train_ep_008050,loc__garden__e2704f30,garden,Outside Palace
train_ep_008051,loc__dock__05debdb8,dock,Port
train_ep_008052,loc__weapon_room__a7162ba9,weapon room,Inside Temple
train_ep_008053,loc__small_graveyard__d12232a8,small graveyard,Outside Cottage
train_ep_008054,loc__entrance__2a20afe0,entrance,Cave
train_ep_008055,loc__armory__f1c6e216,armory,Inside Castle
train_ep_008056,loc__stable__f40faf63,stable,Farm
train_ep_008057,loc__storage_room__ab9f0184,storage room,Tavern
train_ep_008058,loc__clearing__5832a4d8,clearing,Jungle
train_ep_008059,loc__nave__bfe4b52c,nave,Inside Church
train_ep_008060,loc__graveyard__7b3ab674,graveyard,Outside Church
train_ep_008061,loc__stable__f40faf63,stable,Outside Palace
train_ep_008062,loc__courtyard__2c2bf458,courtyard,Outside Palace
train_ep_008063,loc__torture_room__87c0e788,torture room,Dungeon
train_ep_008064,loc__main_hallway__840c1503,main hallway,Inside Palace
train_ep_008065,loc__town_square__4d10acd1,town square,Town
train_ep_008066,loc__hidden_passageway__d7cdebb5,hidden passageway,Inside Temple
train_ep_008067,loc__grand_ballroom__52b4001e,grand ballroom,Inside Castle
train_ep_008068,loc__old_crypt__9f170f50,old crypt,Graveyard
train_ep_008069,loc__castle_kitchen__b00392de,castle kitchen,Inside Castle
train_ep_008070,loc__weathered_shack__8c23b906,weathered shack,Abandoned
train_ep_008071,loc__debtor_s_prison__ea99977f,debtor's prison,Inside Tower
train_ep_008072,loc__temple_entrance__71ae50b0,temple entrance,Outside Temple
train_ep_008073,loc__staircase__7dbf02f9,staircase,Inside Tower
train_ep_008074,loc__tree_of_spirits__e757fcef,tree of spirits,Trail
train_ep_008075,loc__royal_tomb__1b57a10e,royal tomb,Inside Temple
train_ep_008076,loc__popes_dormitory__ddb11751,popes dormitory,Inside Church
train_ep_008077,loc__grand_dining_room__8cb359cc,grand dining room,Inside Palace
train_ep_008078,loc__brim_canal__7a498e16,brim canal,Lake
train_ep_008079,loc__maidens_cottage__ce8fe6f9,maidens cottage,Countryside
train_ep_008080,loc__horse_s_stables__0cd4df4c,horse's stables,Outside Cottage
train_ep_008081,loc__horse_field__eeae819a,horse field,Countryside
train_ep_008082,loc__hunting_grounds__6ac15b3d,hunting grounds,Trail
train_ep_008083,loc__prisoner_s_cell__bf78e6a1,prisoner's cell,Dungeon
train_ep_008084,loc__queen_s_quarters__22b70e95,queen's quarters,Inside Palace
train_ep_008085,loc__cemetery__dccbebc2,cemetery,Wasteland
train_ep_008086,loc__artillery_room__9af01c49,artillery room,Inside Tower
train_ep_008087,loc__archery_zone__fdb7c330,archery zone,Outside Castle
train_ep_008088,loc__knight_s_hunting_ground__09b79c95,knight's hunting ground,Trail
train_ep_008089,loc__priest_s_chambers__1ebce5c5,priest's chambers,Inside Temple
train_ep_008090,loc__kitchen__09228dac,kitchen,Inside Castle
train_ep_008091,loc__king_s_chambers__e3e597fe,king's chambers,Inside Palace
train_ep_008092,loc__master_bedroom__ee30383a,master bedroom,Inside Castle
train_ep_008093,loc__outpost__9e81fdfb,outpost,Mountain
train_ep_008094,loc__royal_shipyard__fc976e6e,royal shipyard,Port
train_ep_008095,loc__ritual_room__4574deb8,ritual room,Inside Temple
train_ep_008096,loc__front_of_the_cottage__908b24e7,front of the cottage,Outside Cottage
train_ep_008097,loc__village_at_the_base_of_the_mountain__47dbe2ea,village at the base of the mountain,Mountain
train_ep_008098,loc__ruin_of_a_house__62eef8f7,ruin of a house,Wasteland
train_ep_008099,loc__armory__f1c6e216,armory,Inside Tower
train_ep_008100,loc__bandit_lair__90d428ee,bandit lair,Cave
train_ep_008101,loc__tent__7b65dcf0,tent,Desert
train_ep_008102,loc__inside_the_temple__573b0d5f,inside the temple,Inside Temple
train_ep_008103,loc__kings_bedroom__64489025,kings bedroom,Inside Castle
train_ep_008104,loc__boat_house__62b9e6c4,boat house,Port
train_ep_008105,loc__stream__f7b44cfa,stream,Forest
train_ep_008106,loc__forest__f379cfd7,forest,Countryside
train_ep_008107,loc__lush_meadow_in_the_country_side__d9fa9500,lush meadow in the country side,Countryside
train_ep_008108,loc__small_town_located_in_the_hills__d4698af1,small town located in the hills,Town
train_ep_008109,loc__kings_bed_room__b1f6b2b3,kings bed room,Inside Castle
train_ep_008110,loc__primary_cave__755e8817,primary cave,Cave
train_ep_008111,loc__town_in_the_desert__fff2a6b4,town in the desert,Wasteland
train_ep_008112,loc__chapel_of_the_eight__e35d875d,chapel of the eight,Inside Castle
train_ep_008113,loc__ferry_terminal__e6bf99dd,ferry terminal,Port
train_ep_008114,loc__bed_chambers__67892844,bed chambers,Inside Palace
train_ep_008115,loc__modest_living_area__fe2770f1,modest living area,Inside Cottage
train_ep_008116,loc__temple_foyer__c0b5e90a,temple foyer,Inside Temple
train_ep_008117,loc__front_altar__819cc2dd,front altar,Inside Temple
train_ep_008118,loc__desert_tent__a1a041ce,desert tent,Wasteland
train_ep_008119,loc__grassy_plains__ecb71cc6,grassy plains,Trail
train_ep_008120,loc__northern_shore__e8588ae1,northern shore,Lake
train_ep_008121,loc__old_gnaisha_s__d05194f9,old gnaisha's,Bazaar
train_ep_008122,loc__dancing_stoat__a6b60c83,dancing stoat,Town
train_ep_008123,loc__shrine_of_sretniy__c5cdca48,shrine of sretniy,Inside Temple
train_ep_008124,loc__banquet_hall__b7ba191c,banquet hall,Inside Castle
train_ep_008126,loc__desert_land__d9285c9c,desert land,Desert
train_ep_008127,loc__pond__d873154f,pond,Wasteland
train_ep_008128,loc__fishing_shack__be027604,fishing shack,Lake
train_ep_008129,loc__horse_stables__3ab0f4c8,horse stables,Outside Castle
train_ep_008130,loc__castle_basement__ef824ba7,castle basement,Inside Castle
train_ep_008131,loc__tower_kitchen__9b8a3da9,tower kitchen,Inside Tower
train_ep_008132,loc__abandoned_workers_shed__0002433d,abandoned workers shed,Graveyard
train_ep_008133,loc__stable_hand_s_quarters__74578d25,stable hand's quarters,Outside Castle
train_ep_008134,loc__middle_of_the_bazaar__54f18754,middle of the bazaar,Bazaar
train_ep_008135,loc__corn_field__018a2ccf,corn field,Farm
train_ep_008136,loc__temple__44fdfd6b,temple,Inside Temple
train_ep_008137,loc__main_house__39d59a9f,main house,Farm
train_ep_008138,loc__old_queen_farm__057da97d,old queen farm,Wasteland
train_ep_008139,loc__fish_market__4e56b4a3,fish market,Port
train_ep_008140,loc__castle_exit__5b525e0e,castle exit,Inside Castle
train_ep_008141,loc__cavern_dwelling__44fe0d79,cavern dwelling,Desert
train_ep_008142,loc__reagent_room__559ae958,reagent room,Outside Tower
train_ep_008143,loc__washroom__050b06a4,washroom,Inside Castle
train_ep_008144,loc__fishing_dock__fbf73e36,fishing dock,Lake
train_ep_008145,loc__balcony__d85f7317,balcony,Inside Palace
train_ep_008146,loc__sheriff_office__d4dae028,sheriff office,Farm
train_ep_008147,loc__church_garden__56a741fe,church garden,Outside Church
train_ep_008148,loc__flower_field__f936e92b,flower field,Countryside
train_ep_008149,loc__large_cliffs__f86c4fa5,large cliffs,Shore
train_ep_008150,loc__port_skyline__0254ced0,port skyline,Port
train_ep_008151,loc__main_prayer_room__ec7e9b7f,main prayer room,Inside Temple
train_ep_008152,loc__apothecary__e264c143,apothecary,Town
train_ep_008153,loc__haunted_orchard__7434c930,haunted orchard,Farm
train_ep_008154,loc__chamber_entrance__0228ee72,chamber entrance,Inside Church
train_ep_008155,loc__main_castle_doors__e1f39f3b,main castle doors,Outside Palace
train_ep_008156,loc__church_garden__56a741fe,church garden,Outside Church
train_ep_008157,loc__dining_hall__10c40af2,dining hall,Inside Castle
train_ep_008158,loc__north_forest__a809663e,north forest,Forest
train_ep_008159,loc__mess_hall__df491ab7,mess hall,Inside Temple
train_ep_008160,loc__gallery__2767cc3e,gallery,Cave
train_ep_008161,loc__crew_berthing__255a7e79,crew berthing,Port
train_ep_008162,loc__landing_in_the_foyer__0712bd55,landing in the foyer,Inside Palace
train_ep_008163,loc__captain_s_cabin__60e1b85d,captain's cabin,Port
train_ep_008164,loc__wharf__ef602779,wharf,Port
train_ep_008165,loc__woodlands__f4b4342e,woodlands,Forest
train_ep_008166,loc__drinking_water_lake__072d7988,drinking water lake,Lake
train_ep_008167,loc__warehouses__54495979,warehouses,Port
train_ep_008168,loc__valley_of_doom__2f415a0f,valley of doom,Countryside
train_ep_008169,loc__swimming_hole__41a1f52e,swimming hole,Lake
train_ep_008170,loc__bottlery__3ad26146,bottlery,Inside Castle
train_ep_008171,loc__fitting_room__c555a43b,fitting room,Bazaar
train_ep_008172,loc__castle_kitchens__6834f5a3,castle kitchens,Inside Palace
train_ep_008173,loc__arrow_house__9d554350,arrow house,Outside Castle
train_ep_008174,loc__bright_path__17c6a100,bright path,Inside Castle
train_ep_008175,loc__cold_storage_room__726f76a2,cold storage room,Outside Cottage
train_ep_008176,loc__forest_entrance__4bcda148,forest entrance,Forest
train_ep_008177,loc__slave_quarters__8a6d9f60,slave quarters,Inside Tower
train_ep_008178,loc__fishing_store__b061f606,fishing store,Port
train_ep_008179,loc__dunes__8a48dcda,dunes,Desert
train_ep_008180,loc__peasant_s_cottage__00464b6c,peasant's cottage,Countryside
train_ep_008181,loc__royal_bathroom__f7f11309,royal bathroom,Inside Castle
train_ep_008182,loc__stilt_home__612941a3,stilt home,Farm
train_ep_008183,loc__forbidden_forest__b96ae0b4,forbidden forest,Forest
train_ep_008184,loc__underground_river__dde09e89,underground river,Cave
train_ep_008185,loc__temple_main_room__cc3e74e5,temple main room,Outside Temple
train_ep_008186,loc__arch_hall__0fcc7e9c,arch hall,Inside Castle
train_ep_008187,loc__countryside__9cff47d1,countryside,Countryside
train_ep_008188,loc__back_of_the_stall__4b715f67,back of the stall,Bazaar
train_ep_008189,loc__woods__b7bfb949,woods,Forest
train_ep_008190,loc__saokra_s_blacksmith_shop__e5c9291c,saokra's blacksmith shop,Town
train_ep_008191,loc__mesa_peak__ec3e4014,mesa peak,Mountain
train_ep_008192,loc__prisoners_cells__61cb1ba6,prisoners cells,Dungeon
train_ep_008193,loc__temple_chamber__417585e8,temple chamber,Inside Temple
train_ep_008194,loc__winding_staircase__ec3107f8,winding staircase,Outside Tower
train_ep_008195,loc__hidden_revolutionaries_headquarters__536080d4,hidden revolutionaries' headquarters,Inside Palace
train_ep_008196,loc__tailings_pile__d27fba96,tailings pile,Mountain
train_ep_008197,loc__town_center__f942e8bf,town center,Town
train_ep_008198,loc__garden__e2704f30,garden,Outside Palace
train_ep_008199,loc__south_forest__a051e03c,south forest,Forest
train_ep_008200,loc__acid_yard__7930efda,acid yard,Outside Castle
train_ep_008201,loc__hay_field__0bbfde04,hay field,Outside Cottage
train_ep_008202,loc__castle_front__1f50ceb7,castle front,Inside Palace
train_ep_008203,loc__horse_tent__858443dc,horse tent,Farm
train_ep_008204,loc__knife_seller__e0a51e70,knife seller,Bazaar
train_ep_008205,loc__guards_quarters__94702054,guards quarters,Inside Tower
train_ep_008206,loc__general_store__53a8fbb0,general store,Town
train_ep_008207,loc__mysterious_shop_s_entrance__212a3859,mysterious shop's entrance,Bazaar
train_ep_008208,loc__beside_the_town_church__0b0b1726,beside the town church,Outside Church
train_ep_008209,loc__entryway_to_the_wizards_tower__7a21df60,entryway to the wizards tower,Inside Tower
train_ep_008210,loc__main_gate__d66ce966,main gate,Countryside
train_ep_008211,loc__palace_garden__46ae3845,palace garden,Outside Palace
train_ep_008212,loc__gold_room__42a3e93d,gold room,Inside Tower
train_ep_008213,loc__visitor_s_entrance__44f22aeb,visitor's entrance,Inside Temple
train_ep_008214,loc__throne_room__f4977c99,throne room,Inside Palace
train_ep_008215,loc__throne_room__f4977c99,throne room,Inside Tower
train_ep_008216,loc__supply_store__9776432b,supply store,Port
train_ep_008217,loc__bazaar_outside_the_royal_city__3f48a35a,bazaar outside the royal city,Bazaar
train_ep_008218,loc__cactus_field_entrance__cba07803,cactus field entrance,Desert
train_ep_008219,loc__outside_of_the_temple_offices__dd9f1ee7,outside of the temple offices,Outside Temple
train_ep_008220,loc__temple_chamber__417585e8,temple chamber,Inside Temple
train_ep_008221,loc__town_center__f942e8bf,town center,Town
train_ep_008222,loc__castle_kitchen__b00392de,castle kitchen,Inside Castle
train_ep_008223,loc__disposal_area__72d310fd,disposal area,Inside Castle
train_ep_008224,loc__village_of_tamerak__7e6c027e,village of tamerak,Port
train_ep_008225,loc__pine_tree_graveyard__18f73c00,pine tree graveyard,Forest
train_ep_008226,loc__grand_desert__c682352f,grand desert,Desert
train_ep_008227,loc__personal_rooms__f7ec06d2,personal rooms,Inside Palace
train_ep_008228,loc__mansion_entrance__5c32e57d,mansion entrance,Inside Cottage
train_ep_008229,loc__curved_hallway__638b964b,curved hallway,Inside Tower
train_ep_008230,loc__inside_the_ruined_house__f351c82a,inside the ruined house,Inside Cottage
train_ep_008231,loc__city_of_elders__fa058cbe,city of elders,Town
train_ep_008232,loc__ghost_trail__7855adca,ghost trail,Trail
train_ep_008233,loc__spring_bath__6aa6bed3,spring bath,Outside Temple
train_ep_008234,loc__brimswood_pub__2b57d3a7,brimswood pub,Tavern
train_ep_008235,loc__main_chapel__05b43d90,main chapel,Inside Church
train_ep_008236,loc__lavoratory__9cb21908,lavoratory,Inside Castle
train_ep_008237,loc__nearby_road__b720e559,nearby road,Countryside
train_ep_008238,loc__council_of_twelve__3232fa93,council of twelve,Inside Temple
train_ep_008239,loc__farmer_s_house__742677bc,farmer's house,Farm
train_ep_008240,loc__town_courtroom__ffe576a1,town courtroom,Town
train_ep_008241,loc__castle_foothills__40ba7cae,castle foothills,Outside Tower
train_ep_008242,loc__tower_spire__a8295baa,tower spire,Inside Tower
train_ep_008243,loc__saloon__453c44d3,saloon,Tavern
train_ep_008244,loc__basement__48719d32,basement,Inside Castle
train_ep_008245,loc__trail_exit__e1ead7cf,trail exit,Trail
train_ep_008246,loc__bazaar__8c5c7284,bazaar,Bazaar
train_ep_008247,loc__along_the_pews__731918a2,along the pews,Inside Church
train_ep_008248,loc__gate_to_street__63c54887,gate to street,Outside Church
train_ep_008249,loc__pier_walkway__6cc5e473,pier walkway,Shore
train_ep_008250,loc__attic__0535c94e,attic,Inside Church
train_ep_008251,loc__hidden_passage__6bec6a12,hidden passage,Inside Church
train_ep_008252,loc__table_area__8fcbc5c5,table area,Tavern
train_ep_008253,loc__courtyard_exterior__9602be9c,courtyard exterior,Outside Palace
train_ep_008254,loc__room_hidden_in_the_dense_canopy__eb412c40,room hidden in the dense canopy,Forest
train_ep_008255,loc__small_clearing__18adfedc,small clearing,Mountain
train_ep_008256,loc__weapons_storage_room__e2250d82,weapons storage room,Outside Castle
train_ep_008257,loc__kitchens__dfd09a86,kitchens,Inside Castle
train_ep_008258,loc__blacksmith__c2428781,blacksmith,Bazaar
train_ep_008259,loc__battlements__65ce509a,battlements,Outside Castle
train_ep_008260,loc__collapsed_west_wing__5208068f,collapsed west wing,Abandoned
train_ep_008261,loc__sewer_entrance__f153eab9,sewer entrance,Inside Tower
train_ep_008262,loc__church_coat_room__3bec4535,church coat room,Inside Church
train_ep_008263,loc__ant_hill__01158295,ant hill,Forest
train_ep_008264,loc__unsettling_forest_area__3d5f756b,unsettling forest area,Forest
train_ep_008265,loc__top_floor_of_palace__ab540b82,top floor of palace,Inside Palace
train_ep_008266,loc__decoration_shop__cf40d2dc,decoration shop,Outside Temple
train_ep_008267,loc__secret_tunnel__57b3c615,secret tunnel,Cave
train_ep_008268,loc__dead_valley__fe83fd28,dead valley,Desert
train_ep_008269,loc__dangerous_precipice__81c337c6,dangerous precipice,Mountain
train_ep_008270,loc__kitchens__dfd09a86,kitchens,Inside Tower
train_ep_008271,loc__soldiers_camp__2d6b7401,soldiers camp,Swamp
train_ep_008272,loc__secret_tunnel__57b3c615,secret tunnel,Inside Castle
train_ep_008273,loc__alchemists_bedroom__cfb992f0,alchemists bedroom,Inside Tower
train_ep_008274,loc__flower_garden__879381ca,flower garden,Forest
train_ep_008275,loc__guard_barracks__c7741c50,guard barracks,Inside Castle
train_ep_008276,loc__backyard__3bec248d,backyard,Outside Cottage
train_ep_008277,loc__attic__0535c94e,attic,Inside Palace
train_ep_008278,loc__grand_balcony__41fccf30,grand balcony,Inside Palace
train_ep_008279,loc__midland_town__3abef145,midland town,Wasteland
train_ep_008280,loc__rat_den__b7a41895,rat den,Inside Tower
train_ep_008281,loc__castle_royal_tower__bb8b04a7,castle royal tower,Inside Castle
train_ep_008282,loc__underwater_cave__155a0a0e,underwater cave,Cave
train_ep_008283,loc__keep__18ccf61d,keep,Inside Tower
train_ep_008284,loc__outlaws_jungle__b0c0b7b2,outlaws' jungle,Jungle
train_ep_008285,loc__main_graveyard__ad70495d,main graveyard,Graveyard
train_ep_008286,loc__confessions_room__d87965d0,confessions room,Inside Church
train_ep_008287,loc__picnic_area__4a212f77,picnic area,Forest
train_ep_008288,loc__outside_gates__58dbbce8,outside gates,Outside Cottage
train_ep_008289,loc__peasant_living_quarters__004fcc5f,peasant living quarters,Outside Palace
train_ep_008290,loc__temple_marketplace__34f9194f,temple marketplace,Inside Temple
train_ep_008291,loc__darkest_part_of_the_swamp__4a37261f,darkest part of the swamp,Swamp
train_ep_008292,loc__path_to_the_manor__cd09e091,path to the manor,Countryside
train_ep_008293,loc__prayer_bell__021f8e15,prayer bell,Inside Church
train_ep_008294,loc__garden_courtyard__2530f6d1,garden courtyard,Inside Castle
train_ep_008295,loc__abandoned_mine_entrance__5698b058,abandoned mine entrance,Abandoned
train_ep_008296,loc__pet_chamber__bc1946e1,pet chamber,Inside Castle
train_ep_008297,loc__royal_farm__c7a2ee7a,royal farm,Farm
train_ep_008298,loc__jail_entrance__ca63e7c2,jail entrance,Inside Tower
train_ep_008299,loc__palace_entrance__fb45dbba,palace entrance,Inside Palace
train_ep_008300,loc__farmers_market__3aa5b02b,farmers market,Bazaar
train_ep_008301,loc__back_room__d5bde542,back room,Inside Church
train_ep_008302,loc__sermon_hall__5b457bb1,sermon hall,Inside Church
train_ep_008303,loc__dwarven_blacksmith__68e8c01f,dwarven blacksmith,Mountain
train_ep_008304,loc__laundry_lines__dd2e9ca6,laundry lines,Outside Palace
train_ep_008305,loc__basement__48719d32,basement,Inside Castle
train_ep_008306,loc__grand_dining_room__8cb359cc,grand dining room,Inside Palace
train_ep_008307,loc__school__7516c3b3,school,Bazaar
train_ep_008308,loc__holy_alter__dd5ad709,holy alter,Inside Church
train_ep_008309,loc__iconostasis__fa5c7ee9,iconostasis,Outside Church
train_ep_008310,loc__throne_room__f4977c99,throne room,Inside Castle
train_ep_008311,loc__kebab_stall__d83535f0,kebab stall,Bazaar
train_ep_008312,loc__open_field__28aeddc6,open field,Farm
train_ep_008313,loc__wealthy_area_of_town__260fb03e,wealthy area of town,Town
train_ep_008314,loc__king_s_dorm__f69cf31d,king's dorm,Inside Tower
train_ep_008315,loc__church__916586c8,church,Outside Church
train_ep_008316,loc__cave_exit__6e09c118,cave exit,Cave
train_ep_008317,loc__main_gate__d66ce966,main gate,Outside Castle
train_ep_008318,loc__trailhead__55ecf8e5,trailhead,Trail
train_ep_008319,loc__bedrooms__8fb3ca52,bedrooms,Inside Palace
train_ep_008320,loc__dogs_domain__0a1f1a65,dogs' domain,Inside Church
train_ep_008321,loc__hiking_path__ba82059c,hiking path,Mountain
train_ep_008322,loc__bazaar_gambling__0e92d983,bazaar gambling,Bazaar
train_ep_008323,loc__apple_trees__6ead89c4,apple trees,Bazaar
train_ep_008324,loc__pharmacy__bf4e2878,pharmacy,Town
train_ep_008325,loc__main_street__18c6980d,main street,Graveyard
train_ep_008326,loc__rectory__af9459b5,rectory,Inside Church
train_ep_008327,loc__orc_cave__9c2ad64e,orc cave,Cave
train_ep_008328,loc__simple_town__9836124a,simple town,Town
train_ep_008329,loc__church_entryway__b0c14c9f,church entryway,Inside Church
train_ep_008330,loc__large_farm__653ba215,large farm,Farm
train_ep_008331,loc__firewood_forest__049c4d45,firewood forest,Forest
train_ep_008332,loc__temple_gardens__e5c59366,temple gardens,Outside Temple
train_ep_008333,loc__church_field__80ff45f8,church field,Outside Church
train_ep_008334,loc__southernmost_tower_entryway__af5a2a89,southernmost tower entryway,Inside Tower
train_ep_008335,loc__meadow__07a42035,meadow,Countryside
train_ep_008336,loc__central_bazaar__afde3f95,central bazaar,Bazaar
train_ep_008337,loc__castle_farm__90bc7176,castle farm,Farm
train_ep_008338,loc__lower_dungeon_guard_room__f88d3041,lower dungeon guard room,Dungeon
train_ep_008339,loc__cottage_safe_room__ce08f1a3,cottage safe-room,Inside Cottage
train_ep_008340,loc__in_front_of_a_stone_tower__79dd0512,in front of a stone tower,Outside Tower
train_ep_008341,loc__small_church__9543420f,small church,Inside Church
train_ep_008342,loc__cottage_entryway__e5f1139f,cottage entryway,Inside Cottage
train_ep_008343,loc__wet_dungeon__b3fe19bc,wet dungeon,Dungeon
train_ep_008344,loc__enormous_church_entrance_door__4425590a,enormous church entrance door,Outside Church
train_ep_008345,loc__hilltop_temple_grounds__9a75117c,hilltop temple grounds,Outside Temple
train_ep_008346,loc__castle_maids_room__208d485a,castle maids' room,Inside Castle
train_ep_008347,loc__privy_room__3e3bfa73,privy room,Inside Castle
train_ep_008348,loc__castle_courtyard_bazaar__f18a3852,castle courtyard bazaar,Bazaar
train_ep_008349,loc__unexplored_jungle__ff39ded3,unexplored jungle,Jungle
train_ep_008350,loc__inside_temple__78c8ad2b,inside temple,Inside Temple
train_ep_008351,loc__haunted_swamp__8ecea208,haunted swamp,Swamp
train_ep_008352,loc__turquoise_shore__9c4dff53,turquoise shore,Shore
train_ep_008353,loc__forsaken_castle__e4d7c5af,forsaken castle,Abandoned
train_ep_008354,loc__great_hall__91ce0dd0,great hall,Inside Tower
train_ep_008355,loc__abandoned_mine__75691f18,abandoned mine,Mountain
train_ep_008356,loc__unfinished_mausoleum__d8f26138,unfinished mausoleum,Graveyard
train_ep_008357,loc__fishmonger_s_stall__b989772f,fishmonger's stall,Port
train_ep_008358,loc__beach__7193529a,beach,Shore
train_ep_008359,loc__abandoned_mine__75691f18,abandoned mine,Abandoned
train_ep_008360,loc__bamboo_hut__fe75e1af,bamboo hut,Jungle
train_ep_008361,loc__dungeon__e0dc3209,dungeon,Inside Palace
train_ep_008362,loc__path_in_forest__b615034b,path in forest,Trail
train_ep_008363,loc__prayer_room__b4ab9d1e,prayer room,Inside Temple
train_ep_008364,loc__barn__5dfcc0aa,barn,Farm
train_ep_008365,loc__cemetery__dccbebc2,cemetery,Graveyard
train_ep_008366,loc__queen_s_bedchamber__25802711,queen's bedchamber,Inside Palace
train_ep_008367,loc__altar_room__cbf077bb,altar room,Inside Temple
train_ep_008368,loc__confessional__f24d3972,confessional,Inside Church
train_ep_008369,loc__torture_room__87c0e788,torture room,Dungeon
train_ep_008370,loc__island__3dbacfd7,island,Lake
train_ep_008371,loc__lighthouse__fad0ce22,lighthouse,Shore
train_ep_008372,loc__bar__37b51d19,bar,Tavern
train_ep_008373,loc__port_tavern__48d771c2,port tavern,Port
train_ep_008374,loc__prison_room__075cec3e,prison room,Inside Tower
train_ep_008375,loc__master_bedroom__ee30383a,master bedroom,Inside Palace
train_ep_008376,loc__dungeon__e0dc3209,dungeon,Inside Castle
train_ep_008377,loc__outside_temple__4d6f89cb,outside temple,Outside Temple
train_ep_008378,loc__graveyard__7b3ab674,graveyard,Graveyard
train_ep_008379,loc__outside_castle__fd9e3171,outside castle,Outside Castle
train_ep_008380,loc__opening_to_the_drawbridge_of_the_castle__7901de11,opening to the drawbridge of the castle,Trail
train_ep_008381,loc__dungeon_within_a_castle__30c5909c,dungeon within a castle,Dungeon
train_ep_008382,loc__knights_quarters__d1135fd1,knights quarters,Inside Castle
train_ep_008383,loc__outside_the_church_of_monks__12e0820b,outside the church of monks,Outside Church
train_ep_008384,loc__temple_courtyard__c65f7648,temple courtyard,Outside Temple
train_ep_008385,loc__inside_the_unicorn_palace__56787601,inside the unicorn palace,Inside Palace
train_ep_008386,loc__werewolves_tavern__a0b69047,werewolves tavern,Tavern
train_ep_008387,loc__inside_temple__78c8ad2b,inside temple,Inside Temple
train_ep_008388,loc__witches_cottage__6a123241,witches cottage,Outside Cottage
train_ep_008389,loc__inside_the_fairy_temple__748c1bf3,inside the fairy temple,Inside Temple
train_ep_008390,loc__fairy_forest__c73e62c1,fairy forest,Forest
train_ep_008391,loc__inside_the_fairies_church__7a838b07,inside the fairies church,Inside Church
train_ep_008392,loc__inside_the_king_s_palace__ad1ed203,inside the king's palace,Inside Palace
train_ep_008393,loc__inside_temple__78c8ad2b,inside temple,Inside Temple
train_ep_008394,loc__dining_hall__10c40af2,dining hall,Inside Tower
train_ep_008395,loc__oasis__335ffbcf,oasis,Desert
train_ep_008396,loc__confessional_room__22bf6614,confessional room,Inside Church
train_ep_008397,loc__wizard_s_quarters__e0890c7c,wizard's quarters,Outside Tower
train_ep_008398,loc__dungeon__e0dc3209,dungeon,Inside Castle
train_ep_008399,loc__castle__9355a9f9,castle,Inside Castle
train_ep_008400,loc__castle__9355a9f9,castle,Inside Castle
train_ep_008401,loc__bazaar__8c5c7284,bazaar,Bazaar
train_ep_008402,loc__tower__79835ea3,tower,Inside Tower
train_ep_008403,loc__tower__79835ea3,tower,Outside Tower
train_ep_008404,loc__bazaar__8c5c7284,bazaar,Bazaar
train_ep_008405,loc__royal_gardens__e410d0fe,royal gardens,Outside Palace
train_ep_008406,loc__docks__d1b1bb99,docks,Port
train_ep_008407,loc__sacred_temple__0ee6dca9,sacred temple,Inside Church
train_ep_008408,loc__lagoon__664a6ce4,lagoon,Lake
train_ep_008409,loc__cave__e386df9e,cave,Cave
train_ep_008410,loc__inside_the_temple__573b0d5f,inside the temple,Inside Temple
train_ep_008411,loc__outside_tower__7dc67c9f,outside tower,Outside Tower
train_ep_008412,loc__jungle__5d991220,jungle,Jungle
train_ep_008413,loc__lake__97d986e2,lake,Lake
train_ep_008414,loc__outside_church__9f23256f,outside church,Outside Church
train_ep_008415,loc__riverbed__acbe6245,riverbed,Forest
train_ep_008416,loc__mud_pit__7a862ed0,mud pit,Jungle
train_ep_008417,loc__military_outpost_at_the_heart_of_the_swamp__0b91dfd0,military outpost at the heart of the swamp,Swamp
train_ep_008418,loc__royal_kitchen__fca4f709,royal kitchen,Inside Palace
train_ep_008419,loc__inside_tower__3d67c0a7,inside tower,Inside Tower
train_ep_008420,loc__abandoned_shack__d3865a64,abandoned shack,Wasteland
train_ep_008421,loc__princess_library__7426d41f,princess' library,Inside Palace
train_ep_008422,loc__yurt__e67b7569,yurt,Desert
train_ep_008423,loc__spice_stall__5ddd9bb4,spice stall,Bazaar
train_ep_008424,loc__treasure_cavern__26b58d7a,treasure cavern,Inside Temple
train_ep_008425,loc__bathroom__67518d64,bathroom,Inside Tower
train_ep_008426,loc__kings_chambers__3b38188f,kings chambers,Inside Palace
train_ep_008427,loc__tree_house__493a5d1a,tree house,Jungle
train_ep_008428,loc__main_hall__8f1c5099,main hall,Inside Palace
train_ep_008429,loc__town_square__4d10acd1,town square,Town
train_ep_008430,loc__living_quarters__26fbc0ca,living quarters,Farm
train_ep_008431,loc__trash_heap__0e440590,trash heap,Wasteland
train_ep_008432,loc__entrance_to_the_pine_trees__857c5da1,entrance to the pine trees,Forest
train_ep_008433,loc__courtyard__2c2bf458,courtyard,Outside Palace
train_ep_008434,loc__large_galleon__0e3d3ca8,large galleon,Port
train_ep_008435,loc__kitchen__09228dac,kitchen,Inside Cottage
train_ep_008436,loc__tree_house__493a5d1a,tree house,Jungle
train_ep_008437,loc__dark_cave__b9185199,dark cave,Cave
train_ep_008438,loc__top_side_tower_overlooking_view__8b843a89,top side tower overlooking view,Outside Tower
train_ep_008439,loc__black_smiths_shop__5379f4dc,black smiths shop,Town
train_ep_008440,loc__armory__f1c6e216,armory,Inside Castle
train_ep_008441,loc__lakeside_house__e89e18cd,lakeside house,Lake
train_ep_008442,loc__torture_chamber__11dfca19,torture chamber,Dungeon
train_ep_008443,loc__bedroom__cff8b1fe,bedroom,Inside Cottage
train_ep_008444,loc__treasure_room__5acf31fd,treasure room,Inside Castle
train_ep_008445,loc__barn__5dfcc0aa,barn,Farm
train_ep_008446,loc__throne_room__f4977c99,throne room,Shore
train_ep_008447,loc__coast__756d153b,coast,Shore
train_ep_008448,loc__bat_room__c322be72,bat room,Cave
train_ep_008449,loc__choir_room__35978911,choir room,Inside Church
train_ep_008450,loc__jail_room__4ad818b4,jail room,Inside Tower
train_ep_008451,loc__castle_kitchen__b00392de,castle kitchen,Inside Palace
train_ep_008452,loc__town_theater__8fa3302e,town theater,Town
train_ep_008453,loc__underground_cavern__2714911b,underground cavern,Cave
train_ep_008454,loc__moat__3c3a57f1,moat,Outside Palace
train_ep_008455,loc__bedroom__cff8b1fe,bedroom,Inside Cottage
train_ep_008456,loc__clergyman_s_office__30ca015e,clergyman's office,Inside Temple
train_ep_008457,loc__gathering_room__2b59ea3f,gathering room,Inside Cottage
train_ep_008458,loc__waterfall__911b1ca4,waterfall,Mountain
train_ep_008459,loc__grand_dancing_hall__7dd99710,grand dancing hall,Inside Palace
train_ep_008460,loc__top_of_a_tall_tree__6c2eb414,top of a tall tree,Jungle
train_ep_008461,loc__murky_water__7482dbbf,murky water,Swamp
train_ep_008462,loc__dining_hall__10c40af2,dining hall,Inside Castle
train_ep_008463,loc__summit__cc8c6287,summit,Mountain
train_ep_008464,loc__scenic_overlook__9ccff5f9,scenic overlook,Trail
train_ep_008465,loc__secret_oasis__4b7fea6a,secret oasis,Desert
train_ep_008466,loc__town__7198cda5,town,Town
train_ep_008467,loc__tombstones_of_the_kings__f98f35ed,tombstones of the kings,Graveyard
train_ep_008468,loc__sanctuary__80452c45,sanctuary,Inside Church
train_ep_008469,loc__rectory__af9459b5,rectory,Inside Church
train_ep_008470,loc__meditation_room__40c0a44e,meditation room,Inside Temple
train_ep_008471,loc__loading_dock__2e35f637,loading dock,Port
train_ep_008472,loc__mountain_peak__924f5a88,mountain peak,Mountain
train_ep_008473,loc__tower_base__11a0e527,tower base,Outside Tower
train_ep_008474,loc__king_s_quarters__b44e1648,king's quarters,Inside Tower
train_ep_008475,loc__oracle_cave__d32dc815,oracle cave,Mountain
train_ep_008476,loc__spiral_staircase__031e4915,spiral staircase,Inside Tower
train_ep_008477,loc__confessional__f24d3972,confessional,Inside Church
train_ep_008478,loc__marketplace__bc5986eb,marketplace,Port
train_ep_008479,loc__beyond_the_wall__adff6e1c,beyond the wall,Outside Castle
train_ep_008480,loc__land_beyond_the_wasteland__0b3b29ad,land beyond the wasteland,Abandoned
train_ep_008481,loc__behind_the_servant_quarters__9413241c,behind the servant quarters,Wasteland
train_ep_008482,loc__adjacent_to_the_guest_castle__7becb0d5,adjacent to the guest castle,Farm
train_ep_008483,loc__inside_the_king_s_castle__afab450e,inside the king's castle,Inside Tower
train_ep_008484,loc__across_the_king_s_garden__82bbf802,across the king's garden,Trail
train_ep_008485,loc__within_the_king_s_mansion__ffdc1072,within the king's mansion,Inside Temple
train_ep_008486,loc__market_center__f92392bc,market center,Tavern
train_ep_008487,loc__chapel__5ee4b863,chapel,Inside Church
train_ep_008488,loc__bar__37b51d19,bar,Tavern
train_ep_008489,loc__battleship__e82a29f3,battleship,Shore
train_ep_008490,loc__banquet_hall__b7ba191c,banquet hall,Inside Castle
train_ep_008491,loc__entrance_to_castle__6ce4a988,entrance to castle,Outside Castle
train_ep_008492,loc__cabin__92faafe2,cabin,Countryside
train_ep_008493,loc__pew__08db7753,pew,Inside Church
train_ep_008494,loc__shop_in_bazaar__bb1b9374,shop in bazaar,Bazaar
train_ep_008495,loc__entrance_to_church__2ba81d25,entrance to church,Outside Church
train_ep_008496,loc__dock_at_the_port__eaf44017,dock at the port,Port
train_ep_008497,loc__dock__05debdb8,dock,Lake
train_ep_008498,loc__witch_s_house__f92034cd,witch's house,Swamp
train_ep_008499,loc__within_the_walls_of_the_city__ccd0198d,within the walls of the city,Inside Tower
train_ep_008500,loc__queen_s_chamber__e51179c6,queen's chamber,Inside Palace
train_ep_008501,loc__bog__e07cd172,bog,Swamp
train_ep_008502,loc__dining_hall__10c40af2,dining hall,Inside Palace
train_ep_008503,loc__nave__bfe4b52c,nave,Inside Church
train_ep_008504,loc__king_s_quarters__b44e1648,king's quarters,Shore
train_ep_008505,loc__weapon_closet__20098437,weapon closet,Inside Tower
train_ep_008506,loc__inside_church__aab73af9,inside church,Inside Church
train_ep_008507,loc__training_fields__20aac210,training fields,Outside Palace
train_ep_008508,loc__alchemists_lab__d5456245,alchemists lab,Inside Tower
train_ep_008509,loc__royal_stables__25af2687,royal stables,Outside Castle
train_ep_008510,loc__kitchen__09228dac,kitchen,Tavern
train_ep_008511,loc__boathouse__f1916d48,boathouse,Swamp
train_ep_008512,loc__nave__bfe4b52c,nave,Inside Church
train_ep_008513,loc__tool_shed__5a0c79ce,tool shed,Outside Cottage
train_ep_008514,loc__library__d521f765,library,Inside Castle
train_ep_008515,loc__dining_hall__10c40af2,dining hall,Inside Castle
train_ep_008516,loc__courtyard__2c2bf458,courtyard,Outside Palace
train_ep_008517,loc__troll_s_lair__218cc09b,troll's lair,Cave
train_ep_008518,loc__barracks__2ce29011,barracks,Outside Castle
train_ep_008519,loc__throne_room__f4977c99,throne room,Inside Tower
train_ep_008520,loc__brush_den__e1300d94,brush den,Forest
train_ep_008521,loc__next_to_an_altar__6252d8d6,next to an altar,Inside Church
train_ep_008522,loc__ball_room__e26306dc,ball room,Inside Palace
train_ep_008523,loc__along_the_banks_of_a_river_in_the_forest__1893d3d3,along the banks of a river in the forest,Forest
train_ep_008524,loc__king_s_bedroom__03fb30e9,king's bedroom,Inside Palace
train_ep_008525,loc__winter_gardens__e59bb816,winter gardens,Outside Tower
train_ep_008526,loc__servant_s_quarters__2ab37024,servant's quarters,Inside Palace
train_ep_008527,loc__cursed_grave__7f5aabe1,cursed grave,Graveyard
train_ep_008528,loc__foyer__114ad31a,foyer,Inside Palace
train_ep_008529,loc__guard_shack__0ef62152,guard shack,Outside Tower
train_ep_008530,loc__hall_of_the_goddess__7c0819d4,hall of the goddess,Inside Temple
train_ep_008531,loc__throne__253d405e,throne,Inside Palace
train_ep_008532,loc__old_red_barn__d6b0cfd8,old red barn,Farm
train_ep_008533,loc__desert_cavern__9287fea8,desert cavern,Desert
train_ep_008534,loc__cactus_field__ce508a05,cactus field,Desert
train_ep_008535,loc__fishing_pier__fd5d48a9,fishing pier,Shore
train_ep_008536,loc__high_priest_chamber__3d59d244,high priest chamber,Inside Church
train_ep_008537,loc__beside_church_pews__8d83bdb7,beside church pews,Inside Church
train_ep_008538,loc__sacrifice_chamber__8aaf85ac,sacrifice chamber,Inside Temple
train_ep_008539,loc__pirate_ship__a3eb0b34,pirate ship,Port
train_ep_008540,loc__beach_house__64bd4f8d,beach house,Shore
train_ep_008541,loc__mushroom_hut__8bb7cd75,mushroom hut,Outside Cottage
train_ep_008542,loc__beside_tower_entrance__4289dcc4,beside tower entrance,Inside Tower
train_ep_008543,loc__palace_throne__edc54e5f,palace throne,Inside Palace
train_ep_008544,loc__palace_kitchen__4dee9bb6,palace kitchen,Inside Palace
train_ep_008545,loc__inside_cottage_kitchen__5eaa1ce9,inside cottage kitchen,Inside Cottage
train_ep_008546,loc__hillside_manor__b1ec6b5a,hillside manor,Countryside
train_ep_008547,loc__pig_pen__cd6444b3,pig pen,Countryside
train_ep_008548,loc__beside_temple_entrance__b712f707,beside temple entrance,Outside Temple
train_ep_008549,loc__tower_dungeon__3b953217,tower dungeon,Inside Tower
train_ep_008550,loc__beside_church_entrance__2206aedf,beside church entrance,Outside Church
train_ep_008551,loc__castle_armory__c05c8115,castle armory,Inside Castle
train_ep_008552,loc__hillside_mansion__369afa4b,hillside mansion,Countryside
train_ep_008553,loc__palace_ballroom__e83afcc3,palace ballroom,Inside Palace
train_ep_008554,loc__church_altar__b46bba3c,church altar,Inside Church
train_ep_008555,loc__tower_sewers__135799e5,tower sewers,Inside Tower
train_ep_008556,loc__towering_mesa__148ef02b,towering mesa,Desert
train_ep_008557,loc__inside_temple_crypt__eb261a98,inside temple crypt,Inside Temple
train_ep_008558,loc__small_hut__78dbc695,small hut,Jungle
train_ep_008559,loc__gold_mine__23a64f00,gold mine,Abandoned
train_ep_008560,loc__stable__f40faf63,stable,Outside Castle
train_ep_008561,loc__room_at_the_top_of_the_tower__bebc68b6,room at the top of the tower,Inside Castle
train_ep_008562,loc__lonely_island__941f1782,lonely island,Abandoned
train_ep_008563,loc__public_execution_stand__ec1c97f7,public execution stand,Bazaar
train_ep_008564,loc__sitting_room__152ab82c,sitting room,Inside Cottage
train_ep_008565,loc__whipping_station__cd58acd7,whipping station,Outside Church
train_ep_008566,loc__bedding_room__8584585f,bedding room,Inside Palace
train_ep_008567,loc__prison_room__075cec3e,prison room,Inside Tower
train_ep_008568,loc__fountain__79de7a61,fountain,Graveyard
train_ep_008569,loc__oasis__335ffbcf,oasis,Desert
train_ep_008570,loc__beach_house__64bd4f8d,beach house,Shore
train_ep_008571,loc__stained_glass_room__fe4963f3,stained glass room,Inside Church
train_ep_008572,loc__farmer_hill__b21f8161,farmer hill,Outside Cottage
train_ep_008573,loc__mars_desert__d8c9aa45,mars desert,Desert
train_ep_008574,loc__clearing__5832a4d8,clearing,Forest
train_ep_008575,loc__hall_of_echoes__55050f7d,hall of echoes,Inside Temple
train_ep_008576,loc__bathing_room__e8175c31,bathing room,Inside Temple
train_ep_008577,loc__mysterious_shop__454073ca,mysterious shop,Bazaar
train_ep_008578,loc__show_room_inside_the_castle__f6ac41dd,show room inside the castle,Inside Castle
train_ep_008579,loc__inside_church_back_row__5cc901b4,inside church back row,Inside Church
train_ep_008580,loc__town_of_anoria__bfbab07a,town of anoria,Town
train_ep_008581,loc__tavern_of_browntavia__0bc98c5d,tavern of browntavia,Tavern
train_ep_008582,loc__bone_pit__bec80d68,bone pit,Outside Temple
train_ep_008583,loc__enchanted_light_house__0bd68be0,enchanted light house,Shore
train_ep_008584,loc__murder_hole__da3df777,murder hole,Inside Tower
train_ep_008585,loc__sacrificial_altar__0974214f,sacrificial altar,Inside Temple
train_ep_008586,loc__dungeon__e0dc3209,dungeon,Inside Temple
train_ep_008587,loc__garden__e2704f30,garden,Outside Cottage
train_ep_008588,loc__personal_quarters__5bdf1559,personal quarters,Inside Palace
train_ep_008589,loc__dining_hall__10c40af2,dining hall,Inside Tower
train_ep_008590,loc__bank__bd5af1f6,bank,Swamp
train_ep_008591,loc__library__d521f765,library,Inside Castle
train_ep_008592,loc__main_entrance__68f3df62,main entrance,Outside Temple
train_ep_008593,loc__storage_room__ab9f0184,storage room,Dungeon
train_ep_008594,loc__study_room__5698bd87,study room,Inside Church
train_ep_008595,loc__ruined_house__b253dd25,ruined house,Abandoned
train_ep_008596,loc__pond__d873154f,pond,Forest
train_ep_008597,loc__reception_area__9f5fd34c,reception area,Graveyard
train_ep_008598,loc__garden__e2704f30,garden,Outside Palace
train_ep_008599,loc__dock__05debdb8,dock,Port
train_ep_008600,loc__weapon_room__a7162ba9,weapon room,Inside Temple
train_ep_008601,loc__small_graveyard__d12232a8,small graveyard,Outside Cottage
train_ep_008602,loc__entrance__2a20afe0,entrance,Cave
train_ep_008603,loc__stable__f40faf63,stable,Farm
train_ep_008604,loc__graveyard__7b3ab674,graveyard,Outside Church
train_ep_008605,loc__storage_room__ab9f0184,storage room,Tavern
train_ep_008606,loc__clearing__5832a4d8,clearing,Jungle
train_ep_008607,loc__nave__bfe4b52c,nave,Inside Church
train_ep_008608,loc__stable__f40faf63,stable,Outside Palace
train_ep_008609,loc__courtyard__2c2bf458,courtyard,Outside Palace
train_ep_008610,loc__torture_room__87c0e788,torture room,Dungeon
train_ep_008611,loc__main_hallway__840c1503,main hallway,Inside Palace
train_ep_008612,loc__town_square__4d10acd1,town square,Town
train_ep_008613,loc__hidden_passageway__d7cdebb5,hidden passageway,Inside Temple
train_ep_008614,loc__grand_ballroom__52b4001e,grand ballroom,Inside Castle
train_ep_008615,loc__old_crypt__9f170f50,old crypt,Graveyard
train_ep_008616,loc__castle_kitchen__b00392de,castle kitchen,Inside Castle
train_ep_008617,loc__weathered_shack__8c23b906,weathered shack,Abandoned
train_ep_008618,loc__debtor_s_prison__ea99977f,debtor's prison,Inside Tower
train_ep_008619,loc__temple_entrance__71ae50b0,temple entrance,Outside Temple
train_ep_008620,loc__staircase__7dbf02f9,staircase,Inside Tower
train_ep_008621,loc__tree_of_spirits__e757fcef,tree of spirits,Trail
train_ep_008622,loc__royal_tomb__1b57a10e,royal tomb,Inside Temple
train_ep_008623,loc__popes_dormitory__ddb11751,popes dormitory,Inside Church
train_ep_008624,loc__grand_dining_room__8cb359cc,grand dining room,Inside Palace
train_ep_008625,loc__brim_canal__7a498e16,brim canal,Lake
train_ep_008626,loc__maidens_cottage__ce8fe6f9,maidens cottage,Countryside
train_ep_008627,loc__horse_s_stables__0cd4df4c,horse's stables,Outside Cottage
train_ep_008628,loc__horse_field__eeae819a,horse field,Countryside
train_ep_008629,loc__hunting_grounds__6ac15b3d,hunting grounds,Trail
train_ep_008630,loc__prisoner_s_cell__bf78e6a1,prisoner's cell,Dungeon
train_ep_008631,loc__queen_s_quarters__22b70e95,queen's quarters,Inside Palace
train_ep_008632,loc__cemetery__dccbebc2,cemetery,Wasteland
train_ep_008633,loc__artillery_room__9af01c49,artillery room,Inside Tower
train_ep_008634,loc__archery_zone__fdb7c330,archery zone,Outside Castle
train_ep_008635,loc__knight_s_hunting_ground__09b79c95,knight's hunting ground,Trail
train_ep_008636,loc__priest_s_chambers__1ebce5c5,priest's chambers,Inside Temple
train_ep_008637,loc__kitchen__09228dac,kitchen,Inside Castle
train_ep_008638,loc__king_s_chambers__e3e597fe,king's chambers,Inside Palace
train_ep_008639,loc__master_bedroom__ee30383a,master bedroom,Inside Castle
train_ep_008640,loc__outpost__9e81fdfb,outpost,Mountain
train_ep_008641,loc__royal_shipyard__fc976e6e,royal shipyard,Port
train_ep_008642,loc__ritual_room__4574deb8,ritual room,Inside Temple
train_ep_008643,loc__front_of_the_cottage__908b24e7,front of the cottage,Outside Cottage
train_ep_008644,loc__village_at_the_base_of_the_mountain__47dbe2ea,village at the base of the mountain,Mountain
train_ep_008645,loc__armory__f1c6e216,armory,Inside Tower
train_ep_008646,loc__confession_box__fb7e21f1,confession box,Inside Church
train_ep_008647,loc__bandit_lair__90d428ee,bandit lair,Cave
train_ep_008648,loc__ruin_of_a_house__62eef8f7,ruin of a house,Wasteland
train_ep_008649,loc__tent__7b65dcf0,tent,Desert
train_ep_008650,loc__inside_the_temple__573b0d5f,inside the temple,Inside Temple
train_ep_008651,loc__boat_house__62b9e6c4,boat house,Port
train_ep_008652,loc__kings_bedroom__64489025,kings bedroom,Inside Castle
train_ep_008653,loc__stream__f7b44cfa,stream,Forest
train_ep_008654,loc__forest__f379cfd7,forest,Countryside
train_ep_008655,loc__lush_meadow_in_the_country_side__d9fa9500,lush meadow in the country side,Countryside
train_ep_008656,loc__small_town_located_in_the_hills__d4698af1,small town located in the hills,Town
train_ep_008657,loc__kings_bed_room__b1f6b2b3,kings bed room,Inside Castle
train_ep_008658,loc__front_row__ec5571ef,front row,Inside Church
train_ep_008659,loc__town_in_the_desert__fff2a6b4,town in the desert,Wasteland
train_ep_008660,loc__primary_cave__755e8817,primary cave,Cave
train_ep_008661,loc__chapel_of_the_eight__e35d875d,chapel of the eight,Inside Castle
train_ep_008662,loc__ferry_terminal__e6bf99dd,ferry terminal,Port
train_ep_008663,loc__bed_chambers__67892844,bed chambers,Inside Palace
train_ep_008664,loc__modest_living_area__fe2770f1,modest living area,Inside Cottage
train_ep_008665,loc__temple_foyer__c0b5e90a,temple foyer,Inside Temple
train_ep_008666,loc__front_altar__819cc2dd,front altar,Inside Temple
train_ep_008667,loc__desert_tent__a1a041ce,desert tent,Wasteland
train_ep_008668,loc__northern_shore__e8588ae1,northern shore,Lake
train_ep_008669,loc__grassy_plains__ecb71cc6,grassy plains,Trail
train_ep_008670,loc__old_gnaisha_s__d05194f9,old gnaisha's,Bazaar
train_ep_008671,loc__great_armory__8a3248e6,great armory,Inside Castle
train_ep_008672,loc__dancing_stoat__a6b60c83,dancing stoat,Town
train_ep_008673,loc__paladins_memorial_chapel__3b8a3ef4,paladins' memorial chapel,Inside Church
train_ep_008674,loc__shrine_of_sretniy__c5cdca48,shrine of sretniy,Inside Temple
train_ep_008675,loc__banquet_hall__b7ba191c,banquet hall,Inside Castle
train_ep_008676,loc__pond__d873154f,pond,Wasteland
train_ep_008678,loc__desert_land__d9285c9c,desert land,Desert
train_ep_008679,loc__fishing_shack__be027604,fishing shack,Lake
train_ep_008680,loc__horse_stables__3ab0f4c8,horse stables,Outside Castle
train_ep_008681,loc__castle_basement__ef824ba7,castle basement,Inside Castle
train_ep_008682,loc__tower_kitchen__9b8a3da9,tower kitchen,Inside Tower
train_ep_008683,loc__abandoned_workers_shed__0002433d,abandoned workers shed,Graveyard
train_ep_008684,loc__chicken_pen__1c50c5ac,chicken pen,Countryside
train_ep_008685,loc__stable_hand_s_quarters__74578d25,stable hand's quarters,Outside Castle
train_ep_008686,loc__middle_of_the_bazaar__54f18754,middle of the bazaar,Bazaar
train_ep_008687,loc__launching_point__8c178e87,launching point,Lake
train_ep_008688,loc__corn_field__018a2ccf,corn field,Farm
train_ep_008689,loc__temple__44fdfd6b,temple,Inside Temple
train_ep_008690,loc__main_house__39d59a9f,main house,Farm
train_ep_008691,loc__sacristy__3f4aff85,sacristy,Inside Church
train_ep_008692,loc__old_queen_farm__057da97d,old queen farm,Wasteland
train_ep_008693,loc__fish_market__4e56b4a3,fish market,Port
train_ep_008694,loc__castle_exit__5b525e0e,castle exit,Inside Castle
train_ep_008695,loc__cavern_dwelling__44fe0d79,cavern dwelling,Desert
train_ep_008696,loc__reagent_room__559ae958,reagent room,Outside Tower
train_ep_008697,loc__washroom__050b06a4,washroom,Inside Castle
train_ep_008698,loc__fishing_dock__fbf73e36,fishing dock,Lake
train_ep_008699,loc__balcony__d85f7317,balcony,Inside Palace
train_ep_008700,loc__sheriff_office__d4dae028,sheriff office,Farm
train_ep_008701,loc__church_garden__56a741fe,church garden,Outside Church
train_ep_008702,loc__flower_field__f936e92b,flower field,Countryside
train_ep_008703,loc__main_prayer_room__ec7e9b7f,main prayer room,Inside Temple
train_ep_008704,loc__haunted_orchard__7434c930,haunted orchard,Farm
train_ep_008705,loc__apothecary__e264c143,apothecary,Town
train_ep_008706,loc__chamber_entrance__0228ee72,chamber entrance,Inside Church
train_ep_008707,loc__main_castle_doors__e1f39f3b,main castle doors,Outside Palace
train_ep_008708,loc__church_garden__56a741fe,church garden,Outside Church
train_ep_008709,loc__dining_hall__10c40af2,dining hall,Inside Castle
train_ep_008710,loc__north_forest__a809663e,north forest,Forest
train_ep_008711,loc__mess_hall__df491ab7,mess hall,Inside Temple
train_ep_008712,loc__dead_tree__ae78e2fc,dead tree,Graveyard
train_ep_008713,loc__gallery__2767cc3e,gallery,Cave
train_ep_008714,loc__crew_berthing__255a7e79,crew berthing,Port
train_ep_008715,loc__landing_in_the_foyer__0712bd55,landing in the foyer,Inside Palace
train_ep_008716,loc__captain_s_cabin__60e1b85d,captain's cabin,Port
train_ep_008717,loc__wharf__ef602779,wharf,Port
train_ep_008718,loc__woodlands__f4b4342e,woodlands,Forest
train_ep_008719,loc__drinking_water_lake__072d7988,drinking water lake,Lake
train_ep_008720,loc__quay__a4499c24,quay,Port
train_ep_008721,loc__warehouses__54495979,warehouses,Port
train_ep_008722,loc__swimming_hole__41a1f52e,swimming hole,Lake
train_ep_008723,loc__bottlery__3ad26146,bottlery,Inside Castle
train_ep_008724,loc__fitting_room__c555a43b,fitting room,Bazaar
train_ep_008725,loc__castle_kitchens__6834f5a3,castle kitchens,Inside Palace
train_ep_008726,loc__arrow_house__9d554350,arrow house,Outside Castle
train_ep_008727,loc__bright_path__17c6a100,bright path,Inside Castle
train_ep_008728,loc__cold_storage_room__726f76a2,cold storage room,Outside Cottage
train_ep_008729,loc__forest_entrance__4bcda148,forest entrance,Forest
train_ep_008730,loc__slave_quarters__8a6d9f60,slave quarters,Inside Tower
train_ep_008731,loc__fishing_store__b061f606,fishing store,Port
train_ep_008732,loc__dunes__8a48dcda,dunes,Desert
train_ep_008733,loc__temple_guard_station__e0b75841,temple guard station,Outside Temple
train_ep_008734,loc__small_dirt_road__40d1ead7,small dirt road,Countryside
train_ep_008735,loc__royal_bathroom__f7f11309,royal bathroom,Inside Castle
train_ep_008736,loc__forbidden_forest__b96ae0b4,forbidden forest,Forest
train_ep_008737,loc__temple_main_room__cc3e74e5,temple main room,Outside Temple
train_ep_008738,loc__arch_hall__0fcc7e9c,arch hall,Inside Castle
train_ep_008739,loc__back_of_the_stall__4b715f67,back of the stall,Bazaar
train_ep_008740,loc__woods__b7bfb949,woods,Forest
train_ep_008741,loc__countryside__9cff47d1,countryside,Countryside
train_ep_008742,loc__saokra_s_blacksmith_shop__e5c9291c,saokra's blacksmith shop,Town
train_ep_008743,loc__mesa_peak__ec3e4014,mesa peak,Mountain
train_ep_008744,loc__prisoners_cells__61cb1ba6,prisoners cells,Dungeon
train_ep_008745,loc__temple_chamber__417585e8,temple chamber,Inside Temple
train_ep_008746,loc__main_foyer__ed99a45c,main foyer,Inside Castle
train_ep_008747,loc__winding_staircase__ec3107f8,winding staircase,Outside Tower
train_ep_008748,loc__tailings_pile__d27fba96,tailings pile,Mountain
train_ep_008749,loc__town_center__f942e8bf,town center,Town
train_ep_008750,loc__garden__e2704f30,garden,Outside Palace
train_ep_008751,loc__south_forest__a051e03c,south forest,Forest
train_ep_008752,loc__hidden_revolutionaries_headquarters__536080d4,hidden revolutionaries' headquarters,Inside Palace
train_ep_008753,loc__acid_yard__7930efda,acid yard,Outside Castle
train_ep_008754,loc__castle_front__1f50ceb7,castle front,Inside Palace
train_ep_008755,loc__horse_tent__858443dc,horse tent,Farm
train_ep_008756,loc__guards_quarters__94702054,guards quarters,Inside Tower
train_ep_008757,loc__general_store__53a8fbb0,general store,Town
train_ep_008758,loc__mysterious_shop_s_entrance__212a3859,mysterious shop's entrance,Bazaar
train_ep_008759,loc__beside_the_town_church__0b0b1726,beside the town church,Outside Church
train_ep_008760,loc__entryway_to_the_wizards_tower__7a21df60,entryway to the wizards tower,Inside Tower
train_ep_008761,loc__main_gate__d66ce966,main gate,Countryside
train_ep_008762,loc__palace_garden__46ae3845,palace garden,Outside Palace
train_ep_008763,loc__gold_room__42a3e93d,gold room,Inside Tower
train_ep_008764,loc__throne_room__f4977c99,throne room,Inside Palace
train_ep_008765,loc__throne_room__f4977c99,throne room,Inside Tower
train_ep_008766,loc__supply_store__9776432b,supply store,Port
train_ep_008767,loc__bazaar_outside_the_royal_city__3f48a35a,bazaar outside the royal city,Bazaar
train_ep_008768,loc__cactus_field_entrance__cba07803,cactus field entrance,Desert
train_ep_008769,loc__outside_of_the_temple_offices__dd9f1ee7,outside of the temple offices,Outside Temple
train_ep_008770,loc__temple_chamber__417585e8,temple chamber,Inside Temple
train_ep_008771,loc__town_center__f942e8bf,town center,Town
train_ep_008772,loc__castle_kitchen__b00392de,castle kitchen,Inside Castle
train_ep_008773,loc__disposal_area__72d310fd,disposal area,Inside Castle
train_ep_008774,loc__village_of_tamerak__7e6c027e,village of tamerak,Port
train_ep_008775,loc__pine_tree_graveyard__18f73c00,pine tree graveyard,Forest
train_ep_008776,loc__grand_desert__c682352f,grand desert,Desert
train_ep_008777,loc__personal_rooms__f7ec06d2,personal rooms,Inside Palace
train_ep_008778,loc__mansion_entrance__5c32e57d,mansion entrance,Inside Cottage
train_ep_008779,loc__curved_hallway__638b964b,curved hallway,Inside Tower
train_ep_008780,loc__inside_the_ruined_house__f351c82a,inside the ruined house,Inside Cottage
train_ep_008781,loc__city_of_elders__fa058cbe,city of elders,Town
train_ep_008782,loc__hidden_garden__f2140155,hidden garden,Outside Palace
train_ep_008783,loc__ghost_trail__7855adca,ghost trail,Trail
train_ep_008784,loc__spring_bath__6aa6bed3,spring bath,Outside Temple
train_ep_008785,loc__brimswood_pub__2b57d3a7,brimswood pub,Tavern
train_ep_008786,loc__main_chapel__05b43d90,main chapel,Inside Church
train_ep_008787,loc__lavoratory__9cb21908,lavoratory,Inside Castle
train_ep_008788,loc__council_of_twelve__3232fa93,council of twelve,Inside Temple
train_ep_008789,loc__tub__271721b2,tub,Inside Tower
train_ep_008790,loc__arsenal__1c5442c0,arsenal,Inside Tower
train_ep_008791,loc__farmer_s_house__742677bc,farmer's house,Farm
train_ep_008792,loc__town_courtroom__ffe576a1,town courtroom,Town
train_ep_008793,loc__castle_foothills__40ba7cae,castle foothills,Outside Tower
train_ep_008794,loc__trail_exit__e1ead7cf,trail exit,Trail
train_ep_008795,loc__bazaar__8c5c7284,bazaar,Bazaar
train_ep_008796,loc__gate_to_street__63c54887,gate to street,Outside Church
train_ep_008797,loc__chicken_coop__6afcba65,chicken coop,Farm
train_ep_008798,loc__pier_walkway__6cc5e473,pier walkway,Shore
train_ep_008799,loc__hidden_passage__6bec6a12,hidden passage,Inside Church
train_ep_008800,loc__table_area__8fcbc5c5,table area,Tavern
train_ep_008801,loc__temple_hallway__fc747e35,temple hallway,Inside Temple
train_ep_008802,loc__old_docks__ed431416,old docks,Shore
train_ep_008803,loc__courtyard_exterior__9602be9c,courtyard exterior,Outside Palace
train_ep_008804,loc__room_hidden_in_the_dense_canopy__eb412c40,room hidden in the dense canopy,Forest
train_ep_008805,loc__small_clearing__18adfedc,small clearing,Mountain
train_ep_008806,loc__weapons_storage_room__e2250d82,weapons storage room,Outside Castle
train_ep_008807,loc__kitchens__dfd09a86,kitchens,Inside Castle
train_ep_008808,loc__battlements__65ce509a,battlements,Outside Castle
train_ep_008809,loc__blacksmith__c2428781,blacksmith,Bazaar
train_ep_008810,loc__collapsed_west_wing__5208068f,collapsed west wing,Abandoned
train_ep_008811,loc__sewer_entrance__f153eab9,sewer entrance,Inside Tower
train_ep_008812,loc__church_coat_room__3bec4535,church coat room,Inside Church
train_ep_008813,loc__ant_hill__01158295,ant hill,Forest
train_ep_008814,loc__unsettling_forest_area__3d5f756b,unsettling forest area,Forest
train_ep_008815,loc__decoration_shop__cf40d2dc,decoration shop,Outside Temple
train_ep_008816,loc__top_floor_of_palace__ab540b82,top floor of palace,Inside Palace
train_ep_008817,loc__secret_tunnel__57b3c615,secret tunnel,Cave
train_ep_008818,loc__dead_valley__fe83fd28,dead valley,Desert
train_ep_008819,loc__dangerous_precipice__81c337c6,dangerous precipice,Mountain
train_ep_008820,loc__kitchens__dfd09a86,kitchens,Inside Tower
train_ep_008821,loc__soldiers_camp__2d6b7401,soldiers camp,Swamp
train_ep_008822,loc__secret_tunnel__57b3c615,secret tunnel,Inside Castle
train_ep_008823,loc__flower_garden__879381ca,flower garden,Forest
train_ep_008824,loc__alchemists_bedroom__cfb992f0,alchemists bedroom,Inside Tower
train_ep_008825,loc__guard_barracks__c7741c50,guard barracks,Inside Castle
train_ep_008826,loc__backyard__3bec248d,backyard,Outside Cottage
train_ep_008827,loc__attic__0535c94e,attic,Inside Palace
train_ep_008828,loc__grand_balcony__41fccf30,grand balcony,Inside Palace
train_ep_008829,loc__rat_den__b7a41895,rat den,Inside Tower
train_ep_008830,loc__midland_town__3abef145,midland town,Wasteland
train_ep_008831,loc__outlaws_jungle__b0c0b7b2,outlaws' jungle,Jungle
train_ep_008832,loc__underwater_cave__155a0a0e,underwater cave,Cave
train_ep_008833,loc__castle_royal_tower__bb8b04a7,castle royal tower,Inside Castle
train_ep_008834,loc__keep__18ccf61d,keep,Inside Tower
train_ep_008835,loc__church_foyer__e8aee950,church foyer,Inside Church
train_ep_008836,loc__main_graveyard__ad70495d,main graveyard,Graveyard
train_ep_008837,loc__confessions_room__d87965d0,confessions room,Inside Church
train_ep_008838,loc__outside_gates__58dbbce8,outside gates,Outside Cottage
train_ep_008839,loc__peasant_living_quarters__004fcc5f,peasant living quarters,Outside Palace
train_ep_008840,loc__temple_marketplace__34f9194f,temple marketplace,Inside Temple
train_ep_008841,loc__picnic_area__4a212f77,picnic area,Forest
train_ep_008842,loc__darkest_part_of_the_swamp__4a37261f,darkest part of the swamp,Swamp
train_ep_008843,loc__path_to_the_manor__cd09e091,path to the manor,Countryside
train_ep_008844,loc__prayer_bell__021f8e15,prayer bell,Inside Church
train_ep_008845,loc__garden_courtyard__2530f6d1,garden courtyard,Inside Castle
train_ep_008846,loc__abandoned_mine_entrance__5698b058,abandoned mine entrance,Abandoned
train_ep_008847,loc__pet_chamber__bc1946e1,pet chamber,Inside Castle
train_ep_008848,loc__royal_farm__c7a2ee7a,royal farm,Farm
train_ep_008849,loc__jail_entrance__ca63e7c2,jail entrance,Inside Tower
train_ep_008850,loc__palace_entrance__fb45dbba,palace entrance,Inside Palace
train_ep_008851,loc__farmers_market__3aa5b02b,farmers market,Bazaar
train_ep_008852,loc__back_room__d5bde542,back room,Inside Church
train_ep_008853,loc__sermon_hall__5b457bb1,sermon hall,Inside Church
train_ep_008854,loc__clean_water_lake__13349d26,clean water lake,Lake
train_ep_008855,loc__dwarven_blacksmith__68e8c01f,dwarven blacksmith,Mountain
train_ep_008856,loc__laundry_lines__dd2e9ca6,laundry lines,Outside Palace
train_ep_008857,loc__basement__48719d32,basement,Inside Castle
train_ep_008858,loc__grand_dining_room__8cb359cc,grand dining room,Inside Palace
train_ep_008859,loc__holy_alter__dd5ad709,holy alter,Inside Church
train_ep_008860,loc__iconostasis__fa5c7ee9,iconostasis,Outside Church
train_ep_008861,loc__king_s_dorm__f69cf31d,king's dorm,Inside Tower
train_ep_008862,loc__church__916586c8,church,Outside Church
train_ep_008863,loc__cave_exit__6e09c118,cave exit,Cave
train_ep_008864,loc__main_gate__d66ce966,main gate,Outside Castle
train_ep_008865,loc__trailhead__55ecf8e5,trailhead,Trail
train_ep_008866,loc__bedrooms__8fb3ca52,bedrooms,Inside Palace
train_ep_008867,loc__dogs_domain__0a1f1a65,dogs' domain,Inside Church
train_ep_008868,loc__hiking_path__ba82059c,hiking path,Mountain
train_ep_008869,loc__bazaar_gambling__0e92d983,bazaar gambling,Bazaar
train_ep_008870,loc__pharmacy__bf4e2878,pharmacy,Town
train_ep_008871,loc__main_street__18c6980d,main street,Graveyard
train_ep_008872,loc__rectory__af9459b5,rectory,Inside Church
train_ep_008873,loc__simple_town__9836124a,simple town,Town
train_ep_008874,loc__orc_cave__9c2ad64e,orc cave,Cave
train_ep_008875,loc__church_entryway__b0c14c9f,church entryway,Inside Church
train_ep_008876,loc__large_farm__653ba215,large farm,Farm
train_ep_008877,loc__firewood_forest__049c4d45,firewood forest,Forest
train_ep_008878,loc__temple_gardens__e5c59366,temple gardens,Outside Temple
train_ep_008879,loc__church_field__80ff45f8,church field,Outside Church
train_ep_008880,loc__southernmost_tower_entryway__af5a2a89,southernmost tower entryway,Inside Tower
train_ep_008881,loc__meadow__07a42035,meadow,Countryside
train_ep_008882,loc__central_bazaar__afde3f95,central bazaar,Bazaar
train_ep_008883,loc__mysterious_forest_outskirts__78c6782b,mysterious forest outskirts,Forest
train_ep_008884,loc__castle_farm__90bc7176,castle farm,Farm
train_ep_008885,loc__cottage_safe_room__ce08f1a3,cottage safe-room,Inside Cottage
train_ep_008886,loc__in_front_of_a_stone_tower__79dd0512,in front of a stone tower,Outside Tower
train_ep_008887,loc__small_church__9543420f,small church,Inside Church
train_ep_008888,loc__cottage_entryway__e5f1139f,cottage entryway,Inside Cottage
train_ep_008889,loc__wet_dungeon__b3fe19bc,wet dungeon,Dungeon
train_ep_008890,loc__enormous_church_entrance_door__4425590a,enormous church entrance door,Outside Church
train_ep_008891,loc__hilltop_temple_grounds__9a75117c,hilltop temple grounds,Outside Temple
train_ep_008892,loc__castle_maids_room__208d485a,castle maids' room,Inside Castle
train_ep_008893,loc__privy_room__3e3bfa73,privy room,Inside Castle
train_ep_008894,loc__unexplored_jungle__ff39ded3,unexplored jungle,Jungle
train_ep_008895,loc__inside_temple__78c8ad2b,inside temple,Inside Temple
train_ep_008896,loc__haunted_swamp__8ecea208,haunted swamp,Swamp
train_ep_008897,loc__forsaken_castle__e4d7c5af,forsaken castle,Abandoned
train_ep_008898,loc__great_hall__91ce0dd0,great hall,Inside Tower
train_ep_008899,loc__abandoned_mine__75691f18,abandoned mine,Mountain
train_ep_008900,loc__unfinished_mausoleum__d8f26138,unfinished mausoleum,Graveyard
train_ep_008901,loc__fishmonger_s_stall__b989772f,fishmonger's stall,Port
train_ep_008902,loc__abandoned_mine__75691f18,abandoned mine,Abandoned
train_ep_008903,loc__beach__7193529a,beach,Shore
train_ep_008904,loc__bamboo_hut__fe75e1af,bamboo hut,Jungle
train_ep_008905,loc__dungeon__e0dc3209,dungeon,Inside Palace
train_ep_008906,loc__path_in_forest__b615034b,path in forest,Trail
train_ep_008907,loc__prayer_room__b4ab9d1e,prayer room,Inside Temple
train_ep_008908,loc__barn__5dfcc0aa,barn,Farm
train_ep_008909,loc__meadow__07a42035,meadow,Countryside
train_ep_008910,loc__queen_s_bedchamber__25802711,queen's bedchamber,Inside Palace
train_ep_008911,loc__cave__e386df9e,cave,Mountain
train_ep_008912,loc__altar_room__cbf077bb,altar room,Inside Temple
train_ep_008913,loc__confessional__f24d3972,confessional,Inside Church
train_ep_008914,loc__torture_room__87c0e788,torture room,Dungeon
train_ep_008915,loc__island__3dbacfd7,island,Lake
train_ep_008916,loc__lighthouse__fad0ce22,lighthouse,Shore
train_ep_008917,loc__bar__37b51d19,bar,Tavern
train_ep_008918,loc__watchtower__2275d0f0,watchtower,Outside Tower
train_ep_008919,loc__port_tavern__48d771c2,port tavern,Port
train_ep_008920,loc__prison_room__075cec3e,prison room,Inside Tower
train_ep_008921,loc__dungeon__e0dc3209,dungeon,Inside Castle
train_ep_008922,loc__master_bedroom__ee30383a,master bedroom,Inside Palace
train_ep_008923,loc__outside_temple__4d6f89cb,outside temple,Outside Temple
train_ep_008924,loc__graveyard__7b3ab674,graveyard,Graveyard
train_ep_008925,loc__outside_castle__fd9e3171,outside castle,Outside Castle
train_ep_008926,loc__opening_to_the_drawbridge_of_the_castle__7901de11,opening to the drawbridge of the castle,Trail
train_ep_008927,loc__bell_tower__53496f39,bell tower,Inside Church
train_ep_008928,loc__troll_s_bridge__934a7368,troll's bridge,Swamp
train_ep_008929,loc__barn__5dfcc0aa,barn,Farm
train_ep_008930,loc__dungeon_within_a_castle__30c5909c,dungeon within a castle,Dungeon
train_ep_008931,loc__wooded_magical_village__0d0cf6a7,wooded magical village,Forest
train_ep_008932,loc__inside_a_desolate_cave__62f3c8b1,inside a desolate cave,Dungeon
train_ep_008933,loc__knights_quarters__d1135fd1,knights quarters,Inside Castle
train_ep_008934,loc__dwarven_city__24e5c23d,dwarven city,Mountain
train_ep_008935,loc__underground_chamber__d71a7d7a,underground chamber,Cave
train_ep_008936,loc__outside_the_church_of_monks__12e0820b,outside the church of monks,Outside Church
train_ep_008937,loc__temple_courtyard__c65f7648,temple courtyard,Outside Temple
train_ep_008938,loc__inside_the_unicorn_palace__56787601,inside the unicorn palace,Inside Palace
train_ep_008939,loc__werewolves_tavern__a0b69047,werewolves tavern,Tavern
train_ep_008940,loc__inside_temple__78c8ad2b,inside temple,Inside Temple
train_ep_008941,loc__witches_cottage__6a123241,witches cottage,Outside Cottage
train_ep_008942,loc__inside_the_fairy_temple__748c1bf3,inside the fairy temple,Inside Temple
train_ep_008943,loc__fairy_forest__c73e62c1,fairy forest,Forest
train_ep_008944,loc__inside_the_fairies_church__7a838b07,inside the fairies church,Inside Church
train_ep_008945,loc__inside_the_king_s_palace__ad1ed203,inside the king's palace,Inside Palace
train_ep_008946,loc__inside_temple__78c8ad2b,inside temple,Inside Temple
train_ep_008947,loc__dining_hall__10c40af2,dining hall,Inside Tower
train_ep_008948,loc__confessional_room__22bf6614,confessional room,Inside Church
train_ep_008949,loc__dungeon__e0dc3209,dungeon,Inside Castle
train_ep_008950,loc__castle__9355a9f9,castle,Inside Castle
train_ep_008951,loc__castle__9355a9f9,castle,Inside Castle
train_ep_008952,loc__cave__e386df9e,cave,Cave
train_ep_008953,loc__bazaar__8c5c7284,bazaar,Bazaar
train_ep_008954,loc__tower__79835ea3,tower,Inside Tower
train_ep_008955,loc__tower__79835ea3,tower,Outside Tower
train_ep_008956,loc__bazaar__8c5c7284,bazaar,Bazaar
train_ep_008957,loc__royal_gardens__e410d0fe,royal gardens,Outside Palace
train_ep_008958,loc__sacred_temple__0ee6dca9,sacred temple,Inside Church
train_ep_008959,loc__lagoon__664a6ce4,lagoon,Lake
train_ep_008960,loc__inside_the_temple__573b0d5f,inside the temple,Inside Temple
train_ep_008961,loc__cave__e386df9e,cave,Cave
train_ep_008962,loc__outside_tower__7dc67c9f,outside tower,Outside Tower
train_ep_008963,loc__jungle__5d991220,jungle,Jungle
train_ep_008964,loc__lake__97d986e2,lake,Lake
train_ep_008965,loc__outside_church__9f23256f,outside church,Outside Church
train_ep_008966,loc__riverbed__acbe6245,riverbed,Forest
train_ep_008967,loc__mud_pit__7a862ed0,mud pit,Jungle
train_ep_008968,loc__military_outpost_at_the_heart_of_the_swamp__0b91dfd0,military outpost at the heart of the swamp,Swamp
train_ep_008969,loc__royal_kitchen__fca4f709,royal kitchen,Inside Palace
train_ep_008970,loc__inside_tower__3d67c0a7,inside tower,Inside Tower
train_ep_008971,loc__abandoned_shack__d3865a64,abandoned shack,Wasteland
train_ep_008972,loc__princess_library__7426d41f,princess' library,Inside Palace
train_ep_008973,loc__yurt__e67b7569,yurt,Desert
train_ep_008974,loc__spice_stall__5ddd9bb4,spice stall,Bazaar
train_ep_008975,loc__treasure_cavern__26b58d7a,treasure cavern,Inside Temple
train_ep_008976,loc__bathroom__67518d64,bathroom,Inside Tower
train_ep_008977,loc__tree_house__493a5d1a,tree house,Jungle
train_ep_008978,loc__main_hall__8f1c5099,main hall,Inside Palace
train_ep_008979,loc__town_square__4d10acd1,town square,Town
train_ep_008980,loc__living_quarters__26fbc0ca,living quarters,Farm
train_ep_008981,loc__kings_chambers__3b38188f,kings chambers,Inside Palace
train_ep_008982,loc__trash_heap__0e440590,trash heap,Wasteland
train_ep_008983,loc__entrance_to_the_pine_trees__857c5da1,entrance to the pine trees,Forest
train_ep_008984,loc__courtyard__2c2bf458,courtyard,Outside Palace
train_ep_008985,loc__large_galleon__0e3d3ca8,large galleon,Port
train_ep_008986,loc__kitchen__09228dac,kitchen,Inside Cottage
train_ep_008987,loc__tree_house__493a5d1a,tree house,Jungle
train_ep_008988,loc__dark_cave__b9185199,dark cave,Cave
train_ep_008989,loc__top_side_tower_overlooking_view__8b843a89,top side tower overlooking view,Outside Tower
train_ep_008990,loc__black_smiths_shop__5379f4dc,black smiths shop,Town
train_ep_008991,loc__lakeside_house__e89e18cd,lakeside house,Lake
train_ep_008992,loc__torture_chamber__11dfca19,torture chamber,Dungeon
train_ep_008993,loc__bedroom__cff8b1fe,bedroom,Inside Cottage
train_ep_008994,loc__treasure_room__5acf31fd,treasure room,Inside Castle
train_ep_008995,loc__barn__5dfcc0aa,barn,Farm
train_ep_008996,loc__throne_room__f4977c99,throne room,Shore
train_ep_008997,loc__coast__756d153b,coast,Shore
train_ep_008998,loc__choir_room__35978911,choir room,Inside Church
train_ep_008999,loc__jail_room__4ad818b4,jail room,Inside Tower
train_ep_009000,loc__town_theater__8fa3302e,town theater,Town
train_ep_009001,loc__underground_cavern__2714911b,underground cavern,Cave
train_ep_009002,loc__moat__3c3a57f1,moat,Outside Palace
train_ep_009003,loc__bedroom__cff8b1fe,bedroom,Inside Cottage
train_ep_009004,loc__clergyman_s_office__30ca015e,clergyman's office,Inside Temple
train_ep_009005,loc__gathering_room__2b59ea3f,gathering room,Inside Cottage
train_ep_009006,loc__waterfall__911b1ca4,waterfall,Mountain
train_ep_009007,loc__grand_dancing_hall__7dd99710,grand dancing hall,Inside Palace
train_ep_009008,loc__top_of_a_tall_tree__6c2eb414,top of a tall tree,Jungle
train_ep_009009,loc__dining_hall__10c40af2,dining hall,Inside Castle
train_ep_009010,loc__scenic_overlook__9ccff5f9,scenic overlook,Trail
train_ep_009011,loc__secret_oasis__4b7fea6a,secret oasis,Desert
train_ep_009012,loc__town__7198cda5,town,Town
train_ep_009013,loc__tombstones_of_the_kings__f98f35ed,tombstones of the kings,Graveyard
train_ep_009014,loc__sanctuary__80452c45,sanctuary,Inside Church
train_ep_009015,loc__rectory__af9459b5,rectory,Inside Church
train_ep_009016,loc__meditation_room__40c0a44e,meditation room,Inside Temple
train_ep_009017,loc__loading_dock__2e35f637,loading dock,Port
train_ep_009018,loc__mountain_peak__924f5a88,mountain peak,Mountain
train_ep_009019,loc__tower_base__11a0e527,tower base,Outside Tower
train_ep_009020,loc__king_s_quarters__b44e1648,king's quarters,Inside Tower
train_ep_009021,loc__oracle_cave__d32dc815,oracle cave,Mountain
train_ep_009022,loc__spiral_staircase__031e4915,spiral staircase,Inside Tower
train_ep_009023,loc__confessional__f24d3972,confessional,Inside Church
train_ep_009024,loc__beyond_the_wall__adff6e1c,beyond the wall,Outside Castle
train_ep_009025,loc__marketplace__bc5986eb,marketplace,Port
train_ep_009026,loc__land_beyond_the_wasteland__0b3b29ad,land beyond the wasteland,Abandoned
train_ep_009027,loc__adjacent_to_the_guest_castle__7becb0d5,adjacent to the guest castle,Farm
train_ep_009028,loc__behind_the_servant_quarters__9413241c,behind the servant quarters,Wasteland
train_ep_009029,loc__across_the_king_s_garden__82bbf802,across the king's garden,Trail
train_ep_009030,loc__inside_the_king_s_castle__afab450e,inside the king's castle,Inside Tower
train_ep_009031,loc__within_the_king_s_mansion__ffdc1072,within the king's mansion,Inside Temple
train_ep_009032,loc__market_center__f92392bc,market center,Tavern
train_ep_009033,loc__chapel__5ee4b863,chapel,Inside Church
train_ep_009034,loc__bar__37b51d19,bar,Tavern
train_ep_009035,loc__battleship__e82a29f3,battleship,Shore
train_ep_009036,loc__banquet_hall__b7ba191c,banquet hall,Inside Castle
train_ep_009037,loc__entrance_to_castle__6ce4a988,entrance to castle,Outside Castle
train_ep_009038,loc__pew__08db7753,pew,Inside Church
train_ep_009039,loc__cabin__92faafe2,cabin,Countryside
train_ep_009040,loc__shop_in_bazaar__bb1b9374,shop in bazaar,Bazaar
train_ep_009041,loc__witch_s_house__f92034cd,witch's house,Swamp
train_ep_009042,loc__entrance_to_church__2ba81d25,entrance to church,Outside Church
train_ep_009043,loc__dock_at_the_port__eaf44017,dock at the port,Port
train_ep_009044,loc__cottage__144deb32,cottage,Countryside
train_ep_009045,loc__dock__05debdb8,dock,Lake
train_ep_009046,loc__within_the_walls_of_the_city__ccd0198d,within the walls of the city,Inside Tower
train_ep_009047,loc__queen_s_chamber__e51179c6,queen's chamber,Inside Palace
train_ep_009048,loc__bog__e07cd172,bog,Swamp
train_ep_009049,loc__dining_hall__10c40af2,dining hall,Inside Palace
train_ep_009050,loc__princess_chamber__b18da5a3,princess' chamber,Inside Tower
train_ep_009051,loc__king_s_quarters__b44e1648,king's quarters,Shore
train_ep_009052,loc__weapon_closet__20098437,weapon closet,Inside Tower
train_ep_009053,loc__inside_church__aab73af9,inside church,Inside Church
train_ep_009054,loc__training_fields__20aac210,training fields,Outside Palace
train_ep_009055,loc__alchemists_lab__d5456245,alchemists lab,Inside Tower
train_ep_009056,loc__boathouse__f1916d48,boathouse,Swamp
train_ep_009057,loc__nave__bfe4b52c,nave,Inside Church
train_ep_009058,loc__tool_shed__5a0c79ce,tool shed,Outside Cottage
train_ep_009059,loc__kitchen__09228dac,kitchen,Inside Cottage
train_ep_009060,loc__library__d521f765,library,Inside Castle
train_ep_009061,loc__dining_hall__10c40af2,dining hall,Inside Castle
train_ep_009062,loc__courtyard__2c2bf458,courtyard,Outside Palace
train_ep_009063,loc__throne_room__f4977c99,throne room,Inside Tower
train_ep_009064,loc__barracks__2ce29011,barracks,Outside Castle
train_ep_009065,loc__brush_den__e1300d94,brush den,Forest
train_ep_009066,loc__next_to_an_altar__6252d8d6,next to an altar,Inside Church
train_ep_009067,loc__boathouse__f1916d48,boathouse,Swamp
train_ep_009068,loc__kitchen__09228dac,kitchen,Tavern
train_ep_009069,loc__nave__bfe4b52c,nave,Inside Church
train_ep_009070,loc__tool_shed__5a0c79ce,tool shed,Outside Cottage
train_ep_009071,loc__kitchen__09228dac,kitchen,Inside Cottage
train_ep_009072,loc__library__d521f765,library,Inside Castle
train_ep_009073,loc__dining_hall__10c40af2,dining hall,Inside Castle
train_ep_009074,loc__courtyard__2c2bf458,courtyard,Outside Palace
train_ep_009075,loc__troll_s_lair__218cc09b,troll's lair,Cave
train_ep_009076,loc__barracks__2ce29011,barracks,Outside Castle
train_ep_009077,loc__throne_room__f4977c99,throne room,Inside Tower
train_ep_009078,loc__brush_den__e1300d94,brush den,Forest
train_ep_009079,loc__next_to_an_altar__6252d8d6,next to an altar,Inside Church
train_ep_009080,loc__ball_room__e26306dc,ball room,Inside Palace
train_ep_009081,loc__along_the_banks_of_a_river_in_the_forest__1893d3d3,along the banks of a river in the forest,Forest
train_ep_009082,loc__king_s_bedroom__03fb30e9,king's bedroom,Inside Palace
train_ep_009083,loc__jewelry_stall__2ec13fd4,jewelry stall,Bazaar
train_ep_009084,loc__winter_gardens__e59bb816,winter gardens,Outside Tower
train_ep_009085,loc__servant_s_quarters__2ab37024,servant's quarters,Inside Palace
train_ep_009086,loc__cursed_grave__7f5aabe1,cursed grave,Graveyard
train_ep_009087,loc__foyer__114ad31a,foyer,Inside Palace
train_ep_009088,loc__guard_shack__0ef62152,guard shack,Outside Tower
train_ep_009089,loc__hall_of_the_goddess__7c0819d4,hall of the goddess,Inside Temple
train_ep_009090,loc__throne__253d405e,throne,Inside Palace
train_ep_009091,loc__old_red_barn__d6b0cfd8,old red barn,Farm
train_ep_009092,loc__desert_cavern__9287fea8,desert cavern,Desert
train_ep_009093,loc__fishing_pier__fd5d48a9,fishing pier,Shore
train_ep_009094,loc__cactus_field__ce508a05,cactus field,Desert
train_ep_009095,loc__high_priest_chamber__3d59d244,high priest chamber,Inside Church
train_ep_009096,loc__beside_church_pews__8d83bdb7,beside church pews,Inside Church
train_ep_009097,loc__sacrifice_chamber__8aaf85ac,sacrifice chamber,Inside Temple
train_ep_009098,loc__quicksand_pit__591e521d,quicksand pit,Swamp
train_ep_009099,loc__beach_house__64bd4f8d,beach house,Shore
train_ep_009100,loc__mushroom_hut__8bb7cd75,mushroom hut,Outside Cottage
train_ep_009101,loc__pirate_ship__a3eb0b34,pirate ship,Port
train_ep_009102,loc__beside_tower_entrance__4289dcc4,beside tower entrance,Inside Tower
train_ep_009103,loc__palace_throne__edc54e5f,palace throne,Inside Palace
train_ep_009104,loc__palace_kitchen__4dee9bb6,palace kitchen,Inside Palace
train_ep_009105,loc__inside_cottage_kitchen__5eaa1ce9,inside cottage kitchen,Inside Cottage
train_ep_009106,loc__hillside_manor__b1ec6b5a,hillside manor,Countryside
train_ep_009107,loc__pig_pen__cd6444b3,pig pen,Countryside
train_ep_009108,loc__beside_temple_entrance__b712f707,beside temple entrance,Outside Temple
train_ep_009109,loc__tower_dungeon__3b953217,tower dungeon,Inside Tower
train_ep_009110,loc__beside_church_entrance__2206aedf,beside church entrance,Outside Church
train_ep_009111,loc__castle_armory__c05c8115,castle armory,Inside Castle
train_ep_009112,loc__hillside_mansion__369afa4b,hillside mansion,Countryside
train_ep_009113,loc__palace_ballroom__e83afcc3,palace ballroom,Inside Palace
train_ep_009114,loc__church_altar__b46bba3c,church altar,Inside Church
train_ep_009115,loc__tower_sewers__135799e5,tower sewers,Inside Tower
train_ep_009116,loc__towering_mesa__148ef02b,towering mesa,Desert
train_ep_009117,loc__inside_temple_crypt__eb261a98,inside temple crypt,Inside Temple
train_ep_009118,loc__gold_mine__23a64f00,gold mine,Abandoned
train_ep_009119,loc__stable__f40faf63,stable,Outside Castle
train_ep_009120,loc__room_at_the_top_of_the_tower__bebc68b6,room at the top of the tower,Inside Castle
train_ep_009121,loc__lonely_island__941f1782,lonely island,Abandoned
train_ep_009122,loc__public_execution_stand__ec1c97f7,public execution stand,Bazaar
train_ep_009123,loc__sitting_room__152ab82c,sitting room,Inside Cottage
train_ep_009124,loc__whipping_station__cd58acd7,whipping station,Outside Church
train_ep_009125,loc__prison_room__075cec3e,prison room,Inside Tower
train_ep_009126,loc__fountain__79de7a61,fountain,Graveyard
train_ep_009127,loc__bedding_room__8584585f,bedding room,Inside Palace
train_ep_009128,loc__oasis__335ffbcf,oasis,Desert
train_ep_009129,loc__beach_house__64bd4f8d,beach house,Shore
train_ep_009130,loc__stained_glass_room__fe4963f3,stained glass room,Inside Church
train_ep_009131,loc__farmer_hill__b21f8161,farmer hill,Outside Cottage
train_ep_009132,loc__mars_desert__d8c9aa45,mars desert,Desert
train_ep_009133,loc__clearing__5832a4d8,clearing,Forest
train_ep_009134,loc__hall_of_echoes__55050f7d,hall of echoes,Inside Temple
train_ep_009135,loc__bathing_room__e8175c31,bathing room,Inside Temple
train_ep_009136,loc__mysterious_shop__454073ca,mysterious shop,Bazaar
train_ep_009137,loc__show_room_inside_the_castle__f6ac41dd,show room inside the castle,Inside Castle
train_ep_009138,loc__inside_church_back_row__5cc901b4,inside church back row,Inside Church
train_ep_009139,loc__town_of_anoria__bfbab07a,town of anoria,Town
train_ep_009140,loc__tavern_of_browntavia__0bc98c5d,tavern of browntavia,Tavern
train_ep_009141,loc__bone_pit__bec80d68,bone pit,Outside Temple
train_ep_009142,loc__enchanted_light_house__0bd68be0,enchanted light house,Shore
train_ep_009143,loc__sacrificial_altar__0974214f,sacrificial altar,Inside Temple
train_ep_009144,loc__murder_hole__da3df777,murder hole,Inside Tower
train_ep_009145,loc__dungeon__e0dc3209,dungeon,Inside Temple
train_ep_009146,loc__garden__e2704f30,garden,Outside Cottage
train_ep_009147,loc__personal_quarters__5bdf1559,personal quarters,Inside Palace
train_ep_009148,loc__dining_hall__10c40af2,dining hall,Inside Tower
train_ep_009149,loc__bank__bd5af1f6,bank,Swamp
train_ep_009150,loc__library__d521f765,library,Inside Castle
train_ep_009151,loc__main_entrance__68f3df62,main entrance,Outside Temple
train_ep_009152,loc__storage_room__ab9f0184,storage room,Dungeon
train_ep_009153,loc__study_room__5698bd87,study room,Inside Church
train_ep_009154,loc__ruined_house__b253dd25,ruined house,Abandoned
train_ep_009155,loc__pond__d873154f,pond,Forest
train_ep_009156,loc__reception_area__9f5fd34c,reception area,Graveyard
train_ep_009157,loc__garden__e2704f30,garden,Outside Palace
train_ep_009158,loc__dock__05debdb8,dock,Port
train_ep_009159,loc__small_graveyard__d12232a8,small graveyard,Outside Cottage
train_ep_009160,loc__weapon_room__a7162ba9,weapon room,Inside Temple
train_ep_009161,loc__entrance__2a20afe0,entrance,Cave
train_ep_009162,loc__armory__f1c6e216,armory,Inside Castle
train_ep_009163,loc__stable__f40faf63,stable,Farm
train_ep_009164,loc__storage_room__ab9f0184,storage room,Tavern
train_ep_009165,loc__clearing__5832a4d8,clearing,Jungle
train_ep_009166,loc__nave__bfe4b52c,nave,Inside Church
train_ep_009167,loc__stable__f40faf63,stable,Outside Palace
train_ep_009168,loc__graveyard__7b3ab674,graveyard,Outside Church
train_ep_009169,loc__courtyard__2c2bf458,courtyard,Outside Palace
train_ep_009170,loc__torture_room__87c0e788,torture room,Dungeon
train_ep_009171,loc__main_hallway__840c1503,main hallway,Inside Palace
train_ep_009172,loc__town_square__4d10acd1,town square,Town
train_ep_009173,loc__hidden_passageway__d7cdebb5,hidden passageway,Inside Temple
train_ep_009174,loc__grand_ballroom__52b4001e,grand ballroom,Inside Castle
train_ep_009175,loc__old_crypt__9f170f50,old crypt,Graveyard
train_ep_009176,loc__castle_kitchen__b00392de,castle kitchen,Inside Castle
train_ep_009177,loc__weathered_shack__8c23b906,weathered shack,Abandoned
train_ep_009178,loc__debtor_s_prison__ea99977f,debtor's prison,Inside Tower
train_ep_009179,loc__temple_entrance__71ae50b0,temple entrance,Outside Temple
train_ep_009180,loc__staircase__7dbf02f9,staircase,Inside Tower
train_ep_009181,loc__tree_of_spirits__e757fcef,tree of spirits,Trail
train_ep_009182,loc__royal_tomb__1b57a10e,royal tomb,Inside Temple
train_ep_009183,loc__popes_dormitory__ddb11751,popes dormitory,Inside Church
train_ep_009184,loc__grand_dining_room__8cb359cc,grand dining room,Inside Palace
train_ep_009185,loc__brim_canal__7a498e16,brim canal,Lake
train_ep_009186,loc__maidens_cottage__ce8fe6f9,maidens cottage,Countryside
train_ep_009187,loc__horse_s_stables__0cd4df4c,horse's stables,Outside Cottage
train_ep_009188,loc__horse_field__eeae819a,horse field,Countryside
train_ep_009189,loc__prisoner_s_cell__bf78e6a1,prisoner's cell,Dungeon
train_ep_009190,loc__queen_s_quarters__22b70e95,queen's quarters,Inside Palace
train_ep_009191,loc__cemetery__dccbebc2,cemetery,Wasteland
train_ep_009192,loc__artillery_room__9af01c49,artillery room,Inside Tower
train_ep_009193,loc__archery_zone__fdb7c330,archery zone,Outside Castle
train_ep_009194,loc__knight_s_hunting_ground__09b79c95,knight's hunting ground,Trail
train_ep_009195,loc__priest_s_chambers__1ebce5c5,priest's chambers,Inside Temple
train_ep_009196,loc__kitchen__09228dac,kitchen,Inside Castle
train_ep_009197,loc__master_bedroom__ee30383a,master bedroom,Inside Castle
train_ep_009198,loc__king_s_chambers__e3e597fe,king's chambers,Inside Palace
train_ep_009199,loc__outpost__9e81fdfb,outpost,Mountain
train_ep_009200,loc__royal_shipyard__fc976e6e,royal shipyard,Port
train_ep_009201,loc__ritual_room__4574deb8,ritual room,Inside Temple
train_ep_009202,loc__front_of_the_cottage__908b24e7,front of the cottage,Outside Cottage
train_ep_009203,loc__armory__f1c6e216,armory,Inside Tower
train_ep_009204,loc__confession_box__fb7e21f1,confession box,Inside Church
train_ep_009205,loc__bandit_lair__90d428ee,bandit lair,Cave
train_ep_009206,loc__ruin_of_a_house__62eef8f7,ruin of a house,Wasteland
train_ep_009207,loc__tent__7b65dcf0,tent,Desert
train_ep_009208,loc__inside_the_temple__573b0d5f,inside the temple,Inside Temple
train_ep_009209,loc__boat_house__62b9e6c4,boat house,Port
train_ep_009210,loc__kings_bedroom__64489025,kings bedroom,Inside Castle
train_ep_009211,loc__stream__f7b44cfa,stream,Forest
train_ep_009212,loc__forest__f379cfd7,forest,Countryside
train_ep_009213,loc__lush_meadow_in_the_country_side__d9fa9500,lush meadow in the country side,Countryside
train_ep_009214,loc__small_town_located_in_the_hills__d4698af1,small town located in the hills,Town
train_ep_009215,loc__kings_bed_room__b1f6b2b3,kings bed room,Inside Castle
train_ep_009216,loc__front_row__ec5571ef,front row,Inside Church
train_ep_009217,loc__town_in_the_desert__fff2a6b4,town in the desert,Wasteland
train_ep_009218,loc__primary_cave__755e8817,primary cave,Cave
train_ep_009219,loc__chapel_of_the_eight__e35d875d,chapel of the eight,Inside Castle
train_ep_009220,loc__ferry_terminal__e6bf99dd,ferry terminal,Port
train_ep_009221,loc__bed_chambers__67892844,bed chambers,Inside Palace
train_ep_009222,loc__modest_living_area__fe2770f1,modest living area,Inside Cottage
train_ep_009223,loc__temple_foyer__c0b5e90a,temple foyer,Inside Temple
train_ep_009224,loc__front_altar__819cc2dd,front altar,Inside Temple
train_ep_009225,loc__desert_tent__a1a041ce,desert tent,Wasteland
train_ep_009226,loc__northern_shore__e8588ae1,northern shore,Lake
train_ep_009227,loc__grassy_plains__ecb71cc6,grassy plains,Trail
train_ep_009228,loc__old_gnaisha_s__d05194f9,old gnaisha's,Bazaar
train_ep_009229,loc__great_armory__8a3248e6,great armory,Inside Castle
train_ep_009230,loc__dancing_stoat__a6b60c83,dancing stoat,Town
train_ep_009231,loc__paladins_memorial_chapel__3b8a3ef4,paladins' memorial chapel,Inside Church
train_ep_009232,loc__shrine_of_sretniy__c5cdca48,shrine of sretniy,Inside Temple
train_ep_009233,loc__banquet_hall__b7ba191c,banquet hall,Inside Castle
train_ep_009235,loc__desert_land__d9285c9c,desert land,Desert
train_ep_009236,loc__pond__d873154f,pond,Wasteland
train_ep_009237,loc__fishing_shack__be027604,fishing shack,Lake
train_ep_009238,loc__horse_stables__3ab0f4c8,horse stables,Outside Castle
train_ep_009239,loc__castle_basement__ef824ba7,castle basement,Inside Castle
train_ep_009240,loc__tower_kitchen__9b8a3da9,tower kitchen,Inside Tower
train_ep_009241,loc__abandoned_workers_shed__0002433d,abandoned workers shed,Graveyard
train_ep_009242,loc__chicken_pen__1c50c5ac,chicken pen,Countryside
train_ep_009243,loc__stable_hand_s_quarters__74578d25,stable hand's quarters,Outside Castle
train_ep_009244,loc__launching_point__8c178e87,launching point,Lake
train_ep_009245,loc__corn_field__018a2ccf,corn field,Farm
train_ep_009246,loc__temple__44fdfd6b,temple,Inside Temple
train_ep_009247,loc__main_house__39d59a9f,main house,Farm
train_ep_009248,loc__sacristy__3f4aff85,sacristy,Inside Church
train_ep_009249,loc__old_queen_farm__057da97d,old queen farm,Wasteland
train_ep_009250,loc__fish_market__4e56b4a3,fish market,Port
train_ep_009251,loc__castle_exit__5b525e0e,castle exit,Inside Castle
train_ep_009252,loc__cavern_dwelling__44fe0d79,cavern dwelling,Desert
train_ep_009253,loc__reagent_room__559ae958,reagent room,Outside Tower
train_ep_009254,loc__washroom__050b06a4,washroom,Inside Castle
train_ep_009255,loc__fishing_dock__fbf73e36,fishing dock,Lake
train_ep_009256,loc__balcony__d85f7317,balcony,Inside Palace
train_ep_009257,loc__sheriff_office__d4dae028,sheriff office,Farm
train_ep_009258,loc__church_garden__56a741fe,church garden,Outside Church
train_ep_009259,loc__flower_field__f936e92b,flower field,Countryside
train_ep_009260,loc__large_cliffs__f86c4fa5,large cliffs,Shore
train_ep_009261,loc__port_skyline__0254ced0,port skyline,Port
train_ep_009262,loc__main_prayer_room__ec7e9b7f,main prayer room,Inside Temple
train_ep_009263,loc__haunted_orchard__7434c930,haunted orchard,Farm
train_ep_009264,loc__apothecary__e264c143,apothecary,Town
train_ep_009265,loc__main_castle_doors__e1f39f3b,main castle doors,Outside Palace
train_ep_009266,loc__church_garden__56a741fe,church garden,Outside Church
train_ep_009267,loc__wharf__ef602779,wharf,Port
train_ep_009268,loc__dining_hall__10c40af2,dining hall,Inside Castle
train_ep_009269,loc__north_forest__a809663e,north forest,Forest
train_ep_009270,loc__mess_hall__df491ab7,mess hall,Inside Temple
train_ep_009271,loc__gallery__2767cc3e,gallery,Cave
train_ep_009272,loc__dead_tree__ae78e2fc,dead tree,Graveyard
train_ep_009273,loc__crew_berthing__255a7e79,crew berthing,Port
train_ep_009274,loc__landing_in_the_foyer__0712bd55,landing in the foyer,Inside Palace
train_ep_009275,loc__woodlands__f4b4342e,woodlands,Forest
train_ep_009276,loc__drinking_water_lake__072d7988,drinking water lake,Lake
train_ep_009277,loc__quay__a4499c24,quay,Port
train_ep_009278,loc__warehouses__54495979,warehouses,Port
train_ep_009279,loc__valley_of_doom__2f415a0f,valley of doom,Countryside
train_ep_009280,loc__swimming_hole__41a1f52e,swimming hole,Lake
train_ep_009281,loc__fitting_room__c555a43b,fitting room,Bazaar
train_ep_009282,loc__arrow_house__9d554350,arrow house,Outside Castle
train_ep_009283,loc__castle_kitchens__6834f5a3,castle kitchens,Inside Palace
train_ep_009284,loc__bright_path__17c6a100,bright path,Inside Castle
train_ep_009285,loc__cold_storage_room__726f76a2,cold storage room,Outside Cottage
train_ep_009286,loc__forest_entrance__4bcda148,forest entrance,Forest
train_ep_009287,loc__slave_quarters__8a6d9f60,slave quarters,Inside Tower
train_ep_009288,loc__temple_guard_station__e0b75841,temple guard station,Outside Temple
train_ep_009289,loc__fishing_store__b061f606,fishing store,Port
train_ep_009290,loc__dunes__8a48dcda,dunes,Desert
train_ep_009291,loc__peasant_s_cottage__00464b6c,peasant's cottage,Countryside
train_ep_009292,loc__small_dirt_road__40d1ead7,small dirt road,Countryside
train_ep_009293,loc__royal_bathroom__f7f11309,royal bathroom,Inside Castle
train_ep_009294,loc__stilt_home__612941a3,stilt home,Farm
train_ep_009295,loc__forbidden_forest__b96ae0b4,forbidden forest,Forest
train_ep_009296,loc__underground_river__dde09e89,underground river,Cave
train_ep_009297,loc__temple_main_room__cc3e74e5,temple main room,Outside Temple
train_ep_009298,loc__arch_hall__0fcc7e9c,arch hall,Inside Castle
train_ep_009299,loc__back_of_the_stall__4b715f67,back of the stall,Bazaar
train_ep_009300,loc__woods__b7bfb949,woods,Forest
train_ep_009301,loc__countryside__9cff47d1,countryside,Countryside
train_ep_009302,loc__saokra_s_blacksmith_shop__e5c9291c,saokra's blacksmith shop,Town
train_ep_009303,loc__mesa_peak__ec3e4014,mesa peak,Mountain
train_ep_009304,loc__prisoners_cells__61cb1ba6,prisoners cells,Dungeon
train_ep_009305,loc__temple_chamber__417585e8,temple chamber,Inside Temple
train_ep_009306,loc__main_foyer__ed99a45c,main foyer,Inside Castle
train_ep_009307,loc__winding_staircase__ec3107f8,winding staircase,Outside Tower
train_ep_009308,loc__tailings_pile__d27fba96,tailings pile,Mountain
train_ep_009309,loc__town_center__f942e8bf,town center,Town
train_ep_009310,loc__garden__e2704f30,garden,Outside Palace
train_ep_009311,loc__south_forest__a051e03c,south forest,Forest
train_ep_009312,loc__hidden_revolutionaries_headquarters__536080d4,hidden revolutionaries' headquarters,Inside Palace
train_ep_009313,loc__castle_front__1f50ceb7,castle front,Inside Palace
train_ep_009314,loc__horse_tent__858443dc,horse tent,Farm
train_ep_009315,loc__knife_seller__e0a51e70,knife seller,Bazaar
train_ep_009316,loc__guards_quarters__94702054,guards quarters,Inside Tower
train_ep_009317,loc__general_store__53a8fbb0,general store,Town
train_ep_009318,loc__mysterious_shop_s_entrance__212a3859,mysterious shop's entrance,Bazaar
train_ep_009319,loc__beside_the_town_church__0b0b1726,beside the town church,Outside Church
train_ep_009320,loc__entryway_to_the_wizards_tower__7a21df60,entryway to the wizards tower,Inside Tower
train_ep_009321,loc__main_gate__d66ce966,main gate,Countryside
train_ep_009322,loc__palace_garden__46ae3845,palace garden,Outside Palace
train_ep_009323,loc__gold_room__42a3e93d,gold room,Inside Tower
train_ep_009324,loc__visitor_s_entrance__44f22aeb,visitor's entrance,Inside Temple
train_ep_009325,loc__throne_room__f4977c99,throne room,Inside Palace
train_ep_009326,loc__supply_store__9776432b,supply store,Port
train_ep_009327,loc__throne_room__f4977c99,throne room,Inside Tower
train_ep_009328,loc__bazaar_outside_the_royal_city__3f48a35a,bazaar outside the royal city,Bazaar
train_ep_009329,loc__cactus_field_entrance__cba07803,cactus field entrance,Desert
train_ep_009330,loc__outside_of_the_temple_offices__dd9f1ee7,outside of the temple offices,Outside Temple
train_ep_009331,loc__temple_chamber__417585e8,temple chamber,Inside Temple
train_ep_009332,loc__town_center__f942e8bf,town center,Town
train_ep_009333,loc__castle_kitchen__b00392de,castle kitchen,Inside Castle
train_ep_009334,loc__disposal_area__72d310fd,disposal area,Inside Castle
train_ep_009335,loc__village_of_tamerak__7e6c027e,village of tamerak,Port
train_ep_009336,loc__pine_tree_graveyard__18f73c00,pine tree graveyard,Forest
train_ep_009337,loc__grand_desert__c682352f,grand desert,Desert
train_ep_009338,loc__personal_rooms__f7ec06d2,personal rooms,Inside Palace
train_ep_009339,loc__council_of_twelve__3232fa93,council of twelve,Inside Temple
train_ep_009340,loc__mansion_entrance__5c32e57d,mansion entrance,Inside Cottage
train_ep_009341,loc__curved_hallway__638b964b,curved hallway,Inside Tower
train_ep_009342,loc__inside_the_ruined_house__f351c82a,inside the ruined house,Inside Cottage
train_ep_009343,loc__city_of_elders__fa058cbe,city of elders,Town
train_ep_009344,loc__hidden_garden__f2140155,hidden garden,Outside Palace
train_ep_009345,loc__ghost_trail__7855adca,ghost trail,Trail
train_ep_009346,loc__main_chapel__05b43d90,main chapel,Inside Church
train_ep_009347,loc__spring_bath__6aa6bed3,spring bath,Outside Temple
train_ep_009348,loc__brimswood_pub__2b57d3a7,brimswood pub,Tavern
train_ep_009349,loc__lavoratory__9cb21908,lavoratory,Inside Castle
train_ep_009350,loc__nearby_road__b720e559,nearby road,Countryside
train_ep_009351,loc__town_courtroom__ffe576a1,town courtroom,Town
train_ep_009352,loc__tub__271721b2,tub,Inside Tower
train_ep_009353,loc__arsenal__1c5442c0,arsenal,Inside Tower
train_ep_009354,loc__torture_equipment_storage_room__8c501a45,torture equipment storage room,Dungeon
train_ep_009355,loc__castle_foothills__40ba7cae,castle foothills,Outside Tower
train_ep_009356,loc__tower_spire__a8295baa,tower spire,Inside Tower
train_ep_009357,loc__saloon__453c44d3,saloon,Tavern
train_ep_009358,loc__gate_to_street__63c54887,gate to street,Outside Church
train_ep_009359,loc__trail_exit__e1ead7cf,trail exit,Trail
train_ep_009360,loc__bazaar__8c5c7284,bazaar,Bazaar
train_ep_009361,loc__along_the_pews__731918a2,along the pews,Inside Church
train_ep_009362,loc__chicken_coop__6afcba65,chicken coop,Farm
train_ep_009363,loc__pier_walkway__6cc5e473,pier walkway,Shore
train_ep_009364,loc__attic__0535c94e,attic,Inside Church
train_ep_009365,loc__hidden_passage__6bec6a12,hidden passage,Inside Church
train_ep_009366,loc__room_hidden_in_the_dense_canopy__eb412c40,room hidden in the dense canopy,Forest
train_ep_009367,loc__small_clearing__18adfedc,small clearing,Mountain
train_ep_009368,loc__weapons_storage_room__e2250d82,weapons storage room,Outside Castle
train_ep_009369,loc__battlements__65ce509a,battlements,Outside Castle
train_ep_009370,loc__blacksmith__c2428781,blacksmith,Bazaar
train_ep_009371,loc__collapsed_west_wing__5208068f,collapsed west wing,Abandoned
train_ep_009372,loc__church_coat_room__3bec4535,church coat room,Inside Church
train_ep_009373,loc__ant_hill__01158295,ant hill,Forest
train_ep_009374,loc__unsettling_forest_area__3d5f756b,unsettling forest area,Forest
train_ep_009375,loc__decoration_shop__cf40d2dc,decoration shop,Outside Temple
train_ep_009376,loc__top_floor_of_palace__ab540b82,top floor of palace,Inside Palace
train_ep_009377,loc__dead_valley__fe83fd28,dead valley,Desert
train_ep_009378,loc__dangerous_precipice__81c337c6,dangerous precipice,Mountain
train_ep_009379,loc__kitchens__dfd09a86,kitchens,Inside Tower
train_ep_009380,loc__soldiers_camp__2d6b7401,soldiers camp,Swamp
train_ep_009381,loc__secret_tunnel__57b3c615,secret tunnel,Inside Castle
train_ep_009382,loc__flower_garden__879381ca,flower garden,Forest
train_ep_009383,loc__alchemists_bedroom__cfb992f0,alchemists bedroom,Inside Tower
train_ep_009384,loc__backyard__3bec248d,backyard,Outside Cottage
train_ep_009385,loc__guard_barracks__c7741c50,guard barracks,Inside Castle
train_ep_009386,loc__attic__0535c94e,attic,Inside Palace
train_ep_009387,loc__grand_balcony__41fccf30,grand balcony,Inside Palace
train_ep_009388,loc__rat_den__b7a41895,rat den,Inside Tower
train_ep_009389,loc__midland_town__3abef145,midland town,Wasteland
train_ep_009390,loc__underwater_cave__155a0a0e,underwater cave,Cave
train_ep_009391,loc__castle_royal_tower__bb8b04a7,castle royal tower,Inside Castle
train_ep_009392,loc__keep__18ccf61d,keep,Inside Tower
train_ep_009393,loc__outlaws_jungle__b0c0b7b2,outlaws' jungle,Jungle
train_ep_009394,loc__church_foyer__e8aee950,church foyer,Inside Church
train_ep_009395,loc__main_graveyard__ad70495d,main graveyard,Graveyard
train_ep_009396,loc__confessions_room__d87965d0,confessions room,Inside Church
train_ep_009397,loc__peasant_living_quarters__004fcc5f,peasant living quarters,Outside Palace
train_ep_009398,loc__outside_gates__58dbbce8,outside gates,Outside Cottage
train_ep_009399,loc__temple_marketplace__34f9194f,temple marketplace,Inside Temple
train_ep_009400,loc__picnic_area__4a212f77,picnic area,Forest
train_ep_009401,loc__darkest_part_of_the_swamp__4a37261f,darkest part of the swamp,Swamp
train_ep_009402,loc__path_to_the_manor__cd09e091,path to the manor,Countryside
train_ep_009403,loc__prayer_bell__021f8e15,prayer bell,Inside Church
train_ep_009404,loc__garden_courtyard__2530f6d1,garden courtyard,Inside Castle
train_ep_009405,loc__abandoned_mine_entrance__5698b058,abandoned mine entrance,Abandoned
train_ep_009406,loc__pet_chamber__bc1946e1,pet chamber,Inside Castle
train_ep_009407,loc__royal_farm__c7a2ee7a,royal farm,Farm
train_ep_009408,loc__jail_entrance__ca63e7c2,jail entrance,Inside Tower
train_ep_009409,loc__palace_entrance__fb45dbba,palace entrance,Inside Palace
train_ep_009410,loc__farmers_market__3aa5b02b,farmers market,Bazaar
train_ep_009411,loc__clean_water_lake__13349d26,clean water lake,Lake
train_ep_009412,loc__dwarven_blacksmith__68e8c01f,dwarven blacksmith,Mountain
train_ep_009413,loc__laundry_lines__dd2e9ca6,laundry lines,Outside Palace
train_ep_009414,loc__basement__48719d32,basement,Inside Castle
train_ep_009415,loc__school__7516c3b3,school,Bazaar
train_ep_009416,loc__grand_dining_room__8cb359cc,grand dining room,Inside Palace
train_ep_009417,loc__holy_alter__dd5ad709,holy alter,Inside Church
train_ep_009418,loc__iconostasis__fa5c7ee9,iconostasis,Outside Church
train_ep_009419,loc__throne_room__f4977c99,throne room,Inside Castle
train_ep_009420,loc__kebab_stall__d83535f0,kebab stall,Bazaar
train_ep_009421,loc__open_field__28aeddc6,open field,Farm
train_ep_009422,loc__wealthy_area_of_town__260fb03e,wealthy area of town,Town
train_ep_009423,loc__church__916586c8,church,Outside Church
train_ep_009424,loc__cave_exit__6e09c118,cave exit,Cave
train_ep_009425,loc__main_gate__d66ce966,main gate,Outside Castle
train_ep_009426,loc__trailhead__55ecf8e5,trailhead,Trail
train_ep_009427,loc__dogs_domain__0a1f1a65,dogs' domain,Inside Church
train_ep_009428,loc__hiking_path__ba82059c,hiking path,Mountain
train_ep_009429,loc__bazaar_gambling__0e92d983,bazaar gambling,Bazaar
train_ep_009430,loc__apple_trees__6ead89c4,apple trees,Bazaar
train_ep_009431,loc__pharmacy__bf4e2878,pharmacy,Town
train_ep_009432,loc__main_street__18c6980d,main street,Graveyard
train_ep_009433,loc__orc_cave__9c2ad64e,orc cave,Cave
train_ep_009434,loc__simple_town__9836124a,simple town,Town
train_ep_009435,loc__large_farm__653ba215,large farm,Farm
train_ep_009436,loc__firewood_forest__049c4d45,firewood forest,Forest
train_ep_009437,loc__temple_gardens__e5c59366,temple gardens,Outside Temple
train_ep_009438,loc__church_field__80ff45f8,church field,Outside Church
train_ep_009439,loc__southernmost_tower_entryway__af5a2a89,southernmost tower entryway,Inside Tower
train_ep_009440,loc__meadow__07a42035,meadow,Countryside
train_ep_009441,loc__central_bazaar__afde3f95,central bazaar,Bazaar
train_ep_009442,loc__mysterious_forest_outskirts__78c6782b,mysterious forest outskirts,Forest
train_ep_009443,loc__castle_farm__90bc7176,castle farm,Farm
train_ep_009444,loc__lower_dungeon_guard_room__f88d3041,lower dungeon guard room,Dungeon
train_ep_009445,loc__cottage_safe_room__ce08f1a3,cottage safe-room,Inside Cottage
train_ep_009446,loc__in_front_of_a_stone_tower__79dd0512,in front of a stone tower,Outside Tower
train_ep_009447,loc__small_church__9543420f,small church,Inside Church
train_ep_009448,loc__cottage_entryway__e5f1139f,cottage entryway,Inside Cottage
train_ep_009449,loc__wet_dungeon__b3fe19bc,wet dungeon,Dungeon
train_ep_009450,loc__enormous_church_entrance_door__4425590a,enormous church entrance door,Outside Church
train_ep_009451,loc__hilltop_temple_grounds__9a75117c,hilltop temple grounds,Outside Temple
train_ep_009452,loc__castle_maids_room__208d485a,castle maids' room,Inside Castle
train_ep_009453,loc__privy_room__3e3bfa73,privy room,Inside Castle
train_ep_009454,loc__castle_courtyard_bazaar__f18a3852,castle courtyard bazaar,Bazaar
train_ep_009455,loc__unexplored_jungle__ff39ded3,unexplored jungle,Jungle
train_ep_009456,loc__inside_temple__78c8ad2b,inside temple,Inside Temple
train_ep_009457,loc__haunted_swamp__8ecea208,haunted swamp,Swamp
train_ep_009458,loc__turquoise_shore__9c4dff53,turquoise shore,Shore
train_ep_009459,loc__forsaken_castle__e4d7c5af,forsaken castle,Abandoned
train_ep_009460,loc__great_hall__91ce0dd0,great hall,Inside Tower
train_ep_009461,loc__abandoned_mine__75691f18,abandoned mine,Mountain
train_ep_009462,loc__unfinished_mausoleum__d8f26138,unfinished mausoleum,Graveyard
train_ep_009463,loc__fishmonger_s_stall__b989772f,fishmonger's stall,Port
train_ep_009464,loc__beach__7193529a,beach,Shore
train_ep_009465,loc__abandoned_mine__75691f18,abandoned mine,Abandoned
train_ep_009466,loc__bamboo_hut__fe75e1af,bamboo hut,Jungle
train_ep_009467,loc__dungeon__e0dc3209,dungeon,Inside Palace
train_ep_009468,loc__path_in_forest__b615034b,path in forest,Trail
train_ep_009469,loc__prayer_room__b4ab9d1e,prayer room,Inside Temple
train_ep_009470,loc__barn__5dfcc0aa,barn,Farm
train_ep_009471,loc__cemetery__dccbebc2,cemetery,Graveyard
train_ep_009472,loc__meadow__07a42035,meadow,Countryside
train_ep_009473,loc__queen_s_bedchamber__25802711,queen's bedchamber,Inside Palace
train_ep_009474,loc__cave__e386df9e,cave,Mountain
train_ep_009475,loc__altar_room__cbf077bb,altar room,Inside Temple
train_ep_009476,loc__confessional__f24d3972,confessional,Inside Church
train_ep_009477,loc__torture_room__87c0e788,torture room,Dungeon
train_ep_009478,loc__island__3dbacfd7,island,Lake
train_ep_009479,loc__lighthouse__fad0ce22,lighthouse,Shore
train_ep_009480,loc__bar__37b51d19,bar,Tavern
train_ep_009481,loc__port_tavern__48d771c2,port tavern,Port
train_ep_009482,loc__prison_room__075cec3e,prison room,Inside Tower
train_ep_009483,loc__dungeon__e0dc3209,dungeon,Inside Castle
train_ep_009484,loc__outside_temple__4d6f89cb,outside temple,Outside Temple
train_ep_009485,loc__graveyard__7b3ab674,graveyard,Graveyard
train_ep_009486,loc__outside_castle__fd9e3171,outside castle,Outside Castle
train_ep_009487,loc__opening_to_the_drawbridge_of_the_castle__7901de11,opening to the drawbridge of the castle,Trail
train_ep_009488,loc__bell_tower__53496f39,bell tower,Inside Church
train_ep_009489,loc__troll_s_bridge__934a7368,troll's bridge,Swamp
train_ep_009490,loc__barn__5dfcc0aa,barn,Farm
train_ep_009491,loc__dungeon_within_a_castle__30c5909c,dungeon within a castle,Dungeon
train_ep_009492,loc__wooded_magical_village__0d0cf6a7,wooded magical village,Forest
train_ep_009493,loc__abandoned_castle_on_an_ocean_cliff_side__2a4a7700,abandoned castle on an ocean cliff side,Abandoned
train_ep_009494,loc__inside_a_desolate_cave__62f3c8b1,inside a desolate cave,Dungeon
train_ep_009495,loc__knights_quarters__d1135fd1,knights quarters,Inside Castle
train_ep_009496,loc__dwarven_city__24e5c23d,dwarven city,Mountain
train_ep_009497,loc__underground_chamber__d71a7d7a,underground chamber,Cave
train_ep_009498,loc__outside_the_church_of_monks__12e0820b,outside the church of monks,Outside Church
train_ep_009499,loc__temple_courtyard__c65f7648,temple courtyard,Outside Temple
train_ep_009500,loc__inside_the_unicorn_palace__56787601,inside the unicorn palace,Inside Palace
train_ep_009501,loc__werewolves_tavern__a0b69047,werewolves tavern,Tavern
train_ep_009502,loc__inside_temple__78c8ad2b,inside temple,Inside Temple
train_ep_009503,loc__witches_cottage__6a123241,witches cottage,Outside Cottage
train_ep_009504,loc__inside_the_fairy_temple__748c1bf3,inside the fairy temple,Inside Temple
train_ep_009505,loc__fairy_forest__c73e62c1,fairy forest,Forest
train_ep_009506,loc__inside_the_fairies_church__7a838b07,inside the fairies church,Inside Church
train_ep_009507,loc__inside_the_king_s_palace__ad1ed203,inside the king's palace,Inside Palace
train_ep_009508,loc__inside_temple__78c8ad2b,inside temple,Inside Temple
train_ep_009509,loc__dining_hall__10c40af2,dining hall,Inside Tower
train_ep_009510,loc__confessional_room__22bf6614,confessional room,Inside Church
train_ep_009511,loc__oasis__335ffbcf,oasis,Desert
train_ep_009512,loc__wizard_s_quarters__e0890c7c,wizard's quarters,Outside Tower
train_ep_009513,loc__dungeon__e0dc3209,dungeon,Inside Castle
train_ep_009514,loc__castle__9355a9f9,castle,Inside Castle
train_ep_009515,loc__cave__e386df9e,cave,Cave
train_ep_009516,loc__castle__9355a9f9,castle,Inside Castle
train_ep_009517,loc__tower__79835ea3,tower,Inside Tower
train_ep_009518,loc__tower__79835ea3,tower,Outside Tower
train_ep_009519,loc__bazaar__8c5c7284,bazaar,Bazaar
train_ep_009520,loc__royal_gardens__e410d0fe,royal gardens,Outside Palace
train_ep_009521,loc__docks__d1b1bb99,docks,Port
train_ep_009522,loc__sacred_temple__0ee6dca9,sacred temple,Inside Church
train_ep_009523,loc__lagoon__664a6ce4,lagoon,Lake
train_ep_009524,loc__inside_the_temple__573b0d5f,inside the temple,Inside Temple
train_ep_009525,loc__cave__e386df9e,cave,Cave
train_ep_009526,loc__outside_tower__7dc67c9f,outside tower,Outside Tower
train_ep_009527,loc__jungle__5d991220,jungle,Jungle
train_ep_009528,loc__lake__97d986e2,lake,Lake
train_ep_009529,loc__outside_church__9f23256f,outside church,Outside Church
train_ep_009530,loc__mud_pit__7a862ed0,mud pit,Jungle
train_ep_009531,loc__military_outpost_at_the_heart_of_the_swamp__0b91dfd0,military outpost at the heart of the swamp,Swamp
train_ep_009532,loc__royal_kitchen__fca4f709,royal kitchen,Inside Palace
train_ep_009533,loc__inside_tower__3d67c0a7,inside tower,Inside Tower
train_ep_009534,loc__abandoned_shack__d3865a64,abandoned shack,Wasteland
train_ep_009535,loc__princess_library__7426d41f,princess' library,Inside Palace
train_ep_009536,loc__yurt__e67b7569,yurt,Desert
train_ep_009537,loc__spice_stall__5ddd9bb4,spice stall,Bazaar
train_ep_009538,loc__treasure_cavern__26b58d7a,treasure cavern,Inside Temple
train_ep_009539,loc__bathroom__67518d64,bathroom,Inside Tower
train_ep_009540,loc__tree_house__493a5d1a,tree house,Jungle
train_ep_009541,loc__main_hall__8f1c5099,main hall,Inside Palace
train_ep_009542,loc__town_square__4d10acd1,town square,Town
train_ep_009543,loc__living_quarters__26fbc0ca,living quarters,Farm
train_ep_009544,loc__kings_chambers__3b38188f,kings chambers,Inside Palace
train_ep_009545,loc__trash_heap__0e440590,trash heap,Wasteland
train_ep_009546,loc__entrance_to_the_pine_trees__857c5da1,entrance to the pine trees,Forest
train_ep_009547,loc__courtyard__2c2bf458,courtyard,Outside Palace
train_ep_009548,loc__large_galleon__0e3d3ca8,large galleon,Port
train_ep_009549,loc__kitchen__09228dac,kitchen,Inside Cottage
train_ep_009550,loc__tree_house__493a5d1a,tree house,Jungle
train_ep_009551,loc__dark_cave__b9185199,dark cave,Cave
train_ep_009552,loc__top_side_tower_overlooking_view__8b843a89,top side tower overlooking view,Outside Tower
train_ep_009553,loc__black_smiths_shop__5379f4dc,black smiths shop,Town
train_ep_009554,loc__lakeside_house__e89e18cd,lakeside house,Lake
train_ep_009555,loc__bedroom__cff8b1fe,bedroom,Inside Cottage
train_ep_009556,loc__armory__f1c6e216,armory,Inside Castle
train_ep_009557,loc__torture_chamber__11dfca19,torture chamber,Dungeon
train_ep_009558,loc__treasure_room__5acf31fd,treasure room,Inside Castle
train_ep_009559,loc__barn__5dfcc0aa,barn,Farm
train_ep_009560,loc__throne_room__f4977c99,throne room,Shore
train_ep_009561,loc__coast__756d153b,coast,Shore
train_ep_009562,loc__bat_room__c322be72,bat room,Cave
train_ep_009563,loc__choir_room__35978911,choir room,Inside Church
train_ep_009564,loc__jail_room__4ad818b4,jail room,Inside Tower
train_ep_009565,loc__town_theater__8fa3302e,town theater,Town
train_ep_009566,loc__underground_cavern__2714911b,underground cavern,Cave
train_ep_009567,loc__castle_kitchen__b00392de,castle kitchen,Inside Palace
train_ep_009568,loc__moat__3c3a57f1,moat,Outside Palace
train_ep_009569,loc__bedroom__cff8b1fe,bedroom,Inside Cottage
train_ep_009570,loc__clergyman_s_office__30ca015e,clergyman's office,Inside Temple
train_ep_009571,loc__gathering_room__2b59ea3f,gathering room,Inside Cottage
train_ep_009572,loc__waterfall__911b1ca4,waterfall,Mountain
train_ep_009573,loc__grand_dancing_hall__7dd99710,grand dancing hall,Inside Palace
train_ep_009574,loc__dining_hall__10c40af2,dining hall,Inside Castle
train_ep_009575,loc__summit__cc8c6287,summit,Mountain
train_ep_009576,loc__scenic_overlook__9ccff5f9,scenic overlook,Trail
train_ep_009577,loc__secret_oasis__4b7fea6a,secret oasis,Desert
train_ep_009578,loc__tombstones_of_the_kings__f98f35ed,tombstones of the kings,Graveyard
train_ep_009579,loc__town__7198cda5,town,Town
train_ep_009580,loc__sanctuary__80452c45,sanctuary,Inside Church
train_ep_009581,loc__rectory__af9459b5,rectory,Inside Church
train_ep_009582,loc__meditation_room__40c0a44e,meditation room,Inside Temple
train_ep_009583,loc__loading_dock__2e35f637,loading dock,Port
train_ep_009584,loc__mountain_peak__924f5a88,mountain peak,Mountain
train_ep_009585,loc__tower_base__11a0e527,tower base,Outside Tower
train_ep_009586,loc__king_s_quarters__b44e1648,king's quarters,Inside Tower
train_ep_009587,loc__oracle_cave__d32dc815,oracle cave,Mountain
train_ep_009588,loc__confessional__f24d3972,confessional,Inside Church
train_ep_009589,loc__beyond_the_wall__adff6e1c,beyond the wall,Outside Castle
train_ep_009590,loc__land_beyond_the_wasteland__0b3b29ad,land beyond the wasteland,Abandoned
train_ep_009591,loc__behind_the_servant_quarters__9413241c,behind the servant quarters,Wasteland
train_ep_009592,loc__adjacent_to_the_guest_castle__7becb0d5,adjacent to the guest castle,Farm
train_ep_009593,loc__inside_the_king_s_castle__afab450e,inside the king's castle,Inside Tower
train_ep_009594,loc__across_the_king_s_garden__82bbf802,across the king's garden,Trail
train_ep_009595,loc__within_the_king_s_mansion__ffdc1072,within the king's mansion,Inside Temple
train_ep_009596,loc__market_center__f92392bc,market center,Tavern
train_ep_009597,loc__chapel__5ee4b863,chapel,Inside Church
train_ep_009598,loc__bar__37b51d19,bar,Tavern
train_ep_009599,loc__battleship__e82a29f3,battleship,Shore
train_ep_009600,loc__banquet_hall__b7ba191c,banquet hall,Inside Castle
train_ep_009601,loc__entrance_to_castle__6ce4a988,entrance to castle,Outside Castle
train_ep_009602,loc__cabin__92faafe2,cabin,Countryside
train_ep_009603,loc__pew__08db7753,pew,Inside Church
train_ep_009604,loc__shop_in_bazaar__bb1b9374,shop in bazaar,Bazaar
train_ep_009605,loc__dock_at_the_port__eaf44017,dock at the port,Port
train_ep_009606,loc__entrance_to_church__2ba81d25,entrance to church,Outside Church
train_ep_009607,loc__dock__05debdb8,dock,Lake
train_ep_009608,loc__witch_s_house__f92034cd,witch's house,Swamp
train_ep_009609,loc__within_the_walls_of_the_city__ccd0198d,within the walls of the city,Inside Tower
train_ep_009610,loc__queen_s_chamber__e51179c6,queen's chamber,Inside Palace
train_ep_009611,loc__cottage__144deb32,cottage,Countryside
train_ep_009612,loc__bog__e07cd172,bog,Swamp
train_ep_009613,loc__dining_hall__10c40af2,dining hall,Inside Palace
train_ep_009614,loc__nave__bfe4b52c,nave,Inside Church
train_ep_009615,loc__king_s_quarters__b44e1648,king's quarters,Shore
train_ep_009616,loc__weapon_closet__20098437,weapon closet,Inside Tower
train_ep_009617,loc__princess_chamber__b18da5a3,princess' chamber,Inside Tower
train_ep_009618,loc__inside_church__aab73af9,inside church,Inside Church
train_ep_009619,loc__training_fields__20aac210,training fields,Outside Palace
train_ep_009620,loc__alchemists_lab__d5456245,alchemists lab,Inside Tower
train_ep_009621,loc__nursery__a718a874,nursery,Inside Palace
train_ep_009622,loc__royal_stables__25af2687,royal stables,Outside Castle
train_ep_009623,loc__kitchen__09228dac,kitchen,Tavern
train_ep_009624,loc__boathouse__f1916d48,boathouse,Swamp
train_ep_009625,loc__nave__bfe4b52c,nave,Inside Church
train_ep_009626,loc__tool_shed__5a0c79ce,tool shed,Outside Cottage
train_ep_009627,loc__kitchen__09228dac,kitchen,Inside Cottage
train_ep_009628,loc__courtyard__2c2bf458,courtyard,Outside Palace
train_ep_009629,loc__troll_s_lair__218cc09b,troll's lair,Cave
train_ep_009630,loc__throne_room__f4977c99,throne room,Inside Tower
train_ep_009631,loc__brush_den__e1300d94,brush den,Forest
train_ep_009632,loc__next_to_an_altar__6252d8d6,next to an altar,Inside Church
train_ep_009633,loc__ball_room__e26306dc,ball room,Inside Palace
train_ep_009634,loc__along_the_banks_of_a_river_in_the_forest__1893d3d3,along the banks of a river in the forest,Forest
train_ep_009635,loc__king_s_bedroom__03fb30e9,king's bedroom,Inside Palace
train_ep_009636,loc__jewelry_stall__2ec13fd4,jewelry stall,Bazaar
train_ep_009637,loc__servant_s_quarters__2ab37024,servant's quarters,Inside Palace
train_ep_009638,loc__cursed_grave__7f5aabe1,cursed grave,Graveyard
train_ep_009639,loc__foyer__114ad31a,foyer,Inside Palace
train_ep_009640,loc__guard_shack__0ef62152,guard shack,Outside Tower
train_ep_009641,loc__hall_of_the_goddess__7c0819d4,hall of the goddess,Inside Temple
train_ep_009642,loc__throne__253d405e,throne,Inside Palace
train_ep_009643,loc__old_red_barn__d6b0cfd8,old red barn,Farm
train_ep_009644,loc__desert_cavern__9287fea8,desert cavern,Desert
train_ep_009645,loc__cactus_field__ce508a05,cactus field,Desert
train_ep_009646,loc__fishing_pier__fd5d48a9,fishing pier,Shore
train_ep_009647,loc__high_priest_chamber__3d59d244,high priest chamber,Inside Church
train_ep_009648,loc__beside_church_pews__8d83bdb7,beside church pews,Inside Church
train_ep_009649,loc__quicksand_pit__591e521d,quicksand pit,Swamp
train_ep_009650,loc__sacrifice_chamber__8aaf85ac,sacrifice chamber,Inside Temple
train_ep_009651,loc__beach_house__64bd4f8d,beach house,Shore
train_ep_009652,loc__mushroom_hut__8bb7cd75,mushroom hut,Outside Cottage
train_ep_009653,loc__pirate_ship__a3eb0b34,pirate ship,Port
train_ep_009654,loc__inside_cottage_kitchen__5eaa1ce9,inside cottage kitchen,Inside Cottage
train_ep_009655,loc__hillside_manor__b1ec6b5a,hillside manor,Countryside
train_ep_009656,loc__pig_pen__cd6444b3,pig pen,Countryside
train_ep_009657,loc__beside_temple_entrance__b712f707,beside temple entrance,Outside Temple
train_ep_009658,loc__tower_dungeon__3b953217,tower dungeon,Inside Tower
train_ep_009659,loc__beside_church_entrance__2206aedf,beside church entrance,Outside Church
train_ep_009660,loc__castle_armory__c05c8115,castle armory,Inside Castle
train_ep_009661,loc__hillside_mansion__369afa4b,hillside mansion,Countryside
train_ep_009662,loc__palace_ballroom__e83afcc3,palace ballroom,Inside Palace
train_ep_009663,loc__church_altar__b46bba3c,church altar,Inside Church
train_ep_009664,loc__tower_sewers__135799e5,tower sewers,Inside Tower
train_ep_009665,loc__towering_mesa__148ef02b,towering mesa,Desert
train_ep_009666,loc__inside_temple_crypt__eb261a98,inside temple crypt,Inside Temple
train_ep_009667,loc__small_hut__78dbc695,small hut,Jungle
train_ep_009668,loc__gold_mine__23a64f00,gold mine,Abandoned
train_ep_009669,loc__room_at_the_top_of_the_tower__bebc68b6,room at the top of the tower,Inside Castle
train_ep_009670,loc__lonely_island__941f1782,lonely island,Abandoned
train_ep_009671,loc__sitting_room__152ab82c,sitting room,Inside Cottage
train_ep_009672,loc__whipping_station__cd58acd7,whipping station,Outside Church
train_ep_009673,loc__bedding_room__8584585f,bedding room,Inside Palace
train_ep_009674,loc__prison_room__075cec3e,prison room,Inside Tower
train_ep_009675,loc__fountain__79de7a61,fountain,Graveyard
train_ep_009676,loc__oasis__335ffbcf,oasis,Desert
train_ep_009677,loc__beach_house__64bd4f8d,beach house,Shore
train_ep_009678,loc__stained_glass_room__fe4963f3,stained glass room,Inside Church
train_ep_009679,loc__farmer_hill__b21f8161,farmer hill,Outside Cottage
train_ep_009680,loc__mars_desert__d8c9aa45,mars desert,Desert
train_ep_009681,loc__clearing__5832a4d8,clearing,Forest
train_ep_009682,loc__hall_of_echoes__55050f7d,hall of echoes,Inside Temple
train_ep_009683,loc__bathing_room__e8175c31,bathing room,Inside Temple
train_ep_009684,loc__mysterious_shop__454073ca,mysterious shop,Bazaar
train_ep_009685,loc__show_room_inside_the_castle__f6ac41dd,show room inside the castle,Inside Castle
train_ep_009686,loc__town_of_anoria__bfbab07a,town of anoria,Town
train_ep_009687,loc__tavern_of_browntavia__0bc98c5d,tavern of browntavia,Tavern
train_ep_009688,loc__inside_church_back_row__5cc901b4,inside church back row,Inside Church
train_ep_009689,loc__bone_pit__bec80d68,bone pit,Outside Temple
train_ep_009690,loc__enchanted_light_house__0bd68be0,enchanted light house,Shore
train_ep_009691,loc__sacrificial_altar__0974214f,sacrificial altar,Inside Temple
train_ep_009692,loc__murder_hole__da3df777,murder hole,Inside Tower
train_ep_009693,loc__dungeon__e0dc3209,dungeon,Inside Temple
train_ep_009694,loc__garden__e2704f30,garden,Outside Cottage
train_ep_009695,loc__personal_quarters__5bdf1559,personal quarters,Inside Palace
train_ep_009696,loc__bank__bd5af1f6,bank,Swamp
train_ep_009697,loc__library__d521f765,library,Inside Castle
train_ep_009698,loc__study_room__5698bd87,study room,Inside Church
train_ep_009699,loc__ruined_house__b253dd25,ruined house,Abandoned
train_ep_009700,loc__pond__d873154f,pond,Forest
train_ep_009701,loc__reception_area__9f5fd34c,reception area,Graveyard
train_ep_009702,loc__garden__e2704f30,garden,Outside Palace
train_ep_009703,loc__dock__05debdb8,dock,Port
train_ep_009704,loc__weapon_room__a7162ba9,weapon room,Inside Temple
train_ep_009705,loc__small_graveyard__d12232a8,small graveyard,Outside Cottage
train_ep_009706,loc__entrance__2a20afe0,entrance,Cave
train_ep_009707,loc__armory__f1c6e216,armory,Inside Castle
train_ep_009708,loc__stable__f40faf63,stable,Farm
train_ep_009709,loc__clearing__5832a4d8,clearing,Jungle
train_ep_009710,loc__nave__bfe4b52c,nave,Inside Church
train_ep_009711,loc__graveyard__7b3ab674,graveyard,Outside Church
train_ep_009712,loc__stable__f40faf63,stable,Outside Palace
train_ep_009713,loc__torture_room__87c0e788,torture room,Dungeon
train_ep_009714,loc__main_hallway__840c1503,main hallway,Inside Palace
train_ep_009715,loc__town_square__4d10acd1,town square,Town
train_ep_009716,loc__hidden_passageway__d7cdebb5,hidden passageway,Inside Temple
train_ep_009717,loc__grand_ballroom__52b4001e,grand ballroom,Inside Castle
train_ep_009718,loc__old_crypt__9f170f50,old crypt,Graveyard
train_ep_009719,loc__castle_kitchen__b00392de,castle kitchen,Inside Castle
train_ep_009720,loc__weathered_shack__8c23b906,weathered shack,Abandoned
train_ep_009721,loc__debtor_s_prison__ea99977f,debtor's prison,Inside Tower
train_ep_009722,loc__temple_entrance__71ae50b0,temple entrance,Outside Temple
train_ep_009723,loc__staircase__7dbf02f9,staircase,Inside Tower
train_ep_009724,loc__tree_of_spirits__e757fcef,tree of spirits,Trail
train_ep_009725,loc__royal_tomb__1b57a10e,royal tomb,Inside Temple
train_ep_009726,loc__popes_dormitory__ddb11751,popes dormitory,Inside Church
train_ep_009727,loc__grand_dining_room__8cb359cc,grand dining room,Inside Palace
train_ep_009728,loc__brim_canal__7a498e16,brim canal,Lake
train_ep_009729,loc__maidens_cottage__ce8fe6f9,maidens cottage,Countryside
train_ep_009730,loc__horse_s_stables__0cd4df4c,horse's stables,Outside Cottage
train_ep_009731,loc__horse_field__eeae819a,horse field,Countryside
train_ep_009732,loc__hunting_grounds__6ac15b3d,hunting grounds,Trail
train_ep_009733,loc__prisoner_s_cell__bf78e6a1,prisoner's cell,Dungeon
train_ep_009734,loc__queen_s_quarters__22b70e95,queen's quarters,Inside Palace
train_ep_009735,loc__cemetery__dccbebc2,cemetery,Wasteland
train_ep_009736,loc__artillery_room__9af01c49,artillery room,Inside Tower
train_ep_009737,loc__archery_zone__fdb7c330,archery zone,Outside Castle
train_ep_009738,loc__knight_s_hunting_ground__09b79c95,knight's hunting ground,Trail
train_ep_009739,loc__priest_s_chambers__1ebce5c5,priest's chambers,Inside Temple
train_ep_009740,loc__kitchen__09228dac,kitchen,Inside Castle
train_ep_009741,loc__master_bedroom__ee30383a,master bedroom,Inside Castle
train_ep_009742,loc__outpost__9e81fdfb,outpost,Mountain
train_ep_009743,loc__royal_shipyard__fc976e6e,royal shipyard,Port
train_ep_009744,loc__ritual_room__4574deb8,ritual room,Inside Temple
train_ep_009745,loc__front_of_the_cottage__908b24e7,front of the cottage,Outside Cottage
train_ep_009746,loc__armory__f1c6e216,armory,Inside Tower
train_ep_009747,loc__confession_box__fb7e21f1,confession box,Inside Church
train_ep_009748,loc__bandit_lair__90d428ee,bandit lair,Cave
train_ep_009749,loc__ruin_of_a_house__62eef8f7,ruin of a house,Wasteland
train_ep_009750,loc__tent__7b65dcf0,tent,Desert
train_ep_009751,loc__inside_the_temple__573b0d5f,inside the temple,Inside Temple
train_ep_009752,loc__boat_house__62b9e6c4,boat house,Port
train_ep_009753,loc__kings_bedroom__64489025,kings bedroom,Inside Castle
train_ep_009754,loc__stream__f7b44cfa,stream,Forest
train_ep_009755,loc__forest__f379cfd7,forest,Countryside
train_ep_009756,loc__lush_meadow_in_the_country_side__d9fa9500,lush meadow in the country side,Countryside
train_ep_009757,loc__small_town_located_in_the_hills__d4698af1,small town located in the hills,Town
train_ep_009758,loc__kings_bed_room__b1f6b2b3,kings bed room,Inside Castle
train_ep_009759,loc__front_row__ec5571ef,front row,Inside Church
train_ep_009760,loc__town_in_the_desert__fff2a6b4,town in the desert,Wasteland
train_ep_009761,loc__primary_cave__755e8817,primary cave,Cave
train_ep_009762,loc__chapel_of_the_eight__e35d875d,chapel of the eight,Inside Castle
train_ep_009763,loc__ferry_terminal__e6bf99dd,ferry terminal,Port
train_ep_009764,loc__bed_chambers__67892844,bed chambers,Inside Palace
train_ep_009765,loc__modest_living_area__fe2770f1,modest living area,Inside Cottage
train_ep_009766,loc__temple_foyer__c0b5e90a,temple foyer,Inside Temple
train_ep_009767,loc__front_altar__819cc2dd,front altar,Inside Temple
train_ep_009768,loc__desert_tent__a1a041ce,desert tent,Wasteland
train_ep_009769,loc__northern_shore__e8588ae1,northern shore,Lake
train_ep_009770,loc__old_gnaisha_s__d05194f9,old gnaisha's,Bazaar
train_ep_009771,loc__great_armory__8a3248e6,great armory,Inside Castle
train_ep_009772,loc__paladins_memorial_chapel__3b8a3ef4,paladins' memorial chapel,Inside Church
train_ep_009773,loc__shrine_of_sretniy__c5cdca48,shrine of sretniy,Inside Temple
train_ep_009774,loc__banquet_hall__b7ba191c,banquet hall,Inside Castle
train_ep_009776,loc__desert_land__d9285c9c,desert land,Desert
train_ep_009777,loc__pond__d873154f,pond,Wasteland
train_ep_009778,loc__fishing_shack__be027604,fishing shack,Lake
train_ep_009779,loc__horse_stables__3ab0f4c8,horse stables,Outside Castle
train_ep_009780,loc__castle_basement__ef824ba7,castle basement,Inside Castle
train_ep_009781,loc__tower_kitchen__9b8a3da9,tower kitchen,Inside Tower
train_ep_009782,loc__abandoned_workers_shed__0002433d,abandoned workers shed,Graveyard
train_ep_009783,loc__chicken_pen__1c50c5ac,chicken pen,Countryside
train_ep_009784,loc__stable_hand_s_quarters__74578d25,stable hand's quarters,Outside Castle
train_ep_009785,loc__middle_of_the_bazaar__54f18754,middle of the bazaar,Bazaar
train_ep_009786,loc__corn_field__018a2ccf,corn field,Farm
train_ep_009787,loc__main_house__39d59a9f,main house,Farm
train_ep_009788,loc__old_queen_farm__057da97d,old queen farm,Wasteland
train_ep_009789,loc__fish_market__4e56b4a3,fish market,Port
train_ep_009790,loc__castle_exit__5b525e0e,castle exit,Inside Castle
train_ep_009791,loc__reagent_room__559ae958,reagent room,Outside Tower
train_ep_009792,loc__cavern_dwelling__44fe0d79,cavern dwelling,Desert
train_ep_009793,loc__washroom__050b06a4,washroom,Inside Castle
train_ep_009794,loc__fishing_dock__fbf73e36,fishing dock,Lake
train_ep_009795,loc__balcony__d85f7317,balcony,Inside Palace
train_ep_009796,loc__sheriff_office__d4dae028,sheriff office,Farm
train_ep_009797,loc__church_garden__56a741fe,church garden,Outside Church
train_ep_009798,loc__flower_field__f936e92b,flower field,Countryside
train_ep_009799,loc__large_cliffs__f86c4fa5,large cliffs,Shore
train_ep_009800,loc__port_skyline__0254ced0,port skyline,Port
train_ep_009801,loc__main_prayer_room__ec7e9b7f,main prayer room,Inside Temple
train_ep_009802,loc__apothecary__e264c143,apothecary,Town
train_ep_009803,loc__chamber_entrance__0228ee72,chamber entrance,Inside Church
train_ep_009804,loc__church_garden__56a741fe,church garden,Outside Church
train_ep_009805,loc__dining_hall__10c40af2,dining hall,Inside Castle
train_ep_009806,loc__north_forest__a809663e,north forest,Forest
train_ep_009807,loc__mess_hall__df491ab7,mess hall,Inside Temple
train_ep_009808,loc__privy_room__3e3bfa73,privy room,Inside Castle
train_ep_009809,loc__forsaken_castle__e4d7c5af,forsaken castle,Abandoned
train_ep_009810,loc__unfinished_mausoleum__d8f26138,unfinished mausoleum,Graveyard
train_ep_009811,loc__dungeon__e0dc3209,dungeon,Inside Castle
train_ep_009812,loc__dungeon_within_a_castle__30c5909c,dungeon within a castle,Dungeon
train_ep_009813,loc__inside_temple__78c8ad2b,inside temple,Inside Temple
train_ep_009814,loc__large_galleon__0e3d3ca8,large galleon,Port
train_ep_009815,loc__waterfall__911b1ca4,waterfall,Mountain
train_ep_009816,loc__sanctuary__80452c45,sanctuary,Inside Church
train_ep_009817,loc__meditation_room__40c0a44e,meditation room,Inside Temple
train_ep_009818,loc__nursery__a718a874,nursery,Inside Palace
train_ep_009819,loc__kitchen__09228dac,kitchen,Tavern
train_ep_009820,loc__library__d521f765,library,Inside Castle
train_ep_009821,loc__pirate_ship__a3eb0b34,pirate ship,Port
train_ep_009822,loc__palace_throne__edc54e5f,palace throne,Inside Palace
train_ep_009823,loc__enchanted_light_house__0bd68be0,enchanted light house,Shore
train_ep_009824,loc__main_entrance__68f3df62,main entrance,Outside Temple
train_ep_009825,loc__pond__d873154f,pond,Forest
train_ep_009826,loc__royal_tomb__1b57a10e,royal tomb,Inside Temple
train_ep_009827,loc__royal_shipyard__fc976e6e,royal shipyard,Port
train_ep_009828,loc__front_of_the_cottage__908b24e7,front of the cottage,Outside Cottage
train_ep_009829,loc__kings_bed_room__b1f6b2b3,kings bed room,Inside Castle
train_ep_009830,loc__old_gnaisha_s__d05194f9,old gnaisha's,Bazaar
train_ep_009831,loc__shrine_of_sretniy__c5cdca48,shrine of sretniy,Inside Temple
train_ep_009832,loc__knife_seller__e0a51e70,knife seller,Bazaar
train_ep_009833,loc__old_docks__ed431416,old docks,Shore
train_ep_009834,loc__kitchens__dfd09a86,kitchens,Inside Castle
train_ep_009835,loc__sewer_entrance__f153eab9,sewer entrance,Inside Tower
train_ep_009836,loc__dangerous_precipice__81c337c6,dangerous precipice,Mountain
train_ep_009837,loc__attic__0535c94e,attic,Inside Palace
train_ep_009838,loc__sermon_hall__5b457bb1,sermon hall,Inside Church
train_ep_009839,loc__dogs_domain__0a1f1a65,dogs' domain,Inside Church
train_ep_009840,loc__inside_the_king_s_palace__ad1ed203,inside the king's palace,Inside Palace
train_ep_009841,loc__graveyard__7b3ab674,graveyard,Graveyard
train_ep_009842,loc__dining_hall__10c40af2,dining hall,Inside Tower
train_ep_009843,loc__docks__d1b1bb99,docks,Port
train_ep_009844,loc__lagoon__664a6ce4,lagoon,Lake
train_ep_009845,loc__cave__e386df9e,cave,Cave
train_ep_009846,loc__tree_house__493a5d1a,tree house,Jungle
train_ep_009847,loc__kings_chambers__3b38188f,kings chambers,Inside Palace
train_ep_009848,loc__dark_cave__b9185199,dark cave,Cave
train_ep_009849,loc__town_theater__8fa3302e,town theater,Town
train_ep_009850,loc__grand_dancing_hall__7dd99710,grand dancing hall,Inside Palace
train_ep_009851,loc__top_of_a_tall_tree__6c2eb414,top of a tall tree,Jungle
train_ep_009852,loc__behind_the_servant_quarters__9413241c,behind the servant quarters,Wasteland
train_ep_009853,loc__kitchen__09228dac,kitchen,Tavern
train_ep_009854,loc__cactus_field__ce508a05,cactus field,Desert
train_ep_009855,loc__mars_desert__d8c9aa45,mars desert,Desert
train_ep_009856,loc__reception_area__9f5fd34c,reception area,Graveyard
train_ep_009857,loc__armory__f1c6e216,armory,Inside Castle
train_ep_009858,loc__archery_zone__fdb7c330,archery zone,Outside Castle
train_ep_009859,loc__king_s_chambers__e3e597fe,king's chambers,Inside Palace
train_ep_009860,loc__master_bedroom__ee30383a,master bedroom,Inside Castle
train_ep_009861,loc__front_of_the_cottage__908b24e7,front of the cottage,Outside Cottage
train_ep_009862,loc__bandit_lair__90d428ee,bandit lair,Cave
train_ep_009863,loc__pond__d873154f,pond,Wasteland
train_ep_009864,loc__tower_kitchen__9b8a3da9,tower kitchen,Inside Tower
train_ep_009865,loc__main_house__39d59a9f,main house,Farm
train_ep_009866,loc__fishing_dock__fbf73e36,fishing dock,Lake
train_ep_009867,loc__sheriff_office__d4dae028,sheriff office,Farm
train_ep_009868,loc__winding_staircase__ec3107f8,winding staircase,Outside Tower
train_ep_009869,loc__tailings_pile__d27fba96,tailings pile,Mountain
train_ep_009870,loc__garden__e2704f30,garden,Outside Palace
train_ep_009871,loc__hidden_revolutionaries_headquarters__536080d4,hidden revolutionaries' headquarters,Inside Palace
train_ep_009872,loc__guards_quarters__94702054,guards quarters,Inside Tower
train_ep_009873,loc__bazaar_outside_the_royal_city__3f48a35a,bazaar outside the royal city,Bazaar
train_ep_009874,loc__cactus_field_entrance__cba07803,cactus field entrance,Desert
train_ep_009875,loc__outside_of_the_temple_offices__dd9f1ee7,outside of the temple offices,Outside Temple
train_ep_009876,loc__temple_chamber__417585e8,temple chamber,Inside Temple
train_ep_009877,loc__pine_tree_graveyard__18f73c00,pine tree graveyard,Forest
train_ep_009878,loc__personal_rooms__f7ec06d2,personal rooms,Inside Palace
train_ep_009879,loc__curved_hallway__638b964b,curved hallway,Inside Tower
train_ep_009880,loc__lavoratory__9cb21908,lavoratory,Inside Castle
train_ep_009881,loc__nearby_road__b720e559,nearby road,Countryside
train_ep_009882,loc__ant_hill__01158295,ant hill,Forest
train_ep_009883,loc__guard_barracks__c7741c50,guard barracks,Inside Castle
train_ep_009884,loc__grand_balcony__41fccf30,grand balcony,Inside Palace
train_ep_009885,loc__castle_royal_tower__bb8b04a7,castle royal tower,Inside Castle
train_ep_009886,loc__keep__18ccf61d,keep,Inside Tower
train_ep_009887,loc__apple_trees__6ead89c4,apple trees,Bazaar
train_ep_009888,loc__island__3dbacfd7,island,Lake
train_ep_009889,loc__lake__97d986e2,lake,Lake
train_ep_009890,loc__dark_cave__b9185199,dark cave,Cave
train_ep_009891,loc__top_side_tower_overlooking_view__8b843a89,top side tower overlooking view,Outside Tower
train_ep_009892,loc__dock_at_the_port__eaf44017,dock at the port,Port
train_ep_009893,loc__dock__05debdb8,dock,Lake
train_ep_009894,loc__within_the_walls_of_the_city__ccd0198d,within the walls of the city,Inside Tower
train_ep_009895,loc__boathouse__f1916d48,boathouse,Swamp
train_ep_009896,loc__barracks__2ce29011,barracks,Outside Castle
train_ep_009897,loc__beach_house__64bd4f8d,beach house,Shore
train_ep_009898,loc__beside_temple_entrance__b712f707,beside temple entrance,Outside Temple
train_ep_009899,loc__stained_glass_room__fe4963f3,stained glass room,Inside Church
train_ep_009900,loc__town_of_anoria__bfbab07a,town of anoria,Town
train_ep_009901,loc__debtor_s_prison__ea99977f,debtor's prison,Inside Tower
train_ep_009902,loc__royal_tomb__1b57a10e,royal tomb,Inside Temple
train_ep_009903,loc__hunting_grounds__6ac15b3d,hunting grounds,Trail
train_ep_009904,loc__haunted_swamp__8ecea208,haunted swamp,Swamp
train_ep_009905,loc__dungeon__e0dc3209,dungeon,Inside Palace
train_ep_009906,loc__bar__37b51d19,bar,Tavern
train_ep_009907,loc__cave__e386df9e,cave,Cave
train_ep_009908,loc__lake__97d986e2,lake,Lake
train_ep_009909,loc__kitchen__09228dac,kitchen,Inside Cottage
train_ep_009910,loc__tower_base__11a0e527,tower base,Outside Tower
train_ep_009911,loc__brush_den__e1300d94,brush den,Forest
train_ep_009912,loc__throne__253d405e,throne,Inside Palace
train_ep_009913,loc__beside_tower_entrance__4289dcc4,beside tower entrance,Inside Tower
train_ep_009914,loc__maidens_cottage__ce8fe6f9,maidens cottage,Countryside
train_ep_009915,loc__royal_shipyard__fc976e6e,royal shipyard,Port
train_ep_009916,loc__front_of_the_cottage__908b24e7,front of the cottage,Outside Cottage
train_ep_009917,loc__banquet_hall__b7ba191c,banquet hall,Inside Castle
train_ep_009918,loc__cavern_dwelling__44fe0d79,cavern dwelling,Desert
train_ep_009919,loc__main_prayer_room__ec7e9b7f,main prayer room,Inside Temple
train_ep_009920,loc__dead_tree__ae78e2fc,dead tree,Graveyard
train_ep_009921,loc__town_center__f942e8bf,town center,Town
train_ep_009922,loc__disposal_area__72d310fd,disposal area,Inside Castle
train_ep_009923,loc__mansion_entrance__5c32e57d,mansion entrance,Inside Cottage
train_ep_009924,loc__castle_foothills__40ba7cae,castle foothills,Outside Tower
train_ep_009925,loc__ant_hill__01158295,ant hill,Forest
train_ep_009926,loc__backyard__3bec248d,backyard,Outside Cottage
train_ep_009927,loc__path_to_the_manor__cd09e091,path to the manor,Countryside
train_ep_009928,loc__church__916586c8,church,Outside Church
train_ep_009929,loc__wooded_magical_village__0d0cf6a7,wooded magical village,Forest
train_ep_009930,loc__underground_chamber__d71a7d7a,underground chamber,Cave
train_ep_009931,loc__inside_temple__78c8ad2b,inside temple,Inside Temple
train_ep_009932,loc__inside_the_temple__573b0d5f,inside the temple,Inside Temple
train_ep_009933,loc__jungle__5d991220,jungle,Jungle
train_ep_009934,loc__treasure_cavern__26b58d7a,treasure cavern,Inside Temple
train_ep_009935,loc__living_quarters__26fbc0ca,living quarters,Farm
train_ep_009936,loc__sanctuary__80452c45,sanctuary,Inside Church
train_ep_009937,loc__beyond_the_wall__adff6e1c,beyond the wall,Outside Castle
train_ep_009938,loc__next_to_an_altar__6252d8d6,next to an altar,Inside Church
train_ep_009939,loc__inside_cottage_kitchen__5eaa1ce9,inside cottage kitchen,Inside Cottage
train_ep_009940,loc__public_execution_stand__ec1c97f7,public execution stand,Bazaar
train_ep_009941,loc__town_of_anoria__bfbab07a,town of anoria,Town
train_ep_009942,loc__hidden_passageway__d7cdebb5,hidden passageway,Inside Temple
train_ep_009943,loc__staircase__7dbf02f9,staircase,Inside Tower
train_ep_009944,loc__tower_kitchen__9b8a3da9,tower kitchen,Inside Tower
train_ep_009945,loc__fishing_dock__fbf73e36,fishing dock,Lake
train_ep_009946,loc__quay__a4499c24,quay,Port
train_ep_009947,loc__guards_quarters__94702054,guards quarters,Inside Tower
train_ep_009948,loc__mysterious_shop_s_entrance__212a3859,mysterious shop's entrance,Bazaar
train_ep_009949,loc__temple_chamber__417585e8,temple chamber,Inside Temple
train_ep_009950,loc__castle_kitchen__b00392de,castle kitchen,Inside Castle
train_ep_009951,loc__curved_hallway__638b964b,curved hallway,Inside Tower
train_ep_009952,loc__farmer_s_house__742677bc,farmer's house,Farm
train_ep_009953,loc__bazaar__8c5c7284,bazaar,Bazaar
train_ep_009954,loc__attic__0535c94e,attic,Inside Church
train_ep_009955,loc__table_area__8fcbc5c5,table area,Tavern
train_ep_009956,loc__church_coat_room__3bec4535,church coat room,Inside Church
train_ep_009957,loc__secret_tunnel__57b3c615,secret tunnel,Cave
train_ep_009958,loc__secret_tunnel__57b3c615,secret tunnel,Inside Castle
train_ep_009959,loc__guard_barracks__c7741c50,guard barracks,Inside Castle
train_ep_009960,loc__flower_garden__879381ca,flower garden,Forest
train_ep_009961,loc__alchemists_bedroom__cfb992f0,alchemists bedroom,Inside Tower
train_ep_009962,loc__underwater_cave__155a0a0e,underwater cave,Cave
train_ep_009963,loc__castle_courtyard_bazaar__f18a3852,castle courtyard bazaar,Bazaar
train_ep_009964,loc__dungeon__e0dc3209,dungeon,Inside Castle
train_ep_009965,loc__castle__9355a9f9,castle,Inside Castle
train_ep_009966,loc__royal_kitchen__fca4f709,royal kitchen,Inside Palace
train_ep_009967,loc__gathering_room__2b59ea3f,gathering room,Inside Cottage
train_ep_009968,loc__top_of_a_tall_tree__6c2eb414,top of a tall tree,Jungle
train_ep_009969,loc__marketplace__bc5986eb,marketplace,Port
train_ep_009970,loc__adjacent_to_the_guest_castle__7becb0d5,adjacent to the guest castle,Farm
train_ep_009971,loc__banquet_hall__b7ba191c,banquet hall,Inside Castle
train_ep_009972,loc__kitchen__09228dac,kitchen,Inside Cottage
train_ep_009973,loc__brush_den__e1300d94,brush den,Forest
train_ep_009974,loc__towering_mesa__148ef02b,towering mesa,Desert
train_ep_009975,loc__whipping_station__cd58acd7,whipping station,Outside Church
train_ep_009976,loc__weapon_room__a7162ba9,weapon room,Inside Temple
train_ep_009977,loc__torture_room__87c0e788,torture room,Dungeon
train_ep_009978,loc__chapel_of_the_eight__e35d875d,chapel of the eight,Inside Castle
train_ep_009979,loc__bed_chambers__67892844,bed chambers,Inside Palace
train_ep_009980,loc__fish_market__4e56b4a3,fish market,Port
train_ep_009981,loc__warehouses__54495979,warehouses,Port
train_ep_009982,loc__main_gate__d66ce966,main gate,Countryside
train_ep_009983,loc__temple_chamber__417585e8,temple chamber,Inside Temple
train_ep_009984,loc__mansion_entrance__5c32e57d,mansion entrance,Inside Cottage
train_ep_009985,loc__council_of_twelve__3232fa93,council of twelve,Inside Temple
train_ep_009986,loc__sewer_entrance__f153eab9,sewer entrance,Inside Tower
train_ep_009987,loc__hilltop_temple_grounds__9a75117c,hilltop temple grounds,Outside Temple
train_ep_009988,loc__queen_s_bedchamber__25802711,queen's bedchamber,Inside Palace
train_ep_009989,loc__oasis__335ffbcf,oasis,Desert
train_ep_009990,loc__courtyard__2c2bf458,courtyard,Outside Palace
train_ep_009991,loc__queen_s_chamber__e51179c6,queen's chamber,Inside Palace
train_ep_009992,loc__sacrificial_altar__0974214f,sacrificial altar,Inside Temple
train_ep_009993,loc__graveyard__7b3ab674,graveyard,Outside Church
train_ep_009994,loc__town_square__4d10acd1,town square,Town
train_ep_009995,loc__royal_tomb__1b57a10e,royal tomb,Inside Temple
train_ep_009996,loc__hunting_grounds__6ac15b3d,hunting grounds,Trail
train_ep_009997,loc__priest_s_chambers__1ebce5c5,priest's chambers,Inside Temple
train_ep_009998,loc__kitchen__09228dac,kitchen,Inside Castle
train_ep_009999,loc__royal_shipyard__fc976e6e,royal shipyard,Port
train_ep_010000,loc__confession_box__fb7e21f1,confession box,Inside Church
train_ep_010001,loc__chapel_of_the_eight__e35d875d,chapel of the eight,Inside Castle
train_ep_010002,loc__front_altar__819cc2dd,front altar,Inside Temple
train_ep_010003,loc__grassy_plains__ecb71cc6,grassy plains,Trail
train_ep_010004,loc__fishing_shack__be027604,fishing shack,Lake
train_ep_010005,loc__north_forest__a809663e,north forest,Forest
train_ep_010006,loc__captain_s_cabin__60e1b85d,captain's cabin,Port
train_ep_010007,loc__bright_path__17c6a100,bright path,Inside Castle
train_ep_010008,loc__small_dirt_road__40d1ead7,small dirt road,Countryside
train_ep_010009,loc__tailings_pile__d27fba96,tailings pile,Mountain
train_ep_010010,loc__knife_seller__e0a51e70,knife seller,Bazaar
train_ep_010011,loc__entryway_to_the_wizards_tower__7a21df60,entryway to the wizards tower,Inside Tower
train_ep_010012,loc__visitor_s_entrance__44f22aeb,visitor's entrance,Inside Temple
train_ep_010013,loc__inside_the_ruined_house__f351c82a,inside the ruined house,Inside Cottage
train_ep_010014,loc__collapsed_west_wing__5208068f,collapsed west wing,Abandoned
train_ep_010015,loc__turquoise_shore__9c4dff53,turquoise shore,Shore
train_ep_010016,loc__barn__5dfcc0aa,barn,Farm
train_ep_010017,loc__hilltop_temple_grounds__9a75117c,hilltop temple grounds,Outside Temple
train_ep_010018,loc__library__d521f765,library,Inside Castle
train_ep_010019,loc__dining_hall__10c40af2,dining hall,Inside Castle
train_ep_010020,loc__throne__253d405e,throne,Inside Palace
train_ep_010021,loc__prison_room__075cec3e,prison room,Inside Tower
train_ep_010022,loc__tavern_of_browntavia__0bc98c5d,tavern of browntavia,Tavern
train_ep_010023,loc__village_at_the_base_of_the_mountain__47dbe2ea,village at the base of the mountain,Mountain
train_ep_010024,loc__dangerous_precipice__81c337c6,dangerous precipice,Mountain
train_ep_010025,loc__castle_maids_room__208d485a,castle maids' room,Inside Castle
train_ep_010026,loc__haunted_swamp__8ecea208,haunted swamp,Swamp
train_ep_010027,loc__bamboo_hut__fe75e1af,bamboo hut,Jungle
train_ep_010028,loc__abandoned_castle_on_an_ocean_cliff_side__2a4a7700,abandoned castle on an ocean cliff side,Abandoned
train_ep_010029,loc__bazaar__8c5c7284,bazaar,Bazaar
train_ep_010030,loc__tower__79835ea3,tower,Outside Tower
train_ep_010031,loc__town_square__4d10acd1,town square,Town
train_ep_010032,loc__barn__5dfcc0aa,barn,Farm
train_ep_010033,loc__top_of_a_tall_tree__6c2eb414,top of a tall tree,Jungle
train_ep_010034,loc__rectory__af9459b5,rectory,Inside Church
train_ep_010035,loc__confessional__f24d3972,confessional,Inside Church
train_ep_010036,loc__entrance_to_church__2ba81d25,entrance to church,Outside Church
train_ep_010037,loc__inside_cottage_kitchen__5eaa1ce9,inside cottage kitchen,Inside Cottage
train_ep_010038,loc__prisoner_s_cell__bf78e6a1,prisoner's cell,Dungeon
train_ep_010039,loc__staircase__7dbf02f9,staircase,Inside Tower
train_ep_010040,loc__kitchen__09228dac,kitchen,Inside Castle
train_ep_010041,loc__royal_shipyard__fc976e6e,royal shipyard,Port
train_ep_010042,loc__washroom__050b06a4,washroom,Inside Castle
train_ep_010043,loc__drinking_water_lake__072d7988,drinking water lake,Lake
train_ep_010044,loc__royal_bathroom__f7f11309,royal bathroom,Inside Castle
train_ep_010045,loc__chicken_coop__6afcba65,chicken coop,Farm
train_ep_010046,loc__table_area__8fcbc5c5,table area,Tavern
train_ep_010047,loc__laundry_lines__dd2e9ca6,laundry lines,Outside Palace
train_ep_010048,loc__altar_room__cbf077bb,altar room,Inside Temple
train_ep_010049,loc__werewolves_tavern__a0b69047,werewolves tavern,Tavern
train_ep_010050,loc__large_galleon__0e3d3ca8,large galleon,Port
train_ep_010051,loc__lakeside_house__e89e18cd,lakeside house,Lake
train_ep_010052,loc__banquet_hall__b7ba191c,banquet hall,Inside Castle
train_ep_010053,loc__weapon_closet__20098437,weapon closet,Inside Tower
train_ep_010054,loc__dining_hall__10c40af2,dining hall,Inside Castle
train_ep_010055,loc__personal_quarters__5bdf1559,personal quarters,Inside Palace
train_ep_010056,loc__library__d521f765,library,Inside Castle
train_ep_010057,loc__armory__f1c6e216,armory,Inside Tower
train_ep_010058,loc__ruin_of_a_house__62eef8f7,ruin of a house,Wasteland
train_ep_010059,loc__shrine_of_sretniy__c5cdca48,shrine of sretniy,Inside Temple
train_ep_010060,loc__temple__44fdfd6b,temple,Inside Temple
train_ep_010061,loc__castle_exit__5b525e0e,castle exit,Inside Castle
train_ep_010062,loc__drinking_water_lake__072d7988,drinking water lake,Lake
train_ep_010063,loc__bottlery__3ad26146,bottlery,Inside Castle
train_ep_010064,loc__countryside__9cff47d1,countryside,Countryside
train_ep_010065,loc__tailings_pile__d27fba96,tailings pile,Mountain
train_ep_010066,loc__curved_hallway__638b964b,curved hallway,Inside Tower
train_ep_010067,loc__brimswood_pub__2b57d3a7,brimswood pub,Tavern
train_ep_010068,loc__farmer_s_house__742677bc,farmer's house,Farm
train_ep_010069,loc__arsenal__1c5442c0,arsenal,Inside Tower
train_ep_010070,loc__decoration_shop__cf40d2dc,decoration shop,Outside Temple
train_ep_010071,loc__soldiers_camp__2d6b7401,soldiers camp,Swamp
train_ep_010072,loc__guard_barracks__c7741c50,guard barracks,Inside Castle
train_ep_010073,loc__backyard__3bec248d,backyard,Outside Cottage
train_ep_010074,loc__outside_gates__58dbbce8,outside gates,Outside Cottage
train_ep_010075,loc__open_field__28aeddc6,open field,Farm
train_ep_010076,loc__inside_a_desolate_cave__62f3c8b1,inside a desolate cave,Dungeon
train_ep_010077,loc__knights_quarters__d1135fd1,knights quarters,Inside Castle
train_ep_010078,loc__inside_temple_crypt__eb261a98,inside temple crypt,Inside Temple
train_ep_010079,loc__small_hut__78dbc695,small hut,Jungle
train_ep_010081,loc__balcony__d85f7317,balcony,Inside Palace
train_ep_010082,loc__chamber_entrance__0228ee72,chamber entrance,Inside Church
train_ep_010083,loc__landing_in_the_foyer__0712bd55,landing in the foyer,Inside Palace
train_ep_010084,loc__swimming_hole__41a1f52e,swimming hole,Lake
train_ep_010085,loc__fitting_room__c555a43b,fitting room,Bazaar
train_ep_010086,loc__fishing_store__b061f606,fishing store,Port
train_ep_010087,loc__hidden_revolutionaries_headquarters__536080d4,hidden revolutionaries' headquarters,Inside Palace
train_ep_010088,loc__mysterious_shop_s_entrance__212a3859,mysterious shop's entrance,Bazaar
train_ep_010089,loc__temple_chamber__417585e8,temple chamber,Inside Temple
train_ep_010090,loc__pine_tree_graveyard__18f73c00,pine tree graveyard,Forest
train_ep_010091,loc__spring_bath__6aa6bed3,spring bath,Outside Temple
train_ep_010092,loc__tub__271721b2,tub,Inside Tower
train_ep_010093,loc__castle_foothills__40ba7cae,castle foothills,Outside Tower
train_ep_010094,loc__underwater_cave__155a0a0e,underwater cave,Cave
train_ep_010095,loc__pharmacy__bf4e2878,pharmacy,Town
train_ep_010096,loc__southernmost_tower_entryway__af5a2a89,southernmost tower entryway,Inside Tower
train_ep_010097,loc__bamboo_hut__fe75e1af,bamboo hut,Jungle
train_ep_010098,loc__outside_castle__fd9e3171,outside castle,Outside Castle
train_ep_010099,loc__barn__5dfcc0aa,barn,Farm
train_ep_010100,loc__bat_room__c322be72,bat room,Cave
train_ep_010101,loc__secret_oasis__4b7fea6a,secret oasis,Desert
train_ep_010102,loc__marketplace__bc5986eb,marketplace,Port
train_ep_010103,loc__adjacent_to_the_guest_castle__7becb0d5,adjacent to the guest castle,Farm
train_ep_010104,loc__cottage__144deb32,cottage,Countryside
train_ep_010105,loc__inside_church__aab73af9,inside church,Inside Church
train_ep_010106,loc__royal_stables__25af2687,royal stables,Outside Castle
train_ep_010107,loc__tool_shed__5a0c79ce,tool shed,Outside Cottage
train_ep_010108,loc__dining_hall__10c40af2,dining hall,Inside Castle
train_ep_010109,loc__hall_of_the_goddess__7c0819d4,hall of the goddess,Inside Temple
train_ep_010110,loc__cactus_field__ce508a05,cactus field,Desert
train_ep_010111,loc__palace_kitchen__4dee9bb6,palace kitchen,Inside Palace
train_ep_010112,loc__hillside_manor__b1ec6b5a,hillside manor,Countryside
train_ep_010113,loc__small_hut__78dbc695,small hut,Jungle
train_ep_010114,loc__fountain__79de7a61,fountain,Graveyard
train_ep_010115,loc__town_of_anoria__bfbab07a,town of anoria,Town
train_ep_010116,loc__town_square__4d10acd1,town square,Town
train_ep_010117,loc__weathered_shack__8c23b906,weathered shack,Abandoned
train_ep_010118,loc__popes_dormitory__ddb11751,popes dormitory,Inside Church
train_ep_010119,loc__chapel_of_the_eight__e35d875d,chapel of the eight,Inside Castle
train_ep_010120,loc__northern_shore__e8588ae1,northern shore,Lake
train_ep_010121,loc__stable_hand_s_quarters__74578d25,stable hand's quarters,Outside Castle
train_ep_010122,loc__temple__44fdfd6b,temple,Inside Temple
train_ep_010123,loc__balcony__d85f7317,balcony,Inside Palace
train_ep_010124,loc__sheriff_office__d4dae028,sheriff office,Farm
train_ep_010125,loc__flower_field__f936e92b,flower field,Countryside
train_ep_010126,loc__chamber_entrance__0228ee72,chamber entrance,Inside Church
train_ep_010127,loc__drinking_water_lake__072d7988,drinking water lake,Lake
train_ep_010128,loc__dunes__8a48dcda,dunes,Desert
train_ep_010129,loc__brimswood_pub__2b57d3a7,brimswood pub,Tavern
train_ep_010130,loc__main_chapel__05b43d90,main chapel,Inside Church
train_ep_010131,loc__town_courtroom__ffe576a1,town courtroom,Town
train_ep_010132,loc__chicken_coop__6afcba65,chicken coop,Farm
train_ep_010133,loc__path_to_the_manor__cd09e091,path to the manor,Countryside
train_ep_010134,loc__rectory__af9459b5,rectory,Inside Church
train_ep_010135,loc__mysterious_forest_outskirts__78c6782b,mysterious forest outskirts,Forest
train_ep_010136,loc__dungeon_within_a_castle__30c5909c,dungeon within a castle,Dungeon
train_ep_010137,loc__outside_castle__fd9e3171,outside castle,Outside Castle
train_ep_010138,loc__opening_to_the_drawbridge_of_the_castle__7901de11,opening to the drawbridge of the castle,Trail
train_ep_010139,loc__jungle__5d991220,jungle,Jungle
train_ep_010140,loc__abandoned_shack__d3865a64,abandoned shack,Wasteland
train_ep_010141,loc__trash_heap__0e440590,trash heap,Wasteland
train_ep_010142,loc__entrance_to_the_pine_trees__857c5da1,entrance to the pine trees,Forest
train_ep_010143,loc__courtyard__2c2bf458,courtyard,Outside Palace
train_ep_010144,loc__bedroom__cff8b1fe,bedroom,Inside Cottage
train_ep_010145,loc__barn__5dfcc0aa,barn,Farm
train_ep_010146,loc__confessional__f24d3972,confessional,Inside Church
train_ep_010147,loc__king_s_quarters__b44e1648,king's quarters,Shore
train_ep_010148,loc__nursery__a718a874,nursery,Inside Palace
train_ep_010149,loc__troll_s_lair__218cc09b,troll's lair,Cave
train_ep_010150,loc__next_to_an_altar__6252d8d6,next to an altar,Inside Church
train_ep_010151,loc__king_s_bedroom__03fb30e9,king's bedroom,Inside Palace
train_ep_010152,loc__quicksand_pit__591e521d,quicksand pit,Swamp
train_ep_010153,loc__pirate_ship__a3eb0b34,pirate ship,Port
train_ep_010154,loc__high_priest_chamber__3d59d244,high priest chamber,Inside Church
train_ep_010155,loc__garden__e2704f30,garden,Outside Cottage
train_ep_010156,loc__stable__f40faf63,stable,Outside Palace
train_ep_010157,loc__royal_tomb__1b57a10e,royal tomb,Inside Temple
train_ep_010158,loc__cemetery__dccbebc2,cemetery,Wasteland
train_ep_010159,loc__knight_s_hunting_ground__09b79c95,knight's hunting ground,Trail
train_ep_010160,loc__modest_living_area__fe2770f1,modest living area,Inside Cottage
train_ep_010161,loc__paladins_memorial_chapel__3b8a3ef4,paladins' memorial chapel,Inside Church
train_ep_010162,loc__washroom__050b06a4,washroom,Inside Castle
train_ep_010163,loc__underground_river__dde09e89,underground river,Cave
train_ep_010164,loc__saokra_s_blacksmith_shop__e5c9291c,saokra's blacksmith shop,Town
train_ep_010165,loc__mesa_peak__ec3e4014,mesa peak,Mountain
train_ep_010166,loc__garden__e2704f30,garden,Outside Palace
train_ep_010167,loc__hidden_revolutionaries_headquarters__536080d4,hidden revolutionaries' headquarters,Inside Palace
train_ep_010168,loc__cactus_field_entrance__cba07803,cactus field entrance,Desert
train_ep_010169,loc__brimswood_pub__2b57d3a7,brimswood pub,Tavern
train_ep_010170,loc__castle_foothills__40ba7cae,castle foothills,Outside Tower
train_ep_010171,loc__gate_to_street__63c54887,gate to street,Outside Church
train_ep_010172,loc__temple_hallway__fc747e35,temple hallway,Inside Temple
train_ep_010173,loc__unsettling_forest_area__3d5f756b,unsettling forest area,Forest
train_ep_010174,loc__rat_den__b7a41895,rat den,Inside Tower
train_ep_010175,loc__darkest_part_of_the_swamp__4a37261f,darkest part of the swamp,Swamp
train_ep_010176,loc__lower_dungeon_guard_room__f88d3041,lower dungeon guard room,Dungeon
train_ep_010177,loc__small_church__9543420f,small church,Inside Church
train_ep_010178,loc__beach__7193529a,beach,Shore
train_ep_010179,loc__barn__5dfcc0aa,barn,Farm
train_ep_010180,loc__island__3dbacfd7,island,Lake
train_ep_010181,loc__inside_the_fairies_church__7a838b07,inside the fairies church,Inside Church
train_ep_010182,loc__bazaar__8c5c7284,bazaar,Bazaar
train_ep_010183,loc__mud_pit__7a862ed0,mud pit,Jungle
train_ep_010184,loc__bat_room__c322be72,bat room,Cave
train_ep_010185,loc__oracle_cave__d32dc815,oracle cave,Mountain
train_ep_010186,loc__within_the_king_s_mansion__ffdc1072,within the king's mansion,Inside Temple
train_ep_010187,loc__bar__37b51d19,bar,Tavern
train_ep_010188,loc__pirate_ship__a3eb0b34,pirate ship,Port
train_ep_010189,loc__reception_area__9f5fd34c,reception area,Graveyard
train_ep_010190,loc__confession_box__fb7e21f1,confession box,Inside Church
train_ep_010191,loc__launching_point__8c178e87,launching point,Lake
train_ep_010192,loc__sacristy__3f4aff85,sacristy,Inside Church
train_ep_010193,loc__dead_tree__ae78e2fc,dead tree,Graveyard
train_ep_010194,loc__quay__a4499c24,quay,Port
train_ep_010195,loc__main_foyer__ed99a45c,main foyer,Inside Castle
train_ep_010196,loc__hidden_garden__f2140155,hidden garden,Outside Palace
train_ep_010197,loc__chicken_coop__6afcba65,chicken coop,Farm
train_ep_010198,loc__meadow__07a42035,meadow,Countryside
train_ep_010199,loc__watchtower__2275d0f0,watchtower,Outside Tower
train_ep_010200,loc__bell_tower__53496f39,bell tower,Inside Church
train_ep_010201,loc__barn__5dfcc0aa,barn,Farm
train_ep_010202,loc__wooded_magical_village__0d0cf6a7,wooded magical village,Forest
train_ep_010203,loc__inside_a_desolate_cave__62f3c8b1,inside a desolate cave,Dungeon
train_ep_010204,loc__dwarven_city__24e5c23d,dwarven city,Mountain
train_ep_010205,loc__underground_chamber__d71a7d7a,underground chamber,Cave
train_ep_010206,loc__cave__e386df9e,cave,Cave
train_ep_010207,loc__cottage__144deb32,cottage,Countryside
train_ep_010208,loc__jewelry_stall__2ec13fd4,jewelry stall,Bazaar
train_ep_010209,loc__port_skyline__0254ced0,port skyline,Port
train_ep_010210,loc__valley_of_doom__2f415a0f,valley of doom,Countryside
train_ep_010211,loc__peasant_s_cottage__00464b6c,peasant's cottage,Countryside
train_ep_010212,loc__stilt_home__612941a3,stilt home,Farm
train_ep_010213,loc__underground_river__dde09e89,underground river,Cave
train_ep_010214,loc__hay_field__0bbfde04,hay field,Outside Cottage
train_ep_010215,loc__nearby_road__b720e559,nearby road,Countryside
train_ep_010216,loc__torture_equipment_storage_room__8c501a45,torture equipment storage room,Dungeon
train_ep_010217,loc__tower_spire__a8295baa,tower spire,Inside Tower
train_ep_010218,loc__saloon__453c44d3,saloon,Tavern
train_ep_010219,loc__along_the_pews__731918a2,along the pews,Inside Church
train_ep_010220,loc__attic__0535c94e,attic,Inside Church
train_ep_010221,loc__school__7516c3b3,school,Bazaar
train_ep_010222,loc__apple_trees__6ead89c4,apple trees,Bazaar
train_ep_010223,loc__lower_dungeon_guard_room__f88d3041,lower dungeon guard room,Dungeon
train_ep_010224,loc__castle_courtyard_bazaar__f18a3852,castle courtyard bazaar,Bazaar
train_ep_010225,loc__cemetery__dccbebc2,cemetery,Graveyard
train_ep_010226,loc__abandoned_castle_on_an_ocean_cliff_side__2a4a7700,abandoned castle on an ocean cliff side,Abandoned
train_ep_010227,loc__oasis__335ffbcf,oasis,Desert
train_ep_010228,loc__docks__d1b1bb99,docks,Port
train_ep_010229,loc__armory__f1c6e216,armory,Inside Castle
train_ep_010230,loc__summit__cc8c6287,summit,Mountain
train_ep_010231,loc__nave__bfe4b52c,nave,Inside Church
train_ep_010232,loc__nursery__a718a874,nursery,Inside Palace
train_ep_010233,loc__royal_stables__25af2687,royal stables,Outside Castle
train_ep_010234,loc__small_hut__78dbc695,small hut,Jungle
train_ep_010235,loc__chamber_entrance__0228ee72,chamber entrance,Inside Church
train_ep_010236,loc__captain_s_cabin__60e1b85d,captain's cabin,Port
train_ep_010237,loc__bottlery__3ad26146,bottlery,Inside Castle
train_ep_010238,loc__farmer_s_house__742677bc,farmer's house,Farm
train_ep_010239,loc__basement__48719d32,basement,Inside Castle
train_ep_010240,loc__temple_hallway__fc747e35,temple hallway,Inside Temple
train_ep_010241,loc__table_area__8fcbc5c5,table area,Tavern
train_ep_010242,loc__old_docks__ed431416,old docks,Shore
train_ep_010243,loc__courtyard_exterior__9602be9c,courtyard exterior,Outside Palace
train_ep_010244,loc__kitchens__dfd09a86,kitchens,Inside Castle
train_ep_010245,loc__sewer_entrance__f153eab9,sewer entrance,Inside Tower
train_ep_010246,loc__king_s_dorm__f69cf31d,king's dorm,Inside Tower
train_ep_010247,loc__watchtower__2275d0f0,watchtower,Outside Tower
train_ep_010248,loc__master_bedroom__ee30383a,master bedroom,Inside Palace
train_ep_010249,loc__top_of_a_tall_tree__6c2eb414,top of a tall tree,Jungle
train_ep_010250,loc__murky_water__7482dbbf,murky water,Swamp
train_ep_010251,loc__spiral_staircase__031e4915,spiral staircase,Inside Tower
train_ep_010252,loc__dining_hall__10c40af2,dining hall,Inside Castle
train_ep_010253,loc__barracks__2ce29011,barracks,Outside Castle
train_ep_010254,loc__winter_gardens__e59bb816,winter gardens,Outside Tower
train_ep_010255,loc__beside_tower_entrance__4289dcc4,beside tower entrance,Inside Tower
train_ep_010256,loc__stable__f40faf63,stable,Outside Castle
train_ep_010257,loc__dining_hall__10c40af2,dining hall,Inside Tower
train_ep_010258,loc__main_entrance__68f3df62,main entrance,Outside Temple
train_ep_010259,loc__storage_room__ab9f0184,storage room,Dungeon
train_ep_010260,loc__courtyard__2c2bf458,courtyard,Outside Palace
train_ep_010261,loc__king_s_chambers__e3e597fe,king's chambers,Inside Palace
train_ep_010262,loc__village_at_the_base_of_the_mountain__47dbe2ea,village at the base of the mountain,Mountain
train_ep_010263,loc__grassy_plains__ecb71cc6,grassy plains,Trail
train_ep_010264,loc__launching_point__8c178e87,launching point,Lake
train_ep_010265,loc__temple__44fdfd6b,temple,Inside Temple
train_ep_010266,loc__sacristy__3f4aff85,sacristy,Inside Church
train_ep_010267,loc__main_castle_doors__e1f39f3b,main castle doors,Outside Palace
unseen_ep_000000,loc__lords_treasury__3cdd9156,lords treasury,underwater aquapolis
unseen_ep_000001,loc__mess_hall_of_the_servants__01fea9e1,mess hall of the servants,city in the clouds
unseen_ep_000002,loc__grand_hall_of_the_city__de821d93,grand hall of the city,city in the clouds
unseen_ep_000003,loc__endless_strait__da7b4cf2,endless strait,frozen tundra
unseen_ep_000004,loc__frozen_outpost__52b0f047,frozen outpost,frozen tundra
unseen_ep_000005,loc__inside_of_a_igloo__99fa18bc,inside of a igloo,frozen tundra
unseen_ep_000006,loc__eating_area_of_cave__e38c0232,eating area of cave,frozen tundra
unseen_ep_000007,loc__research_laboratory__b88ff6dc,research laboratory,frozen tundra
unseen_ep_000008,loc__fountain_of_youth__1898dde6,fountain of youth,magical realm
unseen_ep_000009,loc__dark_kings_throne_room__15b00f01,dark kings throne room,netherworld
unseen_ep_000010,loc__cabin_of_an_ogre__4b67654c,cabin of an ogre,magical realm
unseen_ep_000011,loc__lower_dungeon__fc71e0bb,lower dungeon,netherworld
unseen_ep_000012,loc__reaper_s_lair__352c6287,reaper's lair,netherworld
unseen_ep_000013,loc__stonehenge__1204dec0,stonehenge,supernatural
unseen_ep_000014,loc__toad_hollow__e8b42595,toad hollow,underwater aquapolis
unseen_ep_000015,loc__dungeon__e0dc3209,dungeon,underwater aquapolis
unseen_ep_000016,loc__geothermal_valley__cd833ed1,geothermal valley,underwater aquapolis
unseen_ep_000017,loc__cloud_tavern__40cf4583,cloud tavern,city in the clouds
unseen_ep_000018,loc__harp_store__9d737c2c,harp store,city in the clouds
unseen_ep_000019,loc__entrance_to_a_cave__5eb6c7a9,entrance to a cave,frozen tundra
unseen_ep_000020,loc__ice_cave__184df9ef,ice cave,frozen tundra
unseen_ep_000021,loc__entry_to_icy_fortress__d6ddb556,entry to icy fortress,frozen tundra
unseen_ep_000022,loc__ice_cave__184df9ef,ice cave,frozen tundra
unseen_ep_000023,loc__ice_cave__184df9ef,ice cave,frozen tundra
unseen_ep_000024,loc__swamp__5d47a77d,swamp,magical realm
unseen_ep_000025,loc__faeries_den__55ca3164,faeries den,magical realm
unseen_ep_000026,loc__creature_cave__d8fe9a8b,creature cave,magical realm
unseen_ep_000027,loc__cavern__420041ed,cavern,netherworld
unseen_ep_000028,loc__torture_chanber__05d2ec5d,torture chanber,netherworld
unseen_ep_000029,loc__devils_castle__69f49222,devils castle,netherworld
unseen_ep_000030,loc__whipping_chamber__9fe9163d,whipping chamber,netherworld
unseen_ep_000031,loc__lava_lake__6ff3dd72,lava lake,netherworld
unseen_ep_000032,loc__ghost_monk_quarters__e5fd640e,ghost monk quarters,supernatural
unseen_ep_000033,loc__astral_plane__ed73f5b8,astral plane,supernatural
unseen_ep_000034,loc__bridge_in_the_forest__76e6fedf,bridge in the forest,supernatural
unseen_ep_000035,loc__fighting_arena_inside_tourney_grounds__3c6d9fb5,fighting arena inside tourney grounds,supernatural
unseen_ep_000036,loc__tool_shed__5a0c79ce,tool shed,underwater aquapolis
unseen_ep_000037,loc__farmhouse__262eacb6,farmhouse,underwater aquapolis
unseen_ep_000038,loc__dragon_lift__003e9c27,dragon lift,city in the clouds
unseen_ep_000039,loc__cloud_nine_bar__1a6e68d0,cloud nine bar,city in the clouds
unseen_ep_000040,loc__observatory__c9554bf9,observatory,city in the clouds
unseen_ep_000041,loc__wizards_dragon_egg_incubatory__3cfe4c3e,wizards dragon egg incubatory,city in the clouds
unseen_ep_000042,loc__moon_observatory__6e08ae89,moon observatory,city in the clouds
unseen_ep_000043,loc__main_square_of_the_city_in_the_clouds__b82033e4,main square of the city in the clouds,city in the clouds
unseen_ep_000044,loc__hidden_cave__3fcdde29,hidden cave,frozen tundra
unseen_ep_000045,loc__living_room__595201ed,living room,frozen tundra
unseen_ep_000046,loc__abyss__7321a0a6,abyss,frozen tundra
unseen_ep_000047,loc__den__32ce9c04,den,frozen tundra
unseen_ep_000048,loc__festival_room__93fdb036,festival room,frozen tundra
unseen_ep_000049,loc__royal_tent__49ddd772,royal tent,magical realm
unseen_ep_000050,loc__large_ice_cave__73912ded,large ice cave,frozen tundra
unseen_ep_000051,loc__secret_magician_s_workshop__b9c18e38,secret magician's workshop,magical realm
unseen_ep_000052,loc__wizard_s_lair__7317a41a,wizard's lair,magical realm
unseen_ep_000053,loc__echo_hall__815ea5f4,echo hall,magical realm
unseen_ep_000054,loc__inside_of_a_troll_cave__0ecd0508,inside of a troll cave,magical realm
unseen_ep_000055,loc__devil_s_den__8cbc630d,devil's den,netherworld
unseen_ep_000056,loc__withered_gardens__9675f2c6,withered gardens,netherworld
unseen_ep_000057,loc__pit_of_despair__9049d5d0,pit of despair,netherworld
unseen_ep_000058,loc__lord_s_castle__133c54bb,lord's castle,netherworld
unseen_ep_000059,loc__dungeon__e0dc3209,dungeon,netherworld
unseen_ep_000060,loc__viewing_room__b9a54aac,viewing room,netherworld
unseen_ep_000061,loc__goddess_hollow__18768768,goddess hollow,supernatural
unseen_ep_000062,loc__haunted_basement__712f5d73,haunted basement,supernatural
unseen_ep_000063,loc__magic_room__7687e23e,magic room,supernatural
unseen_ep_000064,loc__glade_of_mysteries__e483c303,glade of mysteries,supernatural
unseen_ep_000065,loc__underwater_marketplace__5f463824,underwater marketplace,underwater aquapolis
unseen_ep_000066,loc__research_lab__4dd7f78d,research lab,underwater aquapolis
unseen_ep_000067,loc__dry_dock_room__c3554647,dry dock room,underwater aquapolis
unseen_ep_000068,loc__underwater_aquapolis__ab9ecec2,underwater aquapolis,underwater aquapolis
unseen_ep_000069,loc__marketplace__bc5986eb,marketplace,underwater aquapolis
unseen_ep_000070,loc__neptune_s_throne_room__366db518,neptune's throne room,underwater aquapolis
unseen_ep_000071,loc__lords_treasury__3cdd9156,lords treasury,underwater aquapolis
unseen_ep_000072,loc__thrones_of_death__ca497d32,thrones of death,netherworld
unseen_ep_000073,loc__mess_hall_of_the_servants__01fea9e1,mess hall of the servants,city in the clouds
unseen_ep_000074,loc__grand_hall_of_the_city__de821d93,grand hall of the city,city in the clouds
unseen_ep_000075,loc__endless_strait__da7b4cf2,endless strait,frozen tundra
unseen_ep_000076,loc__frozen_outpost__52b0f047,frozen outpost,frozen tundra
unseen_ep_000077,loc__eating_area_of_cave__e38c0232,eating area of cave,frozen tundra
unseen_ep_000078,loc__research_laboratory__b88ff6dc,research laboratory,frozen tundra
unseen_ep_000079,loc__inside_of_a_igloo__99fa18bc,inside of a igloo,frozen tundra
unseen_ep_000080,loc__elf_s_room__5a779e7e,elf's room,magical realm
unseen_ep_000081,loc__cabin_of_an_ogre__4b67654c,cabin of an ogre,magical realm
unseen_ep_000082,loc__lower_dungeon__fc71e0bb,lower dungeon,netherworld
unseen_ep_000083,loc__dark_kings_throne_room__15b00f01,dark kings throne room,netherworld
unseen_ep_000084,loc__reaper_s_lair__352c6287,reaper's lair,netherworld
unseen_ep_000085,loc__stonehenge__1204dec0,stonehenge,supernatural
unseen_ep_000086,loc__toad_hollow__e8b42595,toad hollow,underwater aquapolis
unseen_ep_000087,loc__dungeon__e0dc3209,dungeon,underwater aquapolis
unseen_ep_000088,loc__geothermal_valley__cd833ed1,geothermal valley,underwater aquapolis
unseen_ep_000089,loc__cloud_tavern__40cf4583,cloud tavern,city in the clouds
unseen_ep_000090,loc__harp_store__9d737c2c,harp store,city in the clouds
unseen_ep_000091,loc__ice_cave__184df9ef,ice cave,frozen tundra
unseen_ep_000092,loc__entrance_to_a_cave__5eb6c7a9,entrance to a cave,frozen tundra
unseen_ep_000093,loc__entry_to_icy_fortress__d6ddb556,entry to icy fortress,frozen tundra
unseen_ep_000094,loc__ice_cave__184df9ef,ice cave,frozen tundra
unseen_ep_000095,loc__ice_cave__184df9ef,ice cave,frozen tundra
unseen_ep_000096,loc__swamp__5d47a77d,swamp,magical realm
unseen_ep_000097,loc__faeries_den__55ca3164,faeries den,magical realm
unseen_ep_000098,loc__creature_cave__d8fe9a8b,creature cave,magical realm
unseen_ep_000099,loc__cavern__420041ed,cavern,netherworld
unseen_ep_000100,loc__torture_chanber__05d2ec5d,torture chanber,netherworld
unseen_ep_000101,loc__devils_castle__69f49222,devils castle,netherworld
unseen_ep_000102,loc__whipping_chamber__9fe9163d,whipping chamber,netherworld
unseen_ep_000103,loc__lava_lake__6ff3dd72,lava lake,netherworld
unseen_ep_000104,loc__ghost_monk_quarters__e5fd640e,ghost monk quarters,supernatural
unseen_ep_000105,loc__astral_plane__ed73f5b8,astral plane,supernatural
unseen_ep_000106,loc__bridge_in_the_forest__76e6fedf,bridge in the forest,supernatural
unseen_ep_000107,loc__tool_shed__5a0c79ce,tool shed,underwater aquapolis
unseen_ep_000108,loc__fighting_arena_inside_tourney_grounds__3c6d9fb5,fighting arena inside tourney grounds,supernatural
unseen_ep_000109,loc__farmhouse__262eacb6,farmhouse,underwater aquapolis
unseen_ep_000110,loc__dragon_lift__003e9c27,dragon lift,city in the clouds
unseen_ep_000111,loc__cloud_nine_bar__1a6e68d0,cloud nine bar,city in the clouds
unseen_ep_000112,loc__wizards_dragon_egg_incubatory__3cfe4c3e,wizards dragon egg incubatory,city in the clouds
unseen_ep_000113,loc__observatory__c9554bf9,observatory,city in the clouds
unseen_ep_000114,loc__moon_observatory__6e08ae89,moon observatory,city in the clouds
unseen_ep_000115,loc__main_square_of_the_city_in_the_clouds__b82033e4,main square of the city in the clouds,city in the clouds
unseen_ep_000116,loc__abyss__7321a0a6,abyss,frozen tundra
unseen_ep_000117,loc__living_room__595201ed,living room,frozen tundra
unseen_ep_000118,loc__festival_room__93fdb036,festival room,frozen tundra
unseen_ep_000119,loc__hidden_cave__3fcdde29,hidden cave,frozen tundra
unseen_ep_000120,loc__den__32ce9c04,den,frozen tundra
unseen_ep_000121,loc__large_ice_cave__73912ded,large ice cave,frozen tundra
unseen_ep_000122,loc__secret_magician_s_workshop__b9c18e38,secret magician's workshop,magical realm
unseen_ep_000123,loc__wizard_s_lair__7317a41a,wizard's lair,magical realm
unseen_ep_000124,loc__inside_of_a_troll_cave__0ecd0508,inside of a troll cave,magical realm
unseen_ep_000125,loc__royal_tent__49ddd772,royal tent,magical realm
unseen_ep_000126,loc__echo_hall__815ea5f4,echo hall,magical realm
unseen_ep_000127,loc__withered_gardens__9675f2c6,withered gardens,netherworld
unseen_ep_000128,loc__pit_of_despair__9049d5d0,pit of despair,netherworld
unseen_ep_000129,loc__lord_s_castle__133c54bb,lord's castle,netherworld
unseen_ep_000130,loc__dungeon__e0dc3209,dungeon,netherworld
unseen_ep_000131,loc__goddess_hollow__18768768,goddess hollow,supernatural
unseen_ep_000132,loc__viewing_room__b9a54aac,viewing room,netherworld
unseen_ep_000133,loc__glade_of_mysteries__e483c303,glade of mysteries,supernatural
unseen_ep_000134,loc__haunted_basement__712f5d73,haunted basement,supernatural
unseen_ep_000135,loc__magic_room__7687e23e,magic room,supernatural
unseen_ep_000136,loc__underwater_marketplace__5f463824,underwater marketplace,underwater aquapolis
unseen_ep_000137,loc__research_lab__4dd7f78d,research lab,underwater aquapolis
unseen_ep_000138,loc__dry_dock_room__c3554647,dry dock room,underwater aquapolis
unseen_ep_000139,loc__underwater_aquapolis__ab9ecec2,underwater aquapolis,underwater aquapolis
unseen_ep_000140,loc__marketplace__bc5986eb,marketplace,underwater aquapolis
unseen_ep_000141,loc__neptune_s_throne_room__366db518,neptune's throne room,underwater aquapolis
unseen_ep_000142,loc__lords_treasury__3cdd9156,lords treasury,underwater aquapolis
unseen_ep_000143,loc__thrones_of_death__ca497d32,thrones of death,netherworld
unseen_ep_000144,loc__mess_hall_of_the_servants__01fea9e1,mess hall of the servants,city in the clouds
unseen_ep_000145,loc__grand_hall_of_the_city__de821d93,grand hall of the city,city in the clouds
unseen_ep_000146,loc__frozen_outpost__52b0f047,frozen outpost,frozen tundra
unseen_ep_000147,loc__endless_strait__da7b4cf2,endless strait,frozen tundra
unseen_ep_000148,loc__eating_area_of_cave__e38c0232,eating area of cave,frozen tundra
unseen_ep_000149,loc__inside_of_a_igloo__99fa18bc,inside of a igloo,frozen tundra
unseen_ep_000150,loc__research_laboratory__b88ff6dc,research laboratory,frozen tundra
unseen_ep_000151,loc__fountain_of_youth__1898dde6,fountain of youth,magical realm
unseen_ep_000152,loc__elf_s_room__5a779e7e,elf's room,magical realm
unseen_ep_000153,loc__cabin_of_an_ogre__4b67654c,cabin of an ogre,magical realm
unseen_ep_000154,loc__lower_dungeon__fc71e0bb,lower dungeon,netherworld
unseen_ep_000155,loc__dark_kings_throne_room__15b00f01,dark kings throne room,netherworld
unseen_ep_000156,loc__reaper_s_lair__352c6287,reaper's lair,netherworld
unseen_ep_000157,loc__stonehenge__1204dec0,stonehenge,supernatural
unseen_ep_000158,loc__toad_hollow__e8b42595,toad hollow,underwater aquapolis
unseen_ep_000159,loc__dungeon__e0dc3209,dungeon,underwater aquapolis
unseen_ep_000160,loc__geothermal_valley__cd833ed1,geothermal valley,underwater aquapolis
unseen_ep_000161,loc__harp_store__9d737c2c,harp store,city in the clouds
unseen_ep_000162,loc__ice_cave__184df9ef,ice cave,frozen tundra
unseen_ep_000163,loc__entrance_to_a_cave__5eb6c7a9,entrance to a cave,frozen tundra
unseen_ep_000164,loc__entry_to_icy_fortress__d6ddb556,entry to icy fortress,frozen tundra
unseen_ep_000165,loc__ice_cave__184df9ef,ice cave,frozen tundra
unseen_ep_000166,loc__ice_cave__184df9ef,ice cave,frozen tundra
unseen_ep_000167,loc__swamp__5d47a77d,swamp,magical realm
unseen_ep_000168,loc__faeries_den__55ca3164,faeries den,magical realm
unseen_ep_000169,loc__creature_cave__d8fe9a8b,creature cave,magical realm
unseen_ep_000170,loc__cavern__420041ed,cavern,netherworld
unseen_ep_000171,loc__torture_chanber__05d2ec5d,torture chanber,netherworld
unseen_ep_000172,loc__devils_castle__69f49222,devils castle,netherworld
unseen_ep_000173,loc__whipping_chamber__9fe9163d,whipping chamber,netherworld
unseen_ep_000174,loc__lava_lake__6ff3dd72,lava lake,netherworld
unseen_ep_000175,loc__ghost_monk_quarters__e5fd640e,ghost monk quarters,supernatural
unseen_ep_000176,loc__astral_plane__ed73f5b8,astral plane,supernatural
unseen_ep_000177,loc__bridge_in_the_forest__76e6fedf,bridge in the forest,supernatural
unseen_ep_000178,loc__fighting_arena_inside_tourney_grounds__3c6d9fb5,fighting arena inside tourney grounds,supernatural
unseen_ep_000179,loc__tool_shed__5a0c79ce,tool shed,underwater aquapolis
unseen_ep_000180,loc__farmhouse__262eacb6,farmhouse,underwater aquapolis
unseen_ep_000181,loc__dragon_lift__003e9c27,dragon lift,city in the clouds
unseen_ep_000182,loc__cloud_nine_bar__1a6e68d0,cloud nine bar,city in the clouds
unseen_ep_000183,loc__wizards_dragon_egg_incubatory__3cfe4c3e,wizards dragon egg incubatory,city in the clouds
unseen_ep_000184,loc__observatory__c9554bf9,observatory,city in the clouds
unseen_ep_000185,loc__moon_observatory__6e08ae89,moon observatory,city in the clouds
unseen_ep_000186,loc__main_square_of_the_city_in_the_clouds__b82033e4,main square of the city in the clouds,city in the clouds
unseen_ep_000187,loc__living_room__595201ed,living room,frozen tundra
unseen_ep_000188,loc__hidden_cave__3fcdde29,hidden cave,frozen tundra
unseen_ep_000189,loc__abyss__7321a0a6,abyss,frozen tundra
unseen_ep_000190,loc__den__32ce9c04,den,frozen tundra
unseen_ep_000191,loc__festival_room__93fdb036,festival room,frozen tundra
unseen_ep_000192,loc__large_ice_cave__73912ded,large ice cave,frozen tundra
unseen_ep_000193,loc__secret_magician_s_workshop__b9c18e38,secret magician's workshop,magical realm
unseen_ep_000194,loc__wizard_s_lair__7317a41a,wizard's lair,magical realm
unseen_ep_000195,loc__royal_tent__49ddd772,royal tent,magical realm
unseen_ep_000196,loc__echo_hall__815ea5f4,echo hall,magical realm
unseen_ep_000197,loc__inside_of_a_troll_cave__0ecd0508,inside of a troll cave,magical realm
unseen_ep_000198,loc__devil_s_den__8cbc630d,devil's den,netherworld
unseen_ep_000199,loc__withered_gardens__9675f2c6,withered gardens,netherworld
unseen_ep_000200,loc__pit_of_despair__9049d5d0,pit of despair,netherworld
unseen_ep_000201,loc__dungeon__e0dc3209,dungeon,netherworld
unseen_ep_000202,loc__lord_s_castle__133c54bb,lord's castle,netherworld
unseen_ep_000203,loc__viewing_room__b9a54aac,viewing room,netherworld
unseen_ep_000204,loc__goddess_hollow__18768768,goddess hollow,supernatural
unseen_ep_000205,loc__haunted_basement__712f5d73,haunted basement,supernatural
unseen_ep_000206,loc__magic_room__7687e23e,magic room,supernatural
unseen_ep_000207,loc__glade_of_mysteries__e483c303,glade of mysteries,supernatural
unseen_ep_000208,loc__underwater_marketplace__5f463824,underwater marketplace,underwater aquapolis
unseen_ep_000209,loc__research_lab__4dd7f78d,research lab,underwater aquapolis
unseen_ep_000210,loc__dry_dock_room__c3554647,dry dock room,underwater aquapolis
unseen_ep_000211,loc__marketplace__bc5986eb,marketplace,underwater aquapolis
unseen_ep_000212,loc__underwater_aquapolis__ab9ecec2,underwater aquapolis,underwater aquapolis
unseen_ep_000213,loc__lords_treasury__3cdd9156,lords treasury,underwater aquapolis
unseen_ep_000214,loc__neptune_s_throne_room__366db518,neptune's throne room,underwater aquapolis
unseen_ep_000215,loc__thrones_of_death__ca497d32,thrones of death,netherworld
unseen_ep_000216,loc__mess_hall_of_the_servants__01fea9e1,mess hall of the servants,city in the clouds
unseen_ep_000217,loc__grand_hall_of_the_city__de821d93,grand hall of the city,city in the clouds
unseen_ep_000218,loc__endless_strait__da7b4cf2,endless strait,frozen tundra
unseen_ep_000219,loc__frozen_outpost__52b0f047,frozen outpost,frozen tundra
unseen_ep_000220,loc__eating_area_of_cave__e38c0232,eating area of cave,frozen tundra
unseen_ep_000221,loc__inside_of_a_igloo__99fa18bc,inside of a igloo,frozen tundra
unseen_ep_000222,loc__research_laboratory__b88ff6dc,research laboratory,frozen tundra
unseen_ep_000223,loc__elf_s_room__5a779e7e,elf's room,magical realm
unseen_ep_000224,loc__fountain_of_youth__1898dde6,fountain of youth,magical realm
unseen_ep_000225,loc__cabin_of_an_ogre__4b67654c,cabin of an ogre,magical realm
unseen_ep_000226,loc__lower_dungeon__fc71e0bb,lower dungeon,netherworld
unseen_ep_000227,loc__dark_kings_throne_room__15b00f01,dark kings throne room,netherworld
unseen_ep_000228,loc__reaper_s_lair__352c6287,reaper's lair,netherworld
unseen_ep_000229,loc__stonehenge__1204dec0,stonehenge,supernatural
unseen_ep_000230,loc__toad_hollow__e8b42595,toad hollow,underwater aquapolis
unseen_ep_000231,loc__dungeon__e0dc3209,dungeon,underwater aquapolis
unseen_ep_000232,loc__geothermal_valley__cd833ed1,geothermal valley,underwater aquapolis
unseen_ep_000233,loc__harp_store__9d737c2c,harp store,city in the clouds
unseen_ep_000234,loc__ice_cave__184df9ef,ice cave,frozen tundra
unseen_ep_000235,loc__entrance_to_a_cave__5eb6c7a9,entrance to a cave,frozen tundra
unseen_ep_000236,loc__entry_to_icy_fortress__d6ddb556,entry to icy fortress,frozen tundra
unseen_ep_000237,loc__ice_cave__184df9ef,ice cave,frozen tundra
unseen_ep_000238,loc__ice_cave__184df9ef,ice cave,frozen tundra
unseen_ep_000239,loc__swamp__5d47a77d,swamp,magical realm
unseen_ep_000240,loc__faeries_den__55ca3164,faeries den,magical realm
unseen_ep_000241,loc__creature_cave__d8fe9a8b,creature cave,magical realm
unseen_ep_000242,loc__cavern__420041ed,cavern,netherworld
unseen_ep_000243,loc__torture_chanber__05d2ec5d,torture chanber,netherworld
unseen_ep_000244,loc__devils_castle__69f49222,devils castle,netherworld
unseen_ep_000245,loc__whipping_chamber__9fe9163d,whipping chamber,netherworld
unseen_ep_000246,loc__lava_lake__6ff3dd72,lava lake,netherworld
unseen_ep_000247,loc__ghost_monk_quarters__e5fd640e,ghost monk quarters,supernatural
unseen_ep_000248,loc__astral_plane__ed73f5b8,astral plane,supernatural
unseen_ep_000249,loc__bridge_in_the_forest__76e6fedf,bridge in the forest,supernatural
unseen_ep_000250,loc__fighting_arena_inside_tourney_grounds__3c6d9fb5,fighting arena inside tourney grounds,supernatural
unseen_ep_000251,loc__tool_shed__5a0c79ce,tool shed,underwater aquapolis
unseen_ep_000252,loc__farmhouse__262eacb6,farmhouse,underwater aquapolis
unseen_ep_000253,loc__dragon_lift__003e9c27,dragon lift,city in the clouds
unseen_ep_000254,loc__cloud_nine_bar__1a6e68d0,cloud nine bar,city in the clouds
unseen_ep_000255,loc__wizards_dragon_egg_incubatory__3cfe4c3e,wizards dragon egg incubatory,city in the clouds
unseen_ep_000256,loc__observatory__c9554bf9,observatory,city in the clouds
unseen_ep_000257,loc__moon_observatory__6e08ae89,moon observatory,city in the clouds
unseen_ep_000258,loc__main_square_of_the_city_in_the_clouds__b82033e4,main square of the city in the clouds,city in the clouds
unseen_ep_000259,loc__living_room__595201ed,living room,frozen tundra
unseen_ep_000260,loc__hidden_cave__3fcdde29,hidden cave,frozen tundra
unseen_ep_000261,loc__abyss__7321a0a6,abyss,frozen tundra
unseen_ep_000262,loc__den__32ce9c04,den,frozen tundra
unseen_ep_000263,loc__festival_room__93fdb036,festival room,frozen tundra
unseen_ep_000264,loc__large_ice_cave__73912ded,large ice cave,frozen tundra
unseen_ep_000265,loc__secret_magician_s_workshop__b9c18e38,secret magician's workshop,magical realm
unseen_ep_000266,loc__wizard_s_lair__7317a41a,wizard's lair,magical realm
unseen_ep_000267,loc__royal_tent__49ddd772,royal tent,magical realm
unseen_ep_000268,loc__echo_hall__815ea5f4,echo hall,magical realm
unseen_ep_000269,loc__devil_s_den__8cbc630d,devil's den,netherworld
unseen_ep_000270,loc__withered_gardens__9675f2c6,withered gardens,netherworld
unseen_ep_000271,loc__inside_of_a_troll_cave__0ecd0508,inside of a troll cave,magical realm
unseen_ep_000272,loc__pit_of_despair__9049d5d0,pit of despair,netherworld
unseen_ep_000273,loc__lord_s_castle__133c54bb,lord's castle,netherworld
unseen_ep_000274,loc__dungeon__e0dc3209,dungeon,netherworld
unseen_ep_000275,loc__viewing_room__b9a54aac,viewing room,netherworld
unseen_ep_000276,loc__goddess_hollow__18768768,goddess hollow,supernatural
unseen_ep_000277,loc__magic_room__7687e23e,magic room,supernatural
unseen_ep_000278,loc__haunted_basement__712f5d73,haunted basement,supernatural
unseen_ep_000279,loc__glade_of_mysteries__e483c303,glade of mysteries,supernatural
unseen_ep_000280,loc__underwater_marketplace__5f463824,underwater marketplace,underwater aquapolis
unseen_ep_000281,loc__research_lab__4dd7f78d,research lab,underwater aquapolis
unseen_ep_000282,loc__dry_dock_room__c3554647,dry dock room,underwater aquapolis
unseen_ep_000283,loc__underwater_aquapolis__ab9ecec2,underwater aquapolis,underwater aquapolis
unseen_ep_000284,loc__marketplace__bc5986eb,marketplace,underwater aquapolis
unseen_ep_000285,loc__thrones_of_death__ca497d32,thrones of death,netherworld
unseen_ep_000286,loc__neptune_s_throne_room__366db518,neptune's throne room,underwater aquapolis
unseen_ep_000287,loc__lords_treasury__3cdd9156,lords treasury,underwater aquapolis
unseen_ep_000288,loc__mess_hall_of_the_servants__01fea9e1,mess hall of the servants,city in the clouds
unseen_ep_000289,loc__grand_hall_of_the_city__de821d93,grand hall of the city,city in the clouds
unseen_ep_000290,loc__endless_strait__da7b4cf2,endless strait,frozen tundra
unseen_ep_000291,loc__frozen_outpost__52b0f047,frozen outpost,frozen tundra
unseen_ep_000292,loc__eating_area_of_cave__e38c0232,eating area of cave,frozen tundra
unseen_ep_000293,loc__inside_of_a_igloo__99fa18bc,inside of a igloo,frozen tundra
unseen_ep_000294,loc__research_laboratory__b88ff6dc,research laboratory,frozen tundra
unseen_ep_000295,loc__fountain_of_youth__1898dde6,fountain of youth,magical realm
unseen_ep_000296,loc__elf_s_room__5a779e7e,elf's room,magical realm
unseen_ep_000297,loc__cabin_of_an_ogre__4b67654c,cabin of an ogre,magical realm
unseen_ep_000298,loc__lower_dungeon__fc71e0bb,lower dungeon,netherworld
unseen_ep_000299,loc__dark_kings_throne_room__15b00f01,dark kings throne room,netherworld
unseen_ep_000300,loc__reaper_s_lair__352c6287,reaper's lair,netherworld
unseen_ep_000301,loc__stonehenge__1204dec0,stonehenge,supernatural
unseen_ep_000302,loc__toad_hollow__e8b42595,toad hollow,underwater aquapolis
unseen_ep_000303,loc__dungeon__e0dc3209,dungeon,underwater aquapolis
unseen_ep_000304,loc__geothermal_valley__cd833ed1,geothermal valley,underwater aquapolis
unseen_ep_000305,loc__harp_store__9d737c2c,harp store,city in the clouds
unseen_ep_000306,loc__ice_cave__184df9ef,ice cave,frozen tundra
unseen_ep_000307,loc__cloud_tavern__40cf4583,cloud tavern,city in the clouds
unseen_ep_000308,loc__entrance_to_a_cave__5eb6c7a9,entrance to a cave,frozen tundra
unseen_ep_000309,loc__entry_to_icy_fortress__d6ddb556,entry to icy fortress,frozen tundra
unseen_ep_000310,loc__ice_cave__184df9ef,ice cave,frozen tundra
unseen_ep_000311,loc__ice_cave__184df9ef,ice cave,frozen tundra
unseen_ep_000312,loc__swamp__5d47a77d,swamp,magical realm
unseen_ep_000313,loc__faeries_den__55ca3164,faeries den,magical realm
unseen_ep_000314,loc__creature_cave__d8fe9a8b,creature cave,magical realm
unseen_ep_000315,loc__cavern__420041ed,cavern,netherworld
unseen_ep_000316,loc__torture_chanber__05d2ec5d,torture chanber,netherworld
unseen_ep_000317,loc__devils_castle__69f49222,devils castle,netherworld
unseen_ep_000318,loc__whipping_chamber__9fe9163d,whipping chamber,netherworld
unseen_ep_000319,loc__lava_lake__6ff3dd72,lava lake,netherworld
unseen_ep_000320,loc__ghost_monk_quarters__e5fd640e,ghost monk quarters,supernatural
unseen_ep_000321,loc__astral_plane__ed73f5b8,astral plane,supernatural
unseen_ep_000322,loc__bridge_in_the_forest__76e6fedf,bridge in the forest,supernatural
unseen_ep_000323,loc__fighting_arena_inside_tourney_grounds__3c6d9fb5,fighting arena inside tourney grounds,supernatural
unseen_ep_000324,loc__tool_shed__5a0c79ce,tool shed,underwater aquapolis
unseen_ep_000325,loc__farmhouse__262eacb6,farmhouse,underwater aquapolis
unseen_ep_000326,loc__dragon_lift__003e9c27,dragon lift,city in the clouds
unseen_ep_000327,loc__cloud_nine_bar__1a6e68d0,cloud nine bar,city in the clouds
unseen_ep_000328,loc__wizards_dragon_egg_incubatory__3cfe4c3e,wizards dragon egg incubatory,city in the clouds
unseen_ep_000329,loc__observatory__c9554bf9,observatory,city in the clouds
unseen_ep_000330,loc__moon_observatory__6e08ae89,moon observatory,city in the clouds
unseen_ep_000331,loc__main_square_of_the_city_in_the_clouds__b82033e4,main square of the city in the clouds,city in the clouds
unseen_ep_000332,loc__living_room__595201ed,living room,frozen tundra
unseen_ep_000333,loc__hidden_cave__3fcdde29,hidden cave,frozen tundra
unseen_ep_000334,loc__abyss__7321a0a6,abyss,frozen tundra
unseen_ep_000335,loc__den__32ce9c04,den,frozen tundra
unseen_ep_000336,loc__festival_room__93fdb036,festival room,frozen tundra
unseen_ep_000337,loc__large_ice_cave__73912ded,large ice cave,frozen tundra
unseen_ep_000338,loc__secret_magician_s_workshop__b9c18e38,secret magician's workshop,magical realm
unseen_ep_000339,loc__wizard_s_lair__7317a41a,wizard's lair,magical realm
unseen_ep_000340,loc__royal_tent__49ddd772,royal tent,magical realm
unseen_ep_000341,loc__devil_s_den__8cbc630d,devil's den,netherworld
unseen_ep_000342,loc__inside_of_a_troll_cave__0ecd0508,inside of a troll cave,magical realm
unseen_ep_000343,loc__echo_hall__815ea5f4,echo hall,magical realm
unseen_ep_000344,loc__dungeon__e0dc3209,dungeon,netherworld
unseen_ep_000345,loc__withered_gardens__9675f2c6,withered gardens,netherworld
unseen_ep_000346,loc__lord_s_castle__133c54bb,lord's castle,netherworld
unseen_ep_000347,loc__pit_of_despair__9049d5d0,pit of despair,netherworld
unseen_ep_000348,loc__viewing_room__b9a54aac,viewing room,netherworld
unseen_ep_000349,loc__goddess_hollow__18768768,goddess hollow,supernatural
unseen_ep_000350,loc__haunted_basement__712f5d73,haunted basement,supernatural
unseen_ep_000351,loc__magic_room__7687e23e,magic room,supernatural
unseen_ep_000352,loc__glade_of_mysteries__e483c303,glade of mysteries,supernatural
unseen_ep_000353,loc__underwater_marketplace__5f463824,underwater marketplace,underwater aquapolis
unseen_ep_000354,loc__research_lab__4dd7f78d,research lab,underwater aquapolis
unseen_ep_000355,loc__dry_dock_room__c3554647,dry dock room,underwater aquapolis
unseen_ep_000356,loc__underwater_aquapolis__ab9ecec2,underwater aquapolis,underwater aquapolis
unseen_ep_000357,loc__marketplace__bc5986eb,marketplace,underwater aquapolis
unseen_ep_000358,loc__neptune_s_throne_room__366db518,neptune's throne room,underwater aquapolis
unseen_ep_000359,loc__lords_treasury__3cdd9156,lords treasury,underwater aquapolis
unseen_ep_000360,loc__thrones_of_death__ca497d32,thrones of death,netherworld
unseen_ep_000361,loc__mess_hall_of_the_servants__01fea9e1,mess hall of the servants,city in the clouds
unseen_ep_000362,loc__grand_hall_of_the_city__de821d93,grand hall of the city,city in the clouds
unseen_ep_000363,loc__endless_strait__da7b4cf2,endless strait,frozen tundra
unseen_ep_000364,loc__frozen_outpost__52b0f047,frozen outpost,frozen tundra
unseen_ep_000365,loc__eating_area_of_cave__e38c0232,eating area of cave,frozen tundra
unseen_ep_000366,loc__inside_of_a_igloo__99fa18bc,inside of a igloo,frozen tundra
unseen_ep_000367,loc__research_laboratory__b88ff6dc,research laboratory,frozen tundra
unseen_ep_000368,loc__fountain_of_youth__1898dde6,fountain of youth,magical realm
unseen_ep_000369,loc__elf_s_room__5a779e7e,elf's room,magical realm
unseen_ep_000370,loc__cabin_of_an_ogre__4b67654c,cabin of an ogre,magical realm
unseen_ep_000371,loc__lower_dungeon__fc71e0bb,lower dungeon,netherworld
unseen_ep_000372,loc__dark_kings_throne_room__15b00f01,dark kings throne room,netherworld
unseen_ep_000373,loc__reaper_s_lair__352c6287,reaper's lair,netherworld
unseen_ep_000374,loc__stonehenge__1204dec0,stonehenge,supernatural
unseen_ep_000375,loc__toad_hollow__e8b42595,toad hollow,underwater aquapolis
unseen_ep_000376,loc__dungeon__e0dc3209,dungeon,underwater aquapolis
unseen_ep_000377,loc__geothermal_valley__cd833ed1,geothermal valley,underwater aquapolis
unseen_ep_000378,loc__harp_store__9d737c2c,harp store,city in the clouds
unseen_ep_000379,loc__ice_cave__184df9ef,ice cave,frozen tundra
unseen_ep_000380,loc__entrance_to_a_cave__5eb6c7a9,entrance to a cave,frozen tundra
unseen_ep_000381,loc__entry_to_icy_fortress__d6ddb556,entry to icy fortress,frozen tundra
unseen_ep_000382,loc__ice_cave__184df9ef,ice cave,frozen tundra
unseen_ep_000383,loc__ice_cave__184df9ef,ice cave,frozen tundra
unseen_ep_000384,loc__swamp__5d47a77d,swamp,magical realm
unseen_ep_000385,loc__faeries_den__55ca3164,faeries den,magical realm
unseen_ep_000386,loc__creature_cave__d8fe9a8b,creature cave,magical realm
unseen_ep_000387,loc__cavern__420041ed,cavern,netherworld
unseen_ep_000388,loc__torture_chanber__05d2ec5d,torture chanber,netherworld
unseen_ep_000389,loc__devils_castle__69f49222,devils castle,netherworld
unseen_ep_000390,loc__whipping_chamber__9fe9163d,whipping chamber,netherworld
unseen_ep_000391,loc__lava_lake__6ff3dd72,lava lake,netherworld
unseen_ep_000392,loc__ghost_monk_quarters__e5fd640e,ghost monk quarters,supernatural
unseen_ep_000393,loc__astral_plane__ed73f5b8,astral plane,supernatural
unseen_ep_000394,loc__bridge_in_the_forest__76e6fedf,bridge in the forest,supernatural
unseen_ep_000395,loc__tool_shed__5a0c79ce,tool shed,underwater aquapolis
unseen_ep_000396,loc__dragon_lift__003e9c27,dragon lift,city in the clouds
unseen_ep_000397,loc__fighting_arena_inside_tourney_grounds__3c6d9fb5,fighting arena inside tourney grounds,supernatural
unseen_ep_000398,loc__farmhouse__262eacb6,farmhouse,underwater aquapolis
unseen_ep_000399,loc__cloud_nine_bar__1a6e68d0,cloud nine bar,city in the clouds
unseen_ep_000400,loc__wizards_dragon_egg_incubatory__3cfe4c3e,wizards dragon egg incubatory,city in the clouds
unseen_ep_000401,loc__observatory__c9554bf9,observatory,city in the clouds
unseen_ep_000402,loc__moon_observatory__6e08ae89,moon observatory,city in the clouds
unseen_ep_000403,loc__main_square_of_the_city_in_the_clouds__b82033e4,main square of the city in the clouds,city in the clouds
unseen_ep_000404,loc__living_room__595201ed,living room,frozen tundra
unseen_ep_000405,loc__hidden_cave__3fcdde29,hidden cave,frozen tundra
unseen_ep_000406,loc__abyss__7321a0a6,abyss,frozen tundra
unseen_ep_000407,loc__den__32ce9c04,den,frozen tundra
unseen_ep_000408,loc__festival_room__93fdb036,festival room,frozen tundra
unseen_ep_000409,loc__large_ice_cave__73912ded,large ice cave,frozen tundra
unseen_ep_000410,loc__secret_magician_s_workshop__b9c18e38,secret magician's workshop,magical realm
unseen_ep_000411,loc__royal_tent__49ddd772,royal tent,magical realm
unseen_ep_000412,loc__echo_hall__815ea5f4,echo hall,magical realm
unseen_ep_000413,loc__inside_of_a_troll_cave__0ecd0508,inside of a troll cave,magical realm
unseen_ep_000414,loc__devil_s_den__8cbc630d,devil's den,netherworld
unseen_ep_000415,loc__withered_gardens__9675f2c6,withered gardens,netherworld
unseen_ep_000416,loc__dungeon__e0dc3209,dungeon,netherworld
unseen_ep_000417,loc__pit_of_despair__9049d5d0,pit of despair,netherworld
unseen_ep_000418,loc__viewing_room__b9a54aac,viewing room,netherworld
unseen_ep_000419,loc__lord_s_castle__133c54bb,lord's castle,netherworld
unseen_ep_000420,loc__haunted_basement__712f5d73,haunted basement,supernatural
unseen_ep_000421,loc__glade_of_mysteries__e483c303,glade of mysteries,supernatural
unseen_ep_000422,loc__underwater_marketplace__5f463824,underwater marketplace,underwater aquapolis
unseen_ep_000423,loc__research_lab__4dd7f78d,research lab,underwater aquapolis
unseen_ep_000424,loc__dry_dock_room__c3554647,dry dock room,underwater aquapolis
unseen_ep_000425,loc__underwater_aquapolis__ab9ecec2,underwater aquapolis,underwater aquapolis
unseen_ep_000426,loc__neptune_s_throne_room__366db518,neptune's throne room,underwater aquapolis
unseen_ep_000427,loc__frozen_outpost__52b0f047,frozen outpost,frozen tundra
unseen_ep_000428,loc__marketplace__bc5986eb,marketplace,underwater aquapolis
unseen_ep_000429,loc__mess_hall_of_the_servants__01fea9e1,mess hall of the servants,city in the clouds
unseen_ep_000430,loc__lords_treasury__3cdd9156,lords treasury,underwater aquapolis
unseen_ep_000431,loc__thrones_of_death__ca497d32,thrones of death,netherworld
unseen_ep_000432,loc__grand_hall_of_the_city__de821d93,grand hall of the city,city in the clouds
unseen_ep_000433,loc__endless_strait__da7b4cf2,endless strait,frozen tundra
unseen_ep_000434,loc__inside_of_a_igloo__99fa18bc,inside of a igloo,frozen tundra
unseen_ep_000435,loc__eating_area_of_cave__e38c0232,eating area of cave,frozen tundra
unseen_ep_000436,loc__research_laboratory__b88ff6dc,research laboratory,frozen tundra
unseen_ep_000437,loc__fountain_of_youth__1898dde6,fountain of youth,magical realm
unseen_ep_000438,loc__elf_s_room__5a779e7e,elf's room,magical realm
unseen_ep_000439,loc__cabin_of_an_ogre__4b67654c,cabin of an ogre,magical realm
unseen_ep_000440,loc__reaper_s_lair__352c6287,reaper's lair,netherworld
unseen_ep_000441,loc__lower_dungeon__fc71e0bb,lower dungeon,netherworld
unseen_ep_000442,loc__dark_kings_throne_room__15b00f01,dark kings throne room,netherworld
unseen_ep_000443,loc__stonehenge__1204dec0,stonehenge,supernatural
unseen_ep_000444,loc__toad_hollow__e8b42595,toad hollow,underwater aquapolis
unseen_ep_000445,loc__dungeon__e0dc3209,dungeon,underwater aquapolis
unseen_ep_000446,loc__geothermal_valley__cd833ed1,geothermal valley,underwater aquapolis
unseen_ep_000447,loc__cloud_tavern__40cf4583,cloud tavern,city in the clouds
unseen_ep_000448,loc__harp_store__9d737c2c,harp store,city in the clouds
unseen_ep_000449,loc__ice_cave__184df9ef,ice cave,frozen tundra
unseen_ep_000450,loc__entrance_to_a_cave__5eb6c7a9,entrance to a cave,frozen tundra
unseen_ep_000451,loc__entry_to_icy_fortress__d6ddb556,entry to icy fortress,frozen tundra
unseen_ep_000452,loc__ice_cave__184df9ef,ice cave,frozen tundra
unseen_ep_000453,loc__ice_cave__184df9ef,ice cave,frozen tundra
unseen_ep_000454,loc__swamp__5d47a77d,swamp,magical realm
unseen_ep_000455,loc__faeries_den__55ca3164,faeries den,magical realm
unseen_ep_000456,loc__creature_cave__d8fe9a8b,creature cave,magical realm
unseen_ep_000457,loc__cavern__420041ed,cavern,netherworld
unseen_ep_000458,loc__torture_chanber__05d2ec5d,torture chanber,netherworld
unseen_ep_000459,loc__devils_castle__69f49222,devils castle,netherworld
unseen_ep_000460,loc__whipping_chamber__9fe9163d,whipping chamber,netherworld
unseen_ep_000461,loc__lava_lake__6ff3dd72,lava lake,netherworld
unseen_ep_000462,loc__ghost_monk_quarters__e5fd640e,ghost monk quarters,supernatural
unseen_ep_000463,loc__astral_plane__ed73f5b8,astral plane,supernatural
unseen_ep_000464,loc__bridge_in_the_forest__76e6fedf,bridge in the forest,supernatural
unseen_ep_000465,loc__fighting_arena_inside_tourney_grounds__3c6d9fb5,fighting arena inside tourney grounds,supernatural
unseen_ep_000466,loc__tool_shed__5a0c79ce,tool shed,underwater aquapolis
unseen_ep_000467,loc__farmhouse__262eacb6,farmhouse,underwater aquapolis
unseen_ep_000468,loc__dragon_lift__003e9c27,dragon lift,city in the clouds
unseen_ep_000469,loc__cloud_nine_bar__1a6e68d0,cloud nine bar,city in the clouds
unseen_ep_000470,loc__wizards_dragon_egg_incubatory__3cfe4c3e,wizards dragon egg incubatory,city in the clouds
unseen_ep_000471,loc__observatory__c9554bf9,observatory,city in the clouds
unseen_ep_000472,loc__moon_observatory__6e08ae89,moon observatory,city in the clouds
unseen_ep_000473,loc__main_square_of_the_city_in_the_clouds__b82033e4,main square of the city in the clouds,city in the clouds
unseen_ep_000474,loc__living_room__595201ed,living room,frozen tundra
unseen_ep_000475,loc__hidden_cave__3fcdde29,hidden cave,frozen tundra
unseen_ep_000476,loc__abyss__7321a0a6,abyss,frozen tundra
unseen_ep_000477,loc__den__32ce9c04,den,frozen tundra
unseen_ep_000478,loc__royal_tent__49ddd772,royal tent,magical realm
unseen_ep_000479,loc__festival_room__93fdb036,festival room,frozen tundra
unseen_ep_000480,loc__large_ice_cave__73912ded,large ice cave,frozen tundra
unseen_ep_000481,loc__secret_magician_s_workshop__b9c18e38,secret magician's workshop,magical realm
unseen_ep_000482,loc__wizard_s_lair__7317a41a,wizard's lair,magical realm
unseen_ep_000483,loc__echo_hall__815ea5f4,echo hall,magical realm
unseen_ep_000484,loc__inside_of_a_troll_cave__0ecd0508,inside of a troll cave,magical realm
unseen_ep_000485,loc__devil_s_den__8cbc630d,devil's den,netherworld
unseen_ep_000486,loc__withered_gardens__9675f2c6,withered gardens,netherworld
unseen_ep_000487,loc__pit_of_despair__9049d5d0,pit of despair,netherworld
unseen_ep_000488,loc__lord_s_castle__133c54bb,lord's castle,netherworld
unseen_ep_000489,loc__haunted_basement__712f5d73,haunted basement,supernatural
unseen_ep_000490,loc__viewing_room__b9a54aac,viewing room,netherworld
unseen_ep_000491,loc__goddess_hollow__18768768,goddess hollow,supernatural
unseen_ep_000492,loc__dungeon__e0dc3209,dungeon,netherworld
unseen_ep_000493,loc__magic_room__7687e23e,magic room,supernatural
unseen_ep_000494,loc__glade_of_mysteries__e483c303,glade of mysteries,supernatural
unseen_ep_000495,loc__research_lab__4dd7f78d,research lab,underwater aquapolis
unseen_ep_000496,loc__underwater_marketplace__5f463824,underwater marketplace,underwater aquapolis
unseen_ep_000497,loc__dry_dock_room__c3554647,dry dock room,underwater aquapolis
unseen_ep_000498,loc__underwater_aquapolis__ab9ecec2,underwater aquapolis,underwater aquapolis
unseen_ep_000499,loc__marketplace__bc5986eb,marketplace,underwater aquapolis
unseen_ep_000500,loc__neptune_s_throne_room__366db518,neptune's throne room,underwater aquapolis
unseen_ep_000501,loc__mess_hall_of_the_servants__01fea9e1,mess hall of the servants,city in the clouds
unseen_ep_000502,loc__grand_hall_of_the_city__de821d93,grand hall of the city,city in the clouds
unseen_ep_000503,loc__endless_strait__da7b4cf2,endless strait,frozen tundra
unseen_ep_000504,loc__frozen_outpost__52b0f047,frozen outpost,frozen tundra
unseen_ep_000505,loc__eating_area_of_cave__e38c0232,eating area of cave,frozen tundra
unseen_ep_000506,loc__inside_of_a_igloo__99fa18bc,inside of a igloo,frozen tundra
unseen_ep_000507,loc__research_laboratory__b88ff6dc,research laboratory,frozen tundra
unseen_ep_000508,loc__fountain_of_youth__1898dde6,fountain of youth,magical realm
unseen_ep_000509,loc__elf_s_room__5a779e7e,elf's room,magical realm
unseen_ep_000510,loc__lower_dungeon__fc71e0bb,lower dungeon,netherworld
unseen_ep_000511,loc__cabin_of_an_ogre__4b67654c,cabin of an ogre,magical realm
unseen_ep_000512,loc__dark_kings_throne_room__15b00f01,dark kings throne room,netherworld
unseen_ep_000513,loc__reaper_s_lair__352c6287,reaper's lair,netherworld
unseen_ep_000514,loc__stonehenge__1204dec0,stonehenge,supernatural
unseen_ep_000515,loc__dungeon__e0dc3209,dungeon,underwater aquapolis
unseen_ep_000516,loc__toad_hollow__e8b42595,toad hollow,underwater aquapolis
unseen_ep_000517,loc__geothermal_valley__cd833ed1,geothermal valley,underwater aquapolis
unseen_ep_000518,loc__harp_store__9d737c2c,harp store,city in the clouds
unseen_ep_000519,loc__ice_cave__184df9ef,ice cave,frozen tundra
unseen_ep_000520,loc__entrance_to_a_cave__5eb6c7a9,entrance to a cave,frozen tundra
unseen_ep_000521,loc__entry_to_icy_fortress__d6ddb556,entry to icy fortress,frozen tundra
unseen_ep_000522,loc__ice_cave__184df9ef,ice cave,frozen tundra
unseen_ep_000523,loc__ice_cave__184df9ef,ice cave,frozen tundra
unseen_ep_000524,loc__swamp__5d47a77d,swamp,magical realm
unseen_ep_000525,loc__faeries_den__55ca3164,faeries den,magical realm
unseen_ep_000526,loc__creature_cave__d8fe9a8b,creature cave,magical realm
unseen_ep_000527,loc__torture_chanber__05d2ec5d,torture chanber,netherworld
unseen_ep_000528,loc__devils_castle__69f49222,devils castle,netherworld
unseen_ep_000529,loc__whipping_chamber__9fe9163d,whipping chamber,netherworld
unseen_ep_000530,loc__lava_lake__6ff3dd72,lava lake,netherworld
unseen_ep_000531,loc__ghost_monk_quarters__e5fd640e,ghost monk quarters,supernatural
unseen_ep_000532,loc__astral_plane__ed73f5b8,astral plane,supernatural
unseen_ep_000533,loc__bridge_in_the_forest__76e6fedf,bridge in the forest,supernatural
unseen_ep_000534,loc__fighting_arena_inside_tourney_grounds__3c6d9fb5,fighting arena inside tourney grounds,supernatural
unseen_ep_000535,loc__tool_shed__5a0c79ce,tool shed,underwater aquapolis
unseen_ep_000536,loc__farmhouse__262eacb6,farmhouse,underwater aquapolis
unseen_ep_000537,loc__dragon_lift__003e9c27,dragon lift,city in the clouds
unseen_ep_000538,loc__cloud_nine_bar__1a6e68d0,cloud nine bar,city in the clouds
unseen_ep_000539,loc__wizards_dragon_egg_incubatory__3cfe4c3e,wizards dragon egg incubatory,city in the clouds
unseen_ep_000540,loc__observatory__c9554bf9,observatory,city in the clouds
unseen_ep_000541,loc__moon_observatory__6e08ae89,moon observatory,city in the clouds
unseen_ep_000542,loc__main_square_of_the_city_in_the_clouds__b82033e4,main square of the city in the clouds,city in the clouds
unseen_ep_000543,loc__living_room__595201ed,living room,frozen tundra
unseen_ep_000544,loc__hidden_cave__3fcdde29,hidden cave,frozen tundra
unseen_ep_000545,loc__abyss__7321a0a6,abyss,frozen tundra
unseen_ep_000546,loc__den__32ce9c04,den,frozen tundra
unseen_ep_000547,loc__festival_room__93fdb036,festival room,frozen tundra
unseen_ep_000548,loc__large_ice_cave__73912ded,large ice cave,frozen tundra
unseen_ep_000549,loc__secret_magician_s_workshop__b9c18e38,secret magician's workshop,magical realm
unseen_ep_000550,loc__wizard_s_lair__7317a41a,wizard's lair,magical realm
unseen_ep_000551,loc__royal_tent__49ddd772,royal tent,magical realm
unseen_ep_000552,loc__echo_hall__815ea5f4,echo hall,magical realm
unseen_ep_000553,loc__pit_of_despair__9049d5d0,pit of despair,netherworld
unseen_ep_000554,loc__inside_of_a_troll_cave__0ecd0508,inside of a troll cave,magical realm
unseen_ep_000555,loc__devil_s_den__8cbc630d,devil's den,netherworld
unseen_ep_000556,loc__withered_gardens__9675f2c6,withered gardens,netherworld
unseen_ep_000557,loc__lord_s_castle__133c54bb,lord's castle,netherworld
unseen_ep_000558,loc__dungeon__e0dc3209,dungeon,netherworld
unseen_ep_000559,loc__viewing_room__b9a54aac,viewing room,netherworld
unseen_ep_000560,loc__goddess_hollow__18768768,goddess hollow,supernatural
unseen_ep_000561,loc__haunted_basement__712f5d73,haunted basement,supernatural
unseen_ep_000562,loc__magic_room__7687e23e,magic room,supernatural
unseen_ep_000563,loc__glade_of_mysteries__e483c303,glade of mysteries,supernatural
unseen_ep_000564,loc__underwater_marketplace__5f463824,underwater marketplace,underwater aquapolis
unseen_ep_000565,loc__research_lab__4dd7f78d,research lab,underwater aquapolis
unseen_ep_000566,loc__dry_dock_room__c3554647,dry dock room,underwater aquapolis
unseen_ep_000567,loc__underwater_aquapolis__ab9ecec2,underwater aquapolis,underwater aquapolis
unseen_ep_000568,loc__marketplace__bc5986eb,marketplace,underwater aquapolis
unseen_ep_000569,loc__neptune_s_throne_room__366db518,neptune's throne room,underwater aquapolis
unseen_ep_000570,loc__lords_treasury__3cdd9156,lords treasury,underwater aquapolis
unseen_ep_000571,loc__thrones_of_death__ca497d32,thrones of death,netherworld
unseen_ep_000572,loc__mess_hall_of_the_servants__01fea9e1,mess hall of the servants,city in the clouds
unseen_ep_000573,loc__endless_strait__da7b4cf2,endless strait,frozen tundra
unseen_ep_000574,loc__grand_hall_of_the_city__de821d93,grand hall of the city,city in the clouds
unseen_ep_000575,loc__frozen_outpost__52b0f047,frozen outpost,frozen tundra
unseen_ep_000576,loc__eating_area_of_cave__e38c0232,eating area of cave,frozen tundra
unseen_ep_000577,loc__inside_of_a_igloo__99fa18bc,inside of a igloo,frozen tundra
unseen_ep_000578,loc__research_laboratory__b88ff6dc,research laboratory,frozen tundra
unseen_ep_000579,loc__fountain_of_youth__1898dde6,fountain of youth,magical realm
unseen_ep_000580,loc__elf_s_room__5a779e7e,elf's room,magical realm
unseen_ep_000581,loc__cabin_of_an_ogre__4b67654c,cabin of an ogre,magical realm
unseen_ep_000582,loc__lower_dungeon__fc71e0bb,lower dungeon,netherworld
unseen_ep_000583,loc__dark_kings_throne_room__15b00f01,dark kings throne room,netherworld
unseen_ep_000584,loc__reaper_s_lair__352c6287,reaper's lair,netherworld
unseen_ep_000585,loc__stonehenge__1204dec0,stonehenge,supernatural
unseen_ep_000586,loc__entrance_to_a_cave__5eb6c7a9,entrance to a cave,frozen tundra
unseen_ep_000587,loc__toad_hollow__e8b42595,toad hollow,underwater aquapolis
unseen_ep_000588,loc__dungeon__e0dc3209,dungeon,underwater aquapolis
unseen_ep_000589,loc__harp_store__9d737c2c,harp store,city in the clouds
unseen_ep_000590,loc__ice_cave__184df9ef,ice cave,frozen tundra
unseen_ep_000591,loc__geothermal_valley__cd833ed1,geothermal valley,underwater aquapolis
unseen_ep_000592,loc__entry_to_icy_fortress__d6ddb556,entry to icy fortress,frozen tundra
unseen_ep_000593,loc__ice_cave__184df9ef,ice cave,frozen tundra
unseen_ep_000594,loc__ice_cave__184df9ef,ice cave,frozen tundra
unseen_ep_000595,loc__faeries_den__55ca3164,faeries den,magical realm
unseen_ep_000596,loc__swamp__5d47a77d,swamp,magical realm
unseen_ep_000597,loc__creature_cave__d8fe9a8b,creature cave,magical realm
unseen_ep_000598,loc__cavern__420041ed,cavern,netherworld
unseen_ep_000599,loc__torture_chanber__05d2ec5d,torture chanber,netherworld
unseen_ep_000600,loc__whipping_chamber__9fe9163d,whipping chamber,netherworld
unseen_ep_000601,loc__devils_castle__69f49222,devils castle,netherworld
unseen_ep_000602,loc__ghost_monk_quarters__e5fd640e,ghost monk quarters,supernatural
unseen_ep_000603,loc__lava_lake__6ff3dd72,lava lake,netherworld
unseen_ep_000604,loc__astral_plane__ed73f5b8,astral plane,supernatural
unseen_ep_000605,loc__bridge_in_the_forest__76e6fedf,bridge in the forest,supernatural
unseen_ep_000606,loc__fighting_arena_inside_tourney_grounds__3c6d9fb5,fighting arena inside tourney grounds,supernatural
unseen_ep_000607,loc__farmhouse__262eacb6,farmhouse,underwater aquapolis
unseen_ep_000608,loc__dragon_lift__003e9c27,dragon lift,city in the clouds
unseen_ep_000609,loc__cloud_nine_bar__1a6e68d0,cloud nine bar,city in the clouds
unseen_ep_000610,loc__wizards_dragon_egg_incubatory__3cfe4c3e,wizards dragon egg incubatory,city in the clouds
unseen_ep_000611,loc__observatory__c9554bf9,observatory,city in the clouds
unseen_ep_000612,loc__moon_observatory__6e08ae89,moon observatory,city in the clouds
unseen_ep_000613,loc__main_square_of_the_city_in_the_clouds__b82033e4,main square of the city in the clouds,city in the clouds
unseen_ep_000614,loc__living_room__595201ed,living room,frozen tundra
unseen_ep_000615,loc__hidden_cave__3fcdde29,hidden cave,frozen tundra
unseen_ep_000616,loc__abyss__7321a0a6,abyss,frozen tundra
unseen_ep_000617,loc__den__32ce9c04,den,frozen tundra
unseen_ep_000618,loc__festival_room__93fdb036,festival room,frozen tundra
unseen_ep_000619,loc__large_ice_cave__73912ded,large ice cave,frozen tundra
unseen_ep_000620,loc__secret_magician_s_workshop__b9c18e38,secret magician's workshop,magical realm
unseen_ep_000621,loc__wizard_s_lair__7317a41a,wizard's lair,magical realm
unseen_ep_000622,loc__royal_tent__49ddd772,royal tent,magical realm
unseen_ep_000623,loc__echo_hall__815ea5f4,echo hall,magical realm
unseen_ep_000624,loc__inside_of_a_troll_cave__0ecd0508,inside of a troll cave,magical realm
unseen_ep_000625,loc__devil_s_den__8cbc630d,devil's den,netherworld
unseen_ep_000626,loc__withered_gardens__9675f2c6,withered gardens,netherworld
unseen_ep_000627,loc__pit_of_despair__9049d5d0,pit of despair,netherworld
unseen_ep_000628,loc__dungeon__e0dc3209,dungeon,netherworld
unseen_ep_000629,loc__lord_s_castle__133c54bb,lord's castle,netherworld
unseen_ep_000630,loc__viewing_room__b9a54aac,viewing room,netherworld
unseen_ep_000631,loc__goddess_hollow__18768768,goddess hollow,supernatural
unseen_ep_000632,loc__research_lab__4dd7f78d,research lab,underwater aquapolis
unseen_ep_000633,loc__haunted_basement__712f5d73,haunted basement,supernatural
unseen_ep_000634,loc__magic_room__7687e23e,magic room,supernatural
unseen_ep_000635,loc__glade_of_mysteries__e483c303,glade of mysteries,supernatural
unseen_ep_000636,loc__underwater_marketplace__5f463824,underwater marketplace,underwater aquapolis
unseen_ep_000637,loc__marketplace__bc5986eb,marketplace,underwater aquapolis
unseen_ep_000638,loc__dry_dock_room__c3554647,dry dock room,underwater aquapolis
unseen_ep_000639,loc__underwater_aquapolis__ab9ecec2,underwater aquapolis,underwater aquapolis
unseen_ep_000640,loc__neptune_s_throne_room__366db518,neptune's throne room,underwater aquapolis
unseen_ep_000641,loc__lords_treasury__3cdd9156,lords treasury,underwater aquapolis
unseen_ep_000642,loc__thrones_of_death__ca497d32,thrones of death,netherworld
unseen_ep_000643,loc__mess_hall_of_the_servants__01fea9e1,mess hall of the servants,city in the clouds
unseen_ep_000644,loc__grand_hall_of_the_city__de821d93,grand hall of the city,city in the clouds
unseen_ep_000645,loc__endless_strait__da7b4cf2,endless strait,frozen tundra
unseen_ep_000646,loc__frozen_outpost__52b0f047,frozen outpost,frozen tundra
unseen_ep_000647,loc__eating_area_of_cave__e38c0232,eating area of cave,frozen tundra
unseen_ep_000648,loc__inside_of_a_igloo__99fa18bc,inside of a igloo,frozen tundra
unseen_ep_000649,loc__research_laboratory__b88ff6dc,research laboratory,frozen tundra
unseen_ep_000650,loc__fountain_of_youth__1898dde6,fountain of youth,magical realm
unseen_ep_000651,loc__elf_s_room__5a779e7e,elf's room,magical realm
unseen_ep_000652,loc__cabin_of_an_ogre__4b67654c,cabin of an ogre,magical realm
unseen_ep_000653,loc__lower_dungeon__fc71e0bb,lower dungeon,netherworld
unseen_ep_000654,loc__dark_kings_throne_room__15b00f01,dark kings throne room,netherworld
unseen_ep_000655,loc__reaper_s_lair__352c6287,reaper's lair,netherworld
unseen_ep_000656,loc__stonehenge__1204dec0,stonehenge,supernatural
unseen_ep_000657,loc__dungeon__e0dc3209,dungeon,underwater aquapolis
unseen_ep_000658,loc__toad_hollow__e8b42595,toad hollow,underwater aquapolis
unseen_ep_000659,loc__geothermal_valley__cd833ed1,geothermal valley,underwater aquapolis
unseen_ep_000660,loc__cloud_tavern__40cf4583,cloud tavern,city in the clouds
unseen_ep_000661,loc__harp_store__9d737c2c,harp store,city in the clouds
unseen_ep_000662,loc__ice_cave__184df9ef,ice cave,frozen tundra
unseen_ep_000663,loc__entrance_to_a_cave__5eb6c7a9,entrance to a cave,frozen tundra
unseen_ep_000664,loc__entry_to_icy_fortress__d6ddb556,entry to icy fortress,frozen tundra
unseen_ep_000665,loc__ice_cave__184df9ef,ice cave,frozen tundra
unseen_ep_000666,loc__ice_cave__184df9ef,ice cave,frozen tundra
unseen_ep_000667,loc__swamp__5d47a77d,swamp,magical realm
unseen_ep_000668,loc__faeries_den__55ca3164,faeries den,magical realm
unseen_ep_000669,loc__creature_cave__d8fe9a8b,creature cave,magical realm
unseen_ep_000670,loc__cavern__420041ed,cavern,netherworld
unseen_ep_000671,loc__torture_chanber__05d2ec5d,torture chanber,netherworld
unseen_ep_000672,loc__devils_castle__69f49222,devils castle,netherworld
unseen_ep_000673,loc__whipping_chamber__9fe9163d,whipping chamber,netherworld
unseen_ep_000674,loc__lava_lake__6ff3dd72,lava lake,netherworld
unseen_ep_000675,loc__ghost_monk_quarters__e5fd640e,ghost monk quarters,supernatural
unseen_ep_000676,loc__astral_plane__ed73f5b8,astral plane,supernatural
unseen_ep_000677,loc__bridge_in_the_forest__76e6fedf,bridge in the forest,supernatural
unseen_ep_000678,loc__fighting_arena_inside_tourney_grounds__3c6d9fb5,fighting arena inside tourney grounds,supernatural
unseen_ep_000679,loc__farmhouse__262eacb6,farmhouse,underwater aquapolis
unseen_ep_000680,loc__dragon_lift__003e9c27,dragon lift,city in the clouds
unseen_ep_000681,loc__cloud_nine_bar__1a6e68d0,cloud nine bar,city in the clouds
unseen_ep_000682,loc__wizards_dragon_egg_incubatory__3cfe4c3e,wizards dragon egg incubatory,city in the clouds
unseen_ep_000683,loc__observatory__c9554bf9,observatory,city in the clouds
unseen_ep_000684,loc__moon_observatory__6e08ae89,moon observatory,city in the clouds
unseen_ep_000685,loc__main_square_of_the_city_in_the_clouds__b82033e4,main square of the city in the clouds,city in the clouds
unseen_ep_000686,loc__living_room__595201ed,living room,frozen tundra
unseen_ep_000687,loc__hidden_cave__3fcdde29,hidden cave,frozen tundra
unseen_ep_000688,loc__abyss__7321a0a6,abyss,frozen tundra
unseen_ep_000689,loc__den__32ce9c04,den,frozen tundra
unseen_ep_000690,loc__festival_room__93fdb036,festival room,frozen tundra
unseen_ep_000691,loc__large_ice_cave__73912ded,large ice cave,frozen tundra
unseen_ep_000692,loc__secret_magician_s_workshop__b9c18e38,secret magician's workshop,magical realm
unseen_ep_000693,loc__wizard_s_lair__7317a41a,wizard's lair,magical realm
unseen_ep_000694,loc__royal_tent__49ddd772,royal tent,magical realm
unseen_ep_000695,loc__echo_hall__815ea5f4,echo hall,magical realm
unseen_ep_000696,loc__inside_of_a_troll_cave__0ecd0508,inside of a troll cave,magical realm
unseen_ep_000697,loc__devil_s_den__8cbc630d,devil's den,netherworld
unseen_ep_000698,loc__withered_gardens__9675f2c6,withered gardens,netherworld
unseen_ep_000699,loc__pit_of_despair__9049d5d0,pit of despair,netherworld
unseen_ep_000700,loc__lord_s_castle__133c54bb,lord's castle,netherworld
unseen_ep_000701,loc__dungeon__e0dc3209,dungeon,netherworld
unseen_ep_000702,loc__viewing_room__b9a54aac,viewing room,netherworld
unseen_ep_000703,loc__goddess_hollow__18768768,goddess hollow,supernatural
unseen_ep_000704,loc__haunted_basement__712f5d73,haunted basement,supernatural
unseen_ep_000705,loc__magic_room__7687e23e,magic room,supernatural
unseen_ep_000706,loc__glade_of_mysteries__e483c303,glade of mysteries,supernatural
unseen_ep_000707,loc__underwater_marketplace__5f463824,underwater marketplace,underwater aquapolis
unseen_ep_000708,loc__research_lab__4dd7f78d,research lab,underwater aquapolis
unseen_ep_000709,loc__dry_dock_room__c3554647,dry dock room,underwater aquapolis
unseen_ep_000710,loc__underwater_aquapolis__ab9ecec2,underwater aquapolis,underwater aquapolis
unseen_ep_000711,loc__marketplace__bc5986eb,marketplace,underwater aquapolis
unseen_ep_000712,loc__neptune_s_throne_room__366db518,neptune's throne room,underwater aquapolis
unseen_ep_000713,loc__lords_treasury__3cdd9156,lords treasury,underwater aquapolis
unseen_ep_000714,loc__thrones_of_death__ca497d32,thrones of death,netherworld
unseen_ep_000715,loc__mess_hall_of_the_servants__01fea9e1,mess hall of the servants,city in the clouds
unseen_ep_000716,loc__grand_hall_of_the_city__de821d93,grand hall of the city,city in the clouds
unseen_ep_000717,loc__endless_strait__da7b4cf2,endless strait,frozen tundra
unseen_ep_000718,loc__frozen_outpost__52b0f047,frozen outpost,frozen tundra
unseen_ep_000719,loc__eating_area_of_cave__e38c0232,eating area of cave,frozen tundra
unseen_ep_000720,loc__inside_of_a_igloo__99fa18bc,inside of a igloo,frozen tundra
unseen_ep_000721,loc__research_laboratory__b88ff6dc,research laboratory,frozen tundra
unseen_ep_000722,loc__fountain_of_youth__1898dde6,fountain of youth,magical realm
unseen_ep_000723,loc__elf_s_room__5a779e7e,elf's room,magical realm
unseen_ep_000724,loc__cabin_of_an_ogre__4b67654c,cabin of an ogre,magical realm
unseen_ep_000725,loc__lower_dungeon__fc71e0bb,lower dungeon,netherworld
unseen_ep_000726,loc__dark_kings_throne_room__15b00f01,dark kings throne room,netherworld
unseen_ep_000727,loc__reaper_s_lair__352c6287,reaper's lair,netherworld
unseen_ep_000728,loc__stonehenge__1204dec0,stonehenge,supernatural
unseen_ep_000729,loc__toad_hollow__e8b42595,toad hollow,underwater aquapolis
unseen_ep_000730,loc__dungeon__e0dc3209,dungeon,underwater aquapolis
unseen_ep_000731,loc__geothermal_valley__cd833ed1,geothermal valley,underwater aquapolis
unseen_ep_000732,loc__cloud_tavern__40cf4583,cloud tavern,city in the clouds
unseen_ep_000733,loc__harp_store__9d737c2c,harp store,city in the clouds
unseen_ep_000734,loc__ice_cave__184df9ef,ice cave,frozen tundra
unseen_ep_000735,loc__entrance_to_a_cave__5eb6c7a9,entrance to a cave,frozen tundra
unseen_ep_000736,loc__entry_to_icy_fortress__d6ddb556,entry to icy fortress,frozen tundra
unseen_ep_000737,loc__ice_cave__184df9ef,ice cave,frozen tundra
unseen_ep_000738,loc__ice_cave__184df9ef,ice cave,frozen tundra
unseen_ep_000739,loc__swamp__5d47a77d,swamp,magical realm
unseen_ep_000740,loc__faeries_den__55ca3164,faeries den,magical realm
unseen_ep_000741,loc__creature_cave__d8fe9a8b,creature cave,magical realm
unseen_ep_000742,loc__cavern__420041ed,cavern,netherworld
unseen_ep_000743,loc__torture_chanber__05d2ec5d,torture chanber,netherworld
unseen_ep_000744,loc__devils_castle__69f49222,devils castle,netherworld
unseen_ep_000745,loc__whipping_chamber__9fe9163d,whipping chamber,netherworld
unseen_ep_000746,loc__lava_lake__6ff3dd72,lava lake,netherworld
unseen_ep_000747,loc__ghost_monk_quarters__e5fd640e,ghost monk quarters,supernatural
unseen_ep_000748,loc__astral_plane__ed73f5b8,astral plane,supernatural
unseen_ep_000749,loc__bridge_in_the_forest__76e6fedf,bridge in the forest,supernatural
unseen_ep_000750,loc__fighting_arena_inside_tourney_grounds__3c6d9fb5,fighting arena inside tourney grounds,supernatural
unseen_ep_000751,loc__tool_shed__5a0c79ce,tool shed,underwater aquapolis
unseen_ep_000752,loc__farmhouse__262eacb6,farmhouse,underwater aquapolis
unseen_ep_000753,loc__dragon_lift__003e9c27,dragon lift,city in the clouds
unseen_ep_000754,loc__cloud_nine_bar__1a6e68d0,cloud nine bar,city in the clouds
unseen_ep_000755,loc__wizards_dragon_egg_incubatory__3cfe4c3e,wizards dragon egg incubatory,city in the clouds
