basDt,crno,afilCmpyNm,afilCmpyCrno,lstgYn
20200622,1101111405540,자일대우상용차(주),1211110157066,
20200622,1101111405540,영안모자(주),1243110012552,
20200622,1101111405540,(주)클라크머터리얼핸들링아시아,1942110061490,
20200622,1101111412256,진흥기업(주),1101110006349,
20200622,1101111412256,(주)효성,1101110030497,
20200622,1101111412256,효성티앤에스(주),1101110511546,
20200622,1101111412256,효성굿스프링스(주),1101110653653,
20200622,1101111412256,효성캐피탈(주),1101111419286,
20200622,1101111412256,더클래스효성(주),1101112875479,
20200622,1101111412256,(주)에프엠케이,1101113690032,
20200622,1101111412256,갤럭시아코퍼레이션(주),1101114762963,
20200622,1101111412256,효성티앤씨(주),1101116770138,
20200622,1101111412256,효성중공업(주),1101116770154,
20200622,1101111412256,효성첨단소재(주),1101116770170,
20200622,1101111412256,효성화학(주),1101116770188,
20200622,1101111412256,신화인터텍(주),1348110011677,
20200622,1101111412256,신성자동차(주),2001110114797,
20200622,1101111419286,진흥기업(주),1101110006349,
20200622,1101111419286,(주)효성,1101110030497,
20200622,1101111419286,효성티앤에스(주),1101110511546,
20200622,1101111419286,효성굿스프링스(주),1101110653653,
20200622,1101111419286,효성아이티엑스(주),1101111412256,
20200622,1101111419286,더클래스효성(주),1101112875479,
20200622,1101111419286,(주)에프엠케이,1101113690032,
20200622,1101111419286,갤럭시아코퍼레이션(주),1101114762963,
20200622,1101111419286,효성티앤씨(주),1101116770138,
20200622,1101111419286,효성중공업(주),1101116770154,
20200622,1101111419286,효성첨단소재(주),1101116770170,
20200622,1101111419286,효성화학(주),1101116770188,
20200622,1101111419286,신화인터텍(주),1348110011677,
20200622,1101111419286,신성자동차(주),2001110114797,
20200622,1101111447021,드림마크원(주),1101116252144,
20200622,1101111462524,동국제강(주),1101110031338,
20200622,1101111462524,인터지스(주),1801110001973,
20200622,1101111466659,에스케이건설(주),1101110038805,
20200622,1101111466659,SK가스(주),1101110413247,
20200622,1101111466659,에스케이렌터카(주),1101110577233,
20200622,1101111466659,에스케이(주),1101110769583,
20200622,1101111466659,에스케이바이오랜드(주),1101111192981,
20200622,1101111466659,에스케이텔링크(주),1101111533599,
20200622,1101111466659,에스케이엠앤서비스(주),1101111873432,
20200622,1101111466659,에스케이디앤디(주),1101113001685,
20200622,1101111466659,울산아로마틱스(주),1101114499954,
20200622,1101111466659,에스케이에너지(주),1101114505967,
20200622,1101111466659,에스케이종합화학(주),1101114505975,
20200622,1101111466659,에스케이바이오팜(주),1101114570720,
20200622,1101111466659,나래에너지서비스(주),1101114926006,
20200622,1101111466659,에스케이매직(주),1101115125962,
20200622,1101111466659,라이프앤시큐리티홀딩스(주),1101115371408,
20200622,1101111466659,에스케이넥실리스,1101116480232,
20200622,1101111466659,SK인천석유화학(주),1201110666464,
20200622,1101111466659,SKC(주),1301110001585,
20200622,1101111466659,SK네트웍스(주),1301110005199,
20200622,1101111466659,에스케이케미칼(주),1311110501021,
20200622,1101111466659,(주)에스케이하이닉스,1344110001387,
20200622,1101111466659,에스케이씨솔믹스(주),1347110014631,
20200622,1101111466659,유빈스(주),1351110077367,
20200622,1101111466659,SK네트웍스서비스(주),1358110141788,
20200622,1101111466659,강원도시가스(주),1401110002010,
20200622,1101111466659,충청에너지서비스(주),1501110006200,
20200622,1101111466659,에스케이바이오텍(주),1601110395453,
20200622,1101111466659,보령엘엔지터미널(주),1645110021527,
20200622,1101111466659,울산지피에스(주),1650110035072,
20200622,1101111466659,당진에코파워,1650110069097,
20200622,1101111466659,에스케이실트론(주),1753110001348,
20200622,1101111466659,에스케이쇼와덴코(주),1756110018553,
20200622,1101111466659,에스케이머티리얼즈(주),1901110006971,
20200622,1101111466659,에스케이에어가스(주),2301110134111,
20200622,1101111466659,미쓰이케미칼앤드에스케이씨폴리우레탄(주),2301110233880,
20200622,1101111468754,케이티링커스(주),1101110585393,
20200622,1101111468754,(주)케이티아이에스,1101112271510,
20200622,1101111468754,(주)케이티엠하우스,1101113122291,
20200622,1101111468754,케이티텔레캅(주),1101113563023,
20200622,1101111468754,(주)케이티에스테이트,1101114404903,
20200622,1101111468754,(주)케이티엠모바일,1101115684512,
20200622,1101111468754,(주)케이티서브마린,1801110181428,
20200622,1101111492513,한국캐피탈(주),1601110019277,
20200622,1101111516933,(주)휴세코,1101111929954,
20200622,1101111516933,인베니아(주),1348110056871,
20200622,1101111533599,에스케이건설(주),1101110038805,
20200622,1101111533599,SK가스(주),1101110413247,
20200622,1101111533599,에스케이렌터카(주),1101110577233,
20200622,1101111533599,에스케이(주),1101110769583,
20200622,1101111533599,에스케이바이오랜드(주),1101111192981,
20200622,1101111533599,에스케이브로드밴드(주),1101111466659,
20200622,1101111533599,에스케이엠앤서비스(주),1101111873432,
20200622,1101111533599,에스케이디앤디(주),1101113001685,
20200622,1101111533599,울산아로마틱스(주),1101114499954,
20200622,1101111533599,에스케이에너지(주),1101114505967,
20200622,1101111533599,에스케이종합화학(주),1101114505975,
20200622,1101111533599,에스케이바이오팜(주),1101114570720,
20200622,1101111533599,나래에너지서비스(주),1101114926006,
20200622,1101111533599,에스케이매직(주),1101115125962,
20200622,1101111533599,라이프앤시큐리티홀딩스(주),1101115371408,
20200622,1101111533599,에스케이넥실리스,1101116480232,
20200622,1101111533599,SK인천석유화학(주),1201110666464,
20200622,1101111533599,SKC(주),1301110001585,
20200622,1101111533599,SK네트웍스(주),1301110005199,
20200622,1101111533599,에스케이케미칼(주),1311110501021,
20200622,1101111533599,(주)에스케이하이닉스,1344110001387,
20200622,1101111533599,에스케이씨솔믹스(주),1347110014631,
20200622,1101111533599,유빈스(주),1351110077367,
20200622,1101111533599,SK네트웍스서비스(주),1358110141788,
20200622,1101111533599,강원도시가스(주),1401110002010,
20200622,1101111533599,충청에너지서비스(주),1501110006200,
20200622,1101111533599,에스케이바이오텍(주),1601110395453,
20200622,1101111533599,보령엘엔지터미널(주),1645110021527,
20200622,1101111533599,울산지피에스(주),1650110035072,
20200622,1101111533599,당진에코파워,1650110069097,
20200622,1101111533599,에스케이실트론(주),1753110001348,
20200622,1101111533599,에스케이쇼와덴코(주),1756110018553,
20200622,1101111533599,에스케이머티리얼즈(주),1901110006971,
20200622,1101111533599,에스케이에어가스(주),2301110134111,
20200622,1101111533599,미쓰이케미칼앤드에스케이씨폴리우레탄(주),2301110233880,
20200622,1101111537385,한국자산신탁(주),1101112196304,
20200622,1101111537385,(주)엠디엠플러스,1101112638752,
20200622,1101111537385,한국자산캐피탈(주),1101114861799,
20200622,1101111588221,(주)형지에스콰이아,1101110007404,
20200622,1101111588221,(주)형지엘리트,1101112507551,
20200622,1101111598379,(주)에코프로이노베이션,1101113273698,
20200622,1101111598379,(주)에코프로비엠,1501110219184,
20200622,1101111598379,(주)에코프로지이엠,1717110132339,
20200622,1101111602667,케이지동부제철(주),1101110393308,
20200622,1101111602667,(주)케이지제로인,1101111269540,
20200622,1101111602667,케이지이티에스(주),1101111799183,
20200622,1101111602667,이데일리(주),1101111853608,
20200622,1101111602667,(주)케이지모빌리언스,1101111911050,
20200622,1101111602667,(주)케이지에듀원,1101111959183,
20200622,1101111602667,케이지케미칼(주),1243110008999,
20200622,1101111602667,(주)케이지써닝라이프,1345110166296,
20200622,1101111602667,(주)케이지에너켐,1943110030550,
20200622,1101111603764,(주)쏠리드윈텍,1341110417324,
20200622,1101111618325,장금상선(주),1101111680663,
20200622,1101111618325,(주)한성라인,1101112878134,
20200622,1101111618325,장금마리타임(주),1101113997826,
20200622,1101111618325,시노코탱커(주),1101114389022,
20200622,1101111618325,시노코페트로케미컬(주),1101114547034,
20200622,1101111635189,에이치디씨아이콘트롤스(주),1101111775365,
20200622,1101111635189,에이치디씨아이앤콘스(주),1101111886071,
20200622,1101111635189,부산컨테이너터미널(주),1101115031648,
20200622,1101111635189,에이치디씨현대산업개발(주),1101116740008,
20200622,1101111635189,에이치디씨현대이피(주),1650110006768,
20200622,1101111635189,북항아이브리지(주),1801110560979,
20200622,1101111653389,(주)심팩,1201110002189,
20200622,1101111653389,(주)심팩인더스트리,1201110012451,
20200622,1101111655393,(주)엘지,1101110003543,
20200622,1101111655393,(주)엘지상사,1101110004632,
20200622,1101111655393,엘지이노텍(주),1101110192180,
20200622,1101111655393,(주)판토스,1101110208127,
20200622,1101111655393,엘지디스플레이(주),1101110393134,
20200622,1101111655393,(주)엘지헬로비전,1101111144297,
20200622,1101111655393,(주)엘지유플러스,1101111296676,
20200622,1101111655393,LG전자(주),1101112487050,
20200622,1101111655393,(주)엘지하우시스,1101114071207,
20200622,1101111655393,(주)하이프라자,1311110028801,
20200622,1101111655393,우지막코리아주식회사,1545110032401,
20200622,1101111659105,다우기술(주),1101110414758,
20200622,1101111659105,(주)키다리스튜디오,1101110539382,
20200622,1101111659105,(주)다우데이타,1101110863484,
20200622,1101111659105,(주)키움이앤에스,1101111719397,
20200622,1101111659105,키움증권(주),1101111867948,
20200622,1101111659105,(주)이머니,1101112797342,
20200622,1101111659105,(주)사람인에이치알,1101113318387,
20200622,1101111659105,(주)와이즈버즈,1101115138022,
20200622,1101111659105,(주)동부고속,1101116477007,
20200622,1101111659105,키움캐피탈(주),1101116837772,
20200622,1101111673220,씨제이대한통운(주),1101110006167,
20200622,1101111673220,(주)원지,1101110077605,
20200622,1101111673220,삼해상사(주),1101110225254,
20200622,1101111673220,한국복합물류(주),1101110853576,
20200622,1101111673220,"CJ ENM CO., LTD.",1101111109134,
20200622,1101111673220,씨제이올리브네트웍스(주),1101111138498,
20200622,1101111673220,CJ제일제당(주),1101113748253,
20200622,1101111673220,씨제이올리브영(주),1101117283974,
20200622,1101111673220,씨제이포디플렉스(주),1601110287527,
20200622,1101111673220,씨제이프레시웨이(주),1801110083442,
20200622,1101111680663,국양로지텍(주),1101111618325,
20200622,1101111680663,(주)한성라인,1101112878134,
20200622,1101111680663,장금마리타임(주),1101113997826,
20200622,1101111680663,시노코탱커(주),1101114389022,
20200622,1101111680663,시노코페트로케미컬(주),1101114547034,
20200622,1101111710527,미래에셋대우(주),1101110011679,
20200622,1101111710527,멀티에셋자산운용(주),1101111271115,
20200622,1101111710527,미래에셋생명보험(주),1601110014483,
20200622,1101111710527,미래에셋캐피탈(주),2001110076179,
20200622,1101111717391,세운철강(주),1801110030261,
20200622,1101111719397,다우기술(주),1101110414758,
20200622,1101111719397,(주)키다리스튜디오,1101110539382,
20200622,1101111719397,(주)다우데이타,1101110863484,
20200622,1101111719397,키움인베스트먼트(주),1101111659105,
20200622,1101111719397,키움증권(주),1101111867948,
20200622,1101111719397,(주)이머니,1101112797342,
20200622,1101111719397,(주)사람인에이치알,1101113318387,
20200622,1101111719397,(주)와이즈버즈,1101115138022,
20200622,1101111719397,(주)동부고속,1101116477007,
20200622,1101111719397,키움캐피탈(주),1101116837772,
20200622,1101111720633,별내에너지(주),1101113802546,
20200622,1101111720633,(주)대륜발전,1101114247676,
20200622,1101111720659,(주)흥아,1801110108711,
20200622,1101111764730,중앙일보(주),1101110051493,
20200622,1101111764730,휘닉스중앙(주),1101110357445,
20200622,1101111764730,메가박스중앙(주),1101111809403,
20200622,1101111764730,제이티비씨(주),1101114560268,
20200622,1101111764730,휘닉스중앙제주(주),2241110012935,
20200622,1101111775365,(주)에이치디씨아이파크몰,1101111635189,
20200622,1101111775365,에이치디씨아이앤콘스(주),1101111886071,
20200622,1101111775365,부산컨테이너터미널(주),1101115031648,
20200622,1101111775365,에이치디씨현대산업개발(주),1101116740008,
20200622,1101111775365,에이치디씨현대이피(주),1650110006768,
20200622,1101111775365,북항아이브리지(주),1801110560979,
20200622,1101111799183,케이지동부제철(주),1101110393308,
20200622,1101111799183,(주)케이지제로인,1101111269540,
20200622,1101111799183,(주)케이지이니시스,1101111602667,
20200622,1101111799183,이데일리(주),1101111853608,
20200622,1101111799183,(주)케이지모빌리언스,1101111911050,
20200622,1101111799183,(주)케이지에듀원,1101111959183,
20200622,1101111799183,케이지케미칼(주),1243110008999,
20200622,1101111799183,(주)케이지써닝라이프,1345110166296,
20200622,1101111799183,(주)케이지에너켐,1943110030550,
20200622,1101111801277,(주)삼라,1101110002834,
20200622,1101111801277,대한해운(주),1101110008212,
20200622,1101111801277,경남기업(주),1101110008262,
20200622,1101111801277,삼환기업(주),1101110020307,
20200622,1101111801277,대한상선(주),1101110356140,
20200622,1101111801277,(주)티케이케미칼,1101113783457,
20200622,1101111801277,에스엠스틸(주),1243110028914,
20200622,1101111801277,에스엠하이플러스(주),1311110191187,
20200622,1101111801277,에스엠중공업(주),1351110040869,
20200622,1101111801277,한덕철광산업(주),1449110003109,
20200622,1101111801277,(주)남선알미늄,1701110005042,
20200622,1101111801277,에스엠인더스트리(주),1846110007779,
20200622,1101111807910,모트렉스(주),1101112341850,
20200622,1101111807910,(주)아이노즈,1101115820596,
20200622,1101111809403,중앙일보(주),1101110051493,
20200622,1101111809403,휘닉스중앙(주),1101110357445,
20200622,1101111809403,제이티비씨스튜디오(주),1101111764730,
20200622,1101111809403,제이티비씨(주),1101114560268,
20200622,1101111809403,휘닉스중앙제주(주),2241110012935,
20200622,1101111827570,에스앤케이항공(주),1954110012224,
20200622,1101111829576,포스코 ICT(주),1101110658637,
20200622,1101111829576,(주)포스코인터내셔널,1101112137358,
20200622,1101111829576,삼척블루파워(주),1101114722438,
20200622,1101111829576,(주)포스코건설,1746110002979,
20200622,1101111829576,(주)포스코에이앤씨건축사사무소,1746110003448,
20200622,1101111829576,포스코강판(주),1746110006492,
20200622,1101111829576,포스코기술투자(주),1746110029080,
20200622,1101111829576,(주)부산이앤이,1801110721109,
20200622,1101111829576,(주)포스코플랜텍,1812110010898,
20200622,1101111829576,(주)에스엔엔씨,2046110023415,
20200622,1101111829576,(주)피엠씨텍,2046110038977,
20200622,1101111848980,나이스평가정보(주),1101110393283,
20200622,1101111848980,(주)나이스홀딩스,1101110505614,
20200622,1101111848980,케이아이에스정보통신(주),1101110898241,
20200622,1101111848980,나이스씨엠에스(주),1101113956252,
20200622,1101111848980,나이스페이먼츠(주),1101116137809,
20200622,1101111848980,서울전자통신(주),1243110009781,
20200622,1101111848980,(주)아이티엠반도체,1311110046639,
20200622,1101111848980,(주)나이스엘엠에스,1348110034942,
20200622,1101111848980,에스투비네트워크(주),1701110270108,
20200622,1101111849524,하이트진로홀딩스(주),1101110013766,
20200622,1101111849524,하이트진로(주),1101110028591,
20200622,1101111849524,하이트진로음료(주),1101113436634,
20200622,1101111849524,하이트진로산업(주),1341110002662,
20200622,1101111853608,케이지동부제철(주),1101110393308,
20200622,1101111853608,(주)케이지제로인,1101111269540,
20200622,1101111853608,(주)케이지이니시스,1101111602667,
20200622,1101111853608,케이지이티에스(주),1101111799183,
20200622,1101111853608,(주)케이지모빌리언스,1101111911050,
20200622,1101111853608,(주)케이지에듀원,1101111959183,
20200622,1101111853608,케이지케미칼(주),1243110008999,
20200622,1101111853608,(주)케이지써닝라이프,1345110166296,
20200622,1101111853608,(주)케이지에너켐,1943110030550,
20200622,1101111862592,(주)캘리스코,1101114191055,
20200622,1101111867948,다우기술(주),1101110414758,
20200622,1101111867948,(주)키다리스튜디오,1101110539382,
20200622,1101111867948,(주)다우데이타,1101110863484,
20200622,1101111867948,키움인베스트먼트(주),1101111659105,
20200622,1101111867948,(주)키움이앤에스,1101111719397,
20200622,1101111867948,(주)이머니,1101112797342,
20200622,1101111867948,(주)사람인에이치알,1101113318387,
20200622,1101111867948,(주)와이즈버즈,1101115138022,
20200622,1101111867948,(주)동부고속,1101116477007,
20200622,1101111867948,키움캐피탈(주),1101116837772,
20200622,1101111871072,매일홀딩스(주),1101110099609,
20200622,1101111871072,엠즈씨드(주),1101115149904,
20200622,1101111871072,매일유업(주),1101116390770,
20200622,1101111871072,엠즈푸드시스템(주),1313110123714,
20200622,1101111873432,에스케이건설(주),1101110038805,
20200622,1101111873432,SK가스(주),1101110413247,
20200622,1101111873432,에스케이렌터카(주),1101110577233,
20200622,1101111873432,에스케이(주),1101110769583,
20200622,1101111873432,에스케이바이오랜드(주),1101111192981,
20200622,1101111873432,에스케이브로드밴드(주),1101111466659,
20200622,1101111873432,에스케이텔링크(주),1101111533599,
20200622,1101111873432,에스케이디앤디(주),1101113001685,
20200622,1101111873432,울산아로마틱스(주),1101114499954,
20200622,1101111873432,에스케이에너지(주),1101114505967,
20200622,1101111873432,에스케이종합화학(주),1101114505975,
20200622,1101111873432,에스케이바이오팜(주),1101114570720,
20200622,1101111873432,나래에너지서비스(주),1101114926006,
20200622,1101111873432,에스케이매직(주),1101115125962,
20200622,1101111873432,라이프앤시큐리티홀딩스(주),1101115371408,
20200622,1101111873432,에스케이넥실리스,1101116480232,
20200622,1101111873432,SK인천석유화학(주),1201110666464,
20200622,1101111873432,SKC(주),1301110001585,
20200622,1101111873432,SK네트웍스(주),1301110005199,
20200622,1101111873432,에스케이케미칼(주),1311110501021,
20200622,1101111873432,(주)에스케이하이닉스,1344110001387,
20200622,1101111873432,에스케이씨솔믹스(주),1347110014631,
20200622,1101111873432,유빈스(주),1351110077367,
20200622,1101111873432,SK네트웍스서비스(주),1358110141788,
20200622,1101111873432,강원도시가스(주),1401110002010,
20200622,1101111873432,충청에너지서비스(주),1501110006200,
20200622,1101111873432,에스케이바이오텍(주),1601110395453,
20200622,1101111873432,보령엘엔지터미널(주),1645110021527,
20200622,1101111873432,울산지피에스(주),1650110035072,
20200622,1101111873432,당진에코파워,1650110069097,
20200622,1101111873432,에스케이실트론(주),1753110001348,
20200622,1101111873432,에스케이쇼와덴코(주),1756110018553,
20200622,1101111873432,에스케이머티리얼즈(주),1901110006971,
20200622,1101111873432,에스케이에어가스(주),2301110134111,
20200622,1101111873432,미쓰이케미칼앤드에스케이씨폴리우레탄(주),2301110233880,
20200622,1101111874654,에이제이오토파킹시스템즈(주),1101110870950,
20200622,1101111874654,에이제이전시몰(주),1101113715476,
20200622,1101111874654,에이제이토탈(주),1101113851965,
20200622,1101111874654,에이제이캐피탈파트너스(주),1345110115475,
20200622,1101111874654,에이제이파크(주),2850110135512,
20200622,1101111886071,(주)에이치디씨아이파크몰,1101111635189,
20200622,1101111886071,에이치디씨아이콘트롤스(주),1101111775365,
20200622,1101111886071,부산컨테이너터미널(주),1101115031648,
20200622,1101111886071,에이치디씨현대산업개발(주),1101116740008,
20200622,1101111886071,에이치디씨현대이피(주),1650110006768,
20200622,1101111886071,북항아이브리지(주),1801110560979,
20200622,1101111898159,코웰패션(주),1101110166127,
20200622,1101111898159,(주)디에이피,1244110006602,
20200622,1101111898159,(주)케이브랜즈,1311110359595,
20200622,1101111898159,씨에프에이(주),1311110369370,
20200622,1101111898159,(주)모다이노칩,1355110106027,
20200622,1101111902786,(주)코오롱,1101110030528,
20200622,1101111902786,코오롱글로벌(주),1101110036502,
20200622,1101111902786,코오롱제약(주),1101110256259,
20200622,1101111902786,코오롱글로텍(주),1101110524838,
20200622,1101111902786,코오롱생명과학(주),1101111948277,
20200622,1101111902786,코오롱이엔지니어링(주),1311110057610,
20200622,1101111902786,코오롱데크컴퍼지트(주),1345110055689,
20200622,1101111902786,코오롱베니트(주),1353110003920,
20200622,1101111902786,코오롱환경에너지(주),1353110005893,
20200622,1101111902786,코오롱머티리얼(주),1353110011139,
20200622,1101111902786,코오롱인더스트리(주),1353110013606,
20200622,1101111902786,그린나래(주),1615110078133,
20200622,1101111902786,코오롱플라스틱(주),1713110003504,
20200622,1101111902786,코오롱바스프이노폼(주),1713110030747,
20200622,1101111911050,케이지동부제철(주),1101110393308,
20200622,1101111911050,(주)케이지제로인,1101111269540,
20200622,1101111911050,(주)케이지이니시스,1101111602667,
20200622,1101111911050,케이지이티에스(주),1101111799183,
20200622,1101111911050,이데일리(주),1101111853608,
20200622,1101111911050,(주)케이지에듀원,1101111959183,
20200622,1101111911050,케이지케미칼(주),1243110008999,
20200622,1101111911050,(주)케이지써닝라이프,1345110166296,
20200622,1101111911050,(주)케이지에너켐,1943110030550,
20200622,1101111929102,현대건설(주),1101110007909,
20200622,1101111929102,기아자동차(주),1101110037998,
20200622,1101111929102,현대비앤지스틸(주),1101110065395,
20200622,1101111929102,현대자동차(주),1101110085450,
20200622,1101111929102,현대모비스(주),1101110215536,
20200622,1101111929102,현대카드(주),1101110377203,
20200622,1101111929102,현대캐피탈(주),1101110995378,
20200622,1101111929102,현대엔지니어링(주),1101112153015,
20200622,1101111929102,현대글로비스(주),1101112177388,
20200622,1101111929102,현대커머셜(주),1101113646697,
20200622,1101111929102,현대종합특수강(주),1101114505595,
20200622,1101111929102,현대제철(주),1201110001743,
20200622,1101111929102,(주)지아이티,1311110028900,
20200622,1101111929102,현대오트론(주),1341110134001,
20200622,1101111929102,에이치엘그린파워(주),1352110027542,
20200622,1101111929102,현대트랜시스(주),1614110008562,
20200622,1101111929102,현대에코에너지(주),1614110040506,
20200622,1101111929102,그린에어(주),1650110026005,
20200622,1101111929102,현대로템(주),1942110036336,
20200622,1101111929417,(주)풀무원,1101110375439,
20200622,1101111929417,(주)풀무원푸드앤컬처,1101111174591,
20200622,1101111929417,엑소후레쉬물류(주),1348110034702,
20200622,1101111929417,(주)피피이씨춘천,1401110023884,
20200622,1101111929417,(주)풀무원녹즙,1544110016762,
20200622,1101111929417,(주)피피이씨음성생면,1545110025175,
20200622,1101111929417,(주)피피이씨음성나물,1545110025183,
20200622,1101111929417,풀무원식품(주),1545110039324,
20200622,1101111929954,엘아이지넥스원(주),1101111516933,
20200622,1101111929954,인베니아(주),1348110056871,
20200622,1101111948277,(주)코오롱,1101110030528,
20200622,1101111948277,코오롱글로벌(주),1101110036502,
20200622,1101111948277,코오롱제약(주),1101110256259,
20200622,1101111948277,코오롱글로텍(주),1101110524838,
20200622,1101111948277,(주)코오롱인베스트먼트,1101111902786,
20200622,1101111948277,코오롱이엔지니어링(주),1311110057610,
20200622,1101111948277,코오롱데크컴퍼지트(주),1345110055689,
20200622,1101111948277,코오롱베니트(주),1353110003920,
20200622,1101111948277,코오롱환경에너지(주),1353110005893,
20200622,1101111948277,코오롱머티리얼(주),1353110011139,
20200622,1101111948277,코오롱인더스트리(주),1353110013606,
20200622,1101111948277,그린나래(주),1615110078133,
20200622,1101111948277,코오롱플라스틱(주),1713110003504,
20200622,1101111948277,코오롱바스프이노폼(주),1713110030747,
20200622,1101111959183,케이지동부제철(주),1101110393308,
20200622,1101111959183,(주)케이지제로인,1101111269540,
20200622,1101111959183,(주)케이지이니시스,1101111602667,
20200622,1101111959183,케이지이티에스(주),1101111799183,
20200622,1101111959183,이데일리(주),1101111853608,
20200622,1101111959183,(주)케이지모빌리언스,1101111911050,
20200622,1101111959183,케이지케미칼(주),1243110008999,
20200622,1101111959183,(주)케이지써닝라이프,1345110166296,
20200622,1101111959183,(주)케이지에너켐,1943110030550,
20200622,1101111982473,(주)동양,1101110005333,
20200622,1101111982473,유진기업(주),1101110376148,
20200622,1101111982473,(주)에스비씨리니어,1101110647599,
20200622,1101111982473,한국통운(주),1312110007928,
20200622,1101111982473,천안기업(주),1615110019434,
20200622,1101111982473,한국특수형강(주),1801110015362,
20200622,1101111982473,현대개발(주),2054110009963,
20200622,1101111982473,동화기업(주),2059110009632,
20200622,1101111982473,이순산업(주),2844110060415,
20200622,1101111995723,(주)셀트리온제약,1101112112764,
20200622,1101111995723,(주)셀트리온,1350110034038,
20200622,1101112071481,폴라리스쉬핑(주),1101113047754,
20200622,1101112095837,신한중공업(주),1812110012208,
20200622,1101112095837,삼우중공업(주),2046110025990,
20200622,1101112095837,대한조선(주),2047110003887,
20200622,1101112098295,한미정밀화학(주),1311110005106,
20200622,1101112098295,한미사이언스(주),1348110003187,
20200622,1101112098295,한미약품(주),1348110197550,
20200622,1101112101816,동원산업(주),1101110003098,
20200622,1101112101816,(주)동원엔터프라이즈,1101112217572,
20200622,1101112101816,동원팜스(주),1101113809138,
20200622,1101112101816,(주)테크팩솔루션,1101114004787,
20200622,1101112101816,동원로엑스(주),1101114505769,
20200622,1101112101816,동원건설산업(주),1311110330941,
20200622,1101112101816,동원시스템즈(주),1341110011712,
20200622,1101112101816,(주)동원홈푸드,1615110022122,
20200622,1101112101816,동원로엑스냉장(주),1801110985002,
20200622,1101112112764,(주)셀트리온스킨큐어,1101111995723,
20200622,1101112112764,(주)셀트리온,1350110034038,
20200622,1101112137358,포스코 ICT(주),1101110658637,
20200622,1101112137358,포스코에너지(주),1101111829576,
20200622,1101112137358,삼척블루파워(주),1101114722438,
20200622,1101112137358,(주)포스코건설,1746110002979,
20200622,1101112137358,(주)포스코에이앤씨건축사사무소,1746110003448,
20200622,1101112137358,포스코강판(주),1746110006492,
20200622,1101112137358,포스코기술투자(주),1746110029080,
20200622,1101112137358,(주)부산이앤이,1801110721109,
20200622,1101112137358,(주)포스코플랜텍,1812110010898,
20200622,1101112137358,(주)에스엔엔씨,2046110023415,
20200622,1101112137358,(주)피엠씨텍,2046110038977,
20200622,1101112137895,천마산터널(주),1101114380096,
20200622,1101112137895,(주)대우에스티,1543110016706,
20200622,1101112137895,포천민자발전(주),2844110072163,
20200622,1101112149890,에스파워(주),1311110363562,
20200622,1101112149890,에스퓨얼셀(주),1311110367986,
20200622,1101112153015,현대건설(주),1101110007909,
20200622,1101112153015,기아자동차(주),1101110037998,
20200622,1101112153015,현대비앤지스틸(주),1101110065395,
20200622,1101112153015,현대자동차(주),1101110085450,
20200622,1101112153015,현대모비스(주),1101110215536,
20200622,1101112153015,현대카드(주),1101110377203,
20200622,1101112153015,현대캐피탈(주),1101110995378,
20200622,1101112153015,현대첨단소재(주),1101111929102,
20200622,1101112153015,현대글로비스(주),1101112177388,
20200622,1101112153015,현대커머셜(주),1101113646697,
20200622,1101112153015,현대종합특수강(주),1101114505595,
20200622,1101112153015,현대제철(주),1201110001743,
20200622,1101112153015,(주)지아이티,1311110028900,
20200622,1101112153015,현대오트론(주),1341110134001,
20200622,1101112153015,에이치엘그린파워(주),1352110027542,
20200622,1101112153015,현대트랜시스(주),1614110008562,
20200622,1101112153015,현대에코에너지(주),1614110040506,
20200622,1101112153015,그린에어(주),1650110026005,
20200622,1101112153015,현대로템(주),1942110036336,
20200622,1101112177388,현대건설(주),1101110007909,
20200622,1101112177388,기아자동차(주),1101110037998,
20200622,1101112177388,현대비앤지스틸(주),1101110065395,
20200622,1101112177388,현대자동차(주),1101110085450,
20200622,1101112177388,현대모비스(주),1101110215536,
20200622,1101112177388,현대카드(주),1101110377203,
20200622,1101112177388,현대캐피탈(주),1101110995378,
20200622,1101112177388,현대첨단소재(주),1101111929102,
20200622,1101112177388,현대엔지니어링(주),1101112153015,
20200622,1101112177388,현대커머셜(주),1101113646697,
20200622,1101112177388,현대종합특수강(주),1101114505595,
20200622,1101112177388,현대제철(주),1201110001743,
20200622,1101112177388,(주)지아이티,1311110028900,
20200622,1101112177388,현대오트론(주),1341110134001,
20200622,1101112177388,에이치엘그린파워(주),1352110027542,
20200622,1101112177388,현대트랜시스(주),1614110008562,
20200622,1101112177388,현대에코에너지(주),1614110040506,
20200622,1101112177388,그린에어(주),1650110026005,
20200622,1101112177388,현대로템(주),1942110036336,
20200622,1101112196304,(주)엠디엠,1101111537385,
20200622,1101112196304,(주)엠디엠플러스,1101112638752,
20200622,1101112196304,한국자산캐피탈(주),1101114861799,
20200622,1101112207127,한국남부발전(주),1101112207135,
20200622,1101112207127,한국서부발전(주),1101112207177,
20200622,1101112207127,한국전력공사,1146710001456,
20200622,1101112207127,경기그린에너지(주),1348110229816,
20200622,1101112207127,한전원자력연료(주),1601110006068,
20200622,1101112207135,한국수력원자력(주),1101112207127,
20200622,1101112207135,한국서부발전(주),1101112207177,
20200622,1101112207135,한국전력공사,1146710001456,
20200622,1101112207135,경기그린에너지(주),1348110229816,
20200622,1101112207135,한전원자력연료(주),1601110006068,
20200622,1101112207177,한국수력원자력(주),1101112207127,
20200622,1101112207177,한국남부발전(주),1101112207135,
20200622,1101112207177,한국전력공사,1146710001456,
20200622,1101112207177,경기그린에너지(주),1348110229816,
20200622,1101112207177,한전원자력연료(주),1601110006068,
20200622,1101112217572,동원산업(주),1101110003098,
20200622,1101112217572,(주)동원에프앤비,1101112101816,
20200622,1101112217572,동원팜스(주),1101113809138,
20200622,1101112217572,(주)테크팩솔루션,1101114004787,
20200622,1101112217572,동원로엑스(주),1101114505769,
20200622,1101112217572,동원건설산업(주),1311110330941,
20200622,1101112217572,동원시스템즈(주),1341110011712,
20200622,1101112217572,(주)동원홈푸드,1615110022122,
20200622,1101112217572,동원로엑스냉장(주),1801110985002,
20200622,1101112240169,(주)한진,1101110003668,
20200622,1101112240169,(주)대한항공,1101110108484,
20200622,1101112240169,한진칼(주),1101115197193,
20200622,1101112240169,(주)진에어,1201110454976,
20200622,1101112240169,(주)왕산레저개발,1201110587462,
20200622,1101112240169,한진인천컨테이너터미널(주),1201110730821,
20200622,1101112240169,평택컨테이너터미날(주),1313110054589,
20200622,1101112248882,(주)에버다임,1101111042574,
20200622,1101112248882,(주)현대백화점,1101112644725,
20200622,1101112248882,(주)현대엘앤씨,1101115453644,
20200622,1101112262527,팬오션(주),1101110004286,
20200622,1101112262527,농업회사법인(주)순우리한우,1101112322058,
20200622,1101112262527,(주)참트레이딩,1101114292481,
20200622,1101112262527,(주)에코캐피탈,1101114338326,
20200622,1101112262527,한강씨엠(주),1115110019393,
20200622,1101112262527,(주)올품,1311110037852,
20200622,1101112262527,(주)팜스코,1311110042950,
20200622,1101112262527,(주)하림산업,1311110303477,
20200622,1101112262527,(주)선진한마을,1344110013093,
20200622,1101112262527,(주)선진에프에스,1344110028539,
20200622,1101112262527,(주)선진,1344110046664,
20200622,1101112262527,(주)농업회사법인팜스코바이오인티,1344110058817,
20200622,1101112262527,(주)선진햄,1345110029056,
20200622,1101112262527,(주)하림지주,1601110003931,
20200622,1101112262527,(주)농업회사법인주원산오리,1601110135453,
20200622,1101112262527,제일사료(주),1601110291544,
20200622,1101112262527,(주)하림,2149110034430,
20200622,1101112262527,(주)애그리로보텍,2850110161202,
20200622,1101112271510,케이티링커스(주),1101110585393,
20200622,1101112271510,(주)케이티,1101111468754,
20200622,1101112271510,(주)케이티엠하우스,1101113122291,
20200622,1101112271510,케이티텔레캅(주),1101113563023,
20200622,1101112271510,(주)케이티에스테이트,1101114404903,
20200622,1101112271510,(주)케이티엠모바일,1101115684512,
20200622,1101112271510,(주)케이티서브마린,1801110181428,
20200622,1101112276809,(주)세아네트웍스,1101110862519,
20200622,1101112276809,(주)세아제강,1101116860640,
20200622,1101112276809,(주)세아엘앤에스,1511110000847,
20200622,1101112276809,세아특수강(주),1746110005478,
20200622,1101112276809,(주)세아창원특수강,1942110025248,
20200622,1101112276809,(주)세아메탈,1943110003292,
20200622,1101112276809,(주)세아씨엠,2111110050667,
20200622,1101112286254,한세엠케이(주),1101111144073,
20200622,1101112286254,칼라앤터치(주),1101115346005,
20200622,1101112286254,한세예스이십사홀딩스(주),1201110019382,
20200622,1101112286254,한세실업(주),1201110484303,
20200622,1101112299893,(주)성우하이텍,1801110042612,
20200622,1101112299893,(주)아이존,1801110295336,
20200622,1101112303826,(주)이수화학,1101110008600,
20200622,1101112303826,(주)이수페타시스,1101110186638,
20200622,1101112303826,이수건설(주),1101110202202,
20200622,1101112303826,(주)이수시스템,1101111304643,
20200622,1101112303826,(주)이수,1101112833451,
20200622,1101112303826,(주)이수엑사보드,1314110161035,
20200622,1101112303826,토다이수(주),1412110043623,
20200622,1101112322058,팬오션(주),1101110004286,
20200622,1101112322058,(주)엔에스쇼핑,1101112262527,
20200622,1101112322058,(주)참트레이딩,1101114292481,
20200622,1101112322058,(주)에코캐피탈,1101114338326,
20200622,1101112322058,한강씨엠(주),1115110019393,
20200622,1101112322058,(주)올품,1311110037852,
20200622,1101112322058,(주)팜스코,1311110042950,
20200622,1101112322058,(주)하림산업,1311110303477,
20200622,1101112322058,(주)선진한마을,1344110013093,
20200622,1101112322058,(주)선진에프에스,1344110028539,
20200622,1101112322058,(주)선진,1344110046664,
20200622,1101112322058,(주)농업회사법인팜스코바이오인티,1344110058817,
20200622,1101112322058,(주)선진햄,1345110029056,
20200622,1101112322058,(주)하림지주,1601110003931,
20200622,1101112322058,(주)농업회사법인주원산오리,1601110135453,
20200622,1101112322058,제일사료(주),1601110291544,
20200622,1101112322058,(주)하림,2149110034430,
20200622,1101112322058,(주)애그리로보텍,2850110161202,
20200622,1101112322438,(주)신한은행,1101110012809,
20200622,1101112322438,신한카드(주),1101110412926,
20200622,1101112322438,신한캐피탈(주),1350110034400,
20200622,1101112323858,한국컨테이너풀(주),1101111344251,
20200622,1101112323858,한국로지스풀(주),1101112539033,
20200622,1101112323858,에코로지스(주),1101113441865,
20200622,1101112323858,한국파렛트풀(주),1101116505098,
20200622,1101112324252,(주)대원,1501110003058,
20200622,1101112341850,전진중공업(주),1101111807910,
20200622,1101112341850,(주)아이노즈,1101115820596,
20200622,1101112359837,(주)엘에프네트웍스,1101110726872,
20200622,1101112359837,(주)파스텔세상,1101113268178,
20200622,1101112359837,(주)엘에프,1101113555187,
20200622,1101112359837,(주)엘에프푸드,1101113782087,
20200622,1101112359837,(주)트라이본즈,1101113824897,
20200622,1101112365321,(주)케이비국민카드,1101114546523,
20200622,1101112365321,케이비캐피탈(주),1301110013499,
20200622,1101112371609,호전실업(주),1101110393457,
20200622,1101112373308,(주)종근당,1101115260669,
20200622,1101112373308,종근당건강(주),1350110049540,
20200622,1101112373308,(주)경보제약,1648110001961,
20200622,1101112376815,대신증권(주),1101110042955,
20200622,1101112407470,코스맥스(주),1348110294273,
20200622,1101112426264,(주)케이피티유,1350110047883,
20200622,1101112426264,(주)알루텍,1542110007492,
20200622,1101112426264,(주)알루코,1601110002313,
20200622,1101112487050,(주)엘지,1101110003543,
20200622,1101112487050,(주)엘지상사,1101110004632,
20200622,1101112487050,엘지이노텍(주),1101110192180,
20200622,1101112487050,(주)판토스,1101110208127,
20200622,1101112487050,엘지디스플레이(주),1101110393134,
20200622,1101112487050,(주)엘지헬로비전,1101111144297,
20200622,1101112487050,(주)엘지유플러스,1101111296676,
20200622,1101112487050,(주)로보스타,1101111655393,
20200622,1101112487050,(주)엘지하우시스,1101114071207,
20200622,1101112487050,(주)하이프라자,1311110028801,
20200622,1101112487050,우지막코리아주식회사,1545110032401,
20200622,1101112507551,(주)형지에스콰이아,1101110007404,
20200622,1101112507551,패션그룹형지(주),1101111588221,
20200622,1101112533910,(주)영남지오영,1746110000965,
20200622,1101112533910,(주)제주지오영,2201110057232,
20200622,1101112539033,한국컨테이너풀(주),1101111344251,
20200622,1101112539033,(주)한국풀네트웍,1101112323858,
20200622,1101112539033,에코로지스(주),1101113441865,
20200622,1101112539033,한국파렛트풀(주),1101116505098,
20200622,1101112558405,(주)한화,1101110002959,
20200622,1101112558405,한화투자증권(주),1101110003155,
20200622,1101112558405,(주)한화갤러리아,1101110202989,
20200622,1101112558405,한화호텔앤드리조트(주),1101110249709,
20200622,1101112558405,한화솔루션(주),1101110360935,
20200622,1101112558405,한화에너지(주),1101113807223,
20200622,1101112558405,(주)제주해양과학관,1101114143577,
20200622,1101112558405,(주)한화도시개발,1101114231596,
20200622,1101112558405,한화테크윈(주),1311110514404,
20200622,1101112558405,(주)한화갤러리아타임월드,1601110003410,
20200622,1101112558405,한화종합화학(주),1614110001243,
20200622,1101112558405,한화토탈(주),1614110013066,
20200622,1101112558405,(주)서산테크노밸리,1614110017852,
20200622,1101112558405,한화시스템(주),1760110020640,
20200622,1101112558405,한화에어로스페이스(주),1942110000480,
20200622,1101112558405,한화디펜스(주),1942110273300,
20200622,1101112558405,한화파워시스템(주),1942110273318,
20200622,1101112558405,한화정밀기계(주),1942110273326,
20200622,1101112576043,(주)한미석유,1301110021757,
20200622,1101112611906,(주)정산애강,1545110001571,
20200622,1101112611906,(주)정산인터내셔널,1801110886979,
20200622,1101112611906,태광실업(주),1846110000533,
20200622,1101112621286,(주)체리부로,1543110001997,
20200622,1101112621286,(주)농업회사법인한국원종,1645110015744,
20200622,1101112621286,(주)체리푸드,1748110001208,
20200622,1101112638752,(주)엠디엠,1101111537385,
20200622,1101112638752,한국자산신탁(주),1101112196304,
20200622,1101112638752,한국자산캐피탈(주),1101114861799,
20200622,1101112644725,(주)에버다임,1101111042574,
20200622,1101112644725,(주)현대홈쇼핑,1101112248882,
20200622,1101112644725,(주)현대엘앤씨,1101115453644,
20200622,1101112770851,(주)동방,1101110124521,
20200622,1101112770851,광양선박(주),2046110000497,
20200622,1101112797342,다우기술(주),1101110414758,
20200622,1101112797342,(주)키다리스튜디오,1101110539382,
20200622,1101112797342,(주)다우데이타,1101110863484,
20200622,1101112797342,키움인베스트먼트(주),1101111659105,
20200622,1101112797342,(주)키움이앤에스,1101111719397,
20200622,1101112797342,키움증권(주),1101111867948,
20200622,1101112797342,(주)사람인에이치알,1101113318387,
20200622,1101112797342,(주)와이즈버즈,1101115138022,
20200622,1101112797342,(주)동부고속,1101116477007,
20200622,1101112797342,키움캐피탈(주),1101116837772,
20200622,1101112805004,S-OIL(주),1101110189955,
20200622,1101112833451,(주)이수화학,1101110008600,
20200622,1101112833451,(주)이수페타시스,1101110186638,
20200622,1101112833451,이수건설(주),1101110202202,
20200622,1101112833451,(주)이수시스템,1101111304643,
20200622,1101112833451,(주)이수엑사켐,1101112303826,
20200622,1101112833451,(주)이수엑사보드,1314110161035,
20200622,1101112833451,토다이수(주),1412110043623,
20200622,1101112833584,(주)녹십자,1101110109854,
20200622,1101112833584,(주)녹십자셀,1101110889985,
20200622,1101112833584,(주)녹십자홀딩스,1345110000014,
20200622,1101112833584,(주)녹십자엠에스,1345110076627,
20200622,1101112833584,(주)녹십자웰빙,1345110083218,
20200622,1101112833584,(주)녹십자랩셀,1345110172532,
20200622,1101112833584,(주)녹십자지놈,1345110215100,
20200622,1101112833584,농업회사법인인백팜(주),2052110026721,
20200622,1101112874041,하이호경금속(주),2111110023284,
20200622,1101112874041,(주)칼링크,2148110005657,
20200622,1101112875479,진흥기업(주),1101110006349,
20200622,1101112875479,(주)효성,1101110030497,
20200622,1101112875479,효성티앤에스(주),1101110511546,
20200622,1101112875479,효성굿스프링스(주),1101110653653,
20200622,1101112875479,효성아이티엑스(주),1101111412256,
20200622,1101112875479,효성캐피탈(주),1101111419286,
20200622,1101112875479,(주)에프엠케이,1101113690032,
20200622,1101112875479,갤럭시아코퍼레이션(주),1101114762963,
20200622,1101112875479,효성티앤씨(주),1101116770138,
20200622,1101112875479,효성중공업(주),1101116770154,
20200622,1101112875479,효성첨단소재(주),1101116770170,
20200622,1101112875479,효성화학(주),1101116770188,
20200622,1101112875479,신화인터텍(주),1348110011677,
20200622,1101112875479,신성자동차(주),2001110114797,
20200622,1101112878134,국양로지텍(주),1101111618325,
20200622,1101112878134,장금상선(주),1101111680663,
20200622,1101112878134,장금마리타임(주),1101113997826,
20200622,1101112878134,시노코탱커(주),1101114389022,
20200622,1101112878134,시노코페트로케미컬(주),1101114547034,
20200622,1101112915605,한솔테크닉스(주),1101110004682,
20200622,1101112915605,한솔홀딩스(주),1101110017867,
20200622,1101112915605,한솔로지스틱스(주),1101110150659,
20200622,1101112915605,(주)한솔케미칼,1101110270895,
20200622,1101112915605,(주)한솔홈데코,1101110825624,
20200622,1101112915605,한솔제지(주),1101115604700,
20200622,1101112915605,(주)테이팩스,1201110095499,
20200622,1101112915605,엑스큐어(주),1350110106150,
20200622,1101112915605,한솔이엠이(주),1601110123185,
20200622,1101112915605,한솔페이퍼텍(주),2043110008603,
20200622,1101112930687,(주)천재교육,1101110511025,
20200622,1101112930687,(주)해법에듀,1101113620518,
20200622,1101113001685,에스케이건설(주),1101110038805,
20200622,1101113001685,SK가스(주),1101110413247,
20200622,1101113001685,에스케이렌터카(주),1101110577233,
20200622,1101113001685,에스케이(주),1101110769583,
20200622,1101113001685,에스케이바이오랜드(주),1101111192981,
20200622,1101113001685,에스케이브로드밴드(주),1101111466659,
20200622,1101113001685,에스케이텔링크(주),1101111533599,
20200622,1101113001685,에스케이엠앤서비스(주),1101111873432,
20200622,1101113001685,울산아로마틱스(주),1101114499954,
20200622,1101113001685,에스케이에너지(주),1101114505967,
20200622,1101113001685,에스케이종합화학(주),1101114505975,
20200622,1101113001685,에스케이바이오팜(주),1101114570720,
20200622,1101113001685,나래에너지서비스(주),1101114926006,
20200622,1101113001685,에스케이매직(주),1101115125962,
20200622,1101113001685,라이프앤시큐리티홀딩스(주),1101115371408,
20200622,1101113001685,에스케이넥실리스,1101116480232,
20200622,1101113001685,SK인천석유화학(주),1201110666464,
20200622,1101113001685,SKC(주),1301110001585,
20200622,1101113001685,SK네트웍스(주),1301110005199,
20200622,1101113001685,에스케이케미칼(주),1311110501021,
20200622,1101113001685,(주)에스케이하이닉스,1344110001387,
20200622,1101113001685,에스케이씨솔믹스(주),1347110014631,
20200622,1101113001685,유빈스(주),1351110077367,
20200622,1101113001685,SK네트웍스서비스(주),1358110141788,
20200622,1101113001685,강원도시가스(주),1401110002010,
20200622,1101113001685,충청에너지서비스(주),1501110006200,
20200622,1101113001685,에스케이바이오텍(주),1601110395453,
20200622,1101113001685,보령엘엔지터미널(주),1645110021527,
20200622,1101113001685,울산지피에스(주),1650110035072,
20200622,1101113001685,당진에코파워,1650110069097,
20200622,1101113001685,에스케이실트론(주),1753110001348,
20200622,1101113001685,에스케이쇼와덴코(주),1756110018553,
20200622,1101113001685,에스케이머티리얼즈(주),1901110006971,
20200622,1101113001685,에스케이에어가스(주),2301110134111,
20200622,1101113001685,미쓰이케미칼앤드에스케이씨폴리우레탄(주),2301110233880,
20200622,1101113047754,한원마리타임(주),1101112071481,
20200622,1101113122291,케이티링커스(주),1101110585393,
20200622,1101113122291,(주)케이티,1101111468754,
20200622,1101113122291,(주)케이티아이에스,1101112271510,
20200622,1101113122291,케이티텔레캅(주),1101113563023,
20200622,1101113122291,(주)케이티에스테이트,1101114404903,
20200622,1101113122291,(주)케이티엠모바일,1101115684512,
20200622,1101113122291,(주)케이티서브마린,1801110181428,
20200622,1101113126136,(주)인디에프,1101110279996,
20200622,1101113126136,글로벌세아(주),1101110581565,
20200622,1101113126136,세아상역(주),1101115879345,
20200622,1101113126136,세아에스티엑스엔테크(주),1101116830411,
20200622,1101113128588,보령제약(주),1101110012560,
20200622,1101113128588,메디앙스(주),1101110252471,
20200622,1101113135418,(주)까뮤이앤씨,1101110243793,
20200622,1101113135418,(주)금양인터내셔날,1101110630734,
20200622,1101113135418,(주)파라텍,1243110000573,
20200622,1101113176925,한국타이어앤테크놀로지(주),1101114952093,
20200622,1101113239228,(주)신세계조선호텔,1101110003999,
20200622,1101113239228,(주)신세계,1101110028848,
20200622,1101113239228,(주)이마트에브리데이,1101110167498,
20200622,1101113239228,(주)신세계인터내셔날,1101110282402,
20200622,1101113239228,(주)신세계푸드,1101110305288,
20200622,1101113239228,(주)까사미아,1101110873102,
20200622,1101113239228,(주)이마트,1101114594952,
20200622,1101113239228,(주)신세계프라퍼티,1101115284198,
20200622,1101113239228,(주)인천신세계,1101115615038,
20200622,1101113239228,(주)신세계디에프,1101115698315,
20200622,1101113239228,(주)스타필드안성,1346110091475,
20200622,1101113239228,(주)스타필드하남,1357110074452,
20200622,1101113239228,(주)신세계동대구복합환승센터,1701110459570,
20200622,1101113251082,엘티삼보(주),1801110055722,
20200622,1101113268178,(주)엘에프네트웍스,1101110726872,
20200622,1101113268178,(주)코람코자산신탁,1101112359837,
20200622,1101113268178,(주)엘에프,1101113555187,
20200622,1101113268178,(주)엘에프푸드,1101113782087,
20200622,1101113268178,(주)트라이본즈,1101113824897,
20200622,1101113273698,(주)에코프로,1101111598379,
20200622,1101113273698,(주)에코프로비엠,1501110219184,
20200622,1101113273698,(주)에코프로지이엠,1717110132339,
20200622,1101113318387,다우기술(주),1101110414758,
20200622,1101113318387,(주)키다리스튜디오,1101110539382,
20200622,1101113318387,(주)다우데이타,1101110863484,
20200622,1101113318387,키움인베스트먼트(주),1101111659105,
20200622,1101113318387,(주)키움이앤에스,1101111719397,
20200622,1101113318387,키움증권(주),1101111867948,
20200622,1101113318387,(주)이머니,1101112797342,
20200622,1101113318387,(주)와이즈버즈,1101115138022,
20200622,1101113318387,(주)동부고속,1101116477007,
20200622,1101113318387,키움캐피탈(주),1101116837772,
20200622,1101113326588,롯데쇼핑(주),1101110000086,
20200622,1101113326588,롯데건설(주),1101110014764,
20200622,1101113326588,(주)롯데푸드,1101110033722,
20200622,1101113326588,롯데지주(주),1101110076300,
20200622,1101113326588,호텔롯데(주),1101110145410,
20200622,1101113326588,롯데상사(주),1101110159099,
20200622,1101113326588,롯데케미칼(주),1101110193196,
20200622,1101113326588,롯데하이마트(주),1101110532633,
20200622,1101113326588,롯데캐피탈(주),1101111217416,
20200622,1101113326588,서울복합물류프로젝트금융투자(주),1101114660232,
20200622,1101113326588,롯데정보통신(주),1101116557114,
20200622,1101113326588,롯데컬처웍스(주),1101116768969,
20200622,1101113326588,롯데위탁관리부동산투자회사(주),1101117061081,
20200622,1101113326588,롯데오토리스(주),1341110213433,
20200622,1101113326588,(주)백학음료,1349110029305,
20200622,1101113326588,(주)충북소주,1501110082218,
20200622,1101113326588,산청음료(주),1948110004183,
20200622,1101113326588,롯데베르살리스엘라스토머스(주),2062110050365,
20200622,1101113326588,데크항공(주),2101110061897,
20200622,1101113359985,(주)엘에스,1101110003965,
20200622,1101113359985,(주)E1,1101110381387,
20200622,1101113359985,엘에스일렉트릭(주),1101110520076,
20200622,1101113359985,(주)베스트토요타,1101115129881,
20200622,1101113359985,(주)예스코,1101116708494,
20200622,1101113359985,(주)지앤피,1301110008797,
20200622,1101113359985,가온전선(주),1341110000567,
20200622,1101113359985,엘에스엠트론(주),1341110168349,
20200622,1101113359985,엘에스전선(주),1341110168357,
20200622,1101113359985,엘에스전선아시아(주),1341110411706,
20200622,1101113359985,엘에스에이홀딩스(주),1341110474316,
20200622,1101113359985,엘에스오토모티브테크놀로지스(주),1341110474647,
20200622,1101113359985,엘에스이브이코리아(주),1341110480602,
20200622,1101113359985,(주)토리컴,1350110054119,
20200622,1101113359985,(주)지알엠,1546110008012,
20200622,1101113359985,엘에스메카피온(주),1701110178807,
20200622,1101113359985,(주)엘에스네트웍스,1801110044717,
20200622,1101113359985,캐스코(주),2101110047938,
20200622,1101113359985,엘에스니꼬동제련(주),2301110058436,
20200622,1101113359985,한성피씨건설(주),2850110157251,
20200622,1101113436634,하이트진로홀딩스(주),1101110013766,
20200622,1101113436634,하이트진로(주),1101110028591,
20200622,1101113436634,서영이앤티(주),1101111849524,
20200622,1101113436634,하이트진로산업(주),1341110002662,
20200622,1101113441865,한국컨테이너풀(주),1101111344251,
20200622,1101113441865,(주)한국풀네트웍,1101112323858,
20200622,1101113441865,한국로지스풀(주),1101112539033,
20200622,1101113441865,한국파렛트풀(주),1101116505098,
20200622,1101113525750,(주)한국전자홀딩스,1101110101470,
20200622,1101113525750,(주)티에스피,1101110932049,
20200622,1101113555187,(주)엘에프네트웍스,1101110726872,
20200622,1101113555187,(주)코람코자산신탁,1101112359837,
20200622,1101113555187,(주)파스텔세상,1101113268178,
20200622,1101113555187,(주)엘에프푸드,1101113782087,
20200622,1101113555187,(주)트라이본즈,1101113824897,
20200622,1101113563023,케이티링커스(주),1101110585393,
20200622,1101113563023,(주)케이티,1101111468754,
20200622,1101113563023,(주)케이티아이에스,1101112271510,
20200622,1101113563023,(주)케이티엠하우스,1101113122291,
20200622,1101113563023,(주)케이티에스테이트,1101114404903,
20200622,1101113563023,(주)케이티엠모바일,1101115684512,
20200622,1101113563023,(주)케이티서브마린,1801110181428,
20200622,1101113620518,(주)천재교육,1101110511025,
20200622,1101113620518,(주)천재교과서,1101112930687,
20200622,1101113631557,국보,1101110296073,
20200622,1101113631557,흥아해운(주),1101110515275,
20200622,1101113631557,에이치앤브이물류(주),1344110027565,
20200622,1101113631557,피케이밸브(주),1942110000076,
20200622,1101113634428,남해화학(주),1101110164717,
20200622,1101113634428,농협은행,1101114809385,
20200622,1101113646697,현대건설(주),1101110007909,
20200622,1101113646697,기아자동차(주),1101110037998,
20200622,1101113646697,현대비앤지스틸(주),1101110065395,
20200622,1101113646697,현대자동차(주),1101110085450,
20200622,1101113646697,현대모비스(주),1101110215536,
20200622,1101113646697,현대카드(주),1101110377203,
20200622,1101113646697,현대캐피탈(주),1101110995378,
20200622,1101113646697,현대첨단소재(주),1101111929102,
20200622,1101113646697,현대엔지니어링(주),1101112153015,
20200622,1101113646697,현대글로비스(주),1101112177388,
20200622,1101113646697,현대종합특수강(주),1101114505595,
20200622,1101113646697,현대제철(주),1201110001743,
20200622,1101113646697,(주)지아이티,1311110028900,
20200622,1101113646697,현대오트론(주),1341110134001,
20200622,1101113646697,에이치엘그린파워(주),1352110027542,
20200622,1101113646697,현대트랜시스(주),1614110008562,
20200622,1101113646697,현대에코에너지(주),1614110040506,
20200622,1101113646697,그린에어(주),1650110026005,
20200622,1101113646697,현대로템(주),1942110036336,
20200622,1101113690032,진흥기업(주),1101110006349,
20200622,1101113690032,(주)효성,1101110030497,
20200622,1101113690032,효성티앤에스(주),1101110511546,
20200622,1101113690032,효성굿스프링스(주),1101110653653,
20200622,1101113690032,효성아이티엑스(주),1101111412256,
20200622,1101113690032,효성캐피탈(주),1101111419286,
20200622,1101113690032,더클래스효성(주),1101112875479,
20200622,1101113690032,갤럭시아코퍼레이션(주),1101114762963,
20200622,1101113690032,효성티앤씨(주),1101116770138,
20200622,1101113690032,효성중공업(주),1101116770154,
20200622,1101113690032,효성첨단소재(주),1101116770170,
20200622,1101113690032,효성화학(주),1101116770188,
20200622,1101113690032,신화인터텍(주),1348110011677,
20200622,1101113690032,신성자동차(주),2001110114797,
20200622,1101113715476,에이제이오토파킹시스템즈(주),1101110870950,
20200622,1101113715476,에이제이네트웍스(주),1101111874654,
20200622,1101113715476,에이제이토탈(주),1101113851965,
20200622,1101113715476,에이제이캐피탈파트너스(주),1345110115475,
20200622,1101113715476,에이제이파크(주),2850110135512,
20200622,1101113744772,씨앤에이치캐피탈(주),1211110191650,
20200622,1101113748253,씨제이대한통운(주),1101110006167,
20200622,1101113748253,(주)원지,1101110077605,
20200622,1101113748253,삼해상사(주),1101110225254,
20200622,1101113748253,한국복합물류(주),1101110853576,
20200622,1101113748253,"CJ ENM CO., LTD.",1101111109134,
20200622,1101113748253,씨제이올리브네트웍스(주),1101111138498,
20200622,1101113748253,씨제이씨지브이(주),1101111673220,
20200622,1101113748253,씨제이올리브영(주),1101117283974,
20200622,1101113748253,씨제이포디플렉스(주),1601110287527,
20200622,1101113748253,씨제이프레시웨이(주),1801110083442,
20200622,1101113782087,(주)엘에프네트웍스,1101110726872,
20200622,1101113782087,(주)코람코자산신탁,1101112359837,
20200622,1101113782087,(주)파스텔세상,1101113268178,
20200622,1101113782087,(주)엘에프,1101113555187,
20200622,1101113782087,(주)트라이본즈,1101113824897,
20200622,1101113783457,(주)삼라,1101110002834,
20200622,1101113783457,대한해운(주),1101110008212,
20200622,1101113783457,경남기업(주),1101110008262,
20200622,1101113783457,삼환기업(주),1101110020307,
20200622,1101113783457,대한상선(주),1101110356140,
20200622,1101113783457,에스엠신용정보(주),1101111801277,
20200622,1101113783457,에스엠스틸(주),1243110028914,
20200622,1101113783457,에스엠하이플러스(주),1311110191187,
20200622,1101113783457,에스엠중공업(주),1351110040869,
20200622,1101113783457,한덕철광산업(주),1449110003109,
20200622,1101113783457,(주)남선알미늄,1701110005042,
20200622,1101113783457,에스엠인더스트리(주),1846110007779,
20200622,1101113786063,아주아이비투자(주),1101110169874,
20200622,1101113786063,아주산업(주),1101110425606,
20200622,1101113786063,(주)아주호텔서교,1101114995861,
20200622,1101113802546,(주)대륜이엔에스,1101111720633,
20200622,1101113802546,(주)대륜발전,1101114247676,
20200622,1101113807223,(주)한화,1101110002959,
20200622,1101113807223,한화투자증권(주),1101110003155,
20200622,1101113807223,(주)한화갤러리아,1101110202989,
20200622,1101113807223,한화호텔앤드리조트(주),1101110249709,
20200622,1101113807223,한화솔루션(주),1101110360935,
20200622,1101113807223,(주)한화건설,1101112558405,
20200622,1101113807223,(주)제주해양과학관,1101114143577,
20200622,1101113807223,(주)한화도시개발,1101114231596,
20200622,1101113807223,한화테크윈(주),1311110514404,
20200622,1101113807223,(주)한화갤러리아타임월드,1601110003410,
20200622,1101113807223,한화종합화학(주),1614110001243,
20200622,1101113807223,한화토탈(주),1614110013066,
20200622,1101113807223,(주)서산테크노밸리,1614110017852,
20200622,1101113807223,한화시스템(주),1760110020640,
20200622,1101113807223,한화에어로스페이스(주),1942110000480,
20200622,1101113807223,한화디펜스(주),1942110273300,
20200622,1101113807223,한화파워시스템(주),1942110273318,
20200622,1101113807223,한화정밀기계(주),1942110273326,
20200622,1101113809138,동원산업(주),1101110003098,
20200622,1101113809138,(주)동원에프앤비,1101112101816,
20200622,1101113809138,(주)동원엔터프라이즈,1101112217572,
20200622,1101113809138,(주)테크팩솔루션,1101114004787,
20200622,1101113809138,동원로엑스(주),1101114505769,
20200622,1101113809138,동원건설산업(주),1311110330941,
20200622,1101113809138,동원시스템즈(주),1341110011712,
20200622,1101113809138,(주)동원홈푸드,1615110022122,
20200622,1101113809138,동원로엑스냉장(주),1801110985002,
20200622,1101113824897,(주)엘에프네트웍스,1101110726872,
20200622,1101113824897,(주)코람코자산신탁,1101112359837,
20200622,1101113824897,(주)파스텔세상,1101113268178,
20200622,1101113824897,(주)엘에프,1101113555187,
20200622,1101113824897,(주)엘에프푸드,1101113782087,
20200622,1101113836678,(주)DB하이텍,1101110026206,
20200622,1101113850959,동국산업(주),1101110085583,
20200622,1101113850959,동국알앤에스(주),1955110069249,
20200622,1101113851965,에이제이오토파킹시스템즈(주),1101110870950,
20200622,1101113851965,에이제이네트웍스(주),1101111874654,
20200622,1101113851965,에이제이전시몰(주),1101113715476,
20200622,1101113851965,에이제이캐피탈파트너스(주),1345110115475,
20200622,1101113851965,에이제이파크(주),2850110135512,
20200622,1101113929077,(주)일진유니스코,1101110356455,
20200622,1101113929077,일진홀딩스(주),1201110011990,
20200622,1101113929077,일진제강(주),1341110008412,
20200622,1101113929077,일진전기(주),1348110159279,
20200622,1101113929077,일진디스플레이(주),1545110006076,
20200622,1101113929077,알피니언메디칼시스템(주),1701110331190,
20200622,1101113956252,나이스평가정보(주),1101110393283,
20200622,1101113956252,(주)나이스홀딩스,1101110505614,
20200622,1101113956252,케이아이에스정보통신(주),1101110898241,
20200622,1101113956252,한국전자금융(주),1101111848980,
20200622,1101113956252,나이스페이먼츠(주),1101116137809,
20200622,1101113956252,서울전자통신(주),1243110009781,
20200622,1101113956252,(주)아이티엠반도체,1311110046639,
20200622,1101113956252,(주)나이스엘엠에스,1348110034942,
20200622,1101113956252,에스투비네트워크(주),1701110270108,
20200622,1101113997826,국양로지텍(주),1101111618325,
20200622,1101113997826,장금상선(주),1101111680663,
20200622,1101113997826,(주)한성라인,1101112878134,
20200622,1101113997826,시노코탱커(주),1101114389022,
20200622,1101113997826,시노코페트로케미컬(주),1101114547034,
20200622,1101114004787,동원산업(주),1101110003098,
20200622,1101114004787,(주)동원에프앤비,1101112101816,
20200622,1101114004787,(주)동원엔터프라이즈,1101112217572,
20200622,1101114004787,동원팜스(주),1101113809138,
20200622,1101114004787,동원로엑스(주),1101114505769,
20200622,1101114004787,동원건설산업(주),1311110330941,
20200622,1101114004787,동원시스템즈(주),1341110011712,
20200622,1101114004787,(주)동원홈푸드,1615110022122,
20200622,1101114004787,동원로엑스냉장(주),1801110985002,
20200622,1101114025006,엘비세미콘(주),1311110046291,
20200622,1101114025006,(주)엘비루셈,1760110038073,
20200622,1101114070952,쌍용양회공업(주),1101110037823,
20200622,1101114070952,한국기초소재(주),1201110487232,
20200622,1101114070952,쌍용로지스틱스(주),1447110025313,
20200622,1101114070952,대한슬래그(주),2046110030668,
20200622,1101114070952,대한시멘트(주),2046110038589,
20200622,1101114070952,쌍용기초소재(주),2111110015835,
20200622,1101114071207,(주)엘지,1101110003543,
20200622,1101114071207,(주)엘지상사,1101110004632,
20200622,1101114071207,엘지이노텍(주),1101110192180,
20200622,1101114071207,(주)판토스,1101110208127,
20200622,1101114071207,엘지디스플레이(주),1101110393134,
20200622,1101114071207,(주)엘지헬로비전,1101111144297,
20200622,1101114071207,(주)엘지유플러스,1101111296676,
20200622,1101114071207,(주)로보스타,1101111655393,
20200622,1101114071207,LG전자(주),1101112487050,
20200622,1101114071207,(주)하이프라자,1311110028801,
20200622,1101114071207,우지막코리아주식회사,1545110032401,
20200622,1101114088913,(주)유성티엔에스,1101110217607,
20200622,1101114088913,(주)서희건설,1101110335912,
20200622,1101114088913,(주)유성강업,1101115815232,
20200622,1101114094035,무림에스피(주),1701110001082,
20200622,1101114094035,무림P&P(주),1812110002548,
20200622,1101114094035,무림페이퍼(주),1911110000782,
20200622,1101114094035,무림파워텍(주),1911110010575,
20200622,1101114143577,(주)한화,1101110002959,
20200622,1101114143577,한화투자증권(주),1101110003155,
20200622,1101114143577,(주)한화갤러리아,1101110202989,
20200622,1101114143577,한화호텔앤드리조트(주),1101110249709,
20200622,1101114143577,한화솔루션(주),1101110360935,
20200622,1101114143577,(주)한화건설,1101112558405,
20200622,1101114143577,한화에너지(주),1101113807223,
20200622,1101114143577,(주)한화도시개발,1101114231596,
20200622,1101114143577,한화테크윈(주),1311110514404,
20200622,1101114143577,(주)한화갤러리아타임월드,1601110003410,
20200622,1101114143577,한화종합화학(주),1614110001243,
20200622,1101114143577,한화토탈(주),1614110013066,
20200622,1101114143577,(주)서산테크노밸리,1614110017852,
20200622,1101114143577,한화시스템(주),1760110020640,
20200622,1101114143577,한화에어로스페이스(주),1942110000480,
20200622,1101114143577,한화디펜스(주),1942110273300,
20200622,1101114143577,한화파워시스템(주),1942110273318,
20200622,1101114143577,한화정밀기계(주),1942110273326,
20200622,1101114178730,(주)대구은행,1701110000141,
20200622,1101114191055,(주)아워홈,1101111862592,
20200622,1101114191451,(주)금토일산업,1101111301730,
20200622,1101114191451,국제종합기계(주),1311110000635,
20200622,1101114191451,나투라페이퍼(주),1501110236534,
20200622,1101114191451,넥스콘테크놀러지(주),1615110021158,
20200622,1101114191451,(주)오리엔탈정공,1801110038447,
20200622,1101114191451,(주)영광스텐,1801110166991,
20200622,1101114191451,(주)일성하이스코,1812110003611,
20200622,1101114191451,페이퍼코리아(주),2111110000042,
20200622,1101114192920,벽산엔지니어링(주),1101110257116,
20200622,1101114195346,(주)케이씨티시,1101110149446,
20200622,1101114195346,케이엔로지스틱스(주),1801110608612,
20200622,1101114231596,(주)한화,1101110002959,
20200622,1101114231596,한화투자증권(주),1101110003155,
20200622,1101114231596,(주)한화갤러리아,1101110202989,
20200622,1101114231596,한화호텔앤드리조트(주),1101110249709,
20200622,1101114231596,한화솔루션(주),1101110360935,
20200622,1101114231596,(주)한화건설,1101112558405,
20200622,1101114231596,한화에너지(주),1101113807223,
20200622,1101114231596,(주)제주해양과학관,1101114143577,
20200622,1101114231596,한화테크윈(주),1311110514404,
20200622,1101114231596,(주)한화갤러리아타임월드,1601110003410,
20200622,1101114231596,한화종합화학(주),1614110001243,
20200622,1101114231596,한화토탈(주),1614110013066,
20200622,1101114231596,(주)서산테크노밸리,1614110017852,
20200622,1101114231596,한화시스템(주),1760110020640,
20200622,1101114231596,한화에어로스페이스(주),1942110000480,
20200622,1101114231596,한화디펜스(주),1942110273300,
20200622,1101114231596,한화파워시스템(주),1942110273318,
20200622,1101114231596,한화정밀기계(주),1942110273326,
20200622,1101114247676,(주)대륜이엔에스,1101111720633,
20200622,1101114247676,별내에너지(주),1101113802546,
20200622,1101114255463,케이씨글라스(주),1101110116388,
20200622,1101114255463,케이씨그린홀딩스,1101110155683,
20200622,1101114255463,케이씨에코물류(주),1101115481554,
20200622,1101114255463,케이씨그린에너지(주),1646110011683,
20200622,1101114255463,부산신호태양광발전(주),1801110788969,
20200622,1101114255463,케이씨환경서비스(주),2062110018123,
20200622,1101114264828,서진산업(주),1341110000806,
20200622,1101114264828,(주)코모스,1348110003418,
20200622,1101114264828,아이아(주),1350110029352,
20200622,1101114264828,(주)연합,1351110038757,
20200622,1101114264828,(주)서진캠,1351110050173,
20200622,1101114264828,에코플라스틱(주),1712110001253,
20200622,1101114264828,(주)영풍기계,1801110071661,
20200622,1101114292481,팬오션(주),1101110004286,
20200622,1101114292481,(주)엔에스쇼핑,1101112262527,
20200622,1101114292481,농업회사법인(주)순우리한우,1101112322058,
20200622,1101114292481,(주)에코캐피탈,1101114338326,
20200622,1101114292481,한강씨엠(주),1115110019393,
20200622,1101114292481,(주)올품,1311110037852,
20200622,1101114292481,(주)팜스코,1311110042950,
20200622,1101114292481,(주)하림산업,1311110303477,
20200622,1101114292481,(주)선진한마을,1344110013093,
20200622,1101114292481,(주)선진에프에스,1344110028539,
20200622,1101114292481,(주)선진,1344110046664,
20200622,1101114292481,(주)농업회사법인팜스코바이오인티,1344110058817,
20200622,1101114292481,(주)선진햄,1345110029056,
20200622,1101114292481,(주)하림지주,1601110003931,
20200622,1101114292481,(주)농업회사법인주원산오리,1601110135453,
20200622,1101114292481,제일사료(주),1601110291544,
20200622,1101114292481,(주)하림,2149110034430,
20200622,1101114292481,(주)애그리로보텍,2850110161202,
20200622,1101114303030,지에스건설(주),1101110002694,
20200622,1101114303030,(주)지에스글로벌,1101110031479,
20200622,1101114303030,삼양통상(주),1101110033433,
20200622,1101114303030,지에스칼텍스(주),1101110078819,
20200622,1101114303030,파르나스호텔(주),1101110411142,
20200622,1101114303030,지에스엠비즈(주),1101111007023,
20200622,1101114303030,인천종합에너지(주),1201110348096,
20200622,1101114303030,(주)피엘에스,1313110093131,
20200622,1101114303030,GS파워(주),1341110074744,
20200622,1101114303030,(주)지에스이앤알,1350110121570,
20200622,1101114303030,(주)지에스동해전력,1447110019225,
20200622,1101114303030,지에스이피에스(주),1650110004621,
20200622,1101114303030,(주)지에스풍력발전,1745110004266,
20200622,1101114303030,(주)지에스엔텍,1812110008699,
20200622,1101114303030,(주)지에스포천그린에너지,2844110079755,
20200622,1101114313807,(주)이녹스,1346110018221,
20200622,1101114313807,(주)이녹스첨단소재,1648110105010,
20200622,1101114338326,팬오션(주),1101110004286,
20200622,1101114338326,(주)엔에스쇼핑,1101112262527,
20200622,1101114338326,농업회사법인(주)순우리한우,1101112322058,
20200622,1101114338326,(주)참트레이딩,1101114292481,
20200622,1101114338326,한강씨엠(주),1115110019393,
20200622,1101114338326,(주)올품,1311110037852,
20200622,1101114338326,(주)팜스코,1311110042950,
20200622,1101114338326,(주)하림산업,1311110303477,
20200622,1101114338326,(주)선진한마을,1344110013093,
20200622,1101114338326,(주)선진에프에스,1344110028539,
20200622,1101114338326,(주)선진,1344110046664,
20200622,1101114338326,(주)농업회사법인팜스코바이오인티,1344110058817,
20200622,1101114338326,(주)선진햄,1345110029056,
20200622,1101114338326,(주)하림지주,1601110003931,
20200622,1101114338326,(주)농업회사법인주원산오리,1601110135453,
20200622,1101114338326,제일사료(주),1601110291544,
20200622,1101114338326,(주)하림,2149110034430,
20200622,1101114338326,(주)애그리로보텍,2850110161202,
20200622,1101114339415,(주)화신,1701110014936,
20200622,1101114380096,(주)대우건설,1101112137895,
20200622,1101114380096,(주)대우에스티,1543110016706,
20200622,1101114380096,포천민자발전(주),2844110072163,
20200622,1101114382612,대성쎌틱에너시스(주),1101110407141,
20200622,1101114382612,대성계전(주),1101110555768,
20200622,1101114382612,대성홀딩스(주),1701110017237,
20200622,1101114382878,(주)지피엠,1201110136417,
20200622,1101114382878,(주)풍전비철,1201110149692,
20200622,1101114382878,(주)피제이켐텍,1845110019370,
20200622,1101114385731,대림씨엔에스(주),1101110061228,
20200622,1101114385731,대림산업(주),1101110084915,
20200622,1101114385731,대림자동차공업(주),1101110227359,
20200622,1101114385731,(주)대림코퍼레이션,1101111081093,
20200622,1101114385731,청진이삼프로젝트(주),1101114478932,
20200622,1101114385731,포천파워(주),2844110050771,
20200622,1101114385731,대림에너지(주),2844110075258,
20200622,1101114389022,국양로지텍(주),1101111618325,
20200622,1101114389022,장금상선(주),1101111680663,
20200622,1101114389022,(주)한성라인,1101112878134,
20200622,1101114389022,장금마리타임(주),1101113997826,
20200622,1101114389022,시노코페트로케미컬(주),1101114547034,
20200622,1101114404903,케이티링커스(주),1101110585393,
20200622,1101114404903,(주)케이티,1101111468754,
20200622,1101114404903,(주)케이티아이에스,1101112271510,
20200622,1101114404903,(주)케이티엠하우스,1101113122291,
20200622,1101114404903,케이티텔레캅(주),1101113563023,
20200622,1101114404903,(주)케이티엠모바일,1101115684512,
20200622,1101114404903,(주)케이티서브마린,1801110181428,
20200622,1101114478932,대림씨엔에스(주),1101110061228,
20200622,1101114478932,대림산업(주),1101110084915,
20200622,1101114478932,대림자동차공업(주),1101110227359,
20200622,1101114478932,(주)대림코퍼레이션,1101111081093,
20200622,1101114478932,(주)켐텍,1101114385731,
20200622,1101114478932,포천파워(주),2844110050771,
20200622,1101114478932,대림에너지(주),2844110075258,
20200622,1101114499954,에스케이건설(주),1101110038805,
20200622,1101114499954,SK가스(주),1101110413247,
20200622,1101114499954,에스케이렌터카(주),1101110577233,
20200622,1101114499954,에스케이(주),1101110769583,
20200622,1101114499954,에스케이바이오랜드(주),1101111192981,
20200622,1101114499954,에스케이브로드밴드(주),1101111466659,
20200622,1101114499954,에스케이텔링크(주),1101111533599,
20200622,1101114499954,에스케이엠앤서비스(주),1101111873432,
20200622,1101114499954,에스케이디앤디(주),1101113001685,
20200622,1101114499954,에스케이에너지(주),1101114505967,
20200622,1101114499954,에스케이종합화학(주),1101114505975,
20200622,1101114499954,에스케이바이오팜(주),1101114570720,
20200622,1101114499954,나래에너지서비스(주),1101114926006,
20200622,1101114499954,에스케이매직(주),1101115125962,
20200622,1101114499954,라이프앤시큐리티홀딩스(주),1101115371408,
20200622,1101114499954,에스케이넥실리스,1101116480232,
20200622,1101114499954,SK인천석유화학(주),1201110666464,
20200622,1101114499954,SKC(주),1301110001585,
20200622,1101114499954,SK네트웍스(주),1301110005199,
20200622,1101114499954,에스케이케미칼(주),1311110501021,
20200622,1101114499954,(주)에스케이하이닉스,1344110001387,
20200622,1101114499954,에스케이씨솔믹스(주),1347110014631,
20200622,1101114499954,유빈스(주),1351110077367,
20200622,1101114499954,SK네트웍스서비스(주),1358110141788,
20200622,1101114499954,강원도시가스(주),1401110002010,
20200622,1101114499954,충청에너지서비스(주),1501110006200,
20200622,1101114499954,에스케이바이오텍(주),1601110395453,
20200622,1101114499954,보령엘엔지터미널(주),1645110021527,
20200622,1101114499954,울산지피에스(주),1650110035072,
20200622,1101114499954,당진에코파워,1650110069097,
20200622,1101114499954,에스케이실트론(주),1753110001348,
20200622,1101114499954,에스케이쇼와덴코(주),1756110018553,
20200622,1101114499954,에스케이머티리얼즈(주),1901110006971,
20200622,1101114499954,에스케이에어가스(주),2301110134111,
20200622,1101114499954,미쓰이케미칼앤드에스케이씨폴리우레탄(주),2301110233880,
20200622,1101114505595,현대건설(주),1101110007909,
20200622,1101114505595,기아자동차(주),1101110037998,
20200622,1101114505595,현대비앤지스틸(주),1101110065395,
20200622,1101114505595,현대자동차(주),1101110085450,
20200622,1101114505595,현대모비스(주),1101110215536,
20200622,1101114505595,현대카드(주),1101110377203,
20200622,1101114505595,현대캐피탈(주),1101110995378,
20200622,1101114505595,현대첨단소재(주),1101111929102,
20200622,1101114505595,현대엔지니어링(주),1101112153015,
20200622,1101114505595,현대글로비스(주),1101112177388,
20200622,1101114505595,현대커머셜(주),1101113646697,
20200622,1101114505595,현대제철(주),1201110001743,
20200622,1101114505595,(주)지아이티,1311110028900,
20200622,1101114505595,현대오트론(주),1341110134001,
20200622,1101114505595,에이치엘그린파워(주),1352110027542,
20200622,1101114505595,현대트랜시스(주),1614110008562,
20200622,1101114505595,현대에코에너지(주),1614110040506,
20200622,1101114505595,그린에어(주),1650110026005,
20200622,1101114505595,현대로템(주),1942110036336,
20200622,1101114505769,동원산업(주),1101110003098,
20200622,1101114505769,(주)동원에프앤비,1101112101816,
20200622,1101114505769,(주)동원엔터프라이즈,1101112217572,
20200622,1101114505769,동원팜스(주),1101113809138,
20200622,1101114505769,(주)테크팩솔루션,1101114004787,
20200622,1101114505769,동원건설산업(주),1311110330941,
20200622,1101114505769,동원시스템즈(주),1341110011712,
20200622,1101114505769,(주)동원홈푸드,1615110022122,
20200622,1101114505769,동원로엑스냉장(주),1801110985002,
20200622,1101114505967,에스케이건설(주),1101110038805,
20200622,1101114505967,SK가스(주),1101110413247,
20200622,1101114505967,에스케이렌터카(주),1101110577233,
20200622,1101114505967,에스케이(주),1101110769583,
20200622,1101114505967,에스케이바이오랜드(주),1101111192981,
20200622,1101114505967,에스케이브로드밴드(주),1101111466659,
20200622,1101114505967,에스케이텔링크(주),1101111533599,
20200622,1101114505967,에스케이엠앤서비스(주),1101111873432,
20200622,1101114505967,에스케이디앤디(주),1101113001685,
20200622,1101114505967,울산아로마틱스(주),1101114499954,
20200622,1101114505967,에스케이종합화학(주),1101114505975,
20200622,1101114505967,에스케이바이오팜(주),1101114570720,
20200622,1101114505967,나래에너지서비스(주),1101114926006,
20200622,1101114505967,에스케이매직(주),1101115125962,
20200622,1101114505967,라이프앤시큐리티홀딩스(주),1101115371408,
20200622,1101114505967,에스케이넥실리스,1101116480232,
20200622,1101114505967,SK인천석유화학(주),1201110666464,
20200622,1101114505967,SKC(주),1301110001585,
20200622,1101114505967,SK네트웍스(주),1301110005199,
20200622,1101114505967,에스케이케미칼(주),1311110501021,
20200622,1101114505967,(주)에스케이하이닉스,1344110001387,
20200622,1101114505967,에스케이씨솔믹스(주),1347110014631,
20200622,1101114505967,유빈스(주),1351110077367,
20200622,1101114505967,SK네트웍스서비스(주),1358110141788,
20200622,1101114505967,강원도시가스(주),1401110002010,
20200622,1101114505967,충청에너지서비스(주),1501110006200,
20200622,1101114505967,에스케이바이오텍(주),1601110395453,
20200622,1101114505967,보령엘엔지터미널(주),1645110021527,
20200622,1101114505967,울산지피에스(주),1650110035072,
20200622,1101114505967,당진에코파워,1650110069097,
20200622,1101114505967,에스케이실트론(주),1753110001348,
20200622,1101114505967,에스케이쇼와덴코(주),1756110018553,
20200622,1101114505967,에스케이머티리얼즈(주),1901110006971,
20200622,1101114505967,에스케이에어가스(주),2301110134111,
20200622,1101114505967,미쓰이케미칼앤드에스케이씨폴리우레탄(주),2301110233880,
20200622,1101114505975,에스케이건설(주),1101110038805,
20200622,1101114505975,SK가스(주),1101110413247,
20200622,1101114505975,에스케이렌터카(주),1101110577233,
20200622,1101114505975,에스케이(주),1101110769583,
20200622,1101114505975,에스케이바이오랜드(주),1101111192981,
20200622,1101114505975,에스케이브로드밴드(주),1101111466659,
20200622,1101114505975,에스케이텔링크(주),1101111533599,
20200622,1101114505975,에스케이엠앤서비스(주),1101111873432,
20200622,1101114505975,에스케이디앤디(주),1101113001685,
20200622,1101114505975,울산아로마틱스(주),1101114499954,
20200622,1101114505975,에스케이에너지(주),1101114505967,
20200622,1101114505975,에스케이바이오팜(주),1101114570720,
20200622,1101114505975,나래에너지서비스(주),1101114926006,
20200622,1101114505975,에스케이매직(주),1101115125962,
20200622,1101114505975,라이프앤시큐리티홀딩스(주),1101115371408,
20200622,1101114505975,에스케이넥실리스,1101116480232,
20200622,1101114505975,SK인천석유화학(주),1201110666464,
20200622,1101114505975,SKC(주),1301110001585,
20200622,1101114505975,SK네트웍스(주),1301110005199,
20200622,1101114505975,에스케이케미칼(주),1311110501021,
20200622,1101114505975,(주)에스케이하이닉스,1344110001387,
20200622,1101114505975,에스케이씨솔믹스(주),1347110014631,
20200622,1101114505975,유빈스(주),1351110077367,
20200622,1101114505975,SK네트웍스서비스(주),1358110141788,
20200622,1101114505975,강원도시가스(주),1401110002010,
20200622,1101114505975,충청에너지서비스(주),1501110006200,
20200622,1101114505975,에스케이바이오텍(주),1601110395453,
20200622,1101114505975,보령엘엔지터미널(주),1645110021527,
20200622,1101114505975,울산지피에스(주),1650110035072,
20200622,1101114505975,당진에코파워,1650110069097,
20200622,1101114505975,에스케이실트론(주),1753110001348,
20200622,1101114505975,에스케이쇼와덴코(주),1756110018553,
20200622,1101114505975,에스케이머티리얼즈(주),1901110006971,
20200622,1101114505975,에스케이에어가스(주),2301110134111,
20200622,1101114505975,미쓰이케미칼앤드에스케이씨폴리우레탄(주),2301110233880,
20200622,1101114546523,(주)국민은행,1101112365321,
20200622,1101114546523,케이비캐피탈(주),1301110013499,
20200622,1101114547034,국양로지텍(주),1101111618325,
20200622,1101114547034,장금상선(주),1101111680663,
20200622,1101114547034,(주)한성라인,1101112878134,
20200622,1101114547034,장금마리타임(주),1101113997826,
20200622,1101114547034,시노코탱커(주),1101114389022,
20200622,1101114560268,중앙일보(주),1101110051493,
20200622,1101114560268,휘닉스중앙(주),1101110357445,
20200622,1101114560268,제이티비씨스튜디오(주),1101111764730,
20200622,1101114560268,메가박스중앙(주),1101111809403,
20200622,1101114560268,휘닉스중앙제주(주),2241110012935,
20200622,1101114566406,메리츠증권(주),1101110141301,
20200622,1101114566406,메리츠캐피탈(주),1101114823450,
20200622,1101114570720,에스케이건설(주),1101110038805,
20200622,1101114570720,SK가스(주),1101110413247,
20200622,1101114570720,에스케이렌터카(주),1101110577233,
20200622,1101114570720,에스케이(주),1101110769583,
20200622,1101114570720,에스케이바이오랜드(주),1101111192981,
20200622,1101114570720,에스케이브로드밴드(주),1101111466659,
20200622,1101114570720,에스케이텔링크(주),1101111533599,
20200622,1101114570720,에스케이엠앤서비스(주),1101111873432,
20200622,1101114570720,에스케이디앤디(주),1101113001685,
20200622,1101114570720,울산아로마틱스(주),1101114499954,
20200622,1101114570720,에스케이에너지(주),1101114505967,
20200622,1101114570720,에스케이종합화학(주),1101114505975,
20200622,1101114570720,나래에너지서비스(주),1101114926006,
20200622,1101114570720,에스케이매직(주),1101115125962,
20200622,1101114570720,라이프앤시큐리티홀딩스(주),1101115371408,
20200622,1101114570720,에스케이넥실리스,1101116480232,
20200622,1101114570720,SK인천석유화학(주),1201110666464,
20200622,1101114570720,SKC(주),1301110001585,
20200622,1101114570720,SK네트웍스(주),1301110005199,
20200622,1101114570720,에스케이케미칼(주),1311110501021,
20200622,1101114570720,(주)에스케이하이닉스,1344110001387,
20200622,1101114570720,에스케이씨솔믹스(주),1347110014631,
20200622,1101114570720,유빈스(주),1351110077367,
20200622,1101114570720,SK네트웍스서비스(주),1358110141788,
20200622,1101114570720,강원도시가스(주),1401110002010,
20200622,1101114570720,충청에너지서비스(주),1501110006200,
20200622,1101114570720,에스케이바이오텍(주),1601110395453,
20200622,1101114570720,보령엘엔지터미널(주),1645110021527,
20200622,1101114570720,울산지피에스(주),1650110035072,
20200622,1101114570720,당진에코파워,1650110069097,
20200622,1101114570720,에스케이실트론(주),1753110001348,
20200622,1101114570720,에스케이쇼와덴코(주),1756110018553,
20200622,1101114570720,에스케이머티리얼즈(주),1901110006971,
20200622,1101114570720,에스케이에어가스(주),2301110134111,
20200622,1101114570720,미쓰이케미칼앤드에스케이씨폴리우레탄(주),2301110233880,
20200622,1101114594952,(주)신세계조선호텔,1101110003999,
20200622,1101114594952,(주)신세계,1101110028848,
20200622,1101114594952,(주)이마트에브리데이,1101110167498,
20200622,1101114594952,(주)신세계인터내셔날,1101110282402,
20200622,1101114594952,(주)신세계푸드,1101110305288,
20200622,1101114594952,(주)까사미아,1101110873102,
20200622,1101114594952,(주)신세계사이먼,1101113239228,
20200622,1101114594952,(주)신세계프라퍼티,1101115284198,
20200622,1101114594952,(주)인천신세계,1101115615038,
20200622,1101114594952,(주)신세계디에프,1101115698315,
20200622,1101114594952,(주)스타필드안성,1346110091475,
20200622,1101114594952,(주)스타필드하남,1357110074452,
20200622,1101114594952,(주)신세계동대구복합환승센터,1701110459570,
20200622,1101114660232,롯데쇼핑(주),1101110000086,
20200622,1101114660232,롯데건설(주),1101110014764,
20200622,1101114660232,(주)롯데푸드,1101110033722,
20200622,1101114660232,롯데지주(주),1101110076300,
20200622,1101114660232,호텔롯데(주),1101110145410,
20200622,1101114660232,롯데상사(주),1101110159099,
20200622,1101114660232,롯데케미칼(주),1101110193196,
20200622,1101114660232,롯데하이마트(주),1101110532633,
20200622,1101114660232,롯데캐피탈(주),1101111217416,
20200622,1101114660232,롯데렌탈(주),1101113326588,
20200622,1101114660232,롯데정보통신(주),1101116557114,
20200622,1101114660232,롯데컬처웍스(주),1101116768969,
20200622,1101114660232,롯데위탁관리부동산투자회사(주),1101117061081,
20200622,1101114660232,롯데오토리스(주),1341110213433,
20200622,1101114660232,(주)백학음료,1349110029305,
20200622,1101114660232,(주)충북소주,1501110082218,
20200622,1101114660232,산청음료(주),1948110004183,
20200622,1101114660232,롯데베르살리스엘라스토머스(주),2062110050365,
20200622,1101114660232,데크항공(주),2101110061897,
20200622,1101114688549,(주)농심,1101110057574,
20200622,1101114688549,율촌화학(주),1101110145147,
20200622,1101114688549,(주)메가마트,1101110222557,
20200622,1101114688549,태경농산(주),1341110005814,
20200622,1101114688549,(주)농심캐피탈,1801110607482,
20200622,1101114720945,(주)삼양홀딩스,1101110026181,
20200622,1101114720945,삼남석유화학(주),1101110557061,
20200622,1101114720945,삼양화성(주),1101110614556,
20200622,1101114720945,(주)삼양바이오팜,1101114720953,
20200622,1101114720945,(주)삼양패키징,1101115554418,
20200622,1101114720953,(주)삼양홀딩스,1101110026181,
20200622,1101114720953,삼남석유화학(주),1101110557061,
20200622,1101114720953,삼양화성(주),1101110614556,
20200622,1101114720953,(주)삼양사,1101114720945,
20200622,1101114720953,(주)삼양패키징,1101115554418,
20200622,1101114722438,포스코 ICT(주),1101110658637,
20200622,1101114722438,포스코에너지(주),1101111829576,
20200622,1101114722438,(주)포스코인터내셔널,1101112137358,
20200622,1101114722438,(주)포스코건설,1746110002979,
20200622,1101114722438,(주)포스코에이앤씨건축사사무소,1746110003448,
20200622,1101114722438,포스코강판(주),1746110006492,
20200622,1101114722438,포스코기술투자(주),1746110029080,
20200622,1101114722438,(주)부산이앤이,1801110721109,
20200622,1101114722438,(주)포스코플랜텍,1812110010898,
20200622,1101114722438,(주)에스엔엔씨,2046110023415,
20200622,1101114722438,(주)피엠씨텍,2046110038977,
20200622,1101114731299,지스퀘어피에프브이(주),1101116120333,
20200622,1101114762963,진흥기업(주),1101110006349,
20200622,1101114762963,(주)효성,1101110030497,
20200622,1101114762963,효성티앤에스(주),1101110511546,
20200622,1101114762963,효성굿스프링스(주),1101110653653,
20200622,1101114762963,효성아이티엑스(주),1101111412256,
20200622,1101114762963,효성캐피탈(주),1101111419286,
20200622,1101114762963,더클래스효성(주),1101112875479,
20200622,1101114762963,(주)에프엠케이,1101113690032,
20200622,1101114762963,효성티앤씨(주),1101116770138,
20200622,1101114762963,효성중공업(주),1101116770154,
20200622,1101114762963,효성첨단소재(주),1101116770170,
20200622,1101114762963,효성화학(주),1101116770188,
20200622,1101114762963,신화인터텍(주),1348110011677,
20200622,1101114762963,신성자동차(주),2001110114797,
20200622,1101114780840,(주)윌비스,1101110172447,
20200622,1101114809385,남해화학(주),1101110164717,
20200622,1101114809385,엔에이치농협캐피탈(주),1101113634428,
20200622,1101114816538,나디아퍼시픽(주),1101115009067,
20200622,1101114816538,태평양물산(주),1301110010031,
20200622,1101114823450,메리츠증권(주),1101110141301,
20200622,1101114823450,(주)메리츠금융지주,1101114566406,
20200622,1101114861799,(주)엠디엠,1101111537385,
20200622,1101114861799,한국자산신탁(주),1101112196304,
20200622,1101114861799,(주)엠디엠플러스,1101112638752,
20200622,1101114926006,에스케이건설(주),1101110038805,
20200622,1101114926006,SK가스(주),1101110413247,
20200622,1101114926006,에스케이렌터카(주),1101110577233,
20200622,1101114926006,에스케이(주),1101110769583,
20200622,1101114926006,에스케이바이오랜드(주),1101111192981,
20200622,1101114926006,에스케이브로드밴드(주),1101111466659,
20200622,1101114926006,에스케이텔링크(주),1101111533599,
20200622,1101114926006,에스케이엠앤서비스(주),1101111873432,
20200622,1101114926006,에스케이디앤디(주),1101113001685,
20200622,1101114926006,울산아로마틱스(주),1101114499954,
20200622,1101114926006,에스케이에너지(주),1101114505967,
20200622,1101114926006,에스케이종합화학(주),1101114505975,
20200622,1101114926006,에스케이바이오팜(주),1101114570720,
20200622,1101114926006,에스케이매직(주),1101115125962,
20200622,1101114926006,라이프앤시큐리티홀딩스(주),1101115371408,
20200622,1101114926006,에스케이넥실리스,1101116480232,
20200622,1101114926006,SK인천석유화학(주),1201110666464,
20200622,1101114926006,SKC(주),1301110001585,
20200622,1101114926006,SK네트웍스(주),1301110005199,
20200622,1101114926006,에스케이케미칼(주),1311110501021,
20200622,1101114926006,(주)에스케이하이닉스,1344110001387,
20200622,1101114926006,에스케이씨솔믹스(주),1347110014631,
20200622,1101114926006,유빈스(주),1351110077367,
20200622,1101114926006,SK네트웍스서비스(주),1358110141788,
20200622,1101114926006,강원도시가스(주),1401110002010,
20200622,1101114926006,충청에너지서비스(주),1501110006200,
20200622,1101114926006,에스케이바이오텍(주),1601110395453,
20200622,1101114926006,보령엘엔지터미널(주),1645110021527,
20200622,1101114926006,울산지피에스(주),1650110035072,
20200622,1101114926006,당진에코파워,1650110069097,
20200622,1101114926006,에스케이실트론(주),1753110001348,
20200622,1101114926006,에스케이쇼와덴코(주),1756110018553,
20200622,1101114926006,에스케이머티리얼즈(주),1901110006971,
20200622,1101114926006,에스케이에어가스(주),2301110134111,
20200622,1101114926006,미쓰이케미칼앤드에스케이씨폴리우레탄(주),2301110233880,
20200622,1101114951243,AK홀딩스(주),1101110029721,
20200622,1101114951243,애경화학(주),1101110293011,
20200622,1101114951243,애경산업(주),1101110398275,
20200622,1101114951243,수원애경역사(주),1301110034487,
20200622,1101114951243,에이케이에스앤디(주),1313110029384,
20200622,1101114951243,에이케이레저(주),1344110015627,
20200622,1101114951243,(주)에이텍,1601110004492,
20200622,1101114951243,에이케이켐텍(주),1601110004541,
20200622,1101114951243,에이케이앤엠엔바이오팜(주),1601110236186,
20200622,1101114951243,(주)제주항공,2201110050575,
20200622,1101114952093,모델솔루션(주),1101113176925,
20200622,1101114984137,삼광글라스(주),1101110079817,
20200622,1101114984137,(주)유니드,1101110275069,
20200622,1101114984137,(주)이테크건설,1101110327555,
20200622,1101114984137,(주)유니드글로벌상사,1101111072159,
20200622,1101114984137,오씨아이(주),1746110000981,
20200622,1101114984137,군장에너지(주),2111110014332,
20200622,1101114984137,오씨아이에스이(주),2111110035867,
20200622,1101114995861,아주아이비투자(주),1101110169874,
20200622,1101114995861,아주산업(주),1101110425606,
20200622,1101114995861,아주지오텍(주),1101113786063,
20200622,1101115009067,와이즈퍼시픽(주),1101114816538,
20200622,1101115009067,태평양물산(주),1301110010031,
20200622,1101115031648,(주)에이치디씨아이파크몰,1101111635189,
20200622,1101115031648,에이치디씨아이콘트롤스(주),1101111775365,
20200622,1101115031648,에이치디씨아이앤콘스(주),1101111886071,
20200622,1101115031648,에이치디씨현대산업개발(주),1101116740008,
20200622,1101115031648,에이치디씨현대이피(주),1650110006768,
20200622,1101115031648,북항아이브리지(주),1801110560979,
20200622,1101115079713,동아쏘시오홀딩스(주),1101110017990,
20200622,1101115079713,(주)수석,1101110107973,
20200622,1101115079713,용마로지스(주),1101110245369,
20200622,1101115079713,동아제약(주),1101115079739,
20200622,1101115079713,에스티팜(주),1545110039704,
20200622,1101115079713,(주)동천수,1714110019799,
20200622,1101115079739,동아쏘시오홀딩스(주),1101110017990,
20200622,1101115079739,(주)수석,1101110107973,
20200622,1101115079739,용마로지스(주),1101110245369,
20200622,1101115079739,동아에스티(주),1101115079713,
20200622,1101115079739,에스티팜(주),1545110039704,
20200622,1101115079739,(주)동천수,1714110019799,
20200622,1101115085819,(주)모나리자,1101110220882,
20200622,1101115085819,엠에스에스홀딩스(주),1311110333333,
20200622,1101115085819,(주)쌍용씨앤비,1348110105024,
20200622,1101115085819,(주)엠에스에스글로벌,1601110002420,
20200622,1101115101839,(주)우리은행,1101110023393,
20200622,1101115125962,에스케이건설(주),1101110038805,
20200622,1101115125962,SK가스(주),1101110413247,
20200622,1101115125962,에스케이렌터카(주),1101110577233,
20200622,1101115125962,에스케이(주),1101110769583,
20200622,1101115125962,에스케이바이오랜드(주),1101111192981,
20200622,1101115125962,에스케이브로드밴드(주),1101111466659,
20200622,1101115125962,에스케이텔링크(주),1101111533599,
20200622,1101115125962,에스케이엠앤서비스(주),1101111873432,
20200622,1101115125962,에스케이디앤디(주),1101113001685,
20200622,1101115125962,울산아로마틱스(주),1101114499954,
20200622,1101115125962,에스케이에너지(주),1101114505967,
20200622,1101115125962,에스케이종합화학(주),1101114505975,
20200622,1101115125962,에스케이바이오팜(주),1101114570720,
20200622,1101115125962,나래에너지서비스(주),1101114926006,
20200622,1101115125962,라이프앤시큐리티홀딩스(주),1101115371408,
20200622,1101115125962,에스케이넥실리스,1101116480232,
20200622,1101115125962,SK인천석유화학(주),1201110666464,
20200622,1101115125962,SKC(주),1301110001585,
20200622,1101115125962,SK네트웍스(주),1301110005199,
20200622,1101115125962,에스케이케미칼(주),1311110501021,
20200622,1101115125962,(주)에스케이하이닉스,1344110001387,
20200622,1101115125962,에스케이씨솔믹스(주),1347110014631,
20200622,1101115125962,유빈스(주),1351110077367,
20200622,1101115125962,SK네트웍스서비스(주),1358110141788,
20200622,1101115125962,강원도시가스(주),1401110002010,
20200622,1101115125962,충청에너지서비스(주),1501110006200,
20200622,1101115125962,에스케이바이오텍(주),1601110395453,
20200622,1101115125962,보령엘엔지터미널(주),1645110021527,
20200622,1101115125962,울산지피에스(주),1650110035072,
20200622,1101115125962,당진에코파워,1650110069097,
20200622,1101115125962,에스케이실트론(주),1753110001348,
20200622,1101115125962,에스케이쇼와덴코(주),1756110018553,
20200622,1101115125962,에스케이머티리얼즈(주),1901110006971,
20200622,1101115125962,에스케이에어가스(주),2301110134111,
20200622,1101115125962,미쓰이케미칼앤드에스케이씨폴리우레탄(주),2301110233880,
20200622,1101115129881,(주)엘에스,1101110003965,
20200622,1101115129881,(주)E1,1101110381387,
20200622,1101115129881,엘에스일렉트릭(주),1101110520076,
20200622,1101115129881,엘에스글로벌인코퍼레이티드(주),1101113359985,
20200622,1101115129881,(주)예스코,1101116708494,
20200622,1101115129881,(주)지앤피,1301110008797,
20200622,1101115129881,가온전선(주),1341110000567,
20200622,1101115129881,엘에스엠트론(주),1341110168349,
20200622,1101115129881,엘에스전선(주),1341110168357,
20200622,1101115129881,엘에스전선아시아(주),1341110411706,
20200622,1101115129881,엘에스에이홀딩스(주),1341110474316,
20200622,1101115129881,엘에스오토모티브테크놀로지스(주),1341110474647,
20200622,1101115129881,엘에스이브이코리아(주),1341110480602,
20200622,1101115129881,(주)토리컴,1350110054119,
20200622,1101115129881,(주)지알엠,1546110008012,
20200622,1101115129881,엘에스메카피온(주),1701110178807,
20200622,1101115129881,(주)엘에스네트웍스,1801110044717,
20200622,1101115129881,캐스코(주),2101110047938,
20200622,1101115129881,엘에스니꼬동제련(주),2301110058436,
20200622,1101115129881,한성피씨건설(주),2850110157251,
20200622,1101115138022,다우기술(주),1101110414758,
20200622,1101115138022,(주)키다리스튜디오,1101110539382,
20200622,1101115138022,(주)다우데이타,1101110863484,
20200622,1101115138022,키움인베스트먼트(주),1101111659105,
20200622,1101115138022,(주)키움이앤에스,1101111719397,
20200622,1101115138022,키움증권(주),1101111867948,
20200622,1101115138022,(주)이머니,1101112797342,
20200622,1101115138022,(주)사람인에이치알,1101113318387,
20200622,1101115138022,(주)동부고속,1101116477007,
20200622,1101115138022,키움캐피탈(주),1101116837772,
20200622,1101115149904,매일홀딩스(주),1101110099609,
20200622,1101115149904,(주)제로투세븐,1101111871072,
20200622,1101115149904,매일유업(주),1101116390770,
20200622,1101115149904,엠즈푸드시스템(주),1313110123714,
20200622,1101115174729,(주)웅진북센,1156110011369,
20200622,1101115174729,웅진에너지(주),1601110214702,
20200622,1101115174729,(주)웅진씽크빅,2849110065613,
20200622,1101115197193,(주)한진,1101110003668,
20200622,1101115197193,(주)대한항공,1101110108484,
20200622,1101115197193,(주)KAL호텔네트워크,1101112240169,
20200622,1101115197193,(주)진에어,1201110454976,
20200622,1101115197193,(주)왕산레저개발,1201110587462,
20200622,1101115197193,한진인천컨테이너터미널(주),1201110730821,
20200622,1101115197193,평택컨테이너터미날(주),1313110054589,
20200622,1101115237452,(주)삼표,1101110073314,
20200622,1101115237452,(주)삼표시멘트,1101110738637,
20200622,1101115237452,삼표피앤씨(주),1101111060930,
20200622,1101115237452,삼표레일웨이(주),1101115262110,
20200622,1101115237452,(주)에스피네이처,1348110283705,
20200622,1101115237452,삼표자원개발(주),1446110010001,
20200622,1101115237452,삼표해운(주),1801111047299,
20200622,1101115237452,(주)엔알씨,2843110011486,
20200622,1101115238096,아세아제지(주),1101110006274,
20200622,1101115238096,제일산업(주),1345110004256,
20200622,1101115238096,한라시멘트(주),1411110012331,
20200622,1101115238096,아세아산업개발(주),1612110001388,
20200622,1101115238096,경산제지(주),1748110003486,
20200622,1101115238096,(주)에이팩,1845110000684,
20200622,1101115260669,(주)종근당바이오,1101112373308,
20200622,1101115260669,종근당건강(주),1350110049540,
20200622,1101115260669,(주)경보제약,1648110001961,
20200622,1101115262110,(주)삼표,1101110073314,
20200622,1101115262110,(주)삼표시멘트,1101110738637,
20200622,1101115262110,삼표피앤씨(주),1101111060930,
20200622,1101115262110,(주)삼표산업,1101115237452,
20200622,1101115262110,(주)에스피네이처,1348110283705,
20200622,1101115262110,삼표자원개발(주),1446110010001,
20200622,1101115262110,삼표해운(주),1801111047299,
20200622,1101115262110,(주)엔알씨,2843110011486,
20200622,1101115284198,(주)신세계조선호텔,1101110003999,
20200622,1101115284198,(주)신세계,1101110028848,
20200622,1101115284198,(주)이마트에브리데이,1101110167498,
20200622,1101115284198,(주)신세계인터내셔날,1101110282402,
20200622,1101115284198,(주)신세계푸드,1101110305288,
20200622,1101115284198,(주)까사미아,1101110873102,
20200622,1101115284198,(주)신세계사이먼,1101113239228,
20200622,1101115284198,(주)이마트,1101114594952,
20200622,1101115284198,(주)인천신세계,1101115615038,
20200622,1101115284198,(주)신세계디에프,1101115698315,
20200622,1101115284198,(주)스타필드안성,1346110091475,
20200622,1101115284198,(주)스타필드하남,1357110074452,
20200622,1101115284198,(주)신세계동대구복합환승센터,1701110459570,
20200622,1101115303691,(주)크라운해태홀딩스,1101110093552,
20200622,1101115303691,(주)크라운제과,1101116332590,
20200622,1101115303691,해태제과식품(주),1615110044225,
20200622,1101115346005,한세엠케이(주),1101111144073,
20200622,1101115346005,한세드림(주),1101112286254,
20200622,1101115346005,한세예스이십사홀딩스(주),1201110019382,
20200622,1101115346005,한세실업(주),1201110484303,
20200622,1101115371408,에스케이건설(주),1101110038805,
20200622,1101115371408,SK가스(주),1101110413247,
20200622,1101115371408,에스케이렌터카(주),1101110577233,
20200622,1101115371408,에스케이(주),1101110769583,
20200622,1101115371408,에스케이바이오랜드(주),1101111192981,
20200622,1101115371408,에스케이브로드밴드(주),1101111466659,
20200622,1101115371408,에스케이텔링크(주),1101111533599,
20200622,1101115371408,에스케이엠앤서비스(주),1101111873432,
20200622,1101115371408,에스케이디앤디(주),1101113001685,
20200622,1101115371408,울산아로마틱스(주),1101114499954,
20200622,1101115371408,에스케이에너지(주),1101114505967,
20200622,1101115371408,에스케이종합화학(주),1101114505975,
20200622,1101115371408,에스케이바이오팜(주),1101114570720,
20200622,1101115371408,나래에너지서비스(주),1101114926006,
20200622,1101115371408,에스케이매직(주),1101115125962,
20200622,1101115371408,에스케이넥실리스,1101116480232,
20200622,1101115371408,SK인천석유화학(주),1201110666464,
20200622,1101115371408,SKC(주),1301110001585,
20200622,1101115371408,SK네트웍스(주),1301110005199,
20200622,1101115371408,에스케이케미칼(주),1311110501021,
20200622,1101115371408,(주)에스케이하이닉스,1344110001387,
20200622,1101115371408,에스케이씨솔믹스(주),1347110014631,
20200622,1101115371408,유빈스(주),1351110077367,
20200622,1101115371408,SK네트웍스서비스(주),1358110141788,
20200622,1101115371408,강원도시가스(주),1401110002010,
20200622,1101115371408,충청에너지서비스(주),1501110006200,
20200622,1101115371408,에스케이바이오텍(주),1601110395453,
20200622,1101115371408,보령엘엔지터미널(주),1645110021527,
20200622,1101115371408,울산지피에스(주),1650110035072,
20200622,1101115371408,당진에코파워,1650110069097,
20200622,1101115371408,에스케이실트론(주),1753110001348,
20200622,1101115371408,에스케이쇼와덴코(주),1756110018553,
20200622,1101115371408,에스케이머티리얼즈(주),1901110006971,
20200622,1101115371408,에스케이에어가스(주),2301110134111,
20200622,1101115371408,미쓰이케미칼앤드에스케이씨폴리우레탄(주),2301110233880,
20200622,1101115378842,아이기스원(주),1101115403615,
20200622,1101115379692,콜마파마(주),1101110867692,
20200622,1101115379692,콜마스크(주),1201110826745,
20200622,1101115379692,한국콜마홀딩스(주),1647110001591,
20200622,1101115379692,(주)에치엔지,1647110012233,
20200622,1101115379692,한국콜마(주),1647110030756,
20200622,1101115403615,현대엘엔지해운(주),1101115378842,
20200622,1101115453644,(주)에버다임,1101111042574,
20200622,1101115453644,(주)현대홈쇼핑,1101112248882,
20200622,1101115453644,(주)현대백화점,1101112644725,
20200622,1101115455476,(주)서연,1101110129026,
20200622,1101115455476,(주)서연탑메탈,1101110519003,
20200622,1101115455476,(주)서연오토비전,1615110046148,
20200622,1101115455476,(주)서연인테크,2149110006968,
20200622,1101115455476,(주)서연씨엔에프,2301110268134,
20200622,1101115481554,케이씨글라스(주),1101110116388,
20200622,1101115481554,케이씨그린홀딩스,1101110155683,
20200622,1101115481554,케이씨코트렐(주),1101114255463,
20200622,1101115481554,케이씨그린에너지(주),1646110011683,
20200622,1101115481554,부산신호태양광발전(주),1801110788969,
20200622,1101115481554,케이씨환경서비스(주),2062110018123,
20200622,1101115505354,하나금융투자(주),1101110208169,
20200622,1101115505354,하나캐피탈(주),1101110519970,
20200622,1101115505354,(주)하나은행,1101110672538,
20200622,1101115505354,하나에프앤아이(주),1341110029773,
20200622,1101115542497,(주)마니커,1345110004149,
20200622,1101115542497,(주)마니커에프앤지,1345110080529,
20200622,1101115542497,(주)팜스토리,1543110001715,
20200622,1101115542497,농업회사법인(주)지리산하이포지피,1545110032972,
20200622,1101115542497,(주)이지팜스,1615110137567,
20200622,1101115542497,농업회사법인(주)팜스월드지지피,2058110006002,
20200622,1101115542497,우리손에프앤지농업회사법인(주),2112110005321,
20200622,1101115554418,(주)삼양홀딩스,1101110026181,
20200622,1101115554418,삼남석유화학(주),1101110557061,
20200622,1101115554418,삼양화성(주),1101110614556,
20200622,1101115554418,(주)삼양사,1101114720945,
20200622,1101115554418,(주)삼양바이오팜,1101114720953,
20200622,1101115604700,한솔테크닉스(주),1101110004682,
20200622,1101115604700,한솔홀딩스(주),1101110017867,
20200622,1101115604700,한솔로지스틱스(주),1101110150659,
20200622,1101115604700,(주)한솔케미칼,1101110270895,
20200622,1101115604700,(주)한솔홈데코,1101110825624,
20200622,1101115604700,한솔인티큐브(주),1101112915605,
20200622,1101115604700,(주)테이팩스,1201110095499,
20200622,1101115604700,엑스큐어(주),1350110106150,
20200622,1101115604700,한솔이엠이(주),1601110123185,
20200622,1101115604700,한솔페이퍼텍(주),2043110008603,
20200622,1101115605013,(주)에뛰드,1345110002979,
20200622,1101115605013,(주)코스비전,1345110121547,
20200622,1101115605013,(주)퍼시픽패키지,1501110136495,
20200622,1101115605013,(주)퍼시픽글라스,1644110006498,
20200622,1101115615038,(주)신세계조선호텔,1101110003999,
20200622,1101115615038,(주)신세계,1101110028848,
20200622,1101115615038,(주)이마트에브리데이,1101110167498,
20200622,1101115615038,(주)신세계인터내셔날,1101110282402,
20200622,1101115615038,(주)신세계푸드,1101110305288,
20200622,1101115615038,(주)까사미아,1101110873102,
20200622,1101115615038,(주)신세계사이먼,1101113239228,
20200622,1101115615038,(주)이마트,1101114594952,
20200622,1101115615038,(주)신세계프라퍼티,1101115284198,
20200622,1101115615038,(주)신세계디에프,1101115698315,
20200622,1101115615038,(주)스타필드안성,1346110091475,
20200622,1101115615038,(주)스타필드하남,1357110074452,
20200622,1101115615038,(주)신세계동대구복합환승센터,1701110459570,
20200622,1101115684512,케이티링커스(주),1101110585393,
20200622,1101115684512,(주)케이티,1101111468754,
20200622,1101115684512,(주)케이티아이에스,1101112271510,
20200622,1101115684512,(주)케이티엠하우스,1101113122291,
20200622,1101115684512,케이티텔레캅(주),1101113563023,
20200622,1101115684512,(주)케이티에스테이트,1101114404903,
20200622,1101115684512,(주)케이티서브마린,1801110181428,
20200622,1101115698315,(주)신세계조선호텔,1101110003999,
20200622,1101115698315,(주)신세계,1101110028848,
20200622,1101115698315,(주)이마트에브리데이,1101110167498,
20200622,1101115698315,(주)신세계인터내셔날,1101110282402,
20200622,1101115698315,(주)신세계푸드,1101110305288,
20200622,1101115698315,(주)까사미아,1101110873102,
20200622,1101115698315,(주)신세계사이먼,1101113239228,
20200622,1101115698315,(주)이마트,1101114594952,
20200622,1101115698315,(주)신세계프라퍼티,1101115284198,
20200622,1101115698315,(주)인천신세계,1101115615038,
20200622,1101115698315,(주)스타필드안성,1346110091475,
20200622,1101115698315,(주)스타필드하남,1357110074452,
20200622,1101115698315,(주)신세계동대구복합환승센터,1701110459570,
20200622,1101115713957,현대성우쏠라이트(주),1101115713973,
20200622,1101115713973,현대성우캐스팅(주),1101115713957,
20200622,1101115722916,삼성생명보험(주),1101110005953,
20200622,1101115722916,삼성물산(주),1101110015762,
20200622,1101115722916,(주)호텔신라,1101110145519,
20200622,1101115722916,삼성중공업(주),1101110168595,
20200622,1101115722916,삼성카드(주),1101110346901,
20200622,1101115722916,삼성바이오로직스(주),1201110566317,
20200622,1101115722916,삼성바이오에피스(주),1201110601501,
20200622,1101115722916,삼성전자(주),1301110006246,
20200622,1101115722916,삼성디스플레이(주),1345110187812,
20200622,1101115722916,세메스(주),1615110011795,
20200622,1101115815232,(주)유성티엔에스,1101110217607,
20200622,1101115815232,(주)서희건설,1101110335912,
20200622,1101115815232,(주)경주환경에너지,1101114088913,
20200622,1101115820596,전진중공업(주),1101111807910,
20200622,1101115820596,모트렉스(주),1101112341850,
20200622,1101115879345,(주)인디에프,1101110279996,
20200622,1101115879345,글로벌세아(주),1101110581565,
20200622,1101115879345,세아아인스(주),1101113126136,
20200622,1101115879345,세아에스티엑스엔테크(주),1101116830411,
20200622,1101115927508,(주)휠라홀딩스,1101110792667,
20200622,1101115935246,남성해운(주),1101110406333,
20200622,1101115940899,(주)오르비텍,1101110753734,
20200622,1101115940899,(주)아스트(ASTK Inc.),1954110007168,
20200622,1101116075603,환경시설관리 주식회사,1341110486452,
20200622,1101116075603,경인환경에너지(주),1348110279340,
20200622,1101116120333,넷마블(주),1101114731299,
20200622,1101116137809,나이스평가정보(주),1101110393283,
20200622,1101116137809,(주)나이스홀딩스,1101110505614,
20200622,1101116137809,케이아이에스정보통신(주),1101110898241,
20200622,1101116137809,한국전자금융(주),1101111848980,
20200622,1101116137809,나이스씨엠에스(주),1101113956252,
20200622,1101116137809,서울전자통신(주),1243110009781,
20200622,1101116137809,(주)아이티엠반도체,1311110046639,
20200622,1101116137809,(주)나이스엘엠에스,1348110034942,
20200622,1101116137809,에스투비네트워크(주),1701110270108,
20200622,1101116139277,일동후디스(주),1345110001567,
20200622,1101116252144,드림라인(주),1101111447021,
20200622,1101116265410,현대오일뱅크(주),1101110090558,
20200622,1101116265410,현대일렉트릭앤에너지시스템(주),1101116363850,
20200622,1101116265410,현대건설기계(주),1101116363868,
20200622,1101116265410,현대중공업파워시스템(주),1311110527233,
20200622,1101116265410,현대코스모(주),1614110022364,
20200622,1101116265410,현대케미칼(주),1614110031472,
20200622,1101116265410,현대오씨아이(주),1614110036258,
20200622,1101116265410,현대중공업지주(주),1701110638661,
20200622,1101116265410,현대글로벌서비스(주),1801111065811,
20200622,1101116265410,(주)현대미포조선,1812110000526,
20200622,1101116265410,현대삼호중공업(주),2054110003915,
20200622,1101116265410,현대오일터미널(주),2301110188027,
20200622,1101116265410,현대중공업(주),2301110312741,
20200622,1101116332590,(주)크라운해태홀딩스,1101110093552,
20200622,1101116332590,훼미리식품(주),1101115303691,
20200622,1101116332590,해태제과식품(주),1615110044225,
20200622,1101116363850,현대오일뱅크(주),1101110090558,
20200622,1101116363850,현대에너지솔루션(주),1101116265410,
20200622,1101116363850,현대건설기계(주),1101116363868,
20200622,1101116363850,현대중공업파워시스템(주),1311110527233,
20200622,1101116363850,현대코스모(주),1614110022364,
20200622,1101116363850,현대케미칼(주),1614110031472,
20200622,1101116363850,현대오씨아이(주),1614110036258,
20200622,1101116363850,현대중공업지주(주),1701110638661,
20200622,1101116363850,현대글로벌서비스(주),1801111065811,
20200622,1101116363850,(주)현대미포조선,1812110000526,
20200622,1101116363850,현대삼호중공업(주),2054110003915,
20200622,1101116363850,현대오일터미널(주),2301110188027,
20200622,1101116363850,현대중공업(주),2301110312741,
20200622,1101116363868,현대오일뱅크(주),1101110090558,
20200622,1101116363868,현대에너지솔루션(주),1101116265410,
20200622,1101116363868,현대일렉트릭앤에너지시스템(주),1101116363850,
20200622,1101116363868,현대중공업파워시스템(주),1311110527233,
20200622,1101116363868,현대코스모(주),1614110022364,
20200622,1101116363868,현대케미칼(주),1614110031472,
20200622,1101116363868,현대오씨아이(주),1614110036258,
20200622,1101116363868,현대중공업지주(주),1701110638661,
20200622,1101116363868,현대글로벌서비스(주),1801111065811,
20200622,1101116363868,(주)현대미포조선,1812110000526,
20200622,1101116363868,현대삼호중공업(주),2054110003915,
20200622,1101116363868,현대오일터미널(주),2301110188027,
20200622,1101116363868,현대중공업(주),2301110312741,
20200622,1101116370178,경남에너지(주),1901110001509,
20200622,1101116390770,매일홀딩스(주),1101110099609,
20200622,1101116390770,(주)제로투세븐,1101111871072,
20200622,1101116390770,엠즈씨드(주),1101115149904,
20200622,1101116390770,엠즈푸드시스템(주),1313110123714,
20200622,1101116477007,다우기술(주),1101110414758,
20200622,1101116477007,(주)키다리스튜디오,1101110539382,
20200622,1101116477007,(주)다우데이타,1101110863484,
20200622,1101116477007,키움인베스트먼트(주),1101111659105,
20200622,1101116477007,(주)키움이앤에스,1101111719397,
20200622,1101116477007,키움증권(주),1101111867948,
20200622,1101116477007,(주)이머니,1101112797342,
20200622,1101116477007,(주)사람인에이치알,1101113318387,
20200622,1101116477007,(주)와이즈버즈,1101115138022,
20200622,1101116477007,키움캐피탈(주),1101116837772,
20200622,1101116480232,에스케이건설(주),1101110038805,
20200622,1101116480232,SK가스(주),1101110413247,
20200622,1101116480232,에스케이렌터카(주),1101110577233,
20200622,1101116480232,에스케이(주),1101110769583,
20200622,1101116480232,에스케이바이오랜드(주),1101111192981,
20200622,1101116480232,에스케이브로드밴드(주),1101111466659,
20200622,1101116480232,에스케이텔링크(주),1101111533599,
20200622,1101116480232,에스케이엠앤서비스(주),1101111873432,
20200622,1101116480232,에스케이디앤디(주),1101113001685,
20200622,1101116480232,울산아로마틱스(주),1101114499954,
20200622,1101116480232,에스케이에너지(주),1101114505967,
20200622,1101116480232,에스케이종합화학(주),1101114505975,
20200622,1101116480232,에스케이바이오팜(주),1101114570720,
20200622,1101116480232,나래에너지서비스(주),1101114926006,
20200622,1101116480232,에스케이매직(주),1101115125962,
20200622,1101116480232,라이프앤시큐리티홀딩스(주),1101115371408,
20200622,1101116480232,SK인천석유화학(주),1201110666464,
20200622,1101116480232,SKC(주),1301110001585,
20200622,1101116480232,SK네트웍스(주),1301110005199,
20200622,1101116480232,에스케이케미칼(주),1311110501021,
20200622,1101116480232,(주)에스케이하이닉스,1344110001387,
20200622,1101116480232,에스케이씨솔믹스(주),1347110014631,
20200622,1101116480232,유빈스(주),1351110077367,
20200622,1101116480232,SK네트웍스서비스(주),1358110141788,
20200622,1101116480232,강원도시가스(주),1401110002010,
20200622,1101116480232,충청에너지서비스(주),1501110006200,
20200622,1101116480232,에스케이바이오텍(주),1601110395453,
20200622,1101116480232,보령엘엔지터미널(주),1645110021527,
20200622,1101116480232,울산지피에스(주),1650110035072,
20200622,1101116480232,당진에코파워,1650110069097,
20200622,1101116480232,에스케이실트론(주),1753110001348,
20200622,1101116480232,에스케이쇼와덴코(주),1756110018553,
20200622,1101116480232,에스케이머티리얼즈(주),1901110006971,
20200622,1101116480232,에스케이에어가스(주),2301110134111,
20200622,1101116480232,미쓰이케미칼앤드에스케이씨폴리우레탄(주),2301110233880,
20200622,1101116505098,한국컨테이너풀(주),1101111344251,
20200622,1101116505098,(주)한국풀네트웍,1101112323858,
20200622,1101116505098,한국로지스풀(주),1101112539033,
20200622,1101116505098,에코로지스(주),1101113441865,
20200622,1101116545804,대상(주),1101110327125,
20200622,1101116545804,유티씨인베스트먼트(주),1101110570922,
20200622,1101116545804,대상정보기술(주),1101110789432,
20200622,1101116545804,(주)정풍,1615110004279,
20200622,1101116557114,롯데쇼핑(주),1101110000086,
20200622,1101116557114,롯데건설(주),1101110014764,
20200622,1101116557114,(주)롯데푸드,1101110033722,
20200622,1101116557114,롯데지주(주),1101110076300,
20200622,1101116557114,호텔롯데(주),1101110145410,
20200622,1101116557114,롯데상사(주),1101110159099,
20200622,1101116557114,롯데케미칼(주),1101110193196,
20200622,1101116557114,롯데하이마트(주),1101110532633,
20200622,1101116557114,롯데캐피탈(주),1101111217416,
20200622,1101116557114,롯데렌탈(주),1101113326588,
20200622,1101116557114,서울복합물류프로젝트금융투자(주),1101114660232,
20200622,1101116557114,롯데컬처웍스(주),1101116768969,
20200622,1101116557114,롯데위탁관리부동산투자회사(주),1101117061081,
20200622,1101116557114,롯데오토리스(주),1341110213433,
20200622,1101116557114,(주)백학음료,1349110029305,
20200622,1101116557114,(주)충북소주,1501110082218,
20200622,1101116557114,산청음료(주),1948110004183,
20200622,1101116557114,롯데베르살리스엘라스토머스(주),2062110050365,
20200622,1101116557114,데크항공(주),2101110061897,
20200622,1101116708494,(주)엘에스,1101110003965,
20200622,1101116708494,(주)E1,1101110381387,
20200622,1101116708494,엘에스일렉트릭(주),1101110520076,
20200622,1101116708494,엘에스글로벌인코퍼레이티드(주),1101113359985,
20200622,1101116708494,(주)베스트토요타,1101115129881,
20200622,1101116708494,(주)지앤피,1301110008797,
20200622,1101116708494,가온전선(주),1341110000567,
20200622,1101116708494,엘에스엠트론(주),1341110168349,
20200622,1101116708494,엘에스전선(주),1341110168357,
20200622,1101116708494,엘에스전선아시아(주),1341110411706,
20200622,1101116708494,엘에스에이홀딩스(주),1341110474316,
20200622,1101116708494,엘에스오토모티브테크놀로지스(주),1341110474647,
20200622,1101116708494,엘에스이브이코리아(주),1341110480602,
20200622,1101116708494,(주)토리컴,1350110054119,
20200622,1101116708494,(주)지알엠,1546110008012,
20200622,1101116708494,엘에스메카피온(주),1701110178807,
20200622,1101116708494,(주)엘에스네트웍스,1801110044717,
20200622,1101116708494,캐스코(주),2101110047938,
20200622,1101116708494,엘에스니꼬동제련(주),2301110058436,
20200622,1101116708494,한성피씨건설(주),2850110157251,
20200622,1101116740008,(주)에이치디씨아이파크몰,1101111635189,
20200622,1101116740008,에이치디씨아이콘트롤스(주),1101111775365,
20200622,1101116740008,에이치디씨아이앤콘스(주),1101111886071,
20200622,1101116740008,부산컨테이너터미널(주),1101115031648,
20200622,1101116740008,에이치디씨현대이피(주),1650110006768,
20200622,1101116740008,북항아이브리지(주),1801110560979,
20200622,1101116768969,롯데쇼핑(주),1101110000086,
20200622,1101116768969,롯데건설(주),1101110014764,
20200622,1101116768969,(주)롯데푸드,1101110033722,
20200622,1101116768969,롯데지주(주),1101110076300,
20200622,1101116768969,호텔롯데(주),1101110145410,
20200622,1101116768969,롯데상사(주),1101110159099,
20200622,1101116768969,롯데케미칼(주),1101110193196,
20200622,1101116768969,롯데하이마트(주),1101110532633,
20200622,1101116768969,롯데캐피탈(주),1101111217416,
20200622,1101116768969,롯데렌탈(주),1101113326588,
20200622,1101116768969,서울복합물류프로젝트금융투자(주),1101114660232,
20200622,1101116768969,롯데정보통신(주),1101116557114,
20200622,1101116768969,롯데위탁관리부동산투자회사(주),1101117061081,
20200622,1101116768969,롯데오토리스(주),1341110213433,
20200622,1101116768969,(주)백학음료,1349110029305,
20200622,1101116768969,(주)충북소주,1501110082218,
20200622,1101116768969,산청음료(주),1948110004183,
20200622,1101116768969,롯데베르살리스엘라스토머스(주),2062110050365,
20200622,1101116768969,데크항공(주),2101110061897,
20200622,1101116770138,진흥기업(주),1101110006349,
20200622,1101116770138,(주)효성,1101110030497,
20200622,1101116770138,효성티앤에스(주),1101110511546,
20200622,1101116770138,효성굿스프링스(주),1101110653653,
20200622,1101116770138,효성아이티엑스(주),1101111412256,
20200622,1101116770138,효성캐피탈(주),1101111419286,
20200622,1101116770138,더클래스효성(주),1101112875479,
20200622,1101116770138,(주)에프엠케이,1101113690032,
20200622,1101116770138,갤럭시아코퍼레이션(주),1101114762963,
20200622,1101116770138,효성중공업(주),1101116770154,
20200622,1101116770138,효성첨단소재(주),1101116770170,
20200622,1101116770138,효성화학(주),1101116770188,
20200622,1101116770138,신화인터텍(주),1348110011677,
20200622,1101116770138,신성자동차(주),2001110114797,
20200622,1101116770154,진흥기업(주),1101110006349,
20200622,1101116770154,(주)효성,1101110030497,
20200622,1101116770154,효성티앤에스(주),1101110511546,
20200622,1101116770154,효성굿스프링스(주),1101110653653,
20200622,1101116770154,효성아이티엑스(주),1101111412256,
20200622,1101116770154,효성캐피탈(주),1101111419286,
20200622,1101116770154,더클래스효성(주),1101112875479,
20200622,1101116770154,(주)에프엠케이,1101113690032,
20200622,1101116770154,갤럭시아코퍼레이션(주),1101114762963,
20200622,1101116770154,효성티앤씨(주),1101116770138,
20200622,1101116770154,효성첨단소재(주),1101116770170,
20200622,1101116770154,효성화학(주),1101116770188,
20200622,1101116770154,신화인터텍(주),1348110011677,
20200622,1101116770154,신성자동차(주),2001110114797,
20200622,1101116770170,진흥기업(주),1101110006349,
20200622,1101116770170,(주)효성,1101110030497,
20200622,1101116770170,효성티앤에스(주),1101110511546,
20200622,1101116770170,효성굿스프링스(주),1101110653653,
20200622,1101116770170,효성아이티엑스(주),1101111412256,
20200622,1101116770170,효성캐피탈(주),1101111419286,
20200622,1101116770170,더클래스효성(주),1101112875479,
20200622,1101116770170,(주)에프엠케이,1101113690032,
20200622,1101116770170,갤럭시아코퍼레이션(주),1101114762963,
20200622,1101116770170,효성티앤씨(주),1101116770138,
20200622,1101116770170,효성중공업(주),1101116770154,
20200622,1101116770170,효성화학(주),1101116770188,
20200622,1101116770170,신화인터텍(주),1348110011677,
20200622,1101116770170,신성자동차(주),2001110114797,
20200622,1101116770188,진흥기업(주),1101110006349,
20200622,1101116770188,(주)효성,1101110030497,
20200622,1101116770188,효성티앤에스(주),1101110511546,
20200622,1101116770188,효성굿스프링스(주),1101110653653,
20200622,1101116770188,효성아이티엑스(주),1101111412256,
20200622,1101116770188,효성캐피탈(주),1101111419286,
20200622,1101116770188,더클래스효성(주),1101112875479,
20200622,1101116770188,(주)에프엠케이,1101113690032,
20200622,1101116770188,갤럭시아코퍼레이션(주),1101114762963,
20200622,1101116770188,효성티앤씨(주),1101116770138,
20200622,1101116770188,효성중공업(주),1101116770154,
20200622,1101116770188,효성첨단소재(주),1101116770170,
20200622,1101116770188,신화인터텍(주),1348110011677,
20200622,1101116770188,신성자동차(주),2001110114797,
20200622,1101116799203,한일홀딩스(주),1101110040165,
20200622,1101116799203,한일현대시멘트(주),1101110111867,
20200622,1101116799203,한일산업(주),1101110165880,
20200622,1101116799203,한일네트웍스(주),1201110175423,
20200622,1101116799203,한일개발(주),1311110067289,
20200622,1101116799203,(주)충무화학,1648110000434,
20200622,1101116830411,(주)인디에프,1101110279996,
20200622,1101116830411,글로벌세아(주),1101110581565,
20200622,1101116830411,세아아인스(주),1101113126136,
20200622,1101116830411,세아상역(주),1101115879345,
20200622,1101116837772,다우기술(주),1101110414758,
20200622,1101116837772,(주)키다리스튜디오,1101110539382,
20200622,1101116837772,(주)다우데이타,1101110863484,
20200622,1101116837772,키움인베스트먼트(주),1101111659105,
20200622,1101116837772,(주)키움이앤에스,1101111719397,
20200622,1101116837772,키움증권(주),1101111867948,
20200622,1101116837772,(주)이머니,1101112797342,
20200622,1101116837772,(주)사람인에이치알,1101113318387,
20200622,1101116837772,(주)와이즈버즈,1101115138022,
20200622,1101116837772,(주)동부고속,1101116477007,
20200622,1101116860640,(주)세아네트웍스,1101110862519,
20200622,1101116860640,(주)세아홀딩스,1101112276809,
20200622,1101116860640,(주)세아엘앤에스,1511110000847,
20200622,1101116860640,세아특수강(주),1746110005478,
20200622,1101116860640,(주)세아창원특수강,1942110025248,
20200622,1101116860640,(주)세아메탈,1943110003292,
20200622,1101116860640,(주)세아씨엠,2111110050667,
20200622,1101117061081,롯데쇼핑(주),1101110000086,
20200622,1101117061081,롯데건설(주),1101110014764,
20200622,1101117061081,(주)롯데푸드,1101110033722,
20200622,1101117061081,롯데지주(주),1101110076300,
20200622,1101117061081,호텔롯데(주),1101110145410,
20200622,1101117061081,롯데상사(주),1101110159099,
20200622,1101117061081,롯데케미칼(주),1101110193196,
20200622,1101117061081,롯데하이마트(주),1101110532633,
20200622,1101117061081,롯데캐피탈(주),1101111217416,
20200622,1101117061081,롯데렌탈(주),1101113326588,
20200622,1101117061081,서울복합물류프로젝트금융투자(주),1101114660232,
20200622,1101117061081,롯데정보통신(주),1101116557114,
20200622,1101117061081,롯데컬처웍스(주),1101116768969,
20200622,1101117061081,롯데오토리스(주),1341110213433,
20200622,1101117061081,(주)백학음료,1349110029305,
20200622,1101117061081,(주)충북소주,1501110082218,
20200622,1101117061081,산청음료(주),1948110004183,
20200622,1101117061081,롯데베르살리스엘라스토머스(주),2062110050365,
20200622,1101117061081,데크항공(주),2101110061897,
20200622,1101117283974,씨제이대한통운(주),1101110006167,
20200622,1101117283974,(주)원지,1101110077605,
20200622,1101117283974,삼해상사(주),1101110225254,
20200622,1101117283974,한국복합물류(주),1101110853576,
20200622,1101117283974,"CJ ENM CO., LTD.",1101111109134,
20200622,1101117283974,씨제이올리브네트웍스(주),1101111138498,
20200622,1101117283974,씨제이씨지브이(주),1101111673220,
20200622,1101117283974,CJ제일제당(주),1101113748253,
20200622,1101117283974,씨제이포디플렉스(주),1601110287527,
20200622,1101117283974,씨제이프레시웨이(주),1801110083442,
20200622,1101350000903,(주)아이비케이캐피탈,1101110509342,
20200622,1115110000136,(주)대유플러스,1101110085541,
20200622,1115110000136,동부대우전자(주),1101110546452,
20200622,1115110000136,(주)위니아딤채,1648110015300,
20200622,1115110000136,(주)대유글로벌,2001110408380,
20200622,1115110000136,(주)대유에이피,2101110118854,
20200622,1115110000136,(주)대유합금,2149110046170,
20200622,1115110005764,(주)대원여객,1101110125719,
20200622,1115110005764,대원교통(주),1101110159130,
20200622,1115110005764,(주)대원운수,1152110029792,
20200622,1115110005764,(주)경기버스,1154110000027,
20200622,1115110005764,(주)대원고속,1342110000490,
20200622,1115110005764,(주)대원버스,1342110057342,
20200622,1115110005764,(주)경기고속,1344110000016,
20200622,1115110009310,능원금속공업(주),1115110021877,
20200622,1115110009310,(주)에스엠아이,1649110004864,
20200622,1115110019393,팬오션(주),1101110004286,
20200622,1115110019393,(주)엔에스쇼핑,1101112262527,
20200622,1115110019393,농업회사법인(주)순우리한우,1101112322058,
20200622,1115110019393,(주)참트레이딩,1101114292481,
20200622,1115110019393,(주)에코캐피탈,1101114338326,
20200622,1115110019393,(주)올품,1311110037852,
20200622,1115110019393,(주)팜스코,1311110042950,
20200622,1115110019393,(주)하림산업,1311110303477,
20200622,1115110019393,(주)선진한마을,1344110013093,
20200622,1115110019393,(주)선진에프에스,1344110028539,
20200622,1115110019393,(주)선진,1344110046664,
20200622,1115110019393,(주)농업회사법인팜스코바이오인티,1344110058817,
20200622,1115110019393,(주)선진햄,1345110029056,
20200622,1115110019393,(주)하림지주,1601110003931,
20200622,1115110019393,(주)농업회사법인주원산오리,1601110135453,
20200622,1115110019393,제일사료(주),1601110291544,
20200622,1115110019393,(주)하림,2149110034430,
20200622,1115110019393,(주)애그리로보텍,2850110161202,
20200622,1115110021877,정우금속공업(주),1115110009310,
20200622,1115110021877,(주)에스엠아이,1649110004864,
20200622,1146710001456,한국수력원자력(주),1101112207127,
20200622,1146710001456,한국남부발전(주),1101112207135,
20200622,1146710001456,한국서부발전(주),1101112207177,
20200622,1146710001456,경기그린에너지(주),1348110229816,
20200622,1146710001456,한전원자력연료(주),1601110006068,
20200622,1146710006125,케이씨엘엔지테크(주),1801111020005,
20200622,1152110000328,(주)에이치제이매그놀리아용평호텔앤리조트,1450110002801,
20200622,1152110029792,(주)대원여객,1101110125719,
20200622,1152110029792,대원교통(주),1101110159130,
20200622,1152110029792,(주)평안운수,1115110005764,
20200622,1152110029792,(주)경기버스,1154110000027,
20200622,1152110029792,(주)대원고속,1342110000490,
20200622,1152110029792,(주)대원버스,1342110057342,
20200622,1152110029792,(주)경기고속,1344110000016,
20200622,1154110000027,(주)대원여객,1101110125719,
20200622,1154110000027,대원교통(주),1101110159130,
20200622,1154110000027,(주)평안운수,1115110005764,
20200622,1154110000027,(주)대원운수,1152110029792,
20200622,1154110000027,(주)대원고속,1342110000490,
20200622,1154110000027,(주)대원버스,1342110057342,
20200622,1154110000027,(주)경기고속,1344110000016,
20200622,1156110002780,대선제분(주),1101110014011,
20200622,1156110002780,(주)조흥,1101110019334,
20200622,1156110002780,(주)오뚜기,1341110002258,
20200622,1156110002780,오뚜기라면(주),1347110003212,
20200622,1156110002780,오뚜기제유(주),1545110085187,
20200622,1156110002780,상미식품(주),1615110217509,
20200622,1156110003902,(주)벽산,1101110113384,
20200622,1156110011369,포천맑은물(주),1101115174729,
20200622,1156110011369,웅진에너지(주),1601110214702,
20200622,1156110011369,(주)웅진씽크빅,2849110065613,
20200622,1158110006449,(주)에스에이엘,1701110247412,
20200622,1201110000034,(주)화인파트너스,1101110383507,
20200622,1201110000034,(주)휠라선,1201110001032,
20200622,1201110000034,선광신컨테이너터미널(주),1201110544602,
20200622,1201110000323,핸즈식스(주),1348110252403,
20200622,1201110001032,(주)화인파트너스,1101110383507,
20200622,1201110001032,(주)선광,1201110000034,
20200622,1201110001032,선광신컨테이너터미널(주),1201110544602,
20200622,1201110001743,현대건설(주),1101110007909,
20200622,1201110001743,기아자동차(주),1101110037998,
20200622,1201110001743,현대비앤지스틸(주),1101110065395,
20200622,1201110001743,현대자동차(주),1101110085450,
20200622,1201110001743,현대모비스(주),1101110215536,
20200622,1201110001743,현대카드(주),1101110377203,
20200622,1201110001743,현대캐피탈(주),1101110995378,
20200622,1201110001743,현대첨단소재(주),1101111929102,
20200622,1201110001743,현대엔지니어링(주),1101112153015,
20200622,1201110001743,현대글로비스(주),1101112177388,
20200622,1201110001743,현대커머셜(주),1101113646697,
20200622,1201110001743,현대종합특수강(주),1101114505595,
20200622,1201110001743,(주)지아이티,1311110028900,
20200622,1201110001743,현대오트론(주),1341110134001,
20200622,1201110001743,에이치엘그린파워(주),1352110027542,
20200622,1201110001743,현대트랜시스(주),1614110008562,
20200622,1201110001743,현대에코에너지(주),1614110040506,
20200622,1201110001743,그린에어(주),1650110026005,
20200622,1201110001743,현대로템(주),1942110036336,
20200622,1201110001818,삼송캐스터,1201110010330,
20200622,1201110001818,(주)스페코,1348110001545,
20200622,1201110001818,수완에너지(주),2001110235189,
20200622,1201110001959,이건에너지(주),1201110518962,
20200622,1201110001959,(주)이건창호,1201110870833,
20200622,1201110001959,(주)이건그린텍,1244110108606,
20200622,1201110001959,(주)이건홀딩스,1301110028935,
20200622,1201110002056,케이비아이동국실업(주),1101110028939,
20200622,1201110002056,(주)케이비아이텍,1201110013251,
20200622,1201110002056,케이비아이알로이(주),1244110014077,
20200622,1201110002056,(주)케이비아이모다,1648110085139,
20200622,1201110002056,(주)케이비아이국인산업,1711110004515,
20200622,1201110002056,케이비아이메탈(주),1741110001294,
20200622,1201110002056,케이비아이건설(주),1748110020969,
20200622,1201110002189,(주)심팩홀딩스,1101111653389,
20200622,1201110002189,(주)심팩인더스트리,1201110012451,
20200622,1201110003848,(주)신암정유,1649110009012,
20200622,1201110004218,대성목재공업(주),1201110018524,
20200622,1201110004218,태양합성(주),1201110094722,
20200622,1201110004218,엠파크(주),1201110411893,
20200622,1201110005703,(주)제이엠씨,1812110015814,
20200622,1201110010330,(주)삼익악기,1201110001818,
20200622,1201110010330,(주)스페코,1348110001545,
20200622,1201110010330,수완에너지(주),2001110235189,
20200622,1201110011990,(주)일진유니스코,1101110356455,
20200622,1201110011990,일진디앤코(주),1101113929077,
20200622,1201110011990,일진제강(주),1341110008412,
20200622,1201110011990,일진전기(주),1348110159279,
20200622,1201110011990,일진디스플레이(주),1545110006076,
20200622,1201110011990,알피니언메디칼시스템(주),1701110331190,
20200622,1201110012451,(주)심팩홀딩스,1101111653389,
20200622,1201110012451,(주)심팩,1201110002189,
20200622,1201110013251,케이비아이동국실업(주),1101110028939,
20200622,1201110013251,동양철관(주),1201110002056,
20200622,1201110013251,케이비아이알로이(주),1244110014077,
20200622,1201110013251,(주)케이비아이모다,1648110085139,
20200622,1201110013251,(주)케이비아이국인산업,1711110004515,
20200622,1201110013251,케이비아이메탈(주),1741110001294,
20200622,1201110013251,케이비아이건설(주),1748110020969,
20200622,1201110018110,풍산특수금속(주),1201110469363,
20200622,1201110018110,(주)풍산,1313110083497,
20200622,1201110018251,코스모화학(주),1101110152738,
20200622,1201110018524,동화기업(주),1201110004218,
20200622,1201110018524,태양합성(주),1201110094722,
20200622,1201110018524,엠파크(주),1201110411893,
20200622,1201110019382,한세엠케이(주),1101111144073,
20200622,1201110019382,한세드림(주),1101112286254,
20200622,1201110019382,칼라앤터치(주),1101115346005,
20200622,1201110019382,한세실업(주),1201110484303,
20200622,1201110038639,(주)휴텍,1314110256430,
20200622,1201110044595,(주)에쎈테크,1201110087834,
20200622,1201110044595,(주)대창,1301110007137,
20200622,1201110044595,(주)서원,1350110029881,
20200622,1201110044595,(주)아이엔스틸인더스트리,1350110039898,
20200622,1201110046161,대주코레스(주),1101110138168,
20200622,1201110046161,대주이엔티(주),1201110051590,
20200622,1201110046161,대연인터내셔널(주),1201110320185,
20200622,1201110046161,대주정공(주),1243110010283,
20200622,1201110046161,케이씨(주),2054110006068,
20200622,1201110046161,한국알루미나(주),2054110015069,
20200622,1201110050104,(주)상상인선박기계,1945110007216,
20200622,1201110051590,대주코레스(주),1101110138168,
20200622,1201110051590,대주중공업(주),1201110046161,
20200622,1201110051590,대연인터내셔널(주),1201110320185,
20200622,1201110051590,대주정공(주),1243110010283,
20200622,1201110051590,케이씨(주),2054110006068,
20200622,1201110051590,한국알루미나(주),2054110015069,
20200622,1201110064147,기전산업(주),1101110318570,
20200622,1201110087834,(주)태우,1201110044595,
20200622,1201110087834,(주)대창,1301110007137,
20200622,1201110087834,(주)서원,1350110029881,
20200622,1201110087834,(주)아이엔스틸인더스트리,1350110039898,
20200622,1201110094722,동화기업(주),1201110004218,
20200622,1201110094722,대성목재공업(주),1201110018524,
20200622,1201110094722,엠파크(주),1201110411893,
20200622,1201110095499,한솔테크닉스(주),1101110004682,
20200622,1201110095499,한솔홀딩스(주),1101110017867,
20200622,1201110095499,한솔로지스틱스(주),1101110150659,
20200622,1201110095499,(주)한솔케미칼,1101110270895,
20200622,1201110095499,(주)한솔홈데코,1101110825624,
20200622,1201110095499,한솔인티큐브(주),1101112915605,
20200622,1201110095499,한솔제지(주),1101115604700,
20200622,1201110095499,엑스큐어(주),1350110106150,
20200622,1201110095499,한솔이엠이(주),1601110123185,
20200622,1201110095499,한솔페이퍼텍(주),2043110008603,
20200622,1201110136417,(주)피제이메탈,1101114382878,
20200622,1201110136417,(주)풍전비철,1201110149692,
20200622,1201110136417,(주)피제이켐텍,1845110019370,
20200622,1201110147422,(주)앤케이디씨,1355110102752,
20200622,1201110149692,(주)피제이메탈,1101114382878,
20200622,1201110149692,(주)지피엠,1201110136417,
20200622,1201110149692,(주)피제이켐텍,1845110019370,
20200622,1201110175423,한일홀딩스(주),1101110040165,
20200622,1201110175423,한일현대시멘트(주),1101110111867,
20200622,1201110175423,한일산업(주),1101110165880,
20200622,1201110175423,한일시멘트(주),1101116799203,
20200622,1201110175423,한일개발(주),1311110067289,
20200622,1201110175423,(주)충무화학,1648110000434,
20200622,1201110216798,(주)세정,1648110008199,
20200622,1201110216798,세종공업(주),1812110000758,
20200622,1201110216798,(주)세움,2112110009943,
20200622,1201110234469,(주)두산,1101110013774,
20200622,1201110234469,두산중공업(주),1942110000943,
20200622,1201110234469,두산메카텍(주),1942110258039,
20200622,1201110234469,두산솔루스(주),2149110058927,
20200622,1201110234469,두산퓨얼셀(주),2149110058935,
20200622,1201110294124,지엠테크니컬센터코리아(주),1201110975295,
20200622,1201110320185,대주코레스(주),1101110138168,
20200622,1201110320185,대주중공업(주),1201110046161,
20200622,1201110320185,대주이엔티(주),1201110051590,
20200622,1201110320185,대주정공(주),1243110010283,
20200622,1201110320185,케이씨(주),2054110006068,
20200622,1201110320185,한국알루미나(주),2054110015069,
20200622,1201110348096,지에스건설(주),1101110002694,
20200622,1201110348096,(주)지에스글로벌,1101110031479,
20200622,1201110348096,삼양통상(주),1101110033433,
20200622,1201110348096,지에스칼텍스(주),1101110078819,
20200622,1201110348096,파르나스호텔(주),1101110411142,
20200622,1201110348096,지에스엠비즈(주),1101111007023,
20200622,1201110348096,지에스바이오(주),1101114303030,
20200622,1201110348096,(주)피엘에스,1313110093131,
20200622,1201110348096,GS파워(주),1341110074744,
20200622,1201110348096,(주)지에스이앤알,1350110121570,
20200622,1201110348096,(주)지에스동해전력,1447110019225,
20200622,1201110348096,지에스이피에스(주),1650110004621,
20200622,1201110348096,(주)지에스풍력발전,1745110004266,
20200622,1201110348096,(주)지에스엔텍,1812110008699,
20200622,1201110348096,(주)지에스포천그린에너지,2844110079755,
20200622,1201110397241,(주)엠피디,1101111395577,
20200622,1201110397241,(주)에이스안테나,1201110524935,
20200622,1201110411893,동화기업(주),1201110004218,
20200622,1201110411893,대성목재공업(주),1201110018524,
20200622,1201110411893,태양합성(주),1201110094722,
20200622,1201110454976,(주)한진,1101110003668,
20200622,1201110454976,(주)대한항공,1101110108484,
20200622,1201110454976,(주)KAL호텔네트워크,1101112240169,
20200622,1201110454976,한진칼(주),1101115197193,
20200622,1201110454976,(주)왕산레저개발,1201110587462,
20200622,1201110454976,한진인천컨테이너터미널(주),1201110730821,
20200622,1201110454976,평택컨테이너터미날(주),1313110054589,
20200622,1201110469363,(주)풍산홀딩스,1201110018110,
20200622,1201110469363,(주)풍산,1313110083497,
20200622,1201110484303,한세엠케이(주),1101111144073,
20200622,1201110484303,한세드림(주),1101112286254,
20200622,1201110484303,칼라앤터치(주),1101115346005,
20200622,1201110484303,한세예스이십사홀딩스(주),1201110019382,
20200622,1201110487232,쌍용양회공업(주),1101110037823,
20200622,1201110487232,쌍용레미콘(주),1101114070952,
20200622,1201110487232,쌍용로지스틱스(주),1447110025313,
20200622,1201110487232,대한슬래그(주),2046110030668,
20200622,1201110487232,대한시멘트(주),2046110038589,
20200622,1201110487232,쌍용기초소재(주),2111110015835,
20200622,1201110493552,(주)티앤에프,1344110059873,
20200622,1201110493552,(주)방주,1351110038294,
20200622,1201110518962,이건산업(주),1201110001959,
20200622,1201110518962,(주)이건창호,1201110870833,
20200622,1201110518962,(주)이건그린텍,1244110108606,
20200622,1201110518962,(주)이건홀딩스,1301110028935,
20200622,1201110524935,(주)엠피디,1101111395577,
20200622,1201110524935,(주)에이스테크놀로지,1201110397241,
20200622,1201110544602,(주)화인파트너스,1101110383507,
20200622,1201110544602,(주)선광,1201110000034,
20200622,1201110544602,(주)휠라선,1201110001032,
20200622,1201110566317,삼성생명보험(주),1101110005953,
20200622,1201110566317,삼성물산(주),1101110015762,
20200622,1201110566317,(주)호텔신라,1101110145519,
20200622,1201110566317,삼성중공업(주),1101110168595,
20200622,1201110566317,삼성카드(주),1101110346901,
20200622,1201110566317,에이치디씨신라면세점(주),1101115722916,
20200622,1201110566317,삼성바이오에피스(주),1201110601501,
20200622,1201110566317,삼성전자(주),1301110006246,
20200622,1201110566317,삼성디스플레이(주),1345110187812,
20200622,1201110566317,세메스(주),1615110011795,
20200622,1201110577124,(주)미래엔서해에너지,1650110013911,
20200622,1201110577124,전북도시가스(주),2101110002221,
20200622,1201110577124,(주)오션스위츠,2201110065649,
20200622,1201110587462,(주)한진,1101110003668,
20200622,1201110587462,(주)대한항공,1101110108484,
20200622,1201110587462,(주)KAL호텔네트워크,1101112240169,
20200622,1201110587462,한진칼(주),1101115197193,
20200622,1201110587462,(주)진에어,1201110454976,
20200622,1201110587462,한진인천컨테이너터미널(주),1201110730821,
20200622,1201110587462,평택컨테이너터미날(주),1313110054589,
20200622,1201110592908,(주)클라크,1101110936752,
20200622,1201110592908,(주)영안양행,1101111405540,
20200622,1201110592908,자일대우상용차(주),1211110157066,
20200622,1201110592908,영안모자(주),1243110012552,
20200622,1201110592908,(주)클라크머터리얼핸들링아시아,1942110061490,
20200622,1201110601501,삼성생명보험(주),1101110005953,
20200622,1201110601501,삼성물산(주),1101110015762,
20200622,1201110601501,(주)호텔신라,1101110145519,
20200622,1201110601501,삼성중공업(주),1101110168595,
20200622,1201110601501,삼성카드(주),1101110346901,
20200622,1201110601501,에이치디씨신라면세점(주),1101115722916,
20200622,1201110601501,삼성바이오로직스(주),1201110566317,
20200622,1201110601501,삼성전자(주),1301110006246,
20200622,1201110601501,삼성디스플레이(주),1345110187812,
20200622,1201110601501,세메스(주),1615110011795,
20200622,1201110615990,(주)비에이치,1350110087483,
20200622,1201110620056,파라다이스(주),1101110129274,
20200622,1201110666464,에스케이건설(주),1101110038805,
20200622,1201110666464,SK가스(주),1101110413247,
20200622,1201110666464,에스케이렌터카(주),1101110577233,
20200622,1201110666464,에스케이(주),1101110769583,
20200622,1201110666464,에스케이바이오랜드(주),1101111192981,
20200622,1201110666464,에스케이브로드밴드(주),1101111466659,
20200622,1201110666464,에스케이텔링크(주),1101111533599,
20200622,1201110666464,에스케이엠앤서비스(주),1101111873432,
20200622,1201110666464,에스케이디앤디(주),1101113001685,
20200622,1201110666464,울산아로마틱스(주),1101114499954,
20200622,1201110666464,에스케이에너지(주),1101114505967,
20200622,1201110666464,에스케이종합화학(주),1101114505975,
20200622,1201110666464,에스케이바이오팜(주),1101114570720,
20200622,1201110666464,나래에너지서비스(주),1101114926006,
20200622,1201110666464,에스케이매직(주),1101115125962,
20200622,1201110666464,라이프앤시큐리티홀딩스(주),1101115371408,
20200622,1201110666464,에스케이넥실리스,1101116480232,
20200622,1201110666464,SKC(주),1301110001585,
20200622,1201110666464,SK네트웍스(주),1301110005199,
20200622,1201110666464,에스케이케미칼(주),1311110501021,
20200622,1201110666464,(주)에스케이하이닉스,1344110001387,
20200622,1201110666464,에스케이씨솔믹스(주),1347110014631,
20200622,1201110666464,유빈스(주),1351110077367,
20200622,1201110666464,SK네트웍스서비스(주),1358110141788,
20200622,1201110666464,강원도시가스(주),1401110002010,
20200622,1201110666464,충청에너지서비스(주),1501110006200,
20200622,1201110666464,에스케이바이오텍(주),1601110395453,
20200622,1201110666464,보령엘엔지터미널(주),1645110021527,
20200622,1201110666464,울산지피에스(주),1650110035072,
20200622,1201110666464,당진에코파워,1650110069097,
20200622,1201110666464,에스케이실트론(주),1753110001348,
20200622,1201110666464,에스케이쇼와덴코(주),1756110018553,
20200622,1201110666464,에스케이머티리얼즈(주),1901110006971,
20200622,1201110666464,에스케이에어가스(주),2301110134111,
20200622,1201110666464,미쓰이케미칼앤드에스케이씨폴리우레탄(주),2301110233880,
20200622,1201110730821,(주)한진,1101110003668,
20200622,1201110730821,(주)대한항공,1101110108484,
20200622,1201110730821,(주)KAL호텔네트워크,1101112240169,
20200622,1201110730821,한진칼(주),1101115197193,
20200622,1201110730821,(주)진에어,1201110454976,
20200622,1201110730821,(주)왕산레저개발,1201110587462,
20200622,1201110730821,평택컨테이너터미날(주),1313110054589,
20200622,1201110826745,콜마파마(주),1101110867692,
20200622,1201110826745,에이치케이이노엔(주),1101115379692,
20200622,1201110826745,한국콜마홀딩스(주),1647110001591,
20200622,1201110826745,(주)에치엔지,1647110012233,
20200622,1201110826745,한국콜마(주),1647110030756,
20200622,1201110870833,이건산업(주),1201110001959,
20200622,1201110870833,이건에너지(주),1201110518962,
20200622,1201110870833,(주)이건그린텍,1244110108606,
20200622,1201110870833,(주)이건홀딩스,1301110028935,
20200622,1201110975295,한국지엠(주),1201110294124,
20200622,1211110157066,(주)클라크,1101110936752,
20200622,1211110157066,(주)영안양행,1101111405540,
20200622,1211110157066,자일자동차판매(주),1201110592908,
20200622,1211110157066,영안모자(주),1243110012552,
20200622,1211110157066,(주)클라크머터리얼핸들링아시아,1942110061490,
20200622,1211110191650,씨앤에이치하스피탤러티(주),1101113744772,
20200622,1243110000573,(주)까뮤이앤씨,1101110243793,
20200622,1243110000573,(주)금양인터내셔날,1101110630734,
20200622,1243110000573,(주)후니드,1101113135418,
20200622,1243110003080,(주)대성스틸,1313110034234,
20200622,1243110003080,(주)신흥기공,1846110015871,
20200622,1243110003080,(주)신흥정기,2112110002476,
20200622,1243110004210,(주)티씨씨스틸,1101110032112,
20200622,1243110004252,(주)젤텍,1801110262476,
20200622,1243110008999,케이지동부제철(주),1101110393308,
20200622,1243110008999,(주)케이지제로인,1101111269540,
20200622,1243110008999,(주)케이지이니시스,1101111602667,
20200622,1243110008999,케이지이티에스(주),1101111799183,
20200622,1243110008999,이데일리(주),1101111853608,
20200622,1243110008999,(주)케이지모빌리언스,1101111911050,
20200622,1243110008999,(주)케이지에듀원,1101111959183,
20200622,1243110008999,(주)케이지써닝라이프,1345110166296,
20200622,1243110008999,(주)케이지에너켐,1943110030550,
20200622,1243110009781,나이스평가정보(주),1101110393283,
20200622,1243110009781,(주)나이스홀딩스,1101110505614,
20200622,1243110009781,케이아이에스정보통신(주),1101110898241,
20200622,1243110009781,한국전자금융(주),1101111848980,
20200622,1243110009781,나이스씨엠에스(주),1101113956252,
20200622,1243110009781,나이스페이먼츠(주),1101116137809,
20200622,1243110009781,(주)아이티엠반도체,1311110046639,
20200622,1243110009781,(주)나이스엘엠에스,1348110034942,
20200622,1243110009781,에스투비네트워크(주),1701110270108,
20200622,1243110010283,대주코레스(주),1101110138168,
20200622,1243110010283,대주중공업(주),1201110046161,
20200622,1243110010283,대주이엔티(주),1201110051590,
20200622,1243110010283,대연인터내셔널(주),1201110320185,
20200622,1243110010283,케이씨(주),2054110006068,
20200622,1243110010283,한국알루미나(주),2054110015069,
20200622,1243110011322,(주)고려제지,1348110000604,
20200622,1243110011322,(주)대림제지,1348110003020,
20200622,1243110011322,(주)한청판지,1501110003610,
20200622,1243110012552,(주)클라크,1101110936752,
20200622,1243110012552,(주)영안양행,1101111405540,
20200622,1243110012552,자일자동차판매(주),1201110592908,
20200622,1243110012552,자일대우상용차(주),1211110157066,
20200622,1243110012552,(주)클라크머터리얼핸들링아시아,1942110061490,
20200622,1243110019293,홍진산업(주),1101110293954,
20200622,1243110028914,(주)삼라,1101110002834,
20200622,1243110028914,대한해운(주),1101110008212,
20200622,1243110028914,경남기업(주),1101110008262,
20200622,1243110028914,삼환기업(주),1101110020307,
20200622,1243110028914,대한상선(주),1101110356140,
20200622,1243110028914,에스엠신용정보(주),1101111801277,
20200622,1243110028914,(주)티케이케미칼,1101113783457,
20200622,1243110028914,에스엠하이플러스(주),1311110191187,
20200622,1243110028914,에스엠중공업(주),1351110040869,
20200622,1243110028914,한덕철광산업(주),1449110003109,
20200622,1243110028914,(주)남선알미늄,1701110005042,
20200622,1243110028914,에스엠인더스트리(주),1846110007779,
20200622,1243110033235,(주)원익큐브,1101110425432,
20200622,1243110033235,(주)원익아이피에스,1313110163174,
20200622,1243110033235,(주)원익큐엔씨,1760110035615,
20200622,1244110000662,(주)사조대림,1101110042278,
20200622,1244110000662,(주)사조오양,1101110104820,
20200622,1244110000662,사조산업(주),1101110112328,
20200622,1244110000662,사조씨푸드(주),1101110271596,
20200622,1244110000662,(주)사조시스템즈,1101110335178,
20200622,1244110000662,(주)삼아벤처,1543110007523,
20200622,1244110000662,농업회사법인(주)사조원,2148110014856,
20200622,1244110006602,코웰패션(주),1101110166127,
20200622,1244110006602,(주)대명화학,1101111898159,
20200622,1244110006602,(주)케이브랜즈,1311110359595,
20200622,1244110006602,씨에프에이(주),1311110369370,
20200622,1244110006602,(주)모다이노칩,1355110106027,
20200622,1244110014077,케이비아이동국실업(주),1101110028939,
20200622,1244110014077,동양철관(주),1201110002056,
20200622,1244110014077,(주)케이비아이텍,1201110013251,
20200622,1244110014077,(주)케이비아이모다,1648110085139,
20200622,1244110014077,(주)케이비아이국인산업,1711110004515,
20200622,1244110014077,케이비아이메탈(주),1741110001294,
20200622,1244110014077,케이비아이건설(주),1748110020969,
20200622,1244110019308,(주)아모그린텍,1244110064402,
20200622,1244110019308,(주)아모센스,1244110093120,
20200622,1244110064402,(주)아모텍,1244110019308,
20200622,1244110064402,(주)아모센스,1244110093120,
20200622,1244110093120,(주)아모텍,1244110019308,
20200622,1244110093120,(주)아모그린텍,1244110064402,
20200622,1244110108606,이건산업(주),1201110001959,
20200622,1244110108606,이건에너지(주),1201110518962,
20200622,1244110108606,(주)이건창호,1201110870833,
20200622,1244110108606,(주)이건홀딩스,1301110028935,
20200622,1301110001585,에스케이건설(주),1101110038805,
20200622,1301110001585,SK가스(주),1101110413247,
20200622,1301110001585,에스케이렌터카(주),1101110577233,
20200622,1301110001585,에스케이(주),1101110769583,
20200622,1301110001585,에스케이바이오랜드(주),1101111192981,
20200622,1301110001585,에스케이브로드밴드(주),1101111466659,
20200622,1301110001585,에스케이텔링크(주),1101111533599,
20200622,1301110001585,에스케이엠앤서비스(주),1101111873432,
20200622,1301110001585,에스케이디앤디(주),1101113001685,
20200622,1301110001585,울산아로마틱스(주),1101114499954,
20200622,1301110001585,에스케이에너지(주),1101114505967,
20200622,1301110001585,에스케이종합화학(주),1101114505975,
20200622,1301110001585,에스케이바이오팜(주),1101114570720,
20200622,1301110001585,나래에너지서비스(주),1101114926006,
20200622,1301110001585,에스케이매직(주),1101115125962,
20200622,1301110001585,라이프앤시큐리티홀딩스(주),1101115371408,
20200622,1301110001585,에스케이넥실리스,1101116480232,
20200622,1301110001585,SK인천석유화학(주),1201110666464,
20200622,1301110001585,SK네트웍스(주),1301110005199,
20200622,1301110001585,에스케이케미칼(주),1311110501021,
20200622,1301110001585,(주)에스케이하이닉스,1344110001387,
20200622,1301110001585,에스케이씨솔믹스(주),1347110014631,
20200622,1301110001585,유빈스(주),1351110077367,
20200622,1301110001585,SK네트웍스서비스(주),1358110141788,
20200622,1301110001585,강원도시가스(주),1401110002010,
20200622,1301110001585,충청에너지서비스(주),1501110006200,
20200622,1301110001585,에스케이바이오텍(주),1601110395453,
20200622,1301110001585,보령엘엔지터미널(주),1645110021527,
20200622,1301110001585,울산지피에스(주),1650110035072,
20200622,1301110001585,당진에코파워,1650110069097,
20200622,1301110001585,에스케이실트론(주),1753110001348,
20200622,1301110001585,에스케이쇼와덴코(주),1756110018553,
20200622,1301110001585,에스케이머티리얼즈(주),1901110006971,
20200622,1301110001585,에스케이에어가스(주),2301110134111,
20200622,1301110001585,미쓰이케미칼앤드에스케이씨폴리우레탄(주),2301110233880,
20200622,1301110005199,에스케이건설(주),1101110038805,
20200622,1301110005199,SK가스(주),1101110413247,
20200622,1301110005199,에스케이렌터카(주),1101110577233,
20200622,1301110005199,에스케이(주),1101110769583,
20200622,1301110005199,에스케이바이오랜드(주),1101111192981,
20200622,1301110005199,에스케이브로드밴드(주),1101111466659,
20200622,1301110005199,에스케이텔링크(주),1101111533599,
20200622,1301110005199,에스케이엠앤서비스(주),1101111873432,
20200622,1301110005199,에스케이디앤디(주),1101113001685,
20200622,1301110005199,울산아로마틱스(주),1101114499954,
20200622,1301110005199,에스케이에너지(주),1101114505967,
20200622,1301110005199,에스케이종합화학(주),1101114505975,
20200622,1301110005199,에스케이바이오팜(주),1101114570720,
20200622,1301110005199,나래에너지서비스(주),1101114926006,
20200622,1301110005199,에스케이매직(주),1101115125962,
20200622,1301110005199,라이프앤시큐리티홀딩스(주),1101115371408,
20200622,1301110005199,에스케이넥실리스,1101116480232,
20200622,1301110005199,SK인천석유화학(주),1201110666464,
20200622,1301110005199,SKC(주),1301110001585,
20200622,1301110005199,에스케이케미칼(주),1311110501021,
20200622,1301110005199,(주)에스케이하이닉스,1344110001387,
20200622,1301110005199,에스케이씨솔믹스(주),1347110014631,
20200622,1301110005199,유빈스(주),1351110077367,
20200622,1301110005199,SK네트웍스서비스(주),1358110141788,
20200622,1301110005199,강원도시가스(주),1401110002010,
20200622,1301110005199,충청에너지서비스(주),1501110006200,
20200622,1301110005199,에스케이바이오텍(주),1601110395453,
20200622,1301110005199,보령엘엔지터미널(주),1645110021527,
20200622,1301110005199,울산지피에스(주),1650110035072,
20200622,1301110005199,당진에코파워,1650110069097,
20200622,1301110005199,에스케이실트론(주),1753110001348,
20200622,1301110005199,에스케이쇼와덴코(주),1756110018553,
20200622,1301110005199,에스케이머티리얼즈(주),1901110006971,
20200622,1301110005199,에스케이에어가스(주),2301110134111,
20200622,1301110005199,미쓰이케미칼앤드에스케이씨폴리우레탄(주),2301110233880,
20200622,1301110006246,삼성생명보험(주),1101110005953,
20200622,1301110006246,삼성물산(주),1101110015762,
20200622,1301110006246,(주)호텔신라,1101110145519,
20200622,1301110006246,삼성중공업(주),1101110168595,
20200622,1301110006246,삼성카드(주),1101110346901,
20200622,1301110006246,에이치디씨신라면세점(주),1101115722916,
20200622,1301110006246,삼성바이오로직스(주),1201110566317,
20200622,1301110006246,삼성바이오에피스(주),1201110601501,
20200622,1301110006246,삼성디스플레이(주),1345110187812,
20200622,1301110006246,세메스(주),1615110011795,
20200622,1301110006296,(주)싸이맥스,1311110153525,
20200622,1301110006296,(주)넥스시스템즈,1314110397432,
20200622,1301110006296,(주)알루원,1350110031951,
20200622,1301110006296,(주)유텍솔루션,1350110032032,
20200622,1301110006296,(주)인지디스플레이,1350110036315,
20200622,1301110006296,인지에이원(주),1350110058541,
20200622,1301110006361,(주)광진기계,1350110038080,
20200622,1301110007137,(주)태우,1201110044595,
20200622,1301110007137,(주)에쎈테크,1201110087834,
20200622,1301110007137,(주)서원,1350110029881,
20200622,1301110007137,(주)아이엔스틸인더스트리,1350110039898,
20200622,1301110007260,대원강업(주),1101110015556,
20200622,1301110007260,(주)대원총업,1101110859954,
20200622,1301110007260,(주)삼원강재,1746110014924,
20200622,1301110007335,(주)케이디에스,1748110010978,
20200622,1301110008797,(주)엘에스,1101110003965,
20200622,1301110008797,(주)E1,1101110381387,
20200622,1301110008797,엘에스일렉트릭(주),1101110520076,
20200622,1301110008797,엘에스글로벌인코퍼레이티드(주),1101113359985,
20200622,1301110008797,(주)베스트토요타,1101115129881,
20200622,1301110008797,(주)예스코,1101116708494,
20200622,1301110008797,가온전선(주),1341110000567,
20200622,1301110008797,엘에스엠트론(주),1341110168349,
20200622,1301110008797,엘에스전선(주),1341110168357,
20200622,1301110008797,엘에스전선아시아(주),1341110411706,
20200622,1301110008797,엘에스에이홀딩스(주),1341110474316,
20200622,1301110008797,엘에스오토모티브테크놀로지스(주),1341110474647,
20200622,1301110008797,엘에스이브이코리아(주),1341110480602,
20200622,1301110008797,(주)토리컴,1350110054119,
20200622,1301110008797,(주)지알엠,1546110008012,
20200622,1301110008797,엘에스메카피온(주),1701110178807,
20200622,1301110008797,(주)엘에스네트웍스,1801110044717,
20200622,1301110008797,캐스코(주),2101110047938,
20200622,1301110008797,엘에스니꼬동제련(주),2301110058436,
20200622,1301110008797,한성피씨건설(주),2850110157251,
20200622,1301110010015,태림페이퍼(주),1301110026236,
20200622,1301110010015,(주)월산페이퍼,1350110054557,
20200622,1301110010031,와이즈퍼시픽(주),1101114816538,
20200622,1301110010031,나디아퍼시픽(주),1101115009067,
20200622,1301110010619,희성피엠텍(주),1314110159311,
20200622,1301110010841,(주)글로우원,1311110263754,
20200622,1301110010841,(주)송현홀딩스,1615110009378,
20200622,1301110010841,(주)티엠씨,1615110148704,
20200622,1301110013499,(주)국민은행,1101112365321,
20200622,1301110013499,(주)케이비국민카드,1101114546523,
20200622,1301110021757,(주)한독모터스,1101112576043,
20200622,1301110026236,태림포장(주),1301110010015,
20200622,1301110026236,(주)월산페이퍼,1350110054557,
20200622,1301110026749,시그네틱스(주),1101110070815,
20200622,1301110026749,고려아연(주),1101110168404,
20200622,1301110026749,켐코(주),1311110470424,
20200622,1301110026749,영풍전자(주),1350110032106,
20200622,1301110026814,(주)아난티코브,1801110835918,
20200622,1301110027614,(주)동서기공,1348110004490,
20200622,1301110027614,알테크노메탈(주),1355110127487,
20200622,1301110027614,(주)동희산기,1355110153193,
20200622,1301110028919,(주)새한공업,1350110078792,
20200622,1301110028919,(주)진명정밀,1355110108809,
20200622,1301110028935,이건산업(주),1201110001959,
20200622,1301110028935,이건에너지(주),1201110518962,
20200622,1301110028935,(주)이건창호,1201110870833,
20200622,1301110028935,(주)이건그린텍,1244110108606,
20200622,1301110034487,AK홀딩스(주),1101110029721,
20200622,1301110034487,애경화학(주),1101110293011,
20200622,1301110034487,애경산업(주),1101110398275,
20200622,1301110034487,애경유화(주),1101114951243,
20200622,1301110034487,에이케이에스앤디(주),1313110029384,
20200622,1301110034487,에이케이레저(주),1344110015627,
20200622,1301110034487,(주)에이텍,1601110004492,
20200622,1301110034487,에이케이켐텍(주),1601110004541,
20200622,1301110034487,에이케이앤엠엔바이오팜(주),1601110236186,
20200622,1301110034487,(주)제주항공,2201110050575,
20200622,1301110035716,(주)오렌지엔지니어링,1311110143063,
20200622,1301110064351,에스와이스틸텍(주),1511110053458,
20200622,1301110064351,(주)에스와이테크,1615110024673,
20200622,1301110064351,에스와이빌드(주),1648110083331,
20200622,1311110000635,(주)금토일산업,1101111301730,
20200622,1311110000635,연합자산관리(주),1101114191451,
20200622,1311110000635,나투라페이퍼(주),1501110236534,
20200622,1311110000635,넥스콘테크놀러지(주),1615110021158,
20200622,1311110000635,(주)오리엔탈정공,1801110038447,
20200622,1311110000635,(주)영광스텐,1801110166991,
20200622,1311110000635,(주)일성하이스코,1812110003611,
20200622,1311110000635,페이퍼코리아(주),2111110000042,
20200622,1311110005106,한미헬스케어(주),1101112098295,
20200622,1311110005106,한미사이언스(주),1348110003187,
20200622,1311110005106,한미약품(주),1348110197550,
20200622,1311110012193,극동산전(주),1545110003212,
20200622,1311110028801,(주)엘지,1101110003543,
20200622,1311110028801,(주)엘지상사,1101110004632,
20200622,1311110028801,엘지이노텍(주),1101110192180,
20200622,1311110028801,(주)판토스,1101110208127,
20200622,1311110028801,엘지디스플레이(주),1101110393134,
20200622,1311110028801,(주)엘지헬로비전,1101111144297,
20200622,1311110028801,(주)엘지유플러스,1101111296676,
20200622,1311110028801,(주)로보스타,1101111655393,
20200622,1311110028801,LG전자(주),1101112487050,
20200622,1311110028801,(주)엘지하우시스,1101114071207,
20200622,1311110028801,우지막코리아주식회사,1545110032401,
20200622,1311110028900,현대건설(주),1101110007909,
20200622,1311110028900,기아자동차(주),1101110037998,
20200622,1311110028900,현대비앤지스틸(주),1101110065395,
20200622,1311110028900,현대자동차(주),1101110085450,
20200622,1311110028900,현대모비스(주),1101110215536,
20200622,1311110028900,현대카드(주),1101110377203,
20200622,1311110028900,현대캐피탈(주),1101110995378,
20200622,1311110028900,현대첨단소재(주),1101111929102,
20200622,1311110028900,현대엔지니어링(주),1101112153015,
20200622,1311110028900,현대글로비스(주),1101112177388,
20200622,1311110028900,현대커머셜(주),1101113646697,
20200622,1311110028900,현대종합특수강(주),1101114505595,
20200622,1311110028900,현대제철(주),1201110001743,
20200622,1311110028900,현대오트론(주),1341110134001,
20200622,1311110028900,에이치엘그린파워(주),1352110027542,
20200622,1311110028900,현대트랜시스(주),1614110008562,
20200622,1311110028900,현대에코에너지(주),1614110040506,
20200622,1311110028900,그린에어(주),1650110026005,
20200622,1311110028900,현대로템(주),1942110036336,
20200622,1311110037852,팬오션(주),1101110004286,
20200622,1311110037852,(주)엔에스쇼핑,1101112262527,
20200622,1311110037852,농업회사법인(주)순우리한우,1101112322058,
20200622,1311110037852,(주)참트레이딩,1101114292481,
20200622,1311110037852,(주)에코캐피탈,1101114338326,
20200622,1311110037852,한강씨엠(주),1115110019393,
20200622,1311110037852,(주)팜스코,1311110042950,
20200622,1311110037852,(주)하림산업,1311110303477,
20200622,1311110037852,(주)선진한마을,1344110013093,
20200622,1311110037852,(주)선진에프에스,1344110028539,
20200622,1311110037852,(주)선진,1344110046664,
20200622,1311110037852,(주)농업회사법인팜스코바이오인티,1344110058817,
20200622,1311110037852,(주)선진햄,1345110029056,
20200622,1311110037852,(주)하림지주,1601110003931,
20200622,1311110037852,(주)농업회사법인주원산오리,1601110135453,
20200622,1311110037852,제일사료(주),1601110291544,
20200622,1311110037852,(주)하림,2149110034430,
20200622,1311110037852,(주)애그리로보텍,2850110161202,
20200622,1311110042950,팬오션(주),1101110004286,
20200622,1311110042950,(주)엔에스쇼핑,1101112262527,
20200622,1311110042950,농업회사법인(주)순우리한우,1101112322058,
20200622,1311110042950,(주)참트레이딩,1101114292481,
20200622,1311110042950,(주)에코캐피탈,1101114338326,
20200622,1311110042950,한강씨엠(주),1115110019393,
20200622,1311110042950,(주)올품,1311110037852,
20200622,1311110042950,(주)하림산업,1311110303477,
20200622,1311110042950,(주)선진한마을,1344110013093,
20200622,1311110042950,(주)선진에프에스,1344110028539,
20200622,1311110042950,(주)선진,1344110046664,
20200622,1311110042950,(주)농업회사법인팜스코바이오인티,1344110058817,
20200622,1311110042950,(주)선진햄,1345110029056,
20200622,1311110042950,(주)하림지주,1601110003931,
20200622,1311110042950,(주)농업회사법인주원산오리,1601110135453,
20200622,1311110042950,제일사료(주),1601110291544,
20200622,1311110042950,(주)하림,2149110034430,
20200622,1311110042950,(주)애그리로보텍,2850110161202,
20200622,1311110046291,엘비휴넷(주),1101114025006,
20200622,1311110046291,(주)엘비루셈,1760110038073,
20200622,1311110046639,나이스평가정보(주),1101110393283,
20200622,1311110046639,(주)나이스홀딩스,1101110505614,
20200622,1311110046639,케이아이에스정보통신(주),1101110898241,
20200622,1311110046639,한국전자금융(주),1101111848980,
20200622,1311110046639,나이스씨엠에스(주),1101113956252,
20200622,1311110046639,나이스페이먼츠(주),1101116137809,
20200622,1311110046639,서울전자통신(주),1243110009781,
20200622,1311110046639,(주)나이스엘엠에스,1348110034942,
20200622,1311110046639,에스투비네트워크(주),1701110270108,
20200622,1311110057610,(주)코오롱,1101110030528,
20200622,1311110057610,코오롱글로벌(주),1101110036502,
20200622,1311110057610,코오롱제약(주),1101110256259,
20200622,1311110057610,코오롱글로텍(주),1101110524838,
20200622,1311110057610,(주)코오롱인베스트먼트,1101111902786,
20200622,1311110057610,코오롱생명과학(주),1101111948277,
20200622,1311110057610,코오롱데크컴퍼지트(주),1345110055689,
20200622,1311110057610,코오롱베니트(주),1353110003920,
20200622,1311110057610,코오롱환경에너지(주),1353110005893,
20200622,1311110057610,코오롱머티리얼(주),1353110011139,
20200622,1311110057610,코오롱인더스트리(주),1353110013606,
20200622,1311110057610,그린나래(주),1615110078133,
20200622,1311110057610,코오롱플라스틱(주),1713110003504,
20200622,1311110057610,코오롱바스프이노폼(주),1713110030747,
20200622,1311110067289,한일홀딩스(주),1101110040165,
20200622,1311110067289,한일현대시멘트(주),1101110111867,
20200622,1311110067289,한일산업(주),1101110165880,
20200622,1311110067289,한일시멘트(주),1101116799203,
20200622,1311110067289,한일네트웍스(주),1201110175423,
20200622,1311110067289,(주)충무화학,1648110000434,
20200622,1311110143063,(주)오렌지이앤씨,1301110035716,
20200622,1311110153525,인지컨트롤스(주),1301110006296,
20200622,1311110153525,(주)넥스시스템즈,1314110397432,
20200622,1311110153525,(주)알루원,1350110031951,
20200622,1311110153525,(주)유텍솔루션,1350110032032,
20200622,1311110153525,(주)인지디스플레이,1350110036315,
20200622,1311110153525,인지에이원(주),1350110058541,
20200622,1311110191187,(주)삼라,1101110002834,
20200622,1311110191187,대한해운(주),1101110008212,
20200622,1311110191187,경남기업(주),1101110008262,
20200622,1311110191187,삼환기업(주),1101110020307,
20200622,1311110191187,대한상선(주),1101110356140,
20200622,1311110191187,에스엠신용정보(주),1101111801277,
20200622,1311110191187,(주)티케이케미칼,1101113783457,
20200622,1311110191187,에스엠스틸(주),1243110028914,
20200622,1311110191187,에스엠중공업(주),1351110040869,
20200622,1311110191187,한덕철광산업(주),1449110003109,
20200622,1311110191187,(주)남선알미늄,1701110005042,
20200622,1311110191187,에스엠인더스트리(주),1846110007779,
20200622,1311110263754,(주)케이피에프,1301110010841,
20200622,1311110263754,(주)송현홀딩스,1615110009378,
20200622,1311110263754,(주)티엠씨,1615110148704,
20200622,1311110303477,팬오션(주),1101110004286,
20200622,1311110303477,(주)엔에스쇼핑,1101112262527,
20200622,1311110303477,농업회사법인(주)순우리한우,1101112322058,
20200622,1311110303477,(주)참트레이딩,1101114292481,
20200622,1311110303477,(주)에코캐피탈,1101114338326,
20200622,1311110303477,한강씨엠(주),1115110019393,
20200622,1311110303477,(주)올품,1311110037852,
20200622,1311110303477,(주)팜스코,1311110042950,
20200622,1311110303477,(주)선진한마을,1344110013093,
20200622,1311110303477,(주)선진에프에스,1344110028539,
20200622,1311110303477,(주)선진,1344110046664,
20200622,1311110303477,(주)농업회사법인팜스코바이오인티,1344110058817,
20200622,1311110303477,(주)선진햄,1345110029056,
20200622,1311110303477,(주)하림지주,1601110003931,
20200622,1311110303477,(주)농업회사법인주원산오리,1601110135453,
20200622,1311110303477,제일사료(주),1601110291544,
20200622,1311110303477,(주)하림,2149110034430,
20200622,1311110303477,(주)애그리로보텍,2850110161202,
20200622,1311110330941,동원산업(주),1101110003098,
20200622,1311110330941,(주)동원에프앤비,1101112101816,
20200622,1311110330941,(주)동원엔터프라이즈,1101112217572,
20200622,1311110330941,동원팜스(주),1101113809138,
20200622,1311110330941,(주)테크팩솔루션,1101114004787,
20200622,1311110330941,동원로엑스(주),1101114505769,
20200622,1311110330941,동원시스템즈(주),1341110011712,
20200622,1311110330941,(주)동원홈푸드,1615110022122,
20200622,1311110330941,동원로엑스냉장(주),1801110985002,
20200622,1311110333333,(주)모나리자,1101110220882,
20200622,1311110333333,엠에스에스펄프(주),1101115085819,
20200622,1311110333333,(주)쌍용씨앤비,1348110105024,
20200622,1311110333333,(주)엠에스에스글로벌,1601110002420,
20200622,1311110359595,코웰패션(주),1101110166127,
20200622,1311110359595,(주)대명화학,1101111898159,
20200622,1311110359595,(주)디에이피,1244110006602,
20200622,1311110359595,씨에프에이(주),1311110369370,
20200622,1311110359595,(주)모다이노칩,1355110106027,
20200622,1311110360948,(주)대광이엔씨,1358110085340,
20200622,1311110360948,(주)대광에이엠씨,1358110222786,
20200622,1311110360948,(주)대광건영,2001110160633,
20200622,1311110363562,(주)에스에너지,1101112149890,
20200622,1311110363562,에스퓨얼셀(주),1311110367986,
20200622,1311110367986,(주)에스에너지,1101112149890,
20200622,1311110367986,에스파워(주),1311110363562,
20200622,1311110369370,코웰패션(주),1101110166127,
20200622,1311110369370,(주)대명화학,1101111898159,
20200622,1311110369370,(주)디에이피,1244110006602,
20200622,1311110369370,(주)케이브랜즈,1311110359595,
20200622,1311110369370,(주)모다이노칩,1355110106027,
20200622,1311110380946,(주)에스피씨삼립,1101110090516,
20200622,1311110380946,(주)파리크라상,1101110508311,
20200622,1311110380946,에스피엘(주),1313110033129,
20200622,1311110380946,(주)호남샤니,2001110007041,
20200622,1311110470424,시그네틱스(주),1101110070815,
20200622,1311110470424,고려아연(주),1101110168404,
20200622,1311110470424,(주)코리아써키트,1301110026749,
20200622,1311110470424,영풍전자(주),1350110032106,
20200622,1311110481819,(주)카카오,1101111129497,
20200622,1311110501021,에스케이건설(주),1101110038805,
20200622,1311110501021,SK가스(주),1101110413247,
20200622,1311110501021,에스케이렌터카(주),1101110577233,
20200622,1311110501021,에스케이(주),1101110769583,
20200622,1311110501021,에스케이바이오랜드(주),1101111192981,
20200622,1311110501021,에스케이브로드밴드(주),1101111466659,
20200622,1311110501021,에스케이텔링크(주),1101111533599,
20200622,1311110501021,에스케이엠앤서비스(주),1101111873432,
20200622,1311110501021,에스케이디앤디(주),1101113001685,
20200622,1311110501021,울산아로마틱스(주),1101114499954,
20200622,1311110501021,에스케이에너지(주),1101114505967,
20200622,1311110501021,에스케이종합화학(주),1101114505975,
20200622,1311110501021,에스케이바이오팜(주),1101114570720,
20200622,1311110501021,나래에너지서비스(주),1101114926006,
20200622,1311110501021,에스케이매직(주),1101115125962,
20200622,1311110501021,라이프앤시큐리티홀딩스(주),1101115371408,
20200622,1311110501021,에스케이넥실리스,1101116480232,
20200622,1311110501021,SK인천석유화학(주),1201110666464,
20200622,1311110501021,SKC(주),1301110001585,
20200622,1311110501021,SK네트웍스(주),1301110005199,
20200622,1311110501021,(주)에스케이하이닉스,1344110001387,
20200622,1311110501021,에스케이씨솔믹스(주),1347110014631,
20200622,1311110501021,유빈스(주),1351110077367,
20200622,1311110501021,SK네트웍스서비스(주),1358110141788,
20200622,1311110501021,강원도시가스(주),1401110002010,
20200622,1311110501021,충청에너지서비스(주),1501110006200,
20200622,1311110501021,에스케이바이오텍(주),1601110395453,
20200622,1311110501021,보령엘엔지터미널(주),1645110021527,
20200622,1311110501021,울산지피에스(주),1650110035072,
20200622,1311110501021,당진에코파워,1650110069097,
20200622,1311110501021,에스케이실트론(주),1753110001348,
20200622,1311110501021,에스케이쇼와덴코(주),1756110018553,
20200622,1311110501021,에스케이머티리얼즈(주),1901110006971,
20200622,1311110501021,에스케이에어가스(주),2301110134111,
20200622,1311110501021,미쓰이케미칼앤드에스케이씨폴리우레탄(주),2301110233880,
20200622,1311110514404,(주)한화,1101110002959,
20200622,1311110514404,한화투자증권(주),1101110003155,
20200622,1311110514404,(주)한화갤러리아,1101110202989,
20200622,1311110514404,한화호텔앤드리조트(주),1101110249709,
20200622,1311110514404,한화솔루션(주),1101110360935,
20200622,1311110514404,(주)한화건설,1101112558405,
20200622,1311110514404,한화에너지(주),1101113807223,
20200622,1311110514404,(주)제주해양과학관,1101114143577,
20200622,1311110514404,(주)한화도시개발,1101114231596,
20200622,1311110514404,(주)한화갤러리아타임월드,1601110003410,
20200622,1311110514404,한화종합화학(주),1614110001243,
20200622,1311110514404,한화토탈(주),1614110013066,
20200622,1311110514404,(주)서산테크노밸리,1614110017852,
20200622,1311110514404,한화시스템(주),1760110020640,
20200622,1311110514404,한화에어로스페이스(주),1942110000480,
20200622,1311110514404,한화디펜스(주),1942110273300,
20200622,1311110514404,한화파워시스템(주),1942110273318,
20200622,1311110514404,한화정밀기계(주),1942110273326,
20200622,1311110527233,현대오일뱅크(주),1101110090558,
20200622,1311110527233,현대에너지솔루션(주),1101116265410,
20200622,1311110527233,현대일렉트릭앤에너지시스템(주),1101116363850,
20200622,1311110527233,현대건설기계(주),1101116363868,
20200622,1311110527233,현대코스모(주),1614110022364,
20200622,1311110527233,현대케미칼(주),1614110031472,
20200622,1311110527233,현대오씨아이(주),1614110036258,
20200622,1311110527233,현대중공업지주(주),1701110638661,
20200622,1311110527233,현대글로벌서비스(주),1801111065811,
20200622,1311110527233,(주)현대미포조선,1812110000526,
20200622,1311110527233,현대삼호중공업(주),2054110003915,
20200622,1311110527233,현대오일터미널(주),2301110188027,
20200622,1311110527233,현대중공업(주),2301110312741,
20200622,1312110007928,(주)동양,1101110005333,
20200622,1312110007928,유진기업(주),1101110376148,
20200622,1312110007928,(주)에스비씨리니어,1101110647599,
20200622,1312110007928,한국자산평가(주),1101111982473,
20200622,1312110007928,천안기업(주),1615110019434,
20200622,1312110007928,한국특수형강(주),1801110015362,
20200622,1312110007928,현대개발(주),2054110009963,
20200622,1312110007928,동화기업(주),2059110009632,
20200622,1312110007928,이순산업(주),2844110060415,
20200622,1312110022695,농업회사법인조인(주),1313110044556,
20200622,1312110022695,농업회사법인조하(주),1345110103008,
20200622,1312110022695,(주)농업회사법인에버그린,1345110142329,
20200622,1312110022695,(주)농업회사법인알로팜,1346110051768,
20200622,1312110022695,(주)농업회사법인옥토앤자인,1615110130206,
20200622,1313110029384,AK홀딩스(주),1101110029721,
20200622,1313110029384,애경화학(주),1101110293011,
20200622,1313110029384,애경산업(주),1101110398275,
20200622,1313110029384,애경유화(주),1101114951243,
20200622,1313110029384,수원애경역사(주),1301110034487,
20200622,1313110029384,에이케이레저(주),1344110015627,
20200622,1313110029384,(주)에이텍,1601110004492,
20200622,1313110029384,에이케이켐텍(주),1601110004541,
20200622,1313110029384,에이케이앤엠엔바이오팜(주),1601110236186,
20200622,1313110029384,(주)제주항공,2201110050575,
20200622,1313110030042,(주)한라,1101110274699,
20200622,1313110030042,(주)만도차이나홀딩스,1313110119630,
20200622,1313110030042,(주)만도,1313110140776,
20200622,1313110030042,만도헬라일렉트로닉스(주),1345110132825,
20200622,1313110030042,(주)한라세라지오,1349110005074,
20200622,1313110033129,(주)에스피씨삼립,1101110090516,
20200622,1313110033129,(주)파리크라상,1101110508311,
20200622,1313110033129,(주)에스피씨지에프에스,1311110380946,
20200622,1313110033129,(주)호남샤니,2001110007041,
20200622,1313110034234,(주)신흥정밀,1243110003080,
20200622,1313110034234,(주)신흥기공,1846110015871,
20200622,1313110034234,(주)신흥정기,2112110002476,
20200622,1313110043897,삼보모터스(주),1101110545529,
20200622,1313110043897,(주)프라코,1101110609185,
20200622,1313110043897,삼보에이앤티(주),1544110004163,
20200622,1313110043897,(주)나전,2001110062300,
20200622,1313110044556,농업회사법인세양(주),1312110022695,
20200622,1313110044556,농업회사법인조하(주),1345110103008,
20200622,1313110044556,(주)농업회사법인에버그린,1345110142329,
20200622,1313110044556,(주)농업회사법인알로팜,1346110051768,
20200622,1313110044556,(주)농업회사법인옥토앤자인,1615110130206,
20200622,1313110054589,(주)한진,1101110003668,
20200622,1313110054589,(주)대한항공,1101110108484,
20200622,1313110054589,(주)KAL호텔네트워크,1101112240169,
20200622,1313110054589,한진칼(주),1101115197193,
20200622,1313110054589,(주)진에어,1201110454976,
20200622,1313110054589,(주)왕산레저개발,1201110587462,
20200622,1313110054589,한진인천컨테이너터미널(주),1201110730821,
20200622,1313110082267,김천에너지서비스(주),1713110019238,
20200622,1313110083497,(주)풍산홀딩스,1201110018110,
20200622,1313110083497,풍산특수금속(주),1201110469363,
20200622,1313110093131,지에스건설(주),1101110002694,
20200622,1313110093131,(주)지에스글로벌,1101110031479,
20200622,1313110093131,삼양통상(주),1101110033433,
20200622,1313110093131,지에스칼텍스(주),1101110078819,
20200622,1313110093131,파르나스호텔(주),1101110411142,
20200622,1313110093131,지에스엠비즈(주),1101111007023,
20200622,1313110093131,지에스바이오(주),1101114303030,
20200622,1313110093131,인천종합에너지(주),1201110348096,
20200622,1313110093131,GS파워(주),1341110074744,
20200622,1313110093131,(주)지에스이앤알,1350110121570,
20200622,1313110093131,(주)지에스동해전력,1447110019225,
20200622,1313110093131,지에스이피에스(주),1650110004621,
20200622,1313110093131,(주)지에스풍력발전,1745110004266,
20200622,1313110093131,(주)지에스엔텍,1812110008699,
20200622,1313110093131,(주)지에스포천그린에너지,2844110079755,
20200622,1313110119630,(주)한라,1101110274699,
20200622,1313110119630,(주)한라홀딩스,1313110030042,
20200622,1313110119630,(주)만도,1313110140776,
20200622,1313110119630,만도헬라일렉트로닉스(주),1345110132825,
20200622,1313110119630,(주)한라세라지오,1349110005074,
20200622,1313110123714,매일홀딩스(주),1101110099609,
20200622,1313110123714,(주)제로투세븐,1101111871072,
20200622,1313110123714,엠즈씨드(주),1101115149904,
20200622,1313110123714,매일유업(주),1101116390770,
20200622,1313110140776,(주)한라,1101110274699,
20200622,1313110140776,(주)한라홀딩스,1313110030042,
20200622,1313110140776,(주)만도차이나홀딩스,1313110119630,
20200622,1313110140776,만도헬라일렉트로닉스(주),1345110132825,
20200622,1313110140776,(주)한라세라지오,1349110005074,
20200622,1313110156591,쌍용자동차(주),1101110035132,
20200622,1313110163174,(주)원익큐브,1101110425432,
20200622,1313110163174,(주)원익홀딩스,1243110033235,
20200622,1313110163174,(주)원익큐엔씨,1760110035615,
20200622,1314110133612,삼보산업(주),1801110020246,
20200622,1314110149049,선창산업(주),1101110027593,
20200622,1314110159311,희성촉매(주),1301110010619,
20200622,1314110161035,(주)이수화학,1101110008600,
20200622,1314110161035,(주)이수페타시스,1101110186638,
20200622,1314110161035,이수건설(주),1101110202202,
20200622,1314110161035,(주)이수시스템,1101111304643,
20200622,1314110161035,(주)이수엑사켐,1101112303826,
20200622,1314110161035,(주)이수,1101112833451,
20200622,1314110161035,토다이수(주),1412110043623,
20200622,1314110189425,일광이앤씨(주),1101110003353,
20200622,1314110189425,후성정공(주),1348110023854,
20200622,1314110189425,유콘시스템(주),1601110119598,
20200622,1314110189425,후성에이치디에스(주),1812110003091,
20200622,1314110189425,한국내화(주),1846110000319,
20200622,1314110189425,(주)한텍,2301110052355,
20200622,1314110256430,(주)와이지-원,1201110038639,
20200622,1314110397432,인지컨트롤스(주),1301110006296,
20200622,1314110397432,(주)싸이맥스,1311110153525,
20200622,1314110397432,(주)알루원,1350110031951,
20200622,1314110397432,(주)유텍솔루션,1350110032032,
20200622,1314110397432,(주)인지디스플레이,1350110036315,
20200622,1314110397432,인지에이원(주),1350110058541,
20200622,1341110000567,(주)엘에스,1101110003965,
20200622,1341110000567,(주)E1,1101110381387,
20200622,1341110000567,엘에스일렉트릭(주),1101110520076,
20200622,1341110000567,엘에스글로벌인코퍼레이티드(주),1101113359985,
20200622,1341110000567,(주)베스트토요타,1101115129881,
20200622,1341110000567,(주)예스코,1101116708494,
20200622,1341110000567,(주)지앤피,1301110008797,
20200622,1341110000567,엘에스엠트론(주),1341110168349,
20200622,1341110000567,엘에스전선(주),1341110168357,
20200622,1341110000567,엘에스전선아시아(주),1341110411706,
20200622,1341110000567,엘에스에이홀딩스(주),1341110474316,
20200622,1341110000567,엘에스오토모티브테크놀로지스(주),1341110474647,
20200622,1341110000567,엘에스이브이코리아(주),1341110480602,
20200622,1341110000567,(주)토리컴,1350110054119,
20200622,1341110000567,(주)지알엠,1546110008012,
20200622,1341110000567,엘에스메카피온(주),1701110178807,
20200622,1341110000567,(주)엘에스네트웍스,1801110044717,
20200622,1341110000567,캐스코(주),2101110047938,
20200622,1341110000567,엘에스니꼬동제련(주),2301110058436,
20200622,1341110000567,한성피씨건설(주),2850110157251,
20200622,1341110000806,(주)서진오토모티브,1101114264828,
20200622,1341110000806,(주)코모스,1348110003418,
20200622,1341110000806,아이아(주),1350110029352,
20200622,1341110000806,(주)연합,1351110038757,
20200622,1341110000806,(주)서진캠,1351110050173,
20200622,1341110000806,에코플라스틱(주),1712110001253,
20200622,1341110000806,(주)영풍기계,1801110071661,
20200622,1341110000822,아진산업(주),1701110008913,
20200622,1341110000822,(주)우신산업,1701110071283,
20200622,1341110002258,대선제분(주),1101110014011,
20200622,1341110002258,(주)조흥,1101110019334,
20200622,1341110002258,오뚜기냉동식품(주),1156110002780,
20200622,1341110002258,오뚜기라면(주),1347110003212,
20200622,1341110002258,오뚜기제유(주),1545110085187,
20200622,1341110002258,상미식품(주),1615110217509,
20200622,1341110002662,하이트진로홀딩스(주),1101110013766,
20200622,1341110002662,하이트진로(주),1101110028591,
20200622,1341110002662,서영이앤티(주),1101111849524,
20200622,1341110002662,하이트진로음료(주),1101113436634,
20200622,1341110002878,(주)노루비케미칼,1341110031083,
20200622,1341110002878,(주)디어스엠,1341110135554,
20200622,1341110002878,(주)노루페인트,1341110142575,
20200622,1341110002878,(주)노루케미칼,1350110031406,
20200622,1341110002878,(주)노루코일코팅,1717110039501,
20200622,1341110005814,(주)농심,1101110057574,
20200622,1341110005814,율촌화학(주),1101110145147,
20200622,1341110005814,(주)메가마트,1101110222557,
20200622,1341110005814,(주)뉴테라넥스,1101114688549,
20200622,1341110005814,(주)농심캐피탈,1801110607482,
20200622,1341110008412,(주)일진유니스코,1101110356455,
20200622,1341110008412,일진디앤코(주),1101113929077,
20200622,1341110008412,일진홀딩스(주),1201110011990,
20200622,1341110008412,일진전기(주),1348110159279,
20200622,1341110008412,일진디스플레이(주),1545110006076,
20200622,1341110008412,알피니언메디칼시스템(주),1701110331190,
20200622,1341110010839,(주)동윤산업,1101110942064,
20200622,1341110011712,동원산업(주),1101110003098,
20200622,1341110011712,(주)동원에프앤비,1101112101816,
20200622,1341110011712,(주)동원엔터프라이즈,1101112217572,
20200622,1341110011712,동원팜스(주),1101113809138,
20200622,1341110011712,(주)테크팩솔루션,1101114004787,
20200622,1341110011712,동원로엑스(주),1101114505769,
20200622,1341110011712,동원건설산업(주),1311110330941,
20200622,1341110011712,(주)동원홈푸드,1615110022122,
20200622,1341110011712,동원로엑스냉장(주),1801110985002,
20200622,1341110029773,하나금융투자(주),1101110208169,
20200622,1341110029773,하나캐피탈(주),1101110519970,
20200622,1341110029773,(주)하나은행,1101110672538,
20200622,1341110029773,하나카드(주),1101115505354,
20200622,1341110031083,(주)노루홀딩스,1341110002878,
20200622,1341110031083,(주)디어스엠,1341110135554,
20200622,1341110031083,(주)노루페인트,1341110142575,
20200622,1341110031083,(주)노루케미칼,1350110031406,
20200622,1341110031083,(주)노루코일코팅,1717110039501,
20200622,1341110032271,(주)팔도테크팩,1613110033404,
20200622,1341110074744,지에스건설(주),1101110002694,
20200622,1341110074744,(주)지에스글로벌,1101110031479,
20200622,1341110074744,삼양통상(주),1101110033433,
20200622,1341110074744,지에스칼텍스(주),1101110078819,
20200622,1341110074744,파르나스호텔(주),1101110411142,
20200622,1341110074744,지에스엠비즈(주),1101111007023,
20200622,1341110074744,지에스바이오(주),1101114303030,
20200622,1341110074744,인천종합에너지(주),1201110348096,
20200622,1341110074744,(주)피엘에스,1313110093131,
20200622,1341110074744,(주)지에스이앤알,1350110121570,
20200622,1341110074744,(주)지에스동해전력,1447110019225,
20200622,1341110074744,지에스이피에스(주),1650110004621,
20200622,1341110074744,(주)지에스풍력발전,1745110004266,
20200622,1341110074744,(주)지에스엔텍,1812110008699,
20200622,1341110074744,(주)지에스포천그린에너지,2844110079755,
20200622,1341110134001,현대건설(주),1101110007909,
20200622,1341110134001,기아자동차(주),1101110037998,
20200622,1341110134001,현대비앤지스틸(주),1101110065395,
20200622,1341110134001,현대자동차(주),1101110085450,
20200622,1341110134001,현대모비스(주),1101110215536,
20200622,1341110134001,현대카드(주),1101110377203,
20200622,1341110134001,현대캐피탈(주),1101110995378,
20200622,1341110134001,현대첨단소재(주),1101111929102,
20200622,1341110134001,현대엔지니어링(주),1101112153015,
20200622,1341110134001,현대글로비스(주),1101112177388,
20200622,1341110134001,현대커머셜(주),1101113646697,
20200622,1341110134001,현대종합특수강(주),1101114505595,
20200622,1341110134001,현대제철(주),1201110001743,
20200622,1341110134001,(주)지아이티,1311110028900,
20200622,1341110134001,에이치엘그린파워(주),1352110027542,
20200622,1341110134001,현대트랜시스(주),1614110008562,
20200622,1341110134001,현대에코에너지(주),1614110040506,
20200622,1341110134001,그린에어(주),1650110026005,
20200622,1341110134001,현대로템(주),1942110036336,
20200622,1341110135554,(주)노루홀딩스,1341110002878,
20200622,1341110135554,(주)노루비케미칼,1341110031083,
20200622,1341110135554,(주)노루페인트,1341110142575,
20200622,1341110135554,(주)노루케미칼,1350110031406,
20200622,1341110135554,(주)노루코일코팅,1717110039501,
20200622,1341110136304,(주)태영건설,1101110155451,
20200622,1341110136304,신경주역세권공영개발(주),1712110053444,
20200622,1341110136304,(주)태영인더스트리,1812110012745,
20200622,1341110136304,(주)티에스케이그린에너지,2149110036717,
20200622,1341110136304,(주)티에스케이이앤피,2301110205160,
20200622,1341110136304,(주)티에스케이코퍼레이션,2811110087640,
20200622,1341110142575,(주)노루홀딩스,1341110002878,
20200622,1341110142575,(주)노루비케미칼,1341110031083,
20200622,1341110142575,(주)디어스엠,1341110135554,
20200622,1341110142575,(주)노루케미칼,1350110031406,
20200622,1341110142575,(주)노루코일코팅,1717110039501,
20200622,1341110168349,(주)엘에스,1101110003965,
20200622,1341110168349,(주)E1,1101110381387,
20200622,1341110168349,엘에스일렉트릭(주),1101110520076,
20200622,1341110168349,엘에스글로벌인코퍼레이티드(주),1101113359985,
20200622,1341110168349,(주)베스트토요타,1101115129881,
20200622,1341110168349,(주)예스코,1101116708494,
20200622,1341110168349,(주)지앤피,1301110008797,
20200622,1341110168349,가온전선(주),1341110000567,
20200622,1341110168349,엘에스전선(주),1341110168357,
20200622,1341110168349,엘에스전선아시아(주),1341110411706,
20200622,1341110168349,엘에스에이홀딩스(주),1341110474316,
20200622,1341110168349,엘에스오토모티브테크놀로지스(주),1341110474647,
20200622,1341110168349,엘에스이브이코리아(주),1341110480602,
20200622,1341110168349,(주)토리컴,1350110054119,
20200622,1341110168349,(주)지알엠,1546110008012,
20200622,1341110168349,엘에스메카피온(주),1701110178807,
20200622,1341110168349,(주)엘에스네트웍스,1801110044717,
20200622,1341110168349,캐스코(주),2101110047938,
20200622,1341110168349,엘에스니꼬동제련(주),2301110058436,
20200622,1341110168349,한성피씨건설(주),2850110157251,
20200622,1341110168357,(주)엘에스,1101110003965,
20200622,1341110168357,(주)E1,1101110381387,
20200622,1341110168357,엘에스일렉트릭(주),1101110520076,
20200622,1341110168357,엘에스글로벌인코퍼레이티드(주),1101113359985,
20200622,1341110168357,(주)베스트토요타,1101115129881,
20200622,1341110168357,(주)예스코,1101116708494,
20200622,1341110168357,(주)지앤피,1301110008797,
20200622,1341110168357,가온전선(주),1341110000567,
20200622,1341110168357,엘에스엠트론(주),1341110168349,
20200622,1341110168357,엘에스전선아시아(주),1341110411706,
20200622,1341110168357,엘에스에이홀딩스(주),1341110474316,
20200622,1341110168357,엘에스오토모티브테크놀로지스(주),1341110474647,
20200622,1341110168357,엘에스이브이코리아(주),1341110480602,
20200622,1341110168357,(주)토리컴,1350110054119,
20200622,1341110168357,(주)지알엠,1546110008012,
20200622,1341110168357,엘에스메카피온(주),1701110178807,
20200622,1341110168357,(주)엘에스네트웍스,1801110044717,
20200622,1341110168357,캐스코(주),2101110047938,
20200622,1341110168357,엘에스니꼬동제련(주),2301110058436,
20200622,1341110168357,한성피씨건설(주),2850110157251,
20200622,1341110213433,롯데쇼핑(주),1101110000086,
20200622,1341110213433,롯데건설(주),1101110014764,
20200622,1341110213433,(주)롯데푸드,1101110033722,
20200622,1341110213433,롯데지주(주),1101110076300,
20200622,1341110213433,호텔롯데(주),1101110145410,
20200622,1341110213433,롯데상사(주),1101110159099,
20200622,1341110213433,롯데케미칼(주),1101110193196,
20200622,1341110213433,롯데하이마트(주),1101110532633,
20200622,1341110213433,롯데캐피탈(주),1101111217416,
20200622,1341110213433,롯데렌탈(주),1101113326588,
20200622,1341110213433,서울복합물류프로젝트금융투자(주),1101114660232,
20200622,1341110213433,롯데정보통신(주),1101116557114,
20200622,1341110213433,롯데컬처웍스(주),1101116768969,
20200622,1341110213433,롯데위탁관리부동산투자회사(주),1101117061081,
20200622,1341110213433,(주)백학음료,1349110029305,
20200622,1341110213433,(주)충북소주,1501110082218,
20200622,1341110213433,산청음료(주),1948110004183,
20200622,1341110213433,롯데베르살리스엘라스토머스(주),2062110050365,
20200622,1341110213433,데크항공(주),2101110061897,
20200622,1341110411706,(주)엘에스,1101110003965,
20200622,1341110411706,(주)E1,1101110381387,
20200622,1341110411706,엘에스일렉트릭(주),1101110520076,
20200622,1341110411706,엘에스글로벌인코퍼레이티드(주),1101113359985,
20200622,1341110411706,(주)베스트토요타,1101115129881,
20200622,1341110411706,(주)예스코,1101116708494,
20200622,1341110411706,(주)지앤피,1301110008797,
20200622,1341110411706,가온전선(주),1341110000567,
20200622,1341110411706,엘에스엠트론(주),1341110168349,
20200622,1341110411706,엘에스전선(주),1341110168357,
20200622,1341110411706,엘에스에이홀딩스(주),1341110474316,
20200622,1341110411706,엘에스오토모티브테크놀로지스(주),1341110474647,
20200622,1341110411706,엘에스이브이코리아(주),1341110480602,
20200622,1341110411706,(주)토리컴,1350110054119,
20200622,1341110411706,(주)지알엠,1546110008012,
20200622,1341110411706,엘에스메카피온(주),1701110178807,
20200622,1341110411706,(주)엘에스네트웍스,1801110044717,
20200622,1341110411706,캐스코(주),2101110047938,
20200622,1341110411706,엘에스니꼬동제련(주),2301110058436,
20200622,1341110411706,한성피씨건설(주),2850110157251,
20200622,1341110417324,(주)쏠리드,1101111603764,
20200622,1341110474316,(주)엘에스,1101110003965,
20200622,1341110474316,(주)E1,1101110381387,
20200622,1341110474316,엘에스일렉트릭(주),1101110520076,
20200622,1341110474316,엘에스글로벌인코퍼레이티드(주),1101113359985,
20200622,1341110474316,(주)베스트토요타,1101115129881,
20200622,1341110474316,(주)예스코,1101116708494,
20200622,1341110474316,(주)지앤피,1301110008797,
20200622,1341110474316,가온전선(주),1341110000567,
20200622,1341110474316,엘에스엠트론(주),1341110168349,
20200622,1341110474316,엘에스전선(주),1341110168357,
20200622,1341110474316,엘에스전선아시아(주),1341110411706,
20200622,1341110474316,엘에스오토모티브테크놀로지스(주),1341110474647,
20200622,1341110474316,엘에스이브이코리아(주),1341110480602,
20200622,1341110474316,(주)토리컴,1350110054119,
20200622,1341110474316,(주)지알엠,1546110008012,
20200622,1341110474316,엘에스메카피온(주),1701110178807,
20200622,1341110474316,(주)엘에스네트웍스,1801110044717,
20200622,1341110474316,캐스코(주),2101110047938,
20200622,1341110474316,엘에스니꼬동제련(주),2301110058436,
20200622,1341110474316,한성피씨건설(주),2850110157251,
20200622,1341110474647,(주)엘에스,1101110003965,
20200622,1341110474647,(주)E1,1101110381387,
20200622,1341110474647,엘에스일렉트릭(주),1101110520076,
20200622,1341110474647,엘에스글로벌인코퍼레이티드(주),1101113359985,
20200622,1341110474647,(주)베스트토요타,1101115129881,
20200622,1341110474647,(주)예스코,1101116708494,
20200622,1341110474647,(주)지앤피,1301110008797,
20200622,1341110474647,가온전선(주),1341110000567,
20200622,1341110474647,엘에스엠트론(주),1341110168349,
20200622,1341110474647,엘에스전선(주),1341110168357,
20200622,1341110474647,엘에스전선아시아(주),1341110411706,
20200622,1341110474647,엘에스에이홀딩스(주),1341110474316,
20200622,1341110474647,엘에스이브이코리아(주),1341110480602,
20200622,1341110474647,(주)토리컴,1350110054119,
20200622,1341110474647,(주)지알엠,1546110008012,
20200622,1341110474647,엘에스메카피온(주),1701110178807,
20200622,1341110474647,(주)엘에스네트웍스,1801110044717,
20200622,1341110474647,캐스코(주),2101110047938,
20200622,1341110474647,엘에스니꼬동제련(주),2301110058436,
20200622,1341110474647,한성피씨건설(주),2850110157251,
20200622,1341110480602,(주)엘에스,1101110003965,
20200622,1341110480602,(주)E1,1101110381387,
20200622,1341110480602,엘에스일렉트릭(주),1101110520076,
20200622,1341110480602,엘에스글로벌인코퍼레이티드(주),1101113359985,
20200622,1341110480602,(주)베스트토요타,1101115129881,
20200622,1341110480602,(주)예스코,1101116708494,
20200622,1341110480602,(주)지앤피,1301110008797,
20200622,1341110480602,가온전선(주),1341110000567,
20200622,1341110480602,엘에스엠트론(주),1341110168349,
20200622,1341110480602,엘에스전선(주),1341110168357,
20200622,1341110480602,엘에스전선아시아(주),1341110411706,
20200622,1341110480602,엘에스에이홀딩스(주),1341110474316,
20200622,1341110480602,엘에스오토모티브테크놀로지스(주),1341110474647,
20200622,1341110480602,(주)토리컴,1350110054119,
20200622,1341110480602,(주)지알엠,1546110008012,
20200622,1341110480602,엘에스메카피온(주),1701110178807,
20200622,1341110480602,(주)엘에스네트웍스,1801110044717,
20200622,1341110480602,캐스코(주),2101110047938,
20200622,1341110480602,엘에스니꼬동제련(주),2301110058436,
20200622,1341110480602,한성피씨건설(주),2850110157251,
20200622,1341110486452,이엠씨홀딩스(주),1101116075603,
20200622,1341110486452,경인환경에너지(주),1348110279340,
20200622,1342110000490,(주)대원여객,1101110125719,
20200622,1342110000490,대원교통(주),1101110159130,
20200622,1342110000490,(주)평안운수,1115110005764,
20200622,1342110000490,(주)대원운수,1152110029792,
20200622,1342110000490,(주)경기버스,1154110000027,
20200622,1342110000490,(주)대원버스,1342110057342,
20200622,1342110000490,(주)경기고속,1344110000016,
20200622,1342110001894,신성통상(주),1101110003345,
20200622,1342110001894,(주)에이션패션,1101110497465,
20200622,1342110057342,(주)대원여객,1101110125719,
20200622,1342110057342,대원교통(주),1101110159130,
20200622,1342110057342,(주)평안운수,1115110005764,
20200622,1342110057342,(주)대원운수,1152110029792,
20200622,1342110057342,(주)경기버스,1154110000027,
20200622,1342110057342,(주)대원고속,1342110000490,
20200622,1342110057342,(주)경기고속,1344110000016,
20200622,1344110000016,(주)대원여객,1101110125719,
20200622,1344110000016,대원교통(주),1101110159130,
20200622,1344110000016,(주)평안운수,1115110005764,
20200622,1344110000016,(주)대원운수,1152110029792,
20200622,1344110000016,(주)경기버스,1154110000027,
20200622,1344110000016,(주)대원고속,1342110000490,
20200622,1344110000016,(주)대원버스,1342110057342,
20200622,1344110001387,에스케이건설(주),1101110038805,
20200622,1344110001387,SK가스(주),1101110413247,
20200622,1344110001387,에스케이렌터카(주),1101110577233,
20200622,1344110001387,에스케이(주),1101110769583,
20200622,1344110001387,에스케이바이오랜드(주),1101111192981,
20200622,1344110001387,에스케이브로드밴드(주),1101111466659,
20200622,1344110001387,에스케이텔링크(주),1101111533599,
20200622,1344110001387,에스케이엠앤서비스(주),1101111873432,
20200622,1344110001387,에스케이디앤디(주),1101113001685,
20200622,1344110001387,울산아로마틱스(주),1101114499954,
20200622,1344110001387,에스케이에너지(주),1101114505967,
20200622,1344110001387,에스케이종합화학(주),1101114505975,
20200622,1344110001387,에스케이바이오팜(주),1101114570720,
20200622,1344110001387,나래에너지서비스(주),1101114926006,
20200622,1344110001387,에스케이매직(주),1101115125962,
20200622,1344110001387,라이프앤시큐리티홀딩스(주),1101115371408,
20200622,1344110001387,에스케이넥실리스,1101116480232,
20200622,1344110001387,SK인천석유화학(주),1201110666464,
20200622,1344110001387,SKC(주),1301110001585,
20200622,1344110001387,SK네트웍스(주),1301110005199,
20200622,1344110001387,에스케이케미칼(주),1311110501021,
20200622,1344110001387,에스케이씨솔믹스(주),1347110014631,
20200622,1344110001387,유빈스(주),1351110077367,
20200622,1344110001387,SK네트웍스서비스(주),1358110141788,
20200622,1344110001387,강원도시가스(주),1401110002010,
20200622,1344110001387,충청에너지서비스(주),1501110006200,
20200622,1344110001387,에스케이바이오텍(주),1601110395453,
20200622,1344110001387,보령엘엔지터미널(주),1645110021527,
20200622,1344110001387,울산지피에스(주),1650110035072,
20200622,1344110001387,당진에코파워,1650110069097,
20200622,1344110001387,에스케이실트론(주),1753110001348,
20200622,1344110001387,에스케이쇼와덴코(주),1756110018553,
20200622,1344110001387,에스케이머티리얼즈(주),1901110006971,
20200622,1344110001387,에스케이에어가스(주),2301110134111,
20200622,1344110001387,미쓰이케미칼앤드에스케이씨폴리우레탄(주),2301110233880,
20200622,1344110013093,팬오션(주),1101110004286,
20200622,1344110013093,(주)엔에스쇼핑,1101112262527,
20200622,1344110013093,농업회사법인(주)순우리한우,1101112322058,
20200622,1344110013093,(주)참트레이딩,1101114292481,
20200622,1344110013093,(주)에코캐피탈,1101114338326,
20200622,1344110013093,한강씨엠(주),1115110019393,
20200622,1344110013093,(주)올품,1311110037852,
20200622,1344110013093,(주)팜스코,1311110042950,
20200622,1344110013093,(주)하림산업,1311110303477,
20200622,1344110013093,(주)선진에프에스,1344110028539,
20200622,1344110013093,(주)선진,1344110046664,
20200622,1344110013093,(주)농업회사법인팜스코바이오인티,1344110058817,
20200622,1344110013093,(주)선진햄,1345110029056,
20200622,1344110013093,(주)하림지주,1601110003931,
20200622,1344110013093,(주)농업회사법인주원산오리,1601110135453,
20200622,1344110013093,제일사료(주),1601110291544,
20200622,1344110013093,(주)하림,2149110034430,
20200622,1344110013093,(주)애그리로보텍,2850110161202,
20200622,1344110015627,AK홀딩스(주),1101110029721,
20200622,1344110015627,애경화학(주),1101110293011,
20200622,1344110015627,애경산업(주),1101110398275,
20200622,1344110015627,애경유화(주),1101114951243,
20200622,1344110015627,수원애경역사(주),1301110034487,
20200622,1344110015627,에이케이에스앤디(주),1313110029384,
20200622,1344110015627,(주)에이텍,1601110004492,
20200622,1344110015627,에이케이켐텍(주),1601110004541,
20200622,1344110015627,에이케이앤엠엔바이오팜(주),1601110236186,
20200622,1344110015627,(주)제주항공,2201110050575,
20200622,1344110027565,국보,1101110296073,
20200622,1344110027565,흥아해운(주),1101110515275,
20200622,1344110027565,(주)흥아로지스틱스,1101113631557,
20200622,1344110027565,피케이밸브(주),1942110000076,
20200622,1344110028539,팬오션(주),1101110004286,
20200622,1344110028539,(주)엔에스쇼핑,1101112262527,
20200622,1344110028539,농업회사법인(주)순우리한우,1101112322058,
20200622,1344110028539,(주)참트레이딩,1101114292481,
20200622,1344110028539,(주)에코캐피탈,1101114338326,
20200622,1344110028539,한강씨엠(주),1115110019393,
20200622,1344110028539,(주)올품,1311110037852,
20200622,1344110028539,(주)팜스코,1311110042950,
20200622,1344110028539,(주)하림산업,1311110303477,
20200622,1344110028539,(주)선진한마을,1344110013093,
20200622,1344110028539,(주)선진,1344110046664,
20200622,1344110028539,(주)농업회사법인팜스코바이오인티,1344110058817,
20200622,1344110028539,(주)선진햄,1345110029056,
20200622,1344110028539,(주)하림지주,1601110003931,
20200622,1344110028539,(주)농업회사법인주원산오리,1601110135453,
20200622,1344110028539,제일사료(주),1601110291544,
20200622,1344110028539,(주)하림,2149110034430,
20200622,1344110028539,(주)애그리로보텍,2850110161202,
20200622,1344110044981,에이피에스홀딩스(주),1101111315286,
20200622,1344110044981,에이피에스에이엠디(주),1348110382440,
20200622,1344110044981,에이피시스템(주),1348110400341,
20200622,1344110044981,코닉오토메이션(주),1601110164064,
20200622,1344110044981,(주)디이엔티,1615110044697,
20200622,1344110044981,(주)제니스월드,1615110058200,
20200622,1344110046664,팬오션(주),1101110004286,
20200622,1344110046664,(주)엔에스쇼핑,1101112262527,
20200622,1344110046664,농업회사법인(주)순우리한우,1101112322058,
20200622,1344110046664,(주)참트레이딩,1101114292481,
20200622,1344110046664,(주)에코캐피탈,1101114338326,
20200622,1344110046664,한강씨엠(주),1115110019393,
20200622,1344110046664,(주)올품,1311110037852,
20200622,1344110046664,(주)팜스코,1311110042950,
20200622,1344110046664,(주)하림산업,1311110303477,
20200622,1344110046664,(주)선진한마을,1344110013093,
20200622,1344110046664,(주)선진에프에스,1344110028539,
20200622,1344110046664,(주)농업회사법인팜스코바이오인티,1344110058817,
20200622,1344110046664,(주)선진햄,1345110029056,
20200622,1344110046664,(주)하림지주,1601110003931,
20200622,1344110046664,(주)농업회사법인주원산오리,1601110135453,
20200622,1344110046664,제일사료(주),1601110291544,
20200622,1344110046664,(주)하림,2149110034430,
20200622,1344110046664,(주)애그리로보텍,2850110161202,
20200622,1344110058817,팬오션(주),1101110004286,
20200622,1344110058817,(주)엔에스쇼핑,1101112262527,
20200622,1344110058817,농업회사법인(주)순우리한우,1101112322058,
20200622,1344110058817,(주)참트레이딩,1101114292481,
20200622,1344110058817,(주)에코캐피탈,1101114338326,
20200622,1344110058817,한강씨엠(주),1115110019393,
20200622,1344110058817,(주)올품,1311110037852,
20200622,1344110058817,(주)팜스코,1311110042950,
20200622,1344110058817,(주)하림산업,1311110303477,
20200622,1344110058817,(주)선진한마을,1344110013093,
20200622,1344110058817,(주)선진에프에스,1344110028539,
20200622,1344110058817,(주)선진,1344110046664,
20200622,1344110058817,(주)선진햄,1345110029056,
20200622,1344110058817,(주)하림지주,1601110003931,
20200622,1344110058817,(주)농업회사법인주원산오리,1601110135453,
20200622,1344110058817,제일사료(주),1601110291544,
20200622,1344110058817,(주)하림,2149110034430,
20200622,1344110058817,(주)애그리로보텍,2850110161202,
20200622,1344110059873,(주)티앤에프글로벌,1201110493552,
20200622,1344110059873,(주)방주,1351110038294,
20200622,1345110000014,(주)녹십자,1101110109854,
20200622,1345110000014,(주)녹십자셀,1101110889985,
20200622,1345110000014,(주)녹십자헬스케어,1101112833584,
20200622,1345110000014,(주)녹십자엠에스,1345110076627,
20200622,1345110000014,(주)녹십자웰빙,1345110083218,
20200622,1345110000014,(주)녹십자랩셀,1345110172532,
20200622,1345110000014,(주)녹십자지놈,1345110215100,
20200622,1345110000014,농업회사법인인백팜(주),2052110026721,
20200622,1345110000600,(주)리드코프,1101110219398,
20200622,1345110000600,(주)디케이씨,1746110009701,
20200622,1345110001567,일동제약(주),1101116139277,
20200622,1345110002979,(주)에스쁘아,1101115605013,
20200622,1345110002979,(주)코스비전,1345110121547,
20200622,1345110002979,(주)퍼시픽패키지,1501110136495,
20200622,1345110002979,(주)퍼시픽글라스,1644110006498,
20200622,1345110004149,(주)정다운,1101115542497,
20200622,1345110004149,(주)마니커에프앤지,1345110080529,
20200622,1345110004149,(주)팜스토리,1543110001715,
20200622,1345110004149,농업회사법인(주)지리산하이포지피,1545110032972,
20200622,1345110004149,(주)이지팜스,1615110137567,
20200622,1345110004149,농업회사법인(주)팜스월드지지피,2058110006002,
20200622,1345110004149,우리손에프앤지농업회사법인(주),2112110005321,
20200622,1345110004256,아세아제지(주),1101110006274,
20200622,1345110004256,아세아시멘트(주),1101115238096,
20200622,1345110004256,한라시멘트(주),1411110012331,
20200622,1345110004256,아세아산업개발(주),1612110001388,
20200622,1345110004256,경산제지(주),1748110003486,
20200622,1345110004256,(주)에이팩,1845110000684,
20200622,1345110029056,팬오션(주),1101110004286,
20200622,1345110029056,(주)엔에스쇼핑,1101112262527,
20200622,1345110029056,농업회사법인(주)순우리한우,1101112322058,
20200622,1345110029056,(주)참트레이딩,1101114292481,
20200622,1345110029056,(주)에코캐피탈,1101114338326,
20200622,1345110029056,한강씨엠(주),1115110019393,
20200622,1345110029056,(주)올품,1311110037852,
20200622,1345110029056,(주)팜스코,1311110042950,
20200622,1345110029056,(주)하림산업,1311110303477,
20200622,1345110029056,(주)선진한마을,1344110013093,
20200622,1345110029056,(주)선진에프에스,1344110028539,
20200622,1345110029056,(주)선진,1344110046664,
20200622,1345110029056,(주)농업회사법인팜스코바이오인티,1344110058817,
20200622,1345110029056,(주)하림지주,1601110003931,
20200622,1345110029056,(주)농업회사법인주원산오리,1601110135453,
20200622,1345110029056,제일사료(주),1601110291544,
20200622,1345110029056,(주)하림,2149110034430,
20200622,1345110029056,(주)애그리로보텍,2850110161202,
20200622,1345110055689,(주)코오롱,1101110030528,
20200622,1345110055689,코오롱글로벌(주),1101110036502,
20200622,1345110055689,코오롱제약(주),1101110256259,
20200622,1345110055689,코오롱글로텍(주),1101110524838,
20200622,1345110055689,(주)코오롱인베스트먼트,1101111902786,
20200622,1345110055689,코오롱생명과학(주),1101111948277,
20200622,1345110055689,코오롱이엔지니어링(주),1311110057610,
20200622,1345110055689,코오롱베니트(주),1353110003920,
20200622,1345110055689,코오롱환경에너지(주),1353110005893,
20200622,1345110055689,코오롱머티리얼(주),1353110011139,
20200622,1345110055689,코오롱인더스트리(주),1353110013606,
20200622,1345110055689,그린나래(주),1615110078133,
20200622,1345110055689,코오롱플라스틱(주),1713110003504,
20200622,1345110055689,코오롱바스프이노폼(주),1713110030747,
20200622,1345110076627,(주)녹십자,1101110109854,
20200622,1345110076627,(주)녹십자셀,1101110889985,
20200622,1345110076627,(주)녹십자헬스케어,1101112833584,
20200622,1345110076627,(주)녹십자홀딩스,1345110000014,
20200622,1345110076627,(주)녹십자웰빙,1345110083218,
20200622,1345110076627,(주)녹십자랩셀,1345110172532,
20200622,1345110076627,(주)녹십자지놈,1345110215100,
20200622,1345110076627,농업회사법인인백팜(주),2052110026721,
20200622,1345110080529,(주)정다운,1101115542497,
20200622,1345110080529,(주)마니커,1345110004149,
20200622,1345110080529,(주)팜스토리,1543110001715,
20200622,1345110080529,농업회사법인(주)지리산하이포지피,1545110032972,
20200622,1345110080529,(주)이지팜스,1615110137567,
20200622,1345110080529,농업회사법인(주)팜스월드지지피,2058110006002,
20200622,1345110080529,우리손에프앤지농업회사법인(주),2112110005321,
20200622,1345110083218,(주)녹십자,1101110109854,
20200622,1345110083218,(주)녹십자셀,1101110889985,
20200622,1345110083218,(주)녹십자헬스케어,1101112833584,
20200622,1345110083218,(주)녹십자홀딩스,1345110000014,
20200622,1345110083218,(주)녹십자엠에스,1345110076627,
20200622,1345110083218,(주)녹십자랩셀,1345110172532,
20200622,1345110083218,(주)녹십자지놈,1345110215100,
20200622,1345110083218,농업회사법인인백팜(주),2052110026721,
20200622,1345110103008,농업회사법인세양(주),1312110022695,
20200622,1345110103008,농업회사법인조인(주),1313110044556,
20200622,1345110103008,(주)농업회사법인에버그린,1345110142329,
20200622,1345110103008,(주)농업회사법인알로팜,1346110051768,
20200622,1345110103008,(주)농업회사법인옥토앤자인,1615110130206,
20200622,1345110115475,에이제이오토파킹시스템즈(주),1101110870950,
20200622,1345110115475,에이제이네트웍스(주),1101111874654,
20200622,1345110115475,에이제이전시몰(주),1101113715476,
20200622,1345110115475,에이제이토탈(주),1101113851965,
20200622,1345110115475,에이제이파크(주),2850110135512,
20200622,1345110121547,(주)에스쁘아,1101115605013,
20200622,1345110121547,(주)에뛰드,1345110002979,
20200622,1345110121547,(주)퍼시픽패키지,1501110136495,
20200622,1345110121547,(주)퍼시픽글라스,1644110006498,
20200622,1345110132825,(주)한라,1101110274699,
20200622,1345110132825,(주)한라홀딩스,1313110030042,
20200622,1345110132825,(주)만도차이나홀딩스,1313110119630,
20200622,1345110132825,(주)만도,1313110140776,
20200622,1345110132825,(주)한라세라지오,1349110005074,
20200622,1345110142329,농업회사법인세양(주),1312110022695,
20200622,1345110142329,농업회사법인조인(주),1313110044556,
20200622,1345110142329,농업회사법인조하(주),1345110103008,
20200622,1345110142329,(주)농업회사법인알로팜,1346110051768,
20200622,1345110142329,(주)농업회사법인옥토앤자인,1615110130206,
20200622,1345110144268,(주)휴맥스홀딩스,1101110604200,
20200622,1345110144268,위너콤(주),1846110038477,
20200622,1345110166296,케이지동부제철(주),1101110393308,
20200622,1345110166296,(주)케이지제로인,1101111269540,
20200622,1345110166296,(주)케이지이니시스,1101111602667,
20200622,1345110166296,케이지이티에스(주),1101111799183,
20200622,1345110166296,이데일리(주),1101111853608,
20200622,1345110166296,(주)케이지모빌리언스,1101111911050,
20200622,1345110166296,(주)케이지에듀원,1101111959183,
20200622,1345110166296,케이지케미칼(주),1243110008999,
20200622,1345110166296,(주)케이지에너켐,1943110030550,
20200622,1345110172532,(주)녹십자,1101110109854,
20200622,1345110172532,(주)녹십자셀,1101110889985,
20200622,1345110172532,(주)녹십자헬스케어,1101112833584,
20200622,1345110172532,(주)녹십자홀딩스,1345110000014,
20200622,1345110172532,(주)녹십자엠에스,1345110076627,
20200622,1345110172532,(주)녹십자웰빙,1345110083218,
20200622,1345110172532,(주)녹십자지놈,1345110215100,
20200622,1345110172532,농업회사법인인백팜(주),2052110026721,
20200622,1345110187812,삼성생명보험(주),1101110005953,
20200622,1345110187812,삼성물산(주),1101110015762,
20200622,1345110187812,(주)호텔신라,1101110145519,
20200622,1345110187812,삼성중공업(주),1101110168595,
20200622,1345110187812,삼성카드(주),1101110346901,
20200622,1345110187812,에이치디씨신라면세점(주),1101115722916,
20200622,1345110187812,삼성바이오로직스(주),1201110566317,
20200622,1345110187812,삼성바이오에피스(주),1201110601501,
20200622,1345110187812,삼성전자(주),1301110006246,
20200622,1345110187812,세메스(주),1615110011795,
20200622,1345110215100,(주)녹십자,1101110109854,
20200622,1345110215100,(주)녹십자셀,1101110889985,
20200622,1345110215100,(주)녹십자헬스케어,1101112833584,
20200622,1345110215100,(주)녹십자홀딩스,1345110000014,
20200622,1345110215100,(주)녹십자엠에스,1345110076627,
20200622,1345110215100,(주)녹십자웰빙,1345110083218,
20200622,1345110215100,(주)녹십자랩셀,1345110172532,
20200622,1345110215100,농업회사법인인백팜(주),2052110026721,
20200622,1346110000260,하이드로텍(주),1701110256786,
20200622,1346110000260,대동금속(주),1741110002630,
20200622,1346110000260,대동공업(주),1911110000104,
20200622,1346110000260,대동기어(주),1911110000758,
20200622,1346110018221,(주)알톤스포츠,1101114313807,
20200622,1346110018221,(주)이녹스첨단소재,1648110105010,
20200622,1346110051768,농업회사법인세양(주),1312110022695,
20200622,1346110051768,농업회사법인조인(주),1313110044556,
20200622,1346110051768,농업회사법인조하(주),1345110103008,
20200622,1346110051768,(주)농업회사법인에버그린,1345110142329,
20200622,1346110051768,(주)농업회사법인옥토앤자인,1615110130206,
20200622,1346110091475,(주)신세계조선호텔,1101110003999,
20200622,1346110091475,(주)신세계,1101110028848,
20200622,1346110091475,(주)이마트에브리데이,1101110167498,
20200622,1346110091475,(주)신세계인터내셔날,1101110282402,
20200622,1346110091475,(주)신세계푸드,1101110305288,
20200622,1346110091475,(주)까사미아,1101110873102,
20200622,1346110091475,(주)신세계사이먼,1101113239228,
20200622,1346110091475,(주)이마트,1101114594952,
20200622,1346110091475,(주)신세계프라퍼티,1101115284198,
20200622,1346110091475,(주)인천신세계,1101115615038,
20200622,1346110091475,(주)신세계디에프,1101115698315,
20200622,1346110091475,(주)스타필드하남,1357110074452,
20200622,1346110091475,(주)신세계동대구복합환승센터,1701110459570,
20200622,1347110001159,(주)경동원,1712110000908,
20200622,1347110001159,(주)경동에버런,1812110008603,
20200622,1347110003212,대선제분(주),1101110014011,
20200622,1347110003212,(주)조흥,1101110019334,
20200622,1347110003212,오뚜기냉동식품(주),1156110002780,
20200622,1347110003212,(주)오뚜기,1341110002258,
20200622,1347110003212,오뚜기제유(주),1545110085187,
20200622,1347110003212,상미식품(주),1615110217509,
20200622,1347110014631,에스케이건설(주),1101110038805,
20200622,1347110014631,SK가스(주),1101110413247,
20200622,1347110014631,에스케이렌터카(주),1101110577233,
20200622,1347110014631,에스케이(주),1101110769583,
20200622,1347110014631,에스케이바이오랜드(주),1101111192981,
20200622,1347110014631,에스케이브로드밴드(주),1101111466659,
20200622,1347110014631,에스케이텔링크(주),1101111533599,
20200622,1347110014631,에스케이엠앤서비스(주),1101111873432,
20200622,1347110014631,에스케이디앤디(주),1101113001685,
20200622,1347110014631,울산아로마틱스(주),1101114499954,
20200622,1347110014631,에스케이에너지(주),1101114505967,
20200622,1347110014631,에스케이종합화학(주),1101114505975,
20200622,1347110014631,에스케이바이오팜(주),1101114570720,
20200622,1347110014631,나래에너지서비스(주),1101114926006,
20200622,1347110014631,에스케이매직(주),1101115125962,
20200622,1347110014631,라이프앤시큐리티홀딩스(주),1101115371408,
20200622,1347110014631,에스케이넥실리스,1101116480232,
20200622,1347110014631,SK인천석유화학(주),1201110666464,
20200622,1347110014631,SKC(주),1301110001585,
20200622,1347110014631,SK네트웍스(주),1301110005199,
20200622,1347110014631,에스케이케미칼(주),1311110501021,
20200622,1347110014631,(주)에스케이하이닉스,1344110001387,
20200622,1347110014631,유빈스(주),1351110077367,
20200622,1347110014631,SK네트웍스서비스(주),1358110141788,
20200622,1347110014631,강원도시가스(주),1401110002010,
20200622,1347110014631,충청에너지서비스(주),1501110006200,
20200622,1347110014631,에스케이바이오텍(주),1601110395453,
20200622,1347110014631,보령엘엔지터미널(주),1645110021527,
20200622,1347110014631,울산지피에스(주),1650110035072,
20200622,1347110014631,당진에코파워,1650110069097,
20200622,1347110014631,에스케이실트론(주),1753110001348,
20200622,1347110014631,에스케이쇼와덴코(주),1756110018553,
20200622,1347110014631,에스케이머티리얼즈(주),1901110006971,
20200622,1347110014631,에스케이에어가스(주),2301110134111,
20200622,1347110014631,미쓰이케미칼앤드에스케이씨폴리우레탄(주),2301110233880,
20200622,1348110000604,(주)삼보판지,1243110011322,
20200622,1348110000604,(주)대림제지,1348110003020,
20200622,1348110000604,(주)한청판지,1501110003610,
20200622,1348110001545,(주)삼익악기,1201110001818,
20200622,1348110001545,삼송캐스터,1201110010330,
20200622,1348110001545,수완에너지(주),2001110235189,
20200622,1348110003020,(주)삼보판지,1243110011322,
20200622,1348110003020,(주)고려제지,1348110000604,
20200622,1348110003020,(주)한청판지,1501110003610,
20200622,1348110003187,한미헬스케어(주),1101112098295,
20200622,1348110003187,한미정밀화학(주),1311110005106,
20200622,1348110003187,한미약품(주),1348110197550,
20200622,1348110003418,(주)서진오토모티브,1101114264828,
20200622,1348110003418,서진산업(주),1341110000806,
20200622,1348110003418,아이아(주),1350110029352,
20200622,1348110003418,(주)연합,1351110038757,
20200622,1348110003418,(주)서진캠,1351110050173,
20200622,1348110003418,에코플라스틱(주),1712110001253,
20200622,1348110003418,(주)영풍기계,1801110071661,
20200622,1348110004490,(주)동희,1301110027614,
20200622,1348110004490,알테크노메탈(주),1355110127487,
20200622,1348110004490,(주)동희산기,1355110153193,
20200622,1348110011677,진흥기업(주),1101110006349,
20200622,1348110011677,(주)효성,1101110030497,
20200622,1348110011677,효성티앤에스(주),1101110511546,
20200622,1348110011677,효성굿스프링스(주),1101110653653,
20200622,1348110011677,효성아이티엑스(주),1101111412256,
20200622,1348110011677,효성캐피탈(주),1101111419286,
20200622,1348110011677,더클래스효성(주),1101112875479,
20200622,1348110011677,(주)에프엠케이,1101113690032,
20200622,1348110011677,갤럭시아코퍼레이션(주),1101114762963,
20200622,1348110011677,효성티앤씨(주),1101116770138,
20200622,1348110011677,효성중공업(주),1101116770154,
20200622,1348110011677,효성첨단소재(주),1101116770170,
20200622,1348110011677,효성화학(주),1101116770188,
20200622,1348110011677,신성자동차(주),2001110114797,
20200622,1348110023854,일광이앤씨(주),1101110003353,
20200622,1348110023854,(주)후성,1314110189425,
20200622,1348110023854,유콘시스템(주),1601110119598,
20200622,1348110023854,후성에이치디에스(주),1812110003091,
20200622,1348110023854,한국내화(주),1846110000319,
20200622,1348110023854,(주)한텍,2301110052355,
20200622,1348110034702,(주)풀무원,1101110375439,
20200622,1348110034702,(주)풀무원푸드앤컬처,1101111174591,
20200622,1348110034702,(주)푸드머스,1101111929417,
20200622,1348110034702,(주)피피이씨춘천,1401110023884,
20200622,1348110034702,(주)풀무원녹즙,1544110016762,
20200622,1348110034702,(주)피피이씨음성생면,1545110025175,
20200622,1348110034702,(주)피피이씨음성나물,1545110025183,
20200622,1348110034702,풀무원식품(주),1545110039324,
20200622,1348110034942,나이스평가정보(주),1101110393283,
20200622,1348110034942,(주)나이스홀딩스,1101110505614,
20200622,1348110034942,케이아이에스정보통신(주),1101110898241,
20200622,1348110034942,한국전자금융(주),1101111848980,
20200622,1348110034942,나이스씨엠에스(주),1101113956252,
20200622,1348110034942,나이스페이먼츠(주),1101116137809,
20200622,1348110034942,서울전자통신(주),1243110009781,
20200622,1348110034942,(주)아이티엠반도체,1311110046639,
20200622,1348110034942,에스투비네트워크(주),1701110270108,
20200622,1348110046624,대보실업(주),1101110645824,
20200622,1348110046624,서원레저(주),1101110705032,
20200622,1348110046624,대보디앤에스(주),1101110856710,
20200622,1348110046624,보령물산(주),1542110004993,
20200622,1348110046624,대보건설(주),1645110002874,
20200622,1348110046624,(주)이도,2059110011744,
20200622,1348110056871,엘아이지넥스원(주),1101111516933,
20200622,1348110056871,(주)휴세코,1101111929954,
20200622,1348110070151,(주)엔케이,1801110054641,
20200622,1348110070151,(주)엔케이텍,1801110192300,
20200622,1348110070151,(주)이엔케이,1801110508838,
20200622,1348110075342,대웅바이오(주),1348110172221,
20200622,1348110094160,한양이엔지(주),1101110582547,
20200622,1348110105024,(주)모나리자,1101110220882,
20200622,1348110105024,엠에스에스펄프(주),1101115085819,
20200622,1348110105024,엠에스에스홀딩스(주),1311110333333,
20200622,1348110105024,(주)엠에스에스글로벌,1601110002420,
20200622,1348110159279,(주)일진유니스코,1101110356455,
20200622,1348110159279,일진디앤코(주),1101113929077,
20200622,1348110159279,일진홀딩스(주),1201110011990,
20200622,1348110159279,일진제강(주),1341110008412,
20200622,1348110159279,일진디스플레이(주),1545110006076,
20200622,1348110159279,알피니언메디칼시스템(주),1701110331190,
20200622,1348110172221,(주)대웅제약,1348110075342,
20200622,1348110197550,한미헬스케어(주),1101112098295,
20200622,1348110197550,한미정밀화학(주),1311110005106,
20200622,1348110197550,한미사이언스(주),1348110003187,
20200622,1348110229816,한국수력원자력(주),1101112207127,
20200622,1348110229816,한국남부발전(주),1101112207135,
20200622,1348110229816,한국서부발전(주),1101112207177,
20200622,1348110229816,한국전력공사,1146710001456,
20200622,1348110229816,한전원자력연료(주),1601110006068,
20200622,1348110252403,핸즈코퍼레이션(주),1201110000323,
20200622,1348110266959,(주)유라코퍼레이션,1501110016506,
20200622,1348110266959,(주)세원전자,1701110161828,
20200622,1348110279340,이엠씨홀딩스(주),1101116075603,
20200622,1348110279340,환경시설관리 주식회사,1341110486452,
20200622,1348110283705,(주)삼표,1101110073314,
20200622,1348110283705,(주)삼표시멘트,1101110738637,
20200622,1348110283705,삼표피앤씨(주),1101111060930,
20200622,1348110283705,(주)삼표산업,1101115237452,
20200622,1348110283705,삼표레일웨이(주),1101115262110,
20200622,1348110283705,삼표자원개발(주),1446110010001,
20200622,1348110283705,삼표해운(주),1801111047299,
20200622,1348110283705,(주)엔알씨,2843110011486,
20200622,1348110294273,코스맥스엔비티(주),1101112407470,
20200622,1348110382440,에이피에스홀딩스(주),1101111315286,
20200622,1348110382440,(주)넥스틴,1344110044981,
20200622,1348110382440,에이피시스템(주),1348110400341,
20200622,1348110382440,코닉오토메이션(주),1601110164064,
20200622,1348110382440,(주)디이엔티,1615110044697,
20200622,1348110382440,(주)제니스월드,1615110058200,
20200622,1348110400341,에이피에스홀딩스(주),1101111315286,
20200622,1348110400341,(주)넥스틴,1344110044981,
20200622,1348110400341,에이피에스에이엠디(주),1348110382440,
20200622,1348110400341,코닉오토메이션(주),1601110164064,
20200622,1348110400341,(주)디이엔티,1615110044697,
20200622,1348110400341,(주)제니스월드,1615110058200,
20200622,1348140000228,오텍캐리어(주),1101110413578,
20200622,1349110004125,(주)호원,2001110037618,
20200622,1349110004125,(주)호원테크,2001110187843,
20200622,1349110005074,(주)한라,1101110274699,
20200622,1349110005074,(주)한라홀딩스,1313110030042,
20200622,1349110005074,(주)만도차이나홀딩스,1313110119630,
20200622,1349110005074,(주)만도,1313110140776,
20200622,1349110005074,만도헬라일렉트로닉스(주),1345110132825,
20200622,1349110029305,롯데쇼핑(주),1101110000086,
20200622,1349110029305,롯데건설(주),1101110014764,
20200622,1349110029305,(주)롯데푸드,1101110033722,
20200622,1349110029305,롯데지주(주),1101110076300,
20200622,1349110029305,호텔롯데(주),1101110145410,
20200622,1349110029305,롯데상사(주),1101110159099,
20200622,1349110029305,롯데케미칼(주),1101110193196,
20200622,1349110029305,롯데하이마트(주),1101110532633,
20200622,1349110029305,롯데캐피탈(주),1101111217416,
20200622,1349110029305,롯데렌탈(주),1101113326588,
20200622,1349110029305,서울복합물류프로젝트금융투자(주),1101114660232,
20200622,1349110029305,롯데정보통신(주),1101116557114,
20200622,1349110029305,롯데컬처웍스(주),1101116768969,
20200622,1349110029305,롯데위탁관리부동산투자회사(주),1101117061081,
20200622,1349110029305,롯데오토리스(주),1341110213433,
20200622,1349110029305,(주)충북소주,1501110082218,
20200622,1349110029305,산청음료(주),1948110004183,
20200622,1349110029305,롯데베르살리스엘라스토머스(주),2062110050365,
20200622,1349110029305,데크항공(주),2101110061897,
20200622,1350110029352,(주)서진오토모티브,1101114264828,
20200622,1350110029352,서진산업(주),1341110000806,
20200622,1350110029352,(주)코모스,1348110003418,
20200622,1350110029352,(주)연합,1351110038757,
20200622,1350110029352,(주)서진캠,1351110050173,
20200622,1350110029352,에코플라스틱(주),1712110001253,
20200622,1350110029352,(주)영풍기계,1801110071661,
20200622,1350110029881,(주)태우,1201110044595,
20200622,1350110029881,(주)에쎈테크,1201110087834,
20200622,1350110029881,(주)대창,1301110007137,
20200622,1350110029881,(주)아이엔스틸인더스트리,1350110039898,
20200622,1350110031406,(주)노루홀딩스,1341110002878,
20200622,1350110031406,(주)노루비케미칼,1341110031083,
20200622,1350110031406,(주)디어스엠,1341110135554,
20200622,1350110031406,(주)노루페인트,1341110142575,
20200622,1350110031406,(주)노루코일코팅,1717110039501,
20200622,1350110031951,인지컨트롤스(주),1301110006296,
20200622,1350110031951,(주)싸이맥스,1311110153525,
20200622,1350110031951,(주)넥스시스템즈,1314110397432,
20200622,1350110031951,(주)유텍솔루션,1350110032032,
20200622,1350110031951,(주)인지디스플레이,1350110036315,
20200622,1350110031951,인지에이원(주),1350110058541,
20200622,1350110032032,인지컨트롤스(주),1301110006296,
20200622,1350110032032,(주)싸이맥스,1311110153525,
20200622,1350110032032,(주)넥스시스템즈,1314110397432,
20200622,1350110032032,(주)알루원,1350110031951,
20200622,1350110032032,(주)인지디스플레이,1350110036315,
20200622,1350110032032,인지에이원(주),1350110058541,
20200622,1350110032106,시그네틱스(주),1101110070815,
20200622,1350110032106,고려아연(주),1101110168404,
20200622,1350110032106,(주)코리아써키트,1301110026749,
20200622,1350110032106,켐코(주),1311110470424,
20200622,1350110033246,태양금속공업(주),1101110003212,
20200622,1350110034038,(주)셀트리온스킨큐어,1101111995723,
20200622,1350110034038,(주)셀트리온제약,1101112112764,
20200622,1350110034400,(주)신한은행,1101110012809,
20200622,1350110034400,신한카드(주),1101110412926,
20200622,1350110034400,신한금융지주회사(주),1101112322438,
20200622,1350110036315,인지컨트롤스(주),1301110006296,
20200622,1350110036315,(주)싸이맥스,1311110153525,
20200622,1350110036315,(주)넥스시스템즈,1314110397432,
20200622,1350110036315,(주)알루원,1350110031951,
20200622,1350110036315,(주)유텍솔루션,1350110032032,
20200622,1350110036315,인지에이원(주),1350110058541,
20200622,1350110038080,(주)광진상공,1301110006361,
20200622,1350110039898,(주)태우,1201110044595,
20200622,1350110039898,(주)에쎈테크,1201110087834,
20200622,1350110039898,(주)대창,1301110007137,
20200622,1350110039898,(주)서원,1350110029881,
20200622,1350110040291,한국제지(주),1101110002818,
20200622,1350110040291,해성산업(주),1101110028145,
20200622,1350110040291,계양전기(주),1101110212889,
20200622,1350110040291,해성디에스(주),1942110223694,
20200622,1350110040803,대풍공업(주),1350110125457,
20200622,1350110040803,대우공업(주),1650110001924,
20200622,1350110040803,풍일산업(주),2001110146378,
20200622,1350110047362,(주)삼천리,1101110005929,
20200622,1350110047362,(주)삼천리모터스,1501110047767,
20200622,1350110047883,현대알루미늄(주),1101112426264,
20200622,1350110047883,(주)알루텍,1542110007492,
20200622,1350110047883,(주)알루코,1601110002313,
20200622,1350110049540,(주)종근당바이오,1101112373308,
20200622,1350110049540,(주)종근당,1101115260669,
20200622,1350110049540,(주)경보제약,1648110001961,
20200622,1350110049607,(주)다원넥스트,1701110499980,
20200622,1350110054119,(주)엘에스,1101110003965,
20200622,1350110054119,(주)E1,1101110381387,
20200622,1350110054119,엘에스일렉트릭(주),1101110520076,
20200622,1350110054119,엘에스글로벌인코퍼레이티드(주),1101113359985,
20200622,1350110054119,(주)베스트토요타,1101115129881,
20200622,1350110054119,(주)예스코,1101116708494,
20200622,1350110054119,(주)지앤피,1301110008797,
20200622,1350110054119,가온전선(주),1341110000567,
20200622,1350110054119,엘에스엠트론(주),1341110168349,
20200622,1350110054119,엘에스전선(주),1341110168357,
20200622,1350110054119,엘에스전선아시아(주),1341110411706,
20200622,1350110054119,엘에스에이홀딩스(주),1341110474316,
20200622,1350110054119,엘에스오토모티브테크놀로지스(주),1341110474647,
20200622,1350110054119,엘에스이브이코리아(주),1341110480602,
20200622,1350110054119,(주)지알엠,1546110008012,
20200622,1350110054119,엘에스메카피온(주),1701110178807,
20200622,1350110054119,(주)엘에스네트웍스,1801110044717,
20200622,1350110054119,캐스코(주),2101110047938,
20200622,1350110054119,엘에스니꼬동제련(주),2301110058436,
20200622,1350110054119,한성피씨건설(주),2850110157251,
20200622,1350110054557,태림포장(주),1301110010015,
20200622,1350110054557,태림페이퍼(주),1301110026236,
20200622,1350110057395,제이더블유중외제약(주),1101110019342,
20200622,1350110057395,제이더블유신약(주),1615110001291,
20200622,1350110058541,인지컨트롤스(주),1301110006296,
20200622,1350110058541,(주)싸이맥스,1311110153525,
20200622,1350110058541,(주)넥스시스템즈,1314110397432,
20200622,1350110058541,(주)알루원,1350110031951,
20200622,1350110058541,(주)유텍솔루션,1350110032032,
20200622,1350110058541,(주)인지디스플레이,1350110036315,
20200622,1350110078792,(주)새한산업,1301110028919,
20200622,1350110078792,(주)진명정밀,1355110108809,
20200622,1350110084950,서한산업(주),1101111257305,
20200622,1350110084950,캄텍(주),1543110010930,
20200622,1350110084950,서한이앤피(주),1712110057701,
20200622,1350110084950,한국프랜지공업(주),1812110000443,
20200622,1350110087483,(주)디케이티,1201110615990,
20200622,1350110106150,한솔테크닉스(주),1101110004682,
20200622,1350110106150,한솔홀딩스(주),1101110017867,
20200622,1350110106150,한솔로지스틱스(주),1101110150659,
20200622,1350110106150,(주)한솔케미칼,1101110270895,
20200622,1350110106150,(주)한솔홈데코,1101110825624,
20200622,1350110106150,한솔인티큐브(주),1101112915605,
20200622,1350110106150,한솔제지(주),1101115604700,
20200622,1350110106150,(주)테이팩스,1201110095499,
20200622,1350110106150,한솔이엠이(주),1601110123185,
20200622,1350110106150,한솔페이퍼텍(주),2043110008603,
20200622,1350110121570,지에스건설(주),1101110002694,
20200622,1350110121570,(주)지에스글로벌,1101110031479,
20200622,1350110121570,삼양통상(주),1101110033433,
20200622,1350110121570,지에스칼텍스(주),1101110078819,
20200622,1350110121570,파르나스호텔(주),1101110411142,
20200622,1350110121570,지에스엠비즈(주),1101111007023,
20200622,1350110121570,지에스바이오(주),1101114303030,
20200622,1350110121570,인천종합에너지(주),1201110348096,
20200622,1350110121570,(주)피엘에스,1313110093131,
20200622,1350110121570,GS파워(주),1341110074744,
20200622,1350110121570,(주)지에스동해전력,1447110019225,
20200622,1350110121570,지에스이피에스(주),1650110004621,
20200622,1350110121570,(주)지에스풍력발전,1745110004266,
20200622,1350110121570,(주)지에스엔텍,1812110008699,
20200622,1350110121570,(주)지에스포천그린에너지,2844110079755,
20200622,1350110122156,서울반도체(주),1101110522436,
20200622,1350110125457,풍기산업(주),1350110040803,
20200622,1350110125457,대우공업(주),1650110001924,
20200622,1350110125457,풍일산업(주),2001110146378,
20200622,1351110038294,(주)티앤에프글로벌,1201110493552,
20200622,1351110038294,(주)티앤에프,1344110059873,
20200622,1351110038757,(주)서진오토모티브,1101114264828,
20200622,1351110038757,서진산업(주),1341110000806,
20200622,1351110038757,(주)코모스,1348110003418,
20200622,1351110038757,아이아(주),1350110029352,
20200622,1351110038757,(주)서진캠,1351110050173,
20200622,1351110038757,에코플라스틱(주),1712110001253,
20200622,1351110038757,(주)영풍기계,1801110071661,
20200622,1351110040869,(주)삼라,1101110002834,
20200622,1351110040869,대한해운(주),1101110008212,
20200622,1351110040869,경남기업(주),1101110008262,
20200622,1351110040869,삼환기업(주),1101110020307,
20200622,1351110040869,대한상선(주),1101110356140,
20200622,1351110040869,에스엠신용정보(주),1101111801277,
20200622,1351110040869,(주)티케이케미칼,1101113783457,
20200622,1351110040869,에스엠스틸(주),1243110028914,
20200622,1351110040869,에스엠하이플러스(주),1311110191187,
20200622,1351110040869,한덕철광산업(주),1449110003109,
20200622,1351110040869,(주)남선알미늄,1701110005042,
20200622,1351110040869,에스엠인더스트리(주),1846110007779,
20200622,1351110050173,(주)서진오토모티브,1101114264828,
20200622,1351110050173,서진산업(주),1341110000806,
20200622,1351110050173,(주)코모스,1348110003418,
20200622,1351110050173,아이아(주),1350110029352,
20200622,1351110050173,(주)연합,1351110038757,
20200622,1351110050173,에코플라스틱(주),1712110001253,
20200622,1351110050173,(주)영풍기계,1801110071661,
20200622,1351110077367,에스케이건설(주),1101110038805,
20200622,1351110077367,SK가스(주),1101110413247,
20200622,1351110077367,에스케이렌터카(주),1101110577233,
20200622,1351110077367,에스케이(주),1101110769583,
20200622,1351110077367,에스케이바이오랜드(주),1101111192981,
20200622,1351110077367,에스케이브로드밴드(주),1101111466659,
20200622,1351110077367,에스케이텔링크(주),1101111533599,
20200622,1351110077367,에스케이엠앤서비스(주),1101111873432,
20200622,1351110077367,에스케이디앤디(주),1101113001685,
20200622,1351110077367,울산아로마틱스(주),1101114499954,
20200622,1351110077367,에스케이에너지(주),1101114505967,
20200622,1351110077367,에스케이종합화학(주),1101114505975,
20200622,1351110077367,에스케이바이오팜(주),1101114570720,
20200622,1351110077367,나래에너지서비스(주),1101114926006,
20200622,1351110077367,에스케이매직(주),1101115125962,
20200622,1351110077367,라이프앤시큐리티홀딩스(주),1101115371408,
20200622,1351110077367,에스케이넥실리스,1101116480232,
20200622,1351110077367,SK인천석유화학(주),1201110666464,
20200622,1351110077367,SKC(주),1301110001585,
20200622,1351110077367,SK네트웍스(주),1301110005199,
20200622,1351110077367,에스케이케미칼(주),1311110501021,
20200622,1351110077367,(주)에스케이하이닉스,1344110001387,
20200622,1351110077367,에스케이씨솔믹스(주),1347110014631,
20200622,1351110077367,SK네트웍스서비스(주),1358110141788,
20200622,1351110077367,강원도시가스(주),1401110002010,
20200622,1351110077367,충청에너지서비스(주),1501110006200,
20200622,1351110077367,에스케이바이오텍(주),1601110395453,
20200622,1351110077367,보령엘엔지터미널(주),1645110021527,
20200622,1351110077367,울산지피에스(주),1650110035072,
20200622,1351110077367,당진에코파워,1650110069097,
20200622,1351110077367,에스케이실트론(주),1753110001348,
20200622,1351110077367,에스케이쇼와덴코(주),1756110018553,
20200622,1351110077367,에스케이머티리얼즈(주),1901110006971,
20200622,1351110077367,에스케이에어가스(주),2301110134111,
20200622,1351110077367,미쓰이케미칼앤드에스케이씨폴리우레탄(주),2301110233880,
20200622,1352110027542,현대건설(주),1101110007909,
20200622,1352110027542,기아자동차(주),1101110037998,
20200622,1352110027542,현대비앤지스틸(주),1101110065395,
20200622,1352110027542,현대자동차(주),1101110085450,
20200622,1352110027542,현대모비스(주),1101110215536,
20200622,1352110027542,현대카드(주),1101110377203,
20200622,1352110027542,현대캐피탈(주),1101110995378,
20200622,1352110027542,현대첨단소재(주),1101111929102,
20200622,1352110027542,현대엔지니어링(주),1101112153015,
20200622,1352110027542,현대글로비스(주),1101112177388,
20200622,1352110027542,현대커머셜(주),1101113646697,
20200622,1352110027542,현대종합특수강(주),1101114505595,
20200622,1352110027542,현대제철(주),1201110001743,
20200622,1352110027542,(주)지아이티,1311110028900,
20200622,1352110027542,현대오트론(주),1341110134001,
20200622,1352110027542,현대트랜시스(주),1614110008562,
20200622,1352110027542,현대에코에너지(주),1614110040506,
20200622,1352110027542,그린에어(주),1650110026005,
20200622,1352110027542,현대로템(주),1942110036336,
20200622,1353110003920,(주)코오롱,1101110030528,
20200622,1353110003920,코오롱글로벌(주),1101110036502,
20200622,1353110003920,코오롱제약(주),1101110256259,
20200622,1353110003920,코오롱글로텍(주),1101110524838,
20200622,1353110003920,(주)코오롱인베스트먼트,1101111902786,
20200622,1353110003920,코오롱생명과학(주),1101111948277,
20200622,1353110003920,코오롱이엔지니어링(주),1311110057610,
20200622,1353110003920,코오롱데크컴퍼지트(주),1345110055689,
20200622,1353110003920,코오롱환경에너지(주),1353110005893,
20200622,1353110003920,코오롱머티리얼(주),1353110011139,
20200622,1353110003920,코오롱인더스트리(주),1353110013606,
20200622,1353110003920,그린나래(주),1615110078133,
20200622,1353110003920,코오롱플라스틱(주),1713110003504,
20200622,1353110003920,코오롱바스프이노폼(주),1713110030747,
20200622,1353110005893,(주)코오롱,1101110030528,
20200622,1353110005893,코오롱글로벌(주),1101110036502,
20200622,1353110005893,코오롱제약(주),1101110256259,
20200622,1353110005893,코오롱글로텍(주),1101110524838,
20200622,1353110005893,(주)코오롱인베스트먼트,1101111902786,
20200622,1353110005893,코오롱생명과학(주),1101111948277,
20200622,1353110005893,코오롱이엔지니어링(주),1311110057610,
20200622,1353110005893,코오롱데크컴퍼지트(주),1345110055689,
20200622,1353110005893,코오롱베니트(주),1353110003920,
20200622,1353110005893,코오롱머티리얼(주),1353110011139,
20200622,1353110005893,코오롱인더스트리(주),1353110013606,
20200622,1353110005893,그린나래(주),1615110078133,
20200622,1353110005893,코오롱플라스틱(주),1713110003504,
20200622,1353110005893,코오롱바스프이노폼(주),1713110030747,
20200622,1353110011139,(주)코오롱,1101110030528,
20200622,1353110011139,코오롱글로벌(주),1101110036502,
20200622,1353110011139,코오롱제약(주),1101110256259,
20200622,1353110011139,코오롱글로텍(주),1101110524838,
20200622,1353110011139,(주)코오롱인베스트먼트,1101111902786,
20200622,1353110011139,코오롱생명과학(주),1101111948277,
20200622,1353110011139,코오롱이엔지니어링(주),1311110057610,
20200622,1353110011139,코오롱데크컴퍼지트(주),1345110055689,
20200622,1353110011139,코오롱베니트(주),1353110003920,
20200622,1353110011139,코오롱환경에너지(주),1353110005893,
20200622,1353110011139,코오롱인더스트리(주),1353110013606,
20200622,1353110011139,그린나래(주),1615110078133,
20200622,1353110011139,코오롱플라스틱(주),1713110003504,
20200622,1353110011139,코오롱바스프이노폼(주),1713110030747,
20200622,1353110013606,(주)코오롱,1101110030528,
20200622,1353110013606,코오롱글로벌(주),1101110036502,
20200622,1353110013606,코오롱제약(주),1101110256259,
20200622,1353110013606,코오롱글로텍(주),1101110524838,
20200622,1353110013606,(주)코오롱인베스트먼트,1101111902786,
20200622,1353110013606,코오롱생명과학(주),1101111948277,
20200622,1353110013606,코오롱이엔지니어링(주),1311110057610,
20200622,1353110013606,코오롱데크컴퍼지트(주),1345110055689,
20200622,1353110013606,코오롱베니트(주),1353110003920,
20200622,1353110013606,코오롱환경에너지(주),1353110005893,
20200622,1353110013606,코오롱머티리얼(주),1353110011139,
20200622,1353110013606,그린나래(주),1615110078133,
20200622,1353110013606,코오롱플라스틱(주),1713110003504,
20200622,1353110013606,코오롱바스프이노폼(주),1713110030747,
20200622,1355110102752,(주)코다코,1201110147422,
20200622,1355110106027,코웰패션(주),1101110166127,
20200622,1355110106027,(주)대명화학,1101111898159,
20200622,1355110106027,(주)디에이피,1244110006602,
20200622,1355110106027,(주)케이브랜즈,1311110359595,
20200622,1355110106027,씨에프에이(주),1311110369370,
20200622,1355110108809,(주)새한산업,1301110028919,
20200622,1355110108809,(주)새한공업,1350110078792,
20200622,1355110127487,(주)동희,1301110027614,
20200622,1355110127487,(주)동서기공,1348110004490,
20200622,1355110127487,(주)동희산기,1355110153193,
20200622,1355110153193,(주)동희,1301110027614,
20200622,1355110153193,(주)동서기공,1348110004490,
20200622,1355110153193,알테크노메탈(주),1355110127487,
20200622,1357110074452,(주)신세계조선호텔,1101110003999,
20200622,1357110074452,(주)신세계,1101110028848,
20200622,1357110074452,(주)이마트에브리데이,1101110167498,
20200622,1357110074452,(주)신세계인터내셔날,1101110282402,
20200622,1357110074452,(주)신세계푸드,1101110305288,
20200622,1357110074452,(주)까사미아,1101110873102,
20200622,1357110074452,(주)신세계사이먼,1101113239228,
20200622,1357110074452,(주)이마트,1101114594952,
20200622,1357110074452,(주)신세계프라퍼티,1101115284198,
20200622,1357110074452,(주)인천신세계,1101115615038,
20200622,1357110074452,(주)신세계디에프,1101115698315,
20200622,1357110074452,(주)스타필드안성,1346110091475,
20200622,1357110074452,(주)신세계동대구복합환승센터,1701110459570,
20200622,1358110085340,(주)덕원이앤씨,1311110360948,
20200622,1358110085340,(주)대광에이엠씨,1358110222786,
20200622,1358110085340,(주)대광건영,2001110160633,
20200622,1358110124726,서울석유(주),1101110037849,
20200622,1358110141788,에스케이건설(주),1101110038805,
20200622,1358110141788,SK가스(주),1101110413247,
20200622,1358110141788,에스케이렌터카(주),1101110577233,
20200622,1358110141788,에스케이(주),1101110769583,
20200622,1358110141788,에스케이바이오랜드(주),1101111192981,
20200622,1358110141788,에스케이브로드밴드(주),1101111466659,
20200622,1358110141788,에스케이텔링크(주),1101111533599,
20200622,1358110141788,에스케이엠앤서비스(주),1101111873432,
20200622,1358110141788,에스케이디앤디(주),1101113001685,
20200622,1358110141788,울산아로마틱스(주),1101114499954,
20200622,1358110141788,에스케이에너지(주),1101114505967,
20200622,1358110141788,에스케이종합화학(주),1101114505975,
20200622,1358110141788,에스케이바이오팜(주),1101114570720,
20200622,1358110141788,나래에너지서비스(주),1101114926006,
20200622,1358110141788,에스케이매직(주),1101115125962,
20200622,1358110141788,라이프앤시큐리티홀딩스(주),1101115371408,
20200622,1358110141788,에스케이넥실리스,1101116480232,
20200622,1358110141788,SK인천석유화학(주),1201110666464,
20200622,1358110141788,SKC(주),1301110001585,
20200622,1358110141788,SK네트웍스(주),1301110005199,
20200622,1358110141788,에스케이케미칼(주),1311110501021,
20200622,1358110141788,(주)에스케이하이닉스,1344110001387,
20200622,1358110141788,에스케이씨솔믹스(주),1347110014631,
20200622,1358110141788,유빈스(주),1351110077367,
20200622,1358110141788,강원도시가스(주),1401110002010,
20200622,1358110141788,충청에너지서비스(주),1501110006200,
20200622,1358110141788,에스케이바이오텍(주),1601110395453,
20200622,1358110141788,보령엘엔지터미널(주),1645110021527,
20200622,1358110141788,울산지피에스(주),1650110035072,
20200622,1358110141788,당진에코파워,1650110069097,
20200622,1358110141788,에스케이실트론(주),1753110001348,
20200622,1358110141788,에스케이쇼와덴코(주),1756110018553,
20200622,1358110141788,에스케이머티리얼즈(주),1901110006971,
20200622,1358110141788,에스케이에어가스(주),2301110134111,
20200622,1358110141788,미쓰이케미칼앤드에스케이씨폴리우레탄(주),2301110233880,
20200622,1358110222786,(주)덕원이앤씨,1311110360948,
20200622,1358110222786,(주)대광이엔씨,1358110085340,
20200622,1358110222786,(주)대광건영,2001110160633,
20200622,1401110002010,에스케이건설(주),1101110038805,
20200622,1401110002010,SK가스(주),1101110413247,
20200622,1401110002010,에스케이렌터카(주),1101110577233,
20200622,1401110002010,에스케이(주),1101110769583,
20200622,1401110002010,에스케이바이오랜드(주),1101111192981,
20200622,1401110002010,에스케이브로드밴드(주),1101111466659,
20200622,1401110002010,에스케이텔링크(주),1101111533599,
20200622,1401110002010,에스케이엠앤서비스(주),1101111873432,
20200622,1401110002010,에스케이디앤디(주),1101113001685,
20200622,1401110002010,울산아로마틱스(주),1101114499954,
20200622,1401110002010,에스케이에너지(주),1101114505967,
20200622,1401110002010,에스케이종합화학(주),1101114505975,
20200622,1401110002010,에스케이바이오팜(주),1101114570720,
20200622,1401110002010,나래에너지서비스(주),1101114926006,
20200622,1401110002010,에스케이매직(주),1101115125962,
20200622,1401110002010,라이프앤시큐리티홀딩스(주),1101115371408,
20200622,1401110002010,에스케이넥실리스,1101116480232,
20200622,1401110002010,SK인천석유화학(주),1201110666464,
20200622,1401110002010,SKC(주),1301110001585,
20200622,1401110002010,SK네트웍스(주),1301110005199,
20200622,1401110002010,에스케이케미칼(주),1311110501021,
20200622,1401110002010,(주)에스케이하이닉스,1344110001387,
20200622,1401110002010,에스케이씨솔믹스(주),1347110014631,
20200622,1401110002010,유빈스(주),1351110077367,
20200622,1401110002010,SK네트웍스서비스(주),1358110141788,
20200622,1401110002010,충청에너지서비스(주),1501110006200,
20200622,1401110002010,에스케이바이오텍(주),1601110395453,
20200622,1401110002010,보령엘엔지터미널(주),1645110021527,
20200622,1401110002010,울산지피에스(주),1650110035072,
20200622,1401110002010,당진에코파워,1650110069097,
20200622,1401110002010,에스케이실트론(주),1753110001348,
20200622,1401110002010,에스케이쇼와덴코(주),1756110018553,
20200622,1401110002010,에스케이머티리얼즈(주),1901110006971,
20200622,1401110002010,에스케이에어가스(주),2301110134111,
20200622,1401110002010,미쓰이케미칼앤드에스케이씨폴리우레탄(주),2301110233880,
20200622,1401110023884,(주)풀무원,1101110375439,
20200622,1401110023884,(주)풀무원푸드앤컬처,1101111174591,
20200622,1401110023884,(주)푸드머스,1101111929417,
20200622,1401110023884,엑소후레쉬물류(주),1348110034702,
20200622,1401110023884,(주)풀무원녹즙,1544110016762,
20200622,1401110023884,(주)피피이씨음성생면,1545110025175,
20200622,1401110023884,(주)피피이씨음성나물,1545110025183,
20200622,1401110023884,풀무원식품(주),1545110039324,
20200622,1401110054920,금호석유화학(주),1101110205975,
20200622,1401110054920,금호폴리켐(주),1101110400533,
20200622,1401110054920,금호피앤비화학(주),2062110018313,
20200622,1401110054920,금호티앤엘(주),2062110039707,
20200622,1411110012331,아세아제지(주),1101110006274,
20200622,1411110012331,아세아시멘트(주),1101115238096,
20200622,1411110012331,제일산업(주),1345110004256,
20200622,1411110012331,아세아산업개발(주),1612110001388,
20200622,1411110012331,경산제지(주),1748110003486,
20200622,1411110012331,(주)에이팩,1845110000684,
20200622,1412110043623,(주)이수화학,1101110008600,
20200622,1412110043623,(주)이수페타시스,1101110186638,
20200622,1412110043623,이수건설(주),1101110202202,
20200622,1412110043623,(주)이수시스템,1101111304643,
20200622,1412110043623,(주)이수엑사켐,1101112303826,
20200622,1412110043623,(주)이수,1101112833451,
20200622,1412110043623,(주)이수엑사보드,1314110161035,
20200622,1444110000098,(주)이랜드리테일,1101110243800,
20200622,1444110000098,(주)이랜드월드,1101110365797,
20200622,1444110000098,(주)이월드,1701110290867,
20200622,1446110010001,(주)삼표,1101110073314,
20200622,1446110010001,(주)삼표시멘트,1101110738637,
20200622,1446110010001,삼표피앤씨(주),1101111060930,
20200622,1446110010001,(주)삼표산업,1101115237452,
20200622,1446110010001,삼표레일웨이(주),1101115262110,
20200622,1446110010001,(주)에스피네이처,1348110283705,
20200622,1446110010001,삼표해운(주),1801111047299,
20200622,1446110010001,(주)엔알씨,2843110011486,
20200622,1447110019225,지에스건설(주),1101110002694,
20200622,1447110019225,(주)지에스글로벌,1101110031479,
20200622,1447110019225,삼양통상(주),1101110033433,
20200622,1447110019225,지에스칼텍스(주),1101110078819,
20200622,1447110019225,파르나스호텔(주),1101110411142,
20200622,1447110019225,지에스엠비즈(주),1101111007023,
20200622,1447110019225,지에스바이오(주),1101114303030,
20200622,1447110019225,인천종합에너지(주),1201110348096,
20200622,1447110019225,(주)피엘에스,1313110093131,
20200622,1447110019225,GS파워(주),1341110074744,
20200622,1447110019225,(주)지에스이앤알,1350110121570,
20200622,1447110019225,지에스이피에스(주),1650110004621,
20200622,1447110019225,(주)지에스풍력발전,1745110004266,
20200622,1447110019225,(주)지에스엔텍,1812110008699,
20200622,1447110019225,(주)지에스포천그린에너지,2844110079755,
20200622,1447110025313,쌍용양회공업(주),1101110037823,
20200622,1447110025313,쌍용레미콘(주),1101114070952,
20200622,1447110025313,한국기초소재(주),1201110487232,
20200622,1447110025313,대한슬래그(주),2046110030668,
20200622,1447110025313,대한시멘트(주),2046110038589,
20200622,1447110025313,쌍용기초소재(주),2111110015835,
20200622,1449110003109,(주)삼라,1101110002834,
20200622,1449110003109,대한해운(주),1101110008212,
20200622,1449110003109,경남기업(주),1101110008262,
20200622,1449110003109,삼환기업(주),1101110020307,
20200622,1449110003109,대한상선(주),1101110356140,
20200622,1449110003109,에스엠신용정보(주),1101111801277,
20200622,1449110003109,(주)티케이케미칼,1101113783457,
20200622,1449110003109,에스엠스틸(주),1243110028914,
20200622,1449110003109,에스엠하이플러스(주),1311110191187,
20200622,1449110003109,에스엠중공업(주),1351110040869,
20200622,1449110003109,(주)남선알미늄,1701110005042,
20200622,1449110003109,에스엠인더스트리(주),1846110007779,
20200622,1450110002801,(주)일화,1152110000328,
20200622,1501110003058,(주)대원지주회사,1101112324252,
20200622,1501110003610,(주)삼보판지,1243110011322,
20200622,1501110003610,(주)고려제지,1348110000604,
20200622,1501110003610,(주)대림제지,1348110003020,
20200622,1501110006185,(주)심텍,1501110205802,
20200622,1501110006200,에스케이건설(주),1101110038805,
20200622,1501110006200,SK가스(주),1101110413247,
20200622,1501110006200,에스케이렌터카(주),1101110577233,
20200622,1501110006200,에스케이(주),1101110769583,
20200622,1501110006200,에스케이바이오랜드(주),1101111192981,
20200622,1501110006200,에스케이브로드밴드(주),1101111466659,
20200622,1501110006200,에스케이텔링크(주),1101111533599,
20200622,1501110006200,에스케이엠앤서비스(주),1101111873432,
20200622,1501110006200,에스케이디앤디(주),1101113001685,
20200622,1501110006200,울산아로마틱스(주),1101114499954,
20200622,1501110006200,에스케이에너지(주),1101114505967,
20200622,1501110006200,에스케이종합화학(주),1101114505975,
20200622,1501110006200,에스케이바이오팜(주),1101114570720,
20200622,1501110006200,나래에너지서비스(주),1101114926006,
20200622,1501110006200,에스케이매직(주),1101115125962,
20200622,1501110006200,라이프앤시큐리티홀딩스(주),1101115371408,
20200622,1501110006200,에스케이넥실리스,1101116480232,
20200622,1501110006200,SK인천석유화학(주),1201110666464,
20200622,1501110006200,SKC(주),1301110001585,
20200622,1501110006200,SK네트웍스(주),1301110005199,
20200622,1501110006200,에스케이케미칼(주),1311110501021,
20200622,1501110006200,(주)에스케이하이닉스,1344110001387,
20200622,1501110006200,에스케이씨솔믹스(주),1347110014631,
20200622,1501110006200,유빈스(주),1351110077367,
20200622,1501110006200,SK네트웍스서비스(주),1358110141788,
20200622,1501110006200,강원도시가스(주),1401110002010,
20200622,1501110006200,에스케이바이오텍(주),1601110395453,
20200622,1501110006200,보령엘엔지터미널(주),1645110021527,
20200622,1501110006200,울산지피에스(주),1650110035072,
20200622,1501110006200,당진에코파워,1650110069097,
20200622,1501110006200,에스케이실트론(주),1753110001348,
20200622,1501110006200,에스케이쇼와덴코(주),1756110018553,
20200622,1501110006200,에스케이머티리얼즈(주),1901110006971,
20200622,1501110006200,에스케이에어가스(주),2301110134111,
20200622,1501110006200,미쓰이케미칼앤드에스케이씨폴리우레탄(주),2301110233880,
20200622,1501110016506,(주)유라,1348110266959,
20200622,1501110016506,(주)세원전자,1701110161828,
20200622,1501110043616,(주)테크윈에너지,1501110182513,
20200622,1501110047767,(주)삼천리,1101110005929,
20200622,1501110047767,안산도시개발(주),1350110047362,
20200622,1501110082218,롯데쇼핑(주),1101110000086,
20200622,1501110082218,롯데건설(주),1101110014764,
20200622,1501110082218,(주)롯데푸드,1101110033722,
20200622,1501110082218,롯데지주(주),1101110076300,
20200622,1501110082218,호텔롯데(주),1101110145410,
20200622,1501110082218,롯데상사(주),1101110159099,
20200622,1501110082218,롯데케미칼(주),1101110193196,
20200622,1501110082218,롯데하이마트(주),1101110532633,
20200622,1501110082218,롯데캐피탈(주),1101111217416,
20200622,1501110082218,롯데렌탈(주),1101113326588,
20200622,1501110082218,서울복합물류프로젝트금융투자(주),1101114660232,
20200622,1501110082218,롯데정보통신(주),1101116557114,
20200622,1501110082218,롯데컬처웍스(주),1101116768969,
20200622,1501110082218,롯데위탁관리부동산투자회사(주),1101117061081,
20200622,1501110082218,롯데오토리스(주),1341110213433,
20200622,1501110082218,(주)백학음료,1349110029305,
20200622,1501110082218,산청음료(주),1948110004183,
20200622,1501110082218,롯데베르살리스엘라스토머스(주),2062110050365,
20200622,1501110082218,데크항공(주),2101110061897,
20200622,1501110116489,신영건설(주),1101110101909,
20200622,1501110116489,(주)대농,1101110138572,
20200622,1501110116489,(주)신영자산관리,1101110164692,
20200622,1501110116489,(주)신영,1101110618178,
20200622,1501110136495,(주)에스쁘아,1101115605013,
20200622,1501110136495,(주)에뛰드,1345110002979,
20200622,1501110136495,(주)코스비전,1345110121547,
20200622,1501110136495,(주)퍼시픽글라스,1644110006498,
20200622,1501110182513,(주)테크윈,1501110043616,
20200622,1501110205802,(주)심텍홀딩스,1501110006185,
20200622,1501110219184,(주)에코프로,1101111598379,
20200622,1501110219184,(주)에코프로이노베이션,1101113273698,
20200622,1501110219184,(주)에코프로지이엠,1717110132339,
20200622,1501110236534,(주)금토일산업,1101111301730,
20200622,1501110236534,연합자산관리(주),1101114191451,
20200622,1501110236534,국제종합기계(주),1311110000635,
20200622,1501110236534,넥스콘테크놀러지(주),1615110021158,
20200622,1501110236534,(주)오리엔탈정공,1801110038447,
20200622,1501110236534,(주)영광스텐,1801110166991,
20200622,1501110236534,(주)일성하이스코,1812110003611,
20200622,1501110236534,페이퍼코리아(주),2111110000042,
20200622,1501110267365,(주)네패스,1545110002355,
20200622,1511110000847,(주)세아네트웍스,1101110862519,
20200622,1511110000847,(주)세아홀딩스,1101112276809,
20200622,1511110000847,(주)세아제강,1101116860640,
20200622,1511110000847,세아특수강(주),1746110005478,
20200622,1511110000847,(주)세아창원특수강,1942110025248,
20200622,1511110000847,(주)세아메탈,1943110003292,
20200622,1511110000847,(주)세아씨엠,2111110050667,
20200622,1511110027544,세일철강(주),1101110089816,
20200622,1511110027544,(주)세일엘앤씨,1648110055132,
20200622,1511110042790,영진약품(주),1101110043127,
20200622,1511110042790,(주)한국인삼공사,1601110083066,
20200622,1511110053458,에스와이(주),1301110064351,
20200622,1511110053458,(주)에스와이테크,1615110024673,
20200622,1511110053458,에스와이빌드(주),1648110083331,
20200622,1542110004993,대보실업(주),1101110645824,
20200622,1542110004993,서원레저(주),1101110705032,
20200622,1542110004993,대보디앤에스(주),1101110856710,
20200622,1542110004993,대보유통(주),1348110046624,
20200622,1542110004993,대보건설(주),1645110002874,
20200622,1542110004993,(주)이도,2059110011744,
20200622,1542110007492,현대알루미늄(주),1101112426264,
20200622,1542110007492,(주)케이피티유,1350110047883,
20200622,1542110007492,(주)알루코,1601110002313,
20200622,1543110001715,(주)정다운,1101115542497,
20200622,1543110001715,(주)마니커,1345110004149,
20200622,1543110001715,(주)마니커에프앤지,1345110080529,
20200622,1543110001715,농업회사법인(주)지리산하이포지피,1545110032972,
20200622,1543110001715,(주)이지팜스,1615110137567,
20200622,1543110001715,농업회사법인(주)팜스월드지지피,2058110006002,
20200622,1543110001715,우리손에프앤지농업회사법인(주),2112110005321,
20200622,1543110001997,(주)한국일오삼,1101112621286,
20200622,1543110001997,(주)농업회사법인한국원종,1645110015744,
20200622,1543110001997,(주)체리푸드,1748110001208,
20200622,1543110007523,(주)사조대림,1101110042278,
20200622,1543110007523,(주)사조오양,1101110104820,
20200622,1543110007523,사조산업(주),1101110112328,
20200622,1543110007523,사조씨푸드(주),1101110271596,
20200622,1543110007523,(주)사조시스템즈,1101110335178,
20200622,1543110007523,사조동아원(주),1244110000662,
20200622,1543110007523,농업회사법인(주)사조원,2148110014856,
20200622,1543110010930,서한산업(주),1101111257305,
20200622,1543110010930,엠테스(주),1350110084950,
20200622,1543110010930,서한이앤피(주),1712110057701,
20200622,1543110010930,한국프랜지공업(주),1812110000443,
20200622,1543110016706,(주)대우건설,1101112137895,
20200622,1543110016706,천마산터널(주),1101114380096,
20200622,1543110016706,포천민자발전(주),2844110072163,
20200622,1544110004163,삼보모터스(주),1101110545529,
20200622,1544110004163,(주)프라코,1101110609185,
20200622,1544110004163,보고에이피(주),1313110043897,
20200622,1544110004163,(주)나전,2001110062300,
20200622,1544110016762,(주)풀무원,1101110375439,
20200622,1544110016762,(주)풀무원푸드앤컬처,1101111174591,
20200622,1544110016762,(주)푸드머스,1101111929417,
20200622,1544110016762,엑소후레쉬물류(주),1348110034702,
20200622,1544110016762,(주)피피이씨춘천,1401110023884,
20200622,1544110016762,(주)피피이씨음성생면,1545110025175,
20200622,1544110016762,(주)피피이씨음성나물,1545110025183,
20200622,1544110016762,풀무원식품(주),1545110039324,
20200622,1545110001571,휴켐스(주),1101112611906,
20200622,1545110001571,(주)정산인터내셔널,1801110886979,
20200622,1545110001571,태광실업(주),1846110000533,
20200622,1545110002355,(주)네패스아크,1501110267365,
20200622,1545110003212,(주)삼동,1311110012193,
20200622,1545110006076,(주)일진유니스코,1101110356455,
20200622,1545110006076,일진디앤코(주),1101113929077,
20200622,1545110006076,일진홀딩스(주),1201110011990,
20200622,1545110006076,일진제강(주),1341110008412,
20200622,1545110006076,일진전기(주),1348110159279,
20200622,1545110006076,알피니언메디칼시스템(주),1701110331190,
20200622,1545110025175,(주)풀무원,1101110375439,
20200622,1545110025175,(주)풀무원푸드앤컬처,1101111174591,
20200622,1545110025175,(주)푸드머스,1101111929417,
20200622,1545110025175,엑소후레쉬물류(주),1348110034702,
20200622,1545110025175,(주)피피이씨춘천,1401110023884,
20200622,1545110025175,(주)풀무원녹즙,1544110016762,
20200622,1545110025175,(주)피피이씨음성나물,1545110025183,
20200622,1545110025175,풀무원식품(주),1545110039324,
20200622,1545110025183,(주)풀무원,1101110375439,
20200622,1545110025183,(주)풀무원푸드앤컬처,1101111174591,
20200622,1545110025183,(주)푸드머스,1101111929417,
20200622,1545110025183,엑소후레쉬물류(주),1348110034702,
20200622,1545110025183,(주)피피이씨춘천,1401110023884,
20200622,1545110025183,(주)풀무원녹즙,1544110016762,
20200622,1545110025183,(주)피피이씨음성생면,1545110025175,
20200622,1545110025183,풀무원식품(주),1545110039324,
20200622,1545110032401,(주)엘지,1101110003543,
20200622,1545110032401,(주)엘지상사,1101110004632,
20200622,1545110032401,엘지이노텍(주),1101110192180,
20200622,1545110032401,(주)판토스,1101110208127,
20200622,1545110032401,엘지디스플레이(주),1101110393134,
20200622,1545110032401,(주)엘지헬로비전,1101111144297,
20200622,1545110032401,(주)엘지유플러스,1101111296676,
20200622,1545110032401,(주)로보스타,1101111655393,
20200622,1545110032401,LG전자(주),1101112487050,
20200622,1545110032401,(주)엘지하우시스,1101114071207,
20200622,1545110032401,(주)하이프라자,1311110028801,
20200622,1545110032972,(주)정다운,1101115542497,
20200622,1545110032972,(주)마니커,1345110004149,
20200622,1545110032972,(주)마니커에프앤지,1345110080529,
20200622,1545110032972,(주)팜스토리,1543110001715,
20200622,1545110032972,(주)이지팜스,1615110137567,
20200622,1545110032972,농업회사법인(주)팜스월드지지피,2058110006002,
20200622,1545110032972,우리손에프앤지농업회사법인(주),2112110005321,
20200622,1545110039324,(주)풀무원,1101110375439,
20200622,1545110039324,(주)풀무원푸드앤컬처,1101111174591,
20200622,1545110039324,(주)푸드머스,1101111929417,
20200622,1545110039324,엑소후레쉬물류(주),1348110034702,
20200622,1545110039324,(주)피피이씨춘천,1401110023884,
20200622,1545110039324,(주)풀무원녹즙,1544110016762,
20200622,1545110039324,(주)피피이씨음성생면,1545110025175,
20200622,1545110039324,(주)피피이씨음성나물,1545110025183,
20200622,1545110039704,동아쏘시오홀딩스(주),1101110017990,
20200622,1545110039704,(주)수석,1101110107973,
20200622,1545110039704,용마로지스(주),1101110245369,
20200622,1545110039704,동아에스티(주),1101115079713,
20200622,1545110039704,동아제약(주),1101115079739,
20200622,1545110039704,(주)동천수,1714110019799,
20200622,1545110049654,(주)윈스틸,1801110032407,
20200622,1545110049654,(주)윈하이벤드,1801111039428,
20200622,1545110085187,대선제분(주),1101110014011,
20200622,1545110085187,(주)조흥,1101110019334,
20200622,1545110085187,오뚜기냉동식품(주),1156110002780,
20200622,1545110085187,(주)오뚜기,1341110002258,
20200622,1545110085187,오뚜기라면(주),1347110003212,
20200622,1545110085187,상미식품(주),1615110217509,
20200622,1546110008012,(주)엘에스,1101110003965,
20200622,1546110008012,(주)E1,1101110381387,
20200622,1546110008012,엘에스일렉트릭(주),1101110520076,
20200622,1546110008012,엘에스글로벌인코퍼레이티드(주),1101113359985,
20200622,1546110008012,(주)베스트토요타,1101115129881,
20200622,1546110008012,(주)예스코,1101116708494,
20200622,1546110008012,(주)지앤피,1301110008797,
20200622,1546110008012,가온전선(주),1341110000567,
20200622,1546110008012,엘에스엠트론(주),1341110168349,
20200622,1546110008012,엘에스전선(주),1341110168357,
20200622,1546110008012,엘에스전선아시아(주),1341110411706,
20200622,1546110008012,엘에스에이홀딩스(주),1341110474316,
20200622,1546110008012,엘에스오토모티브테크놀로지스(주),1341110474647,
20200622,1546110008012,엘에스이브이코리아(주),1341110480602,
20200622,1546110008012,(주)토리컴,1350110054119,
20200622,1546110008012,엘에스메카피온(주),1701110178807,
20200622,1546110008012,(주)엘에스네트웍스,1801110044717,
20200622,1546110008012,캐스코(주),2101110047938,
20200622,1546110008012,엘에스니꼬동제련(주),2301110058436,
20200622,1546110008012,한성피씨건설(주),2850110157251,
20200622,1601110002090,계룡건설산업(주),1601110003121,
20200622,1601110002090,케이알유통(주),1601110266711,
20200622,1601110002090,(주)케이알산업,1712110002799,
20200622,1601110002313,현대알루미늄(주),1101112426264,
20200622,1601110002313,(주)케이피티유,1350110047883,
20200622,1601110002313,(주)알루텍,1542110007492,
20200622,1601110002420,(주)모나리자,1101110220882,
20200622,1601110002420,엠에스에스펄프(주),1101115085819,
20200622,1601110002420,엠에스에스홀딩스(주),1311110333333,
20200622,1601110002420,(주)쌍용씨앤비,1348110105024,
20200622,1601110003121,계룡산업(주),1601110002090,
20200622,1601110003121,케이알유통(주),1601110266711,
20200622,1601110003121,(주)케이알산업,1712110002799,
20200622,1601110003410,(주)한화,1101110002959,
20200622,1601110003410,한화투자증권(주),1101110003155,
20200622,1601110003410,(주)한화갤러리아,1101110202989,
20200622,1601110003410,한화호텔앤드리조트(주),1101110249709,
20200622,1601110003410,한화솔루션(주),1101110360935,
20200622,1601110003410,(주)한화건설,1101112558405,
20200622,1601110003410,한화에너지(주),1101113807223,
20200622,1601110003410,(주)제주해양과학관,1101114143577,
20200622,1601110003410,(주)한화도시개발,1101114231596,
20200622,1601110003410,한화테크윈(주),1311110514404,
20200622,1601110003410,한화종합화학(주),1614110001243,
20200622,1601110003410,한화토탈(주),1614110013066,
20200622,1601110003410,(주)서산테크노밸리,1614110017852,
20200622,1601110003410,한화시스템(주),1760110020640,
20200622,1601110003410,한화에어로스페이스(주),1942110000480,
20200622,1601110003410,한화디펜스(주),1942110273300,
20200622,1601110003410,한화파워시스템(주),1942110273318,
20200622,1601110003410,한화정밀기계(주),1942110273326,
20200622,1601110003931,팬오션(주),1101110004286,
20200622,1601110003931,(주)엔에스쇼핑,1101112262527,
20200622,1601110003931,농업회사법인(주)순우리한우,1101112322058,
20200622,1601110003931,(주)참트레이딩,1101114292481,
20200622,1601110003931,(주)에코캐피탈,1101114338326,
20200622,1601110003931,한강씨엠(주),1115110019393,
20200622,1601110003931,(주)올품,1311110037852,
20200622,1601110003931,(주)팜스코,1311110042950,
20200622,1601110003931,(주)하림산업,1311110303477,
20200622,1601110003931,(주)선진한마을,1344110013093,
20200622,1601110003931,(주)선진에프에스,1344110028539,
20200622,1601110003931,(주)선진,1344110046664,
20200622,1601110003931,(주)농업회사법인팜스코바이오인티,1344110058817,
20200622,1601110003931,(주)선진햄,1345110029056,
20200622,1601110003931,(주)농업회사법인주원산오리,1601110135453,
20200622,1601110003931,제일사료(주),1601110291544,
20200622,1601110003931,(주)하림,2149110034430,
20200622,1601110003931,(주)애그리로보텍,2850110161202,
20200622,1601110004492,AK홀딩스(주),1101110029721,
20200622,1601110004492,애경화학(주),1101110293011,
20200622,1601110004492,애경산업(주),1101110398275,
20200622,1601110004492,애경유화(주),1101114951243,
20200622,1601110004492,수원애경역사(주),1301110034487,
20200622,1601110004492,에이케이에스앤디(주),1313110029384,
20200622,1601110004492,에이케이레저(주),1344110015627,
20200622,1601110004492,에이케이켐텍(주),1601110004541,
20200622,1601110004492,에이케이앤엠엔바이오팜(주),1601110236186,
20200622,1601110004492,(주)제주항공,2201110050575,
20200622,1601110004541,AK홀딩스(주),1101110029721,
20200622,1601110004541,애경화학(주),1101110293011,
20200622,1601110004541,애경산업(주),1101110398275,
20200622,1601110004541,애경유화(주),1101114951243,
20200622,1601110004541,수원애경역사(주),1301110034487,
20200622,1601110004541,에이케이에스앤디(주),1313110029384,
20200622,1601110004541,에이케이레저(주),1344110015627,
20200622,1601110004541,(주)에이텍,1601110004492,
20200622,1601110004541,에이케이앤엠엔바이오팜(주),1601110236186,
20200622,1601110004541,(주)제주항공,2201110050575,
20200622,1601110006068,한국수력원자력(주),1101112207127,
20200622,1601110006068,한국남부발전(주),1101112207135,
20200622,1601110006068,한국서부발전(주),1101112207177,
20200622,1601110006068,한국전력공사,1146710001456,
20200622,1601110006068,경기그린에너지(주),1348110229816,
20200622,1601110014483,미래에셋대우(주),1101110011679,
20200622,1601110014483,멀티에셋자산운용(주),1101111271115,
20200622,1601110014483,미래에셋벤처투자(주),1101111710527,
20200622,1601110014483,미래에셋캐피탈(주),2001110076179,
20200622,1601110017304,(주)금성백조건설,1601110032972,
20200622,1601110019277,대한토지신탁(주),1101111492513,
20200622,1601110032972,(주)금성백조주택,1601110017304,
20200622,1601110083066,영진약품(주),1101110043127,
20200622,1601110083066,(주)케이지씨예본,1511110042790,
20200622,1601110119598,일광이앤씨(주),1101110003353,
20200622,1601110119598,(주)후성,1314110189425,
20200622,1601110119598,후성정공(주),1348110023854,
20200622,1601110119598,후성에이치디에스(주),1812110003091,
20200622,1601110119598,한국내화(주),1846110000319,
20200622,1601110119598,(주)한텍,2301110052355,
20200622,1601110123185,한솔테크닉스(주),1101110004682,
20200622,1601110123185,한솔홀딩스(주),1101110017867,
20200622,1601110123185,한솔로지스틱스(주),1101110150659,
20200622,1601110123185,(주)한솔케미칼,1101110270895,
20200622,1601110123185,(주)한솔홈데코,1101110825624,
20200622,1601110123185,한솔인티큐브(주),1101112915605,
20200622,1601110123185,한솔제지(주),1101115604700,
20200622,1601110123185,(주)테이팩스,1201110095499,
20200622,1601110123185,엑스큐어(주),1350110106150,
20200622,1601110123185,한솔페이퍼텍(주),2043110008603,
20200622,1601110135453,팬오션(주),1101110004286,
20200622,1601110135453,(주)엔에스쇼핑,1101112262527,
20200622,1601110135453,농업회사법인(주)순우리한우,1101112322058,
20200622,1601110135453,(주)참트레이딩,1101114292481,
20200622,1601110135453,(주)에코캐피탈,1101114338326,
20200622,1601110135453,한강씨엠(주),1115110019393,
20200622,1601110135453,(주)올품,1311110037852,
20200622,1601110135453,(주)팜스코,1311110042950,
20200622,1601110135453,(주)하림산업,1311110303477,
20200622,1601110135453,(주)선진한마을,1344110013093,
20200622,1601110135453,(주)선진에프에스,1344110028539,
20200622,1601110135453,(주)선진,1344110046664,
20200622,1601110135453,(주)농업회사법인팜스코바이오인티,1344110058817,
20200622,1601110135453,(주)선진햄,1345110029056,
20200622,1601110135453,(주)하림지주,1601110003931,
20200622,1601110135453,제일사료(주),1601110291544,
20200622,1601110135453,(주)하림,2149110034430,
20200622,1601110135453,(주)애그리로보텍,2850110161202,
20200622,1601110164064,에이피에스홀딩스(주),1101111315286,
20200622,1601110164064,(주)넥스틴,1344110044981,
20200622,1601110164064,에이피에스에이엠디(주),1348110382440,
20200622,1601110164064,에이피시스템(주),1348110400341,
20200622,1601110164064,(주)디이엔티,1615110044697,
20200622,1601110164064,(주)제니스월드,1615110058200,
20200622,1601110214702,포천맑은물(주),1101115174729,
20200622,1601110214702,(주)웅진북센,1156110011369,
20200622,1601110214702,(주)웅진씽크빅,2849110065613,
20200622,1601110236186,AK홀딩스(주),1101110029721,
20200622,1601110236186,애경화학(주),1101110293011,
20200622,1601110236186,애경산업(주),1101110398275,
20200622,1601110236186,애경유화(주),1101114951243,
20200622,1601110236186,수원애경역사(주),1301110034487,
20200622,1601110236186,에이케이에스앤디(주),1313110029384,
20200622,1601110236186,에이케이레저(주),1344110015627,
20200622,1601110236186,(주)에이텍,1601110004492,
20200622,1601110236186,에이케이켐텍(주),1601110004541,
20200622,1601110236186,(주)제주항공,2201110050575,
20200622,1601110239388,(주)오스템,1615110006796,
20200622,1601110266711,계룡산업(주),1601110002090,
20200622,1601110266711,계룡건설산업(주),1601110003121,
20200622,1601110266711,(주)케이알산업,1712110002799,
20200622,1601110287527,씨제이대한통운(주),1101110006167,
20200622,1601110287527,(주)원지,1101110077605,
20200622,1601110287527,삼해상사(주),1101110225254,
20200622,1601110287527,한국복합물류(주),1101110853576,
20200622,1601110287527,"CJ ENM CO., LTD.",1101111109134,
20200622,1601110287527,씨제이올리브네트웍스(주),1101111138498,
20200622,1601110287527,씨제이씨지브이(주),1101111673220,
20200622,1601110287527,CJ제일제당(주),1101113748253,
20200622,1601110287527,씨제이올리브영(주),1101117283974,
20200622,1601110287527,씨제이프레시웨이(주),1801110083442,
20200622,1601110291544,팬오션(주),1101110004286,
20200622,1601110291544,(주)엔에스쇼핑,1101112262527,
20200622,1601110291544,농업회사법인(주)순우리한우,1101112322058,
20200622,1601110291544,(주)참트레이딩,1101114292481,
20200622,1601110291544,(주)에코캐피탈,1101114338326,
20200622,1601110291544,한강씨엠(주),1115110019393,
20200622,1601110291544,(주)올품,1311110037852,
20200622,1601110291544,(주)팜스코,1311110042950,
20200622,1601110291544,(주)하림산업,1311110303477,
20200622,1601110291544,(주)선진한마을,1344110013093,
20200622,1601110291544,(주)선진에프에스,1344110028539,
20200622,1601110291544,(주)선진,1344110046664,
20200622,1601110291544,(주)농업회사법인팜스코바이오인티,1344110058817,
20200622,1601110291544,(주)선진햄,1345110029056,
20200622,1601110291544,(주)하림지주,1601110003931,
20200622,1601110291544,(주)농업회사법인주원산오리,1601110135453,
20200622,1601110291544,(주)하림,2149110034430,
20200622,1601110291544,(주)애그리로보텍,2850110161202,
20200622,1601110395453,에스케이건설(주),1101110038805,
20200622,1601110395453,SK가스(주),1101110413247,
20200622,1601110395453,에스케이렌터카(주),1101110577233,
20200622,1601110395453,에스케이(주),1101110769583,
20200622,1601110395453,에스케이바이오랜드(주),1101111192981,
20200622,1601110395453,에스케이브로드밴드(주),1101111466659,
20200622,1601110395453,에스케이텔링크(주),1101111533599,
20200622,1601110395453,에스케이엠앤서비스(주),1101111873432,
20200622,1601110395453,에스케이디앤디(주),1101113001685,
20200622,1601110395453,울산아로마틱스(주),1101114499954,
20200622,1601110395453,에스케이에너지(주),1101114505967,
20200622,1601110395453,에스케이종합화학(주),1101114505975,
20200622,1601110395453,에스케이바이오팜(주),1101114570720,
20200622,1601110395453,나래에너지서비스(주),1101114926006,
20200622,1601110395453,에스케이매직(주),1101115125962,
20200622,1601110395453,라이프앤시큐리티홀딩스(주),1101115371408,
20200622,1601110395453,에스케이넥실리스,1101116480232,
20200622,1601110395453,SK인천석유화학(주),1201110666464,
20200622,1601110395453,SKC(주),1301110001585,
20200622,1601110395453,SK네트웍스(주),1301110005199,
20200622,1601110395453,에스케이케미칼(주),1311110501021,
20200622,1601110395453,(주)에스케이하이닉스,1344110001387,
20200622,1601110395453,에스케이씨솔믹스(주),1347110014631,
20200622,1601110395453,유빈스(주),1351110077367,
20200622,1601110395453,SK네트웍스서비스(주),1358110141788,
20200622,1601110395453,강원도시가스(주),1401110002010,
20200622,1601110395453,충청에너지서비스(주),1501110006200,
20200622,1601110395453,보령엘엔지터미널(주),1645110021527,
20200622,1601110395453,울산지피에스(주),1650110035072,
20200622,1601110395453,당진에코파워,1650110069097,
20200622,1601110395453,에스케이실트론(주),1753110001348,
20200622,1601110395453,에스케이쇼와덴코(주),1756110018553,
20200622,1601110395453,에스케이머티리얼즈(주),1901110006971,
20200622,1601110395453,에스케이에어가스(주),2301110134111,
20200622,1601110395453,미쓰이케미칼앤드에스케이씨폴리우레탄(주),2301110233880,
20200622,1612110001388,아세아제지(주),1101110006274,
20200622,1612110001388,아세아시멘트(주),1101115238096,
20200622,1612110001388,제일산업(주),1345110004256,
20200622,1612110001388,한라시멘트(주),1411110012331,
20200622,1612110001388,경산제지(주),1748110003486,
20200622,1612110001388,(주)에이팩,1845110000684,
20200622,1613110024106,동양물산기업(주),1101110032899,
20200622,1613110033404,(주)팔도,1341110032271,
20200622,1614110001243,(주)한화,1101110002959,
20200622,1614110001243,한화투자증권(주),1101110003155,
20200622,1614110001243,(주)한화갤러리아,1101110202989,
20200622,1614110001243,한화호텔앤드리조트(주),1101110249709,
20200622,1614110001243,한화솔루션(주),1101110360935,
20200622,1614110001243,(주)한화건설,1101112558405,
20200622,1614110001243,한화에너지(주),1101113807223,
20200622,1614110001243,(주)제주해양과학관,1101114143577,
20200622,1614110001243,(주)한화도시개발,1101114231596,
20200622,1614110001243,한화테크윈(주),1311110514404,
20200622,1614110001243,(주)한화갤러리아타임월드,1601110003410,
20200622,1614110001243,한화토탈(주),1614110013066,
20200622,1614110001243,(주)서산테크노밸리,1614110017852,
20200622,1614110001243,한화시스템(주),1760110020640,
20200622,1614110001243,한화에어로스페이스(주),1942110000480,
20200622,1614110001243,한화디펜스(주),1942110273300,
20200622,1614110001243,한화파워시스템(주),1942110273318,
20200622,1614110001243,한화정밀기계(주),1942110273326,
20200622,1614110008562,현대건설(주),1101110007909,
20200622,1614110008562,기아자동차(주),1101110037998,
20200622,1614110008562,현대비앤지스틸(주),1101110065395,
20200622,1614110008562,현대자동차(주),1101110085450,
20200622,1614110008562,현대모비스(주),1101110215536,
20200622,1614110008562,현대카드(주),1101110377203,
20200622,1614110008562,현대캐피탈(주),1101110995378,
20200622,1614110008562,현대첨단소재(주),1101111929102,
20200622,1614110008562,현대엔지니어링(주),1101112153015,
20200622,1614110008562,현대글로비스(주),1101112177388,
20200622,1614110008562,현대커머셜(주),1101113646697,
20200622,1614110008562,현대종합특수강(주),1101114505595,
20200622,1614110008562,현대제철(주),1201110001743,
20200622,1614110008562,(주)지아이티,1311110028900,
20200622,1614110008562,현대오트론(주),1341110134001,
20200622,1614110008562,에이치엘그린파워(주),1352110027542,
20200622,1614110008562,현대에코에너지(주),1614110040506,
20200622,1614110008562,그린에어(주),1650110026005,
20200622,1614110008562,현대로템(주),1942110036336,
20200622,1614110010012,(주)동희,1648110008511,
20200622,1614110010012,(주)동희하이테크,1648110031190,
20200622,1614110010012,(주)동희산업,2301110128734,
20200622,1614110012696,동남정밀(주),1812110007613,
20200622,1614110012696,(주)동남,1901110004321,
20200622,1614110013066,(주)한화,1101110002959,
20200622,1614110013066,한화투자증권(주),1101110003155,
20200622,1614110013066,(주)한화갤러리아,1101110202989,
20200622,1614110013066,한화호텔앤드리조트(주),1101110249709,
20200622,1614110013066,한화솔루션(주),1101110360935,
20200622,1614110013066,(주)한화건설,1101112558405,
20200622,1614110013066,한화에너지(주),1101113807223,
20200622,1614110013066,(주)제주해양과학관,1101114143577,
20200622,1614110013066,(주)한화도시개발,1101114231596,
20200622,1614110013066,한화테크윈(주),1311110514404,
20200622,1614110013066,(주)한화갤러리아타임월드,1601110003410,
20200622,1614110013066,한화종합화학(주),1614110001243,
20200622,1614110013066,(주)서산테크노밸리,1614110017852,
20200622,1614110013066,한화시스템(주),1760110020640,
20200622,1614110013066,한화에어로스페이스(주),1942110000480,
20200622,1614110013066,한화디펜스(주),1942110273300,
20200622,1614110013066,한화파워시스템(주),1942110273318,
20200622,1614110013066,한화정밀기계(주),1942110273326,
20200622,1614110015997,(주)디아이씨,1801110025147,
20200622,1614110015997,(주)제인모터스,2301110263093,
20200622,1614110017852,(주)한화,1101110002959,
20200622,1614110017852,한화투자증권(주),1101110003155,
20200622,1614110017852,(주)한화갤러리아,1101110202989,
20200622,1614110017852,한화호텔앤드리조트(주),1101110249709,
20200622,1614110017852,한화솔루션(주),1101110360935,
20200622,1614110017852,(주)한화건설,1101112558405,
20200622,1614110017852,한화에너지(주),1101113807223,
20200622,1614110017852,(주)제주해양과학관,1101114143577,
20200622,1614110017852,(주)한화도시개발,1101114231596,
20200622,1614110017852,한화테크윈(주),1311110514404,
20200622,1614110017852,(주)한화갤러리아타임월드,1601110003410,
20200622,1614110017852,한화종합화학(주),1614110001243,
20200622,1614110017852,한화토탈(주),1614110013066,
20200622,1614110017852,한화시스템(주),1760110020640,
20200622,1614110017852,한화에어로스페이스(주),1942110000480,
20200622,1614110017852,한화디펜스(주),1942110273300,
20200622,1614110017852,한화파워시스템(주),1942110273318,
20200622,1614110017852,한화정밀기계(주),1942110273326,
20200622,1614110022364,현대오일뱅크(주),1101110090558,
20200622,1614110022364,현대에너지솔루션(주),1101116265410,
20200622,1614110022364,현대일렉트릭앤에너지시스템(주),1101116363850,
20200622,1614110022364,현대건설기계(주),1101116363868,
20200622,1614110022364,현대중공업파워시스템(주),1311110527233,
20200622,1614110022364,현대케미칼(주),1614110031472,
20200622,1614110022364,현대오씨아이(주),1614110036258,
20200622,1614110022364,현대중공업지주(주),1701110638661,
20200622,1614110022364,현대글로벌서비스(주),1801111065811,
20200622,1614110022364,(주)현대미포조선,1812110000526,
20200622,1614110022364,현대삼호중공업(주),2054110003915,
20200622,1614110022364,현대오일터미널(주),2301110188027,
20200622,1614110022364,현대중공업(주),2301110312741,
20200622,1614110031472,현대오일뱅크(주),1101110090558,
20200622,1614110031472,현대에너지솔루션(주),1101116265410,
20200622,1614110031472,현대일렉트릭앤에너지시스템(주),1101116363850,
20200622,1614110031472,현대건설기계(주),1101116363868,
20200622,1614110031472,현대중공업파워시스템(주),1311110527233,
20200622,1614110031472,현대코스모(주),1614110022364,
20200622,1614110031472,현대오씨아이(주),1614110036258,
20200622,1614110031472,현대중공업지주(주),1701110638661,
20200622,1614110031472,현대글로벌서비스(주),1801111065811,
20200622,1614110031472,(주)현대미포조선,1812110000526,
20200622,1614110031472,현대삼호중공업(주),2054110003915,
20200622,1614110031472,현대오일터미널(주),2301110188027,
20200622,1614110031472,현대중공업(주),2301110312741,
20200622,1614110036258,현대오일뱅크(주),1101110090558,
20200622,1614110036258,현대에너지솔루션(주),1101116265410,
20200622,1614110036258,현대일렉트릭앤에너지시스템(주),1101116363850,
20200622,1614110036258,현대건설기계(주),1101116363868,
20200622,1614110036258,현대중공업파워시스템(주),1311110527233,
20200622,1614110036258,현대코스모(주),1614110022364,
20200622,1614110036258,현대케미칼(주),1614110031472,
20200622,1614110036258,현대중공업지주(주),1701110638661,
20200622,1614110036258,현대글로벌서비스(주),1801111065811,
20200622,1614110036258,(주)현대미포조선,1812110000526,
20200622,1614110036258,현대삼호중공업(주),2054110003915,
20200622,1614110036258,현대오일터미널(주),2301110188027,
20200622,1614110036258,현대중공업(주),2301110312741,
20200622,1614110040506,현대건설(주),1101110007909,
20200622,1614110040506,기아자동차(주),1101110037998,
20200622,1614110040506,현대비앤지스틸(주),1101110065395,
20200622,1614110040506,현대자동차(주),1101110085450,
20200622,1614110040506,현대모비스(주),1101110215536,
20200622,1614110040506,현대카드(주),1101110377203,
20200622,1614110040506,현대캐피탈(주),1101110995378,
20200622,1614110040506,현대첨단소재(주),1101111929102,
20200622,1614110040506,현대엔지니어링(주),1101112153015,
20200622,1614110040506,현대글로비스(주),1101112177388,
20200622,1614110040506,현대커머셜(주),1101113646697,
20200622,1614110040506,현대종합특수강(주),1101114505595,
20200622,1614110040506,현대제철(주),1201110001743,
20200622,1614110040506,(주)지아이티,1311110028900,
20200622,1614110040506,현대오트론(주),1341110134001,
20200622,1614110040506,에이치엘그린파워(주),1352110027542,
20200622,1614110040506,현대트랜시스(주),1614110008562,
20200622,1614110040506,그린에어(주),1650110026005,
20200622,1614110040506,현대로템(주),1942110036336,
20200622,1615110000037,(주)에스지세계물산,1101110048002,
20200622,1615110000037,(주)에스지아름다운골프앤리조트,1648110029351,
20200622,1615110001291,제이더블유중외제약(주),1101110019342,
20200622,1615110001291,제이더블유생명과학(주),1350110057395,
20200622,1615110004279,대상(주),1101110327125,
20200622,1615110004279,유티씨인베스트먼트(주),1101110570922,
20200622,1615110004279,대상정보기술(주),1101110789432,
20200622,1615110004279,대상라이프사이언스(주),1101116545804,
20200622,1615110005350,디아이동일(주),1101110019219,
20200622,1615110006796,(주)아이비머티리얼즈,1601110239388,
20200622,1615110009378,(주)케이피에프,1301110010841,
20200622,1615110009378,(주)글로우원,1311110263754,
20200622,1615110009378,(주)티엠씨,1615110148704,
20200622,1615110011795,삼성생명보험(주),1101110005953,
20200622,1615110011795,삼성물산(주),1101110015762,
20200622,1615110011795,(주)호텔신라,1101110145519,
20200622,1615110011795,삼성중공업(주),1101110168595,
20200622,1615110011795,삼성카드(주),1101110346901,
20200622,1615110011795,에이치디씨신라면세점(주),1101115722916,
20200622,1615110011795,삼성바이오로직스(주),1201110566317,
20200622,1615110011795,삼성바이오에피스(주),1201110601501,
20200622,1615110011795,삼성전자(주),1301110006246,
20200622,1615110011795,삼성디스플레이(주),1345110187812,
20200622,1615110019434,(주)동양,1101110005333,
20200622,1615110019434,유진기업(주),1101110376148,
20200622,1615110019434,(주)에스비씨리니어,1101110647599,
20200622,1615110019434,한국자산평가(주),1101111982473,
20200622,1615110019434,한국통운(주),1312110007928,
20200622,1615110019434,한국특수형강(주),1801110015362,
20200622,1615110019434,현대개발(주),2054110009963,
20200622,1615110019434,동화기업(주),2059110009632,
20200622,1615110019434,이순산업(주),2844110060415,
20200622,1615110021158,(주)금토일산업,1101111301730,
20200622,1615110021158,연합자산관리(주),1101114191451,
20200622,1615110021158,국제종합기계(주),1311110000635,
20200622,1615110021158,나투라페이퍼(주),1501110236534,
20200622,1615110021158,(주)오리엔탈정공,1801110038447,
20200622,1615110021158,(주)영광스텐,1801110166991,
20200622,1615110021158,(주)일성하이스코,1812110003611,
20200622,1615110021158,페이퍼코리아(주),2111110000042,
20200622,1615110022122,동원산업(주),1101110003098,
20200622,1615110022122,(주)동원에프앤비,1101112101816,
20200622,1615110022122,(주)동원엔터프라이즈,1101112217572,
20200622,1615110022122,동원팜스(주),1101113809138,
20200622,1615110022122,(주)테크팩솔루션,1101114004787,
20200622,1615110022122,동원로엑스(주),1101114505769,
20200622,1615110022122,동원건설산업(주),1311110330941,
20200622,1615110022122,동원시스템즈(주),1341110011712,
20200622,1615110022122,동원로엑스냉장(주),1801110985002,
20200622,1615110024673,에스와이(주),1301110064351,
20200622,1615110024673,에스와이스틸텍(주),1511110053458,
20200622,1615110024673,에스와이빌드(주),1648110083331,
20200622,1615110027263,(주)에스에프에이,1942110032714,
20200622,1615110044225,(주)크라운해태홀딩스,1101110093552,
20200622,1615110044225,훼미리식품(주),1101115303691,
20200622,1615110044225,(주)크라운제과,1101116332590,
20200622,1615110044697,에이피에스홀딩스(주),1101111315286,
20200622,1615110044697,(주)넥스틴,1344110044981,
20200622,1615110044697,에이피에스에이엠디(주),1348110382440,
20200622,1615110044697,에이피시스템(주),1348110400341,
20200622,1615110044697,코닉오토메이션(주),1601110164064,
20200622,1615110044697,(주)제니스월드,1615110058200,
20200622,1615110046148,(주)서연,1101110129026,
20200622,1615110046148,(주)서연탑메탈,1101110519003,
20200622,1615110046148,(주)서연이화,1101115455476,
20200622,1615110046148,(주)서연인테크,2149110006968,
20200622,1615110046148,(주)서연씨엔에프,2301110268134,
20200622,1615110058200,에이피에스홀딩스(주),1101111315286,
20200622,1615110058200,(주)넥스틴,1344110044981,
20200622,1615110058200,에이피에스에이엠디(주),1348110382440,
20200622,1615110058200,에이피시스템(주),1348110400341,
20200622,1615110058200,코닉오토메이션(주),1601110164064,
20200622,1615110058200,(주)디이엔티,1615110044697,
20200622,1615110078133,(주)코오롱,1101110030528,
20200622,1615110078133,코오롱글로벌(주),1101110036502,
20200622,1615110078133,코오롱제약(주),1101110256259,
20200622,1615110078133,코오롱글로텍(주),1101110524838,
20200622,1615110078133,(주)코오롱인베스트먼트,1101111902786,
20200622,1615110078133,코오롱생명과학(주),1101111948277,
20200622,1615110078133,코오롱이엔지니어링(주),1311110057610,
20200622,1615110078133,코오롱데크컴퍼지트(주),1345110055689,
20200622,1615110078133,코오롱베니트(주),1353110003920,
20200622,1615110078133,코오롱환경에너지(주),1353110005893,
20200622,1615110078133,코오롱머티리얼(주),1353110011139,
20200622,1615110078133,코오롱인더스트리(주),1353110013606,
20200622,1615110078133,코오롱플라스틱(주),1713110003504,
20200622,1615110078133,코오롱바스프이노폼(주),1713110030747,
20200622,1615110086227,하나마이크론(주),1648110021208,
20200622,1615110130206,농업회사법인세양(주),1312110022695,
20200622,1615110130206,농업회사법인조인(주),1313110044556,
20200622,1615110130206,농업회사법인조하(주),1345110103008,
20200622,1615110130206,(주)농업회사법인에버그린,1345110142329,
20200622,1615110130206,(주)농업회사법인알로팜,1346110051768,
20200622,1615110137567,(주)정다운,1101115542497,
20200622,1615110137567,(주)마니커,1345110004149,
20200622,1615110137567,(주)마니커에프앤지,1345110080529,
20200622,1615110137567,(주)팜스토리,1543110001715,
20200622,1615110137567,농업회사법인(주)지리산하이포지피,1545110032972,
20200622,1615110137567,농업회사법인(주)팜스월드지지피,2058110006002,
20200622,1615110137567,우리손에프앤지농업회사법인(주),2112110005321,
20200622,1615110148704,(주)케이피에프,1301110010841,
20200622,1615110148704,(주)글로우원,1311110263754,
20200622,1615110148704,(주)송현홀딩스,1615110009378,
20200622,1615110217509,대선제분(주),1101110014011,
20200622,1615110217509,(주)조흥,1101110019334,
20200622,1615110217509,오뚜기냉동식품(주),1156110002780,
20200622,1615110217509,(주)오뚜기,1341110002258,
20200622,1615110217509,오뚜기라면(주),1347110003212,
20200622,1615110217509,오뚜기제유(주),1545110085187,
20200622,1644110006498,(주)에스쁘아,1101115605013,
20200622,1644110006498,(주)에뛰드,1345110002979,
20200622,1644110006498,(주)코스비전,1345110121547,
20200622,1644110006498,(주)퍼시픽패키지,1501110136495,
20200622,1645110002874,대보실업(주),1101110645824,
20200622,1645110002874,서원레저(주),1101110705032,
20200622,1645110002874,대보디앤에스(주),1101110856710,
20200622,1645110002874,대보유통(주),1348110046624,
20200622,1645110002874,보령물산(주),1542110004993,
20200622,1645110002874,(주)이도,2059110011744,
20200622,1645110015744,(주)한국일오삼,1101112621286,
20200622,1645110015744,(주)체리부로,1543110001997,
20200622,1645110015744,(주)체리푸드,1748110001208,
20200622,1645110021527,에스케이건설(주),1101110038805,
20200622,1645110021527,SK가스(주),1101110413247,
20200622,1645110021527,에스케이렌터카(주),1101110577233,
20200622,1645110021527,에스케이(주),1101110769583,
20200622,1645110021527,에스케이바이오랜드(주),1101111192981,
20200622,1645110021527,에스케이브로드밴드(주),1101111466659,
20200622,1645110021527,에스케이텔링크(주),1101111533599,
20200622,1645110021527,에스케이엠앤서비스(주),1101111873432,
20200622,1645110021527,에스케이디앤디(주),1101113001685,
20200622,1645110021527,울산아로마틱스(주),1101114499954,
20200622,1645110021527,에스케이에너지(주),1101114505967,
20200622,1645110021527,에스케이종합화학(주),1101114505975,
20200622,1645110021527,에스케이바이오팜(주),1101114570720,
20200622,1645110021527,나래에너지서비스(주),1101114926006,
20200622,1645110021527,에스케이매직(주),1101115125962,
20200622,1645110021527,라이프앤시큐리티홀딩스(주),1101115371408,
20200622,1645110021527,에스케이넥실리스,1101116480232,
20200622,1645110021527,SK인천석유화학(주),1201110666464,
20200622,1645110021527,SKC(주),1301110001585,
20200622,1645110021527,SK네트웍스(주),1301110005199,
20200622,1645110021527,에스케이케미칼(주),1311110501021,
20200622,1645110021527,(주)에스케이하이닉스,1344110001387,
20200622,1645110021527,에스케이씨솔믹스(주),1347110014631,
20200622,1645110021527,유빈스(주),1351110077367,
20200622,1645110021527,SK네트웍스서비스(주),1358110141788,
20200622,1645110021527,강원도시가스(주),1401110002010,
20200622,1645110021527,충청에너지서비스(주),1501110006200,
20200622,1645110021527,에스케이바이오텍(주),1601110395453,
20200622,1645110021527,울산지피에스(주),1650110035072,
20200622,1645110021527,당진에코파워,1650110069097,
20200622,1645110021527,에스케이실트론(주),1753110001348,
20200622,1645110021527,에스케이쇼와덴코(주),1756110018553,
20200622,1645110021527,에스케이머티리얼즈(주),1901110006971,
20200622,1645110021527,에스케이에어가스(주),2301110134111,
20200622,1645110021527,미쓰이케미칼앤드에스케이씨폴리우레탄(주),2301110233880,
20200622,1646110011683,케이씨글라스(주),1101110116388,
20200622,1646110011683,케이씨그린홀딩스,1101110155683,
20200622,1646110011683,케이씨코트렐(주),1101114255463,
20200622,1646110011683,케이씨에코물류(주),1101115481554,
20200622,1646110011683,부산신호태양광발전(주),1801110788969,
20200622,1646110011683,케이씨환경서비스(주),2062110018123,
20200622,1647110001591,콜마파마(주),1101110867692,
20200622,1647110001591,에이치케이이노엔(주),1101115379692,
20200622,1647110001591,콜마스크(주),1201110826745,
20200622,1647110001591,(주)에치엔지,1647110012233,
20200622,1647110001591,한국콜마(주),1647110030756,
20200622,1647110012233,콜마파마(주),1101110867692,
20200622,1647110012233,에이치케이이노엔(주),1101115379692,
20200622,1647110012233,콜마스크(주),1201110826745,
20200622,1647110012233,한국콜마홀딩스(주),1647110001591,
20200622,1647110012233,한국콜마(주),1647110030756,
20200622,1647110030756,콜마파마(주),1101110867692,
20200622,1647110030756,에이치케이이노엔(주),1101115379692,
20200622,1647110030756,콜마스크(주),1201110826745,
20200622,1647110030756,한국콜마홀딩스(주),1647110001591,
20200622,1647110030756,(주)에치엔지,1647110012233,
20200622,1647110046456,경창산업(주),1701110007733,
20200622,1647110046456,경창정공(주),1701110031526,
20200622,1648110000434,한일홀딩스(주),1101110040165,
20200622,1648110000434,한일현대시멘트(주),1101110111867,
20200622,1648110000434,한일산업(주),1101110165880,
20200622,1648110000434,한일시멘트(주),1101116799203,
20200622,1648110000434,한일네트웍스(주),1201110175423,
20200622,1648110000434,한일개발(주),1311110067289,
20200622,1648110001961,(주)종근당바이오,1101112373308,
20200622,1648110001961,(주)종근당,1101115260669,
20200622,1648110001961,종근당건강(주),1350110049540,
20200622,1648110008199,아센텍(주),1201110216798,
20200622,1648110008199,세종공업(주),1812110000758,
20200622,1648110008199,(주)세움,2112110009943,
20200622,1648110008462,명신산업(주),1712110000958,
20200622,1648110008462,(주)엠에스오토텍,1712110005114,
20200622,1648110008462,명신산업황성(주),1712110104213,
20200622,1648110008511,동희오토(주),1614110010012,
20200622,1648110008511,(주)동희하이테크,1648110031190,
20200622,1648110008511,(주)동희산업,2301110128734,
20200622,1648110015300,(주)대유플러스,1101110085541,
20200622,1648110015300,동부대우전자(주),1101110546452,
20200622,1648110015300,(주)대유에이텍,1115110000136,
20200622,1648110015300,(주)대유글로벌,2001110408380,
20200622,1648110015300,(주)대유에이피,2101110118854,
20200622,1648110015300,(주)대유합금,2149110046170,
20200622,1648110015756,(주)신영,1747110008595,
20200622,1648110015756,(주)신호,1748110029036,
20200622,1648110021208,하나머티리얼즈(주),1615110086227,
20200622,1648110029351,(주)에스지세계물산,1101110048002,
20200622,1648110029351,(주)에스지충방,1615110000037,
20200622,1648110030580,흥우산업(주),1801110025527,
20200622,1648110030580,흥우건설(주),1801110091354,
20200622,1648110031190,동희오토(주),1614110010012,
20200622,1648110031190,(주)동희,1648110008511,
20200622,1648110031190,(주)동희산업,2301110128734,
20200622,1648110052485,(주)대창스틸,1101110276116,
20200622,1648110055132,세일철강(주),1101110089816,
20200622,1648110055132,세일개발(주),1511110027544,
20200622,1648110083331,에스와이(주),1301110064351,
20200622,1648110083331,에스와이스틸텍(주),1511110053458,
20200622,1648110083331,(주)에스와이테크,1615110024673,
20200622,1648110083365,(주)에이치에스테크놀로지,1101110162802,
20200622,1648110083365,디와이파워(주),1942110234534,
20200622,1648110085139,케이비아이동국실업(주),1101110028939,
20200622,1648110085139,동양철관(주),1201110002056,
20200622,1648110085139,(주)케이비아이텍,1201110013251,
20200622,1648110085139,케이비아이알로이(주),1244110014077,
20200622,1648110085139,(주)케이비아이국인산업,1711110004515,
20200622,1648110085139,케이비아이메탈(주),1741110001294,
20200622,1648110085139,케이비아이건설(주),1748110020969,
20200622,1648110105010,(주)알톤스포츠,1101114313807,
20200622,1648110105010,(주)이녹스,1346110018221,
20200622,1648110109062,(주)원방테크,1101110645353,
20200622,1648110109062,엔브이에이치오토파트(주),1712110026277,
20200622,1648110109062,엔브이에이치코리아(주),1812110003421,
20200622,1648110109062,지에이치신소재(주),1955110052004,
20200622,1648110109062,엔브이에이치오버헤드시스템(주),2301110091907,
20200622,1648110109062,엔브이에이치원방테크(주),2844110100146,
20200622,1649110004864,정우금속공업(주),1115110009310,
20200622,1649110004864,능원금속공업(주),1115110021877,
20200622,1649110009012,(주)동진쎄미켐,1201110003848,
20200622,1650110001924,풍기산업(주),1350110040803,
20200622,1650110001924,대풍공업(주),1350110125457,
20200622,1650110001924,풍일산업(주),2001110146378,
20200622,1650110004621,지에스건설(주),1101110002694,
20200622,1650110004621,(주)지에스글로벌,1101110031479,
20200622,1650110004621,삼양통상(주),1101110033433,
20200622,1650110004621,지에스칼텍스(주),1101110078819,
20200622,1650110004621,파르나스호텔(주),1101110411142,
20200622,1650110004621,지에스엠비즈(주),1101111007023,
20200622,1650110004621,지에스바이오(주),1101114303030,
20200622,1650110004621,인천종합에너지(주),1201110348096,
20200622,1650110004621,(주)피엘에스,1313110093131,
20200622,1650110004621,GS파워(주),1341110074744,
20200622,1650110004621,(주)지에스이앤알,1350110121570,
20200622,1650110004621,(주)지에스동해전력,1447110019225,
20200622,1650110004621,(주)지에스풍력발전,1745110004266,
20200622,1650110004621,(주)지에스엔텍,1812110008699,
20200622,1650110004621,(주)지에스포천그린에너지,2844110079755,
20200622,1650110006768,(주)에이치디씨아이파크몰,1101111635189,
20200622,1650110006768,에이치디씨아이콘트롤스(주),1101111775365,
20200622,1650110006768,에이치디씨아이앤콘스(주),1101111886071,
20200622,1650110006768,부산컨테이너터미널(주),1101115031648,
20200622,1650110006768,에이치디씨현대산업개발(주),1101116740008,
20200622,1650110006768,북항아이브리지(주),1801110560979,
20200622,1650110013911,(주)미래엔인천에너지,1201110577124,
20200622,1650110013911,전북도시가스(주),2101110002221,
20200622,1650110013911,(주)오션스위츠,2201110065649,
20200622,1650110026005,현대건설(주),1101110007909,
20200622,1650110026005,기아자동차(주),1101110037998,
20200622,1650110026005,현대비앤지스틸(주),1101110065395,
20200622,1650110026005,현대자동차(주),1101110085450,
20200622,1650110026005,현대모비스(주),1101110215536,
20200622,1650110026005,현대카드(주),1101110377203,
20200622,1650110026005,현대캐피탈(주),1101110995378,
20200622,1650110026005,현대첨단소재(주),1101111929102,
20200622,1650110026005,현대엔지니어링(주),1101112153015,
20200622,1650110026005,현대글로비스(주),1101112177388,
20200622,1650110026005,현대커머셜(주),1101113646697,
20200622,1650110026005,현대종합특수강(주),1101114505595,
20200622,1650110026005,현대제철(주),1201110001743,
20200622,1650110026005,(주)지아이티,1311110028900,
20200622,1650110026005,현대오트론(주),1341110134001,
20200622,1650110026005,에이치엘그린파워(주),1352110027542,
20200622,1650110026005,현대트랜시스(주),1614110008562,
20200622,1650110026005,현대에코에너지(주),1614110040506,
20200622,1650110026005,현대로템(주),1942110036336,
20200622,1650110035072,에스케이건설(주),1101110038805,
20200622,1650110035072,SK가스(주),1101110413247,
20200622,1650110035072,에스케이렌터카(주),1101110577233,
20200622,1650110035072,에스케이(주),1101110769583,
20200622,1650110035072,에스케이바이오랜드(주),1101111192981,
20200622,1650110035072,에스케이브로드밴드(주),1101111466659,
20200622,1650110035072,에스케이텔링크(주),1101111533599,
20200622,1650110035072,에스케이엠앤서비스(주),1101111873432,
20200622,1650110035072,에스케이디앤디(주),1101113001685,
20200622,1650110035072,울산아로마틱스(주),1101114499954,
20200622,1650110035072,에스케이에너지(주),1101114505967,
20200622,1650110035072,에스케이종합화학(주),1101114505975,
20200622,1650110035072,에스케이바이오팜(주),1101114570720,
20200622,1650110035072,나래에너지서비스(주),1101114926006,
20200622,1650110035072,에스케이매직(주),1101115125962,
20200622,1650110035072,라이프앤시큐리티홀딩스(주),1101115371408,
20200622,1650110035072,에스케이넥실리스,1101116480232,
20200622,1650110035072,SK인천석유화학(주),1201110666464,
20200622,1650110035072,SKC(주),1301110001585,
20200622,1650110035072,SK네트웍스(주),1301110005199,
20200622,1650110035072,에스케이케미칼(주),1311110501021,
20200622,1650110035072,(주)에스케이하이닉스,1344110001387,
20200622,1650110035072,에스케이씨솔믹스(주),1347110014631,
20200622,1650110035072,유빈스(주),1351110077367,
20200622,1650110035072,SK네트웍스서비스(주),1358110141788,
20200622,1650110035072,강원도시가스(주),1401110002010,
20200622,1650110035072,충청에너지서비스(주),1501110006200,
20200622,1650110035072,에스케이바이오텍(주),1601110395453,
20200622,1650110035072,보령엘엔지터미널(주),1645110021527,
20200622,1650110035072,당진에코파워,1650110069097,
20200622,1650110035072,에스케이실트론(주),1753110001348,
20200622,1650110035072,에스케이쇼와덴코(주),1756110018553,
20200622,1650110035072,에스케이머티리얼즈(주),1901110006971,
20200622,1650110035072,에스케이에어가스(주),2301110134111,
20200622,1650110035072,미쓰이케미칼앤드에스케이씨폴리우레탄(주),2301110233880,
20200622,1650110069097,에스케이건설(주),1101110038805,
20200622,1650110069097,SK가스(주),1101110413247,
20200622,1650110069097,에스케이렌터카(주),1101110577233,
20200622,1650110069097,에스케이(주),1101110769583,
20200622,1650110069097,에스케이바이오랜드(주),1101111192981,
20200622,1650110069097,에스케이브로드밴드(주),1101111466659,
20200622,1650110069097,에스케이텔링크(주),1101111533599,
20200622,1650110069097,에스케이엠앤서비스(주),1101111873432,
20200622,1650110069097,에스케이디앤디(주),1101113001685,
20200622,1650110069097,울산아로마틱스(주),1101114499954,
20200622,1650110069097,에스케이에너지(주),1101114505967,
20200622,1650110069097,에스케이종합화학(주),1101114505975,
20200622,1650110069097,에스케이바이오팜(주),1101114570720,
20200622,1650110069097,나래에너지서비스(주),1101114926006,
20200622,1650110069097,에스케이매직(주),1101115125962,
20200622,1650110069097,라이프앤시큐리티홀딩스(주),1101115371408,
20200622,1650110069097,에스케이넥실리스,1101116480232,
20200622,1650110069097,SK인천석유화학(주),1201110666464,
20200622,1650110069097,SKC(주),1301110001585,
20200622,1650110069097,SK네트웍스(주),1301110005199,
20200622,1650110069097,에스케이케미칼(주),1311110501021,
20200622,1650110069097,(주)에스케이하이닉스,1344110001387,
20200622,1650110069097,에스케이씨솔믹스(주),1347110014631,
20200622,1650110069097,유빈스(주),1351110077367,
20200622,1650110069097,SK네트웍스서비스(주),1358110141788,
20200622,1650110069097,강원도시가스(주),1401110002010,
20200622,1650110069097,충청에너지서비스(주),1501110006200,
20200622,1650110069097,에스케이바이오텍(주),1601110395453,
20200622,1650110069097,보령엘엔지터미널(주),1645110021527,
20200622,1650110069097,울산지피에스(주),1650110035072,
20200622,1650110069097,에스케이실트론(주),1753110001348,
20200622,1650110069097,에스케이쇼와덴코(주),1756110018553,
20200622,1650110069097,에스케이머티리얼즈(주),1901110006971,
20200622,1650110069097,에스케이에어가스(주),2301110134111,
20200622,1650110069097,미쓰이케미칼앤드에스케이씨폴리우레탄(주),2301110233880,
20200622,1701110000141,(주)디지비캐피탈,1101114178730,
20200622,1701110000935,삼익정공(주),1701110030768,
20200622,1701110001082,무림캐피탈(주),1101114094035,
20200622,1701110001082,무림P&P(주),1812110002548,
20200622,1701110001082,무림페이퍼(주),1911110000782,
20200622,1701110001082,무림파워텍(주),1911110010575,
20200622,1701110005042,(주)삼라,1101110002834,
20200622,1701110005042,대한해운(주),1101110008212,
20200622,1701110005042,경남기업(주),1101110008262,
20200622,1701110005042,삼환기업(주),1101110020307,
20200622,1701110005042,대한상선(주),1101110356140,
20200622,1701110005042,에스엠신용정보(주),1101111801277,
20200622,1701110005042,(주)티케이케미칼,1101113783457,
20200622,1701110005042,에스엠스틸(주),1243110028914,
20200622,1701110005042,에스엠하이플러스(주),1311110191187,
20200622,1701110005042,에스엠중공업(주),1351110040869,
20200622,1701110005042,한덕철광산업(주),1449110003109,
20200622,1701110005042,에스엠인더스트리(주),1846110007779,
20200622,1701110006412,평화오일씰공업(주),1701110007501,
20200622,1701110006412,평화기공(주),1701110021551,
20200622,1701110006412,(주)평화이엔지,1701110274613,
20200622,1701110006412,평화산업(주),1701110309329,
20200622,1701110006412,평화씨엠비(주),1741110007101,
20200622,1701110006868,성안합섬(주),1701110044826,
20200622,1701110007501,평화홀딩스(주),1701110006412,
20200622,1701110007501,평화기공(주),1701110021551,
20200622,1701110007501,(주)평화이엔지,1701110274613,
20200622,1701110007501,평화산업(주),1701110309329,
20200622,1701110007501,평화씨엠비(주),1741110007101,
20200622,1701110007733,케이비와이퍼시스템(주),1647110046456,
20200622,1701110007733,경창정공(주),1701110031526,
20200622,1701110008913,대우전자부품(주),1341110000822,
20200622,1701110008913,(주)우신산업,1701110071283,
20200622,1701110014936,(주)화신정공,1101114339415,
20200622,1701110017237,대성쎌틱에너시스(주),1101110407141,
20200622,1701110017237,대성계전(주),1101110555768,
20200622,1701110017237,대성산업(주),1101114382612,
20200622,1701110021551,평화홀딩스(주),1701110006412,
20200622,1701110021551,평화오일씰공업(주),1701110007501,
20200622,1701110021551,(주)평화이엔지,1701110274613,
20200622,1701110021551,평화산업(주),1701110309329,
20200622,1701110021551,평화씨엠비(주),1741110007101,
20200622,1701110021816,동원파이프(주),1701110167462,
20200622,1701110029951,(주)동원아이팜,1101110128060,
20200622,1701110030768,삼익THK(주),1701110000935,
20200622,1701110031526,케이비와이퍼시스템(주),1647110046456,
20200622,1701110031526,경창산업(주),1701110007733,
20200622,1701110044826,(주)성안,1701110006868,
20200622,1701110071283,대우전자부품(주),1341110000822,
20200622,1701110071283,아진산업(주),1701110008913,
20200622,1701110092784,(주)광주은행,2001110396882,
20200622,1701110092784,(주)전북은행,2101110000043,
20200622,1701110161828,(주)유라,1348110266959,
20200622,1701110161828,(주)유라코퍼레이션,1501110016506,
20200622,1701110167462,동원금속(주),1701110021816,
20200622,1701110178807,(주)엘에스,1101110003965,
20200622,1701110178807,(주)E1,1101110381387,
20200622,1701110178807,엘에스일렉트릭(주),1101110520076,
20200622,1701110178807,엘에스글로벌인코퍼레이티드(주),1101113359985,
20200622,1701110178807,(주)베스트토요타,1101115129881,
20200622,1701110178807,(주)예스코,1101116708494,
20200622,1701110178807,(주)지앤피,1301110008797,
20200622,1701110178807,가온전선(주),1341110000567,
20200622,1701110178807,엘에스엠트론(주),1341110168349,
20200622,1701110178807,엘에스전선(주),1341110168357,
20200622,1701110178807,엘에스전선아시아(주),1341110411706,
20200622,1701110178807,엘에스에이홀딩스(주),1341110474316,
20200622,1701110178807,엘에스오토모티브테크놀로지스(주),1341110474647,
20200622,1701110178807,엘에스이브이코리아(주),1341110480602,
20200622,1701110178807,(주)토리컴,1350110054119,
20200622,1701110178807,(주)지알엠,1546110008012,
20200622,1701110178807,(주)엘에스네트웍스,1801110044717,
20200622,1701110178807,캐스코(주),2101110047938,
20200622,1701110178807,엘에스니꼬동제련(주),2301110058436,
20200622,1701110178807,한성피씨건설(주),2850110157251,
20200622,1701110247412,(주)세코닉스,1158110006449,
20200622,1701110256786,한국체인공업(주),1346110000260,
20200622,1701110256786,대동금속(주),1741110002630,
20200622,1701110256786,대동공업(주),1911110000104,
20200622,1701110256786,대동기어(주),1911110000758,
20200622,1701110270108,나이스평가정보(주),1101110393283,
20200622,1701110270108,(주)나이스홀딩스,1101110505614,
20200622,1701110270108,케이아이에스정보통신(주),1101110898241,
20200622,1701110270108,한국전자금융(주),1101111848980,
20200622,1701110270108,나이스씨엠에스(주),1101113956252,
20200622,1701110270108,나이스페이먼츠(주),1101116137809,
20200622,1701110270108,서울전자통신(주),1243110009781,
20200622,1701110270108,(주)아이티엠반도체,1311110046639,
20200622,1701110270108,(주)나이스엘엠에스,1348110034942,
20200622,1701110274613,평화홀딩스(주),1701110006412,
20200622,1701110274613,평화오일씰공업(주),1701110007501,
20200622,1701110274613,평화기공(주),1701110021551,
20200622,1701110274613,평화산업(주),1701110309329,
20200622,1701110274613,평화씨엠비(주),1741110007101,
20200622,1701110290867,(주)이랜드리테일,1101110243800,
20200622,1701110290867,(주)이랜드월드,1101110365797,
20200622,1701110290867,(주)이랜드파크,1444110000098,
20200622,1701110309329,평화홀딩스(주),1701110006412,
20200622,1701110309329,평화오일씰공업(주),1701110007501,
20200622,1701110309329,평화기공(주),1701110021551,
20200622,1701110309329,(주)평화이엔지,1701110274613,
20200622,1701110309329,평화씨엠비(주),1741110007101,
20200622,1701110331190,(주)일진유니스코,1101110356455,
20200622,1701110331190,일진디앤코(주),1101113929077,
20200622,1701110331190,일진홀딩스(주),1201110011990,
20200622,1701110331190,일진제강(주),1341110008412,
20200622,1701110331190,일진전기(주),1348110159279,
20200622,1701110331190,일진디스플레이(주),1545110006076,
20200622,1701110459570,(주)신세계조선호텔,1101110003999,
20200622,1701110459570,(주)신세계,1101110028848,
20200622,1701110459570,(주)이마트에브리데이,1101110167498,
20200622,1701110459570,(주)신세계인터내셔날,1101110282402,
20200622,1701110459570,(주)신세계푸드,1101110305288,
20200622,1701110459570,(주)까사미아,1101110873102,
20200622,1701110459570,(주)신세계사이먼,1101113239228,
20200622,1701110459570,(주)이마트,1101114594952,
20200622,1701110459570,(주)신세계프라퍼티,1101115284198,
20200622,1701110459570,(주)인천신세계,1101115615038,
20200622,1701110459570,(주)신세계디에프,1101115698315,
20200622,1701110459570,(주)스타필드안성,1346110091475,
20200622,1701110459570,(주)스타필드하남,1357110074452,
20200622,1701110481581,상신브레이크(주),1741110000527,
20200622,1701110481581,산도테크 (주),1741110003779,
20200622,1701110499980,(주)다원시스,1350110049607,
20200622,1701110638661,현대오일뱅크(주),1101110090558,
20200622,1701110638661,현대에너지솔루션(주),1101116265410,
20200622,1701110638661,현대일렉트릭앤에너지시스템(주),1101116363850,
20200622,1701110638661,현대건설기계(주),1101116363868,
20200622,1701110638661,현대중공업파워시스템(주),1311110527233,
20200622,1701110638661,현대코스모(주),1614110022364,
20200622,1701110638661,현대케미칼(주),1614110031472,
20200622,1701110638661,현대오씨아이(주),1614110036258,
20200622,1701110638661,현대글로벌서비스(주),1801111065811,
20200622,1701110638661,(주)현대미포조선,1812110000526,
20200622,1701110638661,현대삼호중공업(주),2054110003915,
20200622,1701110638661,현대오일터미널(주),2301110188027,
20200622,1701110638661,현대중공업(주),2301110312741,
20200622,1701110657017,이래시에스(주),1801110024644,
20200622,1711110004515,케이비아이동국실업(주),1101110028939,
20200622,1711110004515,동양철관(주),1201110002056,
20200622,1711110004515,(주)케이비아이텍,1201110013251,
20200622,1711110004515,케이비아이알로이(주),1244110014077,
20200622,1711110004515,(주)케이비아이모다,1648110085139,
20200622,1711110004515,케이비아이메탈(주),1741110001294,
20200622,1711110004515,케이비아이건설(주),1748110020969,
20200622,1712110000908,(주)경동나비엔,1347110001159,
20200622,1712110000908,(주)경동에버런,1812110008603,
20200622,1712110000958,(주)명신,1648110008462,
20200622,1712110000958,(주)엠에스오토텍,1712110005114,
20200622,1712110000958,명신산업황성(주),1712110104213,
20200622,1712110001253,(주)서진오토모티브,1101114264828,
20200622,1712110001253,서진산업(주),1341110000806,
20200622,1712110001253,(주)코모스,1348110003418,
20200622,1712110001253,아이아(주),1350110029352,
20200622,1712110001253,(주)연합,1351110038757,
20200622,1712110001253,(주)서진캠,1351110050173,
20200622,1712110001253,(주)영풍기계,1801110071661,
20200622,1712110002799,계룡산업(주),1601110002090,
20200622,1712110002799,계룡건설산업(주),1601110003121,
20200622,1712110002799,케이알유통(주),1601110266711,
20200622,1712110005114,(주)명신,1648110008462,
20200622,1712110005114,명신산업(주),1712110000958,
20200622,1712110005114,명신산업황성(주),1712110104213,
20200622,1712110011848,(주)세진중공업,2301110060126,
20200622,1712110026277,(주)원방테크,1101110645353,
20200622,1712110026277,(주)엔티엠,1648110109062,
20200622,1712110026277,엔브이에이치코리아(주),1812110003421,
20200622,1712110026277,지에이치신소재(주),1955110052004,
20200622,1712110026277,엔브이에이치오버헤드시스템(주),2301110091907,
20200622,1712110026277,엔브이에이치원방테크(주),2844110100146,
20200622,1712110053444,(주)태영건설,1101110155451,
20200622,1712110053444,(주)태영그레인터미널,1341110136304,
20200622,1712110053444,(주)태영인더스트리,1812110012745,
20200622,1712110053444,(주)티에스케이그린에너지,2149110036717,
20200622,1712110053444,(주)티에스케이이앤피,2301110205160,
20200622,1712110053444,(주)티에스케이코퍼레이션,2811110087640,
20200622,1712110057701,서한산업(주),1101111257305,
20200622,1712110057701,엠테스(주),1350110084950,
20200622,1712110057701,캄텍(주),1543110010930,
20200622,1712110057701,한국프랜지공업(주),1812110000443,
20200622,1712110104213,(주)명신,1648110008462,
20200622,1712110104213,명신산업(주),1712110000958,
20200622,1712110104213,(주)엠에스오토텍,1712110005114,
20200622,1713110003504,(주)코오롱,1101110030528,
20200622,1713110003504,코오롱글로벌(주),1101110036502,
20200622,1713110003504,코오롱제약(주),1101110256259,
20200622,1713110003504,코오롱글로텍(주),1101110524838,
20200622,1713110003504,(주)코오롱인베스트먼트,1101111902786,
20200622,1713110003504,코오롱생명과학(주),1101111948277,
20200622,1713110003504,코오롱이엔지니어링(주),1311110057610,
20200622,1713110003504,코오롱데크컴퍼지트(주),1345110055689,
20200622,1713110003504,코오롱베니트(주),1353110003920,
20200622,1713110003504,코오롱환경에너지(주),1353110005893,
20200622,1713110003504,코오롱머티리얼(주),1353110011139,
20200622,1713110003504,코오롱인더스트리(주),1353110013606,
20200622,1713110003504,그린나래(주),1615110078133,
20200622,1713110003504,코오롱바스프이노폼(주),1713110030747,
20200622,1713110019238,평택에너지서비스(주),1313110082267,
20200622,1713110030747,(주)코오롱,1101110030528,
20200622,1713110030747,코오롱글로벌(주),1101110036502,
20200622,1713110030747,코오롱제약(주),1101110256259,
20200622,1713110030747,코오롱글로텍(주),1101110524838,
20200622,1713110030747,(주)코오롱인베스트먼트,1101111902786,
20200622,1713110030747,코오롱생명과학(주),1101111948277,
20200622,1713110030747,코오롱이엔지니어링(주),1311110057610,
20200622,1713110030747,코오롱데크컴퍼지트(주),1345110055689,
20200622,1713110030747,코오롱베니트(주),1353110003920,
20200622,1713110030747,코오롱환경에너지(주),1353110005893,
20200622,1713110030747,코오롱머티리얼(주),1353110011139,
20200622,1713110030747,코오롱인더스트리(주),1353110013606,
20200622,1713110030747,그린나래(주),1615110078133,
20200622,1713110030747,코오롱플라스틱(주),1713110003504,
20200622,1714110019799,동아쏘시오홀딩스(주),1101110017990,
20200622,1714110019799,(주)수석,1101110107973,
20200622,1714110019799,용마로지스(주),1101110245369,
20200622,1714110019799,동아에스티(주),1101115079713,
20200622,1714110019799,동아제약(주),1101115079739,
20200622,1714110019799,에스티팜(주),1545110039704,
20200622,1717110039501,(주)노루홀딩스,1341110002878,
20200622,1717110039501,(주)노루비케미칼,1341110031083,
20200622,1717110039501,(주)디어스엠,1341110135554,
20200622,1717110039501,(주)노루페인트,1341110142575,
20200622,1717110039501,(주)노루케미칼,1350110031406,
20200622,1717110132339,(주)에코프로,1101111598379,
20200622,1717110132339,(주)에코프로이노베이션,1101113273698,
20200622,1717110132339,(주)에코프로비엠,1501110219184,
20200622,1741110000527,에이비테크(주),1701110481581,
20200622,1741110000527,산도테크 (주),1741110003779,
20200622,1741110001294,케이비아이동국실업(주),1101110028939,
20200622,1741110001294,동양철관(주),1201110002056,
20200622,1741110001294,(주)케이비아이텍,1201110013251,
20200622,1741110001294,케이비아이알로이(주),1244110014077,
20200622,1741110001294,(주)케이비아이모다,1648110085139,
20200622,1741110001294,(주)케이비아이국인산업,1711110004515,
20200622,1741110001294,케이비아이건설(주),1748110020969,
20200622,1741110002630,한국체인공업(주),1346110000260,
20200622,1741110002630,하이드로텍(주),1701110256786,
20200622,1741110002630,대동공업(주),1911110000104,
20200622,1741110002630,대동기어(주),1911110000758,
20200622,1741110003779,에이비테크(주),1701110481581,
20200622,1741110003779,상신브레이크(주),1741110000527,
20200622,1741110007101,평화홀딩스(주),1701110006412,
20200622,1741110007101,평화오일씰공업(주),1701110007501,
20200622,1741110007101,평화기공(주),1701110021551,
20200622,1741110007101,(주)평화이엔지,1701110274613,
20200622,1741110007101,평화산업(주),1701110309329,
20200622,1745110004266,지에스건설(주),1101110002694,
20200622,1745110004266,(주)지에스글로벌,1101110031479,
20200622,1745110004266,삼양통상(주),1101110033433,
20200622,1745110004266,지에스칼텍스(주),1101110078819,
20200622,1745110004266,파르나스호텔(주),1101110411142,
20200622,1745110004266,지에스엠비즈(주),1101111007023,
20200622,1745110004266,지에스바이오(주),1101114303030,
20200622,1745110004266,인천종합에너지(주),1201110348096,
20200622,1745110004266,(주)피엘에스,1313110093131,
20200622,1745110004266,GS파워(주),1341110074744,
20200622,1745110004266,(주)지에스이앤알,1350110121570,
20200622,1745110004266,(주)지에스동해전력,1447110019225,
20200622,1745110004266,지에스이피에스(주),1650110004621,
20200622,1745110004266,(주)지에스엔텍,1812110008699,
20200622,1745110004266,(주)지에스포천그린에너지,2844110079755,
20200622,1746110000949,고려산업(주),1801110001494,
20200622,1746110000949,금강공업(주),1801110034320,
20200622,1746110000949,(주)케이에스피,1801110328550,
20200622,1746110000965,(주)지오영,1101112533910,
20200622,1746110000965,(주)제주지오영,2201110057232,
20200622,1746110000981,삼광글라스(주),1101110079817,
20200622,1746110000981,(주)유니드,1101110275069,
20200622,1746110000981,(주)이테크건설,1101110327555,
20200622,1746110000981,(주)유니드글로벌상사,1101111072159,
20200622,1746110000981,오씨아이파워(주),1101114984137,
20200622,1746110000981,군장에너지(주),2111110014332,
20200622,1746110000981,오씨아이에스이(주),2111110035867,
20200622,1746110002979,포스코 ICT(주),1101110658637,
20200622,1746110002979,포스코에너지(주),1101111829576,
20200622,1746110002979,(주)포스코인터내셔널,1101112137358,
20200622,1746110002979,삼척블루파워(주),1101114722438,
20200622,1746110002979,(주)포스코에이앤씨건축사사무소,1746110003448,
20200622,1746110002979,포스코강판(주),1746110006492,
20200622,1746110002979,포스코기술투자(주),1746110029080,
20200622,1746110002979,(주)부산이앤이,1801110721109,
20200622,1746110002979,(주)포스코플랜텍,1812110010898,
20200622,1746110002979,(주)에스엔엔씨,2046110023415,
20200622,1746110002979,(주)피엠씨텍,2046110038977,
20200622,1746110003448,포스코 ICT(주),1101110658637,
20200622,1746110003448,포스코에너지(주),1101111829576,
20200622,1746110003448,(주)포스코인터내셔널,1101112137358,
20200622,1746110003448,삼척블루파워(주),1101114722438,
20200622,1746110003448,(주)포스코건설,1746110002979,
20200622,1746110003448,포스코강판(주),1746110006492,
20200622,1746110003448,포스코기술투자(주),1746110029080,
20200622,1746110003448,(주)부산이앤이,1801110721109,
20200622,1746110003448,(주)포스코플랜텍,1812110010898,
20200622,1746110003448,(주)에스엔엔씨,2046110023415,
20200622,1746110003448,(주)피엠씨텍,2046110038977,
20200622,1746110005478,(주)세아네트웍스,1101110862519,
20200622,1746110005478,(주)세아홀딩스,1101112276809,
20200622,1746110005478,(주)세아제강,1101116860640,
20200622,1746110005478,(주)세아엘앤에스,1511110000847,
20200622,1746110005478,(주)세아창원특수강,1942110025248,
20200622,1746110005478,(주)세아메탈,1943110003292,
20200622,1746110005478,(주)세아씨엠,2111110050667,
20200622,1746110006492,포스코 ICT(주),1101110658637,
20200622,1746110006492,포스코에너지(주),1101111829576,
20200622,1746110006492,(주)포스코인터내셔널,1101112137358,
20200622,1746110006492,삼척블루파워(주),1101114722438,
20200622,1746110006492,(주)포스코건설,1746110002979,
20200622,1746110006492,(주)포스코에이앤씨건축사사무소,1746110003448,
20200622,1746110006492,포스코기술투자(주),1746110029080,
20200622,1746110006492,(주)부산이앤이,1801110721109,
20200622,1746110006492,(주)포스코플랜텍,1812110010898,
20200622,1746110006492,(주)에스엔엔씨,2046110023415,
20200622,1746110006492,(주)피엠씨텍,2046110038977,
20200622,1746110009701,(주)리드코프,1101110219398,
20200622,1746110009701,(주)디케이디앤아이,1345110000600,
20200622,1746110014924,대원강업(주),1101110015556,
20200622,1746110014924,(주)대원총업,1101110859954,
20200622,1746110014924,대원정밀공업(주),1301110007260,
20200622,1746110029080,포스코 ICT(주),1101110658637,
20200622,1746110029080,포스코에너지(주),1101111829576,
20200622,1746110029080,(주)포스코인터내셔널,1101112137358,
20200622,1746110029080,삼척블루파워(주),1101114722438,
20200622,1746110029080,(주)포스코건설,1746110002979,
20200622,1746110029080,(주)포스코에이앤씨건축사사무소,1746110003448,
20200622,1746110029080,포스코강판(주),1746110006492,
20200622,1746110029080,(주)부산이앤이,1801110721109,
20200622,1746110029080,(주)포스코플랜텍,1812110010898,
20200622,1746110029080,(주)에스엔엔씨,2046110023415,
20200622,1746110029080,(주)피엠씨텍,2046110038977,
20200622,1747110008595,(주)신원,1648110015756,
20200622,1747110008595,(주)신호,1748110029036,
20200622,1748110001208,(주)한국일오삼,1101112621286,
20200622,1748110001208,(주)체리부로,1543110001997,
20200622,1748110001208,(주)농업회사법인한국원종,1645110015744,
20200622,1748110003486,아세아제지(주),1101110006274,
20200622,1748110003486,아세아시멘트(주),1101115238096,
20200622,1748110003486,제일산업(주),1345110004256,
20200622,1748110003486,한라시멘트(주),1411110012331,
20200622,1748110003486,아세아산업개발(주),1612110001388,
20200622,1748110003486,(주)에이팩,1845110000684,
20200622,1748110010978,(주)에스엘미러텍,1301110007335,
20200622,1748110020969,케이비아이동국실업(주),1101110028939,
20200622,1748110020969,동양철관(주),1201110002056,
20200622,1748110020969,(주)케이비아이텍,1201110013251,
20200622,1748110020969,케이비아이알로이(주),1244110014077,
20200622,1748110020969,(주)케이비아이모다,1648110085139,
20200622,1748110020969,(주)케이비아이국인산업,1711110004515,
20200622,1748110020969,케이비아이메탈(주),1741110001294,
20200622,1748110029036,(주)신원,1648110015756,
20200622,1748110029036,(주)신영,1747110008595,
20200622,1752110004823,아주스틸(주),1760110020145,
20200622,1752110004823,에이제이스틸(주),2801110073608,
20200622,1752110009526,(주)합동전자,1760110003886,
20200622,1752110033195,(주)새로닉스,1753110000762,
20200622,1752110033195,(주)엘앤에프,1760110022654,
20200622,1752110033195,(주)산코코리아,1760110065109,
20200622,1753110000762,제이에이치화학공업(주),1752110033195,
20200622,1753110000762,(주)엘앤에프,1760110022654,
20200622,1753110000762,(주)산코코리아,1760110065109,
20200622,1753110001348,에스케이건설(주),1101110038805,
20200622,1753110001348,SK가스(주),1101110413247,
20200622,1753110001348,에스케이렌터카(주),1101110577233,
20200622,1753110001348,에스케이(주),1101110769583,
20200622,1753110001348,에스케이바이오랜드(주),1101111192981,
20200622,1753110001348,에스케이브로드밴드(주),1101111466659,
20200622,1753110001348,에스케이텔링크(주),1101111533599,
20200622,1753110001348,에스케이엠앤서비스(주),1101111873432,
20200622,1753110001348,에스케이디앤디(주),1101113001685,
20200622,1753110001348,울산아로마틱스(주),1101114499954,
20200622,1753110001348,에스케이에너지(주),1101114505967,
20200622,1753110001348,에스케이종합화학(주),1101114505975,
20200622,1753110001348,에스케이바이오팜(주),1101114570720,
20200622,1753110001348,나래에너지서비스(주),1101114926006,
20200622,1753110001348,에스케이매직(주),1101115125962,
20200622,1753110001348,라이프앤시큐리티홀딩스(주),1101115371408,
20200622,1753110001348,에스케이넥실리스,1101116480232,
20200622,1753110001348,SK인천석유화학(주),1201110666464,
20200622,1753110001348,SKC(주),1301110001585,
20200622,1753110001348,SK네트웍스(주),1301110005199,
20200622,1753110001348,에스케이케미칼(주),1311110501021,
20200622,1753110001348,(주)에스케이하이닉스,1344110001387,
20200622,1753110001348,에스케이씨솔믹스(주),1347110014631,
20200622,1753110001348,유빈스(주),1351110077367,
20200622,1753110001348,SK네트웍스서비스(주),1358110141788,
20200622,1753110001348,강원도시가스(주),1401110002010,
20200622,1753110001348,충청에너지서비스(주),1501110006200,
20200622,1753110001348,에스케이바이오텍(주),1601110395453,
20200622,1753110001348,보령엘엔지터미널(주),1645110021527,
20200622,1753110001348,울산지피에스(주),1650110035072,
20200622,1753110001348,당진에코파워,1650110069097,
20200622,1753110001348,에스케이쇼와덴코(주),1756110018553,
20200622,1753110001348,에스케이머티리얼즈(주),1901110006971,
20200622,1753110001348,에스케이에어가스(주),2301110134111,
20200622,1753110001348,미쓰이케미칼앤드에스케이씨폴리우레탄(주),2301110233880,
20200622,1756110003950,울산알루미늄(주),2301110275676,
20200622,1756110018553,에스케이건설(주),1101110038805,
20200622,1756110018553,SK가스(주),1101110413247,
20200622,1756110018553,에스케이렌터카(주),1101110577233,
20200622,1756110018553,에스케이(주),1101110769583,
20200622,1756110018553,에스케이바이오랜드(주),1101111192981,
20200622,1756110018553,에스케이브로드밴드(주),1101111466659,
20200622,1756110018553,에스케이텔링크(주),1101111533599,
20200622,1756110018553,에스케이엠앤서비스(주),1101111873432,
20200622,1756110018553,에스케이디앤디(주),1101113001685,
20200622,1756110018553,울산아로마틱스(주),1101114499954,
20200622,1756110018553,에스케이에너지(주),1101114505967,
20200622,1756110018553,에스케이종합화학(주),1101114505975,
20200622,1756110018553,에스케이바이오팜(주),1101114570720,
20200622,1756110018553,나래에너지서비스(주),1101114926006,
20200622,1756110018553,에스케이매직(주),1101115125962,
20200622,1756110018553,라이프앤시큐리티홀딩스(주),1101115371408,
20200622,1756110018553,에스케이넥실리스,1101116480232,
20200622,1756110018553,SK인천석유화학(주),1201110666464,
20200622,1756110018553,SKC(주),1301110001585,
20200622,1756110018553,SK네트웍스(주),1301110005199,
20200622,1756110018553,에스케이케미칼(주),1311110501021,
20200622,1756110018553,(주)에스케이하이닉스,1344110001387,
20200622,1756110018553,에스케이씨솔믹스(주),1347110014631,
20200622,1756110018553,유빈스(주),1351110077367,
20200622,1756110018553,SK네트웍스서비스(주),1358110141788,
20200622,1756110018553,강원도시가스(주),1401110002010,
20200622,1756110018553,충청에너지서비스(주),1501110006200,
20200622,1756110018553,에스케이바이오텍(주),1601110395453,
20200622,1756110018553,보령엘엔지터미널(주),1645110021527,
20200622,1756110018553,울산지피에스(주),1650110035072,
20200622,1756110018553,당진에코파워,1650110069097,
20200622,1756110018553,에스케이실트론(주),1753110001348,
20200622,1756110018553,에스케이머티리얼즈(주),1901110006971,
20200622,1756110018553,에스케이에어가스(주),2301110134111,
20200622,1756110018553,미쓰이케미칼앤드에스케이씨폴리우레탄(주),2301110233880,
20200622,1759110001651,(주)태천,2301110052719,
20200622,1759110001651,부강종합건설(주),2301110079276,
20200622,1759110001651,(주)대원에스앤피,2301110111242,
20200622,1759110001651,수양해운(주),2301110131034,
20200622,1760110003886,(주)화인알텍,1752110009526,
20200622,1760110020054,티에이케이텍스타일(주),1760110080107,
20200622,1760110020145,(주)아주엠씨엠,1752110004823,
20200622,1760110020145,에이제이스틸(주),2801110073608,
20200622,1760110020640,(주)한화,1101110002959,
20200622,1760110020640,한화투자증권(주),1101110003155,
20200622,1760110020640,(주)한화갤러리아,1101110202989,
20200622,1760110020640,한화호텔앤드리조트(주),1101110249709,
20200622,1760110020640,한화솔루션(주),1101110360935,
20200622,1760110020640,(주)한화건설,1101112558405,
20200622,1760110020640,한화에너지(주),1101113807223,
20200622,1760110020640,(주)제주해양과학관,1101114143577,
20200622,1760110020640,(주)한화도시개발,1101114231596,
20200622,1760110020640,한화테크윈(주),1311110514404,
20200622,1760110020640,(주)한화갤러리아타임월드,1601110003410,
20200622,1760110020640,한화종합화학(주),1614110001243,
20200622,1760110020640,한화토탈(주),1614110013066,
20200622,1760110020640,(주)서산테크노밸리,1614110017852,
20200622,1760110020640,한화에어로스페이스(주),1942110000480,
20200622,1760110020640,한화디펜스(주),1942110273300,
20200622,1760110020640,한화파워시스템(주),1942110273318,
20200622,1760110020640,한화정밀기계(주),1942110273326,
20200622,1760110022654,제이에이치화학공업(주),1752110033195,
20200622,1760110022654,(주)새로닉스,1753110000762,
20200622,1760110022654,(주)산코코리아,1760110065109,
20200622,1760110035615,(주)원익큐브,1101110425432,
20200622,1760110035615,(주)원익홀딩스,1243110033235,
20200622,1760110035615,(주)원익아이피에스,1313110163174,
20200622,1760110038073,엘비휴넷(주),1101114025006,
20200622,1760110038073,엘비세미콘(주),1311110046291,
20200622,1760110065109,제이에이치화학공업(주),1752110033195,
20200622,1760110065109,(주)새로닉스,1753110000762,
20200622,1760110065109,(주)엘앤에프,1760110022654,
20200622,1760110080107,도레이첨단소재(주),1760110020054,
20200622,1801110001494,동서화학공업(주),1746110000949,
20200622,1801110001494,금강공업(주),1801110034320,
20200622,1801110001494,(주)케이에스피,1801110328550,
20200622,1801110001973,동국제강(주),1101110031338,
20200622,1801110001973,동국시스템즈(주),1101111462524,
20200622,1801110002814,(주)포스텍,1942110019522,
20200622,1801110003268,한일스틸(주),1801110027226,
20200622,1801110003268,대한네트웍스(주),1801110631184,
20200622,1801110004323,(주)화승티엔드씨,1801110015825,
20200622,1801110004323,(주)화승네트웍스,1801110560995,
20200622,1801110004323,(주)화승엑스윌,1801110588442,
20200622,1801110004323,(주)화승케미칼,1801111138973,
20200622,1801110004323,(주)화승알앤에이,1845110001252,
20200622,1801110004323,(주)화승소재,1845110014213,
20200622,1801110004886,극동제연공업(주),1801110050392,
20200622,1801110004886,(주)씨앤에스국제물류센터,1801110582064,
20200622,1801110004886,(주)씨엠에프,1801110602060,
20200622,1801110004886,(주)천일티엘에스,1801111132769,
20200622,1801110004886,(주)천일택배,1801111132777,
20200622,1801110004894,비아이피(주),1801110031326,
20200622,1801110004894,(주)코스모,1801110124246,
20200622,1801110004894,(주)바이펙스,1801110557752,
20200622,1801110004894,비엔스틸라(주),1801110654954,
20200622,1801110014794,(주)센트랄씨엠에스,1846110003735,
20200622,1801110014794,(주)센트랄모텍,1942110014431,
20200622,1801110014794,(주)네옴,1942110077520,
20200622,1801110014794,(주)네오씨티알,1942110184573,
20200622,1801110014794,(주)센트랄디티에스,2001110242738,
20200622,1801110015362,(주)동양,1101110005333,
20200622,1801110015362,유진기업(주),1101110376148,
20200622,1801110015362,(주)에스비씨리니어,1101110647599,
20200622,1801110015362,한국자산평가(주),1101111982473,
20200622,1801110015362,한국통운(주),1312110007928,
20200622,1801110015362,천안기업(주),1615110019434,
20200622,1801110015362,현대개발(주),2054110009963,
20200622,1801110015362,동화기업(주),2059110009632,
20200622,1801110015362,이순산업(주),2844110060415,
20200622,1801110015825,(주)화승인더스트리,1801110004323,
20200622,1801110015825,(주)화승네트웍스,1801110560995,
20200622,1801110015825,(주)화승엑스윌,1801110588442,
20200622,1801110015825,(주)화승케미칼,1801111138973,
20200622,1801110015825,(주)화승알앤에이,1845110001252,
20200622,1801110015825,(주)화승소재,1845110014213,
20200622,1801110020246,삼보오토(주),1314110133612,
20200622,1801110024644,이래에이엠에스(주),1701110657017,
20200622,1801110025147,(주)대일이노텍,1614110015997,
20200622,1801110025147,(주)제인모터스,2301110263093,
20200622,1801110025428,(주)코스와이어,1801110285957,
20200622,1801110025428,(주)코스글로벌,2341110086277,
20200622,1801110025527,용하산업(주),1648110030580,
20200622,1801110025527,흥우건설(주),1801110091354,
20200622,1801110027078,삼신정밀(주),1943110000917,
20200622,1801110027226,대한제강(주),1801110003268,
20200622,1801110027226,대한네트웍스(주),1801110631184,
20200622,1801110027359,(주)태림,1913110017535,
20200622,1801110028026,(주)영흥,1942110000191,
20200622,1801110030261,세운비엔씨(주),1101111717391,
20200622,1801110031326,(주)대선주조,1801110004894,
20200622,1801110031326,(주)코스모,1801110124246,
20200622,1801110031326,(주)바이펙스,1801110557752,
20200622,1801110031326,비엔스틸라(주),1801110654954,
20200622,1801110031425,넥스틸(주),1801110580365,
20200622,1801110032407,(주)윈하이텍,1545110049654,
20200622,1801110032407,(주)윈하이벤드,1801111039428,
20200622,1801110034320,동서화학공업(주),1746110000949,
20200622,1801110034320,고려산업(주),1801110001494,
20200622,1801110034320,(주)케이에스피,1801110328550,
20200622,1801110038447,(주)금토일산업,1101111301730,
20200622,1801110038447,연합자산관리(주),1101114191451,
20200622,1801110038447,국제종합기계(주),1311110000635,
20200622,1801110038447,나투라페이퍼(주),1501110236534,
20200622,1801110038447,넥스콘테크놀러지(주),1615110021158,
20200622,1801110038447,(주)영광스텐,1801110166991,
20200622,1801110038447,(주)일성하이스코,1812110003611,
20200622,1801110038447,페이퍼코리아(주),2111110000042,
20200622,1801110042456,(주)창신정밀,1801110352615,
20200622,1801110042456,(주)서흥,1801110505256,
20200622,1801110042612,(주)리앤한,1101112299893,
20200622,1801110042612,(주)아이존,1801110295336,
20200622,1801110044717,(주)엘에스,1101110003965,
20200622,1801110044717,(주)E1,1101110381387,
20200622,1801110044717,엘에스일렉트릭(주),1101110520076,
20200622,1801110044717,엘에스글로벌인코퍼레이티드(주),1101113359985,
20200622,1801110044717,(주)베스트토요타,1101115129881,
20200622,1801110044717,(주)예스코,1101116708494,
20200622,1801110044717,(주)지앤피,1301110008797,
20200622,1801110044717,가온전선(주),1341110000567,
20200622,1801110044717,엘에스엠트론(주),1341110168349,
20200622,1801110044717,엘에스전선(주),1341110168357,
20200622,1801110044717,엘에스전선아시아(주),1341110411706,
20200622,1801110044717,엘에스에이홀딩스(주),1341110474316,
20200622,1801110044717,엘에스오토모티브테크놀로지스(주),1341110474647,
20200622,1801110044717,엘에스이브이코리아(주),1341110480602,
20200622,1801110044717,(주)토리컴,1350110054119,
20200622,1801110044717,(주)지알엠,1546110008012,
20200622,1801110044717,엘에스메카피온(주),1701110178807,
20200622,1801110044717,캐스코(주),2101110047938,
20200622,1801110044717,엘에스니꼬동제련(주),2301110058436,
20200622,1801110044717,한성피씨건설(주),2850110157251,
20200622,1801110047703,(주)파낙스,1801110863860,
20200622,1801110050392,천일정기화물자동차(주),1801110004886,
20200622,1801110050392,(주)씨앤에스국제물류센터,1801110582064,
20200622,1801110050392,(주)씨엠에프,1801110602060,
20200622,1801110050392,(주)천일티엘에스,1801111132769,
20200622,1801110050392,(주)천일택배,1801111132777,
20200622,1801110054641,(주)더세이프티,1348110070151,
20200622,1801110054641,(주)엔케이텍,1801110192300,
20200622,1801110054641,(주)이엔케이,1801110508838,
20200622,1801110055722,엘티소재(주),1101113251082,
20200622,1801110062008,선우씨에스(주),1801110603977,
20200622,1801110071661,(주)서진오토모티브,1101114264828,
20200622,1801110071661,서진산업(주),1341110000806,
20200622,1801110071661,(주)코모스,1348110003418,
20200622,1801110071661,아이아(주),1350110029352,
20200622,1801110071661,(주)연합,1351110038757,
20200622,1801110071661,(주)서진캠,1351110050173,
20200622,1801110071661,에코플라스틱(주),1712110001253,
20200622,1801110073922,(주)태상,1801110188945,
20200622,1801110073922,(주)태웅에스엔티,1801110840777,
20200622,1801110073922,(주)스틸코리아,1941110010613,
20200622,1801110079805,동은단조(주),1801110139435,
20200622,1801110079805,(주)동강금속,1845110010500,
20200622,1801110079970,(주)세정,1801110119784,
20200622,1801110083442,씨제이대한통운(주),1101110006167,
20200622,1801110083442,(주)원지,1101110077605,
20200622,1801110083442,삼해상사(주),1101110225254,
20200622,1801110083442,한국복합물류(주),1101110853576,
20200622,1801110083442,"CJ ENM CO., LTD.",1101111109134,
20200622,1801110083442,씨제이올리브네트웍스(주),1101111138498,
20200622,1801110083442,씨제이씨지브이(주),1101111673220,
20200622,1801110083442,CJ제일제당(주),1101113748253,
20200622,1801110083442,씨제이올리브영(주),1101117283974,
20200622,1801110083442,씨제이포디플렉스(주),1601110287527,
20200622,1801110091354,용하산업(주),1648110030580,
20200622,1801110091354,흥우산업(주),1801110025527,
20200622,1801110095306,신성델타테크(주),1942110003096,
20200622,1801110095306,신성에스티 주식회사,1942110068066,
20200622,1801110102359,한선엔지니어링(주),1801110796665,
20200622,1801110108711,위더스케미칼(주),1101111720659,
20200622,1801110119784,(주)세정건설,1801110079970,
20200622,1801110124246,(주)대선주조,1801110004894,
20200622,1801110124246,비아이피(주),1801110031326,
20200622,1801110124246,(주)바이펙스,1801110557752,
20200622,1801110124246,비엔스틸라(주),1801110654954,
20200622,1801110139435,동은산업(주),1801110079805,
20200622,1801110139435,(주)동강금속,1845110010500,
20200622,1801110166991,(주)금토일산업,1101111301730,
20200622,1801110166991,연합자산관리(주),1101114191451,
20200622,1801110166991,국제종합기계(주),1311110000635,
20200622,1801110166991,나투라페이퍼(주),1501110236534,
20200622,1801110166991,넥스콘테크놀러지(주),1615110021158,
20200622,1801110166991,(주)오리엔탈정공,1801110038447,
20200622,1801110166991,(주)일성하이스코,1812110003611,
20200622,1801110166991,페이퍼코리아(주),2111110000042,
20200622,1801110181428,케이티링커스(주),1101110585393,
20200622,1801110181428,(주)케이티,1101111468754,
20200622,1801110181428,(주)케이티아이에스,1101112271510,
20200622,1801110181428,(주)케이티엠하우스,1101113122291,
20200622,1801110181428,케이티텔레캅(주),1101113563023,
20200622,1801110181428,(주)케이티에스테이트,1101114404903,
20200622,1801110181428,(주)케이티엠모바일,1101115684512,
20200622,1801110188945,(주)태웅,1801110073922,
20200622,1801110188945,(주)태웅에스엔티,1801110840777,
20200622,1801110188945,(주)스틸코리아,1941110010613,
20200622,1801110192300,(주)더세이프티,1348110070151,
20200622,1801110192300,(주)엔케이,1801110054641,
20200622,1801110192300,(주)이엔케이,1801110508838,
20200622,1801110246214,(주)파크랜드,1101110266117,
20200622,1801110246214,(주)에스디비즈,1801110644583,
20200622,1801110262476,(주)서흥,1243110004252,
20200622,1801110285957,고려특수선재(주),1801110025428,
20200622,1801110285957,(주)코스글로벌,2341110086277,
20200622,1801110295336,(주)리앤한,1101112299893,
20200622,1801110295336,(주)성우하이텍,1801110042612,
20200622,1801110328550,동서화학공업(주),1746110000949,
20200622,1801110328550,고려산업(주),1801110001494,
20200622,1801110328550,금강공업(주),1801110034320,
20200622,1801110352615,(주)창신아이엔씨,1801110042456,
20200622,1801110352615,(주)서흥,1801110505256,
20200622,1801110396069,S&T중공업(주),1101110042880,
20200622,1801110396069,(주)S&TC,1942110090598,
20200622,1801110505256,(주)창신아이엔씨,1801110042456,
20200622,1801110505256,(주)창신정밀,1801110352615,
20200622,1801110508838,(주)더세이프티,1348110070151,
20200622,1801110508838,(주)엔케이,1801110054641,
20200622,1801110508838,(주)엔케이텍,1801110192300,
20200622,1801110557752,(주)대선주조,1801110004894,
20200622,1801110557752,비아이피(주),1801110031326,
20200622,1801110557752,(주)코스모,1801110124246,
20200622,1801110557752,비엔스틸라(주),1801110654954,
20200622,1801110560979,(주)에이치디씨아이파크몰,1101111635189,
20200622,1801110560979,에이치디씨아이콘트롤스(주),1101111775365,
20200622,1801110560979,에이치디씨아이앤콘스(주),1101111886071,
20200622,1801110560979,부산컨테이너터미널(주),1101115031648,
20200622,1801110560979,에이치디씨현대산업개발(주),1101116740008,
20200622,1801110560979,에이치디씨현대이피(주),1650110006768,
20200622,1801110560995,(주)화승인더스트리,1801110004323,
20200622,1801110560995,(주)화승티엔드씨,1801110015825,
20200622,1801110560995,(주)화승엑스윌,1801110588442,
20200622,1801110560995,(주)화승케미칼,1801111138973,
20200622,1801110560995,(주)화승알앤에이,1845110001252,
20200622,1801110560995,(주)화승소재,1845110014213,
20200622,1801110580365,(주)대성철강,1801110031425,
20200622,1801110582064,천일정기화물자동차(주),1801110004886,
20200622,1801110582064,극동제연공업(주),1801110050392,
20200622,1801110582064,(주)씨엠에프,1801110602060,
20200622,1801110582064,(주)천일티엘에스,1801111132769,
20200622,1801110582064,(주)천일택배,1801111132777,
20200622,1801110588442,(주)화승인더스트리,1801110004323,
20200622,1801110588442,(주)화승티엔드씨,1801110015825,
20200622,1801110588442,(주)화승네트웍스,1801110560995,
20200622,1801110588442,(주)화승케미칼,1801111138973,
20200622,1801110588442,(주)화승알앤에이,1845110001252,
20200622,1801110588442,(주)화승소재,1845110014213,
20200622,1801110602060,천일정기화물자동차(주),1801110004886,
20200622,1801110602060,극동제연공업(주),1801110050392,
20200622,1801110602060,(주)씨앤에스국제물류센터,1801110582064,
20200622,1801110602060,(주)천일티엘에스,1801111132769,
20200622,1801110602060,(주)천일택배,1801111132777,
20200622,1801110603977,현진소재(주),1801110062008,
20200622,1801110607482,(주)농심,1101110057574,
20200622,1801110607482,율촌화학(주),1101110145147,
20200622,1801110607482,(주)메가마트,1101110222557,
20200622,1801110607482,(주)뉴테라넥스,1101114688549,
20200622,1801110607482,태경농산(주),1341110005814,
20200622,1801110608612,(주)케이씨티시,1101110149446,
20200622,1801110608612,(주)에이치엠티메가라인,1101114195346,
20200622,1801110631184,대한제강(주),1801110003268,
20200622,1801110631184,한일스틸(주),1801110027226,
20200622,1801110633031,(주)동성화인텍,1101110404361,
20200622,1801110633031,(주)동성티씨에스,1846110031348,
20200622,1801110644583,(주)파크랜드,1101110266117,
20200622,1801110644583,세동유통(주),1801110246214,
20200622,1801110654954,(주)대선주조,1801110004894,
20200622,1801110654954,비아이피(주),1801110031326,
20200622,1801110654954,(주)코스모,1801110124246,
20200622,1801110654954,(주)바이펙스,1801110557752,
20200622,1801110721109,포스코 ICT(주),1101110658637,
20200622,1801110721109,포스코에너지(주),1101111829576,
20200622,1801110721109,(주)포스코인터내셔널,1101112137358,
20200622,1801110721109,삼척블루파워(주),1101114722438,
20200622,1801110721109,(주)포스코건설,1746110002979,
20200622,1801110721109,(주)포스코에이앤씨건축사사무소,1746110003448,
20200622,1801110721109,포스코강판(주),1746110006492,
20200622,1801110721109,포스코기술투자(주),1746110029080,
20200622,1801110721109,(주)포스코플랜텍,1812110010898,
20200622,1801110721109,(주)에스엔엔씨,2046110023415,
20200622,1801110721109,(주)피엠씨텍,2046110038977,
20200622,1801110722850,(주)비엔케이금융지주,1801110750893,
20200622,1801110722850,(주)경남은행,1942110226226,
20200622,1801110750893,비엔케이캐피탈(주),1801110722850,
20200622,1801110750893,(주)경남은행,1942110226226,
20200622,1801110788969,케이씨글라스(주),1101110116388,
20200622,1801110788969,케이씨그린홀딩스,1101110155683,
20200622,1801110788969,케이씨코트렐(주),1101114255463,
20200622,1801110788969,케이씨에코물류(주),1101115481554,
20200622,1801110788969,케이씨그린에너지(주),1646110011683,
20200622,1801110788969,케이씨환경서비스(주),2062110018123,
20200622,1801110796665,한국선재(주),1801110102359,
20200622,1801110835918,(주)아난티,1301110026814,
20200622,1801110840777,(주)태웅,1801110073922,
20200622,1801110840777,(주)태상,1801110188945,
20200622,1801110840777,(주)스틸코리아,1941110010613,
20200622,1801110863860,욱성화학(주),1801110047703,
20200622,1801110886979,휴켐스(주),1101112611906,
20200622,1801110886979,(주)정산애강,1545110001571,
20200622,1801110886979,태광실업(주),1846110000533,
20200622,1801110985002,동원산업(주),1101110003098,
20200622,1801110985002,(주)동원에프앤비,1101112101816,
20200622,1801110985002,(주)동원엔터프라이즈,1101112217572,
20200622,1801110985002,동원팜스(주),1101113809138,
20200622,1801110985002,(주)테크팩솔루션,1101114004787,
20200622,1801110985002,동원로엑스(주),1101114505769,
20200622,1801110985002,동원건설산업(주),1311110330941,
20200622,1801110985002,동원시스템즈(주),1341110011712,
20200622,1801110985002,(주)동원홈푸드,1615110022122,
20200622,1801111020005,한국가스공사(주),1146710006125,
20200622,1801111039428,(주)윈하이텍,1545110049654,
20200622,1801111039428,(주)윈스틸,1801110032407,
20200622,1801111047299,(주)삼표,1101110073314,
20200622,1801111047299,(주)삼표시멘트,1101110738637,
20200622,1801111047299,삼표피앤씨(주),1101111060930,
20200622,1801111047299,(주)삼표산업,1101115237452,
20200622,1801111047299,삼표레일웨이(주),1101115262110,
20200622,1801111047299,(주)에스피네이처,1348110283705,
20200622,1801111047299,삼표자원개발(주),1446110010001,
20200622,1801111047299,(주)엔알씨,2843110011486,
20200622,1801111065811,현대오일뱅크(주),1101110090558,
20200622,1801111065811,현대에너지솔루션(주),1101116265410,
20200622,1801111065811,현대일렉트릭앤에너지시스템(주),1101116363850,
20200622,1801111065811,현대건설기계(주),1101116363868,
20200622,1801111065811,현대중공업파워시스템(주),1311110527233,
20200622,1801111065811,현대코스모(주),1614110022364,
20200622,1801111065811,현대케미칼(주),1614110031472,
20200622,1801111065811,현대오씨아이(주),1614110036258,
20200622,1801111065811,현대중공업지주(주),1701110638661,
20200622,1801111065811,(주)현대미포조선,1812110000526,
20200622,1801111065811,현대삼호중공업(주),2054110003915,
20200622,1801111065811,현대오일터미널(주),2301110188027,
20200622,1801111065811,현대중공업(주),2301110312741,
20200622,1801111132769,천일정기화물자동차(주),1801110004886,
20200622,1801111132769,극동제연공업(주),1801110050392,
20200622,1801111132769,(주)씨앤에스국제물류센터,1801110582064,
20200622,1801111132769,(주)씨엠에프,1801110602060,
20200622,1801111132769,(주)천일택배,1801111132777,
20200622,1801111132777,천일정기화물자동차(주),1801110004886,
20200622,1801111132777,극동제연공업(주),1801110050392,
20200622,1801111132777,(주)씨앤에스국제물류센터,1801110582064,
20200622,1801111132777,(주)씨엠에프,1801110602060,
20200622,1801111132777,(주)천일티엘에스,1801111132769,
20200622,1801111138973,(주)화승인더스트리,1801110004323,
20200622,1801111138973,(주)화승티엔드씨,1801110015825,
20200622,1801111138973,(주)화승네트웍스,1801110560995,
20200622,1801111138973,(주)화승엑스윌,1801110588442,
20200622,1801111138973,(주)화승알앤에이,1845110001252,
20200622,1801111138973,(주)화승소재,1845110014213,
20200622,1812110000443,서한산업(주),1101111257305,
20200622,1812110000443,엠테스(주),1350110084950,
20200622,1812110000443,캄텍(주),1543110010930,
20200622,1812110000443,서한이앤피(주),1712110057701,
20200622,1812110000526,현대오일뱅크(주),1101110090558,
20200622,1812110000526,현대에너지솔루션(주),1101116265410,
20200622,1812110000526,현대일렉트릭앤에너지시스템(주),1101116363850,
20200622,1812110000526,현대건설기계(주),1101116363868,
20200622,1812110000526,현대중공업파워시스템(주),1311110527233,
20200622,1812110000526,현대코스모(주),1614110022364,
20200622,1812110000526,현대케미칼(주),1614110031472,
20200622,1812110000526,현대오씨아이(주),1614110036258,
20200622,1812110000526,현대중공업지주(주),1701110638661,
20200622,1812110000526,현대글로벌서비스(주),1801111065811,
20200622,1812110000526,현대삼호중공업(주),2054110003915,
20200622,1812110000526,현대오일터미널(주),2301110188027,
20200622,1812110000526,현대중공업(주),2301110312741,
20200622,1812110000758,아센텍(주),1201110216798,
20200622,1812110000758,(주)세정,1648110008199,
20200622,1812110000758,(주)세움,2112110009943,
20200622,1812110002275,대한전선(주),1101110035835,
20200622,1812110002530,(주)덕양케미칼,2301110279149,
20200622,1812110002548,무림캐피탈(주),1101114094035,
20200622,1812110002548,무림에스피(주),1701110001082,
20200622,1812110002548,무림페이퍼(주),1911110000782,
20200622,1812110002548,무림파워텍(주),1911110010575,
20200622,1812110003091,일광이앤씨(주),1101110003353,
20200622,1812110003091,(주)후성,1314110189425,
20200622,1812110003091,후성정공(주),1348110023854,
20200622,1812110003091,유콘시스템(주),1601110119598,
20200622,1812110003091,한국내화(주),1846110000319,
20200622,1812110003091,(주)한텍,2301110052355,
20200622,1812110003421,(주)원방테크,1101110645353,
20200622,1812110003421,(주)엔티엠,1648110109062,
20200622,1812110003421,엔브이에이치오토파트(주),1712110026277,
20200622,1812110003421,지에이치신소재(주),1955110052004,
20200622,1812110003421,엔브이에이치오버헤드시스템(주),2301110091907,
20200622,1812110003421,엔브이에이치원방테크(주),2844110100146,
20200622,1812110003611,(주)금토일산업,1101111301730,
20200622,1812110003611,연합자산관리(주),1101114191451,
20200622,1812110003611,국제종합기계(주),1311110000635,
20200622,1812110003611,나투라페이퍼(주),1501110236534,
20200622,1812110003611,넥스콘테크놀러지(주),1615110021158,
20200622,1812110003611,(주)오리엔탈정공,1801110038447,
20200622,1812110003611,(주)영광스텐,1801110166991,
20200622,1812110003611,페이퍼코리아(주),2111110000042,
20200622,1812110007613,(주)코넥,1614110012696,
20200622,1812110007613,(주)동남,1901110004321,
20200622,1812110007663,대한유화(주),1101110024698,
20200622,1812110007663,(주)코리아에어텍,2301110114452,
20200622,1812110008603,(주)경동나비엔,1347110001159,
20200622,1812110008603,(주)경동원,1712110000908,
20200622,1812110008699,지에스건설(주),1101110002694,
20200622,1812110008699,(주)지에스글로벌,1101110031479,
20200622,1812110008699,삼양통상(주),1101110033433,
20200622,1812110008699,지에스칼텍스(주),1101110078819,
20200622,1812110008699,파르나스호텔(주),1101110411142,
20200622,1812110008699,지에스엠비즈(주),1101111007023,
20200622,1812110008699,지에스바이오(주),1101114303030,
20200622,1812110008699,인천종합에너지(주),1201110348096,
20200622,1812110008699,(주)피엘에스,1313110093131,
20200622,1812110008699,GS파워(주),1341110074744,
20200622,1812110008699,(주)지에스이앤알,1350110121570,
20200622,1812110008699,(주)지에스동해전력,1447110019225,
20200622,1812110008699,지에스이피에스(주),1650110004621,
20200622,1812110008699,(주)지에스풍력발전,1745110004266,
20200622,1812110008699,(주)지에스포천그린에너지,2844110079755,
20200622,1812110010898,포스코 ICT(주),1101110658637,
20200622,1812110010898,포스코에너지(주),1101111829576,
20200622,1812110010898,(주)포스코인터내셔널,1101112137358,
20200622,1812110010898,삼척블루파워(주),1101114722438,
20200622,1812110010898,(주)포스코건설,1746110002979,
20200622,1812110010898,(주)포스코에이앤씨건축사사무소,1746110003448,
20200622,1812110010898,포스코강판(주),1746110006492,
20200622,1812110010898,포스코기술투자(주),1746110029080,
20200622,1812110010898,(주)부산이앤이,1801110721109,
20200622,1812110010898,(주)에스엔엔씨,2046110023415,
20200622,1812110010898,(주)피엠씨텍,2046110038977,
20200622,1812110012208,대우조선해양(주),1101112095837,
20200622,1812110012208,삼우중공업(주),2046110025990,
20200622,1812110012208,대한조선(주),2047110003887,
20200622,1812110012745,(주)태영건설,1101110155451,
20200622,1812110012745,(주)태영그레인터미널,1341110136304,
20200622,1812110012745,신경주역세권공영개발(주),1712110053444,
20200622,1812110012745,(주)티에스케이그린에너지,2149110036717,
20200622,1812110012745,(주)티에스케이이앤피,2301110205160,
20200622,1812110012745,(주)티에스케이코퍼레이션,2811110087640,
20200622,1812110015814,(주)경인양행,1201110005703,
20200622,1845110000684,아세아제지(주),1101110006274,
20200622,1845110000684,아세아시멘트(주),1101115238096,
20200622,1845110000684,제일산업(주),1345110004256,
20200622,1845110000684,한라시멘트(주),1411110012331,
20200622,1845110000684,아세아산업개발(주),1612110001388,
20200622,1845110000684,경산제지(주),1748110003486,
20200622,1845110001252,(주)화승인더스트리,1801110004323,
20200622,1845110001252,(주)화승티엔드씨,1801110015825,
20200622,1845110001252,(주)화승네트웍스,1801110560995,
20200622,1845110001252,(주)화승엑스윌,1801110588442,
20200622,1845110001252,(주)화승케미칼,1801111138973,
20200622,1845110001252,(주)화승소재,1845110014213,
20200622,1845110010500,동은산업(주),1801110079805,
20200622,1845110010500,동은단조(주),1801110139435,
20200622,1845110014213,(주)화승인더스트리,1801110004323,
20200622,1845110014213,(주)화승티엔드씨,1801110015825,
20200622,1845110014213,(주)화승네트웍스,1801110560995,
20200622,1845110014213,(주)화승엑스윌,1801110588442,
20200622,1845110014213,(주)화승케미칼,1801111138973,
20200622,1845110014213,(주)화승알앤에이,1845110001252,
20200622,1845110019370,(주)피제이메탈,1101114382878,
20200622,1845110019370,(주)지피엠,1201110136417,
20200622,1845110019370,(주)풍전비철,1201110149692,
20200622,1846110000319,일광이앤씨(주),1101110003353,
20200622,1846110000319,(주)후성,1314110189425,
20200622,1846110000319,후성정공(주),1348110023854,
20200622,1846110000319,유콘시스템(주),1601110119598,
20200622,1846110000319,후성에이치디에스(주),1812110003091,
20200622,1846110000319,(주)한텍,2301110052355,
20200622,1846110000533,휴켐스(주),1101112611906,
20200622,1846110000533,(주)정산애강,1545110001571,
20200622,1846110000533,(주)정산인터내셔널,1801110886979,
20200622,1846110003735,(주)센트랄,1801110014794,
20200622,1846110003735,(주)센트랄모텍,1942110014431,
20200622,1846110003735,(주)네옴,1942110077520,
20200622,1846110003735,(주)네오씨티알,1942110184573,
20200622,1846110003735,(주)센트랄디티에스,2001110242738,
20200622,1846110007779,(주)삼라,1101110002834,
20200622,1846110007779,대한해운(주),1101110008212,
20200622,1846110007779,경남기업(주),1101110008262,
20200622,1846110007779,삼환기업(주),1101110020307,
20200622,1846110007779,대한상선(주),1101110356140,
20200622,1846110007779,에스엠신용정보(주),1101111801277,
20200622,1846110007779,(주)티케이케미칼,1101113783457,
20200622,1846110007779,에스엠스틸(주),1243110028914,
20200622,1846110007779,에스엠하이플러스(주),1311110191187,
20200622,1846110007779,에스엠중공업(주),1351110040869,
20200622,1846110007779,한덕철광산업(주),1449110003109,
20200622,1846110007779,(주)남선알미늄,1701110005042,
20200622,1846110015871,(주)신흥정밀,1243110003080,
20200622,1846110015871,(주)대성스틸,1313110034234,
20200622,1846110015871,(주)신흥정기,2112110002476,
20200622,1846110031348,(주)동성화인텍,1101110404361,
20200622,1846110031348,(주)동성코퍼레이션,1801110633031,
20200622,1846110038477,(주)휴맥스홀딩스,1101110604200,
20200622,1846110038477,(주)휴맥스,1345110144268,
20200622,1901110001509,에이피지코리아케이이(주),1101116370178,
20200622,1901110004321,(주)코넥,1614110012696,
20200622,1901110004321,동남정밀(주),1812110007613,
20200622,1901110006971,에스케이건설(주),1101110038805,
20200622,1901110006971,SK가스(주),1101110413247,
20200622,1901110006971,에스케이렌터카(주),1101110577233,
20200622,1901110006971,에스케이(주),1101110769583,
20200622,1901110006971,에스케이바이오랜드(주),1101111192981,
20200622,1901110006971,에스케이브로드밴드(주),1101111466659,
20200622,1901110006971,에스케이텔링크(주),1101111533599,
20200622,1901110006971,에스케이엠앤서비스(주),1101111873432,
20200622,1901110006971,에스케이디앤디(주),1101113001685,
20200622,1901110006971,울산아로마틱스(주),1101114499954,
20200622,1901110006971,에스케이에너지(주),1101114505967,
20200622,1901110006971,에스케이종합화학(주),1101114505975,
20200622,1901110006971,에스케이바이오팜(주),1101114570720,
20200622,1901110006971,나래에너지서비스(주),1101114926006,
20200622,1901110006971,에스케이매직(주),1101115125962,
20200622,1901110006971,라이프앤시큐리티홀딩스(주),1101115371408,
20200622,1901110006971,에스케이넥실리스,1101116480232,
20200622,1901110006971,SK인천석유화학(주),1201110666464,
20200622,1901110006971,SKC(주),1301110001585,
20200622,1901110006971,SK네트웍스(주),1301110005199,
20200622,1901110006971,에스케이케미칼(주),1311110501021,
20200622,1901110006971,(주)에스케이하이닉스,1344110001387,
20200622,1901110006971,에스케이씨솔믹스(주),1347110014631,
20200622,1901110006971,유빈스(주),1351110077367,
20200622,1901110006971,SK네트웍스서비스(주),1358110141788,
20200622,1901110006971,강원도시가스(주),1401110002010,
20200622,1901110006971,충청에너지서비스(주),1501110006200,
20200622,1901110006971,에스케이바이오텍(주),1601110395453,
20200622,1901110006971,보령엘엔지터미널(주),1645110021527,
20200622,1901110006971,울산지피에스(주),1650110035072,
20200622,1901110006971,당진에코파워,1650110069097,
20200622,1901110006971,에스케이실트론(주),1753110001348,
20200622,1901110006971,에스케이쇼와덴코(주),1756110018553,
20200622,1901110006971,에스케이에어가스(주),2301110134111,
20200622,1901110006971,미쓰이케미칼앤드에스케이씨폴리우레탄(주),2301110233880,
20200622,1911110000104,한국체인공업(주),1346110000260,
20200622,1911110000104,하이드로텍(주),1701110256786,
20200622,1911110000104,대동금속(주),1741110002630,
20200622,1911110000104,대동기어(주),1911110000758,
20200622,1911110000758,한국체인공업(주),1346110000260,
20200622,1911110000758,하이드로텍(주),1701110256786,
20200622,1911110000758,대동금속(주),1741110002630,
20200622,1911110000758,대동공업(주),1911110000104,
20200622,1911110000782,무림캐피탈(주),1101114094035,
20200622,1911110000782,무림에스피(주),1701110001082,
20200622,1911110000782,무림P&P(주),1812110002548,
20200622,1911110000782,무림파워텍(주),1911110010575,
20200622,1911110010575,무림캐피탈(주),1101114094035,
20200622,1911110010575,무림에스피(주),1701110001082,
20200622,1911110010575,무림P&P(주),1812110002548,
20200622,1911110010575,무림페이퍼(주),1911110000782,
20200622,1913110017535,(주)한국화이바,1801110027359,
20200622,1941110010613,(주)태웅,1801110073922,
20200622,1941110010613,(주)태상,1801110188945,
20200622,1941110010613,(주)태웅에스엔티,1801110840777,
20200622,1942110000076,국보,1101110296073,
20200622,1942110000076,흥아해운(주),1101110515275,
20200622,1942110000076,(주)흥아로지스틱스,1101113631557,
20200622,1942110000076,에이치앤브이물류(주),1344110027565,
20200622,1942110000191,환영철강공업(주),1801110028026,
20200622,1942110000480,(주)한화,1101110002959,
20200622,1942110000480,한화투자증권(주),1101110003155,
20200622,1942110000480,(주)한화갤러리아,1101110202989,
20200622,1942110000480,한화호텔앤드리조트(주),1101110249709,
20200622,1942110000480,한화솔루션(주),1101110360935,
20200622,1942110000480,(주)한화건설,1101112558405,
20200622,1942110000480,한화에너지(주),1101113807223,
20200622,1942110000480,(주)제주해양과학관,1101114143577,
20200622,1942110000480,(주)한화도시개발,1101114231596,
20200622,1942110000480,한화테크윈(주),1311110514404,
20200622,1942110000480,(주)한화갤러리아타임월드,1601110003410,
20200622,1942110000480,한화종합화학(주),1614110001243,
20200622,1942110000480,한화토탈(주),1614110013066,
20200622,1942110000480,(주)서산테크노밸리,1614110017852,
20200622,1942110000480,한화시스템(주),1760110020640,
20200622,1942110000480,한화디펜스(주),1942110273300,
20200622,1942110000480,한화파워시스템(주),1942110273318,
20200622,1942110000480,한화정밀기계(주),1942110273326,
20200622,1942110000943,(주)두산,1101110013774,
20200622,1942110000943,두산인프라코어(주),1201110234469,
20200622,1942110000943,두산메카텍(주),1942110258039,
20200622,1942110000943,두산솔루스(주),2149110058927,
20200622,1942110000943,두산퓨얼셀(주),2149110058935,
20200622,1942110003096,신흥글로벌(주),1801110095306,
20200622,1942110003096,신성에스티 주식회사,1942110068066,
20200622,1942110014431,(주)센트랄,1801110014794,
20200622,1942110014431,(주)센트랄씨엠에스,1846110003735,
20200622,1942110014431,(주)네옴,1942110077520,
20200622,1942110014431,(주)네오씨티알,1942110184573,
20200622,1942110014431,(주)센트랄디티에스,2001110242738,
20200622,1942110019522,STX조선해양(주),1801110002814,
20200622,1942110025248,(주)세아네트웍스,1101110862519,
20200622,1942110025248,(주)세아홀딩스,1101112276809,
20200622,1942110025248,(주)세아제강,1101116860640,
20200622,1942110025248,(주)세아엘앤에스,1511110000847,
20200622,1942110025248,세아특수강(주),1746110005478,
20200622,1942110025248,(주)세아메탈,1943110003292,
20200622,1942110025248,(주)세아씨엠,2111110050667,
20200622,1942110032714,(주)에스에프에이반도체,1615110027263,
20200622,1942110036336,현대건설(주),1101110007909,
20200622,1942110036336,기아자동차(주),1101110037998,
20200622,1942110036336,현대비앤지스틸(주),1101110065395,
20200622,1942110036336,현대자동차(주),1101110085450,
20200622,1942110036336,현대모비스(주),1101110215536,
20200622,1942110036336,현대카드(주),1101110377203,
20200622,1942110036336,현대캐피탈(주),1101110995378,
20200622,1942110036336,현대첨단소재(주),1101111929102,
20200622,1942110036336,현대엔지니어링(주),1101112153015,
20200622,1942110036336,현대글로비스(주),1101112177388,
20200622,1942110036336,현대커머셜(주),1101113646697,
20200622,1942110036336,현대종합특수강(주),1101114505595,
20200622,1942110036336,현대제철(주),1201110001743,
20200622,1942110036336,(주)지아이티,1311110028900,
20200622,1942110036336,현대오트론(주),1341110134001,
20200622,1942110036336,에이치엘그린파워(주),1352110027542,
20200622,1942110036336,현대트랜시스(주),1614110008562,
20200622,1942110036336,현대에코에너지(주),1614110040506,
20200622,1942110036336,그린에어(주),1650110026005,
20200622,1942110061490,(주)클라크,1101110936752,
20200622,1942110061490,(주)영안양행,1101111405540,
20200622,1942110061490,자일자동차판매(주),1201110592908,
20200622,1942110061490,자일대우상용차(주),1211110157066,
20200622,1942110061490,영안모자(주),1243110012552,
20200622,1942110068066,신흥글로벌(주),1801110095306,
20200622,1942110068066,신성델타테크(주),1942110003096,
20200622,1942110077520,(주)센트랄,1801110014794,
20200622,1942110077520,(주)센트랄씨엠에스,1846110003735,
20200622,1942110077520,(주)센트랄모텍,1942110014431,
20200622,1942110077520,(주)네오씨티알,1942110184573,
20200622,1942110077520,(주)센트랄디티에스,2001110242738,
20200622,1942110090598,S&T중공업(주),1101110042880,
20200622,1942110090598,S&T모티브(주),1801110396069,
20200622,1942110184573,(주)센트랄,1801110014794,
20200622,1942110184573,(주)센트랄씨엠에스,1846110003735,
20200622,1942110184573,(주)센트랄모텍,1942110014431,
20200622,1942110184573,(주)네옴,1942110077520,
20200622,1942110184573,(주)센트랄디티에스,2001110242738,
20200622,1942110223694,한국제지(주),1101110002818,
20200622,1942110223694,해성산업(주),1101110028145,
20200622,1942110223694,계양전기(주),1101110212889,
20200622,1942110223694,(주)한국팩키지,1350110040291,
20200622,1942110226226,비엔케이캐피탈(주),1801110722850,
20200622,1942110226226,(주)비엔케이금융지주,1801110750893,
20200622,1942110234534,(주)에이치에스테크놀로지,1101110162802,
20200622,1942110234534,디와이오토(주),1648110083365,
20200622,1942110258039,(주)두산,1101110013774,
20200622,1942110258039,두산인프라코어(주),1201110234469,
20200622,1942110258039,두산중공업(주),1942110000943,
20200622,1942110258039,두산솔루스(주),2149110058927,
20200622,1942110258039,두산퓨얼셀(주),2149110058935,
20200622,1942110273300,(주)한화,1101110002959,
20200622,1942110273300,한화투자증권(주),1101110003155,
20200622,1942110273300,(주)한화갤러리아,1101110202989,
20200622,1942110273300,한화호텔앤드리조트(주),1101110249709,
20200622,1942110273300,한화솔루션(주),1101110360935,
20200622,1942110273300,(주)한화건설,1101112558405,
20200622,1942110273300,한화에너지(주),1101113807223,
20200622,1942110273300,(주)제주해양과학관,1101114143577,
20200622,1942110273300,(주)한화도시개발,1101114231596,
20200622,1942110273300,한화테크윈(주),1311110514404,
20200622,1942110273300,(주)한화갤러리아타임월드,1601110003410,
20200622,1942110273300,한화종합화학(주),1614110001243,
20200622,1942110273300,한화토탈(주),1614110013066,
20200622,1942110273300,(주)서산테크노밸리,1614110017852,
20200622,1942110273300,한화시스템(주),1760110020640,
20200622,1942110273300,한화에어로스페이스(주),1942110000480,
20200622,1942110273300,한화파워시스템(주),1942110273318,
20200622,1942110273300,한화정밀기계(주),1942110273326,
20200622,1942110273318,(주)한화,1101110002959,
20200622,1942110273318,한화투자증권(주),1101110003155,
20200622,1942110273318,(주)한화갤러리아,1101110202989,
20200622,1942110273318,한화호텔앤드리조트(주),1101110249709,
20200622,1942110273318,한화솔루션(주),1101110360935,
20200622,1942110273318,(주)한화건설,1101112558405,
20200622,1942110273318,한화에너지(주),1101113807223,
20200622,1942110273318,(주)제주해양과학관,1101114143577,
20200622,1942110273318,(주)한화도시개발,1101114231596,
20200622,1942110273318,한화테크윈(주),1311110514404,
20200622,1942110273318,(주)한화갤러리아타임월드,1601110003410,
20200622,1942110273318,한화종합화학(주),1614110001243,
20200622,1942110273318,한화토탈(주),1614110013066,
20200622,1942110273318,(주)서산테크노밸리,1614110017852,
20200622,1942110273318,한화시스템(주),1760110020640,
20200622,1942110273318,한화에어로스페이스(주),1942110000480,
20200622,1942110273318,한화디펜스(주),1942110273300,
20200622,1942110273318,한화정밀기계(주),1942110273326,
20200622,1942110273326,(주)한화,1101110002959,
20200622,1942110273326,한화투자증권(주),1101110003155,
20200622,1942110273326,(주)한화갤러리아,1101110202989,
20200622,1942110273326,한화호텔앤드리조트(주),1101110249709,
20200622,1942110273326,한화솔루션(주),1101110360935,
20200622,1942110273326,(주)한화건설,1101112558405,
20200622,1942110273326,한화에너지(주),1101113807223,
20200622,1942110273326,(주)제주해양과학관,1101114143577,
20200622,1942110273326,(주)한화도시개발,1101114231596,
20200622,1942110273326,한화테크윈(주),1311110514404,
20200622,1942110273326,(주)한화갤러리아타임월드,1601110003410,
20200622,1942110273326,한화종합화학(주),1614110001243,
20200622,1942110273326,한화토탈(주),1614110013066,
20200622,1942110273326,(주)서산테크노밸리,1614110017852,
20200622,1942110273326,한화시스템(주),1760110020640,
20200622,1942110273326,한화에어로스페이스(주),1942110000480,
20200622,1942110273326,한화디펜스(주),1942110273300,
20200622,1942110273326,한화파워시스템(주),1942110273318,
20200622,1943110000917,영화금속(주),1801110027078,
20200622,1943110003292,(주)세아네트웍스,1101110862519,
20200622,1943110003292,(주)세아홀딩스,1101112276809,
20200622,1943110003292,(주)세아제강,1101116860640,
20200622,1943110003292,(주)세아엘앤에스,1511110000847,
20200622,1943110003292,세아특수강(주),1746110005478,
20200622,1943110003292,(주)세아창원특수강,1942110025248,
20200622,1943110003292,(주)세아씨엠,2111110050667,
20200622,1943110030550,케이지동부제철(주),1101110393308,
20200622,1943110030550,(주)케이지제로인,1101111269540,
20200622,1943110030550,(주)케이지이니시스,1101111602667,
20200622,1943110030550,케이지이티에스(주),1101111799183,
20200622,1943110030550,이데일리(주),1101111853608,
20200622,1943110030550,(주)케이지모빌리언스,1101111911050,
20200622,1943110030550,(주)케이지에듀원,1101111959183,
20200622,1943110030550,케이지케미칼(주),1243110008999,
20200622,1943110030550,(주)케이지써닝라이프,1345110166296,
20200622,1945110007216,(주)상상인,1201110050104,
20200622,1948110004183,롯데쇼핑(주),1101110000086,
20200622,1948110004183,롯데건설(주),1101110014764,
20200622,1948110004183,(주)롯데푸드,1101110033722,
20200622,1948110004183,롯데지주(주),1101110076300,
20200622,1948110004183,호텔롯데(주),1101110145410,
20200622,1948110004183,롯데상사(주),1101110159099,
20200622,1948110004183,롯데케미칼(주),1101110193196,
20200622,1948110004183,롯데하이마트(주),1101110532633,
20200622,1948110004183,롯데캐피탈(주),1101111217416,
20200622,1948110004183,롯데렌탈(주),1101113326588,
20200622,1948110004183,서울복합물류프로젝트금융투자(주),1101114660232,
20200622,1948110004183,롯데정보통신(주),1101116557114,
20200622,1948110004183,롯데컬처웍스(주),1101116768969,
20200622,1948110004183,롯데위탁관리부동산투자회사(주),1101117061081,
20200622,1948110004183,롯데오토리스(주),1341110213433,
20200622,1948110004183,(주)백학음료,1349110029305,
20200622,1948110004183,(주)충북소주,1501110082218,
20200622,1948110004183,롯데베르살리스엘라스토머스(주),2062110050365,
20200622,1948110004183,데크항공(주),2101110061897,
20200622,1954110007168,(주)오르비텍,1101110753734,
20200622,1954110007168,(주)에이에스티지,1101115940899,
20200622,1954110012224,한국항공우주산업(주),1101111827570,
20200622,1955110052004,(주)원방테크,1101110645353,
20200622,1955110052004,(주)엔티엠,1648110109062,
20200622,1955110052004,엔브이에이치오토파트(주),1712110026277,
20200622,1955110052004,엔브이에이치코리아(주),1812110003421,
20200622,1955110052004,엔브이에이치오버헤드시스템(주),2301110091907,
20200622,1955110052004,엔브이에이치원방테크(주),2844110100146,
20200622,1955110069249,동국산업(주),1101110085583,
20200622,1955110069249,디케이동신(주),1101113850959,
20200622,2001110000467,남광토건(주),1101110017411,
20200622,2001110000467,극동건설(주),1101110027858,
20200622,2001110003205,(주)한양,1101110144347,
20200622,2001110003205,해원에스티(주),2001110065213,
20200622,2001110003205,해원엠에스씨(주),2013110025189,
20200622,2001110007041,(주)에스피씨삼립,1101110090516,
20200622,2001110007041,(주)파리크라상,1101110508311,
20200622,2001110007041,(주)에스피씨지에프에스,1311110380946,
20200622,2001110007041,에스피엘(주),1313110033129,
20200622,2001110016547,(주)우미글로벌,2001110145023,
20200622,2001110016547,우미건설(주),2052110001385,
20200622,2001110016662,나주관광개발(주),2001110068754,
20200622,2001110016662,중흥에스클래스주식회사,2001110218846,
20200622,2001110016662,중봉산업개발(주),2001110316765,
20200622,2001110016662,중흥토건(주),2055110004135,
20200622,2001110019666,(주)유탑건설,2001110177365,
20200622,2001110019666,(주)유탑디앤씨,2001110411424,
20200622,2001110037618,(주)호원오토,1349110004125,
20200622,2001110037618,(주)호원테크,2001110187843,
20200622,2001110046346,(주)영무토건,2001110084297,
20200622,2001110062300,삼보모터스(주),1101110545529,
20200622,2001110062300,(주)프라코,1101110609185,
20200622,2001110062300,보고에이피(주),1313110043897,
20200622,2001110062300,삼보에이앤티(주),1544110004163,
20200622,2001110065213,(주)한양,1101110144347,
20200622,2001110065213,(주)보성,2001110003205,
20200622,2001110065213,해원엠에스씨(주),2013110025189,
20200622,2001110068754,중흥건설(주),2001110016662,
20200622,2001110068754,중흥에스클래스주식회사,2001110218846,
20200622,2001110068754,중봉산업개발(주),2001110316765,
20200622,2001110068754,중흥토건(주),2055110004135,
20200622,2001110076179,미래에셋대우(주),1101110011679,
20200622,2001110076179,멀티에셋자산운용(주),1101111271115,
20200622,2001110076179,미래에셋벤처투자(주),1101111710527,
20200622,2001110076179,미래에셋생명보험(주),1601110014483,
20200622,2001110084297,(주)영무건설,2001110046346,
20200622,2001110085675,혜림건설(주),2001110257753,
20200622,2001110114797,진흥기업(주),1101110006349,
20200622,2001110114797,(주)효성,1101110030497,
20200622,2001110114797,효성티앤에스(주),1101110511546,
20200622,2001110114797,효성굿스프링스(주),1101110653653,
20200622,2001110114797,효성아이티엑스(주),1101111412256,
20200622,2001110114797,효성캐피탈(주),1101111419286,
20200622,2001110114797,더클래스효성(주),1101112875479,
20200622,2001110114797,(주)에프엠케이,1101113690032,
20200622,2001110114797,갤럭시아코퍼레이션(주),1101114762963,
20200622,2001110114797,효성티앤씨(주),1101116770138,
20200622,2001110114797,효성중공업(주),1101116770154,
20200622,2001110114797,효성첨단소재(주),1101116770170,
20200622,2001110114797,효성화학(주),1101116770188,
20200622,2001110114797,신화인터텍(주),1348110011677,
20200622,2001110145023,(주)우미산업개발,2001110016547,
20200622,2001110145023,우미건설(주),2052110001385,
20200622,2001110146378,풍기산업(주),1350110040803,
20200622,2001110146378,대풍공업(주),1350110125457,
20200622,2001110146378,대우공업(주),1650110001924,
20200622,2001110160633,(주)덕원이앤씨,1311110360948,
20200622,2001110160633,(주)대광이엔씨,1358110085340,
20200622,2001110160633,(주)대광에이엠씨,1358110222786,
20200622,2001110177365,(주)유탑엔지니어링건축사사무소,2001110019666,
20200622,2001110177365,(주)유탑디앤씨,2001110411424,
20200622,2001110187843,(주)호원오토,1349110004125,
20200622,2001110187843,(주)호원,2001110037618,
20200622,2001110218846,중흥건설(주),2001110016662,
20200622,2001110218846,나주관광개발(주),2001110068754,
20200622,2001110218846,중봉산업개발(주),2001110316765,
20200622,2001110218846,중흥토건(주),2055110004135,
20200622,2001110231418,아시아나에어포트(주),1101110562713,
20200622,2001110231418,아시아나항공(주),1101110562804,
20200622,2001110235189,(주)삼익악기,1201110001818,
20200622,2001110235189,삼송캐스터,1201110010330,
20200622,2001110235189,(주)스페코,1348110001545,
20200622,2001110242738,(주)센트랄,1801110014794,
20200622,2001110242738,(주)센트랄씨엠에스,1846110003735,
20200622,2001110242738,(주)센트랄모텍,1942110014431,
20200622,2001110242738,(주)네옴,1942110077520,
20200622,2001110242738,(주)네오씨티알,1942110184573,
20200622,2001110257753,두레청과(주),2001110085675,
20200622,2001110308994,(주)호반건설,2047110007384,
20200622,2001110316765,중흥건설(주),2001110016662,
20200622,2001110316765,나주관광개발(주),2001110068754,
20200622,2001110316765,중흥에스클래스주식회사,2001110218846,
20200622,2001110316765,중흥토건(주),2055110004135,
20200622,2001110396882,제이비우리캐피탈(주),1701110092784,
20200622,2001110396882,(주)전북은행,2101110000043,
20200622,2001110408380,(주)대유플러스,1101110085541,
20200622,2001110408380,동부대우전자(주),1101110546452,
20200622,2001110408380,(주)대유에이텍,1115110000136,
20200622,2001110408380,(주)위니아딤채,1648110015300,
20200622,2001110408380,(주)대유에이피,2101110118854,
20200622,2001110408380,(주)대유합금,2149110046170,
20200622,2001110411424,(주)유탑엔지니어링건축사사무소,2001110019666,
20200622,2001110411424,(주)유탑건설,2001110177365,
20200622,2013110025189,(주)한양,1101110144347,
20200622,2013110025189,(주)보성,2001110003205,
20200622,2013110025189,해원에스티(주),2001110065213,
20200622,2043110008603,한솔테크닉스(주),1101110004682,
20200622,2043110008603,한솔홀딩스(주),1101110017867,
20200622,2043110008603,한솔로지스틱스(주),1101110150659,
20200622,2043110008603,(주)한솔케미칼,1101110270895,
20200622,2043110008603,(주)한솔홈데코,1101110825624,
20200622,2043110008603,한솔인티큐브(주),1101112915605,
20200622,2043110008603,한솔제지(주),1101115604700,
20200622,2043110008603,(주)테이팩스,1201110095499,
20200622,2043110008603,엑스큐어(주),1350110106150,
20200622,2043110008603,한솔이엠이(주),1601110123185,
20200622,2046110000497,(주)동방,1101110124521,
20200622,2046110000497,유엔씨티(주),1101112770851,
20200622,2046110000596,(주)코스틸,1101110211641,
20200622,2046110023415,포스코 ICT(주),1101110658637,
20200622,2046110023415,포스코에너지(주),1101111829576,
20200622,2046110023415,(주)포스코인터내셔널,1101112137358,
20200622,2046110023415,삼척블루파워(주),1101114722438,
20200622,2046110023415,(주)포스코건설,1746110002979,
20200622,2046110023415,(주)포스코에이앤씨건축사사무소,1746110003448,
20200622,2046110023415,포스코강판(주),1746110006492,
20200622,2046110023415,포스코기술투자(주),1746110029080,
20200622,2046110023415,(주)부산이앤이,1801110721109,
20200622,2046110023415,(주)포스코플랜텍,1812110010898,
20200622,2046110023415,(주)피엠씨텍,2046110038977,
20200622,2046110025990,대우조선해양(주),1101112095837,
20200622,2046110025990,신한중공업(주),1812110012208,
20200622,2046110025990,대한조선(주),2047110003887,
20200622,2046110030668,쌍용양회공업(주),1101110037823,
20200622,2046110030668,쌍용레미콘(주),1101114070952,
20200622,2046110030668,한국기초소재(주),1201110487232,
20200622,2046110030668,쌍용로지스틱스(주),1447110025313,
20200622,2046110030668,대한시멘트(주),2046110038589,
20200622,2046110030668,쌍용기초소재(주),2111110015835,
20200622,2046110038589,쌍용양회공업(주),1101110037823,
20200622,2046110038589,쌍용레미콘(주),1101114070952,
20200622,2046110038589,한국기초소재(주),1201110487232,
20200622,2046110038589,쌍용로지스틱스(주),1447110025313,
20200622,2046110038589,대한슬래그(주),2046110030668,
20200622,2046110038589,쌍용기초소재(주),2111110015835,
20200622,2046110038977,포스코 ICT(주),1101110658637,
20200622,2046110038977,포스코에너지(주),1101111829576,
20200622,2046110038977,(주)포스코인터내셔널,1101112137358,
20200622,2046110038977,삼척블루파워(주),1101114722438,
20200622,2046110038977,(주)포스코건설,1746110002979,
20200622,2046110038977,(주)포스코에이앤씨건축사사무소,1746110003448,
20200622,2046110038977,포스코강판(주),1746110006492,
20200622,2046110038977,포스코기술투자(주),1746110029080,
20200622,2046110038977,(주)부산이앤이,1801110721109,
20200622,2046110038977,(주)포스코플랜텍,1812110010898,
20200622,2046110038977,(주)에스엔엔씨,2046110023415,
20200622,2047110003887,대우조선해양(주),1101112095837,
20200622,2047110003887,신한중공업(주),1812110012208,
20200622,2047110003887,삼우중공업(주),2046110025990,
20200622,2047110007384,(주)호반산업,2001110308994,
20200622,2052110001385,(주)우미산업개발,2001110016547,
20200622,2052110001385,(주)우미글로벌,2001110145023,
20200622,2052110005288,세라코(주),2055110035859,
20200622,2052110026721,(주)녹십자,1101110109854,
20200622,2052110026721,(주)녹십자셀,1101110889985,
20200622,2052110026721,(주)녹십자헬스케어,1101112833584,
20200622,2052110026721,(주)녹십자홀딩스,1345110000014,
20200622,2052110026721,(주)녹십자엠에스,1345110076627,
20200622,2052110026721,(주)녹십자웰빙,1345110083218,
20200622,2052110026721,(주)녹십자랩셀,1345110172532,
20200622,2052110026721,(주)녹십자지놈,1345110215100,
20200622,2054110003915,현대오일뱅크(주),1101110090558,
20200622,2054110003915,현대에너지솔루션(주),1101116265410,
20200622,2054110003915,현대일렉트릭앤에너지시스템(주),1101116363850,
20200622,2054110003915,현대건설기계(주),1101116363868,
20200622,2054110003915,현대중공업파워시스템(주),1311110527233,
20200622,2054110003915,현대코스모(주),1614110022364,
20200622,2054110003915,현대케미칼(주),1614110031472,
20200622,2054110003915,현대오씨아이(주),1614110036258,
20200622,2054110003915,현대중공업지주(주),1701110638661,
20200622,2054110003915,현대글로벌서비스(주),1801111065811,
20200622,2054110003915,(주)현대미포조선,1812110000526,
20200622,2054110003915,현대오일터미널(주),2301110188027,
20200622,2054110003915,현대중공업(주),2301110312741,
20200622,2054110006068,대주코레스(주),1101110138168,
20200622,2054110006068,대주중공업(주),1201110046161,
20200622,2054110006068,대주이엔티(주),1201110051590,
20200622,2054110006068,대연인터내셔널(주),1201110320185,
20200622,2054110006068,대주정공(주),1243110010283,
20200622,2054110006068,한국알루미나(주),2054110015069,
20200622,2054110009963,(주)동양,1101110005333,
20200622,2054110009963,유진기업(주),1101110376148,
20200622,2054110009963,(주)에스비씨리니어,1101110647599,
20200622,2054110009963,한국자산평가(주),1101111982473,
20200622,2054110009963,한국통운(주),1312110007928,
20200622,2054110009963,천안기업(주),1615110019434,
20200622,2054110009963,한국특수형강(주),1801110015362,
20200622,2054110009963,동화기업(주),2059110009632,
20200622,2054110009963,이순산업(주),2844110060415,
20200622,2054110015069,대주코레스(주),1101110138168,
20200622,2054110015069,대주중공업(주),1201110046161,
20200622,2054110015069,대주이엔티(주),1201110051590,
20200622,2054110015069,대연인터내셔널(주),1201110320185,
20200622,2054110015069,대주정공(주),1243110010283,
20200622,2054110015069,케이씨(주),2054110006068,
20200622,2055110004135,중흥건설(주),2001110016662,
20200622,2055110004135,나주관광개발(주),2001110068754,
20200622,2055110004135,중흥에스클래스주식회사,2001110218846,
20200622,2055110004135,중봉산업개발(주),2001110316765,
20200622,2055110035859,다스코(주),2052110005288,
20200622,2057110007169,(주)라인건설,2201110002659,
20200622,2058110006002,(주)정다운,1101115542497,
20200622,2058110006002,(주)마니커,1345110004149,
20200622,2058110006002,(주)마니커에프앤지,1345110080529,
20200622,2058110006002,(주)팜스토리,1543110001715,
20200622,2058110006002,농업회사법인(주)지리산하이포지피,1545110032972,
20200622,2058110006002,(주)이지팜스,1615110137567,
20200622,2058110006002,우리손에프앤지농업회사법인(주),2112110005321,
20200622,2059110009632,(주)동양,1101110005333,
20200622,2059110009632,유진기업(주),1101110376148,
20200622,2059110009632,(주)에스비씨리니어,1101110647599,
20200622,2059110009632,한국자산평가(주),1101111982473,
20200622,2059110009632,한국통운(주),1312110007928,
20200622,2059110009632,천안기업(주),1615110019434,
20200622,2059110009632,한국특수형강(주),1801110015362,
20200622,2059110009632,현대개발(주),2054110009963,
20200622,2059110009632,이순산업(주),2844110060415,
20200622,2059110011744,대보실업(주),1101110645824,
20200622,2059110011744,서원레저(주),1101110705032,
20200622,2059110011744,대보디앤에스(주),1101110856710,
20200622,2059110011744,대보유통(주),1348110046624,
20200622,2059110011744,보령물산(주),1542110004993,
20200622,2059110011744,대보건설(주),1645110002874,
20200622,2062110018123,케이씨글라스(주),1101110116388,
20200622,2062110018123,케이씨그린홀딩스,1101110155683,
20200622,2062110018123,케이씨코트렐(주),1101114255463,
20200622,2062110018123,케이씨에코물류(주),1101115481554,
20200622,2062110018123,케이씨그린에너지(주),1646110011683,
20200622,2062110018123,부산신호태양광발전(주),1801110788969,
20200622,2062110018313,금호석유화학(주),1101110205975,
20200622,2062110018313,금호폴리켐(주),1101110400533,
20200622,2062110018313,(주)강원학교태양광,1401110054920,
20200622,2062110018313,금호티앤엘(주),2062110039707,
20200622,2062110039707,금호석유화학(주),1101110205975,
20200622,2062110039707,금호폴리켐(주),1101110400533,
20200622,2062110039707,(주)강원학교태양광,1401110054920,
20200622,2062110039707,금호피앤비화학(주),2062110018313,
20200622,2062110050365,롯데쇼핑(주),1101110000086,
20200622,2062110050365,롯데건설(주),1101110014764,
20200622,2062110050365,(주)롯데푸드,1101110033722,
20200622,2062110050365,롯데지주(주),1101110076300,
20200622,2062110050365,호텔롯데(주),1101110145410,
20200622,2062110050365,롯데상사(주),1101110159099,
20200622,2062110050365,롯데케미칼(주),1101110193196,
20200622,2062110050365,롯데하이마트(주),1101110532633,
20200622,2062110050365,롯데캐피탈(주),1101111217416,
20200622,2062110050365,롯데렌탈(주),1101113326588,
20200622,2062110050365,서울복합물류프로젝트금융투자(주),1101114660232,
20200622,2062110050365,롯데정보통신(주),1101116557114,
20200622,2062110050365,롯데컬처웍스(주),1101116768969,
20200622,2062110050365,롯데위탁관리부동산투자회사(주),1101117061081,
20200622,2062110050365,롯데오토리스(주),1341110213433,
20200622,2062110050365,(주)백학음료,1349110029305,
20200622,2062110050365,(주)충북소주,1501110082218,
20200622,2062110050365,산청음료(주),1948110004183,
20200622,2062110050365,데크항공(주),2101110061897,
20200622,2101110000043,제이비우리캐피탈(주),1701110092784,
20200622,2101110000043,(주)광주은행,2001110396882,
20200622,2101110002221,(주)미래엔인천에너지,1201110577124,
20200622,2101110002221,(주)미래엔서해에너지,1650110013911,
20200622,2101110002221,(주)오션스위츠,2201110065649,
20200622,2101110022435,(주)전주파워,2101110099757,
20200622,2101110022435,(주)전주페이퍼,2101110145568,
20200622,2101110047938,(주)엘에스,1101110003965,
20200622,2101110047938,(주)E1,1101110381387,
20200622,2101110047938,엘에스일렉트릭(주),1101110520076,
20200622,2101110047938,엘에스글로벌인코퍼레이티드(주),1101113359985,
20200622,2101110047938,(주)베스트토요타,1101115129881,
20200622,2101110047938,(주)예스코,1101116708494,
20200622,2101110047938,(주)지앤피,1301110008797,
20200622,2101110047938,가온전선(주),1341110000567,
20200622,2101110047938,엘에스엠트론(주),1341110168349,
20200622,2101110047938,엘에스전선(주),1341110168357,
20200622,2101110047938,엘에스전선아시아(주),1341110411706,
20200622,2101110047938,엘에스에이홀딩스(주),1341110474316,
20200622,2101110047938,엘에스오토모티브테크놀로지스(주),1341110474647,
20200622,2101110047938,엘에스이브이코리아(주),1341110480602,
20200622,2101110047938,(주)토리컴,1350110054119,
20200622,2101110047938,(주)지알엠,1546110008012,
20200622,2101110047938,엘에스메카피온(주),1701110178807,
20200622,2101110047938,(주)엘에스네트웍스,1801110044717,
20200622,2101110047938,엘에스니꼬동제련(주),2301110058436,
20200622,2101110047938,한성피씨건설(주),2850110157251,
20200622,2101110061897,롯데쇼핑(주),1101110000086,
20200622,2101110061897,롯데건설(주),1101110014764,
20200622,2101110061897,(주)롯데푸드,1101110033722,
20200622,2101110061897,롯데지주(주),1101110076300,
20200622,2101110061897,호텔롯데(주),1101110145410,
20200622,2101110061897,롯데상사(주),1101110159099,
20200622,2101110061897,롯데케미칼(주),1101110193196,
20200622,2101110061897,롯데하이마트(주),1101110532633,
20200622,2101110061897,롯데캐피탈(주),1101111217416,
20200622,2101110061897,롯데렌탈(주),1101113326588,
20200622,2101110061897,서울복합물류프로젝트금융투자(주),1101114660232,
20200622,2101110061897,롯데정보통신(주),1101116557114,
20200622,2101110061897,롯데컬처웍스(주),1101116768969,
20200622,2101110061897,롯데위탁관리부동산투자회사(주),1101117061081,
20200622,2101110061897,롯데오토리스(주),1341110213433,
20200622,2101110061897,(주)백학음료,1349110029305,
20200622,2101110061897,(주)충북소주,1501110082218,
20200622,2101110061897,산청음료(주),1948110004183,
20200622,2101110061897,롯데베르살리스엘라스토머스(주),2062110050365,
20200622,2101110099757,(주)전주원파워,2101110022435,
20200622,2101110099757,(주)전주페이퍼,2101110145568,
20200622,2101110118854,(주)대유플러스,1101110085541,
20200622,2101110118854,동부대우전자(주),1101110546452,
20200622,2101110118854,(주)대유에이텍,1115110000136,
20200622,2101110118854,(주)위니아딤채,1648110015300,
20200622,2101110118854,(주)대유글로벌,2001110408380,
20200622,2101110118854,(주)대유합금,2149110046170,
20200622,2101110145568,(주)전주원파워,2101110022435,
20200622,2101110145568,(주)전주파워,2101110099757,
20200622,2111110000042,(주)금토일산업,1101111301730,
20200622,2111110000042,연합자산관리(주),1101114191451,
20200622,2111110000042,국제종합기계(주),1311110000635,
20200622,2111110000042,나투라페이퍼(주),1501110236534,
20200622,2111110000042,넥스콘테크놀러지(주),1615110021158,
20200622,2111110000042,(주)오리엔탈정공,1801110038447,
20200622,2111110000042,(주)영광스텐,1801110166991,
20200622,2111110000042,(주)일성하이스코,1812110003611,
20200622,2111110003418,(주)참프레,2147110640984,
20200622,2111110014332,삼광글라스(주),1101110079817,
20200622,2111110014332,(주)유니드,1101110275069,
20200622,2111110014332,(주)이테크건설,1101110327555,
20200622,2111110014332,(주)유니드글로벌상사,1101111072159,
20200622,2111110014332,오씨아이파워(주),1101114984137,
20200622,2111110014332,오씨아이(주),1746110000981,
20200622,2111110014332,오씨아이에스이(주),2111110035867,
20200622,2111110015835,쌍용양회공업(주),1101110037823,
20200622,2111110015835,쌍용레미콘(주),1101114070952,
20200622,2111110015835,한국기초소재(주),1201110487232,
20200622,2111110015835,쌍용로지스틱스(주),1447110025313,
20200622,2111110015835,대한슬래그(주),2046110030668,
20200622,2111110015835,대한시멘트(주),2046110038589,
20200622,2111110023284,하이호금속(주),1101112874041,
20200622,2111110023284,(주)칼링크,2148110005657,
20200622,2111110035867,삼광글라스(주),1101110079817,
20200622,2111110035867,(주)유니드,1101110275069,
20200622,2111110035867,(주)이테크건설,1101110327555,
20200622,2111110035867,(주)유니드글로벌상사,1101111072159,
20200622,2111110035867,오씨아이파워(주),1101114984137,
20200622,2111110035867,오씨아이(주),1746110000981,
20200622,2111110035867,군장에너지(주),2111110014332,
20200622,2111110050667,(주)세아네트웍스,1101110862519,
20200622,2111110050667,(주)세아홀딩스,1101112276809,
20200622,2111110050667,(주)세아제강,1101116860640,
20200622,2111110050667,(주)세아엘앤에스,1511110000847,
20200622,2111110050667,세아특수강(주),1746110005478,
20200622,2111110050667,(주)세아창원특수강,1942110025248,
20200622,2111110050667,(주)세아메탈,1943110003292,
20200622,2112110002476,(주)신흥정밀,1243110003080,
20200622,2112110002476,(주)대성스틸,1313110034234,
20200622,2112110002476,(주)신흥기공,1846110015871,
20200622,2112110005321,(주)정다운,1101115542497,
20200622,2112110005321,(주)마니커,1345110004149,
20200622,2112110005321,(주)마니커에프앤지,1345110080529,
20200622,2112110005321,(주)팜스토리,1543110001715,
20200622,2112110005321,농업회사법인(주)지리산하이포지피,1545110032972,
20200622,2112110005321,(주)이지팜스,1615110137567,
20200622,2112110005321,농업회사법인(주)팜스월드지지피,2058110006002,
20200622,2112110009943,아센텍(주),1201110216798,
20200622,2112110009943,(주)세정,1648110008199,
20200622,2112110009943,세종공업(주),1812110000758,
20200622,2147110640984,군산도시가스(주),2111110003418,
20200622,2148110005657,하이호금속(주),1101112874041,
20200622,2148110005657,하이호경금속(주),2111110023284,
20200622,2148110014856,(주)사조대림,1101110042278,
20200622,2148110014856,(주)사조오양,1101110104820,
20200622,2148110014856,사조산업(주),1101110112328,
20200622,2148110014856,사조씨푸드(주),1101110271596,
20200622,2148110014856,(주)사조시스템즈,1101110335178,
20200622,2148110014856,사조동아원(주),1244110000662,
20200622,2148110014856,(주)삼아벤처,1543110007523,
20200622,2149110006968,(주)서연,1101110129026,
20200622,2149110006968,(주)서연탑메탈,1101110519003,
20200622,2149110006968,(주)서연이화,1101115455476,
20200622,2149110006968,(주)서연오토비전,1615110046148,
20200622,2149110006968,(주)서연씨엔에프,2301110268134,
20200622,2149110034430,팬오션(주),1101110004286,
20200622,2149110034430,(주)엔에스쇼핑,1101112262527,
20200622,2149110034430,농업회사법인(주)순우리한우,1101112322058,
20200622,2149110034430,(주)참트레이딩,1101114292481,
20200622,2149110034430,(주)에코캐피탈,1101114338326,
20200622,2149110034430,한강씨엠(주),1115110019393,
20200622,2149110034430,(주)올품,1311110037852,
20200622,2149110034430,(주)팜스코,1311110042950,
20200622,2149110034430,(주)하림산업,1311110303477,
20200622,2149110034430,(주)선진한마을,1344110013093,
20200622,2149110034430,(주)선진에프에스,1344110028539,
20200622,2149110034430,(주)선진,1344110046664,
20200622,2149110034430,(주)농업회사법인팜스코바이오인티,1344110058817,
20200622,2149110034430,(주)선진햄,1345110029056,
20200622,2149110034430,(주)하림지주,1601110003931,
20200622,2149110034430,(주)농업회사법인주원산오리,1601110135453,
20200622,2149110034430,제일사료(주),1601110291544,
20200622,2149110034430,(주)애그리로보텍,2850110161202,
20200622,2149110036717,(주)태영건설,1101110155451,
20200622,2149110036717,(주)태영그레인터미널,1341110136304,
20200622,2149110036717,신경주역세권공영개발(주),1712110053444,
20200622,2149110036717,(주)태영인더스트리,1812110012745,
20200622,2149110036717,(주)티에스케이이앤피,2301110205160,
20200622,2149110036717,(주)티에스케이코퍼레이션,2811110087640,
20200622,2149110046170,(주)대유플러스,1101110085541,
20200622,2149110046170,동부대우전자(주),1101110546452,
20200622,2149110046170,(주)대유에이텍,1115110000136,
20200622,2149110046170,(주)위니아딤채,1648110015300,
20200622,2149110046170,(주)대유글로벌,2001110408380,
20200622,2149110046170,(주)대유에이피,2101110118854,
20200622,2149110058927,(주)두산,1101110013774,
20200622,2149110058927,두산인프라코어(주),1201110234469,
20200622,2149110058927,두산중공업(주),1942110000943,
20200622,2149110058927,두산메카텍(주),1942110258039,
20200622,2149110058927,두산퓨얼셀(주),2149110058935,
20200622,2149110058935,(주)두산,1101110013774,
20200622,2149110058935,두산인프라코어(주),1201110234469,
20200622,2149110058935,두산중공업(주),1942110000943,
20200622,2149110058935,두산메카텍(주),1942110258039,
20200622,2149110058935,두산솔루스(주),2149110058927,
20200622,2201110002659,(주)이지건설,2057110007169,
20200622,2201110050575,AK홀딩스(주),1101110029721,
20200622,2201110050575,애경화학(주),1101110293011,
20200622,2201110050575,애경산업(주),1101110398275,
20200622,2201110050575,애경유화(주),1101114951243,
20200622,2201110050575,수원애경역사(주),1301110034487,
20200622,2201110050575,에이케이에스앤디(주),1313110029384,
20200622,2201110050575,에이케이레저(주),1344110015627,
20200622,2201110050575,(주)에이텍,1601110004492,
20200622,2201110050575,에이케이켐텍(주),1601110004541,
20200622,2201110050575,에이케이앤엠엔바이오팜(주),1601110236186,
20200622,2201110057232,(주)지오영,1101112533910,
20200622,2201110057232,(주)영남지오영,1746110000965,
20200622,2201110065649,(주)미래엔인천에너지,1201110577124,
20200622,2201110065649,(주)미래엔서해에너지,1650110013911,
20200622,2201110065649,전북도시가스(주),2101110002221,
20200622,2241110012935,중앙일보(주),1101110051493,
20200622,2241110012935,휘닉스중앙(주),1101110357445,
20200622,2241110012935,제이티비씨스튜디오(주),1101111764730,
20200622,2241110012935,메가박스중앙(주),1101111809403,
20200622,2241110012935,제이티비씨(주),1101114560268,
20200622,2301110052355,일광이앤씨(주),1101110003353,
20200622,2301110052355,(주)후성,1314110189425,
20200622,2301110052355,후성정공(주),1348110023854,
20200622,2301110052355,유콘시스템(주),1601110119598,
20200622,2301110052355,후성에이치디에스(주),1812110003091,
20200622,2301110052355,한국내화(주),1846110000319,
20200622,2301110052719,현대광업(주),1759110001651,
20200622,2301110052719,부강종합건설(주),2301110079276,
20200622,2301110052719,(주)대원에스앤피,2301110111242,
20200622,2301110052719,수양해운(주),2301110131034,
20200622,2301110058436,(주)엘에스,1101110003965,
20200622,2301110058436,(주)E1,1101110381387,
20200622,2301110058436,엘에스일렉트릭(주),1101110520076,
20200622,2301110058436,엘에스글로벌인코퍼레이티드(주),1101113359985,
20200622,2301110058436,(주)베스트토요타,1101115129881,
20200622,2301110058436,(주)예스코,1101116708494,
20200622,2301110058436,(주)지앤피,1301110008797,
20200622,2301110058436,가온전선(주),1341110000567,
20200622,2301110058436,엘에스엠트론(주),1341110168349,
20200622,2301110058436,엘에스전선(주),1341110168357,
20200622,2301110058436,엘에스전선아시아(주),1341110411706,
20200622,2301110058436,엘에스에이홀딩스(주),1341110474316,
20200622,2301110058436,엘에스오토모티브테크놀로지스(주),1341110474647,
20200622,2301110058436,엘에스이브이코리아(주),1341110480602,
20200622,2301110058436,(주)토리컴,1350110054119,
20200622,2301110058436,(주)지알엠,1546110008012,
20200622,2301110058436,엘에스메카피온(주),1701110178807,
20200622,2301110058436,(주)엘에스네트웍스,1801110044717,
20200622,2301110058436,캐스코(주),2101110047938,
20200622,2301110058436,한성피씨건설(주),2850110157251,
20200622,2301110060126,(주)세진,1712110011848,
20200622,2301110079276,현대광업(주),1759110001651,
20200622,2301110079276,(주)태천,2301110052719,
20200622,2301110079276,(주)대원에스앤피,2301110111242,
20200622,2301110079276,수양해운(주),2301110131034,
20200622,2301110091907,(주)원방테크,1101110645353,
20200622,2301110091907,(주)엔티엠,1648110109062,
20200622,2301110091907,엔브이에이치오토파트(주),1712110026277,
20200622,2301110091907,엔브이에이치코리아(주),1812110003421,
20200622,2301110091907,지에이치신소재(주),1955110052004,
20200622,2301110091907,엔브이에이치원방테크(주),2844110100146,
20200622,2301110111242,현대광업(주),1759110001651,
20200622,2301110111242,(주)태천,2301110052719,
20200622,2301110111242,부강종합건설(주),2301110079276,
20200622,2301110111242,수양해운(주),2301110131034,
20200622,2301110114452,대한유화(주),1101110024698,
20200622,2301110114452,(주)한주,1812110007663,
20200622,2301110128734,동희오토(주),1614110010012,
20200622,2301110128734,(주)동희,1648110008511,
20200622,2301110128734,(주)동희하이테크,1648110031190,
20200622,2301110131034,현대광업(주),1759110001651,
20200622,2301110131034,(주)태천,2301110052719,
20200622,2301110131034,부강종합건설(주),2301110079276,
20200622,2301110131034,(주)대원에스앤피,2301110111242,
20200622,2301110134111,에스케이건설(주),1101110038805,
20200622,2301110134111,SK가스(주),1101110413247,
20200622,2301110134111,에스케이렌터카(주),1101110577233,
20200622,2301110134111,에스케이(주),1101110769583,
20200622,2301110134111,에스케이바이오랜드(주),1101111192981,
20200622,2301110134111,에스케이브로드밴드(주),1101111466659,
20200622,2301110134111,에스케이텔링크(주),1101111533599,
20200622,2301110134111,에스케이엠앤서비스(주),1101111873432,
20200622,2301110134111,에스케이디앤디(주),1101113001685,
20200622,2301110134111,울산아로마틱스(주),1101114499954,
20200622,2301110134111,에스케이에너지(주),1101114505967,
20200622,2301110134111,에스케이종합화학(주),1101114505975,
20200622,2301110134111,에스케이바이오팜(주),1101114570720,
20200622,2301110134111,나래에너지서비스(주),1101114926006,
20200622,2301110134111,에스케이매직(주),1101115125962,
20200622,2301110134111,라이프앤시큐리티홀딩스(주),1101115371408,
20200622,2301110134111,에스케이넥실리스,1101116480232,
20200622,2301110134111,SK인천석유화학(주),1201110666464,
20200622,2301110134111,SKC(주),1301110001585,
20200622,2301110134111,SK네트웍스(주),1301110005199,
20200622,2301110134111,에스케이케미칼(주),1311110501021,
20200622,2301110134111,(주)에스케이하이닉스,1344110001387,
20200622,2301110134111,에스케이씨솔믹스(주),1347110014631,
20200622,2301110134111,유빈스(주),1351110077367,
20200622,2301110134111,SK네트웍스서비스(주),1358110141788,
20200622,2301110134111,강원도시가스(주),1401110002010,
20200622,2301110134111,충청에너지서비스(주),1501110006200,
20200622,2301110134111,에스케이바이오텍(주),1601110395453,
20200622,2301110134111,보령엘엔지터미널(주),1645110021527,
20200622,2301110134111,울산지피에스(주),1650110035072,
20200622,2301110134111,당진에코파워,1650110069097,
20200622,2301110134111,에스케이실트론(주),1753110001348,
20200622,2301110134111,에스케이쇼와덴코(주),1756110018553,
20200622,2301110134111,에스케이머티리얼즈(주),1901110006971,
20200622,2301110134111,미쓰이케미칼앤드에스케이씨폴리우레탄(주),2301110233880,
20200622,2301110188027,현대오일뱅크(주),1101110090558,
20200622,2301110188027,현대에너지솔루션(주),1101116265410,
20200622,2301110188027,현대일렉트릭앤에너지시스템(주),1101116363850,
20200622,2301110188027,현대건설기계(주),1101116363868,
20200622,2301110188027,현대중공업파워시스템(주),1311110527233,
20200622,2301110188027,현대코스모(주),1614110022364,
20200622,2301110188027,현대케미칼(주),1614110031472,
20200622,2301110188027,현대오씨아이(주),1614110036258,
20200622,2301110188027,현대중공업지주(주),1701110638661,
20200622,2301110188027,현대글로벌서비스(주),1801111065811,
20200622,2301110188027,(주)현대미포조선,1812110000526,
20200622,2301110188027,현대삼호중공업(주),2054110003915,
20200622,2301110188027,현대중공업(주),2301110312741,
20200622,2301110205160,(주)태영건설,1101110155451,
20200622,2301110205160,(주)태영그레인터미널,1341110136304,
20200622,2301110205160,신경주역세권공영개발(주),1712110053444,
20200622,2301110205160,(주)태영인더스트리,1812110012745,
20200622,2301110205160,(주)티에스케이그린에너지,2149110036717,
20200622,2301110205160,(주)티에스케이코퍼레이션,2811110087640,
20200622,2301110233880,에스케이건설(주),1101110038805,
20200622,2301110233880,SK가스(주),1101110413247,
20200622,2301110233880,에스케이렌터카(주),1101110577233,
20200622,2301110233880,에스케이(주),1101110769583,
20200622,2301110233880,에스케이바이오랜드(주),1101111192981,
20200622,2301110233880,에스케이브로드밴드(주),1101111466659,
20200622,2301110233880,에스케이텔링크(주),1101111533599,
20200622,2301110233880,에스케이엠앤서비스(주),1101111873432,
20200622,2301110233880,에스케이디앤디(주),1101113001685,
20200622,2301110233880,울산아로마틱스(주),1101114499954,
20200622,2301110233880,에스케이에너지(주),1101114505967,
20200622,2301110233880,에스케이종합화학(주),1101114505975,
20200622,2301110233880,에스케이바이오팜(주),1101114570720,
20200622,2301110233880,나래에너지서비스(주),1101114926006,
20200622,2301110233880,에스케이매직(주),1101115125962,
20200622,2301110233880,라이프앤시큐리티홀딩스(주),1101115371408,
20200622,2301110233880,에스케이넥실리스,1101116480232,
20200622,2301110233880,SK인천석유화학(주),1201110666464,
20200622,2301110233880,SKC(주),1301110001585,
20200622,2301110233880,SK네트웍스(주),1301110005199,
20200622,2301110233880,에스케이케미칼(주),1311110501021,
20200622,2301110233880,(주)에스케이하이닉스,1344110001387,
20200622,2301110233880,에스케이씨솔믹스(주),1347110014631,
20200622,2301110233880,유빈스(주),1351110077367,
20200622,2301110233880,SK네트웍스서비스(주),1358110141788,
20200622,2301110233880,강원도시가스(주),1401110002010,
20200622,2301110233880,충청에너지서비스(주),1501110006200,
20200622,2301110233880,에스케이바이오텍(주),1601110395453,
20200622,2301110233880,보령엘엔지터미널(주),1645110021527,
20200622,2301110233880,울산지피에스(주),1650110035072,
20200622,2301110233880,당진에코파워,1650110069097,
20200622,2301110233880,에스케이실트론(주),1753110001348,
20200622,2301110233880,에스케이쇼와덴코(주),1756110018553,
20200622,2301110233880,에스케이머티리얼즈(주),1901110006971,
20200622,2301110233880,에스케이에어가스(주),2301110134111,
20200622,2301110263093,(주)대일이노텍,1614110015997,
20200622,2301110263093,(주)디아이씨,1801110025147,
20200622,2301110268134,(주)서연,1101110129026,
20200622,2301110268134,(주)서연탑메탈,1101110519003,
20200622,2301110268134,(주)서연이화,1101115455476,
20200622,2301110268134,(주)서연오토비전,1615110046148,
20200622,2301110268134,(주)서연인테크,2149110006968,
20200622,2301110275676,노벨리스코리아(주),1756110003950,
20200622,2301110279149,(주)덕양,1812110002530,
20200622,2301110312741,현대오일뱅크(주),1101110090558,
20200622,2301110312741,현대에너지솔루션(주),1101116265410,
20200622,2301110312741,현대일렉트릭앤에너지시스템(주),1101116363850,
20200622,2301110312741,현대건설기계(주),1101116363868,
20200622,2301110312741,현대중공업파워시스템(주),1311110527233,
20200622,2301110312741,현대코스모(주),1614110022364,
20200622,2301110312741,현대케미칼(주),1614110031472,
20200622,2301110312741,현대오씨아이(주),1614110036258,
20200622,2301110312741,현대중공업지주(주),1701110638661,
20200622,2301110312741,현대글로벌서비스(주),1801111065811,
20200622,2301110312741,(주)현대미포조선,1812110000526,
20200622,2301110312741,현대삼호중공업(주),2054110003915,
20200622,2301110312741,현대오일터미널(주),2301110188027,
20200622,2341110086277,고려특수선재(주),1801110025428,
20200622,2341110086277,(주)코스와이어,1801110285957,
20200622,2801110073608,(주)아주엠씨엠,1752110004823,
20200622,2801110073608,아주스틸(주),1760110020145,
20200622,2811110087640,(주)태영건설,1101110155451,
20200622,2811110087640,(주)태영그레인터미널,1341110136304,
20200622,2811110087640,신경주역세권공영개발(주),1712110053444,
20200622,2811110087640,(주)태영인더스트리,1812110012745,
20200622,2811110087640,(주)티에스케이그린에너지,2149110036717,
20200622,2811110087640,(주)티에스케이이앤피,2301110205160,
20200622,2811110121266,요진건설산업(주),1101110197081,
20200622,2843110011486,(주)삼표,1101110073314,
20200622,2843110011486,(주)삼표시멘트,1101110738637,
20200622,2843110011486,삼표피앤씨(주),1101111060930,
20200622,2843110011486,(주)삼표산업,1101115237452,
20200622,2843110011486,삼표레일웨이(주),1101115262110,
20200622,2843110011486,(주)에스피네이처,1348110283705,
20200622,2843110011486,삼표자원개발(주),1446110010001,
20200622,2843110011486,삼표해운(주),1801111047299,
20200622,2844110050771,대림씨엔에스(주),1101110061228,
20200622,2844110050771,대림산업(주),1101110084915,
20200622,2844110050771,대림자동차공업(주),1101110227359,
20200622,2844110050771,(주)대림코퍼레이션,1101111081093,
20200622,2844110050771,(주)켐텍,1101114385731,
20200622,2844110050771,청진이삼프로젝트(주),1101114478932,
20200622,2844110050771,대림에너지(주),2844110075258,
20200622,2844110060415,(주)동양,1101110005333,
20200622,2844110060415,유진기업(주),1101110376148,
20200622,2844110060415,(주)에스비씨리니어,1101110647599,
20200622,2844110060415,한국자산평가(주),1101111982473,
20200622,2844110060415,한국통운(주),1312110007928,
20200622,2844110060415,천안기업(주),1615110019434,
20200622,2844110060415,한국특수형강(주),1801110015362,
20200622,2844110060415,현대개발(주),2054110009963,
20200622,2844110060415,동화기업(주),2059110009632,
20200622,2844110072163,(주)대우건설,1101112137895,
20200622,2844110072163,천마산터널(주),1101114380096,
20200622,2844110072163,(주)대우에스티,1543110016706,
20200622,2844110075258,대림씨엔에스(주),1101110061228,
20200622,2844110075258,대림산업(주),1101110084915,
20200622,2844110075258,대림자동차공업(주),1101110227359,
20200622,2844110075258,(주)대림코퍼레이션,1101111081093,
20200622,2844110075258,(주)켐텍,1101114385731,
20200622,2844110075258,청진이삼프로젝트(주),1101114478932,
20200622,2844110075258,포천파워(주),2844110050771,
20200622,2844110079755,지에스건설(주),1101110002694,
20200622,2844110079755,(주)지에스글로벌,1101110031479,
20200622,2844110079755,삼양통상(주),1101110033433,
20200622,2844110079755,지에스칼텍스(주),1101110078819,
20200622,2844110079755,파르나스호텔(주),1101110411142,
20200622,2844110079755,지에스엠비즈(주),1101111007023,
20200622,2844110079755,지에스바이오(주),1101114303030,
20200622,2844110079755,인천종합에너지(주),1201110348096,
20200622,2844110079755,(주)피엘에스,1313110093131,
20200622,2844110079755,GS파워(주),1341110074744,
20200622,2844110079755,(주)지에스이앤알,1350110121570,
20200622,2844110079755,(주)지에스동해전력,1447110019225,
20200622,2844110079755,지에스이피에스(주),1650110004621,
20200622,2844110079755,(주)지에스풍력발전,1745110004266,
20200622,2844110079755,(주)지에스엔텍,1812110008699,
20200622,2844110100146,(주)원방테크,1101110645353,
20200622,2844110100146,(주)엔티엠,1648110109062,
20200622,2844110100146,엔브이에이치오토파트(주),1712110026277,
20200622,2844110100146,엔브이에이치코리아(주),1812110003421,
20200622,2844110100146,지에이치신소재(주),1955110052004,
20200622,2844110100146,엔브이에이치오버헤드시스템(주),2301110091907,
20200622,2849110065613,포천맑은물(주),1101115174729,
20200622,2849110065613,(주)웅진북센,1156110011369,
20200622,2849110065613,웅진에너지(주),1601110214702,
20200622,2850110135512,에이제이오토파킹시스템즈(주),1101110870950,
20200622,2850110135512,에이제이네트웍스(주),1101111874654,
20200622,2850110135512,에이제이전시몰(주),1101113715476,
20200622,2850110135512,에이제이토탈(주),1101113851965,
20200622,2850110135512,에이제이캐피탈파트너스(주),1345110115475,
20200622,2850110157251,(주)엘에스,1101110003965,
20200622,2850110157251,(주)E1,1101110381387,
20200622,2850110157251,엘에스일렉트릭(주),1101110520076,
20200622,2850110157251,엘에스글로벌인코퍼레이티드(주),1101113359985,
20200622,2850110157251,(주)베스트토요타,1101115129881,
20200622,2850110157251,(주)예스코,1101116708494,
20200622,2850110157251,(주)지앤피,1301110008797,
20200622,2850110157251,가온전선(주),1341110000567,
20200622,2850110157251,엘에스엠트론(주),1341110168349,
20200622,2850110157251,엘에스전선(주),1341110168357,
20200622,2850110157251,엘에스전선아시아(주),1341110411706,
20200622,2850110157251,엘에스에이홀딩스(주),1341110474316,
20200622,2850110157251,엘에스오토모티브테크놀로지스(주),1341110474647,
20200622,2850110157251,엘에스이브이코리아(주),1341110480602,
20200622,2850110157251,(주)토리컴,1350110054119,
20200622,2850110157251,(주)지알엠,1546110008012,
20200622,2850110157251,엘에스메카피온(주),1701110178807,
20200622,2850110157251,(주)엘에스네트웍스,1801110044717,
20200622,2850110157251,캐스코(주),2101110047938,
20200622,2850110157251,엘에스니꼬동제련(주),2301110058436,
20200622,2850110161202,팬오션(주),1101110004286,
20200622,2850110161202,(주)엔에스쇼핑,1101112262527,
20200622,2850110161202,농업회사법인(주)순우리한우,1101112322058,
20200622,2850110161202,(주)참트레이딩,1101114292481,
20200622,2850110161202,(주)에코캐피탈,1101114338326,
20200622,2850110161202,한강씨엠(주),1115110019393,
20200622,2850110161202,(주)올품,1311110037852,
20200622,2850110161202,(주)팜스코,1311110042950,
20200622,2850110161202,(주)하림산업,1311110303477,
20200622,2850110161202,(주)선진한마을,1344110013093,
20200622,2850110161202,(주)선진에프에스,1344110028539,
20200622,2850110161202,(주)선진,1344110046664,
20200622,2850110161202,(주)농업회사법인팜스코바이오인티,1344110058817,
20200622,2850110161202,(주)선진햄,1345110029056,
20200622,2850110161202,(주)하림지주,1601110003931,
20200622,2850110161202,(주)농업회사법인주원산오리,1601110135453,
20200622,2850110161202,제일사료(주),1601110291544,
20200622,2850110161202,(주)하림,2149110034430,
20200623,1101110000086,롯데건설(주),1101110014764,
20200623,1101110000086,(주)롯데푸드,1101110033722,
20200623,1101110000086,롯데지주(주),1101110076300,
20200623,1101110000086,호텔롯데(주),1101110145410,
20200623,1101110000086,롯데상사(주),1101110159099,
20200623,1101110000086,롯데케미칼(주),1101110193196,
20200623,1101110000086,롯데하이마트(주),1101110532633,
20200623,1101110000086,롯데캐피탈(주),1101111217416,
20200623,1101110000086,롯데렌탈(주),1101113326588,
20200623,1101110000086,서울복합물류프로젝트금융투자(주),1101114660232,
20200623,1101110000086,롯데정보통신(주),1101116557114,
20200623,1101110000086,롯데컬처웍스(주),1101116768969,
20200623,1101110000086,롯데위탁관리부동산투자회사(주),1101117061081,
20200623,1101110000086,롯데오토리스(주),1341110213433,
20200623,1101110000086,(주)백학음료,1349110029305,
20200623,1101110000086,(주)충북소주,1501110082218,
20200623,1101110000086,산청음료(주),1948110004183,
20200623,1101110000086,롯데베르살리스엘라스토머스(주),2062110050365,
20200623,1101110000086,데크항공(주),2101110061897,
20200623,1101110002694,(주)지에스글로벌,1101110031479,
20200623,1101110002694,삼양통상(주),1101110033433,
20200623,1101110002694,지에스칼텍스(주),1101110078819,
20200623,1101110002694,파르나스호텔(주),1101110411142,
20200623,1101110002694,지에스엠비즈(주),1101111007023,
20200623,1101110002694,지에스바이오(주),1101114303030,
20200623,1101110002694,인천종합에너지(주),1201110348096,
20200623,1101110002694,(주)피엘에스,1313110093131,
20200623,1101110002694,GS파워(주),1341110074744,
20200623,1101110002694,(주)지에스이앤알,1350110121570,
20200623,1101110002694,(주)지에스동해전력,1447110019225,
20200623,1101110002694,지에스이피에스(주),1650110004621,
20200623,1101110002694,(주)지에스풍력발전,1745110004266,
20200623,1101110002694,(주)지에스엔텍,1812110008699,
20200623,1101110002694,(주)지에스포천그린에너지,2844110079755,
20200623,1101110002818,해성산업(주),1101110028145,
20200623,1101110002818,계양전기(주),1101110212889,
20200623,1101110002818,(주)한국팩키지,1350110040291,
20200623,1101110002818,해성디에스(주),1942110223694,
20200623,1101110002834,대한해운(주),1101110008212,
20200623,1101110002834,경남기업(주),1101110008262,
20200623,1101110002834,삼환기업(주),1101110020307,
20200623,1101110002834,대한상선(주),1101110356140,
20200623,1101110002834,에스엠신용정보(주),1101111801277,
20200623,1101110002834,(주)티케이케미칼,1101113783457,
20200623,1101110002834,에스엠스틸(주),1243110028914,
20200623,1101110002834,에스엠하이플러스(주),1311110191187,
20200623,1101110002834,에스엠중공업(주),1351110040869,
20200623,1101110002834,한덕철광산업(주),1449110003109,
20200623,1101110002834,(주)남선알미늄,1701110005042,
20200623,1101110002834,에스엠인더스트리(주),1846110007779,
20200623,1101110002959,한화투자증권(주),1101110003155,
20200623,1101110002959,(주)한화갤러리아,1101110202989,
20200623,1101110002959,한화호텔앤드리조트(주),1101110249709,
20200623,1101110002959,한화솔루션(주),1101110360935,
20200623,1101110002959,(주)한화건설,1101112558405,
20200623,1101110002959,한화에너지(주),1101113807223,
20200623,1101110002959,(주)제주해양과학관,1101114143577,
20200623,1101110002959,(주)한화도시개발,1101114231596,
20200623,1101110002959,한화테크윈(주),1311110514404,
20200623,1101110002959,(주)한화갤러리아타임월드,1601110003410,
20200623,1101110002959,한화종합화학(주),1614110001243,
20200623,1101110002959,한화토탈(주),1614110013066,
20200623,1101110002959,(주)서산테크노밸리,1614110017852,
20200623,1101110002959,한화시스템(주),1760110020640,
20200623,1101110002959,한화에어로스페이스(주),1942110000480,
20200623,1101110002959,한화디펜스(주),1942110273300,
20200623,1101110002959,한화파워시스템(주),1942110273318,
20200623,1101110002959,한화정밀기계(주),1942110273326,
20200623,1101110003098,(주)동원에프앤비,1101112101816,
20200623,1101110003098,(주)동원엔터프라이즈,1101112217572,
20200623,1101110003098,동원팜스(주),1101113809138,
20200623,1101110003098,(주)테크팩솔루션,1101114004787,
20200623,1101110003098,동원로엑스(주),1101114505769,
20200623,1101110003098,동원건설산업(주),1311110330941,
20200623,1101110003098,동원시스템즈(주),1341110011712,
20200623,1101110003098,(주)동원홈푸드,1615110022122,
20200623,1101110003098,동원로엑스냉장(주),1801110985002,
20200623,1101110003155,(주)한화,1101110002959,
20200623,1101110003155,(주)한화갤러리아,1101110202989,
20200623,1101110003155,한화호텔앤드리조트(주),1101110249709,
20200623,1101110003155,한화솔루션(주),1101110360935,
20200623,1101110003155,(주)한화건설,1101112558405,
20200623,1101110003155,한화에너지(주),1101113807223,
20200623,1101110003155,(주)제주해양과학관,1101114143577,
20200623,1101110003155,(주)한화도시개발,1101114231596,
20200623,1101110003155,한화테크윈(주),1311110514404,
20200623,1101110003155,(주)한화갤러리아타임월드,1601110003410,
20200623,1101110003155,한화종합화학(주),1614110001243,
20200623,1101110003155,한화토탈(주),1614110013066,
20200623,1101110003155,(주)서산테크노밸리,1614110017852,
20200623,1101110003155,한화시스템(주),1760110020640,
20200623,1101110003155,한화에어로스페이스(주),1942110000480,
20200623,1101110003155,한화디펜스(주),1942110273300,
20200623,1101110003155,한화파워시스템(주),1942110273318,
20200623,1101110003155,한화정밀기계(주),1942110273326,
20200623,1101110003212,(주)현양,1350110033246,
20200623,1101110003345,(주)에이션패션,1101110497465,
20200623,1101110003345,(주)가나안,1342110001894,
20200623,1101110003353,(주)후성,1314110189425,
20200623,1101110003353,후성정공(주),1348110023854,
20200623,1101110003353,유콘시스템(주),1601110119598,
20200623,1101110003353,후성에이치디에스(주),1812110003091,
20200623,1101110003353,한국내화(주),1846110000319,
20200623,1101110003353,(주)한텍,2301110052355,
20200623,1101110003543,(주)엘지상사,1101110004632,
20200623,1101110003543,엘지이노텍(주),1101110192180,
20200623,1101110003543,(주)판토스,1101110208127,
20200623,1101110003543,엘지디스플레이(주),1101110393134,
20200623,1101110003543,(주)엘지헬로비전,1101111144297,
20200623,1101110003543,(주)엘지유플러스,1101111296676,
20200623,1101110003543,(주)로보스타,1101111655393,
20200623,1101110003543,LG전자(주),1101112487050,
20200623,1101110003543,(주)엘지하우시스,1101114071207,
20200623,1101110003543,(주)하이프라자,1311110028801,
20200623,1101110003543,우지막코리아주식회사,1545110032401,
20200623,1101110003668,(주)대한항공,1101110108484,
20200623,1101110003668,(주)KAL호텔네트워크,1101112240169,
20200623,1101110003668,한진칼(주),1101115197193,
20200623,1101110003668,(주)진에어,1201110454976,
20200623,1101110003668,(주)왕산레저개발,1201110587462,
20200623,1101110003668,한진인천컨테이너터미널(주),1201110730821,
20200623,1101110003668,평택컨테이너터미날(주),1313110054589,
20200623,1101110003965,(주)E1,1101110381387,
20200623,1101110003965,엘에스일렉트릭(주),1101110520076,
20200623,1101110003965,엘에스글로벌인코퍼레이티드(주),1101113359985,
20200623,1101110003965,(주)베스트토요타,1101115129881,
20200623,1101110003965,(주)예스코,1101116708494,
20200623,1101110003965,(주)지앤피,1301110008797,
20200623,1101110003965,가온전선(주),1341110000567,
20200623,1101110003965,엘에스엠트론(주),1341110168349,
20200623,1101110003965,엘에스전선(주),1341110168357,
20200623,1101110003965,엘에스전선아시아(주),1341110411706,
20200623,1101110003965,엘에스에이홀딩스(주),1341110474316,
20200623,1101110003965,엘에스오토모티브테크놀로지스(주),1341110474647,
20200623,1101110003965,엘에스이브이코리아(주),1341110480602,
20200623,1101110003965,(주)토리컴,1350110054119,
20200623,1101110003965,(주)지알엠,1546110008012,
20200623,1101110003965,엘에스메카피온(주),1701110178807,
20200623,1101110003965,(주)엘에스네트웍스,1801110044717,
20200623,1101110003965,캐스코(주),2101110047938,
20200623,1101110003965,엘에스니꼬동제련(주),2301110058436,
20200623,1101110003965,한성피씨건설(주),2850110157251,
20200623,1101110003999,(주)신세계,1101110028848,
20200623,1101110003999,(주)이마트에브리데이,1101110167498,
20200623,1101110003999,(주)신세계인터내셔날,1101110282402,
20200623,1101110003999,(주)신세계푸드,1101110305288,
20200623,1101110003999,(주)까사미아,1101110873102,
20200623,1101110003999,(주)신세계사이먼,1101113239228,
20200623,1101110003999,(주)이마트,1101114594952,
20200623,1101110003999,(주)신세계프라퍼티,1101115284198,
20200623,1101110003999,(주)인천신세계,1101115615038,
20200623,1101110003999,(주)신세계디에프,1101115698315,
20200623,1101110003999,(주)스타필드안성,1346110091475,
20200623,1101110003999,(주)스타필드하남,1357110074452,
20200623,1101110003999,(주)신세계동대구복합환승센터,1701110459570,
20200623,1101110004286,(주)엔에스쇼핑,1101112262527,
20200623,1101110004286,농업회사법인(주)순우리한우,1101112322058,
20200623,1101110004286,(주)참트레이딩,1101114292481,
20200623,1101110004286,(주)에코캐피탈,1101114338326,
20200623,1101110004286,한강씨엠(주),1115110019393,
20200623,1101110004286,(주)올품,1311110037852,
20200623,1101110004286,(주)팜스코,1311110042950,
20200623,1101110004286,(주)하림산업,1311110303477,
20200623,1101110004286,(주)선진한마을,1344110013093,
20200623,1101110004286,(주)선진에프에스,1344110028539,
20200623,1101110004286,(주)선진,1344110046664,
20200623,1101110004286,(주)농업회사법인팜스코바이오인티,1344110058817,
20200623,1101110004286,(주)선진햄,1345110029056,
20200623,1101110004286,(주)하림지주,1601110003931,
20200623,1101110004286,(주)농업회사법인주원산오리,1601110135453,
20200623,1101110004286,제일사료(주),1601110291544,
20200623,1101110004286,(주)하림,2149110034430,
20200623,1101110004286,(주)애그리로보텍,2850110161202,
20200623,1101110004632,(주)엘지,1101110003543,
20200623,1101110004632,엘지이노텍(주),1101110192180,
20200623,1101110004632,(주)판토스,1101110208127,
20200623,1101110004632,엘지디스플레이(주),1101110393134,
20200623,1101110004632,(주)엘지헬로비전,1101111144297,
20200623,1101110004632,(주)엘지유플러스,1101111296676,
20200623,1101110004632,(주)로보스타,1101111655393,
20200623,1101110004632,LG전자(주),1101112487050,
20200623,1101110004632,(주)엘지하우시스,1101114071207,
20200623,1101110004632,(주)하이프라자,1311110028801,
20200623,1101110004632,우지막코리아주식회사,1545110032401,
20200623,1101110004682,한솔홀딩스(주),1101110017867,
20200623,1101110004682,한솔로지스틱스(주),1101110150659,
20200623,1101110004682,(주)한솔케미칼,1101110270895,
20200623,1101110004682,(주)한솔홈데코,1101110825624,
20200623,1101110004682,한솔인티큐브(주),1101112915605,
20200623,1101110004682,한솔제지(주),1101115604700,
20200623,1101110004682,(주)테이팩스,1201110095499,
20200623,1101110004682,엑스큐어(주),1350110106150,
20200623,1101110004682,한솔이엠이(주),1601110123185,
20200623,1101110004682,한솔페이퍼텍(주),2043110008603,
20200623,1101110005333,유진기업(주),1101110376148,
20200623,1101110005333,(주)에스비씨리니어,1101110647599,
20200623,1101110005333,한국자산평가(주),1101111982473,
20200623,1101110005333,한국통운(주),1312110007928,
20200623,1101110005333,천안기업(주),1615110019434,
20200623,1101110005333,한국특수형강(주),1801110015362,
20200623,1101110005333,현대개발(주),2054110009963,
20200623,1101110005333,동화기업(주),2059110009632,
20200623,1101110005333,이순산업(주),2844110060415,
20200623,1101110005929,안산도시개발(주),1350110047362,
20200623,1101110005929,(주)삼천리모터스,1501110047767,
20200623,1101110005953,삼성물산(주),1101110015762,
20200623,1101110005953,(주)호텔신라,1101110145519,
20200623,1101110005953,삼성중공업(주),1101110168595,
20200623,1101110005953,삼성카드(주),1101110346901,
20200623,1101110005953,에이치디씨신라면세점(주),1101115722916,
20200623,1101110005953,삼성바이오로직스(주),1201110566317,
20200623,1101110005953,삼성바이오에피스(주),1201110601501,
20200623,1101110005953,삼성전자(주),1301110006246,
20200623,1101110005953,삼성디스플레이(주),1345110187812,
20200623,1101110005953,세메스(주),1615110011795,
20200623,1101110006167,(주)원지,1101110077605,
20200623,1101110006167,삼해상사(주),1101110225254,
20200623,1101110006167,한국복합물류(주),1101110853576,
20200623,1101110006167,"CJ ENM CO., LTD.",1101111109134,
20200623,1101110006167,씨제이올리브네트웍스(주),1101111138498,
20200623,1101110006167,씨제이씨지브이(주),1101111673220,
20200623,1101110006167,CJ제일제당(주),1101113748253,
20200623,1101110006167,씨제이올리브영(주),1101117283974,
20200623,1101110006167,씨제이포디플렉스(주),1601110287527,
20200623,1101110006167,씨제이프레시웨이(주),1801110083442,
20200623,1101110006274,아세아시멘트(주),1101115238096,
20200623,1101110006274,제일산업(주),1345110004256,
20200623,1101110006274,한라시멘트(주),1411110012331,
20200623,1101110006274,아세아산업개발(주),1612110001388,
20200623,1101110006274,경산제지(주),1748110003486,
20200623,1101110006274,(주)에이팩,1845110000684,
20200623,1101110006349,(주)효성,1101110030497,
20200623,1101110006349,효성티앤에스(주),1101110511546,
20200623,1101110006349,효성굿스프링스(주),1101110653653,
20200623,1101110006349,효성아이티엑스(주),1101111412256,
20200623,1101110006349,효성캐피탈(주),1101111419286,
20200623,1101110006349,더클래스효성(주),1101112875479,
20200623,1101110006349,(주)에프엠케이,1101113690032,
20200623,1101110006349,갤럭시아코퍼레이션(주),1101114762963,
20200623,1101110006349,효성티앤씨(주),1101116770138,
20200623,1101110006349,효성중공업(주),1101116770154,
20200623,1101110006349,효성첨단소재(주),1101116770170,
20200623,1101110006349,효성화학(주),1101116770188,
20200623,1101110006349,신화인터텍(주),1348110011677,
20200623,1101110006349,신성자동차(주),2001110114797,
20200623,1101110007404,패션그룹형지(주),1101111588221,
20200623,1101110007404,(주)형지엘리트,1101112507551,
20200623,1101110007909,기아자동차(주),1101110037998,
20200623,1101110007909,현대비앤지스틸(주),1101110065395,
20200623,1101110007909,현대자동차(주),1101110085450,
20200623,1101110007909,현대모비스(주),1101110215536,
20200623,1101110007909,현대카드(주),1101110377203,
20200623,1101110007909,현대캐피탈(주),1101110995378,
20200623,1101110007909,현대첨단소재(주),1101111929102,
20200623,1101110007909,현대엔지니어링(주),1101112153015,
20200623,1101110007909,현대글로비스(주),1101112177388,
20200623,1101110007909,현대커머셜(주),1101113646697,
20200623,1101110007909,현대종합특수강(주),1101114505595,
20200623,1101110007909,현대제철(주),1201110001743,
20200623,1101110007909,(주)지아이티,1311110028900,
20200623,1101110007909,현대오트론(주),1341110134001,
20200623,1101110007909,에이치엘그린파워(주),1352110027542,
20200623,1101110007909,현대트랜시스(주),1614110008562,
20200623,1101110007909,현대에코에너지(주),1614110040506,
20200623,1101110007909,그린에어(주),1650110026005,
20200623,1101110007909,현대로템(주),1942110036336,
20200623,1101110008212,(주)삼라,1101110002834,
20200623,1101110008212,경남기업(주),1101110008262,
20200623,1101110008212,삼환기업(주),1101110020307,
20200623,1101110008212,대한상선(주),1101110356140,
20200623,1101110008212,에스엠신용정보(주),1101111801277,
20200623,1101110008212,(주)티케이케미칼,1101113783457,
20200623,1101110008212,에스엠스틸(주),1243110028914,
20200623,1101110008212,에스엠하이플러스(주),1311110191187,
20200623,1101110008212,에스엠중공업(주),1351110040869,
20200623,1101110008212,한덕철광산업(주),1449110003109,
20200623,1101110008212,(주)남선알미늄,1701110005042,
20200623,1101110008212,에스엠인더스트리(주),1846110007779,
20200623,1101110008262,(주)삼라,1101110002834,
20200623,1101110008262,대한해운(주),1101110008212,
20200623,1101110008262,삼환기업(주),1101110020307,
20200623,1101110008262,대한상선(주),1101110356140,
20200623,1101110008262,에스엠신용정보(주),1101111801277,
20200623,1101110008262,(주)티케이케미칼,1101113783457,
20200623,1101110008262,에스엠스틸(주),1243110028914,
20200623,1101110008262,에스엠하이플러스(주),1311110191187,
20200623,1101110008262,에스엠중공업(주),1351110040869,
20200623,1101110008262,한덕철광산업(주),1449110003109,
20200623,1101110008262,(주)남선알미늄,1701110005042,
20200623,1101110008262,에스엠인더스트리(주),1846110007779,
20200623,1101110008600,(주)이수페타시스,1101110186638,
20200623,1101110008600,이수건설(주),1101110202202,
20200623,1101110008600,(주)이수시스템,1101111304643,
20200623,1101110008600,(주)이수엑사켐,1101112303826,
20200623,1101110008600,(주)이수,1101112833451,
20200623,1101110008600,(주)이수엑사보드,1314110161035,
20200623,1101110008600,토다이수(주),1412110043623,
20200623,1101110011679,멀티에셋자산운용(주),1101111271115,
20200623,1101110011679,미래에셋벤처투자(주),1101111710527,
20200623,1101110011679,미래에셋생명보험(주),1601110014483,
20200623,1101110011679,미래에셋캐피탈(주),2001110076179,
20200623,1101110012560,메디앙스(주),1101110252471,
20200623,1101110012560,보령컨슈머헬스케어 주식회사,1101113128588,
20200623,1101110012809,신한카드(주),1101110412926,
20200623,1101110012809,신한금융지주회사(주),1101112322438,
20200623,1101110012809,신한캐피탈(주),1350110034400,
20200623,1101110013766,하이트진로(주),1101110028591,
20200623,1101110013766,서영이앤티(주),1101111849524,
20200623,1101110013766,하이트진로음료(주),1101113436634,
20200623,1101110013766,하이트진로산업(주),1341110002662,
20200623,1101110013774,두산인프라코어(주),1201110234469,
20200623,1101110013774,두산중공업(주),1942110000943,
20200623,1101110013774,두산메카텍(주),1942110258039,
20200623,1101110013774,두산솔루스(주),2149110058927,
20200623,1101110013774,두산퓨얼셀(주),2149110058935,
20200623,1101110014011,(주)조흥,1101110019334,
20200623,1101110014011,오뚜기냉동식품(주),1156110002780,
20200623,1101110014011,(주)오뚜기,1341110002258,
20200623,1101110014011,오뚜기라면(주),1347110003212,
20200623,1101110014011,오뚜기제유(주),1545110085187,
20200623,1101110014011,상미식품(주),1615110217509,
20200623,1101110014764,롯데쇼핑(주),1101110000086,
20200623,1101110014764,(주)롯데푸드,1101110033722,
20200623,1101110014764,롯데지주(주),1101110076300,
20200623,1101110014764,호텔롯데(주),1101110145410,
20200623,1101110014764,롯데상사(주),1101110159099,
20200623,1101110014764,롯데케미칼(주),1101110193196,
20200623,1101110014764,롯데하이마트(주),1101110532633,
20200623,1101110014764,롯데캐피탈(주),1101111217416,
20200623,1101110014764,롯데렌탈(주),1101113326588,
20200623,1101110014764,서울복합물류프로젝트금융투자(주),1101114660232,
20200623,1101110014764,롯데정보통신(주),1101116557114,
20200623,1101110014764,롯데컬처웍스(주),1101116768969,
20200623,1101110014764,롯데위탁관리부동산투자회사(주),1101117061081,
20200623,1101110014764,롯데오토리스(주),1341110213433,
20200623,1101110014764,(주)백학음료,1349110029305,
20200623,1101110014764,(주)충북소주,1501110082218,
20200623,1101110014764,산청음료(주),1948110004183,
20200623,1101110014764,롯데베르살리스엘라스토머스(주),2062110050365,
20200623,1101110014764,데크항공(주),2101110061897,
20200623,1101110015556,(주)대원총업,1101110859954,
20200623,1101110015556,대원정밀공업(주),1301110007260,
20200623,1101110015556,(주)삼원강재,1746110014924,
20200623,1101110015762,삼성생명보험(주),1101110005953,
20200623,1101110015762,(주)호텔신라,1101110145519,
20200623,1101110015762,삼성중공업(주),1101110168595,
20200623,1101110015762,삼성카드(주),1101110346901,
20200623,1101110015762,에이치디씨신라면세점(주),1101115722916,
20200623,1101110015762,삼성바이오로직스(주),1201110566317,
20200623,1101110015762,삼성바이오에피스(주),1201110601501,
20200623,1101110015762,삼성전자(주),1301110006246,
20200623,1101110015762,삼성디스플레이(주),1345110187812,
20200623,1101110015762,세메스(주),1615110011795,
20200623,1101110017411,극동건설(주),1101110027858,
20200623,1101110017411,금광기업(주),2001110000467,
20200623,1101110017867,한솔테크닉스(주),1101110004682,
20200623,1101110017867,한솔로지스틱스(주),1101110150659,
20200623,1101110017867,(주)한솔케미칼,1101110270895,
20200623,1101110017867,(주)한솔홈데코,1101110825624,
20200623,1101110017867,한솔인티큐브(주),1101112915605,
20200623,1101110017867,한솔제지(주),1101115604700,
20200623,1101110017867,(주)테이팩스,1201110095499,
20200623,1101110017867,엑스큐어(주),1350110106150,
20200623,1101110017867,한솔이엠이(주),1601110123185,
20200623,1101110017867,한솔페이퍼텍(주),2043110008603,
20200623,1101110017990,(주)수석,1101110107973,
20200623,1101110017990,용마로지스(주),1101110245369,
20200623,1101110017990,동아에스티(주),1101115079713,
20200623,1101110017990,동아제약(주),1101115079739,
20200623,1101110017990,에스티팜(주),1545110039704,
20200623,1101110017990,(주)동천수,1714110019799,
20200623,1101110019219,동일알루미늄(주),1615110005350,
20200623,1101110019334,대선제분(주),1101110014011,
20200623,1101110019334,오뚜기냉동식품(주),1156110002780,
20200623,1101110019334,(주)오뚜기,1341110002258,
20200623,1101110019334,오뚜기라면(주),1347110003212,
20200623,1101110019334,오뚜기제유(주),1545110085187,
20200623,1101110019334,상미식품(주),1615110217509,
20200623,1101110019342,제이더블유생명과학(주),1350110057395,
20200623,1101110019342,제이더블유신약(주),1615110001291,
20200623,1101110020307,(주)삼라,1101110002834,
20200623,1101110020307,대한해운(주),1101110008212,
20200623,1101110020307,경남기업(주),1101110008262,
20200623,1101110020307,대한상선(주),1101110356140,
20200623,1101110020307,에스엠신용정보(주),1101111801277,
20200623,1101110020307,(주)티케이케미칼,1101113783457,
20200623,1101110020307,에스엠스틸(주),1243110028914,
20200623,1101110020307,에스엠하이플러스(주),1311110191187,
20200623,1101110020307,에스엠중공업(주),1351110040869,
20200623,1101110020307,한덕철광산업(주),1449110003109,
20200623,1101110020307,(주)남선알미늄,1701110005042,
20200623,1101110020307,에스엠인더스트리(주),1846110007779,
20200623,1101110023393,(주)우리카드,1101115101839,
20200623,1101110024698,(주)한주,1812110007663,
20200623,1101110024698,(주)코리아에어텍,2301110114452,
20200623,1101110026181,삼남석유화학(주),1101110557061,
20200623,1101110026181,삼양화성(주),1101110614556,
20200623,1101110026181,(주)삼양사,1101114720945,
20200623,1101110026181,(주)삼양바이오팜,1101114720953,
20200623,1101110026181,(주)삼양패키징,1101115554418,
20200623,1101110026206,(주)디비메탈,1101113836678,
20200623,1101110027593,선창아이티에스(주),1314110149049,
20200623,1101110027858,남광토건(주),1101110017411,
20200623,1101110027858,금광기업(주),2001110000467,
20200623,1101110028145,한국제지(주),1101110002818,
20200623,1101110028145,계양전기(주),1101110212889,
20200623,1101110028145,(주)한국팩키지,1350110040291,
20200623,1101110028145,해성디에스(주),1942110223694,
20200623,1101110028591,하이트진로홀딩스(주),1101110013766,
20200623,1101110028591,서영이앤티(주),1101111849524,
20200623,1101110028591,하이트진로음료(주),1101113436634,
20200623,1101110028591,하이트진로산업(주),1341110002662,
20200623,1101110028848,(주)신세계조선호텔,1101110003999,
20200623,1101110028848,(주)이마트에브리데이,1101110167498,
20200623,1101110028848,(주)신세계인터내셔날,1101110282402,
20200623,1101110028848,(주)신세계푸드,1101110305288,
20200623,1101110028848,(주)까사미아,1101110873102,
20200623,1101110028848,(주)신세계사이먼,1101113239228,
20200623,1101110028848,(주)이마트,1101114594952,
20200623,1101110028848,(주)신세계프라퍼티,1101115284198,
20200623,1101110028848,(주)인천신세계,1101115615038,
20200623,1101110028848,(주)신세계디에프,1101115698315,
20200623,1101110028848,(주)스타필드안성,1346110091475,
20200623,1101110028848,(주)스타필드하남,1357110074452,
20200623,1101110028848,(주)신세계동대구복합환승센터,1701110459570,
20200623,1101110028939,동양철관(주),1201110002056,
20200623,1101110028939,(주)케이비아이텍,1201110013251,
20200623,1101110028939,케이비아이알로이(주),1244110014077,
20200623,1101110028939,(주)케이비아이모다,1648110085139,
20200623,1101110028939,(주)케이비아이국인산업,1711110004515,
20200623,1101110028939,케이비아이메탈(주),1741110001294,
20200623,1101110028939,케이비아이건설(주),1748110020969,
20200623,1101110029721,애경화학(주),1101110293011,
20200623,1101110029721,애경산업(주),1101110398275,
20200623,1101110029721,애경유화(주),1101114951243,
20200623,1101110029721,수원애경역사(주),1301110034487,
20200623,1101110029721,에이케이에스앤디(주),1313110029384,
20200623,1101110029721,에이케이레저(주),1344110015627,
20200623,1101110029721,(주)에이텍,1601110004492,
20200623,1101110029721,에이케이켐텍(주),1601110004541,
20200623,1101110029721,에이케이앤엠엔바이오팜(주),1601110236186,
20200623,1101110029721,(주)제주항공,2201110050575,
20200623,1101110030497,진흥기업(주),1101110006349,
20200623,1101110030497,효성티앤에스(주),1101110511546,
20200623,1101110030497,효성굿스프링스(주),1101110653653,
20200623,1101110030497,효성아이티엑스(주),1101111412256,
20200623,1101110030497,효성캐피탈(주),1101111419286,
20200623,1101110030497,더클래스효성(주),1101112875479,
20200623,1101110030497,(주)에프엠케이,1101113690032,
20200623,1101110030497,갤럭시아코퍼레이션(주),1101114762963,
20200623,1101110030497,효성티앤씨(주),1101116770138,
20200623,1101110030497,효성중공업(주),1101116770154,
20200623,1101110030497,효성첨단소재(주),1101116770170,
20200623,1101110030497,효성화학(주),1101116770188,
20200623,1101110030497,신화인터텍(주),1348110011677,
20200623,1101110030497,신성자동차(주),2001110114797,
20200623,1101110030528,코오롱글로벌(주),1101110036502,
20200623,1101110030528,코오롱제약(주),1101110256259,
20200623,1101110030528,코오롱글로텍(주),1101110524838,
20200623,1101110030528,(주)코오롱인베스트먼트,1101111902786,
20200623,1101110030528,코오롱생명과학(주),1101111948277,
20200623,1101110030528,코오롱이엔지니어링(주),1311110057610,
20200623,1101110030528,코오롱데크컴퍼지트(주),1345110055689,
20200623,1101110030528,코오롱베니트(주),1353110003920,
20200623,1101110030528,코오롱환경에너지(주),1353110005893,
20200623,1101110030528,코오롱머티리얼(주),1353110011139,
20200623,1101110030528,코오롱인더스트리(주),1353110013606,
20200623,1101110030528,그린나래(주),1615110078133,
20200623,1101110030528,코오롱플라스틱(주),1713110003504,
20200623,1101110030528,코오롱바스프이노폼(주),1713110030747,
20200623,1101110031338,동국시스템즈(주),1101111462524,
20200623,1101110031338,인터지스(주),1801110001973,
20200623,1101110031479,지에스건설(주),1101110002694,
20200623,1101110031479,삼양통상(주),1101110033433,
20200623,1101110031479,지에스칼텍스(주),1101110078819,
20200623,1101110031479,파르나스호텔(주),1101110411142,
20200623,1101110031479,지에스엠비즈(주),1101111007023,
20200623,1101110031479,지에스바이오(주),1101114303030,
20200623,1101110031479,인천종합에너지(주),1201110348096,
20200623,1101110031479,(주)피엘에스,1313110093131,
20200623,1101110031479,GS파워(주),1341110074744,
20200623,1101110031479,(주)지에스이앤알,1350110121570,
20200623,1101110031479,(주)지에스동해전력,1447110019225,
20200623,1101110031479,지에스이피에스(주),1650110004621,
20200623,1101110031479,(주)지에스풍력발전,1745110004266,
20200623,1101110031479,(주)지에스엔텍,1812110008699,
20200623,1101110031479,(주)지에스포천그린에너지,2844110079755,
20200623,1101110032112,(주)원알로이,1243110004210,
20200623,1101110032899,(주)지엠티,1613110024106,
20200623,1101110033433,지에스건설(주),1101110002694,
20200623,1101110033433,(주)지에스글로벌,1101110031479,
20200623,1101110033433,지에스칼텍스(주),1101110078819,
20200623,1101110033433,파르나스호텔(주),1101110411142,
20200623,1101110033433,지에스엠비즈(주),1101111007023,
20200623,1101110033433,지에스바이오(주),1101114303030,
20200623,1101110033433,인천종합에너지(주),1201110348096,
20200623,1101110033433,(주)피엘에스,1313110093131,
20200623,1101110033433,GS파워(주),1341110074744,
20200623,1101110033433,(주)지에스이앤알,1350110121570,
20200623,1101110033433,(주)지에스동해전력,1447110019225,
20200623,1101110033433,지에스이피에스(주),1650110004621,
20200623,1101110033433,(주)지에스풍력발전,1745110004266,
20200623,1101110033433,(주)지에스엔텍,1812110008699,
20200623,1101110033433,(주)지에스포천그린에너지,2844110079755,
20200623,1101110033722,롯데쇼핑(주),1101110000086,
20200623,1101110033722,롯데건설(주),1101110014764,
20200623,1101110033722,롯데지주(주),1101110076300,
20200623,1101110033722,호텔롯데(주),1101110145410,
20200623,1101110033722,롯데상사(주),1101110159099,
20200623,1101110033722,롯데케미칼(주),1101110193196,
20200623,1101110033722,롯데하이마트(주),1101110532633,
20200623,1101110033722,롯데캐피탈(주),1101111217416,
20200623,1101110033722,롯데렌탈(주),1101113326588,
20200623,1101110033722,서울복합물류프로젝트금융투자(주),1101114660232,
20200623,1101110033722,롯데정보통신(주),1101116557114,
20200623,1101110033722,롯데컬처웍스(주),1101116768969,
20200623,1101110033722,롯데위탁관리부동산투자회사(주),1101117061081,
20200623,1101110033722,롯데오토리스(주),1341110213433,
20200623,1101110033722,(주)백학음료,1349110029305,
20200623,1101110033722,(주)충북소주,1501110082218,
20200623,1101110033722,산청음료(주),1948110004183,
20200623,1101110033722,롯데베르살리스엘라스토머스(주),2062110050365,
20200623,1101110033722,데크항공(주),2101110061897,
20200623,1101110035132,에스와이오토캐피탈(주),1313110156591,
20200623,1101110035835,(주)큐로,1812110002275,
20200623,1101110036502,(주)코오롱,1101110030528,
20200623,1101110036502,코오롱제약(주),1101110256259,
20200623,1101110036502,코오롱글로텍(주),1101110524838,
20200623,1101110036502,(주)코오롱인베스트먼트,1101111902786,
20200623,1101110036502,코오롱생명과학(주),1101111948277,
20200623,1101110036502,코오롱이엔지니어링(주),1311110057610,
20200623,1101110036502,코오롱데크컴퍼지트(주),1345110055689,
20200623,1101110036502,코오롱베니트(주),1353110003920,
20200623,1101110036502,코오롱환경에너지(주),1353110005893,
20200623,1101110036502,코오롱머티리얼(주),1353110011139,
20200623,1101110036502,코오롱인더스트리(주),1353110013606,
20200623,1101110036502,그린나래(주),1615110078133,
20200623,1101110036502,코오롱플라스틱(주),1713110003504,
20200623,1101110036502,코오롱바스프이노폼(주),1713110030747,
20200623,1101110037823,쌍용레미콘(주),1101114070952,
20200623,1101110037823,한국기초소재(주),1201110487232,
20200623,1101110037823,쌍용로지스틱스(주),1447110025313,
20200623,1101110037823,대한슬래그(주),2046110030668,
20200623,1101110037823,대한시멘트(주),2046110038589,
20200623,1101110037823,쌍용기초소재(주),2111110015835,
20200623,1101110037849,제이씨케미칼(주),1358110124726,
20200623,1101110037998,현대건설(주),1101110007909,
20200623,1101110037998,현대비앤지스틸(주),1101110065395,
20200623,1101110037998,현대자동차(주),1101110085450,
20200623,1101110037998,현대모비스(주),1101110215536,
20200623,1101110037998,현대카드(주),1101110377203,
20200623,1101110037998,현대캐피탈(주),1101110995378,
20200623,1101110037998,현대첨단소재(주),1101111929102,
20200623,1101110037998,현대엔지니어링(주),1101112153015,
20200623,1101110037998,현대글로비스(주),1101112177388,
20200623,1101110037998,현대커머셜(주),1101113646697,
20200623,1101110037998,현대종합특수강(주),1101114505595,
20200623,1101110037998,현대제철(주),1201110001743,
20200623,1101110037998,(주)지아이티,1311110028900,
20200623,1101110037998,현대오트론(주),1341110134001,
20200623,1101110037998,에이치엘그린파워(주),1352110027542,
20200623,1101110037998,현대트랜시스(주),1614110008562,
20200623,1101110037998,현대에코에너지(주),1614110040506,
20200623,1101110037998,그린에어(주),1650110026005,
20200623,1101110037998,현대로템(주),1942110036336,
20200623,1101110038805,SK가스(주),1101110413247,
20200623,1101110038805,에스케이렌터카(주),1101110577233,
20200623,1101110038805,에스케이(주),1101110769583,
20200623,1101110038805,에스케이바이오랜드(주),1101111192981,
20200623,1101110038805,에스케이브로드밴드(주),1101111466659,
20200623,1101110038805,에스케이텔링크(주),1101111533599,
20200623,1101110038805,에스케이엠앤서비스(주),1101111873432,
20200623,1101110038805,에스케이디앤디(주),1101113001685,
20200623,1101110038805,울산아로마틱스(주),1101114499954,
20200623,1101110038805,에스케이에너지(주),1101114505967,
20200623,1101110038805,에스케이종합화학(주),1101114505975,
20200623,1101110038805,에스케이바이오팜(주),1101114570720,
20200623,1101110038805,나래에너지서비스(주),1101114926006,
20200623,1101110038805,에스케이매직(주),1101115125962,
20200623,1101110038805,라이프앤시큐리티홀딩스(주),1101115371408,
20200623,1101110038805,에스케이넥실리스,1101116480232,
20200623,1101110038805,SK인천석유화학(주),1201110666464,
20200623,1101110038805,SKC(주),1301110001585,
20200623,1101110038805,SK네트웍스(주),1301110005199,
20200623,1101110038805,에스케이케미칼(주),1311110501021,
20200623,1101110038805,(주)에스케이하이닉스,1344110001387,
20200623,1101110038805,에스케이씨솔믹스(주),1347110014631,
20200623,1101110038805,유빈스(주),1351110077367,
20200623,1101110038805,SK네트웍스서비스(주),1358110141788,
20200623,1101110038805,강원도시가스(주),1401110002010,
20200623,1101110038805,충청에너지서비스(주),1501110006200,
20200623,1101110038805,에스케이바이오텍(주),1601110395453,
20200623,1101110038805,보령엘엔지터미널(주),1645110021527,
20200623,1101110038805,울산지피에스(주),1650110035072,
20200623,1101110038805,당진에코파워,1650110069097,
20200623,1101110038805,에스케이실트론(주),1753110001348,
20200623,1101110038805,에스케이쇼와덴코(주),1756110018553,
20200623,1101110038805,에스케이머티리얼즈(주),1901110006971,
20200623,1101110038805,에스케이에어가스(주),2301110134111,
20200623,1101110038805,미쓰이케미칼앤드에스케이씨폴리우레탄(주),2301110233880,
20200623,1101110040165,한일현대시멘트(주),1101110111867,
20200623,1101110040165,한일산업(주),1101110165880,
20200623,1101110040165,한일시멘트(주),1101116799203,
20200623,1101110040165,한일네트웍스(주),1201110175423,
20200623,1101110040165,한일개발(주),1311110067289,
20200623,1101110040165,(주)충무화학,1648110000434,
20200623,1101110042278,(주)사조오양,1101110104820,
20200623,1101110042278,사조산업(주),1101110112328,
20200623,1101110042278,사조씨푸드(주),1101110271596,
20200623,1101110042278,(주)사조시스템즈,1101110335178,
20200623,1101110042278,사조동아원(주),1244110000662,
20200623,1101110042278,(주)삼아벤처,1543110007523,
20200623,1101110042278,농업회사법인(주)사조원,2148110014856,
20200623,1101110042880,S&T모티브(주),1801110396069,
20200623,1101110042880,(주)S&TC,1942110090598,
20200623,1101110042955,대신에프앤아이(주),1101112376815,
20200623,1101110043127,(주)케이지씨예본,1511110042790,
20200623,1101110043127,(주)한국인삼공사,1601110083066,
20200623,1101110048002,(주)에스지충방,1615110000037,
20200623,1101110048002,(주)에스지아름다운골프앤리조트,1648110029351,
20200623,1101110051493,휘닉스중앙(주),1101110357445,
20200623,1101110051493,제이티비씨스튜디오(주),1101111764730,
20200623,1101110051493,메가박스중앙(주),1101111809403,
20200623,1101110051493,제이티비씨(주),1101114560268,
20200623,1101110051493,휘닉스중앙제주(주),2241110012935,
20200623,1101110057574,율촌화학(주),1101110145147,
20200623,1101110057574,(주)메가마트,1101110222557,
20200623,1101110057574,(주)뉴테라넥스,1101114688549,
20200623,1101110057574,태경농산(주),1341110005814,
20200623,1101110057574,(주)농심캐피탈,1801110607482,
20200623,1101110061228,대림산업(주),1101110084915,
20200623,1101110061228,대림자동차공업(주),1101110227359,
20200623,1101110061228,(주)대림코퍼레이션,1101111081093,
20200623,1101110061228,(주)켐텍,1101114385731,
20200623,1101110061228,청진이삼프로젝트(주),1101114478932,
20200623,1101110061228,포천파워(주),2844110050771,
20200623,1101110061228,대림에너지(주),2844110075258,
20200623,1101110065395,현대건설(주),1101110007909,
20200623,1101110065395,기아자동차(주),1101110037998,
20200623,1101110065395,현대자동차(주),1101110085450,
20200623,1101110065395,현대모비스(주),1101110215536,
20200623,1101110065395,현대카드(주),1101110377203,
20200623,1101110065395,현대캐피탈(주),1101110995378,
20200623,1101110065395,현대첨단소재(주),1101111929102,
20200623,1101110065395,현대엔지니어링(주),1101112153015,
20200623,1101110065395,현대글로비스(주),1101112177388,
20200623,1101110065395,현대커머셜(주),1101113646697,
20200623,1101110065395,현대종합특수강(주),1101114505595,
20200623,1101110065395,현대제철(주),1201110001743,
20200623,1101110065395,(주)지아이티,1311110028900,
20200623,1101110065395,현대오트론(주),1341110134001,
20200623,1101110065395,에이치엘그린파워(주),1352110027542,
20200623,1101110065395,현대트랜시스(주),1614110008562,
20200623,1101110065395,현대에코에너지(주),1614110040506,
20200623,1101110065395,그린에어(주),1650110026005,
20200623,1101110065395,현대로템(주),1942110036336,
20200623,1101110070815,고려아연(주),1101110168404,
20200623,1101110070815,(주)코리아써키트,1301110026749,
20200623,1101110070815,켐코(주),1311110470424,
20200623,1101110070815,영풍전자(주),1350110032106,
20200623,1101110073314,(주)삼표시멘트,1101110738637,
20200623,1101110073314,삼표피앤씨(주),1101111060930,
20200623,1101110073314,(주)삼표산업,1101115237452,
20200623,1101110073314,삼표레일웨이(주),1101115262110,
20200623,1101110073314,(주)에스피네이처,1348110283705,
20200623,1101110073314,삼표자원개발(주),1446110010001,
20200623,1101110073314,삼표해운(주),1801111047299,
20200623,1101110073314,(주)엔알씨,2843110011486,
20200623,1101110076300,롯데쇼핑(주),1101110000086,
20200623,1101110076300,롯데건설(주),1101110014764,
20200623,1101110076300,(주)롯데푸드,1101110033722,
20200623,1101110076300,호텔롯데(주),1101110145410,
20200623,1101110076300,롯데상사(주),1101110159099,
20200623,1101110076300,롯데케미칼(주),1101110193196,
20200623,1101110076300,롯데하이마트(주),1101110532633,
20200623,1101110076300,롯데캐피탈(주),1101111217416,
20200623,1101110076300,롯데렌탈(주),1101113326588,
20200623,1101110076300,서울복합물류프로젝트금융투자(주),1101114660232,
20200623,1101110076300,롯데정보통신(주),1101116557114,
20200623,1101110076300,롯데컬처웍스(주),1101116768969,
20200623,1101110076300,롯데위탁관리부동산투자회사(주),1101117061081,
20200623,1101110076300,롯데오토리스(주),1341110213433,
20200623,1101110076300,(주)백학음료,1349110029305,
20200623,1101110076300,(주)충북소주,1501110082218,
20200623,1101110076300,산청음료(주),1948110004183,
20200623,1101110076300,롯데베르살리스엘라스토머스(주),2062110050365,
20200623,1101110076300,데크항공(주),2101110061897,
20200623,1101110077605,씨제이대한통운(주),1101110006167,
20200623,1101110077605,삼해상사(주),1101110225254,
20200623,1101110077605,한국복합물류(주),1101110853576,
20200623,1101110077605,"CJ ENM CO., LTD.",1101111109134,
20200623,1101110077605,씨제이올리브네트웍스(주),1101111138498,
20200623,1101110077605,씨제이씨지브이(주),1101111673220,
20200623,1101110077605,CJ제일제당(주),1101113748253,
20200623,1101110077605,씨제이올리브영(주),1101117283974,
20200623,1101110077605,씨제이포디플렉스(주),1601110287527,
20200623,1101110077605,씨제이프레시웨이(주),1801110083442,
20200623,1101110078819,지에스건설(주),1101110002694,
20200623,1101110078819,(주)지에스글로벌,1101110031479,
20200623,1101110078819,삼양통상(주),1101110033433,
20200623,1101110078819,파르나스호텔(주),1101110411142,
20200623,1101110078819,지에스엠비즈(주),1101111007023,
20200623,1101110078819,지에스바이오(주),1101114303030,
20200623,1101110078819,인천종합에너지(주),1201110348096,
20200623,1101110078819,(주)피엘에스,1313110093131,
20200623,1101110078819,GS파워(주),1341110074744,
20200623,1101110078819,(주)지에스이앤알,1350110121570,
20200623,1101110078819,(주)지에스동해전력,1447110019225,
20200623,1101110078819,지에스이피에스(주),1650110004621,
20200623,1101110078819,(주)지에스풍력발전,1745110004266,
20200623,1101110078819,(주)지에스엔텍,1812110008699,
20200623,1101110078819,(주)지에스포천그린에너지,2844110079755,
20200623,1101110079817,(주)유니드,1101110275069,
20200623,1101110079817,(주)이테크건설,1101110327555,
20200623,1101110079817,(주)유니드글로벌상사,1101111072159,
20200623,1101110079817,오씨아이파워(주),1101114984137,
20200623,1101110079817,오씨아이(주),1746110000981,
20200623,1101110079817,군장에너지(주),2111110014332,
20200623,1101110079817,오씨아이에스이(주),2111110035867,
20200623,1101110084915,대림씨엔에스(주),1101110061228,
20200623,1101110084915,대림자동차공업(주),1101110227359,
20200623,1101110084915,(주)대림코퍼레이션,1101111081093,
20200623,1101110084915,(주)켐텍,1101114385731,
20200623,1101110084915,청진이삼프로젝트(주),1101114478932,
20200623,1101110084915,포천파워(주),2844110050771,
20200623,1101110084915,대림에너지(주),2844110075258,
20200623,1101110085450,현대건설(주),1101110007909,
20200623,1101110085450,기아자동차(주),1101110037998,
20200623,1101110085450,현대비앤지스틸(주),1101110065395,
20200623,1101110085450,현대모비스(주),1101110215536,
20200623,1101110085450,현대카드(주),1101110377203,
20200623,1101110085450,현대캐피탈(주),1101110995378,
20200623,1101110085450,현대첨단소재(주),1101111929102,
20200623,1101110085450,현대엔지니어링(주),1101112153015,
20200623,1101110085450,현대글로비스(주),1101112177388,
20200623,1101110085450,현대커머셜(주),1101113646697,
20200623,1101110085450,현대종합특수강(주),1101114505595,
20200623,1101110085450,현대제철(주),1201110001743,
20200623,1101110085450,(주)지아이티,1311110028900,
20200623,1101110085450,현대오트론(주),1341110134001,
20200623,1101110085450,에이치엘그린파워(주),1352110027542,
20200623,1101110085450,현대트랜시스(주),1614110008562,
20200623,1101110085450,현대에코에너지(주),1614110040506,
20200623,1101110085450,그린에어(주),1650110026005,
20200623,1101110085450,현대로템(주),1942110036336,
20200623,1101110085541,동부대우전자(주),1101110546452,
20200623,1101110085541,(주)대유에이텍,1115110000136,
20200623,1101110085541,(주)위니아딤채,1648110015300,
20200623,1101110085541,(주)대유글로벌,2001110408380,
20200623,1101110085541,(주)대유에이피,2101110118854,
20200623,1101110085541,(주)대유합금,2149110046170,
20200623,1101110085583,디케이동신(주),1101113850959,
20200623,1101110085583,동국알앤에스(주),1955110069249,
20200623,1101110089816,세일개발(주),1511110027544,
20200623,1101110089816,(주)세일엘앤씨,1648110055132,
20200623,1101110090516,(주)파리크라상,1101110508311,
20200623,1101110090516,(주)에스피씨지에프에스,1311110380946,
20200623,1101110090516,에스피엘(주),1313110033129,
20200623,1101110090516,(주)호남샤니,2001110007041,
20200623,1101110090558,현대에너지솔루션(주),1101116265410,
20200623,1101110090558,현대일렉트릭앤에너지시스템(주),1101116363850,
20200623,1101110090558,현대건설기계(주),1101116363868,
20200623,1101110090558,현대중공업파워시스템(주),1311110527233,
20200623,1101110090558,현대코스모(주),1614110022364,
20200623,1101110090558,현대케미칼(주),1614110031472,
20200623,1101110090558,현대오씨아이(주),1614110036258,
20200623,1101110090558,현대중공업지주(주),1701110638661,
20200623,1101110090558,현대글로벌서비스(주),1801111065811,
20200623,1101110090558,(주)현대미포조선,1812110000526,
20200623,1101110090558,현대삼호중공업(주),2054110003915,
20200623,1101110090558,현대오일터미널(주),2301110188027,
20200623,1101110090558,현대중공업(주),2301110312741,
20200623,1101110093552,훼미리식품(주),1101115303691,
20200623,1101110093552,(주)크라운제과,1101116332590,
20200623,1101110093552,해태제과식품(주),1615110044225,
20200623,1101110099609,(주)제로투세븐,1101111871072,
20200623,1101110099609,엠즈씨드(주),1101115149904,
20200623,1101110099609,매일유업(주),1101116390770,
20200623,1101110099609,엠즈푸드시스템(주),1313110123714,
20200623,1101110101470,(주)티에스피,1101110932049,
20200623,1101110101470,(주)케이이씨,1101113525750,
20200623,1101110101909,(주)대농,1101110138572,
20200623,1101110101909,(주)신영자산관리,1101110164692,
20200623,1101110101909,(주)신영,1101110618178,
20200623,1101110101909,(주)청주테크노폴리스,1501110116489,
20200623,1101110104820,(주)사조대림,1101110042278,
20200623,1101110104820,사조산업(주),1101110112328,
20200623,1101110104820,사조씨푸드(주),1101110271596,
20200623,1101110104820,(주)사조시스템즈,1101110335178,
20200623,1101110104820,사조동아원(주),1244110000662,
20200623,1101110104820,(주)삼아벤처,1543110007523,
20200623,1101110104820,농업회사법인(주)사조원,2148110014856,
20200623,1101110107105,무림캐피탈(주),1101114094035,
20200623,1101110107105,무림에스피(주),1701110001082,
20200623,1101110107105,무림P&P(주),1812110002548,
20200623,1101110107105,무림페이퍼(주),1911110000782,
20200623,1101110107105,무림파워텍(주),1911110010575,
20200623,1101110107973,동아쏘시오홀딩스(주),1101110017990,
20200623,1101110107973,용마로지스(주),1101110245369,
20200623,1101110107973,동아에스티(주),1101115079713,
20200623,1101110107973,동아제약(주),1101115079739,
20200623,1101110107973,에스티팜(주),1545110039704,
20200623,1101110107973,(주)동천수,1714110019799,
20200623,1101110108484,(주)한진,1101110003668,
20200623,1101110108484,(주)KAL호텔네트워크,1101112240169,
20200623,1101110108484,한진칼(주),1101115197193,
20200623,1101110108484,(주)진에어,1201110454976,
20200623,1101110108484,(주)왕산레저개발,1201110587462,
20200623,1101110108484,한진인천컨테이너터미널(주),1201110730821,
20200623,1101110108484,평택컨테이너터미날(주),1313110054589,
20200623,1101110109854,(주)녹십자셀,1101110889985,
20200623,1101110109854,(주)녹십자헬스케어,1101112833584,
20200623,1101110109854,(주)녹십자홀딩스,1345110000014,
20200623,1101110109854,(주)녹십자엠에스,1345110076627,
20200623,1101110109854,(주)녹십자웰빙,1345110083218,
20200623,1101110109854,(주)녹십자랩셀,1345110172532,
20200623,1101110109854,(주)녹십자지놈,1345110215100,
20200623,1101110109854,농업회사법인인백팜(주),2052110026721,
20200623,1101110111867,한일홀딩스(주),1101110040165,
20200623,1101110111867,한일산업(주),1101110165880,
20200623,1101110111867,한일시멘트(주),1101116799203,
20200623,1101110111867,한일네트웍스(주),1201110175423,
20200623,1101110111867,한일개발(주),1311110067289,
20200623,1101110111867,(주)충무화학,1648110000434,
20200623,1101110112328,(주)사조대림,1101110042278,
20200623,1101110112328,(주)사조오양,1101110104820,
20200623,1101110112328,사조씨푸드(주),1101110271596,
20200623,1101110112328,(주)사조시스템즈,1101110335178,
20200623,1101110112328,사조동아원(주),1244110000662,
20200623,1101110112328,(주)삼아벤처,1543110007523,
20200623,1101110112328,농업회사법인(주)사조원,2148110014856,
20200623,1101110113384,(주)하츠,1156110003902,
20200623,1101110116388,케이씨그린홀딩스,1101110155683,
20200623,1101110116388,케이씨코트렐(주),1101114255463,
20200623,1101110116388,케이씨에코물류(주),1101115481554,
20200623,1101110116388,케이씨그린에너지(주),1646110011683,
20200623,1101110116388,부산신호태양광발전(주),1801110788969,
20200623,1101110116388,케이씨환경서비스(주),2062110018123,
20200623,1101110124521,유엔씨티(주),1101112770851,
20200623,1101110124521,광양선박(주),2046110000497,
20200623,1101110125719,대원교통(주),1101110159130,
20200623,1101110125719,(주)평안운수,1115110005764,
20200623,1101110125719,(주)대원운수,1152110029792,
20200623,1101110125719,(주)경기버스,1154110000027,
20200623,1101110125719,(주)대원고속,1342110000490,
20200623,1101110125719,(주)대원버스,1342110057342,
20200623,1101110125719,(주)경기고속,1344110000016,
20200623,1101110128060,(주)동원약품,1701110029951,
20200623,1101110129026,(주)서연탑메탈,1101110519003,
20200623,1101110129026,(주)서연이화,1101115455476,
20200623,1101110129026,(주)서연오토비전,1615110046148,
20200623,1101110129026,(주)서연인테크,2149110006968,
20200623,1101110129026,(주)서연씨엔에프,2301110268134,
20200623,1101110129274,(주)파라다이스세가사미,1201110620056,
20200623,1101110132871,(주)한유에너지,1101110294499,
20200623,1101110137491,문배철강(주),1101110139190,
20200623,1101110138168,대주중공업(주),1201110046161,
20200623,1101110138168,대주이엔티(주),1201110051590,
20200623,1101110138168,대연인터내셔널(주),1201110320185,
20200623,1101110138168,대주정공(주),1243110010283,
20200623,1101110138168,케이씨(주),2054110006068,
20200623,1101110138168,한국알루미나(주),2054110015069,
20200623,1101110138572,신영건설(주),1101110101909,
20200623,1101110138572,(주)신영자산관리,1101110164692,
20200623,1101110138572,(주)신영,1101110618178,
20200623,1101110138572,(주)청주테크노폴리스,1501110116489,
20200623,1101110139190,(주)엔아이스틸,1101110137491,
20200623,1101110141301,(주)메리츠금융지주,1101114566406,
20200623,1101110141301,메리츠캐피탈(주),1101114823450,
20200623,1101110144347,(주)보성,2001110003205,
20200623,1101110144347,해원에스티(주),2001110065213,
20200623,1101110144347,해원엠에스씨(주),2013110025189,
20200623,1101110145147,(주)농심,1101110057574,
20200623,1101110145147,(주)메가마트,1101110222557,
20200623,1101110145147,(주)뉴테라넥스,1101114688549,
20200623,1101110145147,태경농산(주),1341110005814,
20200623,1101110145147,(주)농심캐피탈,1801110607482,
20200623,1101110145410,롯데쇼핑(주),1101110000086,
20200623,1101110145410,롯데건설(주),1101110014764,
20200623,1101110145410,(주)롯데푸드,1101110033722,
20200623,1101110145410,롯데지주(주),1101110076300,
20200623,1101110145410,롯데상사(주),1101110159099,
20200623,1101110145410,롯데케미칼(주),1101110193196,
20200623,1101110145410,롯데하이마트(주),1101110532633,
20200623,1101110145410,롯데캐피탈(주),1101111217416,
20200623,1101110145410,롯데렌탈(주),1101113326588,
20200623,1101110145410,서울복합물류프로젝트금융투자(주),1101114660232,
20200623,1101110145410,롯데정보통신(주),1101116557114,
20200623,1101110145410,롯데컬처웍스(주),1101116768969,
20200623,1101110145410,롯데위탁관리부동산투자회사(주),1101117061081,
20200623,1101110145410,롯데오토리스(주),1341110213433,
20200623,1101110145410,(주)백학음료,1349110029305,
20200623,1101110145410,(주)충북소주,1501110082218,
20200623,1101110145410,산청음료(주),1948110004183,
20200623,1101110145410,롯데베르살리스엘라스토머스(주),2062110050365,
20200623,1101110145410,데크항공(주),2101110061897,
20200623,1101110145519,삼성생명보험(주),1101110005953,
20200623,1101110145519,삼성물산(주),1101110015762,
20200623,1101110145519,삼성중공업(주),1101110168595,
20200623,1101110145519,삼성카드(주),1101110346901,
20200623,1101110145519,에이치디씨신라면세점(주),1101115722916,
20200623,1101110145519,삼성바이오로직스(주),1201110566317,
20200623,1101110145519,삼성바이오에피스(주),1201110601501,
20200623,1101110145519,삼성전자(주),1301110006246,
20200623,1101110145519,삼성디스플레이(주),1345110187812,
20200623,1101110145519,세메스(주),1615110011795,
20200623,1101110149446,(주)에이치엠티메가라인,1101114195346,
20200623,1101110149446,케이엔로지스틱스(주),1801110608612,
20200623,1101110150659,한솔테크닉스(주),1101110004682,
20200623,1101110150659,한솔홀딩스(주),1101110017867,
20200623,1101110150659,(주)한솔케미칼,1101110270895,
20200623,1101110150659,(주)한솔홈데코,1101110825624,
20200623,1101110150659,한솔인티큐브(주),1101112915605,
20200623,1101110150659,한솔제지(주),1101115604700,
20200623,1101110150659,(주)테이팩스,1201110095499,
20200623,1101110150659,엑스큐어(주),1350110106150,
20200623,1101110150659,한솔이엠이(주),1601110123185,
20200623,1101110150659,한솔페이퍼텍(주),2043110008603,
20200623,1101110152738,코스모신소재(주),1201110018251,
20200623,1101110155451,(주)태영그레인터미널,1341110136304,
20200623,1101110155451,신경주역세권공영개발(주),1712110053444,
20200623,1101110155451,(주)태영인더스트리,1812110012745,
20200623,1101110155451,(주)티에스케이그린에너지,2149110036717,
20200623,1101110155451,(주)티에스케이이앤피,2301110205160,
20200623,1101110155451,(주)티에스케이코퍼레이션,2811110087640,
20200623,1101110155683,케이씨글라스(주),1101110116388,
20200623,1101110155683,케이씨코트렐(주),1101114255463,
20200623,1101110155683,케이씨에코물류(주),1101115481554,
20200623,1101110155683,케이씨그린에너지(주),1646110011683,
20200623,1101110155683,부산신호태양광발전(주),1801110788969,
20200623,1101110155683,케이씨환경서비스(주),2062110018123,
20200623,1101110159099,롯데쇼핑(주),1101110000086,
20200623,1101110159099,롯데건설(주),1101110014764,
20200623,1101110159099,(주)롯데푸드,1101110033722,
20200623,1101110159099,롯데지주(주),1101110076300,
20200623,1101110159099,호텔롯데(주),1101110145410,
20200623,1101110159099,롯데케미칼(주),1101110193196,
20200623,1101110159099,롯데하이마트(주),1101110532633,
20200623,1101110159099,롯데캐피탈(주),1101111217416,
20200623,1101110159099,롯데렌탈(주),1101113326588,
20200623,1101110159099,서울복합물류프로젝트금융투자(주),1101114660232,
20200623,1101110159099,롯데정보통신(주),1101116557114,
20200623,1101110159099,롯데컬처웍스(주),1101116768969,
20200623,1101110159099,롯데위탁관리부동산투자회사(주),1101117061081,
20200623,1101110159099,롯데오토리스(주),1341110213433,
20200623,1101110159099,(주)백학음료,1349110029305,
20200623,1101110159099,(주)충북소주,1501110082218,
20200623,1101110159099,산청음료(주),1948110004183,
20200623,1101110159099,롯데베르살리스엘라스토머스(주),2062110050365,
20200623,1101110159099,데크항공(주),2101110061897,
20200623,1101110159130,(주)대원여객,1101110125719,
20200623,1101110159130,(주)평안운수,1115110005764,
20200623,1101110159130,(주)대원운수,1152110029792,
20200623,1101110159130,(주)경기버스,1154110000027,
20200623,1101110159130,(주)대원고속,1342110000490,
20200623,1101110159130,(주)대원버스,1342110057342,
20200623,1101110159130,(주)경기고속,1344110000016,
20200623,1101110162802,디와이오토(주),1648110083365,
20200623,1101110162802,디와이파워(주),1942110234534,
20200623,1101110164692,신영건설(주),1101110101909,
20200623,1101110164692,(주)대농,1101110138572,
20200623,1101110164692,(주)신영,1101110618178,
20200623,1101110164692,(주)청주테크노폴리스,1501110116489,
20200623,1101110164717,엔에이치농협캐피탈(주),1101113634428,
20200623,1101110164717,농협은행,1101114809385,
20200623,1101110165880,한일홀딩스(주),1101110040165,
20200623,1101110165880,한일현대시멘트(주),1101110111867,
20200623,1101110165880,한일시멘트(주),1101116799203,
20200623,1101110165880,한일네트웍스(주),1201110175423,
20200623,1101110165880,한일개발(주),1311110067289,
20200623,1101110165880,(주)충무화학,1648110000434,
20200623,1101110166127,(주)대명화학,1101111898159,
20200623,1101110166127,(주)디에이피,1244110006602,
20200623,1101110166127,(주)케이브랜즈,1311110359595,
20200623,1101110166127,씨에프에이(주),1311110369370,
20200623,1101110166127,(주)모다이노칩,1355110106027,
20200623,1101110167498,(주)신세계조선호텔,1101110003999,
20200623,1101110167498,(주)신세계,1101110028848,
20200623,1101110167498,(주)신세계인터내셔날,1101110282402,
20200623,1101110167498,(주)신세계푸드,1101110305288,
20200623,1101110167498,(주)까사미아,1101110873102,
20200623,1101110167498,(주)신세계사이먼,1101113239228,
20200623,1101110167498,(주)이마트,1101114594952,
20200623,1101110167498,(주)신세계프라퍼티,1101115284198,
20200623,1101110167498,(주)인천신세계,1101115615038,
20200623,1101110167498,(주)신세계디에프,1101115698315,
20200623,1101110167498,(주)스타필드안성,1346110091475,
20200623,1101110167498,(주)스타필드하남,1357110074452,
20200623,1101110167498,(주)신세계동대구복합환승센터,1701110459570,
20200623,1101110168404,시그네틱스(주),1101110070815,
20200623,1101110168404,(주)코리아써키트,1301110026749,
20200623,1101110168404,켐코(주),1311110470424,
20200623,1101110168404,영풍전자(주),1350110032106,
20200623,1101110168595,삼성생명보험(주),1101110005953,
20200623,1101110168595,삼성물산(주),1101110015762,
20200623,1101110168595,(주)호텔신라,1101110145519,
20200623,1101110168595,삼성카드(주),1101110346901,
20200623,1101110168595,에이치디씨신라면세점(주),1101115722916,
20200623,1101110168595,삼성바이오로직스(주),1201110566317,
20200623,1101110168595,삼성바이오에피스(주),1201110601501,
20200623,1101110168595,삼성전자(주),1301110006246,
20200623,1101110168595,삼성디스플레이(주),1345110187812,
20200623,1101110168595,세메스(주),1615110011795,
20200623,1101110169874,아주산업(주),1101110425606,
20200623,1101110169874,아주지오텍(주),1101113786063,
20200623,1101110169874,(주)아주호텔서교,1101114995861,
20200623,1101110172447,(주)나무경영아카데미,1101114780840,
20200623,1101110186638,(주)이수화학,1101110008600,
20200623,1101110186638,이수건설(주),1101110202202,
20200623,1101110186638,(주)이수시스템,1101111304643,
20200623,1101110186638,(주)이수엑사켐,1101112303826,
20200623,1101110186638,(주)이수,1101112833451,
20200623,1101110186638,(주)이수엑사보드,1314110161035,
20200623,1101110186638,토다이수(주),1412110043623,
20200623,1101110189955,에쓰오일토탈윤활유(주),1101112805004,
20200623,1101110190340,삼호씨앤엠(주),1101111094773,
20200623,1101110192180,(주)엘지,1101110003543,
20200623,1101110192180,(주)엘지상사,1101110004632,
20200623,1101110192180,(주)판토스,1101110208127,
20200623,1101110192180,엘지디스플레이(주),1101110393134,
20200623,1101110192180,(주)엘지헬로비전,1101111144297,
20200623,1101110192180,(주)엘지유플러스,1101111296676,
20200623,1101110192180,(주)로보스타,1101111655393,
20200623,1101110192180,LG전자(주),1101112487050,
20200623,1101110192180,(주)엘지하우시스,1101114071207,
20200623,1101110192180,(주)하이프라자,1311110028801,
20200623,1101110192180,우지막코리아주식회사,1545110032401,
20200623,1101110193196,롯데쇼핑(주),1101110000086,
20200623,1101110193196,롯데건설(주),1101110014764,
20200623,1101110193196,(주)롯데푸드,1101110033722,
20200623,1101110193196,롯데지주(주),1101110076300,
20200623,1101110193196,호텔롯데(주),1101110145410,
20200623,1101110193196,롯데상사(주),1101110159099,
20200623,1101110193196,롯데하이마트(주),1101110532633,
20200623,1101110193196,롯데캐피탈(주),1101111217416,
20200623,1101110193196,롯데렌탈(주),1101113326588,
20200623,1101110193196,서울복합물류프로젝트금융투자(주),1101114660232,
20200623,1101110193196,롯데정보통신(주),1101116557114,
20200623,1101110193196,롯데컬처웍스(주),1101116768969,
20200623,1101110193196,롯데위탁관리부동산투자회사(주),1101117061081,
20200623,1101110193196,롯데오토리스(주),1341110213433,
20200623,1101110193196,(주)백학음료,1349110029305,
20200623,1101110193196,(주)충북소주,1501110082218,
20200623,1101110193196,산청음료(주),1948110004183,
20200623,1101110193196,롯데베르살리스엘라스토머스(주),2062110050365,
20200623,1101110193196,데크항공(주),2101110061897,
20200623,1101110197081,요진개발(주),2811110121266,
20200623,1101110202202,(주)이수화학,1101110008600,
20200623,1101110202202,(주)이수페타시스,1101110186638,
20200623,1101110202202,(주)이수시스템,1101111304643,
20200623,1101110202202,(주)이수엑사켐,1101112303826,
20200623,1101110202202,(주)이수,1101112833451,
20200623,1101110202202,(주)이수엑사보드,1314110161035,
20200623,1101110202202,토다이수(주),1412110043623,
20200623,1101110202989,(주)한화,1101110002959,
20200623,1101110202989,한화투자증권(주),1101110003155,
20200623,1101110202989,한화호텔앤드리조트(주),1101110249709,
20200623,1101110202989,한화솔루션(주),1101110360935,
20200623,1101110202989,(주)한화건설,1101112558405,
20200623,1101110202989,한화에너지(주),1101113807223,
20200623,1101110202989,(주)제주해양과학관,1101114143577,
20200623,1101110202989,(주)한화도시개발,1101114231596,
20200623,1101110202989,한화테크윈(주),1311110514404,
20200623,1101110202989,(주)한화갤러리아타임월드,1601110003410,
20200623,1101110202989,한화종합화학(주),1614110001243,
20200623,1101110202989,한화토탈(주),1614110013066,
20200623,1101110202989,(주)서산테크노밸리,1614110017852,
20200623,1101110202989,한화시스템(주),1760110020640,
20200623,1101110202989,한화에어로스페이스(주),1942110000480,
20200623,1101110202989,한화디펜스(주),1942110273300,
20200623,1101110202989,한화파워시스템(주),1942110273318,
20200623,1101110202989,한화정밀기계(주),1942110273326,
20200623,1101110205975,금호폴리켐(주),1101110400533,
20200623,1101110205975,(주)강원학교태양광,1401110054920,
20200623,1101110205975,금호피앤비화학(주),2062110018313,
20200623,1101110205975,금호티앤엘(주),2062110039707,
20200623,1101110208127,(주)엘지,1101110003543,
20200623,1101110208127,(주)엘지상사,1101110004632,
20200623,1101110208127,엘지이노텍(주),1101110192180,
20200623,1101110208127,엘지디스플레이(주),1101110393134,
20200623,1101110208127,(주)엘지헬로비전,1101111144297,
20200623,1101110208127,(주)엘지유플러스,1101111296676,
20200623,1101110208127,(주)로보스타,1101111655393,
20200623,1101110208127,LG전자(주),1101112487050,
20200623,1101110208127,(주)엘지하우시스,1101114071207,
20200623,1101110208127,(주)하이프라자,1311110028801,
20200623,1101110208127,우지막코리아주식회사,1545110032401,
20200623,1101110208169,하나캐피탈(주),1101110519970,
20200623,1101110208169,(주)하나은행,1101110672538,
20200623,1101110208169,하나카드(주),1101115505354,
20200623,1101110208169,하나에프앤아이(주),1341110029773,
20200623,1101110211641,(주)코스틸홀딩스,2046110000596,
20200623,1101110212889,한국제지(주),1101110002818,
20200623,1101110212889,해성산업(주),1101110028145,
20200623,1101110212889,(주)한국팩키지,1350110040291,
20200623,1101110212889,해성디에스(주),1942110223694,
20200623,1101110215536,현대건설(주),1101110007909,
20200623,1101110215536,기아자동차(주),1101110037998,
20200623,1101110215536,현대비앤지스틸(주),1101110065395,
20200623,1101110215536,현대자동차(주),1101110085450,
20200623,1101110215536,현대카드(주),1101110377203,
20200623,1101110215536,현대캐피탈(주),1101110995378,
20200623,1101110215536,현대첨단소재(주),1101111929102,
20200623,1101110215536,현대엔지니어링(주),1101112153015,
20200623,1101110215536,현대글로비스(주),1101112177388,
20200623,1101110215536,현대커머셜(주),1101113646697,
20200623,1101110215536,현대종합특수강(주),1101114505595,
20200623,1101110215536,현대제철(주),1201110001743,
20200623,1101110215536,(주)지아이티,1311110028900,
20200623,1101110215536,현대오트론(주),1341110134001,
20200623,1101110215536,에이치엘그린파워(주),1352110027542,
20200623,1101110215536,현대트랜시스(주),1614110008562,
20200623,1101110215536,현대에코에너지(주),1614110040506,
20200623,1101110215536,그린에어(주),1650110026005,
20200623,1101110215536,현대로템(주),1942110036336,
20200623,1101110217607,(주)서희건설,1101110335912,
20200623,1101110217607,(주)경주환경에너지,1101114088913,
20200623,1101110217607,(주)유성강업,1101115815232,
20200623,1101110219398,(주)디케이디앤아이,1345110000600,
20200623,1101110219398,(주)디케이씨,1746110009701,
20200623,1101110220882,엠에스에스펄프(주),1101115085819,
20200623,1101110220882,엠에스에스홀딩스(주),1311110333333,
20200623,1101110220882,(주)쌍용씨앤비,1348110105024,
20200623,1101110220882,(주)엠에스에스글로벌,1601110002420,
20200623,1101110221814,(주)케이씨씨건설,1101110607618,
20200623,1101110222557,(주)농심,1101110057574,
20200623,1101110222557,율촌화학(주),1101110145147,
20200623,1101110222557,(주)뉴테라넥스,1101114688549,
20200623,1101110222557,태경농산(주),1341110005814,
20200623,1101110222557,(주)농심캐피탈,1801110607482,
20200623,1101110225254,씨제이대한통운(주),1101110006167,
20200623,1101110225254,(주)원지,1101110077605,
20200623,1101110225254,한국복합물류(주),1101110853576,
20200623,1101110225254,"CJ ENM CO., LTD.",1101111109134,
20200623,1101110225254,씨제이올리브네트웍스(주),1101111138498,
20200623,1101110225254,씨제이씨지브이(주),1101111673220,
20200623,1101110225254,CJ제일제당(주),1101113748253,
20200623,1101110225254,씨제이올리브영(주),1101117283974,
20200623,1101110225254,씨제이포디플렉스(주),1601110287527,
20200623,1101110225254,씨제이프레시웨이(주),1801110083442,
20200623,1101110227359,대림씨엔에스(주),1101110061228,
20200623,1101110227359,대림산업(주),1101110084915,
20200623,1101110227359,(주)대림코퍼레이션,1101111081093,
20200623,1101110227359,(주)켐텍,1101114385731,
20200623,1101110227359,청진이삼프로젝트(주),1101114478932,
20200623,1101110227359,포천파워(주),2844110050771,
20200623,1101110227359,대림에너지(주),2844110075258,
20200623,1101110233520,강산건설(주),1101110337653,
20200623,1101110243793,(주)금양인터내셔날,1101110630734,
20200623,1101110243793,(주)후니드,1101113135418,
20200623,1101110243793,(주)파라텍,1243110000573,
20200623,1101110243800,(주)이랜드월드,1101110365797,
20200623,1101110243800,(주)이랜드파크,1444110000098,
20200623,1101110243800,(주)이월드,1701110290867,
20200623,1101110245369,동아쏘시오홀딩스(주),1101110017990,
20200623,1101110245369,(주)수석,1101110107973,
20200623,1101110245369,동아에스티(주),1101115079713,
20200623,1101110245369,동아제약(주),1101115079739,
20200623,1101110245369,에스티팜(주),1545110039704,
20200623,1101110245369,(주)동천수,1714110019799,
20200623,1101110249709,(주)한화,1101110002959,
20200623,1101110249709,한화투자증권(주),1101110003155,
20200623,1101110249709,(주)한화갤러리아,1101110202989,
20200623,1101110249709,한화솔루션(주),1101110360935,
20200623,1101110249709,(주)한화건설,1101112558405,
20200623,1101110249709,한화에너지(주),1101113807223,
20200623,1101110249709,(주)제주해양과학관,1101114143577,
20200623,1101110249709,(주)한화도시개발,1101114231596,
20200623,1101110249709,한화테크윈(주),1311110514404,
20200623,1101110249709,(주)한화갤러리아타임월드,1601110003410,
20200623,1101110249709,한화종합화학(주),1614110001243,
20200623,1101110249709,한화토탈(주),1614110013066,
20200623,1101110249709,(주)서산테크노밸리,1614110017852,
20200623,1101110249709,한화시스템(주),1760110020640,
20200623,1101110249709,한화에어로스페이스(주),1942110000480,
20200623,1101110249709,한화디펜스(주),1942110273300,
20200623,1101110249709,한화파워시스템(주),1942110273318,
20200623,1101110249709,한화정밀기계(주),1942110273326,
20200623,1101110252471,보령제약(주),1101110012560,
20200623,1101110252471,보령컨슈머헬스케어 주식회사,1101113128588,
20200623,1101110256259,(주)코오롱,1101110030528,
20200623,1101110256259,코오롱글로벌(주),1101110036502,
20200623,1101110256259,코오롱글로텍(주),1101110524838,
20200623,1101110256259,(주)코오롱인베스트먼트,1101111902786,
20200623,1101110256259,코오롱생명과학(주),1101111948277,
20200623,1101110256259,코오롱이엔지니어링(주),1311110057610,
20200623,1101110256259,코오롱데크컴퍼지트(주),1345110055689,
20200623,1101110256259,코오롱베니트(주),1353110003920,
20200623,1101110256259,코오롱환경에너지(주),1353110005893,
20200623,1101110256259,코오롱머티리얼(주),1353110011139,
20200623,1101110256259,코오롱인더스트리(주),1353110013606,
20200623,1101110256259,그린나래(주),1615110078133,
20200623,1101110256259,코오롱플라스틱(주),1713110003504,
20200623,1101110256259,코오롱바스프이노폼(주),1713110030747,
20200623,1101110256788,오진상사(주),1101110576425,
20200623,1101110257116,벽산파워(주),1101114192920,
20200623,1101110266117,세동유통(주),1801110246214,
20200623,1101110266117,(주)에스디비즈,1801110644583,
20200623,1101110270895,한솔테크닉스(주),1101110004682,
20200623,1101110270895,한솔홀딩스(주),1101110017867,
20200623,1101110270895,한솔로지스틱스(주),1101110150659,
20200623,1101110270895,(주)한솔홈데코,1101110825624,
20200623,1101110270895,한솔인티큐브(주),1101112915605,
20200623,1101110270895,한솔제지(주),1101115604700,
20200623,1101110270895,(주)테이팩스,1201110095499,
20200623,1101110270895,엑스큐어(주),1350110106150,
20200623,1101110270895,한솔이엠이(주),1601110123185,
20200623,1101110270895,한솔페이퍼텍(주),2043110008603,
20200623,1101110271596,(주)사조대림,1101110042278,
20200623,1101110271596,(주)사조오양,1101110104820,
20200623,1101110271596,사조산업(주),1101110112328,
20200623,1101110271596,(주)사조시스템즈,1101110335178,
20200623,1101110271596,사조동아원(주),1244110000662,
20200623,1101110271596,(주)삼아벤처,1543110007523,
20200623,1101110271596,농업회사법인(주)사조원,2148110014856,
20200623,1101110274699,(주)한라홀딩스,1313110030042,
20200623,1101110274699,(주)만도차이나홀딩스,1313110119630,
20200623,1101110274699,(주)만도,1313110140776,
20200623,1101110274699,만도헬라일렉트로닉스(주),1345110132825,
20200623,1101110274699,(주)한라세라지오,1349110005074,
20200623,1101110275069,삼광글라스(주),1101110079817,
20200623,1101110275069,(주)이테크건설,1101110327555,
20200623,1101110275069,(주)유니드글로벌상사,1101111072159,
20200623,1101110275069,오씨아이파워(주),1101114984137,
20200623,1101110275069,오씨아이(주),1746110000981,
20200623,1101110275069,군장에너지(주),2111110014332,
20200623,1101110275069,오씨아이에스이(주),2111110035867,
20200623,1101110275118,삼지전자(주),1101110300303,
20200623,1101110275118,(주)에스에이엠티,1101110707674,
20200623,1101110276116,(주)대창모터스,1648110052485,
20200623,1101110279996,글로벌세아(주),1101110581565,
20200623,1101110279996,세아아인스(주),1101113126136,
20200623,1101110279996,세아상역(주),1101115879345,
20200623,1101110279996,세아에스티엑스엔테크(주),1101116830411,
20200623,1101110282402,(주)신세계조선호텔,1101110003999,
20200623,1101110282402,(주)신세계,1101110028848,
20200623,1101110282402,(주)이마트에브리데이,1101110167498,
20200623,1101110282402,(주)신세계푸드,1101110305288,
20200623,1101110282402,(주)까사미아,1101110873102,
20200623,1101110282402,(주)신세계사이먼,1101113239228,
20200623,1101110282402,(주)이마트,1101114594952,
20200623,1101110282402,(주)신세계프라퍼티,1101115284198,
20200623,1101110282402,(주)인천신세계,1101115615038,
20200623,1101110282402,(주)신세계디에프,1101115698315,
20200623,1101110282402,(주)스타필드안성,1346110091475,
20200623,1101110282402,(주)스타필드하남,1357110074452,
20200623,1101110282402,(주)신세계동대구복합환승센터,1701110459570,
20200623,1101110293011,AK홀딩스(주),1101110029721,
20200623,1101110293011,애경산업(주),1101110398275,
20200623,1101110293011,애경유화(주),1101114951243,
20200623,1101110293011,수원애경역사(주),1301110034487,
20200623,1101110293011,에이케이에스앤디(주),1313110029384,
20200623,1101110293011,에이케이레저(주),1344110015627,
20200623,1101110293011,(주)에이텍,1601110004492,
20200623,1101110293011,에이케이켐텍(주),1601110004541,
20200623,1101110293011,에이케이앤엠엔바이오팜(주),1601110236186,
20200623,1101110293011,(주)제주항공,2201110050575,
20200623,1101110293954,한일단조공업(주),1243110019293,
20200623,1101110294499,(주)한유,1101110132871,
20200623,1101110296073,흥아해운(주),1101110515275,
20200623,1101110296073,(주)흥아로지스틱스,1101113631557,
20200623,1101110296073,에이치앤브이물류(주),1344110027565,
20200623,1101110296073,피케이밸브(주),1942110000076,
20200623,1101110300303,세일이엔에스(주),1101110275118,
20200623,1101110300303,(주)에스에이엠티,1101110707674,
20200623,1101110305288,(주)신세계조선호텔,1101110003999,
20200623,1101110305288,(주)신세계,1101110028848,
20200623,1101110305288,(주)이마트에브리데이,1101110167498,
20200623,1101110305288,(주)신세계인터내셔날,1101110282402,
20200623,1101110305288,(주)까사미아,1101110873102,
20200623,1101110305288,(주)신세계사이먼,1101113239228,
20200623,1101110305288,(주)이마트,1101114594952,
20200623,1101110305288,(주)신세계프라퍼티,1101115284198,
20200623,1101110305288,(주)인천신세계,1101115615038,
20200623,1101110305288,(주)신세계디에프,1101115698315,
20200623,1101110305288,(주)스타필드안성,1346110091475,
20200623,1101110305288,(주)스타필드하남,1357110074452,
20200623,1101110305288,(주)신세계동대구복합환승센터,1701110459570,
20200623,1101110318570,동화산업(주),1201110064147,
20200623,1101110327125,유티씨인베스트먼트(주),1101110570922,
20200623,1101110327125,대상정보기술(주),1101110789432,
20200623,1101110327125,대상라이프사이언스(주),1101116545804,
20200623,1101110327125,(주)정풍,1615110004279,
20200623,1101110327555,삼광글라스(주),1101110079817,
20200623,1101110327555,(주)유니드,1101110275069,
20200623,1101110327555,(주)유니드글로벌상사,1101111072159,
20200623,1101110327555,오씨아이파워(주),1101114984137,
20200623,1101110327555,오씨아이(주),1746110000981,
20200623,1101110327555,군장에너지(주),2111110014332,
20200623,1101110327555,오씨아이에스이(주),2111110035867,
20200623,1101110335178,(주)사조대림,1101110042278,
20200623,1101110335178,(주)사조오양,1101110104820,
20200623,1101110335178,사조산업(주),1101110112328,
20200623,1101110335178,사조씨푸드(주),1101110271596,
20200623,1101110335178,사조동아원(주),1244110000662,
20200623,1101110335178,(주)삼아벤처,1543110007523,
20200623,1101110335178,농업회사법인(주)사조원,2148110014856,
20200623,1101110335912,(주)유성티엔에스,1101110217607,
20200623,1101110335912,(주)경주환경에너지,1101114088913,
20200623,1101110335912,(주)유성강업,1101115815232,
20200623,1101110337653,강산개발(주),1101110233520,
20200623,1101110346901,삼성생명보험(주),1101110005953,
20200623,1101110346901,삼성물산(주),1101110015762,
20200623,1101110346901,(주)호텔신라,1101110145519,
20200623,1101110346901,삼성중공업(주),1101110168595,
20200623,1101110346901,에이치디씨신라면세점(주),1101115722916,
20200623,1101110346901,삼성바이오로직스(주),1201110566317,
20200623,1101110346901,삼성바이오에피스(주),1201110601501,
20200623,1101110346901,삼성전자(주),1301110006246,
20200623,1101110346901,삼성디스플레이(주),1345110187812,
20200623,1101110346901,세메스(주),1615110011795,
20200623,1101110356140,(주)삼라,1101110002834,
20200623,1101110356140,대한해운(주),1101110008212,
20200623,1101110356140,경남기업(주),1101110008262,
20200623,1101110356140,삼환기업(주),1101110020307,
20200623,1101110356140,에스엠신용정보(주),1101111801277,
20200623,1101110356140,(주)티케이케미칼,1101113783457,
20200623,1101110356140,에스엠스틸(주),1243110028914,
20200623,1101110356140,에스엠하이플러스(주),1311110191187,
20200623,1101110356140,에스엠중공업(주),1351110040869,
20200623,1101110356140,한덕철광산업(주),1449110003109,
20200623,1101110356140,(주)남선알미늄,1701110005042,
20200623,1101110356140,에스엠인더스트리(주),1846110007779,
20200623,1101110356455,일진디앤코(주),1101113929077,
20200623,1101110356455,일진홀딩스(주),1201110011990,
20200623,1101110356455,일진제강(주),1341110008412,
20200623,1101110356455,일진전기(주),1348110159279,
20200623,1101110356455,일진디스플레이(주),1545110006076,
20200623,1101110356455,알피니언메디칼시스템(주),1701110331190,
20200623,1101110357445,중앙일보(주),1101110051493,
20200623,1101110357445,제이티비씨스튜디오(주),1101111764730,
20200623,1101110357445,메가박스중앙(주),1101111809403,
20200623,1101110357445,제이티비씨(주),1101114560268,
20200623,1101110357445,휘닉스중앙제주(주),2241110012935,
20200623,1101110360935,(주)한화,1101110002959,
20200623,1101110360935,한화투자증권(주),1101110003155,
20200623,1101110360935,(주)한화갤러리아,1101110202989,
20200623,1101110360935,한화호텔앤드리조트(주),1101110249709,
20200623,1101110360935,(주)한화건설,1101112558405,
20200623,1101110360935,한화에너지(주),1101113807223,
20200623,1101110360935,(주)제주해양과학관,1101114143577,
20200623,1101110360935,(주)한화도시개발,1101114231596,
20200623,1101110360935,한화테크윈(주),1311110514404,
20200623,1101110360935,(주)한화갤러리아타임월드,1601110003410,
20200623,1101110360935,한화종합화학(주),1614110001243,
20200623,1101110360935,한화토탈(주),1614110013066,
20200623,1101110360935,(주)서산테크노밸리,1614110017852,
20200623,1101110360935,한화시스템(주),1760110020640,
20200623,1101110360935,한화에어로스페이스(주),1942110000480,
20200623,1101110360935,한화디펜스(주),1942110273300,
20200623,1101110360935,한화파워시스템(주),1942110273318,
20200623,1101110360935,한화정밀기계(주),1942110273326,
20200623,1101110365797,(주)이랜드리테일,1101110243800,
20200623,1101110365797,(주)이랜드파크,1444110000098,
20200623,1101110365797,(주)이월드,1701110290867,
20200623,1101110375439,(주)풀무원푸드앤컬처,1101111174591,
20200623,1101110375439,(주)푸드머스,1101111929417,
20200623,1101110375439,엑소후레쉬물류(주),1348110034702,
20200623,1101110375439,(주)피피이씨춘천,1401110023884,
20200623,1101110375439,(주)풀무원녹즙,1544110016762,
20200623,1101110375439,(주)피피이씨음성생면,1545110025175,
20200623,1101110375439,(주)피피이씨음성나물,1545110025183,
20200623,1101110375439,풀무원식품(주),1545110039324,
20200623,1101110376148,(주)동양,1101110005333,
20200623,1101110376148,(주)에스비씨리니어,1101110647599,
20200623,1101110376148,한국자산평가(주),1101111982473,
20200623,1101110376148,한국통운(주),1312110007928,
20200623,1101110376148,천안기업(주),1615110019434,
20200623,1101110376148,한국특수형강(주),1801110015362,
20200623,1101110376148,현대개발(주),2054110009963,
20200623,1101110376148,동화기업(주),2059110009632,
20200623,1101110376148,이순산업(주),2844110060415,
20200623,1101110377203,현대건설(주),1101110007909,
20200623,1101110377203,기아자동차(주),1101110037998,
20200623,1101110377203,현대비앤지스틸(주),1101110065395,
20200623,1101110377203,현대자동차(주),1101110085450,
20200623,1101110377203,현대모비스(주),1101110215536,
20200623,1101110377203,현대캐피탈(주),1101110995378,
20200623,1101110377203,현대첨단소재(주),1101111929102,
20200623,1101110377203,현대엔지니어링(주),1101112153015,
20200623,1101110377203,현대글로비스(주),1101112177388,
20200623,1101110377203,현대커머셜(주),1101113646697,
20200623,1101110377203,현대종합특수강(주),1101114505595,
20200623,1101110377203,현대제철(주),1201110001743,
20200623,1101110377203,(주)지아이티,1311110028900,
20200623,1101110377203,현대오트론(주),1341110134001,
20200623,1101110377203,에이치엘그린파워(주),1352110027542,
20200623,1101110377203,현대트랜시스(주),1614110008562,
20200623,1101110377203,현대에코에너지(주),1614110040506,
20200623,1101110377203,그린에어(주),1650110026005,
20200623,1101110377203,현대로템(주),1942110036336,
20200623,1101110381387,(주)엘에스,1101110003965,
20200623,1101110381387,엘에스일렉트릭(주),1101110520076,
20200623,1101110381387,엘에스글로벌인코퍼레이티드(주),1101113359985,
20200623,1101110381387,(주)베스트토요타,1101115129881,
20200623,1101110381387,(주)예스코,1101116708494,
20200623,1101110381387,(주)지앤피,1301110008797,
20200623,1101110381387,가온전선(주),1341110000567,
20200623,1101110381387,엘에스엠트론(주),1341110168349,
20200623,1101110381387,엘에스전선(주),1341110168357,
20200623,1101110381387,엘에스전선아시아(주),1341110411706,
20200623,1101110381387,엘에스에이홀딩스(주),1341110474316,
20200623,1101110381387,엘에스오토모티브테크놀로지스(주),1341110474647,
20200623,1101110381387,엘에스이브이코리아(주),1341110480602,
20200623,1101110381387,(주)토리컴,1350110054119,
20200623,1101110381387,(주)지알엠,1546110008012,
20200623,1101110381387,엘에스메카피온(주),1701110178807,
20200623,1101110381387,(주)엘에스네트웍스,1801110044717,
20200623,1101110381387,캐스코(주),2101110047938,
20200623,1101110381387,엘에스니꼬동제련(주),2301110058436,
20200623,1101110381387,한성피씨건설(주),2850110157251,
20200623,1101110383507,(주)선광,1201110000034,
20200623,1101110383507,(주)휠라선,1201110001032,
20200623,1101110383507,선광신컨테이너터미널(주),1201110544602,
20200623,1101110393134,(주)엘지,1101110003543,
20200623,1101110393134,(주)엘지상사,1101110004632,
20200623,1101110393134,엘지이노텍(주),1101110192180,
20200623,1101110393134,(주)판토스,1101110208127,
20200623,1101110393134,(주)엘지헬로비전,1101111144297,
20200623,1101110393134,(주)엘지유플러스,1101111296676,
20200623,1101110393134,(주)로보스타,1101111655393,
20200623,1101110393134,LG전자(주),1101112487050,
20200623,1101110393134,(주)엘지하우시스,1101114071207,
20200623,1101110393134,(주)하이프라자,1311110028801,
20200623,1101110393134,우지막코리아주식회사,1545110032401,
20200623,1101110393283,(주)나이스홀딩스,1101110505614,
20200623,1101110393283,케이아이에스정보통신(주),1101110898241,
20200623,1101110393283,한국전자금융(주),1101111848980,
20200623,1101110393283,나이스씨엠에스(주),1101113956252,
20200623,1101110393283,나이스페이먼츠(주),1101116137809,
20200623,1101110393283,서울전자통신(주),1243110009781,
20200623,1101110393283,(주)아이티엠반도체,1311110046639,
20200623,1101110393283,(주)나이스엘엠에스,1348110034942,
20200623,1101110393283,에스투비네트워크(주),1701110270108,
20200623,1101110393308,(주)케이지제로인,1101111269540,
20200623,1101110393308,(주)케이지이니시스,1101111602667,
20200623,1101110393308,케이지이티에스(주),1101111799183,
20200623,1101110393308,이데일리(주),1101111853608,
20200623,1101110393308,(주)케이지모빌리언스,1101111911050,
20200623,1101110393308,(주)케이지에듀원,1101111959183,
20200623,1101110393308,케이지케미칼(주),1243110008999,
20200623,1101110393308,(주)케이지써닝라이프,1345110166296,
20200623,1101110393308,(주)케이지에너켐,1943110030550,
20200623,1101110393457,대용무역(주),1101112371609,
20200623,1101110398275,AK홀딩스(주),1101110029721,
20200623,1101110398275,애경화학(주),1101110293011,
20200623,1101110398275,애경유화(주),1101114951243,
20200623,1101110398275,수원애경역사(주),1301110034487,
20200623,1101110398275,에이케이에스앤디(주),1313110029384,
20200623,1101110398275,에이케이레저(주),1344110015627,
20200623,1101110398275,(주)에이텍,1601110004492,
20200623,1101110398275,에이케이켐텍(주),1601110004541,
20200623,1101110398275,에이케이앤엠엔바이오팜(주),1601110236186,
20200623,1101110398275,(주)제주항공,2201110050575,
20200623,1101110400533,금호석유화학(주),1101110205975,
20200623,1101110400533,(주)강원학교태양광,1401110054920,
20200623,1101110400533,금호피앤비화학(주),2062110018313,
20200623,1101110400533,금호티앤엘(주),2062110039707,
20200623,1101110404361,(주)동성코퍼레이션,1801110633031,
20200623,1101110404361,(주)동성티씨에스,1846110031348,
20200623,1101110406333,동영해운(주),1101115935246,
20200623,1101110407141,대성계전(주),1101110555768,
20200623,1101110407141,대성산업(주),1101114382612,
20200623,1101110407141,대성홀딩스(주),1701110017237,
20200623,1101110411142,지에스건설(주),1101110002694,
20200623,1101110411142,(주)지에스글로벌,1101110031479,
20200623,1101110411142,삼양통상(주),1101110033433,
20200623,1101110411142,지에스칼텍스(주),1101110078819,
20200623,1101110411142,지에스엠비즈(주),1101111007023,
20200623,1101110411142,지에스바이오(주),1101114303030,
20200623,1101110411142,인천종합에너지(주),1201110348096,
20200623,1101110411142,(주)피엘에스,1313110093131,
20200623,1101110411142,GS파워(주),1341110074744,
20200623,1101110411142,(주)지에스이앤알,1350110121570,
20200623,1101110411142,(주)지에스동해전력,1447110019225,
20200623,1101110411142,지에스이피에스(주),1650110004621,
20200623,1101110411142,(주)지에스풍력발전,1745110004266,
20200623,1101110411142,(주)지에스엔텍,1812110008699,
20200623,1101110411142,(주)지에스포천그린에너지,2844110079755,
20200623,1101110412926,(주)신한은행,1101110012809,
20200623,1101110412926,신한금융지주회사(주),1101112322438,
20200623,1101110412926,신한캐피탈(주),1350110034400,
20200623,1101110413247,에스케이건설(주),1101110038805,
20200623,1101110413247,에스케이렌터카(주),1101110577233,
20200623,1101110413247,에스케이(주),1101110769583,
20200623,1101110413247,에스케이바이오랜드(주),1101111192981,
20200623,1101110413247,에스케이브로드밴드(주),1101111466659,
20200623,1101110413247,에스케이텔링크(주),1101111533599,
20200623,1101110413247,에스케이엠앤서비스(주),1101111873432,
20200623,1101110413247,에스케이디앤디(주),1101113001685,
20200623,1101110413247,울산아로마틱스(주),1101114499954,
20200623,1101110413247,에스케이에너지(주),1101114505967,
20200623,1101110413247,에스케이종합화학(주),1101114505975,
20200623,1101110413247,에스케이바이오팜(주),1101114570720,
20200623,1101110413247,나래에너지서비스(주),1101114926006,
20200623,1101110413247,에스케이매직(주),1101115125962,
20200623,1101110413247,라이프앤시큐리티홀딩스(주),1101115371408,
20200623,1101110413247,에스케이넥실리스,1101116480232,
20200623,1101110413247,SK인천석유화학(주),1201110666464,
20200623,1101110413247,SKC(주),1301110001585,
20200623,1101110413247,SK네트웍스(주),1301110005199,
20200623,1101110413247,에스케이케미칼(주),1311110501021,
20200623,1101110413247,(주)에스케이하이닉스,1344110001387,
20200623,1101110413247,에스케이씨솔믹스(주),1347110014631,
20200623,1101110413247,유빈스(주),1351110077367,
20200623,1101110413247,SK네트웍스서비스(주),1358110141788,
20200623,1101110413247,강원도시가스(주),1401110002010,
20200623,1101110413247,충청에너지서비스(주),1501110006200,
20200623,1101110413247,에스케이바이오텍(주),1601110395453,
20200623,1101110413247,보령엘엔지터미널(주),1645110021527,
20200623,1101110413247,울산지피에스(주),1650110035072,
20200623,1101110413247,당진에코파워,1650110069097,
20200623,1101110413247,에스케이실트론(주),1753110001348,
20200623,1101110413247,에스케이쇼와덴코(주),1756110018553,
20200623,1101110413247,에스케이머티리얼즈(주),1901110006971,
20200623,1101110413247,에스케이에어가스(주),2301110134111,
20200623,1101110413247,미쓰이케미칼앤드에스케이씨폴리우레탄(주),2301110233880,
20200623,1101110413578,오텍캐리어냉장(유),1348140000228,
20200623,1101110414758,(주)키다리스튜디오,1101110539382,
20200623,1101110414758,(주)다우데이타,1101110863484,
20200623,1101110414758,키움인베스트먼트(주),1101111659105,
20200623,1101110414758,(주)키움이앤에스,1101111719397,
20200623,1101110414758,키움증권(주),1101111867948,
20200623,1101110414758,(주)이머니,1101112797342,
20200623,1101110414758,(주)사람인에이치알,1101113318387,
20200623,1101110414758,(주)와이즈버즈,1101115138022,
20200623,1101110414758,(주)동부고속,1101116477007,
20200623,1101110414758,키움캐피탈(주),1101116837772,
20200623,1101110425432,(주)원익홀딩스,1243110033235,
20200623,1101110425432,(주)원익아이피에스,1313110163174,
20200623,1101110425432,(주)원익큐엔씨,1760110035615,
20200623,1101110425606,아주아이비투자(주),1101110169874,
20200623,1101110425606,아주지오텍(주),1101113786063,
20200623,1101110425606,(주)아주호텔서교,1101114995861,
20200623,1101110497465,신성통상(주),1101110003345,
20200623,1101110497465,(주)가나안,1342110001894,
20200623,1101110505614,나이스평가정보(주),1101110393283,
20200623,1101110505614,케이아이에스정보통신(주),1101110898241,
20200623,1101110505614,한국전자금융(주),1101111848980,
20200623,1101110505614,나이스씨엠에스(주),1101113956252,
20200623,1101110505614,나이스페이먼츠(주),1101116137809,
20200623,1101110505614,서울전자통신(주),1243110009781,
20200623,1101110505614,(주)아이티엠반도체,1311110046639,
20200623,1101110505614,(주)나이스엘엠에스,1348110034942,
20200623,1101110505614,에스투비네트워크(주),1701110270108,
20200623,1101110508311,(주)에스피씨삼립,1101110090516,
20200623,1101110508311,(주)에스피씨지에프에스,1311110380946,
20200623,1101110508311,에스피엘(주),1313110033129,
20200623,1101110508311,(주)호남샤니,2001110007041,
20200623,1101110509342,중소기업은행,1101350000903,
20200623,1101110511025,(주)천재교과서,1101112930687,
20200623,1101110511025,(주)해법에듀,1101113620518,
20200623,1101110511546,진흥기업(주),1101110006349,
20200623,1101110511546,(주)효성,1101110030497,
20200623,1101110511546,효성굿스프링스(주),1101110653653,
20200623,1101110511546,효성아이티엑스(주),1101111412256,
20200623,1101110511546,효성캐피탈(주),1101111419286,
20200623,1101110511546,더클래스효성(주),1101112875479,
20200623,1101110511546,(주)에프엠케이,1101113690032,
20200623,1101110511546,갤럭시아코퍼레이션(주),1101114762963,
20200623,1101110511546,효성티앤씨(주),1101116770138,
20200623,1101110511546,효성중공업(주),1101116770154,
20200623,1101110511546,효성첨단소재(주),1101116770170,
20200623,1101110511546,효성화학(주),1101116770188,
20200623,1101110511546,신화인터텍(주),1348110011677,
20200623,1101110511546,신성자동차(주),2001110114797,
20200623,1101110515275,국보,1101110296073,
20200623,1101110515275,(주)흥아로지스틱스,1101113631557,
20200623,1101110515275,에이치앤브이물류(주),1344110027565,
20200623,1101110515275,피케이밸브(주),1942110000076,
20200623,1101110519003,(주)서연,1101110129026,
20200623,1101110519003,(주)서연이화,1101115455476,
20200623,1101110519003,(주)서연오토비전,1615110046148,
20200623,1101110519003,(주)서연인테크,2149110006968,
20200623,1101110519003,(주)서연씨엔에프,2301110268134,
20200623,1101110519970,하나금융투자(주),1101110208169,
20200623,1101110519970,(주)하나은행,1101110672538,
20200623,1101110519970,하나카드(주),1101115505354,
20200623,1101110519970,하나에프앤아이(주),1341110029773,
20200623,1101110520076,(주)엘에스,1101110003965,
20200623,1101110520076,(주)E1,1101110381387,
20200623,1101110520076,엘에스글로벌인코퍼레이티드(주),1101113359985,
20200623,1101110520076,(주)베스트토요타,1101115129881,
20200623,1101110520076,(주)예스코,1101116708494,
20200623,1101110520076,(주)지앤피,1301110008797,
20200623,1101110520076,가온전선(주),1341110000567,
20200623,1101110520076,엘에스엠트론(주),1341110168349,
20200623,1101110520076,엘에스전선(주),1341110168357,
20200623,1101110520076,엘에스전선아시아(주),1341110411706,
20200623,1101110520076,엘에스에이홀딩스(주),1341110474316,
20200623,1101110520076,엘에스오토모티브테크놀로지스(주),1341110474647,
20200623,1101110520076,엘에스이브이코리아(주),1341110480602,
20200623,1101110520076,(주)토리컴,1350110054119,
20200623,1101110520076,(주)지알엠,1546110008012,
20200623,1101110520076,엘에스메카피온(주),1701110178807,
20200623,1101110520076,(주)엘에스네트웍스,1801110044717,
20200623,1101110520076,캐스코(주),2101110047938,
20200623,1101110520076,엘에스니꼬동제련(주),2301110058436,
20200623,1101110520076,한성피씨건설(주),2850110157251,
20200623,1101110522436,서울바이오시스(주),1350110122156,
20200623,1101110524838,(주)코오롱,1101110030528,
20200623,1101110524838,코오롱글로벌(주),1101110036502,
20200623,1101110524838,코오롱제약(주),1101110256259,
20200623,1101110524838,(주)코오롱인베스트먼트,1101111902786,
20200623,1101110524838,코오롱생명과학(주),1101111948277,
20200623,1101110524838,코오롱이엔지니어링(주),1311110057610,
20200623,1101110524838,코오롱데크컴퍼지트(주),1345110055689,
20200623,1101110524838,코오롱베니트(주),1353110003920,
20200623,1101110524838,코오롱환경에너지(주),1353110005893,
20200623,1101110524838,코오롱머티리얼(주),1353110011139,
20200623,1101110524838,코오롱인더스트리(주),1353110013606,
20200623,1101110524838,그린나래(주),1615110078133,
20200623,1101110524838,코오롱플라스틱(주),1713110003504,
20200623,1101110524838,코오롱바스프이노폼(주),1713110030747,
20200623,1101110532633,롯데쇼핑(주),1101110000086,
20200623,1101110532633,롯데건설(주),1101110014764,
20200623,1101110532633,(주)롯데푸드,1101110033722,
20200623,1101110532633,롯데지주(주),1101110076300,
20200623,1101110532633,호텔롯데(주),1101110145410,
20200623,1101110532633,롯데상사(주),1101110159099,
20200623,1101110532633,롯데케미칼(주),1101110193196,
20200623,1101110532633,롯데캐피탈(주),1101111217416,
20200623,1101110532633,롯데렌탈(주),1101113326588,
20200623,1101110532633,서울복합물류프로젝트금융투자(주),1101114660232,
20200623,1101110532633,롯데정보통신(주),1101116557114,
20200623,1101110532633,롯데컬처웍스(주),1101116768969,
20200623,1101110532633,롯데위탁관리부동산투자회사(주),1101117061081,
20200623,1101110532633,롯데오토리스(주),1341110213433,
20200623,1101110532633,(주)백학음료,1349110029305,
20200623,1101110532633,(주)충북소주,1501110082218,
20200623,1101110532633,산청음료(주),1948110004183,
20200623,1101110532633,롯데베르살리스엘라스토머스(주),2062110050365,
20200623,1101110532633,데크항공(주),2101110061897,
20200623,1101110539382,다우기술(주),1101110414758,
20200623,1101110539382,(주)다우데이타,1101110863484,
20200623,1101110539382,키움인베스트먼트(주),1101111659105,
20200623,1101110539382,(주)키움이앤에스,1101111719397,
20200623,1101110539382,키움증권(주),1101111867948,
20200623,1101110539382,(주)이머니,1101112797342,
20200623,1101110539382,(주)사람인에이치알,1101113318387,
20200623,1101110539382,(주)와이즈버즈,1101115138022,
20200623,1101110539382,(주)동부고속,1101116477007,
20200623,1101110539382,키움캐피탈(주),1101116837772,
20200623,1101110545529,(주)프라코,1101110609185,
20200623,1101110545529,보고에이피(주),1313110043897,
20200623,1101110545529,삼보에이앤티(주),1544110004163,
20200623,1101110545529,(주)나전,2001110062300,
20200623,1101110546452,(주)대유플러스,1101110085541,
20200623,1101110546452,(주)대유에이텍,1115110000136,
20200623,1101110546452,(주)위니아딤채,1648110015300,
20200623,1101110546452,(주)대유글로벌,2001110408380,
20200623,1101110546452,(주)대유에이피,2101110118854,
20200623,1101110546452,(주)대유합금,2149110046170,
20200623,1101110555768,대성쎌틱에너시스(주),1101110407141,
20200623,1101110555768,대성산업(주),1101114382612,
20200623,1101110555768,대성홀딩스(주),1701110017237,
20200623,1101110557061,(주)삼양홀딩스,1101110026181,
20200623,1101110557061,삼양화성(주),1101110614556,
20200623,1101110557061,(주)삼양사,1101114720945,
20200623,1101110557061,(주)삼양바이오팜,1101114720953,
20200623,1101110557061,(주)삼양패키징,1101115554418,
20200623,1101110562713,아시아나항공(주),1101110562804,
20200623,1101110562713,금호고속(주),2001110231418,
20200623,1101110562804,아시아나에어포트(주),1101110562713,
20200623,1101110562804,금호고속(주),2001110231418,
20200623,1101110570922,대상(주),1101110327125,
20200623,1101110570922,대상정보기술(주),1101110789432,
20200623,1101110570922,대상라이프사이언스(주),1101116545804,
20200623,1101110570922,(주)정풍,1615110004279,
20200623,1101110576425,(주)서부티엔디,1101110256788,
20200623,1101110577233,에스케이건설(주),1101110038805,
20200623,1101110577233,SK가스(주),1101110413247,
20200623,1101110577233,에스케이(주),1101110769583,
20200623,1101110577233,에스케이바이오랜드(주),1101111192981,
20200623,1101110577233,에스케이브로드밴드(주),1101111466659,
20200623,1101110577233,에스케이텔링크(주),1101111533599,
20200623,1101110577233,에스케이엠앤서비스(주),1101111873432,
20200623,1101110577233,에스케이디앤디(주),1101113001685,
20200623,1101110577233,울산아로마틱스(주),1101114499954,
20200623,1101110577233,에스케이에너지(주),1101114505967,
20200623,1101110577233,에스케이종합화학(주),1101114505975,
20200623,1101110577233,에스케이바이오팜(주),1101114570720,
20200623,1101110577233,나래에너지서비스(주),1101114926006,
20200623,1101110577233,에스케이매직(주),1101115125962,
20200623,1101110577233,라이프앤시큐리티홀딩스(주),1101115371408,
20200623,1101110577233,에스케이넥실리스,1101116480232,
20200623,1101110577233,SK인천석유화학(주),1201110666464,
20200623,1101110577233,SKC(주),1301110001585,
20200623,1101110577233,SK네트웍스(주),1301110005199,
20200623,1101110577233,에스케이케미칼(주),1311110501021,
20200623,1101110577233,(주)에스케이하이닉스,1344110001387,
20200623,1101110577233,에스케이씨솔믹스(주),1347110014631,
20200623,1101110577233,유빈스(주),1351110077367,
20200623,1101110577233,SK네트웍스서비스(주),1358110141788,
20200623,1101110577233,강원도시가스(주),1401110002010,
20200623,1101110577233,충청에너지서비스(주),1501110006200,
20200623,1101110577233,에스케이바이오텍(주),1601110395453,
20200623,1101110577233,보령엘엔지터미널(주),1645110021527,
20200623,1101110577233,울산지피에스(주),1650110035072,
20200623,1101110577233,당진에코파워,1650110069097,
20200623,1101110577233,에스케이실트론(주),1753110001348,
20200623,1101110577233,에스케이쇼와덴코(주),1756110018553,
20200623,1101110577233,에스케이머티리얼즈(주),1901110006971,
20200623,1101110577233,에스케이에어가스(주),2301110134111,
20200623,1101110577233,미쓰이케미칼앤드에스케이씨폴리우레탄(주),2301110233880,
20200623,1101110581565,(주)인디에프,1101110279996,
20200623,1101110581565,세아아인스(주),1101113126136,
20200623,1101110581565,세아상역(주),1101115879345,
20200623,1101110581565,세아에스티엑스엔테크(주),1101116830411,
20200623,1101110582547,한양디지텍(주),1348110094160,
20200623,1101110585393,(주)케이티,1101111468754,
20200623,1101110585393,(주)케이티아이에스,1101112271510,
20200623,1101110585393,(주)케이티엠하우스,1101113122291,
20200623,1101110585393,케이티텔레캅(주),1101113563023,
20200623,1101110585393,(주)케이티에스테이트,1101114404903,
20200623,1101110585393,(주)케이티엠모바일,1101115684512,
20200623,1101110585393,(주)케이티서브마린,1801110181428,
20200623,1101110604200,(주)휴맥스,1345110144268,
20200623,1101110604200,위너콤(주),1846110038477,
20200623,1101110607618,(주)케이씨씨,1101110221814,
20200623,1101110609185,삼보모터스(주),1101110545529,
20200623,1101110609185,보고에이피(주),1313110043897,
20200623,1101110609185,삼보에이앤티(주),1544110004163,
20200623,1101110609185,(주)나전,2001110062300,
20200623,1101110614556,(주)삼양홀딩스,1101110026181,
20200623,1101110614556,삼남석유화학(주),1101110557061,
20200623,1101110614556,(주)삼양사,1101114720945,
20200623,1101110614556,(주)삼양바이오팜,1101114720953,
20200623,1101110614556,(주)삼양패키징,1101115554418,
20200623,1101110618178,신영건설(주),1101110101909,
20200623,1101110618178,(주)대농,1101110138572,
20200623,1101110618178,(주)신영자산관리,1101110164692,
20200623,1101110618178,(주)청주테크노폴리스,1501110116489,
20200623,1101110630734,(주)까뮤이앤씨,1101110243793,
20200623,1101110630734,(주)후니드,1101113135418,
20200623,1101110630734,(주)파라텍,1243110000573,
20200623,1101110645353,(주)엔티엠,1648110109062,
20200623,1101110645353,엔브이에이치오토파트(주),1712110026277,
20200623,1101110645353,엔브이에이치코리아(주),1812110003421,
20200623,1101110645353,지에이치신소재(주),1955110052004,
20200623,1101110645353,엔브이에이치오버헤드시스템(주),2301110091907,
20200623,1101110645353,엔브이에이치원방테크(주),2844110100146,
20200623,1101110645824,서원레저(주),1101110705032,
20200623,1101110645824,대보디앤에스(주),1101110856710,
20200623,1101110645824,대보유통(주),1348110046624,
20200623,1101110645824,보령물산(주),1542110004993,
20200623,1101110645824,대보건설(주),1645110002874,
20200623,1101110645824,(주)이도,2059110011744,
20200623,1101110647599,(주)동양,1101110005333,
20200623,1101110647599,유진기업(주),1101110376148,
20200623,1101110647599,한국자산평가(주),1101111982473,
20200623,1101110647599,한국통운(주),1312110007928,
20200623,1101110647599,천안기업(주),1615110019434,
20200623,1101110647599,한국특수형강(주),1801110015362,
20200623,1101110647599,현대개발(주),2054110009963,
20200623,1101110647599,동화기업(주),2059110009632,
20200623,1101110647599,이순산업(주),2844110060415,
20200623,1101110653653,진흥기업(주),1101110006349,
20200623,1101110653653,(주)효성,1101110030497,
20200623,1101110653653,효성티앤에스(주),1101110511546,
20200623,1101110653653,효성아이티엑스(주),1101111412256,
20200623,1101110653653,효성캐피탈(주),1101111419286,
20200623,1101110653653,더클래스효성(주),1101112875479,
20200623,1101110653653,(주)에프엠케이,1101113690032,
20200623,1101110653653,갤럭시아코퍼레이션(주),1101114762963,
20200623,1101110653653,효성티앤씨(주),1101116770138,
20200623,1101110653653,효성중공업(주),1101116770154,
20200623,1101110653653,효성첨단소재(주),1101116770170,
20200623,1101110653653,효성화학(주),1101116770188,
20200623,1101110653653,신화인터텍(주),1348110011677,
20200623,1101110653653,신성자동차(주),2001110114797,
20200623,1101110658637,포스코에너지(주),1101111829576,
20200623,1101110658637,(주)포스코인터내셔널,1101112137358,
20200623,1101110658637,삼척블루파워(주),1101114722438,
20200623,1101110658637,(주)포스코건설,1746110002979,
20200623,1101110658637,(주)포스코에이앤씨건축사사무소,1746110003448,
20200623,1101110658637,포스코강판(주),1746110006492,
20200623,1101110658637,포스코기술투자(주),1746110029080,
20200623,1101110658637,(주)부산이앤이,1801110721109,
20200623,1101110658637,(주)포스코플랜텍,1812110010898,
20200623,1101110658637,(주)에스엔엔씨,2046110023415,
20200623,1101110658637,(주)피엠씨텍,2046110038977,
20200623,1101110672538,하나금융투자(주),1101110208169,
20200623,1101110672538,하나캐피탈(주),1101110519970,
20200623,1101110672538,하나카드(주),1101115505354,
20200623,1101110672538,하나에프앤아이(주),1341110029773,
20200623,1101110705032,대보실업(주),1101110645824,
20200623,1101110705032,대보디앤에스(주),1101110856710,
20200623,1101110705032,대보유통(주),1348110046624,
20200623,1101110705032,보령물산(주),1542110004993,
20200623,1101110705032,대보건설(주),1645110002874,
20200623,1101110705032,(주)이도,2059110011744,
20200623,1101110707674,세일이엔에스(주),1101110275118,
20200623,1101110707674,삼지전자(주),1101110300303,
20200623,1101110726872,(주)코람코자산신탁,1101112359837,
20200623,1101110726872,(주)파스텔세상,1101113268178,
20200623,1101110726872,(주)엘에프,1101113555187,
20200623,1101110726872,(주)엘에프푸드,1101113782087,
20200623,1101110726872,(주)트라이본즈,1101113824897,
20200623,1101110738637,(주)삼표,1101110073314,
20200623,1101110738637,삼표피앤씨(주),1101111060930,
20200623,1101110738637,(주)삼표산업,1101115237452,
20200623,1101110738637,삼표레일웨이(주),1101115262110,
20200623,1101110738637,(주)에스피네이처,1348110283705,
20200623,1101110738637,삼표자원개발(주),1446110010001,
20200623,1101110738637,삼표해운(주),1801111047299,
20200623,1101110738637,(주)엔알씨,2843110011486,
20200623,1101110753734,(주)에이에스티지,1101115940899,
20200623,1101110753734,(주)아스트(ASTK Inc.),1954110007168,
20200623,1101110769583,에스케이건설(주),1101110038805,
20200623,1101110769583,SK가스(주),1101110413247,
20200623,1101110769583,에스케이렌터카(주),1101110577233,
20200623,1101110769583,에스케이바이오랜드(주),1101111192981,
20200623,1101110769583,에스케이브로드밴드(주),1101111466659,
20200623,1101110769583,에스케이텔링크(주),1101111533599,
20200623,1101110769583,에스케이엠앤서비스(주),1101111873432,
20200623,1101110769583,에스케이디앤디(주),1101113001685,
20200623,1101110769583,울산아로마틱스(주),1101114499954,
20200623,1101110769583,에스케이에너지(주),1101114505967,
20200623,1101110769583,에스케이종합화학(주),1101114505975,
20200623,1101110769583,에스케이바이오팜(주),1101114570720,
20200623,1101110769583,나래에너지서비스(주),1101114926006,
20200623,1101110769583,에스케이매직(주),1101115125962,
20200623,1101110769583,라이프앤시큐리티홀딩스(주),1101115371408,
20200623,1101110769583,에스케이넥실리스,1101116480232,
20200623,1101110769583,SK인천석유화학(주),1201110666464,
20200623,1101110769583,SKC(주),1301110001585,
20200623,1101110769583,SK네트웍스(주),1301110005199,
20200623,1101110769583,에스케이케미칼(주),1311110501021,
20200623,1101110769583,(주)에스케이하이닉스,1344110001387,
20200623,1101110769583,에스케이씨솔믹스(주),1347110014631,
20200623,1101110769583,유빈스(주),1351110077367,
20200623,1101110769583,SK네트웍스서비스(주),1358110141788,
20200623,1101110769583,강원도시가스(주),1401110002010,
20200623,1101110769583,충청에너지서비스(주),1501110006200,
20200623,1101110769583,에스케이바이오텍(주),1601110395453,
20200623,1101110769583,보령엘엔지터미널(주),1645110021527,
20200623,1101110769583,울산지피에스(주),1650110035072,
20200623,1101110769583,당진에코파워,1650110069097,
20200623,1101110769583,에스케이실트론(주),1753110001348,
20200623,1101110769583,에스케이쇼와덴코(주),1756110018553,
20200623,1101110769583,에스케이머티리얼즈(주),1901110006971,
20200623,1101110769583,에스케이에어가스(주),2301110134111,
20200623,1101110769583,미쓰이케미칼앤드에스케이씨폴리우레탄(주),2301110233880,
20200623,1101110789432,대상(주),1101110327125,
20200623,1101110789432,유티씨인베스트먼트(주),1101110570922,
20200623,1101110789432,대상라이프사이언스(주),1101116545804,
20200623,1101110789432,(주)정풍,1615110004279,
20200623,1101110792667,(주)매그너스홀딩스,1101115927508,
20200623,1101110825624,한솔테크닉스(주),1101110004682,
20200623,1101110825624,한솔홀딩스(주),1101110017867,
20200623,1101110825624,한솔로지스틱스(주),1101110150659,
20200623,1101110825624,(주)한솔케미칼,1101110270895,
20200623,1101110825624,한솔인티큐브(주),1101112915605,
20200623,1101110825624,한솔제지(주),1101115604700,
20200623,1101110825624,(주)테이팩스,1201110095499,
20200623,1101110825624,엑스큐어(주),1350110106150,
20200623,1101110825624,한솔이엠이(주),1601110123185,
20200623,1101110825624,한솔페이퍼텍(주),2043110008603,
20200623,1101110853576,씨제이대한통운(주),1101110006167,
20200623,1101110853576,(주)원지,1101110077605,
20200623,1101110853576,삼해상사(주),1101110225254,
20200623,1101110853576,"CJ ENM CO., LTD.",1101111109134,
20200623,1101110853576,씨제이올리브네트웍스(주),1101111138498,
20200623,1101110853576,씨제이씨지브이(주),1101111673220,
20200623,1101110853576,CJ제일제당(주),1101113748253,
20200623,1101110853576,씨제이올리브영(주),1101117283974,
20200623,1101110853576,씨제이포디플렉스(주),1601110287527,
20200623,1101110853576,씨제이프레시웨이(주),1801110083442,
20200623,1101110856710,대보실업(주),1101110645824,
20200623,1101110856710,서원레저(주),1101110705032,
20200623,1101110856710,대보유통(주),1348110046624,
20200623,1101110856710,보령물산(주),1542110004993,
20200623,1101110856710,대보건설(주),1645110002874,
20200623,1101110856710,(주)이도,2059110011744,
20200623,1101110859954,대원강업(주),1101110015556,
20200623,1101110859954,대원정밀공업(주),1301110007260,
20200623,1101110859954,(주)삼원강재,1746110014924,
20200623,1101110862519,(주)세아홀딩스,1101112276809,
20200623,1101110862519,(주)세아제강,1101116860640,
20200623,1101110862519,(주)세아엘앤에스,1511110000847,
20200623,1101110862519,세아특수강(주),1746110005478,
20200623,1101110862519,(주)세아창원특수강,1942110025248,
20200623,1101110862519,(주)세아메탈,1943110003292,
20200623,1101110862519,(주)세아씨엠,2111110050667,
20200623,1101110863484,다우기술(주),1101110414758,
20200623,1101110863484,(주)키다리스튜디오,1101110539382,
20200623,1101110863484,키움인베스트먼트(주),1101111659105,
20200623,1101110863484,(주)키움이앤에스,1101111719397,
20200623,1101110863484,키움증권(주),1101111867948,
20200623,1101110863484,(주)이머니,1101112797342,
20200623,1101110863484,(주)사람인에이치알,1101113318387,
20200623,1101110863484,(주)와이즈버즈,1101115138022,
20200623,1101110863484,(주)동부고속,1101116477007,
20200623,1101110863484,키움캐피탈(주),1101116837772,
20200623,1101110867692,에이치케이이노엔(주),1101115379692,
20200623,1101110867692,콜마스크(주),1201110826745,
20200623,1101110867692,한국콜마홀딩스(주),1647110001591,
20200623,1101110867692,(주)에치엔지,1647110012233,
20200623,1101110867692,한국콜마(주),1647110030756,
20200623,1101110870950,에이제이네트웍스(주),1101111874654,
20200623,1101110870950,에이제이전시몰(주),1101113715476,
20200623,1101110870950,에이제이토탈(주),1101113851965,
20200623,1101110870950,에이제이캐피탈파트너스(주),1345110115475,
20200623,1101110870950,에이제이파크(주),2850110135512,
20200623,1101110873102,(주)신세계조선호텔,1101110003999,
20200623,1101110873102,(주)신세계,1101110028848,
20200623,1101110873102,(주)이마트에브리데이,1101110167498,
20200623,1101110873102,(주)신세계인터내셔날,1101110282402,
20200623,1101110873102,(주)신세계푸드,1101110305288,
20200623,1101110873102,(주)신세계사이먼,1101113239228,
20200623,1101110873102,(주)이마트,1101114594952,
20200623,1101110873102,(주)신세계프라퍼티,1101115284198,
20200623,1101110873102,(주)인천신세계,1101115615038,
20200623,1101110873102,(주)신세계디에프,1101115698315,
20200623,1101110873102,(주)스타필드안성,1346110091475,
20200623,1101110873102,(주)스타필드하남,1357110074452,
20200623,1101110873102,(주)신세계동대구복합환승센터,1701110459570,
20200623,1101110889985,(주)녹십자,1101110109854,
20200623,1101110889985,(주)녹십자헬스케어,1101112833584,
20200623,1101110889985,(주)녹십자홀딩스,1345110000014,
20200623,1101110889985,(주)녹십자엠에스,1345110076627,
20200623,1101110889985,(주)녹십자웰빙,1345110083218,
20200623,1101110889985,(주)녹십자랩셀,1345110172532,
20200623,1101110889985,(주)녹십자지놈,1345110215100,
20200623,1101110889985,농업회사법인인백팜(주),2052110026721,
20200623,1101110898241,나이스평가정보(주),1101110393283,
20200623,1101110898241,(주)나이스홀딩스,1101110505614,
20200623,1101110898241,한국전자금융(주),1101111848980,
20200623,1101110898241,나이스씨엠에스(주),1101113956252,
20200623,1101110898241,나이스페이먼츠(주),1101116137809,
20200623,1101110898241,서울전자통신(주),1243110009781,
20200623,1101110898241,(주)아이티엠반도체,1311110046639,
20200623,1101110898241,(주)나이스엘엠에스,1348110034942,
20200623,1101110898241,에스투비네트워크(주),1701110270108,
20200623,1101110932049,(주)한국전자홀딩스,1101110101470,
20200623,1101110932049,(주)케이이씨,1101113525750,
20200623,1101110936752,(주)영안양행,1101111405540,
20200623,1101110936752,자일자동차판매(주),1201110592908,
20200623,1101110936752,자일대우상용차(주),1211110157066,
20200623,1101110936752,영안모자(주),1243110012552,
20200623,1101110936752,(주)클라크머터리얼핸들링아시아,1942110061490,
20200623,1101110942064,(주)단석산업,1341110010839,
20200623,1101110995378,현대건설(주),1101110007909,
20200623,1101110995378,기아자동차(주),1101110037998,
20200623,1101110995378,현대비앤지스틸(주),1101110065395,
20200623,1101110995378,현대자동차(주),1101110085450,
20200623,1101110995378,현대모비스(주),1101110215536,
20200623,1101110995378,현대카드(주),1101110377203,
20200623,1101110995378,현대첨단소재(주),1101111929102,
20200623,1101110995378,현대엔지니어링(주),1101112153015,
20200623,1101110995378,현대글로비스(주),1101112177388,
20200623,1101110995378,현대커머셜(주),1101113646697,
20200623,1101110995378,현대종합특수강(주),1101114505595,
20200623,1101110995378,현대제철(주),1201110001743,
20200623,1101110995378,(주)지아이티,1311110028900,
20200623,1101110995378,현대오트론(주),1341110134001,
20200623,1101110995378,에이치엘그린파워(주),1352110027542,
20200623,1101110995378,현대트랜시스(주),1614110008562,
20200623,1101110995378,현대에코에너지(주),1614110040506,
20200623,1101110995378,그린에어(주),1650110026005,
20200623,1101110995378,현대로템(주),1942110036336,
20200623,1101111007023,지에스건설(주),1101110002694,
20200623,1101111007023,(주)지에스글로벌,1101110031479,
20200623,1101111007023,삼양통상(주),1101110033433,
20200623,1101111007023,지에스칼텍스(주),1101110078819,
20200623,1101111007023,파르나스호텔(주),1101110411142,
20200623,1101111007023,지에스바이오(주),1101114303030,
20200623,1101111007023,인천종합에너지(주),1201110348096,
20200623,1101111007023,(주)피엘에스,1313110093131,
20200623,1101111007023,GS파워(주),1341110074744,
20200623,1101111007023,(주)지에스이앤알,1350110121570,
20200623,1101111007023,(주)지에스동해전력,1447110019225,
20200623,1101111007023,지에스이피에스(주),1650110004621,
20200623,1101111007023,(주)지에스풍력발전,1745110004266,
20200623,1101111007023,(주)지에스엔텍,1812110008699,
20200623,1101111007023,(주)지에스포천그린에너지,2844110079755,
20200623,1101111042574,(주)현대홈쇼핑,1101112248882,
20200623,1101111042574,(주)현대백화점,1101112644725,
20200623,1101111042574,(주)현대엘앤씨,1101115453644,
20200623,1101111060930,(주)삼표,1101110073314,
20200623,1101111060930,(주)삼표시멘트,1101110738637,
20200623,1101111060930,(주)삼표산업,1101115237452,
20200623,1101111060930,삼표레일웨이(주),1101115262110,
20200623,1101111060930,(주)에스피네이처,1348110283705,
20200623,1101111060930,삼표자원개발(주),1446110010001,
20200623,1101111060930,삼표해운(주),1801111047299,
20200623,1101111060930,(주)엔알씨,2843110011486,
20200623,1101111072159,삼광글라스(주),1101110079817,
20200623,1101111072159,(주)유니드,1101110275069,
20200623,1101111072159,(주)이테크건설,1101110327555,
20200623,1101111072159,오씨아이파워(주),1101114984137,
20200623,1101111072159,오씨아이(주),1746110000981,
20200623,1101111072159,군장에너지(주),2111110014332,
20200623,1101111072159,오씨아이에스이(주),2111110035867,
20200623,1101111081093,대림씨엔에스(주),1101110061228,
20200623,1101111081093,대림산업(주),1101110084915,
20200623,1101111081093,대림자동차공업(주),1101110227359,
20200623,1101111081093,(주)켐텍,1101114385731,
20200623,1101111081093,청진이삼프로젝트(주),1101114478932,
20200623,1101111081093,포천파워(주),2844110050771,
20200623,1101111081093,대림에너지(주),2844110075258,
20200623,1101111094773,삼호개발(주),1101110190340,
20200623,1101111109134,씨제이대한통운(주),1101110006167,
20200623,1101111109134,(주)원지,1101110077605,
20200623,1101111109134,삼해상사(주),1101110225254,
20200623,1101111109134,한국복합물류(주),1101110853576,
20200623,1101111109134,씨제이올리브네트웍스(주),1101111138498,
20200623,1101111109134,씨제이씨지브이(주),1101111673220,
20200623,1101111109134,CJ제일제당(주),1101113748253,
20200623,1101111109134,씨제이올리브영(주),1101117283974,
20200623,1101111109134,씨제이포디플렉스(주),1601110287527,
20200623,1101111109134,씨제이프레시웨이(주),1801110083442,
20200623,1101111129497,(주)카카오모빌리티,1311110481819,
20200623,1101111138498,씨제이대한통운(주),1101110006167,
20200623,1101111138498,(주)원지,1101110077605,
20200623,1101111138498,삼해상사(주),1101110225254,
20200623,1101111138498,한국복합물류(주),1101110853576,
20200623,1101111138498,"CJ ENM CO., LTD.",1101111109134,
20200623,1101111138498,씨제이씨지브이(주),1101111673220,
20200623,1101111138498,CJ제일제당(주),1101113748253,
20200623,1101111138498,씨제이올리브영(주),1101117283974,
20200623,1101111138498,씨제이포디플렉스(주),1601110287527,
20200623,1101111138498,씨제이프레시웨이(주),1801110083442,
20200623,1101111144073,한세드림(주),1101112286254,
20200623,1101111144073,칼라앤터치(주),1101115346005,
20200623,1101111144073,한세예스이십사홀딩스(주),1201110019382,
20200623,1101111144073,한세실업(주),1201110484303,
20200623,1101111144297,(주)엘지,1101110003543,
20200623,1101111144297,(주)엘지상사,1101110004632,
20200623,1101111144297,엘지이노텍(주),1101110192180,
20200623,1101111144297,(주)판토스,1101110208127,
20200623,1101111144297,엘지디스플레이(주),1101110393134,
20200623,1101111144297,(주)엘지유플러스,1101111296676,
20200623,1101111144297,(주)로보스타,1101111655393,
20200623,1101111144297,LG전자(주),1101112487050,
20200623,1101111144297,(주)엘지하우시스,1101114071207,
20200623,1101111144297,(주)하이프라자,1311110028801,
20200623,1101111144297,우지막코리아주식회사,1545110032401,
20200623,1101111174591,(주)풀무원,1101110375439,
20200623,1101111174591,(주)푸드머스,1101111929417,
20200623,1101111174591,엑소후레쉬물류(주),1348110034702,
20200623,1101111174591,(주)피피이씨춘천,1401110023884,
20200623,1101111174591,(주)풀무원녹즙,1544110016762,
20200623,1101111174591,(주)피피이씨음성생면,1545110025175,
20200623,1101111174591,(주)피피이씨음성나물,1545110025183,
20200623,1101111174591,풀무원식품(주),1545110039324,
20200623,1101111192981,에스케이건설(주),1101110038805,
20200623,1101111192981,SK가스(주),1101110413247,
20200623,1101111192981,에스케이렌터카(주),1101110577233,
20200623,1101111192981,에스케이(주),1101110769583,
20200623,1101111192981,에스케이브로드밴드(주),1101111466659,
20200623,1101111192981,에스케이텔링크(주),1101111533599,
20200623,1101111192981,에스케이엠앤서비스(주),1101111873432,
20200623,1101111192981,에스케이디앤디(주),1101113001685,
20200623,1101111192981,울산아로마틱스(주),1101114499954,
20200623,1101111192981,에스케이에너지(주),1101114505967,
20200623,1101111192981,에스케이종합화학(주),1101114505975,
20200623,1101111192981,에스케이바이오팜(주),1101114570720,
20200623,1101111192981,나래에너지서비스(주),1101114926006,
20200623,1101111192981,에스케이매직(주),1101115125962,
20200623,1101111192981,라이프앤시큐리티홀딩스(주),1101115371408,
20200623,1101111192981,에스케이넥실리스,1101116480232,
20200623,1101111192981,SK인천석유화학(주),1201110666464,
20200623,1101111192981,SKC(주),1301110001585,
20200623,1101111192981,SK네트웍스(주),1301110005199,
20200623,1101111192981,에스케이케미칼(주),1311110501021,
20200623,1101111192981,(주)에스케이하이닉스,1344110001387,
20200623,1101111192981,에스케이씨솔믹스(주),1347110014631,
20200623,1101111192981,유빈스(주),1351110077367,
20200623,1101111192981,SK네트웍스서비스(주),1358110141788,
20200623,1101111192981,강원도시가스(주),1401110002010,
20200623,1101111192981,충청에너지서비스(주),1501110006200,
20200623,1101111192981,에스케이바이오텍(주),1601110395453,
20200623,1101111192981,보령엘엔지터미널(주),1645110021527,
20200623,1101111192981,울산지피에스(주),1650110035072,
20200623,1101111192981,당진에코파워,1650110069097,
20200623,1101111192981,에스케이실트론(주),1753110001348,
20200623,1101111192981,에스케이쇼와덴코(주),1756110018553,
20200623,1101111192981,에스케이머티리얼즈(주),1901110006971,
20200623,1101111192981,에스케이에어가스(주),2301110134111,
20200623,1101111192981,미쓰이케미칼앤드에스케이씨폴리우레탄(주),2301110233880,
20200623,1101111217416,롯데쇼핑(주),1101110000086,
20200623,1101111217416,롯데건설(주),1101110014764,
20200623,1101111217416,(주)롯데푸드,1101110033722,
20200623,1101111217416,롯데지주(주),1101110076300,
20200623,1101111217416,호텔롯데(주),1101110145410,
20200623,1101111217416,롯데상사(주),1101110159099,
20200623,1101111217416,롯데케미칼(주),1101110193196,
20200623,1101111217416,롯데하이마트(주),1101110532633,
20200623,1101111217416,롯데렌탈(주),1101113326588,
20200623,1101111217416,서울복합물류프로젝트금융투자(주),1101114660232,
20200623,1101111217416,롯데정보통신(주),1101116557114,
20200623,1101111217416,롯데컬처웍스(주),1101116768969,
20200623,1101111217416,롯데위탁관리부동산투자회사(주),1101117061081,
20200623,1101111217416,롯데오토리스(주),1341110213433,
20200623,1101111217416,(주)백학음료,1349110029305,
20200623,1101111217416,(주)충북소주,1501110082218,
20200623,1101111217416,산청음료(주),1948110004183,
20200623,1101111217416,롯데베르살리스엘라스토머스(주),2062110050365,
20200623,1101111217416,데크항공(주),2101110061897,
20200623,1101111257305,엠테스(주),1350110084950,
20200623,1101111257305,캄텍(주),1543110010930,
20200623,1101111257305,서한이앤피(주),1712110057701,
20200623,1101111257305,한국프랜지공업(주),1812110000443,
20200623,1101111269540,케이지동부제철(주),1101110393308,
20200623,1101111269540,(주)케이지이니시스,1101111602667,
20200623,1101111269540,케이지이티에스(주),1101111799183,
20200623,1101111269540,이데일리(주),1101111853608,
20200623,1101111269540,(주)케이지모빌리언스,1101111911050,
20200623,1101111269540,(주)케이지에듀원,1101111959183,
20200623,1101111269540,케이지케미칼(주),1243110008999,
20200623,1101111269540,(주)케이지써닝라이프,1345110166296,
20200623,1101111269540,(주)케이지에너켐,1943110030550,
20200623,1101111271115,미래에셋대우(주),1101110011679,
20200623,1101111271115,미래에셋벤처투자(주),1101111710527,
20200623,1101111271115,미래에셋생명보험(주),1601110014483,
20200623,1101111271115,미래에셋캐피탈(주),2001110076179,
20200623,1101111296676,(주)엘지,1101110003543,
20200623,1101111296676,(주)엘지상사,1101110004632,
20200623,1101111296676,엘지이노텍(주),1101110192180,
20200623,1101111296676,(주)판토스,1101110208127,
20200623,1101111296676,엘지디스플레이(주),1101110393134,
20200623,1101111296676,(주)엘지헬로비전,1101111144297,
20200623,1101111296676,(주)로보스타,1101111655393,
20200623,1101111296676,LG전자(주),1101112487050,
20200623,1101111296676,(주)엘지하우시스,1101114071207,
20200623,1101111296676,(주)하이프라자,1311110028801,
20200623,1101111296676,우지막코리아주식회사,1545110032401,
20200623,1101111301730,연합자산관리(주),1101114191451,
20200623,1101111301730,국제종합기계(주),1311110000635,
20200623,1101111301730,나투라페이퍼(주),1501110236534,
20200623,1101111301730,넥스콘테크놀러지(주),1615110021158,
20200623,1101111301730,(주)오리엔탈정공,1801110038447,
20200623,1101111301730,(주)영광스텐,1801110166991,
20200623,1101111301730,(주)일성하이스코,1812110003611,
20200623,1101111301730,페이퍼코리아(주),2111110000042,
20200623,1101111304643,(주)이수화학,1101110008600,
20200623,1101111304643,(주)이수페타시스,1101110186638,
20200623,1101111304643,이수건설(주),1101110202202,
20200623,1101111304643,(주)이수엑사켐,1101112303826,
20200623,1101111304643,(주)이수,1101112833451,
20200623,1101111304643,(주)이수엑사보드,1314110161035,
20200623,1101111304643,토다이수(주),1412110043623,
20200623,1101111315286,(주)넥스틴,1344110044981,
20200623,1101111315286,에이피에스에이엠디(주),1348110382440,
20200623,1101111315286,에이피시스템(주),1348110400341,
20200623,1101111315286,코닉오토메이션(주),1601110164064,
20200623,1101111315286,(주)디이엔티,1615110044697,
20200623,1101111315286,(주)제니스월드,1615110058200,
20200623,1101111344251,(주)한국풀네트웍,1101112323858,
20200623,1101111344251,한국로지스풀(주),1101112539033,
20200623,1101111344251,에코로지스(주),1101113441865,
20200623,1101111344251,한국파렛트풀(주),1101116505098,
20200623,1101111395577,(주)에이스테크놀로지,1201110397241,
20200623,1101111395577,(주)에이스안테나,1201110524935,
20200623,1101111405540,(주)클라크,1101110936752,
20200623,1101111405540,자일자동차판매(주),1201110592908,
20200623,1101111405540,자일대우상용차(주),1211110157066,
20200623,1101111405540,영안모자(주),1243110012552,
20200623,1101111405540,(주)클라크머터리얼핸들링아시아,1942110061490,
20200623,1101111412256,진흥기업(주),1101110006349,
20200623,1101111412256,(주)효성,1101110030497,
20200623,1101111412256,효성티앤에스(주),1101110511546,
20200623,1101111412256,효성굿스프링스(주),1101110653653,
20200623,1101111412256,효성캐피탈(주),1101111419286,
20200623,1101111412256,더클래스효성(주),1101112875479,
20200623,1101111412256,(주)에프엠케이,1101113690032,
20200623,1101111412256,갤럭시아코퍼레이션(주),1101114762963,
20200623,1101111412256,효성티앤씨(주),1101116770138,
20200623,1101111412256,효성중공업(주),1101116770154,
20200623,1101111412256,효성첨단소재(주),1101116770170,
20200623,1101111412256,효성화학(주),1101116770188,
20200623,1101111412256,신화인터텍(주),1348110011677,
20200623,1101111412256,신성자동차(주),2001110114797,
20200623,1101111419286,진흥기업(주),1101110006349,
20200623,1101111419286,(주)효성,1101110030497,
20200623,1101111419286,효성티앤에스(주),1101110511546,
20200623,1101111419286,효성굿스프링스(주),1101110653653,
20200623,1101111419286,효성아이티엑스(주),1101111412256,
20200623,1101111419286,더클래스효성(주),1101112875479,
20200623,1101111419286,(주)에프엠케이,1101113690032,
20200623,1101111419286,갤럭시아코퍼레이션(주),1101114762963,
20200623,1101111419286,효성티앤씨(주),1101116770138,
20200623,1101111419286,효성중공업(주),1101116770154,
20200623,1101111419286,효성첨단소재(주),1101116770170,
20200623,1101111419286,효성화학(주),1101116770188,
20200623,1101111419286,신화인터텍(주),1348110011677,
20200623,1101111419286,신성자동차(주),2001110114797,
20200623,1101111447021,드림마크원(주),1101116252144,
20200623,1101111462524,동국제강(주),1101110031338,
20200623,1101111462524,인터지스(주),1801110001973,
20200623,1101111466659,에스케이건설(주),1101110038805,
20200623,1101111466659,SK가스(주),1101110413247,
20200623,1101111466659,에스케이렌터카(주),1101110577233,
20200623,1101111466659,에스케이(주),1101110769583,
20200623,1101111466659,에스케이바이오랜드(주),1101111192981,
20200623,1101111466659,에스케이텔링크(주),1101111533599,
20200623,1101111466659,에스케이엠앤서비스(주),1101111873432,
20200623,1101111466659,에스케이디앤디(주),1101113001685,
20200623,1101111466659,울산아로마틱스(주),1101114499954,
20200623,1101111466659,에스케이에너지(주),1101114505967,
20200623,1101111466659,에스케이종합화학(주),1101114505975,
20200623,1101111466659,에스케이바이오팜(주),1101114570720,
20200623,1101111466659,나래에너지서비스(주),1101114926006,
20200623,1101111466659,에스케이매직(주),1101115125962,
20200623,1101111466659,라이프앤시큐리티홀딩스(주),1101115371408,
20200623,1101111466659,에스케이넥실리스,1101116480232,
20200623,1101111466659,SK인천석유화학(주),1201110666464,
20200623,1101111466659,SKC(주),1301110001585,
20200623,1101111466659,SK네트웍스(주),1301110005199,
20200623,1101111466659,에스케이케미칼(주),1311110501021,
20200623,1101111466659,(주)에스케이하이닉스,1344110001387,
20200623,1101111466659,에스케이씨솔믹스(주),1347110014631,
20200623,1101111466659,유빈스(주),1351110077367,
20200623,1101111466659,SK네트웍스서비스(주),1358110141788,
20200623,1101111466659,강원도시가스(주),1401110002010,
20200623,1101111466659,충청에너지서비스(주),1501110006200,
20200623,1101111466659,에스케이바이오텍(주),1601110395453,
20200623,1101111466659,보령엘엔지터미널(주),1645110021527,
20200623,1101111466659,울산지피에스(주),1650110035072,
20200623,1101111466659,당진에코파워,1650110069097,
20200623,1101111466659,에스케이실트론(주),1753110001348,
20200623,1101111466659,에스케이쇼와덴코(주),1756110018553,
20200623,1101111466659,에스케이머티리얼즈(주),1901110006971,
20200623,1101111466659,에스케이에어가스(주),2301110134111,
20200623,1101111466659,미쓰이케미칼앤드에스케이씨폴리우레탄(주),2301110233880,
20200623,1101111468754,케이티링커스(주),1101110585393,
20200623,1101111468754,(주)케이티아이에스,1101112271510,
20200623,1101111468754,(주)케이티엠하우스,1101113122291,
20200623,1101111468754,케이티텔레캅(주),1101113563023,
20200623,1101111468754,(주)케이티에스테이트,1101114404903,
20200623,1101111468754,(주)케이티엠모바일,1101115684512,
20200623,1101111468754,(주)케이티서브마린,1801110181428,
20200623,1101111492513,한국캐피탈(주),1601110019277,
20200623,1101111516933,(주)휴세코,1101111929954,
20200623,1101111516933,인베니아(주),1348110056871,
20200623,1101111533599,에스케이건설(주),1101110038805,
20200623,1101111533599,SK가스(주),1101110413247,
20200623,1101111533599,에스케이렌터카(주),1101110577233,
20200623,1101111533599,에스케이(주),1101110769583,
20200623,1101111533599,에스케이바이오랜드(주),1101111192981,
20200623,1101111533599,에스케이브로드밴드(주),1101111466659,
20200623,1101111533599,에스케이엠앤서비스(주),1101111873432,
20200623,1101111533599,에스케이디앤디(주),1101113001685,
20200623,1101111533599,울산아로마틱스(주),1101114499954,
20200623,1101111533599,에스케이에너지(주),1101114505967,
20200623,1101111533599,에스케이종합화학(주),1101114505975,
20200623,1101111533599,에스케이바이오팜(주),1101114570720,
20200623,1101111533599,나래에너지서비스(주),1101114926006,
20200623,1101111533599,에스케이매직(주),1101115125962,
20200623,1101111533599,라이프앤시큐리티홀딩스(주),1101115371408,
20200623,1101111533599,에스케이넥실리스,1101116480232,
20200623,1101111533599,SK인천석유화학(주),1201110666464,
20200623,1101111533599,SKC(주),1301110001585,
20200623,1101111533599,SK네트웍스(주),1301110005199,
20200623,1101111533599,에스케이케미칼(주),1311110501021,
20200623,1101111533599,(주)에스케이하이닉스,1344110001387,
20200623,1101111533599,에스케이씨솔믹스(주),1347110014631,
20200623,1101111533599,유빈스(주),1351110077367,
20200623,1101111533599,SK네트웍스서비스(주),1358110141788,
20200623,1101111533599,강원도시가스(주),1401110002010,
20200623,1101111533599,충청에너지서비스(주),1501110006200,
20200623,1101111533599,에스케이바이오텍(주),1601110395453,
20200623,1101111533599,보령엘엔지터미널(주),1645110021527,
20200623,1101111533599,울산지피에스(주),1650110035072,
20200623,1101111533599,당진에코파워,1650110069097,
20200623,1101111533599,에스케이실트론(주),1753110001348,
20200623,1101111533599,에스케이쇼와덴코(주),1756110018553,
20200623,1101111533599,에스케이머티리얼즈(주),1901110006971,
20200623,1101111533599,에스케이에어가스(주),2301110134111,
20200623,1101111533599,미쓰이케미칼앤드에스케이씨폴리우레탄(주),2301110233880,
20200623,1101111537385,한국자산신탁(주),1101112196304,
20200623,1101111537385,(주)엠디엠플러스,1101112638752,
20200623,1101111537385,한국자산캐피탈(주),1101114861799,
20200623,1101111588221,(주)형지에스콰이아,1101110007404,
20200623,1101111588221,(주)형지엘리트,1101112507551,
20200623,1101111598379,(주)에코프로이노베이션,1101113273698,
20200623,1101111598379,(주)에코프로비엠,1501110219184,
20200623,1101111598379,(주)에코프로지이엠,1717110132339,
20200623,1101111602667,케이지동부제철(주),1101110393308,
20200623,1101111602667,(주)케이지제로인,1101111269540,
20200623,1101111602667,케이지이티에스(주),1101111799183,
20200623,1101111602667,이데일리(주),1101111853608,
20200623,1101111602667,(주)케이지모빌리언스,1101111911050,
20200623,1101111602667,(주)케이지에듀원,1101111959183,
20200623,1101111602667,케이지케미칼(주),1243110008999,
20200623,1101111602667,(주)케이지써닝라이프,1345110166296,
20200623,1101111602667,(주)케이지에너켐,1943110030550,
20200623,1101111603764,(주)쏠리드윈텍,1341110417324,
20200623,1101111618325,장금상선(주),1101111680663,
20200623,1101111618325,(주)한성라인,1101112878134,
20200623,1101111618325,장금마리타임(주),1101113997826,
20200623,1101111618325,시노코탱커(주),1101114389022,
20200623,1101111618325,시노코페트로케미컬(주),1101114547034,
20200623,1101111635189,에이치디씨아이콘트롤스(주),1101111775365,
20200623,1101111635189,에이치디씨아이앤콘스(주),1101111886071,
20200623,1101111635189,부산컨테이너터미널(주),1101115031648,
20200623,1101111635189,에이치디씨현대산업개발(주),1101116740008,
20200623,1101111635189,에이치디씨현대이피(주),1650110006768,
20200623,1101111635189,북항아이브리지(주),1801110560979,
20200623,1101111653389,(주)심팩,1201110002189,
20200623,1101111653389,(주)심팩인더스트리,1201110012451,
20200623,1101111655393,(주)엘지,1101110003543,
20200623,1101111655393,(주)엘지상사,1101110004632,
20200623,1101111655393,엘지이노텍(주),1101110192180,
20200623,1101111655393,(주)판토스,1101110208127,
20200623,1101111655393,엘지디스플레이(주),1101110393134,
20200623,1101111655393,(주)엘지헬로비전,1101111144297,
20200623,1101111655393,(주)엘지유플러스,1101111296676,
20200623,1101111655393,LG전자(주),1101112487050,
20200623,1101111655393,(주)엘지하우시스,1101114071207,
20200623,1101111655393,(주)하이프라자,1311110028801,
20200623,1101111655393,우지막코리아주식회사,1545110032401,
20200623,1101111659105,다우기술(주),1101110414758,
20200623,1101111659105,(주)키다리스튜디오,1101110539382,
20200623,1101111659105,(주)다우데이타,1101110863484,
20200623,1101111659105,(주)키움이앤에스,1101111719397,
20200623,1101111659105,키움증권(주),1101111867948,
20200623,1101111659105,(주)이머니,1101112797342,
20200623,1101111659105,(주)사람인에이치알,1101113318387,
20200623,1101111659105,(주)와이즈버즈,1101115138022,
20200623,1101111659105,(주)동부고속,1101116477007,
20200623,1101111659105,키움캐피탈(주),1101116837772,
20200623,1101111673220,씨제이대한통운(주),1101110006167,
20200623,1101111673220,(주)원지,1101110077605,
20200623,1101111673220,삼해상사(주),1101110225254,
20200623,1101111673220,한국복합물류(주),1101110853576,
20200623,1101111673220,"CJ ENM CO., LTD.",1101111109134,
20200623,1101111673220,씨제이올리브네트웍스(주),1101111138498,
20200623,1101111673220,CJ제일제당(주),1101113748253,
20200623,1101111673220,씨제이올리브영(주),1101117283974,
20200623,1101111673220,씨제이포디플렉스(주),1601110287527,
20200623,1101111673220,씨제이프레시웨이(주),1801110083442,
20200623,1101111680663,국양로지텍(주),1101111618325,
20200623,1101111680663,(주)한성라인,1101112878134,
20200623,1101111680663,장금마리타임(주),1101113997826,
20200623,1101111680663,시노코탱커(주),1101114389022,
20200623,1101111680663,시노코페트로케미컬(주),1101114547034,
20200623,1101111710527,미래에셋대우(주),1101110011679,
20200623,1101111710527,멀티에셋자산운용(주),1101111271115,
20200623,1101111710527,미래에셋생명보험(주),1601110014483,
20200623,1101111710527,미래에셋캐피탈(주),2001110076179,
20200623,1101111717391,세운철강(주),1801110030261,
20200623,1101111719397,다우기술(주),1101110414758,
20200623,1101111719397,(주)키다리스튜디오,1101110539382,
20200623,1101111719397,(주)다우데이타,1101110863484,
20200623,1101111719397,키움인베스트먼트(주),1101111659105,
20200623,1101111719397,키움증권(주),1101111867948,
20200623,1101111719397,(주)이머니,1101112797342,
20200623,1101111719397,(주)사람인에이치알,1101113318387,
20200623,1101111719397,(주)와이즈버즈,1101115138022,
20200623,1101111719397,(주)동부고속,1101116477007,
20200623,1101111719397,키움캐피탈(주),1101116837772,
20200623,1101111720633,별내에너지(주),1101113802546,
20200623,1101111720633,(주)대륜발전,1101114247676,
20200623,1101111720659,(주)흥아,1801110108711,
20200623,1101111764730,중앙일보(주),1101110051493,
20200623,1101111764730,휘닉스중앙(주),1101110357445,
20200623,1101111764730,메가박스중앙(주),1101111809403,
20200623,1101111764730,제이티비씨(주),1101114560268,
20200623,1101111764730,휘닉스중앙제주(주),2241110012935,
20200623,1101111775365,(주)에이치디씨아이파크몰,1101111635189,
20200623,1101111775365,에이치디씨아이앤콘스(주),1101111886071,
20200623,1101111775365,부산컨테이너터미널(주),1101115031648,
20200623,1101111775365,에이치디씨현대산업개발(주),1101116740008,
20200623,1101111775365,에이치디씨현대이피(주),1650110006768,
20200623,1101111775365,북항아이브리지(주),1801110560979,
20200623,1101111799183,케이지동부제철(주),1101110393308,
20200623,1101111799183,(주)케이지제로인,1101111269540,
20200623,1101111799183,(주)케이지이니시스,1101111602667,
20200623,1101111799183,이데일리(주),1101111853608,
20200623,1101111799183,(주)케이지모빌리언스,1101111911050,
20200623,1101111799183,(주)케이지에듀원,1101111959183,
20200623,1101111799183,케이지케미칼(주),1243110008999,
20200623,1101111799183,(주)케이지써닝라이프,1345110166296,
20200623,1101111799183,(주)케이지에너켐,1943110030550,
20200623,1101111801277,(주)삼라,1101110002834,
20200623,1101111801277,대한해운(주),1101110008212,
20200623,1101111801277,경남기업(주),1101110008262,
20200623,1101111801277,삼환기업(주),1101110020307,
20200623,1101111801277,대한상선(주),1101110356140,
20200623,1101111801277,(주)티케이케미칼,1101113783457,
20200623,1101111801277,에스엠스틸(주),1243110028914,
20200623,1101111801277,에스엠하이플러스(주),1311110191187,
20200623,1101111801277,에스엠중공업(주),1351110040869,
20200623,1101111801277,한덕철광산업(주),1449110003109,
20200623,1101111801277,(주)남선알미늄,1701110005042,
20200623,1101111801277,에스엠인더스트리(주),1846110007779,
20200623,1101111807910,모트렉스(주),1101112341850,
20200623,1101111807910,(주)아이노즈,1101115820596,
20200623,1101111809403,중앙일보(주),1101110051493,
20200623,1101111809403,휘닉스중앙(주),1101110357445,
20200623,1101111809403,제이티비씨스튜디오(주),1101111764730,
20200623,1101111809403,제이티비씨(주),1101114560268,
20200623,1101111809403,휘닉스중앙제주(주),2241110012935,
20200623,1101111827570,에스앤케이항공(주),1954110012224,
20200623,1101111829576,포스코 ICT(주),1101110658637,
20200623,1101111829576,(주)포스코인터내셔널,1101112137358,
20200623,1101111829576,삼척블루파워(주),1101114722438,
20200623,1101111829576,(주)포스코건설,1746110002979,
20200623,1101111829576,(주)포스코에이앤씨건축사사무소,1746110003448,
20200623,1101111829576,포스코강판(주),1746110006492,
20200623,1101111829576,포스코기술투자(주),1746110029080,
20200623,1101111829576,(주)부산이앤이,1801110721109,
20200623,1101111829576,(주)포스코플랜텍,1812110010898,
20200623,1101111829576,(주)에스엔엔씨,2046110023415,
20200623,1101111829576,(주)피엠씨텍,2046110038977,
20200623,1101111848980,나이스평가정보(주),1101110393283,
20200623,1101111848980,(주)나이스홀딩스,1101110505614,
20200623,1101111848980,케이아이에스정보통신(주),1101110898241,
20200623,1101111848980,나이스씨엠에스(주),1101113956252,
20200623,1101111848980,나이스페이먼츠(주),1101116137809,
20200623,1101111848980,서울전자통신(주),1243110009781,
20200623,1101111848980,(주)아이티엠반도체,1311110046639,
20200623,1101111848980,(주)나이스엘엠에스,1348110034942,
20200623,1101111848980,에스투비네트워크(주),1701110270108,
20200623,1101111849524,하이트진로홀딩스(주),1101110013766,
20200623,1101111849524,하이트진로(주),1101110028591,
20200623,1101111849524,하이트진로음료(주),1101113436634,
20200623,1101111849524,하이트진로산업(주),1341110002662,
20200623,1101111853608,케이지동부제철(주),1101110393308,
20200623,1101111853608,(주)케이지제로인,1101111269540,
20200623,1101111853608,(주)케이지이니시스,1101111602667,
20200623,1101111853608,케이지이티에스(주),1101111799183,
20200623,1101111853608,(주)케이지모빌리언스,1101111911050,
20200623,1101111853608,(주)케이지에듀원,1101111959183,
20200623,1101111853608,케이지케미칼(주),1243110008999,
20200623,1101111853608,(주)케이지써닝라이프,1345110166296,
20200623,1101111853608,(주)케이지에너켐,1943110030550,
20200623,1101111862592,(주)캘리스코,1101114191055,
20200623,1101111867948,다우기술(주),1101110414758,
20200623,1101111867948,(주)키다리스튜디오,1101110539382,
20200623,1101111867948,(주)다우데이타,1101110863484,
20200623,1101111867948,키움인베스트먼트(주),1101111659105,
20200623,1101111867948,(주)키움이앤에스,1101111719397,
20200623,1101111867948,(주)이머니,1101112797342,
20200623,1101111867948,(주)사람인에이치알,1101113318387,
20200623,1101111867948,(주)와이즈버즈,1101115138022,
20200623,1101111867948,(주)동부고속,1101116477007,
20200623,1101111867948,키움캐피탈(주),1101116837772,
20200623,1101111871072,매일홀딩스(주),1101110099609,
20200623,1101111871072,엠즈씨드(주),1101115149904,
20200623,1101111871072,매일유업(주),1101116390770,
20200623,1101111871072,엠즈푸드시스템(주),1313110123714,
20200623,1101111873432,에스케이건설(주),1101110038805,
20200623,1101111873432,SK가스(주),1101110413247,
20200623,1101111873432,에스케이렌터카(주),1101110577233,
20200623,1101111873432,에스케이(주),1101110769583,
20200623,1101111873432,에스케이바이오랜드(주),1101111192981,
20200623,1101111873432,에스케이브로드밴드(주),1101111466659,
20200623,1101111873432,에스케이텔링크(주),1101111533599,
20200623,1101111873432,에스케이디앤디(주),1101113001685,
20200623,1101111873432,울산아로마틱스(주),1101114499954,
20200623,1101111873432,에스케이에너지(주),1101114505967,
20200623,1101111873432,에스케이종합화학(주),1101114505975,
20200623,1101111873432,에스케이바이오팜(주),1101114570720,
20200623,1101111873432,나래에너지서비스(주),1101114926006,
20200623,1101111873432,에스케이매직(주),1101115125962,
20200623,1101111873432,라이프앤시큐리티홀딩스(주),1101115371408,
20200623,1101111873432,에스케이넥실리스,1101116480232,
20200623,1101111873432,SK인천석유화학(주),1201110666464,
20200623,1101111873432,SKC(주),1301110001585,
20200623,1101111873432,SK네트웍스(주),1301110005199,
20200623,1101111873432,에스케이케미칼(주),1311110501021,
20200623,1101111873432,(주)에스케이하이닉스,1344110001387,
20200623,1101111873432,에스케이씨솔믹스(주),1347110014631,
20200623,1101111873432,유빈스(주),1351110077367,
20200623,1101111873432,SK네트웍스서비스(주),1358110141788,
20200623,1101111873432,강원도시가스(주),1401110002010,
20200623,1101111873432,충청에너지서비스(주),1501110006200,
20200623,1101111873432,에스케이바이오텍(주),1601110395453,
20200623,1101111873432,보령엘엔지터미널(주),1645110021527,
20200623,1101111873432,울산지피에스(주),1650110035072,
20200623,1101111873432,당진에코파워,1650110069097,
20200623,1101111873432,에스케이실트론(주),1753110001348,
20200623,1101111873432,에스케이쇼와덴코(주),1756110018553,
20200623,1101111873432,에스케이머티리얼즈(주),1901110006971,
20200623,1101111873432,에스케이에어가스(주),2301110134111,
20200623,1101111873432,미쓰이케미칼앤드에스케이씨폴리우레탄(주),2301110233880,
20200623,1101111874654,에이제이오토파킹시스템즈(주),1101110870950,
20200623,1101111874654,에이제이전시몰(주),1101113715476,
20200623,1101111874654,에이제이토탈(주),1101113851965,
20200623,1101111874654,에이제이캐피탈파트너스(주),1345110115475,
20200623,1101111874654,에이제이파크(주),2850110135512,
20200623,1101111886071,(주)에이치디씨아이파크몰,1101111635189,
20200623,1101111886071,에이치디씨아이콘트롤스(주),1101111775365,
20200623,1101111886071,부산컨테이너터미널(주),1101115031648,
20200623,1101111886071,에이치디씨현대산업개발(주),1101116740008,
20200623,1101111886071,에이치디씨현대이피(주),1650110006768,
20200623,1101111886071,북항아이브리지(주),1801110560979,
20200623,1101111898159,코웰패션(주),1101110166127,
20200623,1101111898159,(주)디에이피,1244110006602,
20200623,1101111898159,(주)케이브랜즈,1311110359595,
20200623,1101111898159,씨에프에이(주),1311110369370,
20200623,1101111898159,(주)모다이노칩,1355110106027,
20200623,1101111902786,(주)코오롱,1101110030528,
20200623,1101111902786,코오롱글로벌(주),1101110036502,
20200623,1101111902786,코오롱제약(주),1101110256259,
20200623,1101111902786,코오롱글로텍(주),1101110524838,
20200623,1101111902786,코오롱생명과학(주),1101111948277,
20200623,1101111902786,코오롱이엔지니어링(주),1311110057610,
20200623,1101111902786,코오롱데크컴퍼지트(주),1345110055689,
20200623,1101111902786,코오롱베니트(주),1353110003920,
20200623,1101111902786,코오롱환경에너지(주),1353110005893,
20200623,1101111902786,코오롱머티리얼(주),1353110011139,
20200623,1101111902786,코오롱인더스트리(주),1353110013606,
20200623,1101111902786,그린나래(주),1615110078133,
20200623,1101111902786,코오롱플라스틱(주),1713110003504,
20200623,1101111902786,코오롱바스프이노폼(주),1713110030747,
20200623,1101111911050,케이지동부제철(주),1101110393308,
20200623,1101111911050,(주)케이지제로인,1101111269540,
20200623,1101111911050,(주)케이지이니시스,1101111602667,
20200623,1101111911050,케이지이티에스(주),1101111799183,
20200623,1101111911050,이데일리(주),1101111853608,
20200623,1101111911050,(주)케이지에듀원,1101111959183,
20200623,1101111911050,케이지케미칼(주),1243110008999,
20200623,1101111911050,(주)케이지써닝라이프,1345110166296,
20200623,1101111911050,(주)케이지에너켐,1943110030550,
20200623,1101111929102,현대건설(주),1101110007909,
20200623,1101111929102,기아자동차(주),1101110037998,
20200623,1101111929102,현대비앤지스틸(주),1101110065395,
20200623,1101111929102,현대자동차(주),1101110085450,
20200623,1101111929102,현대모비스(주),1101110215536,
20200623,1101111929102,현대카드(주),1101110377203,
20200623,1101111929102,현대캐피탈(주),1101110995378,
20200623,1101111929102,현대엔지니어링(주),1101112153015,
20200623,1101111929102,현대글로비스(주),1101112177388,
20200623,1101111929102,현대커머셜(주),1101113646697,
20200623,1101111929102,현대종합특수강(주),1101114505595,
20200623,1101111929102,현대제철(주),1201110001743,
20200623,1101111929102,(주)지아이티,1311110028900,
20200623,1101111929102,현대오트론(주),1341110134001,
20200623,1101111929102,에이치엘그린파워(주),1352110027542,
20200623,1101111929102,현대트랜시스(주),1614110008562,
20200623,1101111929102,현대에코에너지(주),1614110040506,
20200623,1101111929102,그린에어(주),1650110026005,
20200623,1101111929102,현대로템(주),1942110036336,
20200623,1101111929417,(주)풀무원,1101110375439,
20200623,1101111929417,(주)풀무원푸드앤컬처,1101111174591,
20200623,1101111929417,엑소후레쉬물류(주),1348110034702,
20200623,1101111929417,(주)피피이씨춘천,1401110023884,
20200623,1101111929417,(주)풀무원녹즙,1544110016762,
20200623,1101111929417,(주)피피이씨음성생면,1545110025175,
20200623,1101111929417,(주)피피이씨음성나물,1545110025183,
20200623,1101111929417,풀무원식품(주),1545110039324,
20200623,1101111929954,엘아이지넥스원(주),1101111516933,
20200623,1101111929954,인베니아(주),1348110056871,
20200623,1101111948277,(주)코오롱,1101110030528,
20200623,1101111948277,코오롱글로벌(주),1101110036502,
20200623,1101111948277,코오롱제약(주),1101110256259,
20200623,1101111948277,코오롱글로텍(주),1101110524838,
20200623,1101111948277,(주)코오롱인베스트먼트,1101111902786,
20200623,1101111948277,코오롱이엔지니어링(주),1311110057610,
20200623,1101111948277,코오롱데크컴퍼지트(주),1345110055689,
20200623,1101111948277,코오롱베니트(주),1353110003920,
20200623,1101111948277,코오롱환경에너지(주),1353110005893,
20200623,1101111948277,코오롱머티리얼(주),1353110011139,
20200623,1101111948277,코오롱인더스트리(주),1353110013606,
20200623,1101111948277,그린나래(주),1615110078133,
20200623,1101111948277,코오롱플라스틱(주),1713110003504,
20200623,1101111948277,코오롱바스프이노폼(주),1713110030747,
20200623,1101111959183,케이지동부제철(주),1101110393308,
20200623,1101111959183,(주)케이지제로인,1101111269540,
20200623,1101111959183,(주)케이지이니시스,1101111602667,
20200623,1101111959183,케이지이티에스(주),1101111799183,
20200623,1101111959183,이데일리(주),1101111853608,
20200623,1101111959183,(주)케이지모빌리언스,1101111911050,
20200623,1101111959183,케이지케미칼(주),1243110008999,
20200623,1101111959183,(주)케이지써닝라이프,1345110166296,
20200623,1101111959183,(주)케이지에너켐,1943110030550,
20200623,1101111982473,(주)동양,1101110005333,
20200623,1101111982473,유진기업(주),1101110376148,
20200623,1101111982473,(주)에스비씨리니어,1101110647599,
20200623,1101111982473,한국통운(주),1312110007928,
20200623,1101111982473,천안기업(주),1615110019434,
20200623,1101111982473,한국특수형강(주),1801110015362,
20200623,1101111982473,현대개발(주),2054110009963,
20200623,1101111982473,동화기업(주),2059110009632,
20200623,1101111982473,이순산업(주),2844110060415,
20200623,1101111995723,(주)셀트리온제약,1101112112764,
20200623,1101111995723,(주)셀트리온,1350110034038,
20200623,1101112071481,폴라리스쉬핑(주),1101113047754,
20200623,1101112095837,신한중공업(주),1812110012208,
20200623,1101112095837,삼우중공업(주),2046110025990,
20200623,1101112095837,대한조선(주),2047110003887,
20200623,1101112098295,한미정밀화학(주),1311110005106,
20200623,1101112098295,한미사이언스(주),1348110003187,
20200623,1101112098295,한미약품(주),1348110197550,
20200623,1101112101816,동원산업(주),1101110003098,
20200623,1101112101816,(주)동원엔터프라이즈,1101112217572,
20200623,1101112101816,동원팜스(주),1101113809138,
20200623,1101112101816,(주)테크팩솔루션,1101114004787,
20200623,1101112101816,동원로엑스(주),1101114505769,
20200623,1101112101816,동원건설산업(주),1311110330941,
20200623,1101112101816,동원시스템즈(주),1341110011712,
20200623,1101112101816,(주)동원홈푸드,1615110022122,
20200623,1101112101816,동원로엑스냉장(주),1801110985002,
20200623,1101112112764,(주)셀트리온스킨큐어,1101111995723,
20200623,1101112112764,(주)셀트리온,1350110034038,
20200623,1101112137358,포스코 ICT(주),1101110658637,
20200623,1101112137358,포스코에너지(주),1101111829576,
20200623,1101112137358,삼척블루파워(주),1101114722438,
20200623,1101112137358,(주)포스코건설,1746110002979,
20200623,1101112137358,(주)포스코에이앤씨건축사사무소,1746110003448,
20200623,1101112137358,포스코강판(주),1746110006492,
20200623,1101112137358,포스코기술투자(주),1746110029080,
20200623,1101112137358,(주)부산이앤이,1801110721109,
20200623,1101112137358,(주)포스코플랜텍,1812110010898,
20200623,1101112137358,(주)에스엔엔씨,2046110023415,
20200623,1101112137358,(주)피엠씨텍,2046110038977,
20200623,1101112137895,천마산터널(주),1101114380096,
20200623,1101112137895,(주)대우에스티,1543110016706,
20200623,1101112137895,포천민자발전(주),2844110072163,
20200623,1101112149890,에스파워(주),1311110363562,
20200623,1101112149890,에스퓨얼셀(주),1311110367986,
20200623,1101112153015,현대건설(주),1101110007909,
20200623,1101112153015,기아자동차(주),1101110037998,
20200623,1101112153015,현대비앤지스틸(주),1101110065395,
20200623,1101112153015,현대자동차(주),1101110085450,
20200623,1101112153015,현대모비스(주),1101110215536,
20200623,1101112153015,현대카드(주),1101110377203,
20200623,1101112153015,현대캐피탈(주),1101110995378,
20200623,1101112153015,현대첨단소재(주),1101111929102,
20200623,1101112153015,현대글로비스(주),1101112177388,
20200623,1101112153015,현대커머셜(주),1101113646697,
20200623,1101112153015,현대종합특수강(주),1101114505595,
20200623,1101112153015,현대제철(주),1201110001743,
20200623,1101112153015,(주)지아이티,1311110028900,
20200623,1101112153015,현대오트론(주),1341110134001,
20200623,1101112153015,에이치엘그린파워(주),1352110027542,
20200623,1101112153015,현대트랜시스(주),1614110008562,
20200623,1101112153015,현대에코에너지(주),1614110040506,
20200623,1101112153015,그린에어(주),1650110026005,
20200623,1101112153015,현대로템(주),1942110036336,
20200623,1101112177388,현대건설(주),1101110007909,
20200623,1101112177388,기아자동차(주),1101110037998,
20200623,1101112177388,현대비앤지스틸(주),1101110065395,
20200623,1101112177388,현대자동차(주),1101110085450,
20200623,1101112177388,현대모비스(주),1101110215536,
20200623,1101112177388,현대카드(주),1101110377203,
20200623,1101112177388,현대캐피탈(주),1101110995378,
20200623,1101112177388,현대첨단소재(주),1101111929102,
20200623,1101112177388,현대엔지니어링(주),1101112153015,
20200623,1101112177388,현대커머셜(주),1101113646697,
20200623,1101112177388,현대종합특수강(주),1101114505595,
20200623,1101112177388,현대제철(주),1201110001743,
20200623,1101112177388,(주)지아이티,1311110028900,
20200623,1101112177388,현대오트론(주),1341110134001,
20200623,1101112177388,에이치엘그린파워(주),1352110027542,
20200623,1101112177388,현대트랜시스(주),1614110008562,
20200623,1101112177388,현대에코에너지(주),1614110040506,
20200623,1101112177388,그린에어(주),1650110026005,
20200623,1101112177388,현대로템(주),1942110036336,
20200623,1101112196304,(주)엠디엠,1101111537385,
20200623,1101112196304,(주)엠디엠플러스,1101112638752,
20200623,1101112196304,한국자산캐피탈(주),1101114861799,
20200623,1101112207127,한국남부발전(주),1101112207135,
20200623,1101112207127,한국서부발전(주),1101112207177,
20200623,1101112207127,한국전력공사,1146710001456,
20200623,1101112207127,경기그린에너지(주),1348110229816,
20200623,1101112207127,한전원자력연료(주),1601110006068,
20200623,1101112207135,한국수력원자력(주),1101112207127,
20200623,1101112207135,한국서부발전(주),1101112207177,
20200623,1101112207135,한국전력공사,1146710001456,
20200623,1101112207135,경기그린에너지(주),1348110229816,
20200623,1101112207135,한전원자력연료(주),1601110006068,
20200623,1101112207177,한국수력원자력(주),1101112207127,
20200623,1101112207177,한국남부발전(주),1101112207135,
20200623,1101112207177,한국전력공사,1146710001456,
20200623,1101112207177,경기그린에너지(주),1348110229816,
20200623,1101112207177,한전원자력연료(주),1601110006068,
20200623,1101112217572,동원산업(주),1101110003098,
20200623,1101112217572,(주)동원에프앤비,1101112101816,
20200623,1101112217572,동원팜스(주),1101113809138,
20200623,1101112217572,(주)테크팩솔루션,1101114004787,
20200623,1101112217572,동원로엑스(주),1101114505769,
20200623,1101112217572,동원건설산업(주),1311110330941,
20200623,1101112217572,동원시스템즈(주),1341110011712,
20200623,1101112217572,(주)동원홈푸드,1615110022122,
20200623,1101112217572,동원로엑스냉장(주),1801110985002,
20200623,1101112240169,(주)한진,1101110003668,
20200623,1101112240169,(주)대한항공,1101110108484,
20200623,1101112240169,한진칼(주),1101115197193,
20200623,1101112240169,(주)진에어,1201110454976,
20200623,1101112240169,(주)왕산레저개발,1201110587462,
20200623,1101112240169,한진인천컨테이너터미널(주),1201110730821,
20200623,1101112240169,평택컨테이너터미날(주),1313110054589,
20200623,1101112248882,(주)에버다임,1101111042574,
20200623,1101112248882,(주)현대백화점,1101112644725,
20200623,1101112248882,(주)현대엘앤씨,1101115453644,
20200623,1101112262527,팬오션(주),1101110004286,
20200623,1101112262527,농업회사법인(주)순우리한우,1101112322058,
20200623,1101112262527,(주)참트레이딩,1101114292481,
20200623,1101112262527,(주)에코캐피탈,1101114338326,
20200623,1101112262527,한강씨엠(주),1115110019393,
20200623,1101112262527,(주)올품,1311110037852,
20200623,1101112262527,(주)팜스코,1311110042950,
20200623,1101112262527,(주)하림산업,1311110303477,
20200623,1101112262527,(주)선진한마을,1344110013093,
20200623,1101112262527,(주)선진에프에스,1344110028539,
20200623,1101112262527,(주)선진,1344110046664,
20200623,1101112262527,(주)농업회사법인팜스코바이오인티,1344110058817,
20200623,1101112262527,(주)선진햄,1345110029056,
20200623,1101112262527,(주)하림지주,1601110003931,
20200623,1101112262527,(주)농업회사법인주원산오리,1601110135453,
20200623,1101112262527,제일사료(주),1601110291544,
20200623,1101112262527,(주)하림,2149110034430,
20200623,1101112262527,(주)애그리로보텍,2850110161202,
20200623,1101112271510,케이티링커스(주),1101110585393,
20200623,1101112271510,(주)케이티,1101111468754,
20200623,1101112271510,(주)케이티엠하우스,1101113122291,
20200623,1101112271510,케이티텔레캅(주),1101113563023,
20200623,1101112271510,(주)케이티에스테이트,1101114404903,
20200623,1101112271510,(주)케이티엠모바일,1101115684512,
20200623,1101112271510,(주)케이티서브마린,1801110181428,
20200623,1101112276809,(주)세아네트웍스,1101110862519,
20200623,1101112276809,(주)세아제강,1101116860640,
20200623,1101112276809,(주)세아엘앤에스,1511110000847,
20200623,1101112276809,세아특수강(주),1746110005478,
20200623,1101112276809,(주)세아창원특수강,1942110025248,
20200623,1101112276809,(주)세아메탈,1943110003292,
20200623,1101112276809,(주)세아씨엠,2111110050667,
20200623,1101112286254,한세엠케이(주),1101111144073,
20200623,1101112286254,칼라앤터치(주),1101115346005,
20200623,1101112286254,한세예스이십사홀딩스(주),1201110019382,
20200623,1101112286254,한세실업(주),1201110484303,
20200623,1101112299893,(주)성우하이텍,1801110042612,
20200623,1101112299893,(주)아이존,1801110295336,
20200623,1101112303826,(주)이수화학,1101110008600,
20200623,1101112303826,(주)이수페타시스,1101110186638,
20200623,1101112303826,이수건설(주),1101110202202,
20200623,1101112303826,(주)이수시스템,1101111304643,
20200623,1101112303826,(주)이수,1101112833451,
20200623,1101112303826,(주)이수엑사보드,1314110161035,
20200623,1101112303826,토다이수(주),1412110043623,
20200623,1101112322058,팬오션(주),1101110004286,
20200623,1101112322058,(주)엔에스쇼핑,1101112262527,
20200623,1101112322058,(주)참트레이딩,1101114292481,
20200623,1101112322058,(주)에코캐피탈,1101114338326,
20200623,1101112322058,한강씨엠(주),1115110019393,
20200623,1101112322058,(주)올품,1311110037852,
20200623,1101112322058,(주)팜스코,1311110042950,
20200623,1101112322058,(주)하림산업,1311110303477,
20200623,1101112322058,(주)선진한마을,1344110013093,
20200623,1101112322058,(주)선진에프에스,1344110028539,
20200623,1101112322058,(주)선진,1344110046664,
20200623,1101112322058,(주)농업회사법인팜스코바이오인티,1344110058817,
20200623,1101112322058,(주)선진햄,1345110029056,
20200623,1101112322058,(주)하림지주,1601110003931,
20200623,1101112322058,(주)농업회사법인주원산오리,1601110135453,
20200623,1101112322058,제일사료(주),1601110291544,
20200623,1101112322058,(주)하림,2149110034430,
20200623,1101112322058,(주)애그리로보텍,2850110161202,
20200623,1101112322438,(주)신한은행,1101110012809,
20200623,1101112322438,신한카드(주),1101110412926,
20200623,1101112322438,신한캐피탈(주),1350110034400,
20200623,1101112323858,한국컨테이너풀(주),1101111344251,
20200623,1101112323858,한국로지스풀(주),1101112539033,
20200623,1101112323858,에코로지스(주),1101113441865,
20200623,1101112323858,한국파렛트풀(주),1101116505098,
20200623,1101112324252,(주)대원,1501110003058,
20200623,1101112341850,전진중공업(주),1101111807910,
20200623,1101112341850,(주)아이노즈,1101115820596,
20200623,1101112359837,(주)엘에프네트웍스,1101110726872,
20200623,1101112359837,(주)파스텔세상,1101113268178,
20200623,1101112359837,(주)엘에프,1101113555187,
20200623,1101112359837,(주)엘에프푸드,1101113782087,
20200623,1101112359837,(주)트라이본즈,1101113824897,
20200623,1101112365321,(주)케이비국민카드,1101114546523,
20200623,1101112365321,케이비캐피탈(주),1301110013499,
20200623,1101112371609,호전실업(주),1101110393457,
20200623,1101112373308,(주)종근당,1101115260669,
20200623,1101112373308,종근당건강(주),1350110049540,
20200623,1101112373308,(주)경보제약,1648110001961,
20200623,1101112376815,대신증권(주),1101110042955,
20200623,1101112407470,코스맥스(주),1348110294273,
20200623,1101112426264,(주)케이피티유,1350110047883,
20200623,1101112426264,(주)알루텍,1542110007492,
20200623,1101112426264,(주)알루코,1601110002313,
20200623,1101112487050,(주)엘지,1101110003543,
20200623,1101112487050,(주)엘지상사,1101110004632,
20200623,1101112487050,엘지이노텍(주),1101110192180,
20200623,1101112487050,(주)판토스,1101110208127,
20200623,1101112487050,엘지디스플레이(주),1101110393134,
20200623,1101112487050,(주)엘지헬로비전,1101111144297,
20200623,1101112487050,(주)엘지유플러스,1101111296676,
20200623,1101112487050,(주)로보스타,1101111655393,
20200623,1101112487050,(주)엘지하우시스,1101114071207,
20200623,1101112487050,(주)하이프라자,1311110028801,
20200623,1101112487050,우지막코리아주식회사,1545110032401,
20200623,1101112507551,(주)형지에스콰이아,1101110007404,
20200623,1101112507551,패션그룹형지(주),1101111588221,
20200623,1101112533910,(주)영남지오영,1746110000965,
20200623,1101112533910,(주)제주지오영,2201110057232,
20200623,1101112539033,한국컨테이너풀(주),1101111344251,
20200623,1101112539033,(주)한국풀네트웍,1101112323858,
20200623,1101112539033,에코로지스(주),1101113441865,
20200623,1101112539033,한국파렛트풀(주),1101116505098,
20200623,1101112558405,(주)한화,1101110002959,
20200623,1101112558405,한화투자증권(주),1101110003155,
20200623,1101112558405,(주)한화갤러리아,1101110202989,
20200623,1101112558405,한화호텔앤드리조트(주),1101110249709,
20200623,1101112558405,한화솔루션(주),1101110360935,
20200623,1101112558405,한화에너지(주),1101113807223,
20200623,1101112558405,(주)제주해양과학관,1101114143577,
20200623,1101112558405,(주)한화도시개발,1101114231596,
20200623,1101112558405,한화테크윈(주),1311110514404,
20200623,1101112558405,(주)한화갤러리아타임월드,1601110003410,
20200623,1101112558405,한화종합화학(주),1614110001243,
20200623,1101112558405,한화토탈(주),1614110013066,
20200623,1101112558405,(주)서산테크노밸리,1614110017852,
20200623,1101112558405,한화시스템(주),1760110020640,
20200623,1101112558405,한화에어로스페이스(주),1942110000480,
20200623,1101112558405,한화디펜스(주),1942110273300,
20200623,1101112558405,한화파워시스템(주),1942110273318,
20200623,1101112558405,한화정밀기계(주),1942110273326,
20200623,1101112576043,(주)한미석유,1301110021757,
20200623,1101112611906,(주)정산애강,1545110001571,
20200623,1101112611906,(주)정산인터내셔널,1801110886979,
20200623,1101112611906,태광실업(주),1846110000533,
20200623,1101112621286,(주)체리부로,1543110001997,
20200623,1101112621286,(주)농업회사법인한국원종,1645110015744,
20200623,1101112621286,(주)체리푸드,1748110001208,
20200623,1101112638752,(주)엠디엠,1101111537385,
20200623,1101112638752,한국자산신탁(주),1101112196304,
20200623,1101112638752,한국자산캐피탈(주),1101114861799,
20200623,1101112644725,(주)에버다임,1101111042574,
20200623,1101112644725,(주)현대홈쇼핑,1101112248882,
20200623,1101112644725,(주)현대엘앤씨,1101115453644,
20200623,1101112770851,(주)동방,1101110124521,
20200623,1101112770851,광양선박(주),2046110000497,
20200623,1101112797342,다우기술(주),1101110414758,
20200623,1101112797342,(주)키다리스튜디오,1101110539382,
20200623,1101112797342,(주)다우데이타,1101110863484,
20200623,1101112797342,키움인베스트먼트(주),1101111659105,
20200623,1101112797342,(주)키움이앤에스,1101111719397,
20200623,1101112797342,키움증권(주),1101111867948,
20200623,1101112797342,(주)사람인에이치알,1101113318387,
20200623,1101112797342,(주)와이즈버즈,1101115138022,
20200623,1101112797342,(주)동부고속,1101116477007,
20200623,1101112797342,키움캐피탈(주),1101116837772,
20200623,1101112805004,S-OIL(주),1101110189955,
20200623,1101112833451,(주)이수화학,1101110008600,
20200623,1101112833451,(주)이수페타시스,1101110186638,
20200623,1101112833451,이수건설(주),1101110202202,
20200623,1101112833451,(주)이수시스템,1101111304643,
20200623,1101112833451,(주)이수엑사켐,1101112303826,
20200623,1101112833451,(주)이수엑사보드,1314110161035,
20200623,1101112833451,토다이수(주),1412110043623,
20200623,1101112833584,(주)녹십자,1101110109854,
20200623,1101112833584,(주)녹십자셀,1101110889985,
20200623,1101112833584,(주)녹십자홀딩스,1345110000014,
20200623,1101112833584,(주)녹십자엠에스,1345110076627,
20200623,1101112833584,(주)녹십자웰빙,1345110083218,
20200623,1101112833584,(주)녹십자랩셀,1345110172532,
20200623,1101112833584,(주)녹십자지놈,1345110215100,
20200623,1101112833584,농업회사법인인백팜(주),2052110026721,
20200623,1101112874041,하이호경금속(주),2111110023284,
20200623,1101112874041,(주)칼링크,2148110005657,
20200623,1101112875479,진흥기업(주),1101110006349,
20200623,1101112875479,(주)효성,1101110030497,
20200623,1101112875479,효성티앤에스(주),1101110511546,
20200623,1101112875479,효성굿스프링스(주),1101110653653,
20200623,1101112875479,효성아이티엑스(주),1101111412256,
20200623,1101112875479,효성캐피탈(주),1101111419286,
20200623,1101112875479,(주)에프엠케이,1101113690032,
20200623,1101112875479,갤럭시아코퍼레이션(주),1101114762963,
20200623,1101112875479,효성티앤씨(주),1101116770138,
20200623,1101112875479,효성중공업(주),1101116770154,
20200623,1101112875479,효성첨단소재(주),1101116770170,
20200623,1101112875479,효성화학(주),1101116770188,
20200623,1101112875479,신화인터텍(주),1348110011677,
20200623,1101112875479,신성자동차(주),2001110114797,
20200623,1101112878134,국양로지텍(주),1101111618325,
20200623,1101112878134,장금상선(주),1101111680663,
20200623,1101112878134,장금마리타임(주),1101113997826,
20200623,1101112878134,시노코탱커(주),1101114389022,
20200623,1101112878134,시노코페트로케미컬(주),1101114547034,
